scoring_population	base_sample_id	projection_role	final_module_id	final_module_label	final_module_direction	gsva_score
main_all_projected_reference	Control_01	secondary_control_context	BACT_M1	Bacterial-higher cytoplasmic translation and ribosomal protein programme	higher_in_bacterial	0.447520580704648
main_all_projected_reference	Control_02	secondary_control_context	BACT_M1	Bacterial-higher cytoplasmic translation and ribosomal protein programme	higher_in_bacterial	-0.657297196028222
main_all_projected_reference	Control_03	secondary_control_context	BACT_M1	Bacterial-higher cytoplasmic translation and ribosomal protein programme	higher_in_bacterial	0.716135224608028
main_all_projected_reference	Control_04	secondary_control_context	BACT_M1	Bacterial-higher cytoplasmic translation and ribosomal protein programme	higher_in_bacterial	0.128081304898199
main_all_projected_reference	Control_05	secondary_control_context	BACT_M1	Bacterial-higher cytoplasmic translation and ribosomal protein programme	higher_in_bacterial	0.551224133870042
main_all_projected_reference	Control_06	secondary_control_context	BACT_M1	Bacterial-higher cytoplasmic translation and ribosomal protein programme	higher_in_bacterial	0.230303952959972
main_all_projected_reference	Control_07	secondary_control_context	BACT_M1	Bacterial-higher cytoplasmic translation and ribosomal protein programme	higher_in_bacterial	0.0213714387095815
main_all_projected_reference	Control_08	secondary_control_context	BACT_M1	Bacterial-higher cytoplasmic translation and ribosomal protein programme	higher_in_bacterial	-0.246166238936434
main_all_projected_reference	Control_09	secondary_control_context	BACT_M1	Bacterial-higher cytoplasmic translation and ribosomal protein programme	higher_in_bacterial	-0.0316317991631797
main_all_projected_reference	Control_10	secondary_control_context	BACT_M1	Bacterial-higher cytoplasmic translation and ribosomal protein programme	higher_in_bacterial	0.600610448030447
main_all_projected_reference	Control_11	secondary_control_context	BACT_M1	Bacterial-higher cytoplasmic translation and ribosomal protein programme	higher_in_bacterial	0.360407781619556
main_all_projected_reference	Control_12	secondary_control_context	BACT_M1	Bacterial-higher cytoplasmic translation and ribosomal protein programme	higher_in_bacterial	-0.327203534463775
main_all_projected_reference	Control_13	secondary_control_context	BACT_M1	Bacterial-higher cytoplasmic translation and ribosomal protein programme	higher_in_bacterial	-0.266365176919462
main_all_projected_reference	Control_14	secondary_control_context	BACT_M1	Bacterial-higher cytoplasmic translation and ribosomal protein programme	higher_in_bacterial	-0.272985558105009
main_all_projected_reference	Control_15	secondary_control_context	BACT_M1	Bacterial-higher cytoplasmic translation and ribosomal protein programme	higher_in_bacterial	-0.234304788183948
main_all_projected_reference	Control_16	secondary_control_context	BACT_M1	Bacterial-higher cytoplasmic translation and ribosomal protein programme	higher_in_bacterial	-0.257236665575676
main_all_projected_reference	Control_17	secondary_control_context	BACT_M1	Bacterial-higher cytoplasmic translation and ribosomal protein programme	higher_in_bacterial	0.707813817066706
main_all_projected_reference	Control_18	secondary_control_context	BACT_M1	Bacterial-higher cytoplasmic translation and ribosomal protein programme	higher_in_bacterial	0.302775573510316
main_all_projected_reference	Control_19	secondary_control_context	BACT_M1	Bacterial-higher cytoplasmic translation and ribosomal protein programme	higher_in_bacterial	0.71877969909036
main_all_projected_reference	Control_20	secondary_control_context	BACT_M1	Bacterial-higher cytoplasmic translation and ribosomal protein programme	higher_in_bacterial	0.693734688042518
main_all_projected_reference	Control_21	secondary_control_context	BACT_M1	Bacterial-higher cytoplasmic translation and ribosomal protein programme	higher_in_bacterial	0.826779089661715
main_all_projected_reference	Control_22	secondary_control_context	BACT_M1	Bacterial-higher cytoplasmic translation and ribosomal protein programme	higher_in_bacterial	-0.614629401490075
main_all_projected_reference	Control_23	secondary_control_context	BACT_M1	Bacterial-higher cytoplasmic translation and ribosomal protein programme	higher_in_bacterial	0.748981569951744
main_all_projected_reference	Control_24	secondary_control_context	BACT_M1	Bacterial-higher cytoplasmic translation and ribosomal protein programme	higher_in_bacterial	-0.279492985478713
main_all_projected_reference	Control_25	secondary_control_context	BACT_M1	Bacterial-higher cytoplasmic translation and ribosomal protein programme	higher_in_bacterial	-0.0982755053011464
main_all_projected_reference	Control_26	secondary_control_context	BACT_M1	Bacterial-higher cytoplasmic translation and ribosomal protein programme	higher_in_bacterial	-0.386055308919395
main_all_projected_reference	Control_27	secondary_control_context	BACT_M1	Bacterial-higher cytoplasmic translation and ribosomal protein programme	higher_in_bacterial	-0.366739414914685
main_all_projected_reference	Control_28	secondary_control_context	BACT_M1	Bacterial-higher cytoplasmic translation and ribosomal protein programme	higher_in_bacterial	-0.610015655180568
main_all_projected_reference	Control_29	secondary_control_context	BACT_M1	Bacterial-higher cytoplasmic translation and ribosomal protein programme	higher_in_bacterial	-0.519089532484102
main_all_projected_reference	Control_30	secondary_control_context	BACT_M1	Bacterial-higher cytoplasmic translation and ribosomal protein programme	higher_in_bacterial	0.681118972074246
main_all_projected_reference	Control_31	secondary_control_context	BACT_M1	Bacterial-higher cytoplasmic translation and ribosomal protein programme	higher_in_bacterial	-0.0579796772265389
main_all_projected_reference	Control_32	secondary_control_context	BACT_M1	Bacterial-higher cytoplasmic translation and ribosomal protein programme	higher_in_bacterial	-0.67517259647401
main_all_projected_reference	Control_33	secondary_control_context	BACT_M1	Bacterial-higher cytoplasmic translation and ribosomal protein programme	higher_in_bacterial	-0.0735436112005151
main_all_projected_reference	Control_34	secondary_control_context	BACT_M1	Bacterial-higher cytoplasmic translation and ribosomal protein programme	higher_in_bacterial	-0.0962756473852974
main_all_projected_reference	Control_35	secondary_control_context	BACT_M1	Bacterial-higher cytoplasmic translation and ribosomal protein programme	higher_in_bacterial	-0.225401102927521
main_all_projected_reference	Control_36	secondary_control_context	BACT_M1	Bacterial-higher cytoplasmic translation and ribosomal protein programme	higher_in_bacterial	-0.652201305856249
main_all_projected_reference	Control_37	secondary_control_context	BACT_M1	Bacterial-higher cytoplasmic translation and ribosomal protein programme	higher_in_bacterial	-0.578398395567717
main_all_projected_reference	Control_38	secondary_control_context	BACT_M1	Bacterial-higher cytoplasmic translation and ribosomal protein programme	higher_in_bacterial	0.081236123028475
main_all_projected_reference	Control_39	secondary_control_context	BACT_M1	Bacterial-higher cytoplasmic translation and ribosomal protein programme	higher_in_bacterial	0.384888939181506
main_all_projected_reference	Control_40	secondary_control_context	BACT_M1	Bacterial-higher cytoplasmic translation and ribosomal protein programme	higher_in_bacterial	-0.692936888134265
main_all_projected_reference	Control_41	secondary_control_context	BACT_M1	Bacterial-higher cytoplasmic translation and ribosomal protein programme	higher_in_bacterial	-0.516693730307743
main_all_projected_reference	Control_42	secondary_control_context	BACT_M1	Bacterial-higher cytoplasmic translation and ribosomal protein programme	higher_in_bacterial	-0.370826183536271
main_all_projected_reference	Control_43	secondary_control_context	BACT_M1	Bacterial-higher cytoplasmic translation and ribosomal protein programme	higher_in_bacterial	-0.147995767559526
main_all_projected_reference	Control_44	secondary_control_context	BACT_M1	Bacterial-higher cytoplasmic translation and ribosomal protein programme	higher_in_bacterial	0.270070729352288
main_all_projected_reference	Control_45	secondary_control_context	BACT_M1	Bacterial-higher cytoplasmic translation and ribosomal protein programme	higher_in_bacterial	0.693695772114769
main_all_projected_reference	Control_46	secondary_control_context	BACT_M1	Bacterial-higher cytoplasmic translation and ribosomal protein programme	higher_in_bacterial	0.265900374033219
main_all_projected_reference	Control_47	secondary_control_context	BACT_M1	Bacterial-higher cytoplasmic translation and ribosomal protein programme	higher_in_bacterial	0.000272387745359426
main_all_projected_reference	Control_48	secondary_control_context	BACT_M1	Bacterial-higher cytoplasmic translation and ribosomal protein programme	higher_in_bacterial	0.147751786836085
main_all_projected_reference	Control_49	secondary_control_context	BACT_M1	Bacterial-higher cytoplasmic translation and ribosomal protein programme	higher_in_bacterial	-0.33805412848896
main_all_projected_reference	Control_50	secondary_control_context	BACT_M1	Bacterial-higher cytoplasmic translation and ribosomal protein programme	higher_in_bacterial	-0.116480300621829
main_all_projected_reference	Control_51	secondary_control_context	BACT_M1	Bacterial-higher cytoplasmic translation and ribosomal protein programme	higher_in_bacterial	0.0410970146241704
main_all_projected_reference	Control_52	secondary_control_context	BACT_M1	Bacterial-higher cytoplasmic translation and ribosomal protein programme	higher_in_bacterial	0.290299493503632
main_all_projected_reference	Control_53	secondary_control_context	BACT_M1	Bacterial-higher cytoplasmic translation and ribosomal protein programme	higher_in_bacterial	-0.646125088300816
main_all_projected_reference	Control_54	secondary_control_context	BACT_M1	Bacterial-higher cytoplasmic translation and ribosomal protein programme	higher_in_bacterial	-0.131276984778416
main_all_projected_reference	Control_55	secondary_control_context	BACT_M1	Bacterial-higher cytoplasmic translation and ribosomal protein programme	higher_in_bacterial	0.580777986662081
main_all_projected_reference	DefiniteBacterial_01	primary_bacterial	BACT_M1	Bacterial-higher cytoplasmic translation and ribosomal protein programme	higher_in_bacterial	0.732878122999565
main_all_projected_reference	DefiniteBacterial_02	primary_bacterial	BACT_M1	Bacterial-higher cytoplasmic translation and ribosomal protein programme	higher_in_bacterial	0.168188882247459
main_all_projected_reference	DefiniteBacterial_03	primary_bacterial	BACT_M1	Bacterial-higher cytoplasmic translation and ribosomal protein programme	higher_in_bacterial	0.30337879615567
main_all_projected_reference	DefiniteBacterial_04	primary_bacterial	BACT_M1	Bacterial-higher cytoplasmic translation and ribosomal protein programme	higher_in_bacterial	-0.343096234309626
main_all_projected_reference	DefiniteBacterial_05	primary_bacterial	BACT_M1	Bacterial-higher cytoplasmic translation and ribosomal protein programme	higher_in_bacterial	-0.464468403865462
main_all_projected_reference	DefiniteBacterial_06	primary_bacterial	BACT_M1	Bacterial-higher cytoplasmic translation and ribosomal protein programme	higher_in_bacterial	-0.536792989188853
main_all_projected_reference	DefiniteBacterial_07	primary_bacterial	BACT_M1	Bacterial-higher cytoplasmic translation and ribosomal protein programme	higher_in_bacterial	0.10421276230988
main_all_projected_reference	DefiniteBacterial_08	primary_bacterial	BACT_M1	Bacterial-higher cytoplasmic translation and ribosomal protein programme	higher_in_bacterial	0.438826591134047
main_all_projected_reference	DefiniteBacterial_09	primary_bacterial	BACT_M1	Bacterial-higher cytoplasmic translation and ribosomal protein programme	higher_in_bacterial	0.0737923164701408
main_all_projected_reference	DefiniteBacterial_10	primary_bacterial	BACT_M1	Bacterial-higher cytoplasmic translation and ribosomal protein programme	higher_in_bacterial	0.74335518285154
main_all_projected_reference	DefiniteBacterial_11	primary_bacterial	BACT_M1	Bacterial-higher cytoplasmic translation and ribosomal protein programme	higher_in_bacterial	0.378669506579224
main_all_projected_reference	DefiniteBacterial_12	primary_bacterial	BACT_M1	Bacterial-higher cytoplasmic translation and ribosomal protein programme	higher_in_bacterial	0.462353646919802
main_all_projected_reference	DefiniteBacterial_13	primary_bacterial	BACT_M1	Bacterial-higher cytoplasmic translation and ribosomal protein programme	higher_in_bacterial	0.40370659291303
main_all_projected_reference	DefiniteBacterial_14	primary_bacterial	BACT_M1	Bacterial-higher cytoplasmic translation and ribosomal protein programme	higher_in_bacterial	-0.105937699324624
main_all_projected_reference	DefiniteBacterial_15	primary_bacterial	BACT_M1	Bacterial-higher cytoplasmic translation and ribosomal protein programme	higher_in_bacterial	0.691176696597011
main_all_projected_reference	DefiniteBacterial_16	primary_bacterial	BACT_M1	Bacterial-higher cytoplasmic translation and ribosomal protein programme	higher_in_bacterial	0.0296769184316098
main_all_projected_reference	DefiniteBacterial_17	primary_bacterial	BACT_M1	Bacterial-higher cytoplasmic translation and ribosomal protein programme	higher_in_bacterial	0.72625292610547
main_all_projected_reference	DefiniteBacterial_18	primary_bacterial	BACT_M1	Bacterial-higher cytoplasmic translation and ribosomal protein programme	higher_in_bacterial	0.173731019309721
main_all_projected_reference	DefiniteBacterial_19	primary_bacterial	BACT_M1	Bacterial-higher cytoplasmic translation and ribosomal protein programme	higher_in_bacterial	0.720593104645008
main_all_projected_reference	DefiniteBacterial_20	primary_bacterial	BACT_M1	Bacterial-higher cytoplasmic translation and ribosomal protein programme	higher_in_bacterial	0.495256018396469
main_all_projected_reference	DefiniteBacterial_21	primary_bacterial	BACT_M1	Bacterial-higher cytoplasmic translation and ribosomal protein programme	higher_in_bacterial	-0.027719109466917
main_all_projected_reference	DefiniteBacterial_22	primary_bacterial	BACT_M1	Bacterial-higher cytoplasmic translation and ribosomal protein programme	higher_in_bacterial	-0.505452761710665
main_all_projected_reference	DefiniteBacterial_23	primary_bacterial	BACT_M1	Bacterial-higher cytoplasmic translation and ribosomal protein programme	higher_in_bacterial	0.60339963352765
main_all_projected_reference	DefiniteBacterial_24	primary_bacterial	BACT_M1	Bacterial-higher cytoplasmic translation and ribosomal protein programme	higher_in_bacterial	0.607689988310954
main_all_projected_reference	DefiniteBacterial_25	primary_bacterial	BACT_M1	Bacterial-higher cytoplasmic translation and ribosomal protein programme	higher_in_bacterial	0.691315164536922
main_all_projected_reference	DefiniteBacterial_26	primary_bacterial	BACT_M1	Bacterial-higher cytoplasmic translation and ribosomal protein programme	higher_in_bacterial	0.302777315055249
main_all_projected_reference	DefiniteBacterial_27	primary_bacterial	BACT_M1	Bacterial-higher cytoplasmic translation and ribosomal protein programme	higher_in_bacterial	0.693906428299735
main_all_projected_reference	DefiniteBacterial_28	primary_bacterial	BACT_M1	Bacterial-higher cytoplasmic translation and ribosomal protein programme	higher_in_bacterial	0.316805722208061
main_all_projected_reference	DefiniteBacterial_29	primary_bacterial	BACT_M1	Bacterial-higher cytoplasmic translation and ribosomal protein programme	higher_in_bacterial	-0.239042579374848
main_all_projected_reference	DefiniteBacterial_30	primary_bacterial	BACT_M1	Bacterial-higher cytoplasmic translation and ribosomal protein programme	higher_in_bacterial	0.321761512723146
main_all_projected_reference	DefiniteBacterial_31	primary_bacterial	BACT_M1	Bacterial-higher cytoplasmic translation and ribosomal protein programme	higher_in_bacterial	0.620925810106922
main_all_projected_reference	DefiniteBacterial_32	primary_bacterial	BACT_M1	Bacterial-higher cytoplasmic translation and ribosomal protein programme	higher_in_bacterial	0.436174536760311
main_all_projected_reference	DefiniteBacterial_33	primary_bacterial	BACT_M1	Bacterial-higher cytoplasmic translation and ribosomal protein programme	higher_in_bacterial	0.221825739515422
main_all_projected_reference	DefiniteBacterial_34	primary_bacterial	BACT_M1	Bacterial-higher cytoplasmic translation and ribosomal protein programme	higher_in_bacterial	0.636091560343554
main_all_projected_reference	DefiniteBacterial_35	primary_bacterial	BACT_M1	Bacterial-higher cytoplasmic translation and ribosomal protein programme	higher_in_bacterial	0.145807182705718
main_all_projected_reference	DefiniteBacterial_36	primary_bacterial	BACT_M1	Bacterial-higher cytoplasmic translation and ribosomal protein programme	higher_in_bacterial	-0.206094286049896
main_all_projected_reference	DefiniteBacterial_37	primary_bacterial	BACT_M1	Bacterial-higher cytoplasmic translation and ribosomal protein programme	higher_in_bacterial	0.537892627732926
main_all_projected_reference	DefiniteBacterial_38	primary_bacterial	BACT_M1	Bacterial-higher cytoplasmic translation and ribosomal protein programme	higher_in_bacterial	0.39527952982646
main_all_projected_reference	DefiniteBacterial_39	primary_bacterial	BACT_M1	Bacterial-higher cytoplasmic translation and ribosomal protein programme	higher_in_bacterial	0.632551846461707
main_all_projected_reference	DefiniteBacterial_40	primary_bacterial	BACT_M1	Bacterial-higher cytoplasmic translation and ribosomal protein programme	higher_in_bacterial	-0.525591564356612
main_all_projected_reference	DefiniteBacterial_41	primary_bacterial	BACT_M1	Bacterial-higher cytoplasmic translation and ribosomal protein programme	higher_in_bacterial	0.274905781758133
main_all_projected_reference	DefiniteBacterial_42	primary_bacterial	BACT_M1	Bacterial-higher cytoplasmic translation and ribosomal protein programme	higher_in_bacterial	-0.231554138245355
main_all_projected_reference	DefiniteBacterial_43	primary_bacterial	BACT_M1	Bacterial-higher cytoplasmic translation and ribosomal protein programme	higher_in_bacterial	-0.227656345057922
main_all_projected_reference	DefiniteBacterial_44	primary_bacterial	BACT_M1	Bacterial-higher cytoplasmic translation and ribosomal protein programme	higher_in_bacterial	0.43344308843039
main_all_projected_reference	DefiniteBacterial_45	primary_bacterial	BACT_M1	Bacterial-higher cytoplasmic translation and ribosomal protein programme	higher_in_bacterial	0.182111951855676
main_all_projected_reference	DefiniteBacterial_46	primary_bacterial	BACT_M1	Bacterial-higher cytoplasmic translation and ribosomal protein programme	higher_in_bacterial	0.52289208311786
main_all_projected_reference	DefiniteBacterial_47	primary_bacterial	BACT_M1	Bacterial-higher cytoplasmic translation and ribosomal protein programme	higher_in_bacterial	0.222938055785595
main_all_projected_reference	DefiniteBacterial_48	primary_bacterial	BACT_M1	Bacterial-higher cytoplasmic translation and ribosomal protein programme	higher_in_bacterial	0.709770911772379
main_all_projected_reference	DefiniteBacterial_49	primary_bacterial	BACT_M1	Bacterial-higher cytoplasmic translation and ribosomal protein programme	higher_in_bacterial	0.509826976020983
main_all_projected_reference	DefiniteBacterial_50	primary_bacterial	BACT_M1	Bacterial-higher cytoplasmic translation and ribosomal protein programme	higher_in_bacterial	0.621093262349943
main_all_projected_reference	DefiniteBacterial_51	primary_bacterial	BACT_M1	Bacterial-higher cytoplasmic translation and ribosomal protein programme	higher_in_bacterial	0.647549110676729
main_all_projected_reference	DefiniteBacterial_52	primary_bacterial	BACT_M1	Bacterial-higher cytoplasmic translation and ribosomal protein programme	higher_in_bacterial	0.454150977316215
main_all_projected_reference	DefiniteViral_01	primary_viral	BACT_M1	Bacterial-higher cytoplasmic translation and ribosomal protein programme	higher_in_bacterial	-0.701905124743224
main_all_projected_reference	DefiniteViral_02	primary_viral	BACT_M1	Bacterial-higher cytoplasmic translation and ribosomal protein programme	higher_in_bacterial	-0.749023157738827
main_all_projected_reference	DefiniteViral_03	primary_viral	BACT_M1	Bacterial-higher cytoplasmic translation and ribosomal protein programme	higher_in_bacterial	-0.542268131101813
main_all_projected_reference	DefiniteViral_04	primary_viral	BACT_M1	Bacterial-higher cytoplasmic translation and ribosomal protein programme	higher_in_bacterial	0.80275187701966
main_all_projected_reference	DefiniteViral_05	primary_viral	BACT_M1	Bacterial-higher cytoplasmic translation and ribosomal protein programme	higher_in_bacterial	-0.527015099630751
main_all_projected_reference	DefiniteViral_06	primary_viral	BACT_M1	Bacterial-higher cytoplasmic translation and ribosomal protein programme	higher_in_bacterial	-0.724408525309165
main_all_projected_reference	DefiniteViral_07	primary_viral	BACT_M1	Bacterial-higher cytoplasmic translation and ribosomal protein programme	higher_in_bacterial	-0.79419303824151
main_all_projected_reference	DefiniteViral_08	primary_viral	BACT_M1	Bacterial-higher cytoplasmic translation and ribosomal protein programme	higher_in_bacterial	-0.631920702406698
main_all_projected_reference	DefiniteViral_09	primary_viral	BACT_M1	Bacterial-higher cytoplasmic translation and ribosomal protein programme	higher_in_bacterial	-0.653933454673026
main_all_projected_reference	DefiniteViral_10	primary_viral	BACT_M1	Bacterial-higher cytoplasmic translation and ribosomal protein programme	higher_in_bacterial	-0.558709299029882
main_all_projected_reference	DefiniteViral_11	primary_viral	BACT_M1	Bacterial-higher cytoplasmic translation and ribosomal protein programme	higher_in_bacterial	-0.481261782532285
main_all_projected_reference	DefiniteViral_12	primary_viral	BACT_M1	Bacterial-higher cytoplasmic translation and ribosomal protein programme	higher_in_bacterial	-0.220481518887233
main_all_projected_reference	DefiniteViral_13	primary_viral	BACT_M1	Bacterial-higher cytoplasmic translation and ribosomal protein programme	higher_in_bacterial	-0.801220347715016
main_all_projected_reference	DefiniteViral_14	primary_viral	BACT_M1	Bacterial-higher cytoplasmic translation and ribosomal protein programme	higher_in_bacterial	-0.36159301969589
main_all_projected_reference	DefiniteViral_15	primary_viral	BACT_M1	Bacterial-higher cytoplasmic translation and ribosomal protein programme	higher_in_bacterial	-0.550920721442006
main_all_projected_reference	DefiniteViral_16	primary_viral	BACT_M1	Bacterial-higher cytoplasmic translation and ribosomal protein programme	higher_in_bacterial	0.546835538467338
main_all_projected_reference	DefiniteViral_17	primary_viral	BACT_M1	Bacterial-higher cytoplasmic translation and ribosomal protein programme	higher_in_bacterial	-0.629238806632823
main_all_projected_reference	DefiniteViral_18	primary_viral	BACT_M1	Bacterial-higher cytoplasmic translation and ribosomal protein programme	higher_in_bacterial	-0.57866135728661
main_all_projected_reference	DefiniteViral_19	primary_viral	BACT_M1	Bacterial-higher cytoplasmic translation and ribosomal protein programme	higher_in_bacterial	0.0215499248965478
main_all_projected_reference	DefiniteViral_20	primary_viral	BACT_M1	Bacterial-higher cytoplasmic translation and ribosomal protein programme	higher_in_bacterial	0.437372232093387
main_all_projected_reference	DefiniteViral_21	primary_viral	BACT_M1	Bacterial-higher cytoplasmic translation and ribosomal protein programme	higher_in_bacterial	-0.673872975002678
main_all_projected_reference	DefiniteViral_22	primary_viral	BACT_M1	Bacterial-higher cytoplasmic translation and ribosomal protein programme	higher_in_bacterial	-0.478956606223237
main_all_projected_reference	DefiniteViral_23	primary_viral	BACT_M1	Bacterial-higher cytoplasmic translation and ribosomal protein programme	higher_in_bacterial	-0.487243660915629
main_all_projected_reference	DefiniteViral_24	primary_viral	BACT_M1	Bacterial-higher cytoplasmic translation and ribosomal protein programme	higher_in_bacterial	-0.404490280683404
main_all_projected_reference	DefiniteViral_25	primary_viral	BACT_M1	Bacterial-higher cytoplasmic translation and ribosomal protein programme	higher_in_bacterial	-0.215300198346631
main_all_projected_reference	DefiniteViral_26	primary_viral	BACT_M1	Bacterial-higher cytoplasmic translation and ribosomal protein programme	higher_in_bacterial	0.48167895698005
main_all_projected_reference	DefiniteViral_27	primary_viral	BACT_M1	Bacterial-higher cytoplasmic translation and ribosomal protein programme	higher_in_bacterial	0.528848956056537
main_all_projected_reference	DefiniteViral_28	primary_viral	BACT_M1	Bacterial-higher cytoplasmic translation and ribosomal protein programme	higher_in_bacterial	-0.635566950849925
main_all_projected_reference	DefiniteViral_29	primary_viral	BACT_M1	Bacterial-higher cytoplasmic translation and ribosomal protein programme	higher_in_bacterial	0.656936075346118
main_all_projected_reference	DefiniteViral_30	primary_viral	BACT_M1	Bacterial-higher cytoplasmic translation and ribosomal protein programme	higher_in_bacterial	-0.643007907908322
main_all_projected_reference	DefiniteViral_31	primary_viral	BACT_M1	Bacterial-higher cytoplasmic translation and ribosomal protein programme	higher_in_bacterial	-0.578550665205753
main_all_projected_reference	DefiniteViral_32	primary_viral	BACT_M1	Bacterial-higher cytoplasmic translation and ribosomal protein programme	higher_in_bacterial	-0.850235573311302
main_all_projected_reference	DefiniteViral_33	primary_viral	BACT_M1	Bacterial-higher cytoplasmic translation and ribosomal protein programme	higher_in_bacterial	0.473698588664375
main_all_projected_reference	DefiniteViral_34	primary_viral	BACT_M1	Bacterial-higher cytoplasmic translation and ribosomal protein programme	higher_in_bacterial	-0.284518828451885
main_all_projected_reference	DefiniteViral_35	primary_viral	BACT_M1	Bacterial-higher cytoplasmic translation and ribosomal protein programme	higher_in_bacterial	-0.897319937324578
main_all_projected_reference	DefiniteViral_36	primary_viral	BACT_M1	Bacterial-higher cytoplasmic translation and ribosomal protein programme	higher_in_bacterial	-0.369308702402572
main_all_projected_reference	DefiniteViral_37	primary_viral	BACT_M1	Bacterial-higher cytoplasmic translation and ribosomal protein programme	higher_in_bacterial	-0.722149581589953
main_all_projected_reference	DefiniteViral_38	primary_viral	BACT_M1	Bacterial-higher cytoplasmic translation and ribosomal protein programme	higher_in_bacterial	-0.6440447904083
main_all_projected_reference	DefiniteViral_39	primary_viral	BACT_M1	Bacterial-higher cytoplasmic translation and ribosomal protein programme	higher_in_bacterial	0.366898556569373
main_all_projected_reference	DefiniteViral_40	primary_viral	BACT_M1	Bacterial-higher cytoplasmic translation and ribosomal protein programme	higher_in_bacterial	-0.769874476987442
main_all_projected_reference	DefiniteViral_41	primary_viral	BACT_M1	Bacterial-higher cytoplasmic translation and ribosomal protein programme	higher_in_bacterial	-0.653395940541965
main_all_projected_reference	DefiniteViral_42	primary_viral	BACT_M1	Bacterial-higher cytoplasmic translation and ribosomal protein programme	higher_in_bacterial	-0.690858139271366
main_all_projected_reference	DefiniteViral_43	primary_viral	BACT_M1	Bacterial-higher cytoplasmic translation and ribosomal protein programme	higher_in_bacterial	-0.522040937813253
main_all_projected_reference	DefiniteViral_44	primary_viral	BACT_M1	Bacterial-higher cytoplasmic translation and ribosomal protein programme	higher_in_bacterial	-0.654733134777498
main_all_projected_reference	DefiniteViral_45	primary_viral	BACT_M1	Bacterial-higher cytoplasmic translation and ribosomal protein programme	higher_in_bacterial	0.25004026775246
main_all_projected_reference	DefiniteViral_46	primary_viral	BACT_M1	Bacterial-higher cytoplasmic translation and ribosomal protein programme	higher_in_bacterial	0.337815273921714
main_all_projected_reference	DefiniteViral_47	primary_viral	BACT_M1	Bacterial-higher cytoplasmic translation and ribosomal protein programme	higher_in_bacterial	0.403915354932746
main_all_projected_reference	DefiniteViral_48	primary_viral	BACT_M1	Bacterial-higher cytoplasmic translation and ribosomal protein programme	higher_in_bacterial	0.726166996710212
main_all_projected_reference	DefiniteViral_49	primary_viral	BACT_M1	Bacterial-higher cytoplasmic translation and ribosomal protein programme	higher_in_bacterial	-0.414038817074726
main_all_projected_reference	DefiniteViral_50	primary_viral	BACT_M1	Bacterial-higher cytoplasmic translation and ribosomal protein programme	higher_in_bacterial	0.703020684408653
main_all_projected_reference	DefiniteViral_51	primary_viral	BACT_M1	Bacterial-higher cytoplasmic translation and ribosomal protein programme	higher_in_bacterial	0.408899019546618
main_all_projected_reference	DefiniteViral_52	primary_viral	BACT_M1	Bacterial-higher cytoplasmic translation and ribosomal protein programme	higher_in_bacterial	0.726390027175086
main_all_projected_reference	DefiniteViral_53	primary_viral	BACT_M1	Bacterial-higher cytoplasmic translation and ribosomal protein programme	higher_in_bacterial	0.836506535281538
main_all_projected_reference	DefiniteViral_54	primary_viral	BACT_M1	Bacterial-higher cytoplasmic translation and ribosomal protein programme	higher_in_bacterial	-0.0413071207011513
main_all_projected_reference	DefiniteViral_55	primary_viral	BACT_M1	Bacterial-higher cytoplasmic translation and ribosomal protein programme	higher_in_bacterial	0.786266542817743
main_all_projected_reference	DefiniteViral_56	primary_viral	BACT_M1	Bacterial-higher cytoplasmic translation and ribosomal protein programme	higher_in_bacterial	-0.36251929592044
main_all_projected_reference	DefiniteViral_57	primary_viral	BACT_M1	Bacterial-higher cytoplasmic translation and ribosomal protein programme	higher_in_bacterial	-0.22075399197336
main_all_projected_reference	DefiniteViral_58	primary_viral	BACT_M1	Bacterial-higher cytoplasmic translation and ribosomal protein programme	higher_in_bacterial	-0.32144309455395
main_all_projected_reference	DefiniteViral_59	primary_viral	BACT_M1	Bacterial-higher cytoplasmic translation and ribosomal protein programme	higher_in_bacterial	0.343096234309623
main_all_projected_reference	DefiniteViral_60	primary_viral	BACT_M1	Bacterial-higher cytoplasmic translation and ribosomal protein programme	higher_in_bacterial	0.0631269383367237
main_all_projected_reference	DefiniteViral_61	primary_viral	BACT_M1	Bacterial-higher cytoplasmic translation and ribosomal protein programme	higher_in_bacterial	0.468665259696438
main_all_projected_reference	DefiniteViral_62	primary_viral	BACT_M1	Bacterial-higher cytoplasmic translation and ribosomal protein programme	higher_in_bacterial	-0.510132836684016
main_all_projected_reference	DefiniteViral_63	primary_viral	BACT_M1	Bacterial-higher cytoplasmic translation and ribosomal protein programme	higher_in_bacterial	-0.577791057050161
main_all_projected_reference	DefiniteViral_64	primary_viral	BACT_M1	Bacterial-higher cytoplasmic translation and ribosomal protein programme	higher_in_bacterial	-0.652272131561316
main_all_projected_reference	DefiniteViral_65	primary_viral	BACT_M1	Bacterial-higher cytoplasmic translation and ribosomal protein programme	higher_in_bacterial	-0.522595046603884
main_all_projected_reference	DefiniteViral_66	primary_viral	BACT_M1	Bacterial-higher cytoplasmic translation and ribosomal protein programme	higher_in_bacterial	0.571149443435699
main_all_projected_reference	DefiniteViral_67	primary_viral	BACT_M1	Bacterial-higher cytoplasmic translation and ribosomal protein programme	higher_in_bacterial	-0.383018197877448
main_all_projected_reference	DefiniteViral_68	primary_viral	BACT_M1	Bacterial-higher cytoplasmic translation and ribosomal protein programme	higher_in_bacterial	0.545038816047017
main_all_projected_reference	DefiniteViral_69	primary_viral	BACT_M1	Bacterial-higher cytoplasmic translation and ribosomal protein programme	higher_in_bacterial	0.354777545886081
main_all_projected_reference	DefiniteViral_70	primary_viral	BACT_M1	Bacterial-higher cytoplasmic translation and ribosomal protein programme	higher_in_bacterial	0.424261967505159
main_all_projected_reference	DefiniteViral_71	primary_viral	BACT_M1	Bacterial-higher cytoplasmic translation and ribosomal protein programme	higher_in_bacterial	0.422359763190333
main_all_projected_reference	DefiniteViral_72	primary_viral	BACT_M1	Bacterial-higher cytoplasmic translation and ribosomal protein programme	higher_in_bacterial	-0.0604973102211602
main_all_projected_reference	DefiniteViral_73	primary_viral	BACT_M1	Bacterial-higher cytoplasmic translation and ribosomal protein programme	higher_in_bacterial	0.405793335643027
main_all_projected_reference	DefiniteViral_74	primary_viral	BACT_M1	Bacterial-higher cytoplasmic translation and ribosomal protein programme	higher_in_bacterial	-0.469233604728619
main_all_projected_reference	DefiniteViral_75	primary_viral	BACT_M1	Bacterial-higher cytoplasmic translation and ribosomal protein programme	higher_in_bacterial	-0.400991376998178
main_all_projected_reference	DefiniteViral_76	primary_viral	BACT_M1	Bacterial-higher cytoplasmic translation and ribosomal protein programme	higher_in_bacterial	-0.553483024050592
main_all_projected_reference	DefiniteViral_77	primary_viral	BACT_M1	Bacterial-higher cytoplasmic translation and ribosomal protein programme	higher_in_bacterial	-0.0851181530854594
main_all_projected_reference	DefiniteViral_78	primary_viral	BACT_M1	Bacterial-higher cytoplasmic translation and ribosomal protein programme	higher_in_bacterial	-0.542316212993114
main_all_projected_reference	DefiniteViral_79	primary_viral	BACT_M1	Bacterial-higher cytoplasmic translation and ribosomal protein programme	higher_in_bacterial	0.00219733195674543
main_all_projected_reference	DefiniteViral_80	primary_viral	BACT_M1	Bacterial-higher cytoplasmic translation and ribosomal protein programme	higher_in_bacterial	-0.616212519848396
main_all_projected_reference	DefiniteViral_81	primary_viral	BACT_M1	Bacterial-higher cytoplasmic translation and ribosomal protein programme	higher_in_bacterial	0.54486027886276
main_all_projected_reference	DefiniteViral_82	primary_viral	BACT_M1	Bacterial-higher cytoplasmic translation and ribosomal protein programme	higher_in_bacterial	-0.0404367513039486
main_all_projected_reference	DefiniteViral_83	primary_viral	BACT_M1	Bacterial-higher cytoplasmic translation and ribosomal protein programme	higher_in_bacterial	0.491337425978005
main_all_projected_reference	DefiniteViral_84	primary_viral	BACT_M1	Bacterial-higher cytoplasmic translation and ribosomal protein programme	higher_in_bacterial	0.185312616465146
main_all_projected_reference	DefiniteViral_85	primary_viral	BACT_M1	Bacterial-higher cytoplasmic translation and ribosomal protein programme	higher_in_bacterial	0.117154811715481
main_all_projected_reference	DefiniteViral_86	primary_viral	BACT_M1	Bacterial-higher cytoplasmic translation and ribosomal protein programme	higher_in_bacterial	-0.0889000092588111
main_all_projected_reference	DefiniteViral_87	primary_viral	BACT_M1	Bacterial-higher cytoplasmic translation and ribosomal protein programme	higher_in_bacterial	-0.31374710363567
main_all_projected_reference	DefiniteViral_88	primary_viral	BACT_M1	Bacterial-higher cytoplasmic translation and ribosomal protein programme	higher_in_bacterial	0.749581941268018
main_all_projected_reference	DefiniteViral_89	primary_viral	BACT_M1	Bacterial-higher cytoplasmic translation and ribosomal protein programme	higher_in_bacterial	-0.136502821642357
main_all_projected_reference	DefiniteViral_90	primary_viral	BACT_M1	Bacterial-higher cytoplasmic translation and ribosomal protein programme	higher_in_bacterial	0.592201537710002
main_all_projected_reference	DefiniteViral_91	primary_viral	BACT_M1	Bacterial-higher cytoplasmic translation and ribosomal protein programme	higher_in_bacterial	0.283321556891757
main_all_projected_reference	DefiniteViral_92	primary_viral	BACT_M1	Bacterial-higher cytoplasmic translation and ribosomal protein programme	higher_in_bacterial	-0.403493973895217
main_all_projected_reference	DefiniteViral_93	primary_viral	BACT_M1	Bacterial-higher cytoplasmic translation and ribosomal protein programme	higher_in_bacterial	0.310463640942197
main_all_projected_reference	DefiniteViral_94	primary_viral	BACT_M1	Bacterial-higher cytoplasmic translation and ribosomal protein programme	higher_in_bacterial	-0.417576397545119
main_all_projected_reference	Control_01	secondary_control_context	BACT_M2	Bacterial-higher mitochondrial respiration and oxidative phosphorylation programme	higher_in_bacterial	0.148135463888415
main_all_projected_reference	Control_02	secondary_control_context	BACT_M2	Bacterial-higher mitochondrial respiration and oxidative phosphorylation programme	higher_in_bacterial	-0.693566852937163
main_all_projected_reference	Control_03	secondary_control_context	BACT_M2	Bacterial-higher mitochondrial respiration and oxidative phosphorylation programme	higher_in_bacterial	0.404667231704284
main_all_projected_reference	Control_04	secondary_control_context	BACT_M2	Bacterial-higher mitochondrial respiration and oxidative phosphorylation programme	higher_in_bacterial	-0.0714410814952651
main_all_projected_reference	Control_05	secondary_control_context	BACT_M2	Bacterial-higher mitochondrial respiration and oxidative phosphorylation programme	higher_in_bacterial	0.38234944037327
main_all_projected_reference	Control_06	secondary_control_context	BACT_M2	Bacterial-higher mitochondrial respiration and oxidative phosphorylation programme	higher_in_bacterial	-0.371885538871713
main_all_projected_reference	Control_07	secondary_control_context	BACT_M2	Bacterial-higher mitochondrial respiration and oxidative phosphorylation programme	higher_in_bacterial	-0.118262645169524
main_all_projected_reference	Control_08	secondary_control_context	BACT_M2	Bacterial-higher mitochondrial respiration and oxidative phosphorylation programme	higher_in_bacterial	-0.387555859603437
main_all_projected_reference	Control_09	secondary_control_context	BACT_M2	Bacterial-higher mitochondrial respiration and oxidative phosphorylation programme	higher_in_bacterial	0.0659729115079078
main_all_projected_reference	Control_10	secondary_control_context	BACT_M2	Bacterial-higher mitochondrial respiration and oxidative phosphorylation programme	higher_in_bacterial	0.103305785123967
main_all_projected_reference	Control_11	secondary_control_context	BACT_M2	Bacterial-higher mitochondrial respiration and oxidative phosphorylation programme	higher_in_bacterial	0.0413223140495871
main_all_projected_reference	Control_12	secondary_control_context	BACT_M2	Bacterial-higher mitochondrial respiration and oxidative phosphorylation programme	higher_in_bacterial	-0.509944759349803
main_all_projected_reference	Control_13	secondary_control_context	BACT_M2	Bacterial-higher mitochondrial respiration and oxidative phosphorylation programme	higher_in_bacterial	0.0332075126897158
main_all_projected_reference	Control_14	secondary_control_context	BACT_M2	Bacterial-higher mitochondrial respiration and oxidative phosphorylation programme	higher_in_bacterial	-0.347613269125141
main_all_projected_reference	Control_15	secondary_control_context	BACT_M2	Bacterial-higher mitochondrial respiration and oxidative phosphorylation programme	higher_in_bacterial	-0.408962716542535
main_all_projected_reference	Control_16	secondary_control_context	BACT_M2	Bacterial-higher mitochondrial respiration and oxidative phosphorylation programme	higher_in_bacterial	-0.600283148201798
main_all_projected_reference	Control_17	secondary_control_context	BACT_M2	Bacterial-higher mitochondrial respiration and oxidative phosphorylation programme	higher_in_bacterial	0.482331248997916
main_all_projected_reference	Control_18	secondary_control_context	BACT_M2	Bacterial-higher mitochondrial respiration and oxidative phosphorylation programme	higher_in_bacterial	0.286162216038873
main_all_projected_reference	Control_19	secondary_control_context	BACT_M2	Bacterial-higher mitochondrial respiration and oxidative phosphorylation programme	higher_in_bacterial	0.240551194716278
main_all_projected_reference	Control_20	secondary_control_context	BACT_M2	Bacterial-higher mitochondrial respiration and oxidative phosphorylation programme	higher_in_bacterial	0.131655055723639
main_all_projected_reference	Control_21	secondary_control_context	BACT_M2	Bacterial-higher mitochondrial respiration and oxidative phosphorylation programme	higher_in_bacterial	0.373659458779977
main_all_projected_reference	Control_22	secondary_control_context	BACT_M2	Bacterial-higher mitochondrial respiration and oxidative phosphorylation programme	higher_in_bacterial	-0.493232250927307
main_all_projected_reference	Control_23	secondary_control_context	BACT_M2	Bacterial-higher mitochondrial respiration and oxidative phosphorylation programme	higher_in_bacterial	0.415484195834283
main_all_projected_reference	Control_24	secondary_control_context	BACT_M2	Bacterial-higher mitochondrial respiration and oxidative phosphorylation programme	higher_in_bacterial	-0.412749106997496
main_all_projected_reference	Control_25	secondary_control_context	BACT_M2	Bacterial-higher mitochondrial respiration and oxidative phosphorylation programme	higher_in_bacterial	-0.235131200930673
main_all_projected_reference	Control_26	secondary_control_context	BACT_M2	Bacterial-higher mitochondrial respiration and oxidative phosphorylation programme	higher_in_bacterial	-0.605661845027979
main_all_projected_reference	Control_27	secondary_control_context	BACT_M2	Bacterial-higher mitochondrial respiration and oxidative phosphorylation programme	higher_in_bacterial	-0.409402355872436
main_all_projected_reference	Control_28	secondary_control_context	BACT_M2	Bacterial-higher mitochondrial respiration and oxidative phosphorylation programme	higher_in_bacterial	-0.425105475246053
main_all_projected_reference	Control_29	secondary_control_context	BACT_M2	Bacterial-higher mitochondrial respiration and oxidative phosphorylation programme	higher_in_bacterial	-0.529483761902283
main_all_projected_reference	Control_30	secondary_control_context	BACT_M2	Bacterial-higher mitochondrial respiration and oxidative phosphorylation programme	higher_in_bacterial	0.365680611948342
main_all_projected_reference	Control_31	secondary_control_context	BACT_M2	Bacterial-higher mitochondrial respiration and oxidative phosphorylation programme	higher_in_bacterial	-0.322823795601713
main_all_projected_reference	Control_32	secondary_control_context	BACT_M2	Bacterial-higher mitochondrial respiration and oxidative phosphorylation programme	higher_in_bacterial	-0.493776867130519
main_all_projected_reference	Control_33	secondary_control_context	BACT_M2	Bacterial-higher mitochondrial respiration and oxidative phosphorylation programme	higher_in_bacterial	-0.357656657114062
main_all_projected_reference	Control_34	secondary_control_context	BACT_M2	Bacterial-higher mitochondrial respiration and oxidative phosphorylation programme	higher_in_bacterial	-0.277409472492074
main_all_projected_reference	Control_35	secondary_control_context	BACT_M2	Bacterial-higher mitochondrial respiration and oxidative phosphorylation programme	higher_in_bacterial	-0.147965486530744
main_all_projected_reference	Control_36	secondary_control_context	BACT_M2	Bacterial-higher mitochondrial respiration and oxidative phosphorylation programme	higher_in_bacterial	-0.436882869629177
main_all_projected_reference	Control_37	secondary_control_context	BACT_M2	Bacterial-higher mitochondrial respiration and oxidative phosphorylation programme	higher_in_bacterial	-0.471511737595341
main_all_projected_reference	Control_38	secondary_control_context	BACT_M2	Bacterial-higher mitochondrial respiration and oxidative phosphorylation programme	higher_in_bacterial	-0.0521607959560291
main_all_projected_reference	Control_39	secondary_control_context	BACT_M2	Bacterial-higher mitochondrial respiration and oxidative phosphorylation programme	higher_in_bacterial	-0.107030352444131
main_all_projected_reference	Control_40	secondary_control_context	BACT_M2	Bacterial-higher mitochondrial respiration and oxidative phosphorylation programme	higher_in_bacterial	-0.6631136159438
main_all_projected_reference	Control_41	secondary_control_context	BACT_M2	Bacterial-higher mitochondrial respiration and oxidative phosphorylation programme	higher_in_bacterial	-0.271041264300855
main_all_projected_reference	Control_42	secondary_control_context	BACT_M2	Bacterial-higher mitochondrial respiration and oxidative phosphorylation programme	higher_in_bacterial	-0.430049294586158
main_all_projected_reference	Control_43	secondary_control_context	BACT_M2	Bacterial-higher mitochondrial respiration and oxidative phosphorylation programme	higher_in_bacterial	-0.329032140922556
main_all_projected_reference	Control_44	secondary_control_context	BACT_M2	Bacterial-higher mitochondrial respiration and oxidative phosphorylation programme	higher_in_bacterial	-0.0860520130411702
main_all_projected_reference	Control_45	secondary_control_context	BACT_M2	Bacterial-higher mitochondrial respiration and oxidative phosphorylation programme	higher_in_bacterial	-0.10228638001966
main_all_projected_reference	Control_46	secondary_control_context	BACT_M2	Bacterial-higher mitochondrial respiration and oxidative phosphorylation programme	higher_in_bacterial	-0.343101052624319
main_all_projected_reference	Control_47	secondary_control_context	BACT_M2	Bacterial-higher mitochondrial respiration and oxidative phosphorylation programme	higher_in_bacterial	-0.284623443138165
main_all_projected_reference	Control_48	secondary_control_context	BACT_M2	Bacterial-higher mitochondrial respiration and oxidative phosphorylation programme	higher_in_bacterial	-0.489932055717892
main_all_projected_reference	Control_49	secondary_control_context	BACT_M2	Bacterial-higher mitochondrial respiration and oxidative phosphorylation programme	higher_in_bacterial	-0.39283020133103
main_all_projected_reference	Control_50	secondary_control_context	BACT_M2	Bacterial-higher mitochondrial respiration and oxidative phosphorylation programme	higher_in_bacterial	-0.0325313381257426
main_all_projected_reference	Control_51	secondary_control_context	BACT_M2	Bacterial-higher mitochondrial respiration and oxidative phosphorylation programme	higher_in_bacterial	-0.538769763611018
main_all_projected_reference	Control_52	secondary_control_context	BACT_M2	Bacterial-higher mitochondrial respiration and oxidative phosphorylation programme	higher_in_bacterial	0.128889491035542
main_all_projected_reference	Control_53	secondary_control_context	BACT_M2	Bacterial-higher mitochondrial respiration and oxidative phosphorylation programme	higher_in_bacterial	-0.684907872504277
main_all_projected_reference	Control_54	secondary_control_context	BACT_M2	Bacterial-higher mitochondrial respiration and oxidative phosphorylation programme	higher_in_bacterial	-0.519169798755189
main_all_projected_reference	Control_55	secondary_control_context	BACT_M2	Bacterial-higher mitochondrial respiration and oxidative phosphorylation programme	higher_in_bacterial	0.365645422079071
main_all_projected_reference	DefiniteBacterial_01	primary_bacterial	BACT_M2	Bacterial-higher mitochondrial respiration and oxidative phosphorylation programme	higher_in_bacterial	0.537511776285052
main_all_projected_reference	DefiniteBacterial_02	primary_bacterial	BACT_M2	Bacterial-higher mitochondrial respiration and oxidative phosphorylation programme	higher_in_bacterial	-0.220765669361575
main_all_projected_reference	DefiniteBacterial_03	primary_bacterial	BACT_M2	Bacterial-higher mitochondrial respiration and oxidative phosphorylation programme	higher_in_bacterial	0.381890349475044
main_all_projected_reference	DefiniteBacterial_04	primary_bacterial	BACT_M2	Bacterial-higher mitochondrial respiration and oxidative phosphorylation programme	higher_in_bacterial	-0.161530480000968
main_all_projected_reference	DefiniteBacterial_05	primary_bacterial	BACT_M2	Bacterial-higher mitochondrial respiration and oxidative phosphorylation programme	higher_in_bacterial	-0.248909628989655
main_all_projected_reference	DefiniteBacterial_06	primary_bacterial	BACT_M2	Bacterial-higher mitochondrial respiration and oxidative phosphorylation programme	higher_in_bacterial	-0.233404617466064
main_all_projected_reference	DefiniteBacterial_07	primary_bacterial	BACT_M2	Bacterial-higher mitochondrial respiration and oxidative phosphorylation programme	higher_in_bacterial	0.394431119120118
main_all_projected_reference	DefiniteBacterial_08	primary_bacterial	BACT_M2	Bacterial-higher mitochondrial respiration and oxidative phosphorylation programme	higher_in_bacterial	0.604088988460115
main_all_projected_reference	DefiniteBacterial_09	primary_bacterial	BACT_M2	Bacterial-higher mitochondrial respiration and oxidative phosphorylation programme	higher_in_bacterial	0.538383301157301
main_all_projected_reference	DefiniteBacterial_10	primary_bacterial	BACT_M2	Bacterial-higher mitochondrial respiration and oxidative phosphorylation programme	higher_in_bacterial	0.340873752556143
main_all_projected_reference	DefiniteBacterial_11	primary_bacterial	BACT_M2	Bacterial-higher mitochondrial respiration and oxidative phosphorylation programme	higher_in_bacterial	0.472641617761613
main_all_projected_reference	DefiniteBacterial_12	primary_bacterial	BACT_M2	Bacterial-higher mitochondrial respiration and oxidative phosphorylation programme	higher_in_bacterial	0.636227136227137
main_all_projected_reference	DefiniteBacterial_13	primary_bacterial	BACT_M2	Bacterial-higher mitochondrial respiration and oxidative phosphorylation programme	higher_in_bacterial	0.68813019872155
main_all_projected_reference	DefiniteBacterial_14	primary_bacterial	BACT_M2	Bacterial-higher mitochondrial respiration and oxidative phosphorylation programme	higher_in_bacterial	0.438248492977143
main_all_projected_reference	DefiniteBacterial_15	primary_bacterial	BACT_M2	Bacterial-higher mitochondrial respiration and oxidative phosphorylation programme	higher_in_bacterial	0.383684157216118
main_all_projected_reference	DefiniteBacterial_16	primary_bacterial	BACT_M2	Bacterial-higher mitochondrial respiration and oxidative phosphorylation programme	higher_in_bacterial	0.462441209003679
main_all_projected_reference	DefiniteBacterial_17	primary_bacterial	BACT_M2	Bacterial-higher mitochondrial respiration and oxidative phosphorylation programme	higher_in_bacterial	0.680492213330305
main_all_projected_reference	DefiniteBacterial_18	primary_bacterial	BACT_M2	Bacterial-higher mitochondrial respiration and oxidative phosphorylation programme	higher_in_bacterial	-0.0351542790986925
main_all_projected_reference	DefiniteBacterial_19	primary_bacterial	BACT_M2	Bacterial-higher mitochondrial respiration and oxidative phosphorylation programme	higher_in_bacterial	0.569224044100609
main_all_projected_reference	DefiniteBacterial_20	primary_bacterial	BACT_M2	Bacterial-higher mitochondrial respiration and oxidative phosphorylation programme	higher_in_bacterial	0.40823806099514
main_all_projected_reference	DefiniteBacterial_21	primary_bacterial	BACT_M2	Bacterial-higher mitochondrial respiration and oxidative phosphorylation programme	higher_in_bacterial	-0.0959817173646898
main_all_projected_reference	DefiniteBacterial_22	primary_bacterial	BACT_M2	Bacterial-higher mitochondrial respiration and oxidative phosphorylation programme	higher_in_bacterial	0.105127966431869
main_all_projected_reference	DefiniteBacterial_23	primary_bacterial	BACT_M2	Bacterial-higher mitochondrial respiration and oxidative phosphorylation programme	higher_in_bacterial	0.235926512721382
main_all_projected_reference	DefiniteBacterial_24	primary_bacterial	BACT_M2	Bacterial-higher mitochondrial respiration and oxidative phosphorylation programme	higher_in_bacterial	0.622617901339642
main_all_projected_reference	DefiniteBacterial_25	primary_bacterial	BACT_M2	Bacterial-higher mitochondrial respiration and oxidative phosphorylation programme	higher_in_bacterial	0.440320077419822
main_all_projected_reference	DefiniteBacterial_26	primary_bacterial	BACT_M2	Bacterial-higher mitochondrial respiration and oxidative phosphorylation programme	higher_in_bacterial	0.339037433155084
main_all_projected_reference	DefiniteBacterial_27	primary_bacterial	BACT_M2	Bacterial-higher mitochondrial respiration and oxidative phosphorylation programme	higher_in_bacterial	0.707022943297994
main_all_projected_reference	DefiniteBacterial_28	primary_bacterial	BACT_M2	Bacterial-higher mitochondrial respiration and oxidative phosphorylation programme	higher_in_bacterial	0.392576463475999
main_all_projected_reference	DefiniteBacterial_29	primary_bacterial	BACT_M2	Bacterial-higher mitochondrial respiration and oxidative phosphorylation programme	higher_in_bacterial	0.333692769910055
main_all_projected_reference	DefiniteBacterial_30	primary_bacterial	BACT_M2	Bacterial-higher mitochondrial respiration and oxidative phosphorylation programme	higher_in_bacterial	0.670357842977711
main_all_projected_reference	DefiniteBacterial_31	primary_bacterial	BACT_M2	Bacterial-higher mitochondrial respiration and oxidative phosphorylation programme	higher_in_bacterial	0.49156975875161
main_all_projected_reference	DefiniteBacterial_32	primary_bacterial	BACT_M2	Bacterial-higher mitochondrial respiration and oxidative phosphorylation programme	higher_in_bacterial	0.400161264627711
main_all_projected_reference	DefiniteBacterial_33	primary_bacterial	BACT_M2	Bacterial-higher mitochondrial respiration and oxidative phosphorylation programme	higher_in_bacterial	0.536765362297278
main_all_projected_reference	DefiniteBacterial_34	primary_bacterial	BACT_M2	Bacterial-higher mitochondrial respiration and oxidative phosphorylation programme	higher_in_bacterial	0.431401160379957
main_all_projected_reference	DefiniteBacterial_35	primary_bacterial	BACT_M2	Bacterial-higher mitochondrial respiration and oxidative phosphorylation programme	higher_in_bacterial	0.539435068213543
main_all_projected_reference	DefiniteBacterial_36	primary_bacterial	BACT_M2	Bacterial-higher mitochondrial respiration and oxidative phosphorylation programme	higher_in_bacterial	0.445485556572032
main_all_projected_reference	DefiniteBacterial_37	primary_bacterial	BACT_M2	Bacterial-higher mitochondrial respiration and oxidative phosphorylation programme	higher_in_bacterial	0.449296881586214
main_all_projected_reference	DefiniteBacterial_38	primary_bacterial	BACT_M2	Bacterial-higher mitochondrial respiration and oxidative phosphorylation programme	higher_in_bacterial	0.400391474554154
main_all_projected_reference	DefiniteBacterial_39	primary_bacterial	BACT_M2	Bacterial-higher mitochondrial respiration and oxidative phosphorylation programme	higher_in_bacterial	0.585815663719347
main_all_projected_reference	DefiniteBacterial_40	primary_bacterial	BACT_M2	Bacterial-higher mitochondrial respiration and oxidative phosphorylation programme	higher_in_bacterial	-0.0422704233009444
main_all_projected_reference	DefiniteBacterial_41	primary_bacterial	BACT_M2	Bacterial-higher mitochondrial respiration and oxidative phosphorylation programme	higher_in_bacterial	-0.336735057494893
main_all_projected_reference	DefiniteBacterial_42	primary_bacterial	BACT_M2	Bacterial-higher mitochondrial respiration and oxidative phosphorylation programme	higher_in_bacterial	-0.288040400086587
main_all_projected_reference	DefiniteBacterial_43	primary_bacterial	BACT_M2	Bacterial-higher mitochondrial respiration and oxidative phosphorylation programme	higher_in_bacterial	0.0812562212959817
main_all_projected_reference	DefiniteBacterial_44	primary_bacterial	BACT_M2	Bacterial-higher mitochondrial respiration and oxidative phosphorylation programme	higher_in_bacterial	0.59700633744521
main_all_projected_reference	DefiniteBacterial_45	primary_bacterial	BACT_M2	Bacterial-higher mitochondrial respiration and oxidative phosphorylation programme	higher_in_bacterial	0.484872040393049
main_all_projected_reference	DefiniteBacterial_46	primary_bacterial	BACT_M2	Bacterial-higher mitochondrial respiration and oxidative phosphorylation programme	higher_in_bacterial	0.536042755810164
main_all_projected_reference	DefiniteBacterial_47	primary_bacterial	BACT_M2	Bacterial-higher mitochondrial respiration and oxidative phosphorylation programme	higher_in_bacterial	0.0668403050177307
main_all_projected_reference	DefiniteBacterial_48	primary_bacterial	BACT_M2	Bacterial-higher mitochondrial respiration and oxidative phosphorylation programme	higher_in_bacterial	0.430711683835338
main_all_projected_reference	DefiniteBacterial_49	primary_bacterial	BACT_M2	Bacterial-higher mitochondrial respiration and oxidative phosphorylation programme	higher_in_bacterial	0.515226876194041
main_all_projected_reference	DefiniteBacterial_50	primary_bacterial	BACT_M2	Bacterial-higher mitochondrial respiration and oxidative phosphorylation programme	higher_in_bacterial	0.648404158890966
main_all_projected_reference	DefiniteBacterial_51	primary_bacterial	BACT_M2	Bacterial-higher mitochondrial respiration and oxidative phosphorylation programme	higher_in_bacterial	0.533297908253211
main_all_projected_reference	DefiniteBacterial_52	primary_bacterial	BACT_M2	Bacterial-higher mitochondrial respiration and oxidative phosphorylation programme	higher_in_bacterial	0.335702479338845
main_all_projected_reference	DefiniteViral_01	primary_viral	BACT_M2	Bacterial-higher mitochondrial respiration and oxidative phosphorylation programme	higher_in_bacterial	-0.608338414831917
main_all_projected_reference	DefiniteViral_02	primary_viral	BACT_M2	Bacterial-higher mitochondrial respiration and oxidative phosphorylation programme	higher_in_bacterial	-0.454940353249673
main_all_projected_reference	DefiniteViral_03	primary_viral	BACT_M2	Bacterial-higher mitochondrial respiration and oxidative phosphorylation programme	higher_in_bacterial	-0.342079811811097
main_all_projected_reference	DefiniteViral_04	primary_viral	BACT_M2	Bacterial-higher mitochondrial respiration and oxidative phosphorylation programme	higher_in_bacterial	0.653658407763536
main_all_projected_reference	DefiniteViral_05	primary_viral	BACT_M2	Bacterial-higher mitochondrial respiration and oxidative phosphorylation programme	higher_in_bacterial	-0.303370786516853
main_all_projected_reference	DefiniteViral_06	primary_viral	BACT_M2	Bacterial-higher mitochondrial respiration and oxidative phosphorylation programme	higher_in_bacterial	-0.451559399934339
main_all_projected_reference	DefiniteViral_07	primary_viral	BACT_M2	Bacterial-higher mitochondrial respiration and oxidative phosphorylation programme	higher_in_bacterial	-0.514438182973097
main_all_projected_reference	DefiniteViral_08	primary_viral	BACT_M2	Bacterial-higher mitochondrial respiration and oxidative phosphorylation programme	higher_in_bacterial	-0.372602463820274
main_all_projected_reference	DefiniteViral_09	primary_viral	BACT_M2	Bacterial-higher mitochondrial respiration and oxidative phosphorylation programme	higher_in_bacterial	-0.474084038167492
main_all_projected_reference	DefiniteViral_10	primary_viral	BACT_M2	Bacterial-higher mitochondrial respiration and oxidative phosphorylation programme	higher_in_bacterial	-0.168978207939245
main_all_projected_reference	DefiniteViral_11	primary_viral	BACT_M2	Bacterial-higher mitochondrial respiration and oxidative phosphorylation programme	higher_in_bacterial	0.219229789742857
main_all_projected_reference	DefiniteViral_12	primary_viral	BACT_M2	Bacterial-higher mitochondrial respiration and oxidative phosphorylation programme	higher_in_bacterial	0.0283883018192068
main_all_projected_reference	DefiniteViral_13	primary_viral	BACT_M2	Bacterial-higher mitochondrial respiration and oxidative phosphorylation programme	higher_in_bacterial	-0.403044106238133
main_all_projected_reference	DefiniteViral_14	primary_viral	BACT_M2	Bacterial-higher mitochondrial respiration and oxidative phosphorylation programme	higher_in_bacterial	0.108976589293702
main_all_projected_reference	DefiniteViral_15	primary_viral	BACT_M2	Bacterial-higher mitochondrial respiration and oxidative phosphorylation programme	higher_in_bacterial	-0.278555776781641
main_all_projected_reference	DefiniteViral_16	primary_viral	BACT_M2	Bacterial-higher mitochondrial respiration and oxidative phosphorylation programme	higher_in_bacterial	0.404079641678504
main_all_projected_reference	DefiniteViral_17	primary_viral	BACT_M2	Bacterial-higher mitochondrial respiration and oxidative phosphorylation programme	higher_in_bacterial	-0.330520653083631
main_all_projected_reference	DefiniteViral_18	primary_viral	BACT_M2	Bacterial-higher mitochondrial respiration and oxidative phosphorylation programme	higher_in_bacterial	-0.432281462475091
main_all_projected_reference	DefiniteViral_19	primary_viral	BACT_M2	Bacterial-higher mitochondrial respiration and oxidative phosphorylation programme	higher_in_bacterial	-0.0605887346882193
main_all_projected_reference	DefiniteViral_20	primary_viral	BACT_M2	Bacterial-higher mitochondrial respiration and oxidative phosphorylation programme	higher_in_bacterial	0.319611818651774
main_all_projected_reference	DefiniteViral_21	primary_viral	BACT_M2	Bacterial-higher mitochondrial respiration and oxidative phosphorylation programme	higher_in_bacterial	-0.345270146581473
main_all_projected_reference	DefiniteViral_22	primary_viral	BACT_M2	Bacterial-higher mitochondrial respiration and oxidative phosphorylation programme	higher_in_bacterial	-0.320888183913153
main_all_projected_reference	DefiniteViral_23	primary_viral	BACT_M2	Bacterial-higher mitochondrial respiration and oxidative phosphorylation programme	higher_in_bacterial	-0.0283429232553488
main_all_projected_reference	DefiniteViral_24	primary_viral	BACT_M2	Bacterial-higher mitochondrial respiration and oxidative phosphorylation programme	higher_in_bacterial	-0.401097295428704
main_all_projected_reference	DefiniteViral_25	primary_viral	BACT_M2	Bacterial-higher mitochondrial respiration and oxidative phosphorylation programme	higher_in_bacterial	-0.597309430038292
main_all_projected_reference	DefiniteViral_26	primary_viral	BACT_M2	Bacterial-higher mitochondrial respiration and oxidative phosphorylation programme	higher_in_bacterial	0.538053557804954
main_all_projected_reference	DefiniteViral_27	primary_viral	BACT_M2	Bacterial-higher mitochondrial respiration and oxidative phosphorylation programme	higher_in_bacterial	0.036837213607248
main_all_projected_reference	DefiniteViral_28	primary_viral	BACT_M2	Bacterial-higher mitochondrial respiration and oxidative phosphorylation programme	higher_in_bacterial	0.187240625835977
main_all_projected_reference	DefiniteViral_29	primary_viral	BACT_M2	Bacterial-higher mitochondrial respiration and oxidative phosphorylation programme	higher_in_bacterial	0.120022738204557
main_all_projected_reference	DefiniteViral_30	primary_viral	BACT_M2	Bacterial-higher mitochondrial respiration and oxidative phosphorylation programme	higher_in_bacterial	-0.134615920943766
main_all_projected_reference	DefiniteViral_31	primary_viral	BACT_M2	Bacterial-higher mitochondrial respiration and oxidative phosphorylation programme	higher_in_bacterial	-0.0369401765282753
main_all_projected_reference	DefiniteViral_32	primary_viral	BACT_M2	Bacterial-higher mitochondrial respiration and oxidative phosphorylation programme	higher_in_bacterial	-0.598548382178032
main_all_projected_reference	DefiniteViral_33	primary_viral	BACT_M2	Bacterial-higher mitochondrial respiration and oxidative phosphorylation programme	higher_in_bacterial	0.560343088820636
main_all_projected_reference	DefiniteViral_34	primary_viral	BACT_M2	Bacterial-higher mitochondrial respiration and oxidative phosphorylation programme	higher_in_bacterial	-0.041712743341262
main_all_projected_reference	DefiniteViral_35	primary_viral	BACT_M2	Bacterial-higher mitochondrial respiration and oxidative phosphorylation programme	higher_in_bacterial	-0.657413064910717
main_all_projected_reference	DefiniteViral_36	primary_viral	BACT_M2	Bacterial-higher mitochondrial respiration and oxidative phosphorylation programme	higher_in_bacterial	-0.621263880890423
main_all_projected_reference	DefiniteViral_37	primary_viral	BACT_M2	Bacterial-higher mitochondrial respiration and oxidative phosphorylation programme	higher_in_bacterial	-0.529155081121309
main_all_projected_reference	DefiniteViral_38	primary_viral	BACT_M2	Bacterial-higher mitochondrial respiration and oxidative phosphorylation programme	higher_in_bacterial	-0.431962403546735
main_all_projected_reference	DefiniteViral_39	primary_viral	BACT_M2	Bacterial-higher mitochondrial respiration and oxidative phosphorylation programme	higher_in_bacterial	0.407711714989742
main_all_projected_reference	DefiniteViral_40	primary_viral	BACT_M2	Bacterial-higher mitochondrial respiration and oxidative phosphorylation programme	higher_in_bacterial	-0.694066158193285
main_all_projected_reference	DefiniteViral_41	primary_viral	BACT_M2	Bacterial-higher mitochondrial respiration and oxidative phosphorylation programme	higher_in_bacterial	-0.559821431001119
main_all_projected_reference	DefiniteViral_42	primary_viral	BACT_M2	Bacterial-higher mitochondrial respiration and oxidative phosphorylation programme	higher_in_bacterial	-0.628834559829744
main_all_projected_reference	DefiniteViral_43	primary_viral	BACT_M2	Bacterial-higher mitochondrial respiration and oxidative phosphorylation programme	higher_in_bacterial	-0.54194094050553
main_all_projected_reference	DefiniteViral_44	primary_viral	BACT_M2	Bacterial-higher mitochondrial respiration and oxidative phosphorylation programme	higher_in_bacterial	-0.560715527566352
main_all_projected_reference	DefiniteViral_45	primary_viral	BACT_M2	Bacterial-higher mitochondrial respiration and oxidative phosphorylation programme	higher_in_bacterial	0.178553861288737
main_all_projected_reference	DefiniteViral_46	primary_viral	BACT_M2	Bacterial-higher mitochondrial respiration and oxidative phosphorylation programme	higher_in_bacterial	0.38823848970237
main_all_projected_reference	DefiniteViral_47	primary_viral	BACT_M2	Bacterial-higher mitochondrial respiration and oxidative phosphorylation programme	higher_in_bacterial	0.328950793691664
main_all_projected_reference	DefiniteViral_48	primary_viral	BACT_M2	Bacterial-higher mitochondrial respiration and oxidative phosphorylation programme	higher_in_bacterial	0.238813730056432
main_all_projected_reference	DefiniteViral_49	primary_viral	BACT_M2	Bacterial-higher mitochondrial respiration and oxidative phosphorylation programme	higher_in_bacterial	-0.636332875335803
main_all_projected_reference	DefiniteViral_50	primary_viral	BACT_M2	Bacterial-higher mitochondrial respiration and oxidative phosphorylation programme	higher_in_bacterial	0.556865779397027
main_all_projected_reference	DefiniteViral_51	primary_viral	BACT_M2	Bacterial-higher mitochondrial respiration and oxidative phosphorylation programme	higher_in_bacterial	-0.196397783147755
main_all_projected_reference	DefiniteViral_52	primary_viral	BACT_M2	Bacterial-higher mitochondrial respiration and oxidative phosphorylation programme	higher_in_bacterial	0.491167572705253
main_all_projected_reference	DefiniteViral_53	primary_viral	BACT_M2	Bacterial-higher mitochondrial respiration and oxidative phosphorylation programme	higher_in_bacterial	0.552885439720597
main_all_projected_reference	DefiniteViral_54	primary_viral	BACT_M2	Bacterial-higher mitochondrial respiration and oxidative phosphorylation programme	higher_in_bacterial	-0.337756928005759
main_all_projected_reference	DefiniteViral_55	primary_viral	BACT_M2	Bacterial-higher mitochondrial respiration and oxidative phosphorylation programme	higher_in_bacterial	0.50064437934493
main_all_projected_reference	DefiniteViral_56	primary_viral	BACT_M2	Bacterial-higher mitochondrial respiration and oxidative phosphorylation programme	higher_in_bacterial	-0.229476931414336
main_all_projected_reference	DefiniteViral_57	primary_viral	BACT_M2	Bacterial-higher mitochondrial respiration and oxidative phosphorylation programme	higher_in_bacterial	-0.172543369143516
main_all_projected_reference	DefiniteViral_58	primary_viral	BACT_M2	Bacterial-higher mitochondrial respiration and oxidative phosphorylation programme	higher_in_bacterial	0.0132146323918989
main_all_projected_reference	DefiniteViral_59	primary_viral	BACT_M2	Bacterial-higher mitochondrial respiration and oxidative phosphorylation programme	higher_in_bacterial	0.162443216025396
main_all_projected_reference	DefiniteViral_60	primary_viral	BACT_M2	Bacterial-higher mitochondrial respiration and oxidative phosphorylation programme	higher_in_bacterial	0.152892561983472
main_all_projected_reference	DefiniteViral_61	primary_viral	BACT_M2	Bacterial-higher mitochondrial respiration and oxidative phosphorylation programme	higher_in_bacterial	-0.0228256591892947
main_all_projected_reference	DefiniteViral_62	primary_viral	BACT_M2	Bacterial-higher mitochondrial respiration and oxidative phosphorylation programme	higher_in_bacterial	-0.249846683993808
main_all_projected_reference	DefiniteViral_63	primary_viral	BACT_M2	Bacterial-higher mitochondrial respiration and oxidative phosphorylation programme	higher_in_bacterial	-0.289600432913923
main_all_projected_reference	DefiniteViral_64	primary_viral	BACT_M2	Bacterial-higher mitochondrial respiration and oxidative phosphorylation programme	higher_in_bacterial	-0.349586776859502
main_all_projected_reference	DefiniteViral_65	primary_viral	BACT_M2	Bacterial-higher mitochondrial respiration and oxidative phosphorylation programme	higher_in_bacterial	0.110478983382209
main_all_projected_reference	DefiniteViral_66	primary_viral	BACT_M2	Bacterial-higher mitochondrial respiration and oxidative phosphorylation programme	higher_in_bacterial	0.355186182561055
main_all_projected_reference	DefiniteViral_67	primary_viral	BACT_M2	Bacterial-higher mitochondrial respiration and oxidative phosphorylation programme	higher_in_bacterial	0.0268499141160775
main_all_projected_reference	DefiniteViral_68	primary_viral	BACT_M2	Bacterial-higher mitochondrial respiration and oxidative phosphorylation programme	higher_in_bacterial	0.217968858447798
main_all_projected_reference	DefiniteViral_69	primary_viral	BACT_M2	Bacterial-higher mitochondrial respiration and oxidative phosphorylation programme	higher_in_bacterial	0.322134387351779
main_all_projected_reference	DefiniteViral_70	primary_viral	BACT_M2	Bacterial-higher mitochondrial respiration and oxidative phosphorylation programme	higher_in_bacterial	0.447423220640266
main_all_projected_reference	DefiniteViral_71	primary_viral	BACT_M2	Bacterial-higher mitochondrial respiration and oxidative phosphorylation programme	higher_in_bacterial	0.529962793454283
main_all_projected_reference	DefiniteViral_72	primary_viral	BACT_M2	Bacterial-higher mitochondrial respiration and oxidative phosphorylation programme	higher_in_bacterial	-0.265520019540149
main_all_projected_reference	DefiniteViral_73	primary_viral	BACT_M2	Bacterial-higher mitochondrial respiration and oxidative phosphorylation programme	higher_in_bacterial	0.449434295027413
main_all_projected_reference	DefiniteViral_74	primary_viral	BACT_M2	Bacterial-higher mitochondrial respiration and oxidative phosphorylation programme	higher_in_bacterial	-0.356249810795262
main_all_projected_reference	DefiniteViral_75	primary_viral	BACT_M2	Bacterial-higher mitochondrial respiration and oxidative phosphorylation programme	higher_in_bacterial	-0.357996707540176
main_all_projected_reference	DefiniteViral_76	primary_viral	BACT_M2	Bacterial-higher mitochondrial respiration and oxidative phosphorylation programme	higher_in_bacterial	-0.62145167085878
main_all_projected_reference	DefiniteViral_77	primary_viral	BACT_M2	Bacterial-higher mitochondrial respiration and oxidative phosphorylation programme	higher_in_bacterial	-0.391239669421486
main_all_projected_reference	DefiniteViral_78	primary_viral	BACT_M2	Bacterial-higher mitochondrial respiration and oxidative phosphorylation programme	higher_in_bacterial	-0.515100337055738
main_all_projected_reference	DefiniteViral_79	primary_viral	BACT_M2	Bacterial-higher mitochondrial respiration and oxidative phosphorylation programme	higher_in_bacterial	-0.463711959915707
main_all_projected_reference	DefiniteViral_80	primary_viral	BACT_M2	Bacterial-higher mitochondrial respiration and oxidative phosphorylation programme	higher_in_bacterial	-0.696114784514768
main_all_projected_reference	DefiniteViral_81	primary_viral	BACT_M2	Bacterial-higher mitochondrial respiration and oxidative phosphorylation programme	higher_in_bacterial	-0.235822171558847
main_all_projected_reference	DefiniteViral_82	primary_viral	BACT_M2	Bacterial-higher mitochondrial respiration and oxidative phosphorylation programme	higher_in_bacterial	-0.29240121664364
main_all_projected_reference	DefiniteViral_83	primary_viral	BACT_M2	Bacterial-higher mitochondrial respiration and oxidative phosphorylation programme	higher_in_bacterial	0.0211008143933701
main_all_projected_reference	DefiniteViral_84	primary_viral	BACT_M2	Bacterial-higher mitochondrial respiration and oxidative phosphorylation programme	higher_in_bacterial	-0.435472821886219
main_all_projected_reference	DefiniteViral_85	primary_viral	BACT_M2	Bacterial-higher mitochondrial respiration and oxidative phosphorylation programme	higher_in_bacterial	0.0724877121969353
main_all_projected_reference	DefiniteViral_86	primary_viral	BACT_M2	Bacterial-higher mitochondrial respiration and oxidative phosphorylation programme	higher_in_bacterial	0.188265845157342
main_all_projected_reference	DefiniteViral_87	primary_viral	BACT_M2	Bacterial-higher mitochondrial respiration and oxidative phosphorylation programme	higher_in_bacterial	-0.491397025887562
main_all_projected_reference	DefiniteViral_88	primary_viral	BACT_M2	Bacterial-higher mitochondrial respiration and oxidative phosphorylation programme	higher_in_bacterial	0.569634723361303
main_all_projected_reference	DefiniteViral_89	primary_viral	BACT_M2	Bacterial-higher mitochondrial respiration and oxidative phosphorylation programme	higher_in_bacterial	-0.147265662631257
main_all_projected_reference	DefiniteViral_90	primary_viral	BACT_M2	Bacterial-higher mitochondrial respiration and oxidative phosphorylation programme	higher_in_bacterial	0.225563463624169
main_all_projected_reference	DefiniteViral_91	primary_viral	BACT_M2	Bacterial-higher mitochondrial respiration and oxidative phosphorylation programme	higher_in_bacterial	0.0568903558286451
main_all_projected_reference	DefiniteViral_92	primary_viral	BACT_M2	Bacterial-higher mitochondrial respiration and oxidative phosphorylation programme	higher_in_bacterial	-0.18935112622539
main_all_projected_reference	DefiniteViral_93	primary_viral	BACT_M2	Bacterial-higher mitochondrial respiration and oxidative phosphorylation programme	higher_in_bacterial	0.236237641420695
main_all_projected_reference	DefiniteViral_94	primary_viral	BACT_M2	Bacterial-higher mitochondrial respiration and oxidative phosphorylation programme	higher_in_bacterial	-0.407261036873464
main_all_projected_reference	Control_01	secondary_control_context	VIR_M1a	Viral-higher broad antiviral and interferon-stimulated defence programme	higher_in_viral	-0.213291015896879
main_all_projected_reference	Control_02	secondary_control_context	VIR_M1a	Viral-higher broad antiviral and interferon-stimulated defence programme	higher_in_viral	0.516090373112584
main_all_projected_reference	Control_03	secondary_control_context	VIR_M1a	Viral-higher broad antiviral and interferon-stimulated defence programme	higher_in_viral	-0.287844630477317
main_all_projected_reference	Control_04	secondary_control_context	VIR_M1a	Viral-higher broad antiviral and interferon-stimulated defence programme	higher_in_viral	-0.204599356727383
main_all_projected_reference	Control_05	secondary_control_context	VIR_M1a	Viral-higher broad antiviral and interferon-stimulated defence programme	higher_in_viral	-0.428174414927262
main_all_projected_reference	Control_06	secondary_control_context	VIR_M1a	Viral-higher broad antiviral and interferon-stimulated defence programme	higher_in_viral	-0.188357898265019
main_all_projected_reference	Control_07	secondary_control_context	VIR_M1a	Viral-higher broad antiviral and interferon-stimulated defence programme	higher_in_viral	-0.3243265993266
main_all_projected_reference	Control_08	secondary_control_context	VIR_M1a	Viral-higher broad antiviral and interferon-stimulated defence programme	higher_in_viral	0.0474633281692699
main_all_projected_reference	Control_09	secondary_control_context	VIR_M1a	Viral-higher broad antiviral and interferon-stimulated defence programme	higher_in_viral	-0.105804126273925
main_all_projected_reference	Control_10	secondary_control_context	VIR_M1a	Viral-higher broad antiviral and interferon-stimulated defence programme	higher_in_viral	-0.343120751052121
main_all_projected_reference	Control_11	secondary_control_context	VIR_M1a	Viral-higher broad antiviral and interferon-stimulated defence programme	higher_in_viral	-0.476372010296452
main_all_projected_reference	Control_12	secondary_control_context	VIR_M1a	Viral-higher broad antiviral and interferon-stimulated defence programme	higher_in_viral	-0.0785160657346088
main_all_projected_reference	Control_13	secondary_control_context	VIR_M1a	Viral-higher broad antiviral and interferon-stimulated defence programme	higher_in_viral	-0.0932608050904585
main_all_projected_reference	Control_14	secondary_control_context	VIR_M1a	Viral-higher broad antiviral and interferon-stimulated defence programme	higher_in_viral	-0.179527547544914
main_all_projected_reference	Control_15	secondary_control_context	VIR_M1a	Viral-higher broad antiviral and interferon-stimulated defence programme	higher_in_viral	-0.130846915083069
main_all_projected_reference	Control_16	secondary_control_context	VIR_M1a	Viral-higher broad antiviral and interferon-stimulated defence programme	higher_in_viral	0.036382162550947
main_all_projected_reference	Control_17	secondary_control_context	VIR_M1a	Viral-higher broad antiviral and interferon-stimulated defence programme	higher_in_viral	-0.412106755458557
main_all_projected_reference	Control_18	secondary_control_context	VIR_M1a	Viral-higher broad antiviral and interferon-stimulated defence programme	higher_in_viral	-0.217237554390654
main_all_projected_reference	Control_19	secondary_control_context	VIR_M1a	Viral-higher broad antiviral and interferon-stimulated defence programme	higher_in_viral	-0.416967088153529
main_all_projected_reference	Control_20	secondary_control_context	VIR_M1a	Viral-higher broad antiviral and interferon-stimulated defence programme	higher_in_viral	-0.353059425985472
main_all_projected_reference	Control_21	secondary_control_context	VIR_M1a	Viral-higher broad antiviral and interferon-stimulated defence programme	higher_in_viral	-0.433950936954564
main_all_projected_reference	Control_22	secondary_control_context	VIR_M1a	Viral-higher broad antiviral and interferon-stimulated defence programme	higher_in_viral	0.105759948778566
main_all_projected_reference	Control_23	secondary_control_context	VIR_M1a	Viral-higher broad antiviral and interferon-stimulated defence programme	higher_in_viral	-0.335666767245715
main_all_projected_reference	Control_24	secondary_control_context	VIR_M1a	Viral-higher broad antiviral and interferon-stimulated defence programme	higher_in_viral	-0.30932158627538
main_all_projected_reference	Control_25	secondary_control_context	VIR_M1a	Viral-higher broad antiviral and interferon-stimulated defence programme	higher_in_viral	-0.250018673370863
main_all_projected_reference	Control_26	secondary_control_context	VIR_M1a	Viral-higher broad antiviral and interferon-stimulated defence programme	higher_in_viral	0.277002545228841
main_all_projected_reference	Control_27	secondary_control_context	VIR_M1a	Viral-higher broad antiviral and interferon-stimulated defence programme	higher_in_viral	-0.1194646397885
main_all_projected_reference	Control_28	secondary_control_context	VIR_M1a	Viral-higher broad antiviral and interferon-stimulated defence programme	higher_in_viral	-0.0984946300244808
main_all_projected_reference	Control_29	secondary_control_context	VIR_M1a	Viral-higher broad antiviral and interferon-stimulated defence programme	higher_in_viral	0.185337970238441
main_all_projected_reference	Control_30	secondary_control_context	VIR_M1a	Viral-higher broad antiviral and interferon-stimulated defence programme	higher_in_viral	-0.424627697610071
main_all_projected_reference	Control_31	secondary_control_context	VIR_M1a	Viral-higher broad antiviral and interferon-stimulated defence programme	higher_in_viral	0.0336515666872807
main_all_projected_reference	Control_32	secondary_control_context	VIR_M1a	Viral-higher broad antiviral and interferon-stimulated defence programme	higher_in_viral	0.0795306757138819
main_all_projected_reference	Control_33	secondary_control_context	VIR_M1a	Viral-higher broad antiviral and interferon-stimulated defence programme	higher_in_viral	-0.111502445842068
main_all_projected_reference	Control_34	secondary_control_context	VIR_M1a	Viral-higher broad antiviral and interferon-stimulated defence programme	higher_in_viral	-0.010907075311668
main_all_projected_reference	Control_35	secondary_control_context	VIR_M1a	Viral-higher broad antiviral and interferon-stimulated defence programme	higher_in_viral	-0.220187390041324
main_all_projected_reference	Control_36	secondary_control_context	VIR_M1a	Viral-higher broad antiviral and interferon-stimulated defence programme	higher_in_viral	0.0120535415291294
main_all_projected_reference	Control_37	secondary_control_context	VIR_M1a	Viral-higher broad antiviral and interferon-stimulated defence programme	higher_in_viral	0.149841687590122
main_all_projected_reference	Control_38	secondary_control_context	VIR_M1a	Viral-higher broad antiviral and interferon-stimulated defence programme	higher_in_viral	-0.132658389048074
main_all_projected_reference	Control_39	secondary_control_context	VIR_M1a	Viral-higher broad antiviral and interferon-stimulated defence programme	higher_in_viral	-0.288893055034788
main_all_projected_reference	Control_40	secondary_control_context	VIR_M1a	Viral-higher broad antiviral and interferon-stimulated defence programme	higher_in_viral	0.555179502607299
main_all_projected_reference	Control_41	secondary_control_context	VIR_M1a	Viral-higher broad antiviral and interferon-stimulated defence programme	higher_in_viral	0.035902337747766
main_all_projected_reference	Control_42	secondary_control_context	VIR_M1a	Viral-higher broad antiviral and interferon-stimulated defence programme	higher_in_viral	-0.168642935546516
main_all_projected_reference	Control_43	secondary_control_context	VIR_M1a	Viral-higher broad antiviral and interferon-stimulated defence programme	higher_in_viral	-0.136920791759501
main_all_projected_reference	Control_44	secondary_control_context	VIR_M1a	Viral-higher broad antiviral and interferon-stimulated defence programme	higher_in_viral	-0.245762931493283
main_all_projected_reference	Control_45	secondary_control_context	VIR_M1a	Viral-higher broad antiviral and interferon-stimulated defence programme	higher_in_viral	-0.335118035037455
main_all_projected_reference	Control_46	secondary_control_context	VIR_M1a	Viral-higher broad antiviral and interferon-stimulated defence programme	higher_in_viral	-0.209246995339711
main_all_projected_reference	Control_47	secondary_control_context	VIR_M1a	Viral-higher broad antiviral and interferon-stimulated defence programme	higher_in_viral	-0.296744383868848
main_all_projected_reference	Control_48	secondary_control_context	VIR_M1a	Viral-higher broad antiviral and interferon-stimulated defence programme	higher_in_viral	0.269590199238921
main_all_projected_reference	Control_49	secondary_control_context	VIR_M1a	Viral-higher broad antiviral and interferon-stimulated defence programme	higher_in_viral	0.059271781925285
main_all_projected_reference	Control_50	secondary_control_context	VIR_M1a	Viral-higher broad antiviral and interferon-stimulated defence programme	higher_in_viral	-0.351050165209458
main_all_projected_reference	Control_51	secondary_control_context	VIR_M1a	Viral-higher broad antiviral and interferon-stimulated defence programme	higher_in_viral	0.00675647629290038
main_all_projected_reference	Control_52	secondary_control_context	VIR_M1a	Viral-higher broad antiviral and interferon-stimulated defence programme	higher_in_viral	-0.388731995297422
main_all_projected_reference	Control_53	secondary_control_context	VIR_M1a	Viral-higher broad antiviral and interferon-stimulated defence programme	higher_in_viral	0.552112942960014
main_all_projected_reference	Control_54	secondary_control_context	VIR_M1a	Viral-higher broad antiviral and interferon-stimulated defence programme	higher_in_viral	0.161215820020343
main_all_projected_reference	Control_55	secondary_control_context	VIR_M1a	Viral-higher broad antiviral and interferon-stimulated defence programme	higher_in_viral	-0.378381642512078
main_all_projected_reference	DefiniteBacterial_01	primary_bacterial	VIR_M1a	Viral-higher broad antiviral and interferon-stimulated defence programme	higher_in_viral	-0.402482702482704
main_all_projected_reference	DefiniteBacterial_02	primary_bacterial	VIR_M1a	Viral-higher broad antiviral and interferon-stimulated defence programme	higher_in_viral	0.193963101994042
main_all_projected_reference	DefiniteBacterial_03	primary_bacterial	VIR_M1a	Viral-higher broad antiviral and interferon-stimulated defence programme	higher_in_viral	0.0782281272190454
main_all_projected_reference	DefiniteBacterial_04	primary_bacterial	VIR_M1a	Viral-higher broad antiviral and interferon-stimulated defence programme	higher_in_viral	0.214230734401883
main_all_projected_reference	DefiniteBacterial_05	primary_bacterial	VIR_M1a	Viral-higher broad antiviral and interferon-stimulated defence programme	higher_in_viral	0.279910424723104
main_all_projected_reference	DefiniteBacterial_06	primary_bacterial	VIR_M1a	Viral-higher broad antiviral and interferon-stimulated defence programme	higher_in_viral	0.409111516851454
main_all_projected_reference	DefiniteBacterial_07	primary_bacterial	VIR_M1a	Viral-higher broad antiviral and interferon-stimulated defence programme	higher_in_viral	-0.36211460383313
main_all_projected_reference	DefiniteBacterial_08	primary_bacterial	VIR_M1a	Viral-higher broad antiviral and interferon-stimulated defence programme	higher_in_viral	-0.298990306946689
main_all_projected_reference	DefiniteBacterial_09	primary_bacterial	VIR_M1a	Viral-higher broad antiviral and interferon-stimulated defence programme	higher_in_viral	0.202942123276066
main_all_projected_reference	DefiniteBacterial_10	primary_bacterial	VIR_M1a	Viral-higher broad antiviral and interferon-stimulated defence programme	higher_in_viral	-0.234894821640994
main_all_projected_reference	DefiniteBacterial_11	primary_bacterial	VIR_M1a	Viral-higher broad antiviral and interferon-stimulated defence programme	higher_in_viral	-0.322940379403795
main_all_projected_reference	DefiniteBacterial_12	primary_bacterial	VIR_M1a	Viral-higher broad antiviral and interferon-stimulated defence programme	higher_in_viral	-0.22914653784219
main_all_projected_reference	DefiniteBacterial_13	primary_bacterial	VIR_M1a	Viral-higher broad antiviral and interferon-stimulated defence programme	higher_in_viral	-0.21351235241792
main_all_projected_reference	DefiniteBacterial_14	primary_bacterial	VIR_M1a	Viral-higher broad antiviral and interferon-stimulated defence programme	higher_in_viral	-0.328428233859289
main_all_projected_reference	DefiniteBacterial_15	primary_bacterial	VIR_M1a	Viral-higher broad antiviral and interferon-stimulated defence programme	higher_in_viral	-0.276605827729747
main_all_projected_reference	DefiniteBacterial_16	primary_bacterial	VIR_M1a	Viral-higher broad antiviral and interferon-stimulated defence programme	higher_in_viral	-0.153420663868952
main_all_projected_reference	DefiniteBacterial_17	primary_bacterial	VIR_M1a	Viral-higher broad antiviral and interferon-stimulated defence programme	higher_in_viral	-0.245236840481041
main_all_projected_reference	DefiniteBacterial_18	primary_bacterial	VIR_M1a	Viral-higher broad antiviral and interferon-stimulated defence programme	higher_in_viral	0.207374689176809
main_all_projected_reference	DefiniteBacterial_19	primary_bacterial	VIR_M1a	Viral-higher broad antiviral and interferon-stimulated defence programme	higher_in_viral	-0.37248259393521
main_all_projected_reference	DefiniteBacterial_20	primary_bacterial	VIR_M1a	Viral-higher broad antiviral and interferon-stimulated defence programme	higher_in_viral	-0.108838630749101
main_all_projected_reference	DefiniteBacterial_21	primary_bacterial	VIR_M1a	Viral-higher broad antiviral and interferon-stimulated defence programme	higher_in_viral	-0.330327151676454
main_all_projected_reference	DefiniteBacterial_22	primary_bacterial	VIR_M1a	Viral-higher broad antiviral and interferon-stimulated defence programme	higher_in_viral	-0.0828693253072485
main_all_projected_reference	DefiniteBacterial_23	primary_bacterial	VIR_M1a	Viral-higher broad antiviral and interferon-stimulated defence programme	higher_in_viral	-0.12561425724691
main_all_projected_reference	DefiniteBacterial_24	primary_bacterial	VIR_M1a	Viral-higher broad antiviral and interferon-stimulated defence programme	higher_in_viral	-0.475603308265368
main_all_projected_reference	DefiniteBacterial_25	primary_bacterial	VIR_M1a	Viral-higher broad antiviral and interferon-stimulated defence programme	higher_in_viral	-0.276676204315413
main_all_projected_reference	DefiniteBacterial_26	primary_bacterial	VIR_M1a	Viral-higher broad antiviral and interferon-stimulated defence programme	higher_in_viral	-0.0453239519202578
main_all_projected_reference	DefiniteBacterial_27	primary_bacterial	VIR_M1a	Viral-higher broad antiviral and interferon-stimulated defence programme	higher_in_viral	-0.28364779874214
main_all_projected_reference	DefiniteBacterial_28	primary_bacterial	VIR_M1a	Viral-higher broad antiviral and interferon-stimulated defence programme	higher_in_viral	-0.0954634594379907
main_all_projected_reference	DefiniteBacterial_29	primary_bacterial	VIR_M1a	Viral-higher broad antiviral and interferon-stimulated defence programme	higher_in_viral	-0.318068836851308
main_all_projected_reference	DefiniteBacterial_30	primary_bacterial	VIR_M1a	Viral-higher broad antiviral and interferon-stimulated defence programme	higher_in_viral	-0.234138964147996
main_all_projected_reference	DefiniteBacterial_31	primary_bacterial	VIR_M1a	Viral-higher broad antiviral and interferon-stimulated defence programme	higher_in_viral	-0.302420859171262
main_all_projected_reference	DefiniteBacterial_32	primary_bacterial	VIR_M1a	Viral-higher broad antiviral and interferon-stimulated defence programme	higher_in_viral	-0.076448755289844
main_all_projected_reference	DefiniteBacterial_33	primary_bacterial	VIR_M1a	Viral-higher broad antiviral and interferon-stimulated defence programme	higher_in_viral	-0.304816915213891
main_all_projected_reference	DefiniteBacterial_34	primary_bacterial	VIR_M1a	Viral-higher broad antiviral and interferon-stimulated defence programme	higher_in_viral	-0.416137058363547
main_all_projected_reference	DefiniteBacterial_35	primary_bacterial	VIR_M1a	Viral-higher broad antiviral and interferon-stimulated defence programme	higher_in_viral	-0.246379485419259
main_all_projected_reference	DefiniteBacterial_36	primary_bacterial	VIR_M1a	Viral-higher broad antiviral and interferon-stimulated defence programme	higher_in_viral	0.0709838049573644
main_all_projected_reference	DefiniteBacterial_37	primary_bacterial	VIR_M1a	Viral-higher broad antiviral and interferon-stimulated defence programme	higher_in_viral	-0.435916179337233
main_all_projected_reference	DefiniteBacterial_38	primary_bacterial	VIR_M1a	Viral-higher broad antiviral and interferon-stimulated defence programme	higher_in_viral	-0.433384132745457
main_all_projected_reference	DefiniteBacterial_39	primary_bacterial	VIR_M1a	Viral-higher broad antiviral and interferon-stimulated defence programme	higher_in_viral	-0.501226009371592
main_all_projected_reference	DefiniteBacterial_40	primary_bacterial	VIR_M1a	Viral-higher broad antiviral and interferon-stimulated defence programme	higher_in_viral	-0.0200814032648212
main_all_projected_reference	DefiniteBacterial_41	primary_bacterial	VIR_M1a	Viral-higher broad antiviral and interferon-stimulated defence programme	higher_in_viral	-0.0711251259142469
main_all_projected_reference	DefiniteBacterial_42	primary_bacterial	VIR_M1a	Viral-higher broad antiviral and interferon-stimulated defence programme	higher_in_viral	0.140774895145976
main_all_projected_reference	DefiniteBacterial_43	primary_bacterial	VIR_M1a	Viral-higher broad antiviral and interferon-stimulated defence programme	higher_in_viral	0.100021273427361
main_all_projected_reference	DefiniteBacterial_44	primary_bacterial	VIR_M1a	Viral-higher broad antiviral and interferon-stimulated defence programme	higher_in_viral	-0.27107881058046
main_all_projected_reference	DefiniteBacterial_45	primary_bacterial	VIR_M1a	Viral-higher broad antiviral and interferon-stimulated defence programme	higher_in_viral	-0.154231129864042
main_all_projected_reference	DefiniteBacterial_46	primary_bacterial	VIR_M1a	Viral-higher broad antiviral and interferon-stimulated defence programme	higher_in_viral	-0.206398618270042
main_all_projected_reference	DefiniteBacterial_47	primary_bacterial	VIR_M1a	Viral-higher broad antiviral and interferon-stimulated defence programme	higher_in_viral	-0.124435438477992
main_all_projected_reference	DefiniteBacterial_48	primary_bacterial	VIR_M1a	Viral-higher broad antiviral and interferon-stimulated defence programme	higher_in_viral	-0.233863749378419
main_all_projected_reference	DefiniteBacterial_49	primary_bacterial	VIR_M1a	Viral-higher broad antiviral and interferon-stimulated defence programme	higher_in_viral	-0.412780791146177
main_all_projected_reference	DefiniteBacterial_50	primary_bacterial	VIR_M1a	Viral-higher broad antiviral and interferon-stimulated defence programme	higher_in_viral	-0.444005525382818
main_all_projected_reference	DefiniteBacterial_51	primary_bacterial	VIR_M1a	Viral-higher broad antiviral and interferon-stimulated defence programme	higher_in_viral	-0.370542635658916
main_all_projected_reference	DefiniteBacterial_52	primary_bacterial	VIR_M1a	Viral-higher broad antiviral and interferon-stimulated defence programme	higher_in_viral	-0.310795298511562
main_all_projected_reference	DefiniteViral_01	primary_viral	VIR_M1a	Viral-higher broad antiviral and interferon-stimulated defence programme	higher_in_viral	0.462875869908326
main_all_projected_reference	DefiniteViral_02	primary_viral	VIR_M1a	Viral-higher broad antiviral and interferon-stimulated defence programme	higher_in_viral	0.414193469785575
main_all_projected_reference	DefiniteViral_03	primary_viral	VIR_M1a	Viral-higher broad antiviral and interferon-stimulated defence programme	higher_in_viral	0.29166102640463
main_all_projected_reference	DefiniteViral_04	primary_viral	VIR_M1a	Viral-higher broad antiviral and interferon-stimulated defence programme	higher_in_viral	-0.434578449177263
main_all_projected_reference	DefiniteViral_05	primary_viral	VIR_M1a	Viral-higher broad antiviral and interferon-stimulated defence programme	higher_in_viral	0.360566448801742
main_all_projected_reference	DefiniteViral_06	primary_viral	VIR_M1a	Viral-higher broad antiviral and interferon-stimulated defence programme	higher_in_viral	0.367259219952241
main_all_projected_reference	DefiniteViral_07	primary_viral	VIR_M1a	Viral-higher broad antiviral and interferon-stimulated defence programme	higher_in_viral	0.477759040659546
main_all_projected_reference	DefiniteViral_08	primary_viral	VIR_M1a	Viral-higher broad antiviral and interferon-stimulated defence programme	higher_in_viral	0.440352918363389
main_all_projected_reference	DefiniteViral_09	primary_viral	VIR_M1a	Viral-higher broad antiviral and interferon-stimulated defence programme	higher_in_viral	0.449989804823541
main_all_projected_reference	DefiniteViral_10	primary_viral	VIR_M1a	Viral-higher broad antiviral and interferon-stimulated defence programme	higher_in_viral	0.32926896144436
main_all_projected_reference	DefiniteViral_11	primary_viral	VIR_M1a	Viral-higher broad antiviral and interferon-stimulated defence programme	higher_in_viral	0.322963779356137
main_all_projected_reference	DefiniteViral_12	primary_viral	VIR_M1a	Viral-higher broad antiviral and interferon-stimulated defence programme	higher_in_viral	0.052632559612814
main_all_projected_reference	DefiniteViral_13	primary_viral	VIR_M1a	Viral-higher broad antiviral and interferon-stimulated defence programme	higher_in_viral	0.426740416565361
main_all_projected_reference	DefiniteViral_14	primary_viral	VIR_M1a	Viral-higher broad antiviral and interferon-stimulated defence programme	higher_in_viral	0.13303787085752
main_all_projected_reference	DefiniteViral_15	primary_viral	VIR_M1a	Viral-higher broad antiviral and interferon-stimulated defence programme	higher_in_viral	0.309247906562766
main_all_projected_reference	DefiniteViral_16	primary_viral	VIR_M1a	Viral-higher broad antiviral and interferon-stimulated defence programme	higher_in_viral	-0.172838296849562
main_all_projected_reference	DefiniteViral_17	primary_viral	VIR_M1a	Viral-higher broad antiviral and interferon-stimulated defence programme	higher_in_viral	0.339971121586614
main_all_projected_reference	DefiniteViral_18	primary_viral	VIR_M1a	Viral-higher broad antiviral and interferon-stimulated defence programme	higher_in_viral	0.446979006656425
main_all_projected_reference	DefiniteViral_19	primary_viral	VIR_M1a	Viral-higher broad antiviral and interferon-stimulated defence programme	higher_in_viral	0.0443739972639222
main_all_projected_reference	DefiniteViral_20	primary_viral	VIR_M1a	Viral-higher broad antiviral and interferon-stimulated defence programme	higher_in_viral	-0.115383615492535
main_all_projected_reference	DefiniteViral_21	primary_viral	VIR_M1a	Viral-higher broad antiviral and interferon-stimulated defence programme	higher_in_viral	0.525640317928902
main_all_projected_reference	DefiniteViral_22	primary_viral	VIR_M1a	Viral-higher broad antiviral and interferon-stimulated defence programme	higher_in_viral	0.401370149041813
main_all_projected_reference	DefiniteViral_23	primary_viral	VIR_M1a	Viral-higher broad antiviral and interferon-stimulated defence programme	higher_in_viral	0.0337543319973778
main_all_projected_reference	DefiniteViral_24	primary_viral	VIR_M1a	Viral-higher broad antiviral and interferon-stimulated defence programme	higher_in_viral	0.371666231813833
main_all_projected_reference	DefiniteViral_25	primary_viral	VIR_M1a	Viral-higher broad antiviral and interferon-stimulated defence programme	higher_in_viral	0.353184000369293
main_all_projected_reference	DefiniteViral_26	primary_viral	VIR_M1a	Viral-higher broad antiviral and interferon-stimulated defence programme	higher_in_viral	-0.163942454851546
main_all_projected_reference	DefiniteViral_27	primary_viral	VIR_M1a	Viral-higher broad antiviral and interferon-stimulated defence programme	higher_in_viral	-0.0930942534969381
main_all_projected_reference	DefiniteViral_28	primary_viral	VIR_M1a	Viral-higher broad antiviral and interferon-stimulated defence programme	higher_in_viral	0.223653418431486
main_all_projected_reference	DefiniteViral_29	primary_viral	VIR_M1a	Viral-higher broad antiviral and interferon-stimulated defence programme	higher_in_viral	-0.156052710666932
main_all_projected_reference	DefiniteViral_30	primary_viral	VIR_M1a	Viral-higher broad antiviral and interferon-stimulated defence programme	higher_in_viral	0.401708774684564
main_all_projected_reference	DefiniteViral_31	primary_viral	VIR_M1a	Viral-higher broad antiviral and interferon-stimulated defence programme	higher_in_viral	0.232542755009714
main_all_projected_reference	DefiniteViral_32	primary_viral	VIR_M1a	Viral-higher broad antiviral and interferon-stimulated defence programme	higher_in_viral	0.521913505569444
main_all_projected_reference	DefiniteViral_33	primary_viral	VIR_M1a	Viral-higher broad antiviral and interferon-stimulated defence programme	higher_in_viral	-0.117082525839793
main_all_projected_reference	DefiniteViral_34	primary_viral	VIR_M1a	Viral-higher broad antiviral and interferon-stimulated defence programme	higher_in_viral	-0.0339744822722317
main_all_projected_reference	DefiniteViral_35	primary_viral	VIR_M1a	Viral-higher broad antiviral and interferon-stimulated defence programme	higher_in_viral	0.456324425691514
main_all_projected_reference	DefiniteViral_36	primary_viral	VIR_M1a	Viral-higher broad antiviral and interferon-stimulated defence programme	higher_in_viral	0.495482971001643
main_all_projected_reference	DefiniteViral_37	primary_viral	VIR_M1a	Viral-higher broad antiviral and interferon-stimulated defence programme	higher_in_viral	0.525156228731236
main_all_projected_reference	DefiniteViral_38	primary_viral	VIR_M1a	Viral-higher broad antiviral and interferon-stimulated defence programme	higher_in_viral	0.457215587199509
main_all_projected_reference	DefiniteViral_39	primary_viral	VIR_M1a	Viral-higher broad antiviral and interferon-stimulated defence programme	higher_in_viral	-0.0566713874940988
main_all_projected_reference	DefiniteViral_40	primary_viral	VIR_M1a	Viral-higher broad antiviral and interferon-stimulated defence programme	higher_in_viral	0.530321021924074
main_all_projected_reference	DefiniteViral_41	primary_viral	VIR_M1a	Viral-higher broad antiviral and interferon-stimulated defence programme	higher_in_viral	0.533709787816563
main_all_projected_reference	DefiniteViral_42	primary_viral	VIR_M1a	Viral-higher broad antiviral and interferon-stimulated defence programme	higher_in_viral	0.510724429512773
main_all_projected_reference	DefiniteViral_43	primary_viral	VIR_M1a	Viral-higher broad antiviral and interferon-stimulated defence programme	higher_in_viral	0.520392544711713
main_all_projected_reference	DefiniteViral_44	primary_viral	VIR_M1a	Viral-higher broad antiviral and interferon-stimulated defence programme	higher_in_viral	0.537065527065525
main_all_projected_reference	DefiniteViral_45	primary_viral	VIR_M1a	Viral-higher broad antiviral and interferon-stimulated defence programme	higher_in_viral	-0.15016835016835
main_all_projected_reference	DefiniteViral_46	primary_viral	VIR_M1a	Viral-higher broad antiviral and interferon-stimulated defence programme	higher_in_viral	-0.018538601259411
main_all_projected_reference	DefiniteViral_47	primary_viral	VIR_M1a	Viral-higher broad antiviral and interferon-stimulated defence programme	higher_in_viral	-0.31279009029177
main_all_projected_reference	DefiniteViral_48	primary_viral	VIR_M1a	Viral-higher broad antiviral and interferon-stimulated defence programme	higher_in_viral	-0.296738979579141
main_all_projected_reference	DefiniteViral_49	primary_viral	VIR_M1a	Viral-higher broad antiviral and interferon-stimulated defence programme	higher_in_viral	0.321717699842699
main_all_projected_reference	DefiniteViral_50	primary_viral	VIR_M1a	Viral-higher broad antiviral and interferon-stimulated defence programme	higher_in_viral	-0.367417922218072
main_all_projected_reference	DefiniteViral_51	primary_viral	VIR_M1a	Viral-higher broad antiviral and interferon-stimulated defence programme	higher_in_viral	0.249736565289089
main_all_projected_reference	DefiniteViral_52	primary_viral	VIR_M1a	Viral-higher broad antiviral and interferon-stimulated defence programme	higher_in_viral	-0.141800758656537
main_all_projected_reference	DefiniteViral_53	primary_viral	VIR_M1a	Viral-higher broad antiviral and interferon-stimulated defence programme	higher_in_viral	-0.348756127103087
main_all_projected_reference	DefiniteViral_54	primary_viral	VIR_M1a	Viral-higher broad antiviral and interferon-stimulated defence programme	higher_in_viral	0.278124316042897
main_all_projected_reference	DefiniteViral_55	primary_viral	VIR_M1a	Viral-higher broad antiviral and interferon-stimulated defence programme	higher_in_viral	-0.149572118042268
main_all_projected_reference	DefiniteViral_56	primary_viral	VIR_M1a	Viral-higher broad antiviral and interferon-stimulated defence programme	higher_in_viral	0.196203937792078
main_all_projected_reference	DefiniteViral_57	primary_viral	VIR_M1a	Viral-higher broad antiviral and interferon-stimulated defence programme	higher_in_viral	-0.0679534679893233
main_all_projected_reference	DefiniteViral_58	primary_viral	VIR_M1a	Viral-higher broad antiviral and interferon-stimulated defence programme	higher_in_viral	0.235893061722819
main_all_projected_reference	DefiniteViral_59	primary_viral	VIR_M1a	Viral-higher broad antiviral and interferon-stimulated defence programme	higher_in_viral	-0.23659177606818
main_all_projected_reference	DefiniteViral_60	primary_viral	VIR_M1a	Viral-higher broad antiviral and interferon-stimulated defence programme	higher_in_viral	0.00481404463613316
main_all_projected_reference	DefiniteViral_61	primary_viral	VIR_M1a	Viral-higher broad antiviral and interferon-stimulated defence programme	higher_in_viral	-0.182758002948999
main_all_projected_reference	DefiniteViral_62	primary_viral	VIR_M1a	Viral-higher broad antiviral and interferon-stimulated defence programme	higher_in_viral	0.147910847549883
main_all_projected_reference	DefiniteViral_63	primary_viral	VIR_M1a	Viral-higher broad antiviral and interferon-stimulated defence programme	higher_in_viral	0.421620170047253
main_all_projected_reference	DefiniteViral_64	primary_viral	VIR_M1a	Viral-higher broad antiviral and interferon-stimulated defence programme	higher_in_viral	0.391881878159304
main_all_projected_reference	DefiniteViral_65	primary_viral	VIR_M1a	Viral-higher broad antiviral and interferon-stimulated defence programme	higher_in_viral	0.184969927973383
main_all_projected_reference	DefiniteViral_66	primary_viral	VIR_M1a	Viral-higher broad antiviral and interferon-stimulated defence programme	higher_in_viral	-0.0353248198787659
main_all_projected_reference	DefiniteViral_67	primary_viral	VIR_M1a	Viral-higher broad antiviral and interferon-stimulated defence programme	higher_in_viral	0.376849127650042
main_all_projected_reference	DefiniteViral_68	primary_viral	VIR_M1a	Viral-higher broad antiviral and interferon-stimulated defence programme	higher_in_viral	0.137673167633026
main_all_projected_reference	DefiniteViral_69	primary_viral	VIR_M1a	Viral-higher broad antiviral and interferon-stimulated defence programme	higher_in_viral	0.0362272514171253
main_all_projected_reference	DefiniteViral_70	primary_viral	VIR_M1a	Viral-higher broad antiviral and interferon-stimulated defence programme	higher_in_viral	0.131946080355974
main_all_projected_reference	DefiniteViral_71	primary_viral	VIR_M1a	Viral-higher broad antiviral and interferon-stimulated defence programme	higher_in_viral	-0.263326105734483
main_all_projected_reference	DefiniteViral_72	primary_viral	VIR_M1a	Viral-higher broad antiviral and interferon-stimulated defence programme	higher_in_viral	0.395082517239609
main_all_projected_reference	DefiniteViral_73	primary_viral	VIR_M1a	Viral-higher broad antiviral and interferon-stimulated defence programme	higher_in_viral	0.102479900514778
main_all_projected_reference	DefiniteViral_74	primary_viral	VIR_M1a	Viral-higher broad antiviral and interferon-stimulated defence programme	higher_in_viral	0.0843236157419282
main_all_projected_reference	DefiniteViral_75	primary_viral	VIR_M1a	Viral-higher broad antiviral and interferon-stimulated defence programme	higher_in_viral	0.358319668931053
main_all_projected_reference	DefiniteViral_76	primary_viral	VIR_M1a	Viral-higher broad antiviral and interferon-stimulated defence programme	higher_in_viral	0.346274571907725
main_all_projected_reference	DefiniteViral_77	primary_viral	VIR_M1a	Viral-higher broad antiviral and interferon-stimulated defence programme	higher_in_viral	0.352505446623093
main_all_projected_reference	DefiniteViral_78	primary_viral	VIR_M1a	Viral-higher broad antiviral and interferon-stimulated defence programme	higher_in_viral	0.451236961318032
main_all_projected_reference	DefiniteViral_79	primary_viral	VIR_M1a	Viral-higher broad antiviral and interferon-stimulated defence programme	higher_in_viral	0.334706850913941
main_all_projected_reference	DefiniteViral_80	primary_viral	VIR_M1a	Viral-higher broad antiviral and interferon-stimulated defence programme	higher_in_viral	0.552871049967103
main_all_projected_reference	DefiniteViral_81	primary_viral	VIR_M1a	Viral-higher broad antiviral and interferon-stimulated defence programme	higher_in_viral	-0.197232227670973
main_all_projected_reference	DefiniteViral_82	primary_viral	VIR_M1a	Viral-higher broad antiviral and interferon-stimulated defence programme	higher_in_viral	-0.20689762304838
main_all_projected_reference	DefiniteViral_83	primary_viral	VIR_M1a	Viral-higher broad antiviral and interferon-stimulated defence programme	higher_in_viral	-0.185588913227104
main_all_projected_reference	DefiniteViral_84	primary_viral	VIR_M1a	Viral-higher broad antiviral and interferon-stimulated defence programme	higher_in_viral	-0.273217441224223
main_all_projected_reference	DefiniteViral_85	primary_viral	VIR_M1a	Viral-higher broad antiviral and interferon-stimulated defence programme	higher_in_viral	-0.233289170849364
main_all_projected_reference	DefiniteViral_86	primary_viral	VIR_M1a	Viral-higher broad antiviral and interferon-stimulated defence programme	higher_in_viral	0.149272528342296
main_all_projected_reference	DefiniteViral_87	primary_viral	VIR_M1a	Viral-higher broad antiviral and interferon-stimulated defence programme	higher_in_viral	0.50808976345791
main_all_projected_reference	DefiniteViral_88	primary_viral	VIR_M1a	Viral-higher broad antiviral and interferon-stimulated defence programme	higher_in_viral	-0.330192653874144
main_all_projected_reference	DefiniteViral_89	primary_viral	VIR_M1a	Viral-higher broad antiviral and interferon-stimulated defence programme	higher_in_viral	0.0414525351745077
main_all_projected_reference	DefiniteViral_90	primary_viral	VIR_M1a	Viral-higher broad antiviral and interferon-stimulated defence programme	higher_in_viral	-0.338626293118667
main_all_projected_reference	DefiniteViral_91	primary_viral	VIR_M1a	Viral-higher broad antiviral and interferon-stimulated defence programme	higher_in_viral	0.262150902093704
main_all_projected_reference	DefiniteViral_92	primary_viral	VIR_M1a	Viral-higher broad antiviral and interferon-stimulated defence programme	higher_in_viral	0.0727717602543748
main_all_projected_reference	DefiniteViral_93	primary_viral	VIR_M1a	Viral-higher broad antiviral and interferon-stimulated defence programme	higher_in_viral	-0.170254126231557
main_all_projected_reference	DefiniteViral_94	primary_viral	VIR_M1a	Viral-higher broad antiviral and interferon-stimulated defence programme	higher_in_viral	0.326870722624798
main_all_projected_reference	Control_01	secondary_control_context	VIR_M1b	Viral-higher viral restriction and type I interferon signalling subgroup	higher_in_viral	-0.399406855880777
main_all_projected_reference	Control_02	secondary_control_context	VIR_M1b	Viral-higher viral restriction and type I interferon signalling subgroup	higher_in_viral	0.555073047329769
main_all_projected_reference	Control_03	secondary_control_context	VIR_M1b	Viral-higher viral restriction and type I interferon signalling subgroup	higher_in_viral	-0.332036928107831
main_all_projected_reference	Control_04	secondary_control_context	VIR_M1b	Viral-higher viral restriction and type I interferon signalling subgroup	higher_in_viral	-0.421845048338022
main_all_projected_reference	Control_05	secondary_control_context	VIR_M1b	Viral-higher viral restriction and type I interferon signalling subgroup	higher_in_viral	-0.499728987594249
main_all_projected_reference	Control_06	secondary_control_context	VIR_M1b	Viral-higher viral restriction and type I interferon signalling subgroup	higher_in_viral	-0.295848685826577
main_all_projected_reference	Control_07	secondary_control_context	VIR_M1b	Viral-higher viral restriction and type I interferon signalling subgroup	higher_in_viral	-0.44333568136876
main_all_projected_reference	Control_08	secondary_control_context	VIR_M1b	Viral-higher viral restriction and type I interferon signalling subgroup	higher_in_viral	-0.404595879556256
main_all_projected_reference	Control_09	secondary_control_context	VIR_M1b	Viral-higher viral restriction and type I interferon signalling subgroup	higher_in_viral	-0.0712273828428365
main_all_projected_reference	Control_10	secondary_control_context	VIR_M1b	Viral-higher viral restriction and type I interferon signalling subgroup	higher_in_viral	-0.523599706550461
main_all_projected_reference	Control_11	secondary_control_context	VIR_M1b	Viral-higher viral restriction and type I interferon signalling subgroup	higher_in_viral	-0.490298040348591
main_all_projected_reference	Control_12	secondary_control_context	VIR_M1b	Viral-higher viral restriction and type I interferon signalling subgroup	higher_in_viral	-0.355244203774773
main_all_projected_reference	Control_13	secondary_control_context	VIR_M1b	Viral-higher viral restriction and type I interferon signalling subgroup	higher_in_viral	-0.422763108241796
main_all_projected_reference	Control_14	secondary_control_context	VIR_M1b	Viral-higher viral restriction and type I interferon signalling subgroup	higher_in_viral	-0.413624432752766
main_all_projected_reference	Control_15	secondary_control_context	VIR_M1b	Viral-higher viral restriction and type I interferon signalling subgroup	higher_in_viral	-0.420486163276341
main_all_projected_reference	Control_16	secondary_control_context	VIR_M1b	Viral-higher viral restriction and type I interferon signalling subgroup	higher_in_viral	-0.398537858527931
main_all_projected_reference	Control_17	secondary_control_context	VIR_M1b	Viral-higher viral restriction and type I interferon signalling subgroup	higher_in_viral	-0.27108782221679
main_all_projected_reference	Control_18	secondary_control_context	VIR_M1b	Viral-higher viral restriction and type I interferon signalling subgroup	higher_in_viral	-0.518719172712201
main_all_projected_reference	Control_19	secondary_control_context	VIR_M1b	Viral-higher viral restriction and type I interferon signalling subgroup	higher_in_viral	-0.439872746553549
main_all_projected_reference	Control_20	secondary_control_context	VIR_M1b	Viral-higher viral restriction and type I interferon signalling subgroup	higher_in_viral	-0.385824264934076
main_all_projected_reference	Control_21	secondary_control_context	VIR_M1b	Viral-higher viral restriction and type I interferon signalling subgroup	higher_in_viral	-0.376746203008681
main_all_projected_reference	Control_22	secondary_control_context	VIR_M1b	Viral-higher viral restriction and type I interferon signalling subgroup	higher_in_viral	-0.300590514035808
main_all_projected_reference	Control_23	secondary_control_context	VIR_M1b	Viral-higher viral restriction and type I interferon signalling subgroup	higher_in_viral	-0.324948067919925
main_all_projected_reference	Control_24	secondary_control_context	VIR_M1b	Viral-higher viral restriction and type I interferon signalling subgroup	higher_in_viral	-0.539654269250912
main_all_projected_reference	Control_25	secondary_control_context	VIR_M1b	Viral-higher viral restriction and type I interferon signalling subgroup	higher_in_viral	-0.196036068208195
main_all_projected_reference	Control_26	secondary_control_context	VIR_M1b	Viral-higher viral restriction and type I interferon signalling subgroup	higher_in_viral	0.455046319293752
main_all_projected_reference	Control_27	secondary_control_context	VIR_M1b	Viral-higher viral restriction and type I interferon signalling subgroup	higher_in_viral	-0.318019357383414
main_all_projected_reference	Control_28	secondary_control_context	VIR_M1b	Viral-higher viral restriction and type I interferon signalling subgroup	higher_in_viral	-0.396615590305536
main_all_projected_reference	Control_29	secondary_control_context	VIR_M1b	Viral-higher viral restriction and type I interferon signalling subgroup	higher_in_viral	-0.358542831946067
main_all_projected_reference	Control_30	secondary_control_context	VIR_M1b	Viral-higher viral restriction and type I interferon signalling subgroup	higher_in_viral	-0.5171817238
main_all_projected_reference	Control_31	secondary_control_context	VIR_M1b	Viral-higher viral restriction and type I interferon signalling subgroup	higher_in_viral	-0.321341123306579
main_all_projected_reference	Control_32	secondary_control_context	VIR_M1b	Viral-higher viral restriction and type I interferon signalling subgroup	higher_in_viral	-0.285614651769397
main_all_projected_reference	Control_33	secondary_control_context	VIR_M1b	Viral-higher viral restriction and type I interferon signalling subgroup	higher_in_viral	0.110747101213314
main_all_projected_reference	Control_34	secondary_control_context	VIR_M1b	Viral-higher viral restriction and type I interferon signalling subgroup	higher_in_viral	-0.275959987092607
main_all_projected_reference	Control_35	secondary_control_context	VIR_M1b	Viral-higher viral restriction and type I interferon signalling subgroup	higher_in_viral	-0.426352863263726
main_all_projected_reference	Control_36	secondary_control_context	VIR_M1b	Viral-higher viral restriction and type I interferon signalling subgroup	higher_in_viral	-0.407259799578907
main_all_projected_reference	Control_37	secondary_control_context	VIR_M1b	Viral-higher viral restriction and type I interferon signalling subgroup	higher_in_viral	-0.346795699474576
main_all_projected_reference	Control_38	secondary_control_context	VIR_M1b	Viral-higher viral restriction and type I interferon signalling subgroup	higher_in_viral	-0.541773561250358
main_all_projected_reference	Control_39	secondary_control_context	VIR_M1b	Viral-higher viral restriction and type I interferon signalling subgroup	higher_in_viral	-0.226959714757064
main_all_projected_reference	Control_40	secondary_control_context	VIR_M1b	Viral-higher viral restriction and type I interferon signalling subgroup	higher_in_viral	0.588602543852358
main_all_projected_reference	Control_41	secondary_control_context	VIR_M1b	Viral-higher viral restriction and type I interferon signalling subgroup	higher_in_viral	-0.39582954177398
main_all_projected_reference	Control_42	secondary_control_context	VIR_M1b	Viral-higher viral restriction and type I interferon signalling subgroup	higher_in_viral	-0.485575335795632
main_all_projected_reference	Control_43	secondary_control_context	VIR_M1b	Viral-higher viral restriction and type I interferon signalling subgroup	higher_in_viral	-0.374967061923582
main_all_projected_reference	Control_44	secondary_control_context	VIR_M1b	Viral-higher viral restriction and type I interferon signalling subgroup	higher_in_viral	-0.38121618647111
main_all_projected_reference	Control_45	secondary_control_context	VIR_M1b	Viral-higher viral restriction and type I interferon signalling subgroup	higher_in_viral	-0.422501821714837
main_all_projected_reference	Control_46	secondary_control_context	VIR_M1b	Viral-higher viral restriction and type I interferon signalling subgroup	higher_in_viral	-0.47824180395351
main_all_projected_reference	Control_47	secondary_control_context	VIR_M1b	Viral-higher viral restriction and type I interferon signalling subgroup	higher_in_viral	-0.637288665433605
main_all_projected_reference	Control_48	secondary_control_context	VIR_M1b	Viral-higher viral restriction and type I interferon signalling subgroup	higher_in_viral	0.444769113419002
main_all_projected_reference	Control_49	secondary_control_context	VIR_M1b	Viral-higher viral restriction and type I interferon signalling subgroup	higher_in_viral	-0.509139830870413
main_all_projected_reference	Control_50	secondary_control_context	VIR_M1b	Viral-higher viral restriction and type I interferon signalling subgroup	higher_in_viral	-0.526114738158075
main_all_projected_reference	Control_51	secondary_control_context	VIR_M1b	Viral-higher viral restriction and type I interferon signalling subgroup	higher_in_viral	-0.392812971073837
main_all_projected_reference	Control_52	secondary_control_context	VIR_M1b	Viral-higher viral restriction and type I interferon signalling subgroup	higher_in_viral	-0.464035004198079
main_all_projected_reference	Control_53	secondary_control_context	VIR_M1b	Viral-higher viral restriction and type I interferon signalling subgroup	higher_in_viral	0.499485991819193
main_all_projected_reference	Control_54	secondary_control_context	VIR_M1b	Viral-higher viral restriction and type I interferon signalling subgroup	higher_in_viral	0.0649216478270787
main_all_projected_reference	Control_55	secondary_control_context	VIR_M1b	Viral-higher viral restriction and type I interferon signalling subgroup	higher_in_viral	-0.506401471012706
main_all_projected_reference	DefiniteBacterial_01	primary_bacterial	VIR_M1b	Viral-higher viral restriction and type I interferon signalling subgroup	higher_in_viral	-0.426026711649502
main_all_projected_reference	DefiniteBacterial_02	primary_bacterial	VIR_M1b	Viral-higher viral restriction and type I interferon signalling subgroup	higher_in_viral	0.433696842706796
main_all_projected_reference	DefiniteBacterial_03	primary_bacterial	VIR_M1b	Viral-higher viral restriction and type I interferon signalling subgroup	higher_in_viral	0.391929305826222
main_all_projected_reference	DefiniteBacterial_04	primary_bacterial	VIR_M1b	Viral-higher viral restriction and type I interferon signalling subgroup	higher_in_viral	0.450811063613318
main_all_projected_reference	DefiniteBacterial_05	primary_bacterial	VIR_M1b	Viral-higher viral restriction and type I interferon signalling subgroup	higher_in_viral	0.428032200836224
main_all_projected_reference	DefiniteBacterial_06	primary_bacterial	VIR_M1b	Viral-higher viral restriction and type I interferon signalling subgroup	higher_in_viral	0.417503774330501
main_all_projected_reference	DefiniteBacterial_07	primary_bacterial	VIR_M1b	Viral-higher viral restriction and type I interferon signalling subgroup	higher_in_viral	-0.539009287925691
main_all_projected_reference	DefiniteBacterial_08	primary_bacterial	VIR_M1b	Viral-higher viral restriction and type I interferon signalling subgroup	higher_in_viral	0.0273874469609297
main_all_projected_reference	DefiniteBacterial_09	primary_bacterial	VIR_M1b	Viral-higher viral restriction and type I interferon signalling subgroup	higher_in_viral	0.361091762176911
main_all_projected_reference	DefiniteBacterial_10	primary_bacterial	VIR_M1b	Viral-higher viral restriction and type I interferon signalling subgroup	higher_in_viral	-0.231795243298994
main_all_projected_reference	DefiniteBacterial_11	primary_bacterial	VIR_M1b	Viral-higher viral restriction and type I interferon signalling subgroup	higher_in_viral	-0.444278400593824
main_all_projected_reference	DefiniteBacterial_12	primary_bacterial	VIR_M1b	Viral-higher viral restriction and type I interferon signalling subgroup	higher_in_viral	-0.236598966073493
main_all_projected_reference	DefiniteBacterial_13	primary_bacterial	VIR_M1b	Viral-higher viral restriction and type I interferon signalling subgroup	higher_in_viral	0.00348733127260112
main_all_projected_reference	DefiniteBacterial_14	primary_bacterial	VIR_M1b	Viral-higher viral restriction and type I interferon signalling subgroup	higher_in_viral	-0.472553816509077
main_all_projected_reference	DefiniteBacterial_15	primary_bacterial	VIR_M1b	Viral-higher viral restriction and type I interferon signalling subgroup	higher_in_viral	-0.461830494148896
main_all_projected_reference	DefiniteBacterial_16	primary_bacterial	VIR_M1b	Viral-higher viral restriction and type I interferon signalling subgroup	higher_in_viral	-0.462344821353933
main_all_projected_reference	DefiniteBacterial_17	primary_bacterial	VIR_M1b	Viral-higher viral restriction and type I interferon signalling subgroup	higher_in_viral	-0.172028434451976
main_all_projected_reference	DefiniteBacterial_18	primary_bacterial	VIR_M1b	Viral-higher viral restriction and type I interferon signalling subgroup	higher_in_viral	0.227101875436406
main_all_projected_reference	DefiniteBacterial_19	primary_bacterial	VIR_M1b	Viral-higher viral restriction and type I interferon signalling subgroup	higher_in_viral	-0.226516899458631
main_all_projected_reference	DefiniteBacterial_20	primary_bacterial	VIR_M1b	Viral-higher viral restriction and type I interferon signalling subgroup	higher_in_viral	0.3460288058914
main_all_projected_reference	DefiniteBacterial_21	primary_bacterial	VIR_M1b	Viral-higher viral restriction and type I interferon signalling subgroup	higher_in_viral	-0.301302635018795
main_all_projected_reference	DefiniteBacterial_22	primary_bacterial	VIR_M1b	Viral-higher viral restriction and type I interferon signalling subgroup	higher_in_viral	-0.240703052728954
main_all_projected_reference	DefiniteBacterial_23	primary_bacterial	VIR_M1b	Viral-higher viral restriction and type I interferon signalling subgroup	higher_in_viral	-0.113014662691596
main_all_projected_reference	DefiniteBacterial_24	primary_bacterial	VIR_M1b	Viral-higher viral restriction and type I interferon signalling subgroup	higher_in_viral	-0.216713922342665
main_all_projected_reference	DefiniteBacterial_25	primary_bacterial	VIR_M1b	Viral-higher viral restriction and type I interferon signalling subgroup	higher_in_viral	-0.253719104935021
main_all_projected_reference	DefiniteBacterial_26	primary_bacterial	VIR_M1b	Viral-higher viral restriction and type I interferon signalling subgroup	higher_in_viral	0.212985155458042
main_all_projected_reference	DefiniteBacterial_27	primary_bacterial	VIR_M1b	Viral-higher viral restriction and type I interferon signalling subgroup	higher_in_viral	-0.0844661705985077
main_all_projected_reference	DefiniteBacterial_28	primary_bacterial	VIR_M1b	Viral-higher viral restriction and type I interferon signalling subgroup	higher_in_viral	-0.512663210940152
main_all_projected_reference	DefiniteBacterial_29	primary_bacterial	VIR_M1b	Viral-higher viral restriction and type I interferon signalling subgroup	higher_in_viral	-0.362818968349578
main_all_projected_reference	DefiniteBacterial_30	primary_bacterial	VIR_M1b	Viral-higher viral restriction and type I interferon signalling subgroup	higher_in_viral	0.0348914403874405
main_all_projected_reference	DefiniteBacterial_31	primary_bacterial	VIR_M1b	Viral-higher viral restriction and type I interferon signalling subgroup	higher_in_viral	-0.228417565268555
main_all_projected_reference	DefiniteBacterial_32	primary_bacterial	VIR_M1b	Viral-higher viral restriction and type I interferon signalling subgroup	higher_in_viral	0.176632747456059
main_all_projected_reference	DefiniteBacterial_33	primary_bacterial	VIR_M1b	Viral-higher viral restriction and type I interferon signalling subgroup	higher_in_viral	-0.243062637485174
main_all_projected_reference	DefiniteBacterial_34	primary_bacterial	VIR_M1b	Viral-higher viral restriction and type I interferon signalling subgroup	higher_in_viral	-0.211316646337161
main_all_projected_reference	DefiniteBacterial_35	primary_bacterial	VIR_M1b	Viral-higher viral restriction and type I interferon signalling subgroup	higher_in_viral	-0.0206561689469093
main_all_projected_reference	DefiniteBacterial_36	primary_bacterial	VIR_M1b	Viral-higher viral restriction and type I interferon signalling subgroup	higher_in_viral	0.277316581426343
main_all_projected_reference	DefiniteBacterial_37	primary_bacterial	VIR_M1b	Viral-higher viral restriction and type I interferon signalling subgroup	higher_in_viral	-0.0360997410857218
main_all_projected_reference	DefiniteBacterial_38	primary_bacterial	VIR_M1b	Viral-higher viral restriction and type I interferon signalling subgroup	higher_in_viral	-0.576749821810401
main_all_projected_reference	DefiniteBacterial_39	primary_bacterial	VIR_M1b	Viral-higher viral restriction and type I interferon signalling subgroup	higher_in_viral	-0.497310280259343
main_all_projected_reference	DefiniteBacterial_40	primary_bacterial	VIR_M1b	Viral-higher viral restriction and type I interferon signalling subgroup	higher_in_viral	-0.181842230210948
main_all_projected_reference	DefiniteBacterial_41	primary_bacterial	VIR_M1b	Viral-higher viral restriction and type I interferon signalling subgroup	higher_in_viral	0.0967192181751516
main_all_projected_reference	DefiniteBacterial_42	primary_bacterial	VIR_M1b	Viral-higher viral restriction and type I interferon signalling subgroup	higher_in_viral	-0.0453970550925104
main_all_projected_reference	DefiniteBacterial_43	primary_bacterial	VIR_M1b	Viral-higher viral restriction and type I interferon signalling subgroup	higher_in_viral	-0.0652647734412827
main_all_projected_reference	DefiniteBacterial_44	primary_bacterial	VIR_M1b	Viral-higher viral restriction and type I interferon signalling subgroup	higher_in_viral	-0.198143545676826
main_all_projected_reference	DefiniteBacterial_45	primary_bacterial	VIR_M1b	Viral-higher viral restriction and type I interferon signalling subgroup	higher_in_viral	0.0640171103875372
main_all_projected_reference	DefiniteBacterial_46	primary_bacterial	VIR_M1b	Viral-higher viral restriction and type I interferon signalling subgroup	higher_in_viral	-0.343119837930494
main_all_projected_reference	DefiniteBacterial_47	primary_bacterial	VIR_M1b	Viral-higher viral restriction and type I interferon signalling subgroup	higher_in_viral	0.202692361651383
main_all_projected_reference	DefiniteBacterial_48	primary_bacterial	VIR_M1b	Viral-higher viral restriction and type I interferon signalling subgroup	higher_in_viral	-0.426031701318537
main_all_projected_reference	DefiniteBacterial_49	primary_bacterial	VIR_M1b	Viral-higher viral restriction and type I interferon signalling subgroup	higher_in_viral	-0.0721463111429508
main_all_projected_reference	DefiniteBacterial_50	primary_bacterial	VIR_M1b	Viral-higher viral restriction and type I interferon signalling subgroup	higher_in_viral	-0.392429236645213
main_all_projected_reference	DefiniteBacterial_51	primary_bacterial	VIR_M1b	Viral-higher viral restriction and type I interferon signalling subgroup	higher_in_viral	-0.285507246376811
main_all_projected_reference	DefiniteBacterial_52	primary_bacterial	VIR_M1b	Viral-higher viral restriction and type I interferon signalling subgroup	higher_in_viral	-0.361086909881252
main_all_projected_reference	DefiniteViral_01	primary_viral	VIR_M1b	Viral-higher viral restriction and type I interferon signalling subgroup	higher_in_viral	0.518585052117987
main_all_projected_reference	DefiniteViral_02	primary_viral	VIR_M1b	Viral-higher viral restriction and type I interferon signalling subgroup	higher_in_viral	0.455354768821705
main_all_projected_reference	DefiniteViral_03	primary_viral	VIR_M1b	Viral-higher viral restriction and type I interferon signalling subgroup	higher_in_viral	0.570412323316165
main_all_projected_reference	DefiniteViral_04	primary_viral	VIR_M1b	Viral-higher viral restriction and type I interferon signalling subgroup	higher_in_viral	-0.401617795753283
main_all_projected_reference	DefiniteViral_05	primary_viral	VIR_M1b	Viral-higher viral restriction and type I interferon signalling subgroup	higher_in_viral	0.317070371611673
main_all_projected_reference	DefiniteViral_06	primary_viral	VIR_M1b	Viral-higher viral restriction and type I interferon signalling subgroup	higher_in_viral	0.0739130434782604
main_all_projected_reference	DefiniteViral_07	primary_viral	VIR_M1b	Viral-higher viral restriction and type I interferon signalling subgroup	higher_in_viral	0.495320016968888
main_all_projected_reference	DefiniteViral_08	primary_viral	VIR_M1b	Viral-higher viral restriction and type I interferon signalling subgroup	higher_in_viral	0.608395295500367
main_all_projected_reference	DefiniteViral_09	primary_viral	VIR_M1b	Viral-higher viral restriction and type I interferon signalling subgroup	higher_in_viral	0.558014577540764
main_all_projected_reference	DefiniteViral_10	primary_viral	VIR_M1b	Viral-higher viral restriction and type I interferon signalling subgroup	higher_in_viral	0.410307229514271
main_all_projected_reference	DefiniteViral_11	primary_viral	VIR_M1b	Viral-higher viral restriction and type I interferon signalling subgroup	higher_in_viral	0.377564256545762
main_all_projected_reference	DefiniteViral_12	primary_viral	VIR_M1b	Viral-higher viral restriction and type I interferon signalling subgroup	higher_in_viral	-0.00434782608695684
main_all_projected_reference	DefiniteViral_13	primary_viral	VIR_M1b	Viral-higher viral restriction and type I interferon signalling subgroup	higher_in_viral	0.292876833964875
main_all_projected_reference	DefiniteViral_14	primary_viral	VIR_M1b	Viral-higher viral restriction and type I interferon signalling subgroup	higher_in_viral	0.102683603835104
main_all_projected_reference	DefiniteViral_15	primary_viral	VIR_M1b	Viral-higher viral restriction and type I interferon signalling subgroup	higher_in_viral	0.314370153052972
main_all_projected_reference	DefiniteViral_16	primary_viral	VIR_M1b	Viral-higher viral restriction and type I interferon signalling subgroup	higher_in_viral	-0.281671790367441
main_all_projected_reference	DefiniteViral_17	primary_viral	VIR_M1b	Viral-higher viral restriction and type I interferon signalling subgroup	higher_in_viral	0.292495745010058
main_all_projected_reference	DefiniteViral_18	primary_viral	VIR_M1b	Viral-higher viral restriction and type I interferon signalling subgroup	higher_in_viral	0.57307709876938
main_all_projected_reference	DefiniteViral_19	primary_viral	VIR_M1b	Viral-higher viral restriction and type I interferon signalling subgroup	higher_in_viral	0.203188486559172
main_all_projected_reference	DefiniteViral_20	primary_viral	VIR_M1b	Viral-higher viral restriction and type I interferon signalling subgroup	higher_in_viral	0.0112248431375263
main_all_projected_reference	DefiniteViral_21	primary_viral	VIR_M1b	Viral-higher viral restriction and type I interferon signalling subgroup	higher_in_viral	0.562811782246044
main_all_projected_reference	DefiniteViral_22	primary_viral	VIR_M1b	Viral-higher viral restriction and type I interferon signalling subgroup	higher_in_viral	0.299466056445463
main_all_projected_reference	DefiniteViral_23	primary_viral	VIR_M1b	Viral-higher viral restriction and type I interferon signalling subgroup	higher_in_viral	0.127375968831599
main_all_projected_reference	DefiniteViral_24	primary_viral	VIR_M1b	Viral-higher viral restriction and type I interferon signalling subgroup	higher_in_viral	0.389719863100524
main_all_projected_reference	DefiniteViral_25	primary_viral	VIR_M1b	Viral-higher viral restriction and type I interferon signalling subgroup	higher_in_viral	0.576704172044374
main_all_projected_reference	DefiniteViral_26	primary_viral	VIR_M1b	Viral-higher viral restriction and type I interferon signalling subgroup	higher_in_viral	0.0297753136854389
main_all_projected_reference	DefiniteViral_27	primary_viral	VIR_M1b	Viral-higher viral restriction and type I interferon signalling subgroup	higher_in_viral	-0.383994081845384
main_all_projected_reference	DefiniteViral_28	primary_viral	VIR_M1b	Viral-higher viral restriction and type I interferon signalling subgroup	higher_in_viral	-0.111150405658415
main_all_projected_reference	DefiniteViral_29	primary_viral	VIR_M1b	Viral-higher viral restriction and type I interferon signalling subgroup	higher_in_viral	-0.191200034771019
main_all_projected_reference	DefiniteViral_30	primary_viral	VIR_M1b	Viral-higher viral restriction and type I interferon signalling subgroup	higher_in_viral	0.355367635600292
main_all_projected_reference	DefiniteViral_31	primary_viral	VIR_M1b	Viral-higher viral restriction and type I interferon signalling subgroup	higher_in_viral	0.186064154714485
main_all_projected_reference	DefiniteViral_32	primary_viral	VIR_M1b	Viral-higher viral restriction and type I interferon signalling subgroup	higher_in_viral	0.555621464020986
main_all_projected_reference	DefiniteViral_33	primary_viral	VIR_M1b	Viral-higher viral restriction and type I interferon signalling subgroup	higher_in_viral	0.237271129754549
main_all_projected_reference	DefiniteViral_34	primary_viral	VIR_M1b	Viral-higher viral restriction and type I interferon signalling subgroup	higher_in_viral	0.0924006264449249
main_all_projected_reference	DefiniteViral_35	primary_viral	VIR_M1b	Viral-higher viral restriction and type I interferon signalling subgroup	higher_in_viral	0.307754403930583
main_all_projected_reference	DefiniteViral_36	primary_viral	VIR_M1b	Viral-higher viral restriction and type I interferon signalling subgroup	higher_in_viral	0.623851273263461
main_all_projected_reference	DefiniteViral_37	primary_viral	VIR_M1b	Viral-higher viral restriction and type I interferon signalling subgroup	higher_in_viral	0.574016299738175
main_all_projected_reference	DefiniteViral_38	primary_viral	VIR_M1b	Viral-higher viral restriction and type I interferon signalling subgroup	higher_in_viral	0.518977546076343
main_all_projected_reference	DefiniteViral_39	primary_viral	VIR_M1b	Viral-higher viral restriction and type I interferon signalling subgroup	higher_in_viral	0.0434782608695649
main_all_projected_reference	DefiniteViral_40	primary_viral	VIR_M1b	Viral-higher viral restriction and type I interferon signalling subgroup	higher_in_viral	0.592754748183836
main_all_projected_reference	DefiniteViral_41	primary_viral	VIR_M1b	Viral-higher viral restriction and type I interferon signalling subgroup	higher_in_viral	0.594138685151709
main_all_projected_reference	DefiniteViral_42	primary_viral	VIR_M1b	Viral-higher viral restriction and type I interferon signalling subgroup	higher_in_viral	0.547882284963472
main_all_projected_reference	DefiniteViral_43	primary_viral	VIR_M1b	Viral-higher viral restriction and type I interferon signalling subgroup	higher_in_viral	0.512589968637895
main_all_projected_reference	DefiniteViral_44	primary_viral	VIR_M1b	Viral-higher viral restriction and type I interferon signalling subgroup	higher_in_viral	0.639816577408903
main_all_projected_reference	DefiniteViral_45	primary_viral	VIR_M1b	Viral-higher viral restriction and type I interferon signalling subgroup	higher_in_viral	0.0356934702066276
main_all_projected_reference	DefiniteViral_46	primary_viral	VIR_M1b	Viral-higher viral restriction and type I interferon signalling subgroup	higher_in_viral	0.119121438523735
main_all_projected_reference	DefiniteViral_47	primary_viral	VIR_M1b	Viral-higher viral restriction and type I interferon signalling subgroup	higher_in_viral	-0.4743542241618
main_all_projected_reference	DefiniteViral_48	primary_viral	VIR_M1b	Viral-higher viral restriction and type I interferon signalling subgroup	higher_in_viral	-0.437842382222587
main_all_projected_reference	DefiniteViral_49	primary_viral	VIR_M1b	Viral-higher viral restriction and type I interferon signalling subgroup	higher_in_viral	0.40251597218296
main_all_projected_reference	DefiniteViral_50	primary_viral	VIR_M1b	Viral-higher viral restriction and type I interferon signalling subgroup	higher_in_viral	-0.329729419977284
main_all_projected_reference	DefiniteViral_51	primary_viral	VIR_M1b	Viral-higher viral restriction and type I interferon signalling subgroup	higher_in_viral	0.25997997643059
main_all_projected_reference	DefiniteViral_52	primary_viral	VIR_M1b	Viral-higher viral restriction and type I interferon signalling subgroup	higher_in_viral	0.137117629828011
main_all_projected_reference	DefiniteViral_53	primary_viral	VIR_M1b	Viral-higher viral restriction and type I interferon signalling subgroup	higher_in_viral	-0.422365157258366
main_all_projected_reference	DefiniteViral_54	primary_viral	VIR_M1b	Viral-higher viral restriction and type I interferon signalling subgroup	higher_in_viral	0.455536716321505
main_all_projected_reference	DefiniteViral_55	primary_viral	VIR_M1b	Viral-higher viral restriction and type I interferon signalling subgroup	higher_in_viral	-0.302865464233937
main_all_projected_reference	DefiniteViral_56	primary_viral	VIR_M1b	Viral-higher viral restriction and type I interferon signalling subgroup	higher_in_viral	0.248125180903598
main_all_projected_reference	DefiniteViral_57	primary_viral	VIR_M1b	Viral-higher viral restriction and type I interferon signalling subgroup	higher_in_viral	-0.0753187913747491
main_all_projected_reference	DefiniteViral_58	primary_viral	VIR_M1b	Viral-higher viral restriction and type I interferon signalling subgroup	higher_in_viral	0.29826297113574
main_all_projected_reference	DefiniteViral_59	primary_viral	VIR_M1b	Viral-higher viral restriction and type I interferon signalling subgroup	higher_in_viral	-0.291455726998473
main_all_projected_reference	DefiniteViral_60	primary_viral	VIR_M1b	Viral-higher viral restriction and type I interferon signalling subgroup	higher_in_viral	-0.0103751715002134
main_all_projected_reference	DefiniteViral_61	primary_viral	VIR_M1b	Viral-higher viral restriction and type I interferon signalling subgroup	higher_in_viral	-0.301350256548743
main_all_projected_reference	DefiniteViral_62	primary_viral	VIR_M1b	Viral-higher viral restriction and type I interferon signalling subgroup	higher_in_viral	0.253436991954646
main_all_projected_reference	DefiniteViral_63	primary_viral	VIR_M1b	Viral-higher viral restriction and type I interferon signalling subgroup	higher_in_viral	0.407344987935547
main_all_projected_reference	DefiniteViral_64	primary_viral	VIR_M1b	Viral-higher viral restriction and type I interferon signalling subgroup	higher_in_viral	0.383784650581029
main_all_projected_reference	DefiniteViral_65	primary_viral	VIR_M1b	Viral-higher viral restriction and type I interferon signalling subgroup	higher_in_viral	0.258582434124806
main_all_projected_reference	DefiniteViral_66	primary_viral	VIR_M1b	Viral-higher viral restriction and type I interferon signalling subgroup	higher_in_viral	0.1903116141155
main_all_projected_reference	DefiniteViral_67	primary_viral	VIR_M1b	Viral-higher viral restriction and type I interferon signalling subgroup	higher_in_viral	0.567917795808732
main_all_projected_reference	DefiniteViral_68	primary_viral	VIR_M1b	Viral-higher viral restriction and type I interferon signalling subgroup	higher_in_viral	0.395485800563554
main_all_projected_reference	DefiniteViral_69	primary_viral	VIR_M1b	Viral-higher viral restriction and type I interferon signalling subgroup	higher_in_viral	0.223418591398209
main_all_projected_reference	DefiniteViral_70	primary_viral	VIR_M1b	Viral-higher viral restriction and type I interferon signalling subgroup	higher_in_viral	0.272889357983499
main_all_projected_reference	DefiniteViral_71	primary_viral	VIR_M1b	Viral-higher viral restriction and type I interferon signalling subgroup	higher_in_viral	-0.433139687127211
main_all_projected_reference	DefiniteViral_72	primary_viral	VIR_M1b	Viral-higher viral restriction and type I interferon signalling subgroup	higher_in_viral	0.506952087605809
main_all_projected_reference	DefiniteViral_73	primary_viral	VIR_M1b	Viral-higher viral restriction and type I interferon signalling subgroup	higher_in_viral	0.251957076151639
main_all_projected_reference	DefiniteViral_74	primary_viral	VIR_M1b	Viral-higher viral restriction and type I interferon signalling subgroup	higher_in_viral	0.0557591653283105
main_all_projected_reference	DefiniteViral_75	primary_viral	VIR_M1b	Viral-higher viral restriction and type I interferon signalling subgroup	higher_in_viral	0.437026957096724
main_all_projected_reference	DefiniteViral_76	primary_viral	VIR_M1b	Viral-higher viral restriction and type I interferon signalling subgroup	higher_in_viral	0.576470995730977
main_all_projected_reference	DefiniteViral_77	primary_viral	VIR_M1b	Viral-higher viral restriction and type I interferon signalling subgroup	higher_in_viral	0.466164891771426
main_all_projected_reference	DefiniteViral_78	primary_viral	VIR_M1b	Viral-higher viral restriction and type I interferon signalling subgroup	higher_in_viral	0.603175038541205
main_all_projected_reference	DefiniteViral_79	primary_viral	VIR_M1b	Viral-higher viral restriction and type I interferon signalling subgroup	higher_in_viral	0.563064220740457
main_all_projected_reference	DefiniteViral_80	primary_viral	VIR_M1b	Viral-higher viral restriction and type I interferon signalling subgroup	higher_in_viral	0.625559830019123
main_all_projected_reference	DefiniteViral_81	primary_viral	VIR_M1b	Viral-higher viral restriction and type I interferon signalling subgroup	higher_in_viral	-0.429578681299137
main_all_projected_reference	DefiniteViral_82	primary_viral	VIR_M1b	Viral-higher viral restriction and type I interferon signalling subgroup	higher_in_viral	-0.220847422125138
main_all_projected_reference	DefiniteViral_83	primary_viral	VIR_M1b	Viral-higher viral restriction and type I interferon signalling subgroup	higher_in_viral	-0.370082074402497
main_all_projected_reference	DefiniteViral_84	primary_viral	VIR_M1b	Viral-higher viral restriction and type I interferon signalling subgroup	higher_in_viral	-0.36561971490698
main_all_projected_reference	DefiniteViral_85	primary_viral	VIR_M1b	Viral-higher viral restriction and type I interferon signalling subgroup	higher_in_viral	-0.308941085288005
main_all_projected_reference	DefiniteViral_86	primary_viral	VIR_M1b	Viral-higher viral restriction and type I interferon signalling subgroup	higher_in_viral	0.0347308899079402
main_all_projected_reference	DefiniteViral_87	primary_viral	VIR_M1b	Viral-higher viral restriction and type I interferon signalling subgroup	higher_in_viral	0.574066304587298
main_all_projected_reference	DefiniteViral_88	primary_viral	VIR_M1b	Viral-higher viral restriction and type I interferon signalling subgroup	higher_in_viral	-0.394319231981906
main_all_projected_reference	DefiniteViral_89	primary_viral	VIR_M1b	Viral-higher viral restriction and type I interferon signalling subgroup	higher_in_viral	0.447579310413178
main_all_projected_reference	DefiniteViral_90	primary_viral	VIR_M1b	Viral-higher viral restriction and type I interferon signalling subgroup	higher_in_viral	-0.482030698092603
main_all_projected_reference	DefiniteViral_91	primary_viral	VIR_M1b	Viral-higher viral restriction and type I interferon signalling subgroup	higher_in_viral	0.479882856499213
main_all_projected_reference	DefiniteViral_92	primary_viral	VIR_M1b	Viral-higher viral restriction and type I interferon signalling subgroup	higher_in_viral	0.00682871820573827
main_all_projected_reference	DefiniteViral_93	primary_viral	VIR_M1b	Viral-higher viral restriction and type I interferon signalling subgroup	higher_in_viral	-0.232834172572014
main_all_projected_reference	DefiniteViral_94	primary_viral	VIR_M1b	Viral-higher viral restriction and type I interferon signalling subgroup	higher_in_viral	0.459470613984155
main_all_projected_reference	Control_01	secondary_control_context	VIR_M2	Viral-higher cytokine and innate immune regulation programme	higher_in_viral	-0.0505890998547614
main_all_projected_reference	Control_02	secondary_control_context	VIR_M2	Viral-higher cytokine and innate immune regulation programme	higher_in_viral	-0.0416191216553215
main_all_projected_reference	Control_03	secondary_control_context	VIR_M2	Viral-higher cytokine and innate immune regulation programme	higher_in_viral	-0.106960154282705
main_all_projected_reference	Control_04	secondary_control_context	VIR_M2	Viral-higher cytokine and innate immune regulation programme	higher_in_viral	0.109279620360416
main_all_projected_reference	Control_05	secondary_control_context	VIR_M2	Viral-higher cytokine and innate immune regulation programme	higher_in_viral	0.148379242395749
main_all_projected_reference	Control_06	secondary_control_context	VIR_M2	Viral-higher cytokine and innate immune regulation programme	higher_in_viral	0.261908153812017
main_all_projected_reference	Control_07	secondary_control_context	VIR_M2	Viral-higher cytokine and innate immune regulation programme	higher_in_viral	0.225601315292513
main_all_projected_reference	Control_08	secondary_control_context	VIR_M2	Viral-higher cytokine and innate immune regulation programme	higher_in_viral	0.193236925661124
main_all_projected_reference	Control_09	secondary_control_context	VIR_M2	Viral-higher cytokine and innate immune regulation programme	higher_in_viral	0.105366675792941
main_all_projected_reference	Control_10	secondary_control_context	VIR_M2	Viral-higher cytokine and innate immune regulation programme	higher_in_viral	0.187090947378272
main_all_projected_reference	Control_11	secondary_control_context	VIR_M2	Viral-higher cytokine and innate immune regulation programme	higher_in_viral	0.369595277211475
main_all_projected_reference	Control_12	secondary_control_context	VIR_M2	Viral-higher cytokine and innate immune regulation programme	higher_in_viral	0.294315584683074
main_all_projected_reference	Control_13	secondary_control_context	VIR_M2	Viral-higher cytokine and innate immune regulation programme	higher_in_viral	0.115031614883503
main_all_projected_reference	Control_14	secondary_control_context	VIR_M2	Viral-higher cytokine and innate immune regulation programme	higher_in_viral	0.387861193339068
main_all_projected_reference	Control_15	secondary_control_context	VIR_M2	Viral-higher cytokine and innate immune regulation programme	higher_in_viral	0.30846797200921
main_all_projected_reference	Control_16	secondary_control_context	VIR_M2	Viral-higher cytokine and innate immune regulation programme	higher_in_viral	0.187909255530539
main_all_projected_reference	Control_17	secondary_control_context	VIR_M2	Viral-higher cytokine and innate immune regulation programme	higher_in_viral	-0.210949324172895
main_all_projected_reference	Control_18	secondary_control_context	VIR_M2	Viral-higher cytokine and innate immune regulation programme	higher_in_viral	-0.014358765134694
main_all_projected_reference	Control_19	secondary_control_context	VIR_M2	Viral-higher cytokine and innate immune regulation programme	higher_in_viral	-0.0610276144869706
main_all_projected_reference	Control_20	secondary_control_context	VIR_M2	Viral-higher cytokine and innate immune regulation programme	higher_in_viral	-0.135942274713188
main_all_projected_reference	Control_21	secondary_control_context	VIR_M2	Viral-higher cytokine and innate immune regulation programme	higher_in_viral	-0.160111250549836
main_all_projected_reference	Control_22	secondary_control_context	VIR_M2	Viral-higher cytokine and innate immune regulation programme	higher_in_viral	0.328683323160125
main_all_projected_reference	Control_23	secondary_control_context	VIR_M2	Viral-higher cytokine and innate immune regulation programme	higher_in_viral	-0.233214317513134
main_all_projected_reference	Control_24	secondary_control_context	VIR_M2	Viral-higher cytokine and innate immune regulation programme	higher_in_viral	0.296863303123998
main_all_projected_reference	Control_25	secondary_control_context	VIR_M2	Viral-higher cytokine and innate immune regulation programme	higher_in_viral	0.258399958174134
main_all_projected_reference	Control_26	secondary_control_context	VIR_M2	Viral-higher cytokine and innate immune regulation programme	higher_in_viral	-0.0295121966963388
main_all_projected_reference	Control_27	secondary_control_context	VIR_M2	Viral-higher cytokine and innate immune regulation programme	higher_in_viral	0.215045229771311
main_all_projected_reference	Control_28	secondary_control_context	VIR_M2	Viral-higher cytokine and innate immune regulation programme	higher_in_viral	0.376622137329639
main_all_projected_reference	Control_29	secondary_control_context	VIR_M2	Viral-higher cytokine and innate immune regulation programme	higher_in_viral	0.293914632335729
main_all_projected_reference	Control_30	secondary_control_context	VIR_M2	Viral-higher cytokine and innate immune regulation programme	higher_in_viral	-0.00699451673710942
main_all_projected_reference	Control_31	secondary_control_context	VIR_M2	Viral-higher cytokine and innate immune regulation programme	higher_in_viral	0.122621971327216
main_all_projected_reference	Control_32	secondary_control_context	VIR_M2	Viral-higher cytokine and innate immune regulation programme	higher_in_viral	0.37798146802485
main_all_projected_reference	Control_33	secondary_control_context	VIR_M2	Viral-higher cytokine and innate immune regulation programme	higher_in_viral	0.257437135404392
main_all_projected_reference	Control_34	secondary_control_context	VIR_M2	Viral-higher cytokine and innate immune regulation programme	higher_in_viral	0.178175993161844
main_all_projected_reference	Control_35	secondary_control_context	VIR_M2	Viral-higher cytokine and innate immune regulation programme	higher_in_viral	0.237160785709648
main_all_projected_reference	Control_36	secondary_control_context	VIR_M2	Viral-higher cytokine and innate immune regulation programme	higher_in_viral	0.403685130095683
main_all_projected_reference	Control_37	secondary_control_context	VIR_M2	Viral-higher cytokine and innate immune regulation programme	higher_in_viral	0.323462586471365
main_all_projected_reference	Control_38	secondary_control_context	VIR_M2	Viral-higher cytokine and innate immune regulation programme	higher_in_viral	0.147636438240174
main_all_projected_reference	Control_39	secondary_control_context	VIR_M2	Viral-higher cytokine and innate immune regulation programme	higher_in_viral	0.150566093767401
main_all_projected_reference	Control_40	secondary_control_context	VIR_M2	Viral-higher cytokine and innate immune regulation programme	higher_in_viral	-0.121953523521633
main_all_projected_reference	Control_41	secondary_control_context	VIR_M2	Viral-higher cytokine and innate immune regulation programme	higher_in_viral	0.272433079421227
main_all_projected_reference	Control_42	secondary_control_context	VIR_M2	Viral-higher cytokine and innate immune regulation programme	higher_in_viral	0.387048462765754
main_all_projected_reference	Control_43	secondary_control_context	VIR_M2	Viral-higher cytokine and innate immune regulation programme	higher_in_viral	0.244164216672753
main_all_projected_reference	Control_44	secondary_control_context	VIR_M2	Viral-higher cytokine and innate immune regulation programme	higher_in_viral	0.255992013779476
main_all_projected_reference	Control_45	secondary_control_context	VIR_M2	Viral-higher cytokine and innate immune regulation programme	higher_in_viral	0.0878501116480107
main_all_projected_reference	Control_46	secondary_control_context	VIR_M2	Viral-higher cytokine and innate immune regulation programme	higher_in_viral	0.210151326897401
main_all_projected_reference	Control_47	secondary_control_context	VIR_M2	Viral-higher cytokine and innate immune regulation programme	higher_in_viral	0.297593557280964
main_all_projected_reference	Control_48	secondary_control_context	VIR_M2	Viral-higher cytokine and innate immune regulation programme	higher_in_viral	-0.276563791303034
main_all_projected_reference	Control_49	secondary_control_context	VIR_M2	Viral-higher cytokine and innate immune regulation programme	higher_in_viral	0.299501894889974
main_all_projected_reference	Control_50	secondary_control_context	VIR_M2	Viral-higher cytokine and innate immune regulation programme	higher_in_viral	0.336849507735585
main_all_projected_reference	Control_51	secondary_control_context	VIR_M2	Viral-higher cytokine and innate immune regulation programme	higher_in_viral	0.219611696397643
main_all_projected_reference	Control_52	secondary_control_context	VIR_M2	Viral-higher cytokine and innate immune regulation programme	higher_in_viral	0.253096289604729
main_all_projected_reference	Control_53	secondary_control_context	VIR_M2	Viral-higher cytokine and innate immune regulation programme	higher_in_viral	-0.0291132835060845
main_all_projected_reference	Control_54	secondary_control_context	VIR_M2	Viral-higher cytokine and innate immune regulation programme	higher_in_viral	0.00807465503274232
main_all_projected_reference	Control_55	secondary_control_context	VIR_M2	Viral-higher cytokine and innate immune regulation programme	higher_in_viral	-0.0977822626097582
main_all_projected_reference	DefiniteBacterial_01	primary_bacterial	VIR_M2	Viral-higher cytokine and innate immune regulation programme	higher_in_viral	-0.108285513723116
main_all_projected_reference	DefiniteBacterial_02	primary_bacterial	VIR_M2	Viral-higher cytokine and innate immune regulation programme	higher_in_viral	-0.070933119659672
main_all_projected_reference	DefiniteBacterial_03	primary_bacterial	VIR_M2	Viral-higher cytokine and innate immune regulation programme	higher_in_viral	-0.155901056552077
main_all_projected_reference	DefiniteBacterial_04	primary_bacterial	VIR_M2	Viral-higher cytokine and innate immune regulation programme	higher_in_viral	-0.192510508399497
main_all_projected_reference	DefiniteBacterial_05	primary_bacterial	VIR_M2	Viral-higher cytokine and innate immune regulation programme	higher_in_viral	-0.0580817506105171
main_all_projected_reference	DefiniteBacterial_06	primary_bacterial	VIR_M2	Viral-higher cytokine and innate immune regulation programme	higher_in_viral	-0.19787156343872
main_all_projected_reference	DefiniteBacterial_07	primary_bacterial	VIR_M2	Viral-higher cytokine and innate immune regulation programme	higher_in_viral	0.202850721584843
main_all_projected_reference	DefiniteBacterial_08	primary_bacterial	VIR_M2	Viral-higher cytokine and innate immune regulation programme	higher_in_viral	-0.131996830088458
main_all_projected_reference	DefiniteBacterial_09	primary_bacterial	VIR_M2	Viral-higher cytokine and innate immune regulation programme	higher_in_viral	-0.363462602180953
main_all_projected_reference	DefiniteBacterial_10	primary_bacterial	VIR_M2	Viral-higher cytokine and innate immune regulation programme	higher_in_viral	-0.273326368755153
main_all_projected_reference	DefiniteBacterial_11	primary_bacterial	VIR_M2	Viral-higher cytokine and innate immune regulation programme	higher_in_viral	-0.0233248945147687
main_all_projected_reference	DefiniteBacterial_12	primary_bacterial	VIR_M2	Viral-higher cytokine and innate immune regulation programme	higher_in_viral	-0.182370967519291
main_all_projected_reference	DefiniteBacterial_13	primary_bacterial	VIR_M2	Viral-higher cytokine and innate immune regulation programme	higher_in_viral	-0.210612636273898
main_all_projected_reference	DefiniteBacterial_14	primary_bacterial	VIR_M2	Viral-higher cytokine and innate immune regulation programme	higher_in_viral	0.146059253075447
main_all_projected_reference	DefiniteBacterial_15	primary_bacterial	VIR_M2	Viral-higher cytokine and innate immune regulation programme	higher_in_viral	-0.193927459436756
main_all_projected_reference	DefiniteBacterial_16	primary_bacterial	VIR_M2	Viral-higher cytokine and innate immune regulation programme	higher_in_viral	-0.00927958810740206
main_all_projected_reference	DefiniteBacterial_17	primary_bacterial	VIR_M2	Viral-higher cytokine and innate immune regulation programme	higher_in_viral	-0.33878933564278
main_all_projected_reference	DefiniteBacterial_18	primary_bacterial	VIR_M2	Viral-higher cytokine and innate immune regulation programme	higher_in_viral	-0.0759011748549656
main_all_projected_reference	DefiniteBacterial_19	primary_bacterial	VIR_M2	Viral-higher cytokine and innate immune regulation programme	higher_in_viral	-0.29336830939963
main_all_projected_reference	DefiniteBacterial_20	primary_bacterial	VIR_M2	Viral-higher cytokine and innate immune regulation programme	higher_in_viral	-0.104900104526336
main_all_projected_reference	DefiniteBacterial_21	primary_bacterial	VIR_M2	Viral-higher cytokine and innate immune regulation programme	higher_in_viral	0.30270312724988
main_all_projected_reference	DefiniteBacterial_22	primary_bacterial	VIR_M2	Viral-higher cytokine and innate immune regulation programme	higher_in_viral	0.101958931664204
main_all_projected_reference	DefiniteBacterial_23	primary_bacterial	VIR_M2	Viral-higher cytokine and innate immune regulation programme	higher_in_viral	-0.125914521942872
main_all_projected_reference	DefiniteBacterial_24	primary_bacterial	VIR_M2	Viral-higher cytokine and innate immune regulation programme	higher_in_viral	-0.0676988695647752
main_all_projected_reference	DefiniteBacterial_25	primary_bacterial	VIR_M2	Viral-higher cytokine and innate immune regulation programme	higher_in_viral	-0.179689730655753
main_all_projected_reference	DefiniteBacterial_26	primary_bacterial	VIR_M2	Viral-higher cytokine and innate immune regulation programme	higher_in_viral	-0.201737199528867
main_all_projected_reference	DefiniteBacterial_27	primary_bacterial	VIR_M2	Viral-higher cytokine and innate immune regulation programme	higher_in_viral	-0.364863666317936
main_all_projected_reference	DefiniteBacterial_28	primary_bacterial	VIR_M2	Viral-higher cytokine and innate immune regulation programme	higher_in_viral	-0.237629836552859
main_all_projected_reference	DefiniteBacterial_29	primary_bacterial	VIR_M2	Viral-higher cytokine and innate immune regulation programme	higher_in_viral	0.224438721845418
main_all_projected_reference	DefiniteBacterial_30	primary_bacterial	VIR_M2	Viral-higher cytokine and innate immune regulation programme	higher_in_viral	-0.0688009857425627
main_all_projected_reference	DefiniteBacterial_31	primary_bacterial	VIR_M2	Viral-higher cytokine and innate immune regulation programme	higher_in_viral	-0.182920904161684
main_all_projected_reference	DefiniteBacterial_32	primary_bacterial	VIR_M2	Viral-higher cytokine and innate immune regulation programme	higher_in_viral	-0.131564953163453
main_all_projected_reference	DefiniteBacterial_33	primary_bacterial	VIR_M2	Viral-higher cytokine and innate immune regulation programme	higher_in_viral	-0.0480731364275675
main_all_projected_reference	DefiniteBacterial_34	primary_bacterial	VIR_M2	Viral-higher cytokine and innate immune regulation programme	higher_in_viral	0.0133739800982861
main_all_projected_reference	DefiniteBacterial_35	primary_bacterial	VIR_M2	Viral-higher cytokine and innate immune regulation programme	higher_in_viral	0.0394297421045479
main_all_projected_reference	DefiniteBacterial_36	primary_bacterial	VIR_M2	Viral-higher cytokine and innate immune regulation programme	higher_in_viral	-0.0966840797166684
main_all_projected_reference	DefiniteBacterial_37	primary_bacterial	VIR_M2	Viral-higher cytokine and innate immune regulation programme	higher_in_viral	0.00786656370426109
main_all_projected_reference	DefiniteBacterial_38	primary_bacterial	VIR_M2	Viral-higher cytokine and innate immune regulation programme	higher_in_viral	0.200321493275174
main_all_projected_reference	DefiniteBacterial_39	primary_bacterial	VIR_M2	Viral-higher cytokine and innate immune regulation programme	higher_in_viral	0.066222047861906
main_all_projected_reference	DefiniteBacterial_40	primary_bacterial	VIR_M2	Viral-higher cytokine and innate immune regulation programme	higher_in_viral	0.270894293874762
main_all_projected_reference	DefiniteBacterial_41	primary_bacterial	VIR_M2	Viral-higher cytokine and innate immune regulation programme	higher_in_viral	0.0261651874484689
main_all_projected_reference	DefiniteBacterial_42	primary_bacterial	VIR_M2	Viral-higher cytokine and innate immune regulation programme	higher_in_viral	0.13649161856113
main_all_projected_reference	DefiniteBacterial_43	primary_bacterial	VIR_M2	Viral-higher cytokine and innate immune regulation programme	higher_in_viral	0.0442728600750032
main_all_projected_reference	DefiniteBacterial_44	primary_bacterial	VIR_M2	Viral-higher cytokine and innate immune regulation programme	higher_in_viral	-0.0329223485485705
main_all_projected_reference	DefiniteBacterial_45	primary_bacterial	VIR_M2	Viral-higher cytokine and innate immune regulation programme	higher_in_viral	-0.00572741515201625
main_all_projected_reference	DefiniteBacterial_46	primary_bacterial	VIR_M2	Viral-higher cytokine and innate immune regulation programme	higher_in_viral	-0.0971209471757101
main_all_projected_reference	DefiniteBacterial_47	primary_bacterial	VIR_M2	Viral-higher cytokine and innate immune regulation programme	higher_in_viral	0.115291973534708
main_all_projected_reference	DefiniteBacterial_48	primary_bacterial	VIR_M2	Viral-higher cytokine and innate immune regulation programme	higher_in_viral	-0.193331981782773
main_all_projected_reference	DefiniteBacterial_49	primary_bacterial	VIR_M2	Viral-higher cytokine and innate immune regulation programme	higher_in_viral	-0.0189051519175492
main_all_projected_reference	DefiniteBacterial_50	primary_bacterial	VIR_M2	Viral-higher cytokine and innate immune regulation programme	higher_in_viral	-0.0501852906337644
main_all_projected_reference	DefiniteBacterial_51	primary_bacterial	VIR_M2	Viral-higher cytokine and innate immune regulation programme	higher_in_viral	-0.117589733365105
main_all_projected_reference	DefiniteBacterial_52	primary_bacterial	VIR_M2	Viral-higher cytokine and innate immune regulation programme	higher_in_viral	-0.00597858117784508
main_all_projected_reference	DefiniteViral_01	primary_viral	VIR_M2	Viral-higher cytokine and innate immune regulation programme	higher_in_viral	0.0528103662039329
main_all_projected_reference	DefiniteViral_02	primary_viral	VIR_M2	Viral-higher cytokine and innate immune regulation programme	higher_in_viral	0.082844310107445
main_all_projected_reference	DefiniteViral_03	primary_viral	VIR_M2	Viral-higher cytokine and innate immune regulation programme	higher_in_viral	-0.00897314253442741
main_all_projected_reference	DefiniteViral_04	primary_viral	VIR_M2	Viral-higher cytokine and innate immune regulation programme	higher_in_viral	-0.147452109861342
main_all_projected_reference	DefiniteViral_05	primary_viral	VIR_M2	Viral-higher cytokine and innate immune regulation programme	higher_in_viral	-0.0821296011827778
main_all_projected_reference	DefiniteViral_06	primary_viral	VIR_M2	Viral-higher cytokine and innate immune regulation programme	higher_in_viral	0.14298954798271
main_all_projected_reference	DefiniteViral_07	primary_viral	VIR_M2	Viral-higher cytokine and innate immune regulation programme	higher_in_viral	0.123755414646071
main_all_projected_reference	DefiniteViral_08	primary_viral	VIR_M2	Viral-higher cytokine and innate immune regulation programme	higher_in_viral	-0.105087476438155
main_all_projected_reference	DefiniteViral_09	primary_viral	VIR_M2	Viral-higher cytokine and innate immune regulation programme	higher_in_viral	-0.02705952026671
main_all_projected_reference	DefiniteViral_10	primary_viral	VIR_M2	Viral-higher cytokine and innate immune regulation programme	higher_in_viral	-0.104221695823026
main_all_projected_reference	DefiniteViral_11	primary_viral	VIR_M2	Viral-higher cytokine and innate immune regulation programme	higher_in_viral	-0.142305520983841
main_all_projected_reference	DefiniteViral_12	primary_viral	VIR_M2	Viral-higher cytokine and innate immune regulation programme	higher_in_viral	0.078897364964931
main_all_projected_reference	DefiniteViral_13	primary_viral	VIR_M2	Viral-higher cytokine and innate immune regulation programme	higher_in_viral	0.032731982834979
main_all_projected_reference	DefiniteViral_14	primary_viral	VIR_M2	Viral-higher cytokine and innate immune regulation programme	higher_in_viral	0.021888600271139
main_all_projected_reference	DefiniteViral_15	primary_viral	VIR_M2	Viral-higher cytokine and innate immune regulation programme	higher_in_viral	-0.0949259938984724
main_all_projected_reference	DefiniteViral_16	primary_viral	VIR_M2	Viral-higher cytokine and innate immune regulation programme	higher_in_viral	-0.194303279961084
main_all_projected_reference	DefiniteViral_17	primary_viral	VIR_M2	Viral-higher cytokine and innate immune regulation programme	higher_in_viral	0.110493307513653
main_all_projected_reference	DefiniteViral_18	primary_viral	VIR_M2	Viral-higher cytokine and innate immune regulation programme	higher_in_viral	-0.138921523404682
main_all_projected_reference	DefiniteViral_19	primary_viral	VIR_M2	Viral-higher cytokine and innate immune regulation programme	higher_in_viral	0.00920760809275412
main_all_projected_reference	DefiniteViral_20	primary_viral	VIR_M2	Viral-higher cytokine and innate immune regulation programme	higher_in_viral	-0.248161051790861
main_all_projected_reference	DefiniteViral_21	primary_viral	VIR_M2	Viral-higher cytokine and innate immune regulation programme	higher_in_viral	-0.0807125460278464
main_all_projected_reference	DefiniteViral_22	primary_viral	VIR_M2	Viral-higher cytokine and innate immune regulation programme	higher_in_viral	-0.0235049257186246
main_all_projected_reference	DefiniteViral_23	primary_viral	VIR_M2	Viral-higher cytokine and innate immune regulation programme	higher_in_viral	0.13791452991453
main_all_projected_reference	DefiniteViral_24	primary_viral	VIR_M2	Viral-higher cytokine and innate immune regulation programme	higher_in_viral	-0.0662570340671071
main_all_projected_reference	DefiniteViral_25	primary_viral	VIR_M2	Viral-higher cytokine and innate immune regulation programme	higher_in_viral	-0.138303306320184
main_all_projected_reference	DefiniteViral_26	primary_viral	VIR_M2	Viral-higher cytokine and innate immune regulation programme	higher_in_viral	-0.181521610455664
main_all_projected_reference	DefiniteViral_27	primary_viral	VIR_M2	Viral-higher cytokine and innate immune regulation programme	higher_in_viral	-0.121983500352193
main_all_projected_reference	DefiniteViral_28	primary_viral	VIR_M2	Viral-higher cytokine and innate immune regulation programme	higher_in_viral	0.00828177448529394
main_all_projected_reference	DefiniteViral_29	primary_viral	VIR_M2	Viral-higher cytokine and innate immune regulation programme	higher_in_viral	-0.187516147791146
main_all_projected_reference	DefiniteViral_30	primary_viral	VIR_M2	Viral-higher cytokine and innate immune regulation programme	higher_in_viral	-0.0793757056881518
main_all_projected_reference	DefiniteViral_31	primary_viral	VIR_M2	Viral-higher cytokine and innate immune regulation programme	higher_in_viral	-0.0062235782309282
main_all_projected_reference	DefiniteViral_32	primary_viral	VIR_M2	Viral-higher cytokine and innate immune regulation programme	higher_in_viral	0.0743082934183649
main_all_projected_reference	DefiniteViral_33	primary_viral	VIR_M2	Viral-higher cytokine and innate immune regulation programme	higher_in_viral	-0.206391988644112
main_all_projected_reference	DefiniteViral_34	primary_viral	VIR_M2	Viral-higher cytokine and innate immune regulation programme	higher_in_viral	0.0313377041030586
main_all_projected_reference	DefiniteViral_35	primary_viral	VIR_M2	Viral-higher cytokine and innate immune regulation programme	higher_in_viral	0.26860213151297
main_all_projected_reference	DefiniteViral_36	primary_viral	VIR_M2	Viral-higher cytokine and innate immune regulation programme	higher_in_viral	-0.221167903232443
main_all_projected_reference	DefiniteViral_37	primary_viral	VIR_M2	Viral-higher cytokine and innate immune regulation programme	higher_in_viral	-0.113709160189255
main_all_projected_reference	DefiniteViral_38	primary_viral	VIR_M2	Viral-higher cytokine and innate immune regulation programme	higher_in_viral	-0.0771949645076021
main_all_projected_reference	DefiniteViral_39	primary_viral	VIR_M2	Viral-higher cytokine and innate immune regulation programme	higher_in_viral	-0.262062447476446
main_all_projected_reference	DefiniteViral_40	primary_viral	VIR_M2	Viral-higher cytokine and innate immune regulation programme	higher_in_viral	0.0823026533128136
main_all_projected_reference	DefiniteViral_41	primary_viral	VIR_M2	Viral-higher cytokine and innate immune regulation programme	higher_in_viral	-0.00750792416464199
main_all_projected_reference	DefiniteViral_42	primary_viral	VIR_M2	Viral-higher cytokine and innate immune regulation programme	higher_in_viral	-0.113503201401739
main_all_projected_reference	DefiniteViral_43	primary_viral	VIR_M2	Viral-higher cytokine and innate immune regulation programme	higher_in_viral	-0.165483148994986
main_all_projected_reference	DefiniteViral_44	primary_viral	VIR_M2	Viral-higher cytokine and innate immune regulation programme	higher_in_viral	-0.204483372469407
main_all_projected_reference	DefiniteViral_45	primary_viral	VIR_M2	Viral-higher cytokine and innate immune regulation programme	higher_in_viral	0.106157602117226
main_all_projected_reference	DefiniteViral_46	primary_viral	VIR_M2	Viral-higher cytokine and innate immune regulation programme	higher_in_viral	-0.282598837082407
main_all_projected_reference	DefiniteViral_47	primary_viral	VIR_M2	Viral-higher cytokine and innate immune regulation programme	higher_in_viral	-0.00237112149242238
main_all_projected_reference	DefiniteViral_48	primary_viral	VIR_M2	Viral-higher cytokine and innate immune regulation programme	higher_in_viral	-0.113220359994276
main_all_projected_reference	DefiniteViral_49	primary_viral	VIR_M2	Viral-higher cytokine and innate immune regulation programme	higher_in_viral	0.127380703771636
main_all_projected_reference	DefiniteViral_50	primary_viral	VIR_M2	Viral-higher cytokine and innate immune regulation programme	higher_in_viral	-0.209920656580443
main_all_projected_reference	DefiniteViral_51	primary_viral	VIR_M2	Viral-higher cytokine and innate immune regulation programme	higher_in_viral	-0.261589123598595
main_all_projected_reference	DefiniteViral_52	primary_viral	VIR_M2	Viral-higher cytokine and innate immune regulation programme	higher_in_viral	-0.305633476915851
main_all_projected_reference	DefiniteViral_53	primary_viral	VIR_M2	Viral-higher cytokine and innate immune regulation programme	higher_in_viral	-0.221250506497534
main_all_projected_reference	DefiniteViral_54	primary_viral	VIR_M2	Viral-higher cytokine and innate immune regulation programme	higher_in_viral	-0.122041263414038
main_all_projected_reference	DefiniteViral_55	primary_viral	VIR_M2	Viral-higher cytokine and innate immune regulation programme	higher_in_viral	-0.395695624010049
main_all_projected_reference	DefiniteViral_56	primary_viral	VIR_M2	Viral-higher cytokine and innate immune regulation programme	higher_in_viral	0.111144646495133
main_all_projected_reference	DefiniteViral_57	primary_viral	VIR_M2	Viral-higher cytokine and innate immune regulation programme	higher_in_viral	0.231709763485728
main_all_projected_reference	DefiniteViral_58	primary_viral	VIR_M2	Viral-higher cytokine and innate immune regulation programme	higher_in_viral	-0.0617859320255156
main_all_projected_reference	DefiniteViral_59	primary_viral	VIR_M2	Viral-higher cytokine and innate immune regulation programme	higher_in_viral	-0.0378834976166034
main_all_projected_reference	DefiniteViral_60	primary_viral	VIR_M2	Viral-higher cytokine and innate immune regulation programme	higher_in_viral	0.00694979910736884
main_all_projected_reference	DefiniteViral_61	primary_viral	VIR_M2	Viral-higher cytokine and innate immune regulation programme	higher_in_viral	0.148085505627292
main_all_projected_reference	DefiniteViral_62	primary_viral	VIR_M2	Viral-higher cytokine and innate immune regulation programme	higher_in_viral	0.109789983634726
main_all_projected_reference	DefiniteViral_63	primary_viral	VIR_M2	Viral-higher cytokine and innate immune regulation programme	higher_in_viral	-0.113036328257012
main_all_projected_reference	DefiniteViral_64	primary_viral	VIR_M2	Viral-higher cytokine and innate immune regulation programme	higher_in_viral	0.0173658027976494
main_all_projected_reference	DefiniteViral_65	primary_viral	VIR_M2	Viral-higher cytokine and innate immune regulation programme	higher_in_viral	0.00733005263890882
main_all_projected_reference	DefiniteViral_66	primary_viral	VIR_M2	Viral-higher cytokine and innate immune regulation programme	higher_in_viral	-0.24991761681935
main_all_projected_reference	DefiniteViral_67	primary_viral	VIR_M2	Viral-higher cytokine and innate immune regulation programme	higher_in_viral	-0.181639617475497
main_all_projected_reference	DefiniteViral_68	primary_viral	VIR_M2	Viral-higher cytokine and innate immune regulation programme	higher_in_viral	-0.314327143438497
main_all_projected_reference	DefiniteViral_69	primary_viral	VIR_M2	Viral-higher cytokine and innate immune regulation programme	higher_in_viral	-0.151133939526075
main_all_projected_reference	DefiniteViral_70	primary_viral	VIR_M2	Viral-higher cytokine and innate immune regulation programme	higher_in_viral	-0.293032698510284
main_all_projected_reference	DefiniteViral_71	primary_viral	VIR_M2	Viral-higher cytokine and innate immune regulation programme	higher_in_viral	-0.109232111226057
main_all_projected_reference	DefiniteViral_72	primary_viral	VIR_M2	Viral-higher cytokine and innate immune regulation programme	higher_in_viral	-0.241973817305944
main_all_projected_reference	DefiniteViral_73	primary_viral	VIR_M2	Viral-higher cytokine and innate immune regulation programme	higher_in_viral	-0.298655493164667
main_all_projected_reference	DefiniteViral_74	primary_viral	VIR_M2	Viral-higher cytokine and innate immune regulation programme	higher_in_viral	0.317917685737499
main_all_projected_reference	DefiniteViral_75	primary_viral	VIR_M2	Viral-higher cytokine and innate immune regulation programme	higher_in_viral	-0.00330937751047694
main_all_projected_reference	DefiniteViral_76	primary_viral	VIR_M2	Viral-higher cytokine and innate immune regulation programme	higher_in_viral	-0.00906585753402891
main_all_projected_reference	DefiniteViral_77	primary_viral	VIR_M2	Viral-higher cytokine and innate immune regulation programme	higher_in_viral	-0.110623662952275
main_all_projected_reference	DefiniteViral_78	primary_viral	VIR_M2	Viral-higher cytokine and innate immune regulation programme	higher_in_viral	-0.0772241629510907
main_all_projected_reference	DefiniteViral_79	primary_viral	VIR_M2	Viral-higher cytokine and innate immune regulation programme	higher_in_viral	-0.200985184595949
main_all_projected_reference	DefiniteViral_80	primary_viral	VIR_M2	Viral-higher cytokine and innate immune regulation programme	higher_in_viral	-0.068205581343079
main_all_projected_reference	DefiniteViral_81	primary_viral	VIR_M2	Viral-higher cytokine and innate immune regulation programme	higher_in_viral	0.0500338783670537
main_all_projected_reference	DefiniteViral_82	primary_viral	VIR_M2	Viral-higher cytokine and innate immune regulation programme	higher_in_viral	0.351015872774813
main_all_projected_reference	DefiniteViral_83	primary_viral	VIR_M2	Viral-higher cytokine and innate immune regulation programme	higher_in_viral	0.0441870940681078
main_all_projected_reference	DefiniteViral_84	primary_viral	VIR_M2	Viral-higher cytokine and innate immune regulation programme	higher_in_viral	0.325727204942945
main_all_projected_reference	DefiniteViral_85	primary_viral	VIR_M2	Viral-higher cytokine and innate immune regulation programme	higher_in_viral	0.111887120787508
main_all_projected_reference	DefiniteViral_86	primary_viral	VIR_M2	Viral-higher cytokine and innate immune regulation programme	higher_in_viral	-0.0304027193190808
main_all_projected_reference	DefiniteViral_87	primary_viral	VIR_M2	Viral-higher cytokine and innate immune regulation programme	higher_in_viral	-0.27389302394666
main_all_projected_reference	DefiniteViral_88	primary_viral	VIR_M2	Viral-higher cytokine and innate immune regulation programme	higher_in_viral	-0.270944425630814
main_all_projected_reference	DefiniteViral_89	primary_viral	VIR_M2	Viral-higher cytokine and innate immune regulation programme	higher_in_viral	0.159429880236721
main_all_projected_reference	DefiniteViral_90	primary_viral	VIR_M2	Viral-higher cytokine and innate immune regulation programme	higher_in_viral	-0.00797768807723032
main_all_projected_reference	DefiniteViral_91	primary_viral	VIR_M2	Viral-higher cytokine and innate immune regulation programme	higher_in_viral	-0.386948448820269
main_all_projected_reference	DefiniteViral_92	primary_viral	VIR_M2	Viral-higher cytokine and innate immune regulation programme	higher_in_viral	0.122509972778095
main_all_projected_reference	DefiniteViral_93	primary_viral	VIR_M2	Viral-higher cytokine and innate immune regulation programme	higher_in_viral	0.132240267025925
main_all_projected_reference	DefiniteViral_94	primary_viral	VIR_M2	Viral-higher cytokine and innate immune regulation programme	higher_in_viral	0.0159210657704276
primary_only_reference	DefiniteBacterial_01	primary_bacterial	BACT_M1	Bacterial-higher cytoplasmic translation and ribosomal protein programme	higher_in_bacterial	0.755997893059755
primary_only_reference	DefiniteBacterial_02	primary_bacterial	BACT_M1	Bacterial-higher cytoplasmic translation and ribosomal protein programme	higher_in_bacterial	0.196770326812168
primary_only_reference	DefiniteBacterial_03	primary_bacterial	BACT_M1	Bacterial-higher cytoplasmic translation and ribosomal protein programme	higher_in_bacterial	0.384685492426078
primary_only_reference	DefiniteBacterial_04	primary_bacterial	BACT_M1	Bacterial-higher cytoplasmic translation and ribosomal protein programme	higher_in_bacterial	-0.330543933054396
primary_only_reference	DefiniteBacterial_05	primary_bacterial	BACT_M1	Bacterial-higher cytoplasmic translation and ribosomal protein programme	higher_in_bacterial	-0.540063647968228
primary_only_reference	DefiniteBacterial_06	primary_bacterial	BACT_M1	Bacterial-higher cytoplasmic translation and ribosomal protein programme	higher_in_bacterial	-0.534887571114657
primary_only_reference	DefiniteBacterial_07	primary_bacterial	BACT_M1	Bacterial-higher cytoplasmic translation and ribosomal protein programme	higher_in_bacterial	0.119915507512131
primary_only_reference	DefiniteBacterial_08	primary_bacterial	BACT_M1	Bacterial-higher cytoplasmic translation and ribosomal protein programme	higher_in_bacterial	0.441764601116618
primary_only_reference	DefiniteBacterial_09	primary_bacterial	BACT_M1	Bacterial-higher cytoplasmic translation and ribosomal protein programme	higher_in_bacterial	0.121074095651713
primary_only_reference	DefiniteBacterial_10	primary_bacterial	BACT_M1	Bacterial-higher cytoplasmic translation and ribosomal protein programme	higher_in_bacterial	0.754106967907464
primary_only_reference	DefiniteBacterial_11	primary_bacterial	BACT_M1	Bacterial-higher cytoplasmic translation and ribosomal protein programme	higher_in_bacterial	0.394064299961434
primary_only_reference	DefiniteBacterial_12	primary_bacterial	BACT_M1	Bacterial-higher cytoplasmic translation and ribosomal protein programme	higher_in_bacterial	0.475995741405212
primary_only_reference	DefiniteBacterial_13	primary_bacterial	BACT_M1	Bacterial-higher cytoplasmic translation and ribosomal protein programme	higher_in_bacterial	0.458789706390683
primary_only_reference	DefiniteBacterial_14	primary_bacterial	BACT_M1	Bacterial-higher cytoplasmic translation and ribosomal protein programme	higher_in_bacterial	-0.0788545528452808
primary_only_reference	DefiniteBacterial_15	primary_bacterial	BACT_M1	Bacterial-higher cytoplasmic translation and ribosomal protein programme	higher_in_bacterial	0.721166839568652
primary_only_reference	DefiniteBacterial_16	primary_bacterial	BACT_M1	Bacterial-higher cytoplasmic translation and ribosomal protein programme	higher_in_bacterial	0.128074077997281
primary_only_reference	DefiniteBacterial_17	primary_bacterial	BACT_M1	Bacterial-higher cytoplasmic translation and ribosomal protein programme	higher_in_bacterial	0.770354380349875
primary_only_reference	DefiniteBacterial_18	primary_bacterial	BACT_M1	Bacterial-higher cytoplasmic translation and ribosomal protein programme	higher_in_bacterial	0.191732480660551
primary_only_reference	DefiniteBacterial_19	primary_bacterial	BACT_M1	Bacterial-higher cytoplasmic translation and ribosomal protein programme	higher_in_bacterial	0.71657816725937
primary_only_reference	DefiniteBacterial_20	primary_bacterial	BACT_M1	Bacterial-higher cytoplasmic translation and ribosomal protein programme	higher_in_bacterial	0.542868720797957
primary_only_reference	DefiniteBacterial_21	primary_bacterial	BACT_M1	Bacterial-higher cytoplasmic translation and ribosomal protein programme	higher_in_bacterial	-0.025290115509782
primary_only_reference	DefiniteBacterial_22	primary_bacterial	BACT_M1	Bacterial-higher cytoplasmic translation and ribosomal protein programme	higher_in_bacterial	-0.40794313351508
primary_only_reference	DefiniteBacterial_23	primary_bacterial	BACT_M1	Bacterial-higher cytoplasmic translation and ribosomal protein programme	higher_in_bacterial	0.618289378315159
primary_only_reference	DefiniteBacterial_24	primary_bacterial	BACT_M1	Bacterial-higher cytoplasmic translation and ribosomal protein programme	higher_in_bacterial	0.65874107920105
primary_only_reference	DefiniteBacterial_25	primary_bacterial	BACT_M1	Bacterial-higher cytoplasmic translation and ribosomal protein programme	higher_in_bacterial	0.724812249272197
primary_only_reference	DefiniteBacterial_26	primary_bacterial	BACT_M1	Bacterial-higher cytoplasmic translation and ribosomal protein programme	higher_in_bacterial	0.352959644879917
primary_only_reference	DefiniteBacterial_27	primary_bacterial	BACT_M1	Bacterial-higher cytoplasmic translation and ribosomal protein programme	higher_in_bacterial	0.695045995690892
primary_only_reference	DefiniteBacterial_28	primary_bacterial	BACT_M1	Bacterial-higher cytoplasmic translation and ribosomal protein programme	higher_in_bacterial	0.289029079678101
primary_only_reference	DefiniteBacterial_29	primary_bacterial	BACT_M1	Bacterial-higher cytoplasmic translation and ribosomal protein programme	higher_in_bacterial	-0.293826154024452
primary_only_reference	DefiniteBacterial_30	primary_bacterial	BACT_M1	Bacterial-higher cytoplasmic translation and ribosomal protein programme	higher_in_bacterial	0.30867743094878
primary_only_reference	DefiniteBacterial_31	primary_bacterial	BACT_M1	Bacterial-higher cytoplasmic translation and ribosomal protein programme	higher_in_bacterial	0.610500424048359
primary_only_reference	DefiniteBacterial_32	primary_bacterial	BACT_M1	Bacterial-higher cytoplasmic translation and ribosomal protein programme	higher_in_bacterial	0.369475383485049
primary_only_reference	DefiniteBacterial_33	primary_bacterial	BACT_M1	Bacterial-higher cytoplasmic translation and ribosomal protein programme	higher_in_bacterial	0.22624786857405
primary_only_reference	DefiniteBacterial_34	primary_bacterial	BACT_M1	Bacterial-higher cytoplasmic translation and ribosomal protein programme	higher_in_bacterial	0.630101030717421
primary_only_reference	DefiniteBacterial_35	primary_bacterial	BACT_M1	Bacterial-higher cytoplasmic translation and ribosomal protein programme	higher_in_bacterial	0.10814645089401
primary_only_reference	DefiniteBacterial_36	primary_bacterial	BACT_M1	Bacterial-higher cytoplasmic translation and ribosomal protein programme	higher_in_bacterial	-0.266123461385659
primary_only_reference	DefiniteBacterial_37	primary_bacterial	BACT_M1	Bacterial-higher cytoplasmic translation and ribosomal protein programme	higher_in_bacterial	0.548291977948975
primary_only_reference	DefiniteBacterial_38	primary_bacterial	BACT_M1	Bacterial-higher cytoplasmic translation and ribosomal protein programme	higher_in_bacterial	0.383961307854893
primary_only_reference	DefiniteBacterial_39	primary_bacterial	BACT_M1	Bacterial-higher cytoplasmic translation and ribosomal protein programme	higher_in_bacterial	0.666764759387474
primary_only_reference	DefiniteBacterial_40	primary_bacterial	BACT_M1	Bacterial-higher cytoplasmic translation and ribosomal protein programme	higher_in_bacterial	-0.496495870210336
primary_only_reference	DefiniteBacterial_41	primary_bacterial	BACT_M1	Bacterial-higher cytoplasmic translation and ribosomal protein programme	higher_in_bacterial	0.254403765690377
primary_only_reference	DefiniteBacterial_42	primary_bacterial	BACT_M1	Bacterial-higher cytoplasmic translation and ribosomal protein programme	higher_in_bacterial	-0.282264078291217
primary_only_reference	DefiniteBacterial_43	primary_bacterial	BACT_M1	Bacterial-higher cytoplasmic translation and ribosomal protein programme	higher_in_bacterial	-0.286935182638157
primary_only_reference	DefiniteBacterial_44	primary_bacterial	BACT_M1	Bacterial-higher cytoplasmic translation and ribosomal protein programme	higher_in_bacterial	0.42636576974636
primary_only_reference	DefiniteBacterial_45	primary_bacterial	BACT_M1	Bacterial-higher cytoplasmic translation and ribosomal protein programme	higher_in_bacterial	0.208372329883286
primary_only_reference	DefiniteBacterial_46	primary_bacterial	BACT_M1	Bacterial-higher cytoplasmic translation and ribosomal protein programme	higher_in_bacterial	0.525319027076744
primary_only_reference	DefiniteBacterial_47	primary_bacterial	BACT_M1	Bacterial-higher cytoplasmic translation and ribosomal protein programme	higher_in_bacterial	0.231390949379304
primary_only_reference	DefiniteBacterial_48	primary_bacterial	BACT_M1	Bacterial-higher cytoplasmic translation and ribosomal protein programme	higher_in_bacterial	0.710381931103784
primary_only_reference	DefiniteBacterial_49	primary_bacterial	BACT_M1	Bacterial-higher cytoplasmic translation and ribosomal protein programme	higher_in_bacterial	0.533263702876595
primary_only_reference	DefiniteBacterial_50	primary_bacterial	BACT_M1	Bacterial-higher cytoplasmic translation and ribosomal protein programme	higher_in_bacterial	0.647849613775347
primary_only_reference	DefiniteBacterial_51	primary_bacterial	BACT_M1	Bacterial-higher cytoplasmic translation and ribosomal protein programme	higher_in_bacterial	0.671020437040984
primary_only_reference	DefiniteBacterial_52	primary_bacterial	BACT_M1	Bacterial-higher cytoplasmic translation and ribosomal protein programme	higher_in_bacterial	0.471119325328897
primary_only_reference	DefiniteViral_01	primary_viral	BACT_M1	Bacterial-higher cytoplasmic translation and ribosomal protein programme	higher_in_bacterial	-0.721071657617264
primary_only_reference	DefiniteViral_02	primary_viral	BACT_M1	Bacterial-higher cytoplasmic translation and ribosomal protein programme	higher_in_bacterial	-0.757826272821501
primary_only_reference	DefiniteViral_03	primary_viral	BACT_M1	Bacterial-higher cytoplasmic translation and ribosomal protein programme	higher_in_bacterial	-0.539748953974895
primary_only_reference	DefiniteViral_04	primary_viral	BACT_M1	Bacterial-higher cytoplasmic translation and ribosomal protein programme	higher_in_bacterial	0.796196040412288
primary_only_reference	DefiniteViral_05	primary_viral	BACT_M1	Bacterial-higher cytoplasmic translation and ribosomal protein programme	higher_in_bacterial	-0.548305349100407
primary_only_reference	DefiniteViral_06	primary_viral	BACT_M1	Bacterial-higher cytoplasmic translation and ribosomal protein programme	higher_in_bacterial	-0.732457491518835
primary_only_reference	DefiniteViral_07	primary_viral	BACT_M1	Bacterial-higher cytoplasmic translation and ribosomal protein programme	higher_in_bacterial	-0.849103853119333
primary_only_reference	DefiniteViral_08	primary_viral	BACT_M1	Bacterial-higher cytoplasmic translation and ribosomal protein programme	higher_in_bacterial	-0.705469597597386
primary_only_reference	DefiniteViral_09	primary_viral	BACT_M1	Bacterial-higher cytoplasmic translation and ribosomal protein programme	higher_in_bacterial	-0.697033654004542
primary_only_reference	DefiniteViral_10	primary_viral	BACT_M1	Bacterial-higher cytoplasmic translation and ribosomal protein programme	higher_in_bacterial	-0.625234285155005
primary_only_reference	DefiniteViral_11	primary_viral	BACT_M1	Bacterial-higher cytoplasmic translation and ribosomal protein programme	higher_in_bacterial	-0.484835264187045
primary_only_reference	DefiniteViral_12	primary_viral	BACT_M1	Bacterial-higher cytoplasmic translation and ribosomal protein programme	higher_in_bacterial	-0.167966965704994
primary_only_reference	DefiniteViral_13	primary_viral	BACT_M1	Bacterial-higher cytoplasmic translation and ribosomal protein programme	higher_in_bacterial	-0.813549717747777
primary_only_reference	DefiniteViral_14	primary_viral	BACT_M1	Bacterial-higher cytoplasmic translation and ribosomal protein programme	higher_in_bacterial	-0.262039887839211
primary_only_reference	DefiniteViral_15	primary_viral	BACT_M1	Bacterial-higher cytoplasmic translation and ribosomal protein programme	higher_in_bacterial	-0.522003702108458
primary_only_reference	DefiniteViral_16	primary_viral	BACT_M1	Bacterial-higher cytoplasmic translation and ribosomal protein programme	higher_in_bacterial	0.600835185669457
primary_only_reference	DefiniteViral_17	primary_viral	BACT_M1	Bacterial-higher cytoplasmic translation and ribosomal protein programme	higher_in_bacterial	-0.655557386913118
primary_only_reference	DefiniteViral_18	primary_viral	BACT_M1	Bacterial-higher cytoplasmic translation and ribosomal protein programme	higher_in_bacterial	-0.570299899488088
primary_only_reference	DefiniteViral_19	primary_viral	BACT_M1	Bacterial-higher cytoplasmic translation and ribosomal protein programme	higher_in_bacterial	0.0940998640085831
primary_only_reference	DefiniteViral_20	primary_viral	BACT_M1	Bacterial-higher cytoplasmic translation and ribosomal protein programme	higher_in_bacterial	0.496632166189532
primary_only_reference	DefiniteViral_21	primary_viral	BACT_M1	Bacterial-higher cytoplasmic translation and ribosomal protein programme	higher_in_bacterial	-0.731578999800751
primary_only_reference	DefiniteViral_22	primary_viral	BACT_M1	Bacterial-higher cytoplasmic translation and ribosomal protein programme	higher_in_bacterial	-0.490757014208952
primary_only_reference	DefiniteViral_23	primary_viral	BACT_M1	Bacterial-higher cytoplasmic translation and ribosomal protein programme	higher_in_bacterial	-0.494840977795243
primary_only_reference	DefiniteViral_24	primary_viral	BACT_M1	Bacterial-higher cytoplasmic translation and ribosomal protein programme	higher_in_bacterial	-0.460761540471952
primary_only_reference	DefiniteViral_25	primary_viral	BACT_M1	Bacterial-higher cytoplasmic translation and ribosomal protein programme	higher_in_bacterial	-0.260131571712085
primary_only_reference	DefiniteViral_26	primary_viral	BACT_M1	Bacterial-higher cytoplasmic translation and ribosomal protein programme	higher_in_bacterial	0.532013651723665
primary_only_reference	DefiniteViral_27	primary_viral	BACT_M1	Bacterial-higher cytoplasmic translation and ribosomal protein programme	higher_in_bacterial	0.547654227252368
primary_only_reference	DefiniteViral_28	primary_viral	BACT_M1	Bacterial-higher cytoplasmic translation and ribosomal protein programme	higher_in_bacterial	-0.595356644749947
primary_only_reference	DefiniteViral_29	primary_viral	BACT_M1	Bacterial-higher cytoplasmic translation and ribosomal protein programme	higher_in_bacterial	0.704281113807107
primary_only_reference	DefiniteViral_30	primary_viral	BACT_M1	Bacterial-higher cytoplasmic translation and ribosomal protein programme	higher_in_bacterial	-0.674134069755704
primary_only_reference	DefiniteViral_31	primary_viral	BACT_M1	Bacterial-higher cytoplasmic translation and ribosomal protein programme	higher_in_bacterial	-0.584371507004191
primary_only_reference	DefiniteViral_32	primary_viral	BACT_M1	Bacterial-higher cytoplasmic translation and ribosomal protein programme	higher_in_bacterial	-0.867357649981953
primary_only_reference	DefiniteViral_33	primary_viral	BACT_M1	Bacterial-higher cytoplasmic translation and ribosomal protein programme	higher_in_bacterial	0.512909568282361
primary_only_reference	DefiniteViral_34	primary_viral	BACT_M1	Bacterial-higher cytoplasmic translation and ribosomal protein programme	higher_in_bacterial	-0.214515051139005
primary_only_reference	DefiniteViral_35	primary_viral	BACT_M1	Bacterial-higher cytoplasmic translation and ribosomal protein programme	higher_in_bacterial	-0.90145821766779
primary_only_reference	DefiniteViral_36	primary_viral	BACT_M1	Bacterial-higher cytoplasmic translation and ribosomal protein programme	higher_in_bacterial	-0.356976738081616
primary_only_reference	DefiniteViral_37	primary_viral	BACT_M1	Bacterial-higher cytoplasmic translation and ribosomal protein programme	higher_in_bacterial	-0.731464159747257
primary_only_reference	DefiniteViral_38	primary_viral	BACT_M1	Bacterial-higher cytoplasmic translation and ribosomal protein programme	higher_in_bacterial	-0.658458167359233
primary_only_reference	DefiniteViral_39	primary_viral	BACT_M1	Bacterial-higher cytoplasmic translation and ribosomal protein programme	higher_in_bacterial	0.441215218902862
primary_only_reference	DefiniteViral_40	primary_viral	BACT_M1	Bacterial-higher cytoplasmic translation and ribosomal protein programme	higher_in_bacterial	-0.797991597517302
primary_only_reference	DefiniteViral_41	primary_viral	BACT_M1	Bacterial-higher cytoplasmic translation and ribosomal protein programme	higher_in_bacterial	-0.689751549570683
primary_only_reference	DefiniteViral_42	primary_viral	BACT_M1	Bacterial-higher cytoplasmic translation and ribosomal protein programme	higher_in_bacterial	-0.76002432431356
primary_only_reference	DefiniteViral_43	primary_viral	BACT_M1	Bacterial-higher cytoplasmic translation and ribosomal protein programme	higher_in_bacterial	-0.558328420401926
primary_only_reference	DefiniteViral_44	primary_viral	BACT_M1	Bacterial-higher cytoplasmic translation and ribosomal protein programme	higher_in_bacterial	-0.710613785263056
primary_only_reference	DefiniteViral_45	primary_viral	BACT_M1	Bacterial-higher cytoplasmic translation and ribosomal protein programme	higher_in_bacterial	0.337907949790795
primary_only_reference	DefiniteViral_46	primary_viral	BACT_M1	Bacterial-higher cytoplasmic translation and ribosomal protein programme	higher_in_bacterial	0.429939439678294
primary_only_reference	DefiniteViral_47	primary_viral	BACT_M1	Bacterial-higher cytoplasmic translation and ribosomal protein programme	higher_in_bacterial	0.450661087866106
primary_only_reference	DefiniteViral_48	primary_viral	BACT_M1	Bacterial-higher cytoplasmic translation and ribosomal protein programme	higher_in_bacterial	0.6982884965955
primary_only_reference	DefiniteViral_49	primary_viral	BACT_M1	Bacterial-higher cytoplasmic translation and ribosomal protein programme	higher_in_bacterial	-0.393060409217191
primary_only_reference	DefiniteViral_50	primary_viral	BACT_M1	Bacterial-higher cytoplasmic translation and ribosomal protein programme	higher_in_bacterial	0.738625536193788
primary_only_reference	DefiniteViral_51	primary_viral	BACT_M1	Bacterial-higher cytoplasmic translation and ribosomal protein programme	higher_in_bacterial	0.483505083509519
primary_only_reference	DefiniteViral_52	primary_viral	BACT_M1	Bacterial-higher cytoplasmic translation and ribosomal protein programme	higher_in_bacterial	0.717576874398457
primary_only_reference	DefiniteViral_53	primary_viral	BACT_M1	Bacterial-higher cytoplasmic translation and ribosomal protein programme	higher_in_bacterial	0.890029455234289
primary_only_reference	DefiniteViral_54	primary_viral	BACT_M1	Bacterial-higher cytoplasmic translation and ribosomal protein programme	higher_in_bacterial	0.141483118865293
primary_only_reference	DefiniteViral_55	primary_viral	BACT_M1	Bacterial-higher cytoplasmic translation and ribosomal protein programme	higher_in_bacterial	0.833965050455329
primary_only_reference	DefiniteViral_56	primary_viral	BACT_M1	Bacterial-higher cytoplasmic translation and ribosomal protein programme	higher_in_bacterial	-0.409972025749794
primary_only_reference	DefiniteViral_57	primary_viral	BACT_M1	Bacterial-higher cytoplasmic translation and ribosomal protein programme	higher_in_bacterial	-0.311134459241221
primary_only_reference	DefiniteViral_58	primary_viral	BACT_M1	Bacterial-higher cytoplasmic translation and ribosomal protein programme	higher_in_bacterial	-0.282585140609114
primary_only_reference	DefiniteViral_59	primary_viral	BACT_M1	Bacterial-higher cytoplasmic translation and ribosomal protein programme	higher_in_bacterial	0.344264358614161
primary_only_reference	DefiniteViral_60	primary_viral	BACT_M1	Bacterial-higher cytoplasmic translation and ribosomal protein programme	higher_in_bacterial	-0.00458750023453447
primary_only_reference	DefiniteViral_61	primary_viral	BACT_M1	Bacterial-higher cytoplasmic translation and ribosomal protein programme	higher_in_bacterial	0.401519055176535
primary_only_reference	DefiniteViral_62	primary_viral	BACT_M1	Bacterial-higher cytoplasmic translation and ribosomal protein programme	higher_in_bacterial	-0.540239757543037
primary_only_reference	DefiniteViral_63	primary_viral	BACT_M1	Bacterial-higher cytoplasmic translation and ribosomal protein programme	higher_in_bacterial	-0.630272793042669
primary_only_reference	DefiniteViral_64	primary_viral	BACT_M1	Bacterial-higher cytoplasmic translation and ribosomal protein programme	higher_in_bacterial	-0.645097117193195
primary_only_reference	DefiniteViral_65	primary_viral	BACT_M1	Bacterial-higher cytoplasmic translation and ribosomal protein programme	higher_in_bacterial	-0.517146076012663
primary_only_reference	DefiniteViral_66	primary_viral	BACT_M1	Bacterial-higher cytoplasmic translation and ribosomal protein programme	higher_in_bacterial	0.59281400585408
primary_only_reference	DefiniteViral_67	primary_viral	BACT_M1	Bacterial-higher cytoplasmic translation and ribosomal protein programme	higher_in_bacterial	-0.441515014031021
primary_only_reference	DefiniteViral_68	primary_viral	BACT_M1	Bacterial-higher cytoplasmic translation and ribosomal protein programme	higher_in_bacterial	0.530313026267818
primary_only_reference	DefiniteViral_69	primary_viral	BACT_M1	Bacterial-higher cytoplasmic translation and ribosomal protein programme	higher_in_bacterial	0.373135694862803
primary_only_reference	DefiniteViral_70	primary_viral	BACT_M1	Bacterial-higher cytoplasmic translation and ribosomal protein programme	higher_in_bacterial	0.476202782039143
primary_only_reference	DefiniteViral_71	primary_viral	BACT_M1	Bacterial-higher cytoplasmic translation and ribosomal protein programme	higher_in_bacterial	0.348061494760277
primary_only_reference	DefiniteViral_72	primary_viral	BACT_M1	Bacterial-higher cytoplasmic translation and ribosomal protein programme	higher_in_bacterial	-0.0196298510106047
primary_only_reference	DefiniteViral_73	primary_viral	BACT_M1	Bacterial-higher cytoplasmic translation and ribosomal protein programme	higher_in_bacterial	0.510773219387845
primary_only_reference	DefiniteViral_74	primary_viral	BACT_M1	Bacterial-higher cytoplasmic translation and ribosomal protein programme	higher_in_bacterial	-0.444597671704666
primary_only_reference	DefiniteViral_75	primary_viral	BACT_M1	Bacterial-higher cytoplasmic translation and ribosomal protein programme	higher_in_bacterial	-0.44051383025048
primary_only_reference	DefiniteViral_76	primary_viral	BACT_M1	Bacterial-higher cytoplasmic translation and ribosomal protein programme	higher_in_bacterial	-0.582532257310485
primary_only_reference	DefiniteViral_77	primary_viral	BACT_M1	Bacterial-higher cytoplasmic translation and ribosomal protein programme	higher_in_bacterial	-0.12698399655543
primary_only_reference	DefiniteViral_78	primary_viral	BACT_M1	Bacterial-higher cytoplasmic translation and ribosomal protein programme	higher_in_bacterial	-0.622149569202163
primary_only_reference	DefiniteViral_79	primary_viral	BACT_M1	Bacterial-higher cytoplasmic translation and ribosomal protein programme	higher_in_bacterial	0.105116799815523
primary_only_reference	DefiniteViral_80	primary_viral	BACT_M1	Bacterial-higher cytoplasmic translation and ribosomal protein programme	higher_in_bacterial	-0.680420577105798
primary_only_reference	DefiniteViral_81	primary_viral	BACT_M1	Bacterial-higher cytoplasmic translation and ribosomal protein programme	higher_in_bacterial	0.509196225514217
primary_only_reference	DefiniteViral_82	primary_viral	BACT_M1	Bacterial-higher cytoplasmic translation and ribosomal protein programme	higher_in_bacterial	-0.0573380492649331
primary_only_reference	DefiniteViral_83	primary_viral	BACT_M1	Bacterial-higher cytoplasmic translation and ribosomal protein programme	higher_in_bacterial	0.477159219443266
primary_only_reference	DefiniteViral_84	primary_viral	BACT_M1	Bacterial-higher cytoplasmic translation and ribosomal protein programme	higher_in_bacterial	-0.00999672180843347
primary_only_reference	DefiniteViral_85	primary_viral	BACT_M1	Bacterial-higher cytoplasmic translation and ribosomal protein programme	higher_in_bacterial	0.165766030045238
primary_only_reference	DefiniteViral_86	primary_viral	BACT_M1	Bacterial-higher cytoplasmic translation and ribosomal protein programme	higher_in_bacterial	-0.110286345633021
primary_only_reference	DefiniteViral_87	primary_viral	BACT_M1	Bacterial-higher cytoplasmic translation and ribosomal protein programme	higher_in_bacterial	-0.295042351260336
primary_only_reference	DefiniteViral_88	primary_viral	BACT_M1	Bacterial-higher cytoplasmic translation and ribosomal protein programme	higher_in_bacterial	0.762764292194033
primary_only_reference	DefiniteViral_89	primary_viral	BACT_M1	Bacterial-higher cytoplasmic translation and ribosomal protein programme	higher_in_bacterial	-0.192036647294902
primary_only_reference	DefiniteViral_90	primary_viral	BACT_M1	Bacterial-higher cytoplasmic translation and ribosomal protein programme	higher_in_bacterial	0.614509891277802
primary_only_reference	DefiniteViral_91	primary_viral	BACT_M1	Bacterial-higher cytoplasmic translation and ribosomal protein programme	higher_in_bacterial	0.298412078725587
primary_only_reference	DefiniteViral_92	primary_viral	BACT_M1	Bacterial-higher cytoplasmic translation and ribosomal protein programme	higher_in_bacterial	-0.45565039280664
primary_only_reference	DefiniteViral_93	primary_viral	BACT_M1	Bacterial-higher cytoplasmic translation and ribosomal protein programme	higher_in_bacterial	0.199785213201573
primary_only_reference	DefiniteViral_94	primary_viral	BACT_M1	Bacterial-higher cytoplasmic translation and ribosomal protein programme	higher_in_bacterial	-0.463795726708729
primary_only_reference	DefiniteBacterial_01	primary_bacterial	BACT_M2	Bacterial-higher mitochondrial respiration and oxidative phosphorylation programme	higher_in_bacterial	0.470354772876381
primary_only_reference	DefiniteBacterial_02	primary_bacterial	BACT_M2	Bacterial-higher mitochondrial respiration and oxidative phosphorylation programme	higher_in_bacterial	-0.235477940554099
primary_only_reference	DefiniteBacterial_03	primary_bacterial	BACT_M2	Bacterial-higher mitochondrial respiration and oxidative phosphorylation programme	higher_in_bacterial	0.378876180912572
primary_only_reference	DefiniteBacterial_04	primary_bacterial	BACT_M2	Bacterial-higher mitochondrial respiration and oxidative phosphorylation programme	higher_in_bacterial	-0.218218425335331
primary_only_reference	DefiniteBacterial_05	primary_bacterial	BACT_M2	Bacterial-higher mitochondrial respiration and oxidative phosphorylation programme	higher_in_bacterial	-0.321541077225248
primary_only_reference	DefiniteBacterial_06	primary_bacterial	BACT_M2	Bacterial-higher mitochondrial respiration and oxidative phosphorylation programme	higher_in_bacterial	-0.340353140892328
primary_only_reference	DefiniteBacterial_07	primary_bacterial	BACT_M2	Bacterial-higher mitochondrial respiration and oxidative phosphorylation programme	higher_in_bacterial	0.374385656626674
primary_only_reference	DefiniteBacterial_08	primary_bacterial	BACT_M2	Bacterial-higher mitochondrial respiration and oxidative phosphorylation programme	higher_in_bacterial	0.587624879223176
primary_only_reference	DefiniteBacterial_09	primary_bacterial	BACT_M2	Bacterial-higher mitochondrial respiration and oxidative phosphorylation programme	higher_in_bacterial	0.521535378602639
primary_only_reference	DefiniteBacterial_10	primary_bacterial	BACT_M2	Bacterial-higher mitochondrial respiration and oxidative phosphorylation programme	higher_in_bacterial	0.254719130431914
primary_only_reference	DefiniteBacterial_11	primary_bacterial	BACT_M2	Bacterial-higher mitochondrial respiration and oxidative phosphorylation programme	higher_in_bacterial	0.392435185281684
primary_only_reference	DefiniteBacterial_12	primary_bacterial	BACT_M2	Bacterial-higher mitochondrial respiration and oxidative phosphorylation programme	higher_in_bacterial	0.569316693934805
primary_only_reference	DefiniteBacterial_13	primary_bacterial	BACT_M2	Bacterial-higher mitochondrial respiration and oxidative phosphorylation programme	higher_in_bacterial	0.657985777436095
primary_only_reference	DefiniteBacterial_14	primary_bacterial	BACT_M2	Bacterial-higher mitochondrial respiration and oxidative phosphorylation programme	higher_in_bacterial	0.37136183974129
primary_only_reference	DefiniteBacterial_15	primary_bacterial	BACT_M2	Bacterial-higher mitochondrial respiration and oxidative phosphorylation programme	higher_in_bacterial	0.336391840188224
primary_only_reference	DefiniteBacterial_16	primary_bacterial	BACT_M2	Bacterial-higher mitochondrial respiration and oxidative phosphorylation programme	higher_in_bacterial	0.436690074682719
primary_only_reference	DefiniteBacterial_17	primary_bacterial	BACT_M2	Bacterial-higher mitochondrial respiration and oxidative phosphorylation programme	higher_in_bacterial	0.693749666345511
primary_only_reference	DefiniteBacterial_18	primary_bacterial	BACT_M2	Bacterial-higher mitochondrial respiration and oxidative phosphorylation programme	higher_in_bacterial	-0.136103605386033
primary_only_reference	DefiniteBacterial_19	primary_bacterial	BACT_M2	Bacterial-higher mitochondrial respiration and oxidative phosphorylation programme	higher_in_bacterial	0.610971505293432
primary_only_reference	DefiniteBacterial_20	primary_bacterial	BACT_M2	Bacterial-higher mitochondrial respiration and oxidative phosphorylation programme	higher_in_bacterial	0.364134284687645
primary_only_reference	DefiniteBacterial_21	primary_bacterial	BACT_M2	Bacterial-higher mitochondrial respiration and oxidative phosphorylation programme	higher_in_bacterial	-0.155699478626172
primary_only_reference	DefiniteBacterial_22	primary_bacterial	BACT_M2	Bacterial-higher mitochondrial respiration and oxidative phosphorylation programme	higher_in_bacterial	-0.0262626262626262
primary_only_reference	DefiniteBacterial_23	primary_bacterial	BACT_M2	Bacterial-higher mitochondrial respiration and oxidative phosphorylation programme	higher_in_bacterial	0.184550964187329
primary_only_reference	DefiniteBacterial_24	primary_bacterial	BACT_M2	Bacterial-higher mitochondrial respiration and oxidative phosphorylation programme	higher_in_bacterial	0.644268774703558
primary_only_reference	DefiniteBacterial_25	primary_bacterial	BACT_M2	Bacterial-higher mitochondrial respiration and oxidative phosphorylation programme	higher_in_bacterial	0.376796270236792
primary_only_reference	DefiniteBacterial_26	primary_bacterial	BACT_M2	Bacterial-higher mitochondrial respiration and oxidative phosphorylation programme	higher_in_bacterial	0.321848017972614
primary_only_reference	DefiniteBacterial_27	primary_bacterial	BACT_M2	Bacterial-higher mitochondrial respiration and oxidative phosphorylation programme	higher_in_bacterial	0.749334343068498
primary_only_reference	DefiniteBacterial_28	primary_bacterial	BACT_M2	Bacterial-higher mitochondrial respiration and oxidative phosphorylation programme	higher_in_bacterial	0.304891121871499
primary_only_reference	DefiniteBacterial_29	primary_bacterial	BACT_M2	Bacterial-higher mitochondrial respiration and oxidative phosphorylation programme	higher_in_bacterial	0.206623389286634
primary_only_reference	DefiniteBacterial_30	primary_bacterial	BACT_M2	Bacterial-higher mitochondrial respiration and oxidative phosphorylation programme	higher_in_bacterial	0.694798264896842
primary_only_reference	DefiniteBacterial_31	primary_bacterial	BACT_M2	Bacterial-higher mitochondrial respiration and oxidative phosphorylation programme	higher_in_bacterial	0.431728091728095
primary_only_reference	DefiniteBacterial_32	primary_bacterial	BACT_M2	Bacterial-higher mitochondrial respiration and oxidative phosphorylation programme	higher_in_bacterial	0.305416449046056
primary_only_reference	DefiniteBacterial_33	primary_bacterial	BACT_M2	Bacterial-higher mitochondrial respiration and oxidative phosphorylation programme	higher_in_bacterial	0.445266009838777
primary_only_reference	DefiniteBacterial_34	primary_bacterial	BACT_M2	Bacterial-higher mitochondrial respiration and oxidative phosphorylation programme	higher_in_bacterial	0.352755215610126
primary_only_reference	DefiniteBacterial_35	primary_bacterial	BACT_M2	Bacterial-higher mitochondrial respiration and oxidative phosphorylation programme	higher_in_bacterial	0.523748775121564
primary_only_reference	DefiniteBacterial_36	primary_bacterial	BACT_M2	Bacterial-higher mitochondrial respiration and oxidative phosphorylation programme	higher_in_bacterial	0.382689440936987
primary_only_reference	DefiniteBacterial_37	primary_bacterial	BACT_M2	Bacterial-higher mitochondrial respiration and oxidative phosphorylation programme	higher_in_bacterial	0.418094684867851
primary_only_reference	DefiniteBacterial_38	primary_bacterial	BACT_M2	Bacterial-higher mitochondrial respiration and oxidative phosphorylation programme	higher_in_bacterial	0.32501160533809
primary_only_reference	DefiniteBacterial_39	primary_bacterial	BACT_M2	Bacterial-higher mitochondrial respiration and oxidative phosphorylation programme	higher_in_bacterial	0.5857284642714
primary_only_reference	DefiniteBacterial_40	primary_bacterial	BACT_M2	Bacterial-higher mitochondrial respiration and oxidative phosphorylation programme	higher_in_bacterial	-0.300909253275746
primary_only_reference	DefiniteBacterial_41	primary_bacterial	BACT_M2	Bacterial-higher mitochondrial respiration and oxidative phosphorylation programme	higher_in_bacterial	-0.432438202721388
primary_only_reference	DefiniteBacterial_42	primary_bacterial	BACT_M2	Bacterial-higher mitochondrial respiration and oxidative phosphorylation programme	higher_in_bacterial	-0.36533571740324
primary_only_reference	DefiniteBacterial_43	primary_bacterial	BACT_M2	Bacterial-higher mitochondrial respiration and oxidative phosphorylation programme	higher_in_bacterial	0.0329443208832944
primary_only_reference	DefiniteBacterial_44	primary_bacterial	BACT_M2	Bacterial-higher mitochondrial respiration and oxidative phosphorylation programme	higher_in_bacterial	0.556811368871576
primary_only_reference	DefiniteBacterial_45	primary_bacterial	BACT_M2	Bacterial-higher mitochondrial respiration and oxidative phosphorylation programme	higher_in_bacterial	0.457177135338055
primary_only_reference	DefiniteBacterial_46	primary_bacterial	BACT_M2	Bacterial-higher mitochondrial respiration and oxidative phosphorylation programme	higher_in_bacterial	0.571589257041947
primary_only_reference	DefiniteBacterial_47	primary_bacterial	BACT_M2	Bacterial-higher mitochondrial respiration and oxidative phosphorylation programme	higher_in_bacterial	0.0284908048544421
primary_only_reference	DefiniteBacterial_48	primary_bacterial	BACT_M2	Bacterial-higher mitochondrial respiration and oxidative phosphorylation programme	higher_in_bacterial	0.326350277592807
primary_only_reference	DefiniteBacterial_49	primary_bacterial	BACT_M2	Bacterial-higher mitochondrial respiration and oxidative phosphorylation programme	higher_in_bacterial	0.477996950883942
primary_only_reference	DefiniteBacterial_50	primary_bacterial	BACT_M2	Bacterial-higher mitochondrial respiration and oxidative phosphorylation programme	higher_in_bacterial	0.613817248220332
primary_only_reference	DefiniteBacterial_51	primary_bacterial	BACT_M2	Bacterial-higher mitochondrial respiration and oxidative phosphorylation programme	higher_in_bacterial	0.535649140020929
primary_only_reference	DefiniteBacterial_52	primary_bacterial	BACT_M2	Bacterial-higher mitochondrial respiration and oxidative phosphorylation programme	higher_in_bacterial	0.374067710340731
primary_only_reference	DefiniteViral_01	primary_viral	BACT_M2	Bacterial-higher mitochondrial respiration and oxidative phosphorylation programme	higher_in_bacterial	-0.643460874201657
primary_only_reference	DefiniteViral_02	primary_viral	BACT_M2	Bacterial-higher mitochondrial respiration and oxidative phosphorylation programme	higher_in_bacterial	-0.530464575666677
primary_only_reference	DefiniteViral_03	primary_viral	BACT_M2	Bacterial-higher mitochondrial respiration and oxidative phosphorylation programme	higher_in_bacterial	-0.388384181388932
primary_only_reference	DefiniteViral_04	primary_viral	BACT_M2	Bacterial-higher mitochondrial respiration and oxidative phosphorylation programme	higher_in_bacterial	0.664447129876696
primary_only_reference	DefiniteViral_05	primary_viral	BACT_M2	Bacterial-higher mitochondrial respiration and oxidative phosphorylation programme	higher_in_bacterial	-0.280963466750917
primary_only_reference	DefiniteViral_06	primary_viral	BACT_M2	Bacterial-higher mitochondrial respiration and oxidative phosphorylation programme	higher_in_bacterial	-0.57662443112616
primary_only_reference	DefiniteViral_07	primary_viral	BACT_M2	Bacterial-higher mitochondrial respiration and oxidative phosphorylation programme	higher_in_bacterial	-0.522264114148272
primary_only_reference	DefiniteViral_08	primary_viral	BACT_M2	Bacterial-higher mitochondrial respiration and oxidative phosphorylation programme	higher_in_bacterial	-0.508556984017701
primary_only_reference	DefiniteViral_09	primary_viral	BACT_M2	Bacterial-higher mitochondrial respiration and oxidative phosphorylation programme	higher_in_bacterial	-0.560464527541262
primary_only_reference	DefiniteViral_10	primary_viral	BACT_M2	Bacterial-higher mitochondrial respiration and oxidative phosphorylation programme	higher_in_bacterial	-0.280044958087101
primary_only_reference	DefiniteViral_11	primary_viral	BACT_M2	Bacterial-higher mitochondrial respiration and oxidative phosphorylation programme	higher_in_bacterial	0.0523239751281628
primary_only_reference	DefiniteViral_12	primary_viral	BACT_M2	Bacterial-higher mitochondrial respiration and oxidative phosphorylation programme	higher_in_bacterial	-0.0861741661725541
primary_only_reference	DefiniteViral_13	primary_viral	BACT_M2	Bacterial-higher mitochondrial respiration and oxidative phosphorylation programme	higher_in_bacterial	-0.456433159142702
primary_only_reference	DefiniteViral_14	primary_viral	BACT_M2	Bacterial-higher mitochondrial respiration and oxidative phosphorylation programme	higher_in_bacterial	0.0612126467741441
primary_only_reference	DefiniteViral_15	primary_viral	BACT_M2	Bacterial-higher mitochondrial respiration and oxidative phosphorylation programme	higher_in_bacterial	-0.354884694503588
primary_only_reference	DefiniteViral_16	primary_viral	BACT_M2	Bacterial-higher mitochondrial respiration and oxidative phosphorylation programme	higher_in_bacterial	0.414269025235425
primary_only_reference	DefiniteViral_17	primary_viral	BACT_M2	Bacterial-higher mitochondrial respiration and oxidative phosphorylation programme	higher_in_bacterial	-0.412935148335505
primary_only_reference	DefiniteViral_18	primary_viral	BACT_M2	Bacterial-higher mitochondrial respiration and oxidative phosphorylation programme	higher_in_bacterial	-0.471505722907983
primary_only_reference	DefiniteViral_19	primary_viral	BACT_M2	Bacterial-higher mitochondrial respiration and oxidative phosphorylation programme	higher_in_bacterial	-0.260394177051638
primary_only_reference	DefiniteViral_20	primary_viral	BACT_M2	Bacterial-higher mitochondrial respiration and oxidative phosphorylation programme	higher_in_bacterial	0.333554563908958
primary_only_reference	DefiniteViral_21	primary_viral	BACT_M2	Bacterial-higher mitochondrial respiration and oxidative phosphorylation programme	higher_in_bacterial	-0.395225616955102
primary_only_reference	DefiniteViral_22	primary_viral	BACT_M2	Bacterial-higher mitochondrial respiration and oxidative phosphorylation programme	higher_in_bacterial	-0.439240142642258
primary_only_reference	DefiniteViral_23	primary_viral	BACT_M2	Bacterial-higher mitochondrial respiration and oxidative phosphorylation programme	higher_in_bacterial	-0.0883924135112632
primary_only_reference	DefiniteViral_24	primary_viral	BACT_M2	Bacterial-higher mitochondrial respiration and oxidative phosphorylation programme	higher_in_bacterial	-0.540660166898207
primary_only_reference	DefiniteViral_25	primary_viral	BACT_M2	Bacterial-higher mitochondrial respiration and oxidative phosphorylation programme	higher_in_bacterial	-0.653758969081639
primary_only_reference	DefiniteViral_26	primary_viral	BACT_M2	Bacterial-higher mitochondrial respiration and oxidative phosphorylation programme	higher_in_bacterial	0.522012046954614
primary_only_reference	DefiniteViral_27	primary_viral	BACT_M2	Bacterial-higher mitochondrial respiration and oxidative phosphorylation programme	higher_in_bacterial	-0.0848306973448785
primary_only_reference	DefiniteViral_28	primary_viral	BACT_M2	Bacterial-higher mitochondrial respiration and oxidative phosphorylation programme	higher_in_bacterial	0.0134792596308739
primary_only_reference	DefiniteViral_29	primary_viral	BACT_M2	Bacterial-higher mitochondrial respiration and oxidative phosphorylation programme	higher_in_bacterial	0.0972066401176161
primary_only_reference	DefiniteViral_30	primary_viral	BACT_M2	Bacterial-higher mitochondrial respiration and oxidative phosphorylation programme	higher_in_bacterial	-0.296413279767951
primary_only_reference	DefiniteViral_31	primary_viral	BACT_M2	Bacterial-higher mitochondrial respiration and oxidative phosphorylation programme	higher_in_bacterial	-0.0807607578205304
primary_only_reference	DefiniteViral_32	primary_viral	BACT_M2	Bacterial-higher mitochondrial respiration and oxidative phosphorylation programme	higher_in_bacterial	-0.643462496809718
primary_only_reference	DefiniteViral_33	primary_viral	BACT_M2	Bacterial-higher mitochondrial respiration and oxidative phosphorylation programme	higher_in_bacterial	0.508037912130133
primary_only_reference	DefiniteViral_34	primary_viral	BACT_M2	Bacterial-higher mitochondrial respiration and oxidative phosphorylation programme	higher_in_bacterial	-0.0743801652892557
primary_only_reference	DefiniteViral_35	primary_viral	BACT_M2	Bacterial-higher mitochondrial respiration and oxidative phosphorylation programme	higher_in_bacterial	-0.663990520668341
primary_only_reference	DefiniteViral_36	primary_viral	BACT_M2	Bacterial-higher mitochondrial respiration and oxidative phosphorylation programme	higher_in_bacterial	-0.638957059283919
primary_only_reference	DefiniteViral_37	primary_viral	BACT_M2	Bacterial-higher mitochondrial respiration and oxidative phosphorylation programme	higher_in_bacterial	-0.528509244851709
primary_only_reference	DefiniteViral_38	primary_viral	BACT_M2	Bacterial-higher mitochondrial respiration and oxidative phosphorylation programme	higher_in_bacterial	-0.523187292196852
primary_only_reference	DefiniteViral_39	primary_viral	BACT_M2	Bacterial-higher mitochondrial respiration and oxidative phosphorylation programme	higher_in_bacterial	0.397636580463846
primary_only_reference	DefiniteViral_40	primary_viral	BACT_M2	Bacterial-higher mitochondrial respiration and oxidative phosphorylation programme	higher_in_bacterial	-0.683942681585775
primary_only_reference	DefiniteViral_41	primary_viral	BACT_M2	Bacterial-higher mitochondrial respiration and oxidative phosphorylation programme	higher_in_bacterial	-0.584124738423463
primary_only_reference	DefiniteViral_42	primary_viral	BACT_M2	Bacterial-higher mitochondrial respiration and oxidative phosphorylation programme	higher_in_bacterial	-0.706014168341564
primary_only_reference	DefiniteViral_43	primary_viral	BACT_M2	Bacterial-higher mitochondrial respiration and oxidative phosphorylation programme	higher_in_bacterial	-0.620268142098584
primary_only_reference	DefiniteViral_44	primary_viral	BACT_M2	Bacterial-higher mitochondrial respiration and oxidative phosphorylation programme	higher_in_bacterial	-0.621408177816817
primary_only_reference	DefiniteViral_45	primary_viral	BACT_M2	Bacterial-higher mitochondrial respiration and oxidative phosphorylation programme	higher_in_bacterial	0.107684930109173
primary_only_reference	DefiniteViral_46	primary_viral	BACT_M2	Bacterial-higher mitochondrial respiration and oxidative phosphorylation programme	higher_in_bacterial	0.396380682769433
primary_only_reference	DefiniteViral_47	primary_viral	BACT_M2	Bacterial-higher mitochondrial respiration and oxidative phosphorylation programme	higher_in_bacterial	0.402880924080531
primary_only_reference	DefiniteViral_48	primary_viral	BACT_M2	Bacterial-higher mitochondrial respiration and oxidative phosphorylation programme	higher_in_bacterial	0.129406661262927
primary_only_reference	DefiniteViral_49	primary_viral	BACT_M2	Bacterial-higher mitochondrial respiration and oxidative phosphorylation programme	higher_in_bacterial	-0.642907561542303
primary_only_reference	DefiniteViral_50	primary_viral	BACT_M2	Bacterial-higher mitochondrial respiration and oxidative phosphorylation programme	higher_in_bacterial	0.531102766933453
primary_only_reference	DefiniteViral_51	primary_viral	BACT_M2	Bacterial-higher mitochondrial respiration and oxidative phosphorylation programme	higher_in_bacterial	-0.323432295716108
primary_only_reference	DefiniteViral_52	primary_viral	BACT_M2	Bacterial-higher mitochondrial respiration and oxidative phosphorylation programme	higher_in_bacterial	0.41130984987417
primary_only_reference	DefiniteViral_53	primary_viral	BACT_M2	Bacterial-higher mitochondrial respiration and oxidative phosphorylation programme	higher_in_bacterial	0.523686220655918
primary_only_reference	DefiniteViral_54	primary_viral	BACT_M2	Bacterial-higher mitochondrial respiration and oxidative phosphorylation programme	higher_in_bacterial	-0.366679638562027
primary_only_reference	DefiniteViral_55	primary_viral	BACT_M2	Bacterial-higher mitochondrial respiration and oxidative phosphorylation programme	higher_in_bacterial	0.516357399033215
primary_only_reference	DefiniteViral_56	primary_viral	BACT_M2	Bacterial-higher mitochondrial respiration and oxidative phosphorylation programme	higher_in_bacterial	-0.342846620079181
primary_only_reference	DefiniteViral_57	primary_viral	BACT_M2	Bacterial-higher mitochondrial respiration and oxidative phosphorylation programme	higher_in_bacterial	-0.353406841587798
primary_only_reference	DefiniteViral_58	primary_viral	BACT_M2	Bacterial-higher mitochondrial respiration and oxidative phosphorylation programme	higher_in_bacterial	-0.146214653817371
primary_only_reference	DefiniteViral_59	primary_viral	BACT_M2	Bacterial-higher mitochondrial respiration and oxidative phosphorylation programme	higher_in_bacterial	0.227272727272729
primary_only_reference	DefiniteViral_60	primary_viral	BACT_M2	Bacterial-higher mitochondrial respiration and oxidative phosphorylation programme	higher_in_bacterial	-0.0364866672015832
primary_only_reference	DefiniteViral_61	primary_viral	BACT_M2	Bacterial-higher mitochondrial respiration and oxidative phosphorylation programme	higher_in_bacterial	-0.065805825056623
primary_only_reference	DefiniteViral_62	primary_viral	BACT_M2	Bacterial-higher mitochondrial respiration and oxidative phosphorylation programme	higher_in_bacterial	-0.325513277933909
primary_only_reference	DefiniteViral_63	primary_viral	BACT_M2	Bacterial-higher mitochondrial respiration and oxidative phosphorylation programme	higher_in_bacterial	-0.379836069428802
primary_only_reference	DefiniteViral_64	primary_viral	BACT_M2	Bacterial-higher mitochondrial respiration and oxidative phosphorylation programme	higher_in_bacterial	-0.374473030784344
primary_only_reference	DefiniteViral_65	primary_viral	BACT_M2	Bacterial-higher mitochondrial respiration and oxidative phosphorylation programme	higher_in_bacterial	0.0034747911093034
primary_only_reference	DefiniteViral_66	primary_viral	BACT_M2	Bacterial-higher mitochondrial respiration and oxidative phosphorylation programme	higher_in_bacterial	0.337258572667916
primary_only_reference	DefiniteViral_67	primary_viral	BACT_M2	Bacterial-higher mitochondrial respiration and oxidative phosphorylation programme	higher_in_bacterial	-0.0971688804275651
primary_only_reference	DefiniteViral_68	primary_viral	BACT_M2	Bacterial-higher mitochondrial respiration and oxidative phosphorylation programme	higher_in_bacterial	0.182905778754439
primary_only_reference	DefiniteViral_69	primary_viral	BACT_M2	Bacterial-higher mitochondrial respiration and oxidative phosphorylation programme	higher_in_bacterial	0.215407301441683
primary_only_reference	DefiniteViral_70	primary_viral	BACT_M2	Bacterial-higher mitochondrial respiration and oxidative phosphorylation programme	higher_in_bacterial	0.433585410518928
primary_only_reference	DefiniteViral_71	primary_viral	BACT_M2	Bacterial-higher mitochondrial respiration and oxidative phosphorylation programme	higher_in_bacterial	0.432449261216385
primary_only_reference	DefiniteViral_72	primary_viral	BACT_M2	Bacterial-higher mitochondrial respiration and oxidative phosphorylation programme	higher_in_bacterial	-0.266166946963677
primary_only_reference	DefiniteViral_73	primary_viral	BACT_M2	Bacterial-higher mitochondrial respiration and oxidative phosphorylation programme	higher_in_bacterial	0.452016425094501
primary_only_reference	DefiniteViral_74	primary_viral	BACT_M2	Bacterial-higher mitochondrial respiration and oxidative phosphorylation programme	higher_in_bacterial	-0.50678197154298
primary_only_reference	DefiniteViral_75	primary_viral	BACT_M2	Bacterial-higher mitochondrial respiration and oxidative phosphorylation programme	higher_in_bacterial	-0.476417306078478
primary_only_reference	DefiniteViral_76	primary_viral	BACT_M2	Bacterial-higher mitochondrial respiration and oxidative phosphorylation programme	higher_in_bacterial	-0.656944189057453
primary_only_reference	DefiniteViral_77	primary_viral	BACT_M2	Bacterial-higher mitochondrial respiration and oxidative phosphorylation programme	higher_in_bacterial	-0.427700549222574
primary_only_reference	DefiniteViral_78	primary_viral	BACT_M2	Bacterial-higher mitochondrial respiration and oxidative phosphorylation programme	higher_in_bacterial	-0.540499029902492
primary_only_reference	DefiniteViral_79	primary_viral	BACT_M2	Bacterial-higher mitochondrial respiration and oxidative phosphorylation programme	higher_in_bacterial	-0.419126328217233
primary_only_reference	DefiniteViral_80	primary_viral	BACT_M2	Bacterial-higher mitochondrial respiration and oxidative phosphorylation programme	higher_in_bacterial	-0.737479350936126
primary_only_reference	DefiniteViral_81	primary_viral	BACT_M2	Bacterial-higher mitochondrial respiration and oxidative phosphorylation programme	higher_in_bacterial	-0.32076743005518
primary_only_reference	DefiniteViral_82	primary_viral	BACT_M2	Bacterial-higher mitochondrial respiration and oxidative phosphorylation programme	higher_in_bacterial	-0.34616129199375
primary_only_reference	DefiniteViral_83	primary_viral	BACT_M2	Bacterial-higher mitochondrial respiration and oxidative phosphorylation programme	higher_in_bacterial	-0.174949685265276
primary_only_reference	DefiniteViral_84	primary_viral	BACT_M2	Bacterial-higher mitochondrial respiration and oxidative phosphorylation programme	higher_in_bacterial	-0.505144257692526
primary_only_reference	DefiniteViral_85	primary_viral	BACT_M2	Bacterial-higher mitochondrial respiration and oxidative phosphorylation programme	higher_in_bacterial	-0.020661157024793
primary_only_reference	DefiniteViral_86	primary_viral	BACT_M2	Bacterial-higher mitochondrial respiration and oxidative phosphorylation programme	higher_in_bacterial	0.0175422955652438
primary_only_reference	DefiniteViral_87	primary_viral	BACT_M2	Bacterial-higher mitochondrial respiration and oxidative phosphorylation programme	higher_in_bacterial	-0.547289200461988
primary_only_reference	DefiniteViral_88	primary_viral	BACT_M2	Bacterial-higher mitochondrial respiration and oxidative phosphorylation programme	higher_in_bacterial	0.592256415488739
primary_only_reference	DefiniteViral_89	primary_viral	BACT_M2	Bacterial-higher mitochondrial respiration and oxidative phosphorylation programme	higher_in_bacterial	-0.276379225728224
primary_only_reference	DefiniteViral_90	primary_viral	BACT_M2	Bacterial-higher mitochondrial respiration and oxidative phosphorylation programme	higher_in_bacterial	0.222054811322946
primary_only_reference	DefiniteViral_91	primary_viral	BACT_M2	Bacterial-higher mitochondrial respiration and oxidative phosphorylation programme	higher_in_bacterial	0.0339888909138466
primary_only_reference	DefiniteViral_92	primary_viral	BACT_M2	Bacterial-higher mitochondrial respiration and oxidative phosphorylation programme	higher_in_bacterial	-0.259788109367604
primary_only_reference	DefiniteViral_93	primary_viral	BACT_M2	Bacterial-higher mitochondrial respiration and oxidative phosphorylation programme	higher_in_bacterial	0.222669569742126
primary_only_reference	DefiniteViral_94	primary_viral	BACT_M2	Bacterial-higher mitochondrial respiration and oxidative phosphorylation programme	higher_in_bacterial	-0.519656019656016
primary_only_reference	DefiniteBacterial_01	primary_bacterial	VIR_M1a	Viral-higher broad antiviral and interferon-stimulated defence programme	higher_in_viral	-0.439889433932883
primary_only_reference	DefiniteBacterial_02	primary_bacterial	VIR_M1a	Viral-higher broad antiviral and interferon-stimulated defence programme	higher_in_viral	0.124413418654256
primary_only_reference	DefiniteBacterial_03	primary_bacterial	VIR_M1a	Viral-higher broad antiviral and interferon-stimulated defence programme	higher_in_viral	0.0433980873965438
primary_only_reference	DefiniteBacterial_04	primary_bacterial	VIR_M1a	Viral-higher broad antiviral and interferon-stimulated defence programme	higher_in_viral	0.218509769911638
primary_only_reference	DefiniteBacterial_05	primary_bacterial	VIR_M1a	Viral-higher broad antiviral and interferon-stimulated defence programme	higher_in_viral	0.25247604780283
primary_only_reference	DefiniteBacterial_06	primary_bacterial	VIR_M1a	Viral-higher broad antiviral and interferon-stimulated defence programme	higher_in_viral	0.349342461727783
primary_only_reference	DefiniteBacterial_07	primary_bacterial	VIR_M1a	Viral-higher broad antiviral and interferon-stimulated defence programme	higher_in_viral	-0.411330435123175
primary_only_reference	DefiniteBacterial_08	primary_bacterial	VIR_M1a	Viral-higher broad antiviral and interferon-stimulated defence programme	higher_in_viral	-0.362051437129198
primary_only_reference	DefiniteBacterial_09	primary_bacterial	VIR_M1a	Viral-higher broad antiviral and interferon-stimulated defence programme	higher_in_viral	0.177656507591254
primary_only_reference	DefiniteBacterial_10	primary_bacterial	VIR_M1a	Viral-higher broad antiviral and interferon-stimulated defence programme	higher_in_viral	-0.285800705925349
primary_only_reference	DefiniteBacterial_11	primary_bacterial	VIR_M1a	Viral-higher broad antiviral and interferon-stimulated defence programme	higher_in_viral	-0.347739030672988
primary_only_reference	DefiniteBacterial_12	primary_bacterial	VIR_M1a	Viral-higher broad antiviral and interferon-stimulated defence programme	higher_in_viral	-0.307254153696541
primary_only_reference	DefiniteBacterial_13	primary_bacterial	VIR_M1a	Viral-higher broad antiviral and interferon-stimulated defence programme	higher_in_viral	-0.255075436437395
primary_only_reference	DefiniteBacterial_14	primary_bacterial	VIR_M1a	Viral-higher broad antiviral and interferon-stimulated defence programme	higher_in_viral	-0.344228968283567
primary_only_reference	DefiniteBacterial_15	primary_bacterial	VIR_M1a	Viral-higher broad antiviral and interferon-stimulated defence programme	higher_in_viral	-0.373899651154161
primary_only_reference	DefiniteBacterial_16	primary_bacterial	VIR_M1a	Viral-higher broad antiviral and interferon-stimulated defence programme	higher_in_viral	-0.230638599634233
primary_only_reference	DefiniteBacterial_17	primary_bacterial	VIR_M1a	Viral-higher broad antiviral and interferon-stimulated defence programme	higher_in_viral	-0.314545830746948
primary_only_reference	DefiniteBacterial_18	primary_bacterial	VIR_M1a	Viral-higher broad antiviral and interferon-stimulated defence programme	higher_in_viral	0.176433007192959
primary_only_reference	DefiniteBacterial_19	primary_bacterial	VIR_M1a	Viral-higher broad antiviral and interferon-stimulated defence programme	higher_in_viral	-0.395877727042111
primary_only_reference	DefiniteBacterial_20	primary_bacterial	VIR_M1a	Viral-higher broad antiviral and interferon-stimulated defence programme	higher_in_viral	-0.140525224536135
primary_only_reference	DefiniteBacterial_21	primary_bacterial	VIR_M1a	Viral-higher broad antiviral and interferon-stimulated defence programme	higher_in_viral	-0.386315052831586
primary_only_reference	DefiniteBacterial_22	primary_bacterial	VIR_M1a	Viral-higher broad antiviral and interferon-stimulated defence programme	higher_in_viral	-0.190534044033267
primary_only_reference	DefiniteBacterial_23	primary_bacterial	VIR_M1a	Viral-higher broad antiviral and interferon-stimulated defence programme	higher_in_viral	-0.167252131856943
primary_only_reference	DefiniteBacterial_24	primary_bacterial	VIR_M1a	Viral-higher broad antiviral and interferon-stimulated defence programme	higher_in_viral	-0.503497776583998
primary_only_reference	DefiniteBacterial_25	primary_bacterial	VIR_M1a	Viral-higher broad antiviral and interferon-stimulated defence programme	higher_in_viral	-0.320107063585326
primary_only_reference	DefiniteBacterial_26	primary_bacterial	VIR_M1a	Viral-higher broad antiviral and interferon-stimulated defence programme	higher_in_viral	-0.101341602885546
primary_only_reference	DefiniteBacterial_27	primary_bacterial	VIR_M1a	Viral-higher broad antiviral and interferon-stimulated defence programme	higher_in_viral	-0.350179034016464
primary_only_reference	DefiniteBacterial_28	primary_bacterial	VIR_M1a	Viral-higher broad antiviral and interferon-stimulated defence programme	higher_in_viral	-0.147601535338921
primary_only_reference	DefiniteBacterial_29	primary_bacterial	VIR_M1a	Viral-higher broad antiviral and interferon-stimulated defence programme	higher_in_viral	-0.384515998533521
primary_only_reference	DefiniteBacterial_30	primary_bacterial	VIR_M1a	Viral-higher broad antiviral and interferon-stimulated defence programme	higher_in_viral	-0.321359728382893
primary_only_reference	DefiniteBacterial_31	primary_bacterial	VIR_M1a	Viral-higher broad antiviral and interferon-stimulated defence programme	higher_in_viral	-0.335969734118981
primary_only_reference	DefiniteBacterial_32	primary_bacterial	VIR_M1a	Viral-higher broad antiviral and interferon-stimulated defence programme	higher_in_viral	-0.13101546930303
primary_only_reference	DefiniteBacterial_33	primary_bacterial	VIR_M1a	Viral-higher broad antiviral and interferon-stimulated defence programme	higher_in_viral	-0.343104618209397
primary_only_reference	DefiniteBacterial_34	primary_bacterial	VIR_M1a	Viral-higher broad antiviral and interferon-stimulated defence programme	higher_in_viral	-0.444231963243513
primary_only_reference	DefiniteBacterial_35	primary_bacterial	VIR_M1a	Viral-higher broad antiviral and interferon-stimulated defence programme	higher_in_viral	-0.275960984324574
primary_only_reference	DefiniteBacterial_36	primary_bacterial	VIR_M1a	Viral-higher broad antiviral and interferon-stimulated defence programme	higher_in_viral	0.0199077062860151
primary_only_reference	DefiniteBacterial_37	primary_bacterial	VIR_M1a	Viral-higher broad antiviral and interferon-stimulated defence programme	higher_in_viral	-0.461660779722454
primary_only_reference	DefiniteBacterial_38	primary_bacterial	VIR_M1a	Viral-higher broad antiviral and interferon-stimulated defence programme	higher_in_viral	-0.47276429880148
primary_only_reference	DefiniteBacterial_39	primary_bacterial	VIR_M1a	Viral-higher broad antiviral and interferon-stimulated defence programme	higher_in_viral	-0.526278840315727
primary_only_reference	DefiniteBacterial_40	primary_bacterial	VIR_M1a	Viral-higher broad antiviral and interferon-stimulated defence programme	higher_in_viral	-0.0711501737999585
primary_only_reference	DefiniteBacterial_41	primary_bacterial	VIR_M1a	Viral-higher broad antiviral and interferon-stimulated defence programme	higher_in_viral	-0.101925017989694
primary_only_reference	DefiniteBacterial_42	primary_bacterial	VIR_M1a	Viral-higher broad antiviral and interferon-stimulated defence programme	higher_in_viral	0.141192578900527
primary_only_reference	DefiniteBacterial_43	primary_bacterial	VIR_M1a	Viral-higher broad antiviral and interferon-stimulated defence programme	higher_in_viral	0.0715710527349114
primary_only_reference	DefiniteBacterial_44	primary_bacterial	VIR_M1a	Viral-higher broad antiviral and interferon-stimulated defence programme	higher_in_viral	-0.326535264494544
primary_only_reference	DefiniteBacterial_45	primary_bacterial	VIR_M1a	Viral-higher broad antiviral and interferon-stimulated defence programme	higher_in_viral	-0.201618756543335
primary_only_reference	DefiniteBacterial_46	primary_bacterial	VIR_M1a	Viral-higher broad antiviral and interferon-stimulated defence programme	higher_in_viral	-0.286346625371016
primary_only_reference	DefiniteBacterial_47	primary_bacterial	VIR_M1a	Viral-higher broad antiviral and interferon-stimulated defence programme	higher_in_viral	-0.163226494011469
primary_only_reference	DefiniteBacterial_48	primary_bacterial	VIR_M1a	Viral-higher broad antiviral and interferon-stimulated defence programme	higher_in_viral	-0.319768054368195
primary_only_reference	DefiniteBacterial_49	primary_bacterial	VIR_M1a	Viral-higher broad antiviral and interferon-stimulated defence programme	higher_in_viral	-0.439481715551236
primary_only_reference	DefiniteBacterial_50	primary_bacterial	VIR_M1a	Viral-higher broad antiviral and interferon-stimulated defence programme	higher_in_viral	-0.506963179001093
primary_only_reference	DefiniteBacterial_51	primary_bacterial	VIR_M1a	Viral-higher broad antiviral and interferon-stimulated defence programme	higher_in_viral	-0.428050426519816
primary_only_reference	DefiniteBacterial_52	primary_bacterial	VIR_M1a	Viral-higher broad antiviral and interferon-stimulated defence programme	higher_in_viral	-0.354319044864984
primary_only_reference	DefiniteViral_01	primary_viral	VIR_M1a	Viral-higher broad antiviral and interferon-stimulated defence programme	higher_in_viral	0.434563956928173
primary_only_reference	DefiniteViral_02	primary_viral	VIR_M1a	Viral-higher broad antiviral and interferon-stimulated defence programme	higher_in_viral	0.409636082878149
primary_only_reference	DefiniteViral_03	primary_viral	VIR_M1a	Viral-higher broad antiviral and interferon-stimulated defence programme	higher_in_viral	0.271876188303292
primary_only_reference	DefiniteViral_04	primary_viral	VIR_M1a	Viral-higher broad antiviral and interferon-stimulated defence programme	higher_in_viral	-0.477183406113539
primary_only_reference	DefiniteViral_05	primary_viral	VIR_M1a	Viral-higher broad antiviral and interferon-stimulated defence programme	higher_in_viral	0.30705378286997
primary_only_reference	DefiniteViral_06	primary_viral	VIR_M1a	Viral-higher broad antiviral and interferon-stimulated defence programme	higher_in_viral	0.282957152445927
primary_only_reference	DefiniteViral_07	primary_viral	VIR_M1a	Viral-higher broad antiviral and interferon-stimulated defence programme	higher_in_viral	0.457685281893242
primary_only_reference	DefiniteViral_08	primary_viral	VIR_M1a	Viral-higher broad antiviral and interferon-stimulated defence programme	higher_in_viral	0.445806577155087
primary_only_reference	DefiniteViral_09	primary_viral	VIR_M1a	Viral-higher broad antiviral and interferon-stimulated defence programme	higher_in_viral	0.485500792136022
primary_only_reference	DefiniteViral_10	primary_viral	VIR_M1a	Viral-higher broad antiviral and interferon-stimulated defence programme	higher_in_viral	0.307455874631446
primary_only_reference	DefiniteViral_11	primary_viral	VIR_M1a	Viral-higher broad antiviral and interferon-stimulated defence programme	higher_in_viral	0.32321765310686
primary_only_reference	DefiniteViral_12	primary_viral	VIR_M1a	Viral-higher broad antiviral and interferon-stimulated defence programme	higher_in_viral	-0.0763869860644053
primary_only_reference	DefiniteViral_13	primary_viral	VIR_M1a	Viral-higher broad antiviral and interferon-stimulated defence programme	higher_in_viral	0.443791859168032
primary_only_reference	DefiniteViral_14	primary_viral	VIR_M1a	Viral-higher broad antiviral and interferon-stimulated defence programme	higher_in_viral	0.0522142467363472
primary_only_reference	DefiniteViral_15	primary_viral	VIR_M1a	Viral-higher broad antiviral and interferon-stimulated defence programme	higher_in_viral	0.294951769951769
primary_only_reference	DefiniteViral_16	primary_viral	VIR_M1a	Viral-higher broad antiviral and interferon-stimulated defence programme	higher_in_viral	-0.224369582348306
primary_only_reference	DefiniteViral_17	primary_viral	VIR_M1a	Viral-higher broad antiviral and interferon-stimulated defence programme	higher_in_viral	0.226767349874146
primary_only_reference	DefiniteViral_18	primary_viral	VIR_M1a	Viral-higher broad antiviral and interferon-stimulated defence programme	higher_in_viral	0.455770583144
primary_only_reference	DefiniteViral_19	primary_viral	VIR_M1a	Viral-higher broad antiviral and interferon-stimulated defence programme	higher_in_viral	-0.0337526883168778
primary_only_reference	DefiniteViral_20	primary_viral	VIR_M1a	Viral-higher broad antiviral and interferon-stimulated defence programme	higher_in_viral	-0.1739416871285
primary_only_reference	DefiniteViral_21	primary_viral	VIR_M1a	Viral-higher broad antiviral and interferon-stimulated defence programme	higher_in_viral	0.541598886202094
primary_only_reference	DefiniteViral_22	primary_viral	VIR_M1a	Viral-higher broad antiviral and interferon-stimulated defence programme	higher_in_viral	0.372674848761804
primary_only_reference	DefiniteViral_23	primary_viral	VIR_M1a	Viral-higher broad antiviral and interferon-stimulated defence programme	higher_in_viral	-0.0236696740492905
primary_only_reference	DefiniteViral_24	primary_viral	VIR_M1a	Viral-higher broad antiviral and interferon-stimulated defence programme	higher_in_viral	0.345223254687519
primary_only_reference	DefiniteViral_25	primary_viral	VIR_M1a	Viral-higher broad antiviral and interferon-stimulated defence programme	higher_in_viral	0.314829928809211
primary_only_reference	DefiniteViral_26	primary_viral	VIR_M1a	Viral-higher broad antiviral and interferon-stimulated defence programme	higher_in_viral	-0.28529385019687
primary_only_reference	DefiniteViral_27	primary_viral	VIR_M1a	Viral-higher broad antiviral and interferon-stimulated defence programme	higher_in_viral	-0.189546283024544
primary_only_reference	DefiniteViral_28	primary_viral	VIR_M1a	Viral-higher broad antiviral and interferon-stimulated defence programme	higher_in_viral	0.154375864960668
primary_only_reference	DefiniteViral_29	primary_viral	VIR_M1a	Viral-higher broad antiviral and interferon-stimulated defence programme	higher_in_viral	-0.232077538336136
primary_only_reference	DefiniteViral_30	primary_viral	VIR_M1a	Viral-higher broad antiviral and interferon-stimulated defence programme	higher_in_viral	0.387259577173739
primary_only_reference	DefiniteViral_31	primary_viral	VIR_M1a	Viral-higher broad antiviral and interferon-stimulated defence programme	higher_in_viral	0.167475837266801
primary_only_reference	DefiniteViral_32	primary_viral	VIR_M1a	Viral-higher broad antiviral and interferon-stimulated defence programme	higher_in_viral	0.533155829470145
primary_only_reference	DefiniteViral_33	primary_viral	VIR_M1a	Viral-higher broad antiviral and interferon-stimulated defence programme	higher_in_viral	-0.193070781993633
primary_only_reference	DefiniteViral_34	primary_viral	VIR_M1a	Viral-higher broad antiviral and interferon-stimulated defence programme	higher_in_viral	-0.080235136872305
primary_only_reference	DefiniteViral_35	primary_viral	VIR_M1a	Viral-higher broad antiviral and interferon-stimulated defence programme	higher_in_viral	0.417818662818663
primary_only_reference	DefiniteViral_36	primary_viral	VIR_M1a	Viral-higher broad antiviral and interferon-stimulated defence programme	higher_in_viral	0.505165431040979
primary_only_reference	DefiniteViral_37	primary_viral	VIR_M1a	Viral-higher broad antiviral and interferon-stimulated defence programme	higher_in_viral	0.522330121736039
primary_only_reference	DefiniteViral_38	primary_viral	VIR_M1a	Viral-higher broad antiviral and interferon-stimulated defence programme	higher_in_viral	0.441250098712784
primary_only_reference	DefiniteViral_39	primary_viral	VIR_M1a	Viral-higher broad antiviral and interferon-stimulated defence programme	higher_in_viral	-0.0695277765890167
primary_only_reference	DefiniteViral_40	primary_viral	VIR_M1a	Viral-higher broad antiviral and interferon-stimulated defence programme	higher_in_viral	0.484525949898117
primary_only_reference	DefiniteViral_41	primary_viral	VIR_M1a	Viral-higher broad antiviral and interferon-stimulated defence programme	higher_in_viral	0.534077173407716
primary_only_reference	DefiniteViral_42	primary_viral	VIR_M1a	Viral-higher broad antiviral and interferon-stimulated defence programme	higher_in_viral	0.503480289941416
primary_only_reference	DefiniteViral_43	primary_viral	VIR_M1a	Viral-higher broad antiviral and interferon-stimulated defence programme	higher_in_viral	0.508280562456362
primary_only_reference	DefiniteViral_44	primary_viral	VIR_M1a	Viral-higher broad antiviral and interferon-stimulated defence programme	higher_in_viral	0.519395711500974
primary_only_reference	DefiniteViral_45	primary_viral	VIR_M1a	Viral-higher broad antiviral and interferon-stimulated defence programme	higher_in_viral	-0.250510543169597
primary_only_reference	DefiniteViral_46	primary_viral	VIR_M1a	Viral-higher broad antiviral and interferon-stimulated defence programme	higher_in_viral	-0.103945687974726
primary_only_reference	DefiniteViral_47	primary_viral	VIR_M1a	Viral-higher broad antiviral and interferon-stimulated defence programme	higher_in_viral	-0.327480744018355
primary_only_reference	DefiniteViral_48	primary_viral	VIR_M1a	Viral-higher broad antiviral and interferon-stimulated defence programme	higher_in_viral	-0.342585642935906
primary_only_reference	DefiniteViral_49	primary_viral	VIR_M1a	Viral-higher broad antiviral and interferon-stimulated defence programme	higher_in_viral	0.213141275442002
primary_only_reference	DefiniteViral_50	primary_viral	VIR_M1a	Viral-higher broad antiviral and interferon-stimulated defence programme	higher_in_viral	-0.399199557766723
primary_only_reference	DefiniteViral_51	primary_viral	VIR_M1a	Viral-higher broad antiviral and interferon-stimulated defence programme	higher_in_viral	0.126623357999197
primary_only_reference	DefiniteViral_52	primary_viral	VIR_M1a	Viral-higher broad antiviral and interferon-stimulated defence programme	higher_in_viral	-0.177778320763221
primary_only_reference	DefiniteViral_53	primary_viral	VIR_M1a	Viral-higher broad antiviral and interferon-stimulated defence programme	higher_in_viral	-0.391958333333335
primary_only_reference	DefiniteViral_54	primary_viral	VIR_M1a	Viral-higher broad antiviral and interferon-stimulated defence programme	higher_in_viral	0.210172723194257
primary_only_reference	DefiniteViral_55	primary_viral	VIR_M1a	Viral-higher broad antiviral and interferon-stimulated defence programme	higher_in_viral	-0.224212578229199
primary_only_reference	DefiniteViral_56	primary_viral	VIR_M1a	Viral-higher broad antiviral and interferon-stimulated defence programme	higher_in_viral	0.137237891565455
primary_only_reference	DefiniteViral_57	primary_viral	VIR_M1a	Viral-higher broad antiviral and interferon-stimulated defence programme	higher_in_viral	-0.147341255551554
primary_only_reference	DefiniteViral_58	primary_viral	VIR_M1a	Viral-higher broad antiviral and interferon-stimulated defence programme	higher_in_viral	0.163324364882744
primary_only_reference	DefiniteViral_59	primary_viral	VIR_M1a	Viral-higher broad antiviral and interferon-stimulated defence programme	higher_in_viral	-0.277399848828421
primary_only_reference	DefiniteViral_60	primary_viral	VIR_M1a	Viral-higher broad antiviral and interferon-stimulated defence programme	higher_in_viral	-0.00999649245878637
primary_only_reference	DefiniteViral_61	primary_viral	VIR_M1a	Viral-higher broad antiviral and interferon-stimulated defence programme	higher_in_viral	-0.211158139452342
primary_only_reference	DefiniteViral_62	primary_viral	VIR_M1a	Viral-higher broad antiviral and interferon-stimulated defence programme	higher_in_viral	0.0396118303952408
primary_only_reference	DefiniteViral_63	primary_viral	VIR_M1a	Viral-higher broad antiviral and interferon-stimulated defence programme	higher_in_viral	0.316195345295143
primary_only_reference	DefiniteViral_64	primary_viral	VIR_M1a	Viral-higher broad antiviral and interferon-stimulated defence programme	higher_in_viral	0.322827209679799
primary_only_reference	DefiniteViral_65	primary_viral	VIR_M1a	Viral-higher broad antiviral and interferon-stimulated defence programme	higher_in_viral	0.129033160227015
primary_only_reference	DefiniteViral_66	primary_viral	VIR_M1a	Viral-higher broad antiviral and interferon-stimulated defence programme	higher_in_viral	-0.08987623987624
primary_only_reference	DefiniteViral_67	primary_viral	VIR_M1a	Viral-higher broad antiviral and interferon-stimulated defence programme	higher_in_viral	0.411628614916285
primary_only_reference	DefiniteViral_68	primary_viral	VIR_M1a	Viral-higher broad antiviral and interferon-stimulated defence programme	higher_in_viral	0.0482297172581592
primary_only_reference	DefiniteViral_69	primary_viral	VIR_M1a	Viral-higher broad antiviral and interferon-stimulated defence programme	higher_in_viral	-0.0384603919815187
primary_only_reference	DefiniteViral_70	primary_viral	VIR_M1a	Viral-higher broad antiviral and interferon-stimulated defence programme	higher_in_viral	0.0363756779162558
primary_only_reference	DefiniteViral_71	primary_viral	VIR_M1a	Viral-higher broad antiviral and interferon-stimulated defence programme	higher_in_viral	-0.285166127418496
primary_only_reference	DefiniteViral_72	primary_viral	VIR_M1a	Viral-higher broad antiviral and interferon-stimulated defence programme	higher_in_viral	0.340984037923593
primary_only_reference	DefiniteViral_73	primary_viral	VIR_M1a	Viral-higher broad antiviral and interferon-stimulated defence programme	higher_in_viral	0.1042624957016
primary_only_reference	DefiniteViral_74	primary_viral	VIR_M1a	Viral-higher broad antiviral and interferon-stimulated defence programme	higher_in_viral	0.094392033542977
primary_only_reference	DefiniteViral_75	primary_viral	VIR_M1a	Viral-higher broad antiviral and interferon-stimulated defence programme	higher_in_viral	0.26699234536205
primary_only_reference	DefiniteViral_76	primary_viral	VIR_M1a	Viral-higher broad antiviral and interferon-stimulated defence programme	higher_in_viral	0.383790771180998
primary_only_reference	DefiniteViral_77	primary_viral	VIR_M1a	Viral-higher broad antiviral and interferon-stimulated defence programme	higher_in_viral	0.339030055841225
primary_only_reference	DefiniteViral_78	primary_viral	VIR_M1a	Viral-higher broad antiviral and interferon-stimulated defence programme	higher_in_viral	0.438601886018859
primary_only_reference	DefiniteViral_79	primary_viral	VIR_M1a	Viral-higher broad antiviral and interferon-stimulated defence programme	higher_in_viral	0.317993830735635
primary_only_reference	DefiniteViral_80	primary_viral	VIR_M1a	Viral-higher broad antiviral and interferon-stimulated defence programme	higher_in_viral	0.567556122862469
primary_only_reference	DefiniteViral_81	primary_viral	VIR_M1a	Viral-higher broad antiviral and interferon-stimulated defence programme	higher_in_viral	-0.247334763767933
primary_only_reference	DefiniteViral_82	primary_viral	VIR_M1a	Viral-higher broad antiviral and interferon-stimulated defence programme	higher_in_viral	-0.266308884913536
primary_only_reference	DefiniteViral_83	primary_viral	VIR_M1a	Viral-higher broad antiviral and interferon-stimulated defence programme	higher_in_viral	-0.229559227509284
primary_only_reference	DefiniteViral_84	primary_viral	VIR_M1a	Viral-higher broad antiviral and interferon-stimulated defence programme	higher_in_viral	-0.291450074502351
primary_only_reference	DefiniteViral_85	primary_viral	VIR_M1a	Viral-higher broad antiviral and interferon-stimulated defence programme	higher_in_viral	-0.267425135679821
primary_only_reference	DefiniteViral_86	primary_viral	VIR_M1a	Viral-higher broad antiviral and interferon-stimulated defence programme	higher_in_viral	0.0298615089432669
primary_only_reference	DefiniteViral_87	primary_viral	VIR_M1a	Viral-higher broad antiviral and interferon-stimulated defence programme	higher_in_viral	0.471488109033393
primary_only_reference	DefiniteViral_88	primary_viral	VIR_M1a	Viral-higher broad antiviral and interferon-stimulated defence programme	higher_in_viral	-0.355318852687275
primary_only_reference	DefiniteViral_89	primary_viral	VIR_M1a	Viral-higher broad antiviral and interferon-stimulated defence programme	higher_in_viral	0.0454523375834849
primary_only_reference	DefiniteViral_90	primary_viral	VIR_M1a	Viral-higher broad antiviral and interferon-stimulated defence programme	higher_in_viral	-0.377087271377647
primary_only_reference	DefiniteViral_91	primary_viral	VIR_M1a	Viral-higher broad antiviral and interferon-stimulated defence programme	higher_in_viral	0.201609695608432
primary_only_reference	DefiniteViral_92	primary_viral	VIR_M1a	Viral-higher broad antiviral and interferon-stimulated defence programme	higher_in_viral	0.0907174854960711
primary_only_reference	DefiniteViral_93	primary_viral	VIR_M1a	Viral-higher broad antiviral and interferon-stimulated defence programme	higher_in_viral	-0.188846873687025
primary_only_reference	DefiniteViral_94	primary_viral	VIR_M1a	Viral-higher broad antiviral and interferon-stimulated defence programme	higher_in_viral	0.324995174676703
primary_only_reference	DefiniteBacterial_01	primary_bacterial	VIR_M1b	Viral-higher viral restriction and type I interferon signalling subgroup	higher_in_viral	-0.481477810317636
primary_only_reference	DefiniteBacterial_02	primary_bacterial	VIR_M1b	Viral-higher viral restriction and type I interferon signalling subgroup	higher_in_viral	0.326714413977442
primary_only_reference	DefiniteBacterial_03	primary_bacterial	VIR_M1b	Viral-higher viral restriction and type I interferon signalling subgroup	higher_in_viral	0.304640280756483
primary_only_reference	DefiniteBacterial_04	primary_bacterial	VIR_M1b	Viral-higher viral restriction and type I interferon signalling subgroup	higher_in_viral	0.441865187339082
primary_only_reference	DefiniteBacterial_05	primary_bacterial	VIR_M1b	Viral-higher viral restriction and type I interferon signalling subgroup	higher_in_viral	0.39734986108143
primary_only_reference	DefiniteBacterial_06	primary_bacterial	VIR_M1b	Viral-higher viral restriction and type I interferon signalling subgroup	higher_in_viral	0.333619122459273
primary_only_reference	DefiniteBacterial_07	primary_bacterial	VIR_M1b	Viral-higher viral restriction and type I interferon signalling subgroup	higher_in_viral	-0.6177917741831
primary_only_reference	DefiniteBacterial_08	primary_bacterial	VIR_M1b	Viral-higher viral restriction and type I interferon signalling subgroup	higher_in_viral	-0.14952529334437
primary_only_reference	DefiniteBacterial_09	primary_bacterial	VIR_M1b	Viral-higher viral restriction and type I interferon signalling subgroup	higher_in_viral	0.29403837488342
primary_only_reference	DefiniteBacterial_10	primary_bacterial	VIR_M1b	Viral-higher viral restriction and type I interferon signalling subgroup	higher_in_viral	-0.360905977265226
primary_only_reference	DefiniteBacterial_11	primary_bacterial	VIR_M1b	Viral-higher viral restriction and type I interferon signalling subgroup	higher_in_viral	-0.507556820923607
primary_only_reference	DefiniteBacterial_12	primary_bacterial	VIR_M1b	Viral-higher viral restriction and type I interferon signalling subgroup	higher_in_viral	-0.283852853155788
primary_only_reference	DefiniteBacterial_13	primary_bacterial	VIR_M1b	Viral-higher viral restriction and type I interferon signalling subgroup	higher_in_viral	-0.189933848896954
primary_only_reference	DefiniteBacterial_14	primary_bacterial	VIR_M1b	Viral-higher viral restriction and type I interferon signalling subgroup	higher_in_viral	-0.534374013699443
primary_only_reference	DefiniteBacterial_15	primary_bacterial	VIR_M1b	Viral-higher viral restriction and type I interferon signalling subgroup	higher_in_viral	-0.535917981477908
primary_only_reference	DefiniteBacterial_16	primary_bacterial	VIR_M1b	Viral-higher viral restriction and type I interferon signalling subgroup	higher_in_viral	-0.499239551256023
primary_only_reference	DefiniteBacterial_17	primary_bacterial	VIR_M1b	Viral-higher viral restriction and type I interferon signalling subgroup	higher_in_viral	-0.330002456398919
primary_only_reference	DefiniteBacterial_18	primary_bacterial	VIR_M1b	Viral-higher viral restriction and type I interferon signalling subgroup	higher_in_viral	0.0973018998456705
primary_only_reference	DefiniteBacterial_19	primary_bacterial	VIR_M1b	Viral-higher viral restriction and type I interferon signalling subgroup	higher_in_viral	-0.272439328396509
primary_only_reference	DefiniteBacterial_20	primary_bacterial	VIR_M1b	Viral-higher viral restriction and type I interferon signalling subgroup	higher_in_viral	0.157937363173357
primary_only_reference	DefiniteBacterial_21	primary_bacterial	VIR_M1b	Viral-higher viral restriction and type I interferon signalling subgroup	higher_in_viral	-0.416079787458355
primary_only_reference	DefiniteBacterial_22	primary_bacterial	VIR_M1b	Viral-higher viral restriction and type I interferon signalling subgroup	higher_in_viral	-0.31601007921046
primary_only_reference	DefiniteBacterial_23	primary_bacterial	VIR_M1b	Viral-higher viral restriction and type I interferon signalling subgroup	higher_in_viral	-0.249327163265071
primary_only_reference	DefiniteBacterial_24	primary_bacterial	VIR_M1b	Viral-higher viral restriction and type I interferon signalling subgroup	higher_in_viral	-0.280788616723183
primary_only_reference	DefiniteBacterial_25	primary_bacterial	VIR_M1b	Viral-higher viral restriction and type I interferon signalling subgroup	higher_in_viral	-0.372400167093806
primary_only_reference	DefiniteBacterial_26	primary_bacterial	VIR_M1b	Viral-higher viral restriction and type I interferon signalling subgroup	higher_in_viral	0.046898411747078
primary_only_reference	DefiniteBacterial_27	primary_bacterial	VIR_M1b	Viral-higher viral restriction and type I interferon signalling subgroup	higher_in_viral	-0.258040643370833
primary_only_reference	DefiniteBacterial_28	primary_bacterial	VIR_M1b	Viral-higher viral restriction and type I interferon signalling subgroup	higher_in_viral	-0.569525978811162
primary_only_reference	DefiniteBacterial_29	primary_bacterial	VIR_M1b	Viral-higher viral restriction and type I interferon signalling subgroup	higher_in_viral	-0.517889883664822
primary_only_reference	DefiniteBacterial_30	primary_bacterial	VIR_M1b	Viral-higher viral restriction and type I interferon signalling subgroup	higher_in_viral	-0.109515591914406
primary_only_reference	DefiniteBacterial_31	primary_bacterial	VIR_M1b	Viral-higher viral restriction and type I interferon signalling subgroup	higher_in_viral	-0.350285038061966
primary_only_reference	DefiniteBacterial_32	primary_bacterial	VIR_M1b	Viral-higher viral restriction and type I interferon signalling subgroup	higher_in_viral	-0.132361673104919
primary_only_reference	DefiniteBacterial_33	primary_bacterial	VIR_M1b	Viral-higher viral restriction and type I interferon signalling subgroup	higher_in_viral	-0.353251135626216
primary_only_reference	DefiniteBacterial_34	primary_bacterial	VIR_M1b	Viral-higher viral restriction and type I interferon signalling subgroup	higher_in_viral	-0.259434568430069
primary_only_reference	DefiniteBacterial_35	primary_bacterial	VIR_M1b	Viral-higher viral restriction and type I interferon signalling subgroup	higher_in_viral	-0.155568478545936
primary_only_reference	DefiniteBacterial_36	primary_bacterial	VIR_M1b	Viral-higher viral restriction and type I interferon signalling subgroup	higher_in_viral	0.176243250923557
primary_only_reference	DefiniteBacterial_37	primary_bacterial	VIR_M1b	Viral-higher viral restriction and type I interferon signalling subgroup	higher_in_viral	-0.2356807920256
primary_only_reference	DefiniteBacterial_38	primary_bacterial	VIR_M1b	Viral-higher viral restriction and type I interferon signalling subgroup	higher_in_viral	-0.594524391674254
primary_only_reference	DefiniteBacterial_39	primary_bacterial	VIR_M1b	Viral-higher viral restriction and type I interferon signalling subgroup	higher_in_viral	-0.591280233427375
primary_only_reference	DefiniteBacterial_40	primary_bacterial	VIR_M1b	Viral-higher viral restriction and type I interferon signalling subgroup	higher_in_viral	-0.309134347470386
primary_only_reference	DefiniteBacterial_41	primary_bacterial	VIR_M1b	Viral-higher viral restriction and type I interferon signalling subgroup	higher_in_viral	-0.122320302648172
primary_only_reference	DefiniteBacterial_42	primary_bacterial	VIR_M1b	Viral-higher viral restriction and type I interferon signalling subgroup	higher_in_viral	-0.215945875768154
primary_only_reference	DefiniteBacterial_43	primary_bacterial	VIR_M1b	Viral-higher viral restriction and type I interferon signalling subgroup	higher_in_viral	-0.231270042508763
primary_only_reference	DefiniteBacterial_44	primary_bacterial	VIR_M1b	Viral-higher viral restriction and type I interferon signalling subgroup	higher_in_viral	-0.363577018035736
primary_only_reference	DefiniteBacterial_45	primary_bacterial	VIR_M1b	Viral-higher viral restriction and type I interferon signalling subgroup	higher_in_viral	-0.0809193610312856
primary_only_reference	DefiniteBacterial_46	primary_bacterial	VIR_M1b	Viral-higher viral restriction and type I interferon signalling subgroup	higher_in_viral	-0.418518030441368
primary_only_reference	DefiniteBacterial_47	primary_bacterial	VIR_M1b	Viral-higher viral restriction and type I interferon signalling subgroup	higher_in_viral	0.043000654412693
primary_only_reference	DefiniteBacterial_48	primary_bacterial	VIR_M1b	Viral-higher viral restriction and type I interferon signalling subgroup	higher_in_viral	-0.54479648989972
primary_only_reference	DefiniteBacterial_49	primary_bacterial	VIR_M1b	Viral-higher viral restriction and type I interferon signalling subgroup	higher_in_viral	-0.178690602101973
primary_only_reference	DefiniteBacterial_50	primary_bacterial	VIR_M1b	Viral-higher viral restriction and type I interferon signalling subgroup	higher_in_viral	-0.514371021072887
primary_only_reference	DefiniteBacterial_51	primary_bacterial	VIR_M1b	Viral-higher viral restriction and type I interferon signalling subgroup	higher_in_viral	-0.395258948121005
primary_only_reference	DefiniteBacterial_52	primary_bacterial	VIR_M1b	Viral-higher viral restriction and type I interferon signalling subgroup	higher_in_viral	-0.536950244800601
primary_only_reference	DefiniteViral_01	primary_viral	VIR_M1b	Viral-higher viral restriction and type I interferon signalling subgroup	higher_in_viral	0.36766964313175
primary_only_reference	DefiniteViral_02	primary_viral	VIR_M1b	Viral-higher viral restriction and type I interferon signalling subgroup	higher_in_viral	0.412830124722094
primary_only_reference	DefiniteViral_03	primary_viral	VIR_M1b	Viral-higher viral restriction and type I interferon signalling subgroup	higher_in_viral	0.526687027702598
primary_only_reference	DefiniteViral_04	primary_viral	VIR_M1b	Viral-higher viral restriction and type I interferon signalling subgroup	higher_in_viral	-0.453443624635127
primary_only_reference	DefiniteViral_05	primary_viral	VIR_M1b	Viral-higher viral restriction and type I interferon signalling subgroup	higher_in_viral	0.18625390788668
primary_only_reference	DefiniteViral_06	primary_viral	VIR_M1b	Viral-higher viral restriction and type I interferon signalling subgroup	higher_in_viral	0.054874639831419
primary_only_reference	DefiniteViral_07	primary_viral	VIR_M1b	Viral-higher viral restriction and type I interferon signalling subgroup	higher_in_viral	0.433401923589233
primary_only_reference	DefiniteViral_08	primary_viral	VIR_M1b	Viral-higher viral restriction and type I interferon signalling subgroup	higher_in_viral	0.615897373442135
primary_only_reference	DefiniteViral_09	primary_viral	VIR_M1b	Viral-higher viral restriction and type I interferon signalling subgroup	higher_in_viral	0.529747361968563
primary_only_reference	DefiniteViral_10	primary_viral	VIR_M1b	Viral-higher viral restriction and type I interferon signalling subgroup	higher_in_viral	0.311329080127035
primary_only_reference	DefiniteViral_11	primary_viral	VIR_M1b	Viral-higher viral restriction and type I interferon signalling subgroup	higher_in_viral	0.321976716559755
primary_only_reference	DefiniteViral_12	primary_viral	VIR_M1b	Viral-higher viral restriction and type I interferon signalling subgroup	higher_in_viral	-0.240793759345334
primary_only_reference	DefiniteViral_13	primary_viral	VIR_M1b	Viral-higher viral restriction and type I interferon signalling subgroup	higher_in_viral	0.266552386888993
primary_only_reference	DefiniteViral_14	primary_viral	VIR_M1b	Viral-higher viral restriction and type I interferon signalling subgroup	higher_in_viral	0.0413996679171019
primary_only_reference	DefiniteViral_15	primary_viral	VIR_M1b	Viral-higher viral restriction and type I interferon signalling subgroup	higher_in_viral	0.241959785551478
primary_only_reference	DefiniteViral_16	primary_viral	VIR_M1b	Viral-higher viral restriction and type I interferon signalling subgroup	higher_in_viral	-0.316090246309599
primary_only_reference	DefiniteViral_17	primary_viral	VIR_M1b	Viral-higher viral restriction and type I interferon signalling subgroup	higher_in_viral	0.0523943351518153
primary_only_reference	DefiniteViral_18	primary_viral	VIR_M1b	Viral-higher viral restriction and type I interferon signalling subgroup	higher_in_viral	0.564502872087051
primary_only_reference	DefiniteViral_19	primary_viral	VIR_M1b	Viral-higher viral restriction and type I interferon signalling subgroup	higher_in_viral	-0.0134282755711239
primary_only_reference	DefiniteViral_20	primary_viral	VIR_M1b	Viral-higher viral restriction and type I interferon signalling subgroup	higher_in_viral	-0.114817328651796
primary_only_reference	DefiniteViral_21	primary_viral	VIR_M1b	Viral-higher viral restriction and type I interferon signalling subgroup	higher_in_viral	0.550151183401109
primary_only_reference	DefiniteViral_22	primary_viral	VIR_M1b	Viral-higher viral restriction and type I interferon signalling subgroup	higher_in_viral	0.246909606677215
primary_only_reference	DefiniteViral_23	primary_viral	VIR_M1b	Viral-higher viral restriction and type I interferon signalling subgroup	higher_in_viral	-0.0527641603793395
primary_only_reference	DefiniteViral_24	primary_viral	VIR_M1b	Viral-higher viral restriction and type I interferon signalling subgroup	higher_in_viral	0.379313706375514
primary_only_reference	DefiniteViral_25	primary_viral	VIR_M1b	Viral-higher viral restriction and type I interferon signalling subgroup	higher_in_viral	0.542491220660586
primary_only_reference	DefiniteViral_26	primary_viral	VIR_M1b	Viral-higher viral restriction and type I interferon signalling subgroup	higher_in_viral	-0.190467635131666
primary_only_reference	DefiniteViral_27	primary_viral	VIR_M1b	Viral-higher viral restriction and type I interferon signalling subgroup	higher_in_viral	-0.441730844814578
primary_only_reference	DefiniteViral_28	primary_viral	VIR_M1b	Viral-higher viral restriction and type I interferon signalling subgroup	higher_in_viral	-0.262800452759838
primary_only_reference	DefiniteViral_29	primary_viral	VIR_M1b	Viral-higher viral restriction and type I interferon signalling subgroup	higher_in_viral	-0.282614239580879
primary_only_reference	DefiniteViral_30	primary_viral	VIR_M1b	Viral-higher viral restriction and type I interferon signalling subgroup	higher_in_viral	0.316359840935498
primary_only_reference	DefiniteViral_31	primary_viral	VIR_M1b	Viral-higher viral restriction and type I interferon signalling subgroup	higher_in_viral	0.0872353251450527
primary_only_reference	DefiniteViral_32	primary_viral	VIR_M1b	Viral-higher viral restriction and type I interferon signalling subgroup	higher_in_viral	0.541914657520429
primary_only_reference	DefiniteViral_33	primary_viral	VIR_M1b	Viral-higher viral restriction and type I interferon signalling subgroup	higher_in_viral	-0.0516171410697532
primary_only_reference	DefiniteViral_34	primary_viral	VIR_M1b	Viral-higher viral restriction and type I interferon signalling subgroup	higher_in_viral	-0.0275876080651268
primary_only_reference	DefiniteViral_35	primary_viral	VIR_M1b	Viral-higher viral restriction and type I interferon signalling subgroup	higher_in_viral	0.217894552051027
primary_only_reference	DefiniteViral_36	primary_viral	VIR_M1b	Viral-higher viral restriction and type I interferon signalling subgroup	higher_in_viral	0.623905954178101
primary_only_reference	DefiniteViral_37	primary_viral	VIR_M1b	Viral-higher viral restriction and type I interferon signalling subgroup	higher_in_viral	0.572185876107522
primary_only_reference	DefiniteViral_38	primary_viral	VIR_M1b	Viral-higher viral restriction and type I interferon signalling subgroup	higher_in_viral	0.485500834943479
primary_only_reference	DefiniteViral_39	primary_viral	VIR_M1b	Viral-higher viral restriction and type I interferon signalling subgroup	higher_in_viral	0.0230468561501709
primary_only_reference	DefiniteViral_40	primary_viral	VIR_M1b	Viral-higher viral restriction and type I interferon signalling subgroup	higher_in_viral	0.539206078383581
primary_only_reference	DefiniteViral_41	primary_viral	VIR_M1b	Viral-higher viral restriction and type I interferon signalling subgroup	higher_in_viral	0.582865572883948
primary_only_reference	DefiniteViral_42	primary_viral	VIR_M1b	Viral-higher viral restriction and type I interferon signalling subgroup	higher_in_viral	0.506954624160915
primary_only_reference	DefiniteViral_43	primary_viral	VIR_M1b	Viral-higher viral restriction and type I interferon signalling subgroup	higher_in_viral	0.434139866328222
primary_only_reference	DefiniteViral_44	primary_viral	VIR_M1b	Viral-higher viral restriction and type I interferon signalling subgroup	higher_in_viral	0.64385800230405
primary_only_reference	DefiniteViral_45	primary_viral	VIR_M1b	Viral-higher viral restriction and type I interferon signalling subgroup	higher_in_viral	-0.107141615288941
primary_only_reference	DefiniteViral_46	primary_viral	VIR_M1b	Viral-higher viral restriction and type I interferon signalling subgroup	higher_in_viral	0.045496268787443
primary_only_reference	DefiniteViral_47	primary_viral	VIR_M1b	Viral-higher viral restriction and type I interferon signalling subgroup	higher_in_viral	-0.540579710144923
primary_only_reference	DefiniteViral_48	primary_viral	VIR_M1b	Viral-higher viral restriction and type I interferon signalling subgroup	higher_in_viral	-0.527635875731292
primary_only_reference	DefiniteViral_49	primary_viral	VIR_M1b	Viral-higher viral restriction and type I interferon signalling subgroup	higher_in_viral	0.278448072798504
primary_only_reference	DefiniteViral_50	primary_viral	VIR_M1b	Viral-higher viral restriction and type I interferon signalling subgroup	higher_in_viral	-0.380844853921214
primary_only_reference	DefiniteViral_51	primary_viral	VIR_M1b	Viral-higher viral restriction and type I interferon signalling subgroup	higher_in_viral	-0.0707193068302525
primary_only_reference	DefiniteViral_52	primary_viral	VIR_M1b	Viral-higher viral restriction and type I interferon signalling subgroup	higher_in_viral	-0.0990922476982579
primary_only_reference	DefiniteViral_53	primary_viral	VIR_M1b	Viral-higher viral restriction and type I interferon signalling subgroup	higher_in_viral	-0.468181120176901
primary_only_reference	DefiniteViral_54	primary_viral	VIR_M1b	Viral-higher viral restriction and type I interferon signalling subgroup	higher_in_viral	0.384243421921355
primary_only_reference	DefiniteViral_55	primary_viral	VIR_M1b	Viral-higher viral restriction and type I interferon signalling subgroup	higher_in_viral	-0.428241660538069
primary_only_reference	DefiniteViral_56	primary_viral	VIR_M1b	Viral-higher viral restriction and type I interferon signalling subgroup	higher_in_viral	0.16817549708518
primary_only_reference	DefiniteViral_57	primary_viral	VIR_M1b	Viral-higher viral restriction and type I interferon signalling subgroup	higher_in_viral	-0.239964220681723
primary_only_reference	DefiniteViral_58	primary_viral	VIR_M1b	Viral-higher viral restriction and type I interferon signalling subgroup	higher_in_viral	0.169816557722388
primary_only_reference	DefiniteViral_59	primary_viral	VIR_M1b	Viral-higher viral restriction and type I interferon signalling subgroup	higher_in_viral	-0.378280854975866
primary_only_reference	DefiniteViral_60	primary_viral	VIR_M1b	Viral-higher viral restriction and type I interferon signalling subgroup	higher_in_viral	-0.162595358142449
primary_only_reference	DefiniteViral_61	primary_viral	VIR_M1b	Viral-higher viral restriction and type I interferon signalling subgroup	higher_in_viral	-0.364711537361089
primary_only_reference	DefiniteViral_62	primary_viral	VIR_M1b	Viral-higher viral restriction and type I interferon signalling subgroup	higher_in_viral	0.159373539036933
primary_only_reference	DefiniteViral_63	primary_viral	VIR_M1b	Viral-higher viral restriction and type I interferon signalling subgroup	higher_in_viral	0.208752423492614
primary_only_reference	DefiniteViral_64	primary_viral	VIR_M1b	Viral-higher viral restriction and type I interferon signalling subgroup	higher_in_viral	0.281776665624023
primary_only_reference	DefiniteViral_65	primary_viral	VIR_M1b	Viral-higher viral restriction and type I interferon signalling subgroup	higher_in_viral	0.146543471594469
primary_only_reference	DefiniteViral_66	primary_viral	VIR_M1b	Viral-higher viral restriction and type I interferon signalling subgroup	higher_in_viral	-0.0373243227079726
primary_only_reference	DefiniteViral_67	primary_viral	VIR_M1b	Viral-higher viral restriction and type I interferon signalling subgroup	higher_in_viral	0.545810751134129
primary_only_reference	DefiniteViral_68	primary_viral	VIR_M1b	Viral-higher viral restriction and type I interferon signalling subgroup	higher_in_viral	0.210561189402788
primary_only_reference	DefiniteViral_69	primary_viral	VIR_M1b	Viral-higher viral restriction and type I interferon signalling subgroup	higher_in_viral	-0.0502084574151284
primary_only_reference	DefiniteViral_70	primary_viral	VIR_M1b	Viral-higher viral restriction and type I interferon signalling subgroup	higher_in_viral	0.0820881525476711
primary_only_reference	DefiniteViral_71	primary_viral	VIR_M1b	Viral-higher viral restriction and type I interferon signalling subgroup	higher_in_viral	-0.510442699196642
primary_only_reference	DefiniteViral_72	primary_viral	VIR_M1b	Viral-higher viral restriction and type I interferon signalling subgroup	higher_in_viral	0.436042587614296
primary_only_reference	DefiniteViral_73	primary_viral	VIR_M1b	Viral-higher viral restriction and type I interferon signalling subgroup	higher_in_viral	0.163671961677523
primary_only_reference	DefiniteViral_74	primary_viral	VIR_M1b	Viral-higher viral restriction and type I interferon signalling subgroup	higher_in_viral	-0.116742081447964
primary_only_reference	DefiniteViral_75	primary_viral	VIR_M1b	Viral-higher viral restriction and type I interferon signalling subgroup	higher_in_viral	0.250786259806584
primary_only_reference	DefiniteViral_76	primary_viral	VIR_M1b	Viral-higher viral restriction and type I interferon signalling subgroup	higher_in_viral	0.557667781493872
primary_only_reference	DefiniteViral_77	primary_viral	VIR_M1b	Viral-higher viral restriction and type I interferon signalling subgroup	higher_in_viral	0.423842976342038
primary_only_reference	DefiniteViral_78	primary_viral	VIR_M1b	Viral-higher viral restriction and type I interferon signalling subgroup	higher_in_viral	0.555052393392315
primary_only_reference	DefiniteViral_79	primary_viral	VIR_M1b	Viral-higher viral restriction and type I interferon signalling subgroup	higher_in_viral	0.505741948569051
primary_only_reference	DefiniteViral_80	primary_viral	VIR_M1b	Viral-higher viral restriction and type I interferon signalling subgroup	higher_in_viral	0.59763435149679
primary_only_reference	DefiniteViral_81	primary_viral	VIR_M1b	Viral-higher viral restriction and type I interferon signalling subgroup	higher_in_viral	-0.50732308510529
primary_only_reference	DefiniteViral_82	primary_viral	VIR_M1b	Viral-higher viral restriction and type I interferon signalling subgroup	higher_in_viral	-0.326454683106208
primary_only_reference	DefiniteViral_83	primary_viral	VIR_M1b	Viral-higher viral restriction and type I interferon signalling subgroup	higher_in_viral	-0.503502861115564
primary_only_reference	DefiniteViral_84	primary_viral	VIR_M1b	Viral-higher viral restriction and type I interferon signalling subgroup	higher_in_viral	-0.466682765920275
primary_only_reference	DefiniteViral_85	primary_viral	VIR_M1b	Viral-higher viral restriction and type I interferon signalling subgroup	higher_in_viral	-0.396952856449421
primary_only_reference	DefiniteViral_86	primary_viral	VIR_M1b	Viral-higher viral restriction and type I interferon signalling subgroup	higher_in_viral	-0.182008589751133
primary_only_reference	DefiniteViral_87	primary_viral	VIR_M1b	Viral-higher viral restriction and type I interferon signalling subgroup	higher_in_viral	0.556933298056856
primary_only_reference	DefiniteViral_88	primary_viral	VIR_M1b	Viral-higher viral restriction and type I interferon signalling subgroup	higher_in_viral	-0.467687633846303
primary_only_reference	DefiniteViral_89	primary_viral	VIR_M1b	Viral-higher viral restriction and type I interferon signalling subgroup	higher_in_viral	0.375158959984338
primary_only_reference	DefiniteViral_90	primary_viral	VIR_M1b	Viral-higher viral restriction and type I interferon signalling subgroup	higher_in_viral	-0.540373471423603
primary_only_reference	DefiniteViral_91	primary_viral	VIR_M1b	Viral-higher viral restriction and type I interferon signalling subgroup	higher_in_viral	0.386962265234623
primary_only_reference	DefiniteViral_92	primary_viral	VIR_M1b	Viral-higher viral restriction and type I interferon signalling subgroup	higher_in_viral	-0.182214403785203
primary_only_reference	DefiniteViral_93	primary_viral	VIR_M1b	Viral-higher viral restriction and type I interferon signalling subgroup	higher_in_viral	-0.345930130493298
primary_only_reference	DefiniteViral_94	primary_viral	VIR_M1b	Viral-higher viral restriction and type I interferon signalling subgroup	higher_in_viral	0.406900882963185
primary_only_reference	DefiniteBacterial_01	primary_bacterial	VIR_M2	Viral-higher cytokine and innate immune regulation programme	higher_in_viral	-0.0377753060947895
primary_only_reference	DefiniteBacterial_02	primary_bacterial	VIR_M2	Viral-higher cytokine and innate immune regulation programme	higher_in_viral	-0.0380035078824696
primary_only_reference	DefiniteBacterial_03	primary_bacterial	VIR_M2	Viral-higher cytokine and innate immune regulation programme	higher_in_viral	-0.177962503305892
primary_only_reference	DefiniteBacterial_04	primary_bacterial	VIR_M2	Viral-higher cytokine and innate immune regulation programme	higher_in_viral	-0.146065945610852
primary_only_reference	DefiniteBacterial_05	primary_bacterial	VIR_M2	Viral-higher cytokine and innate immune regulation programme	higher_in_viral	0.0173030707869208
primary_only_reference	DefiniteBacterial_06	primary_bacterial	VIR_M2	Viral-higher cytokine and innate immune regulation programme	higher_in_viral	-0.0711163523245978
primary_only_reference	DefiniteBacterial_07	primary_bacterial	VIR_M2	Viral-higher cytokine and innate immune regulation programme	higher_in_viral	0.22755215768481
primary_only_reference	DefiniteBacterial_08	primary_bacterial	VIR_M2	Viral-higher cytokine and innate immune regulation programme	higher_in_viral	-0.0881537107250537
primary_only_reference	DefiniteBacterial_09	primary_bacterial	VIR_M2	Viral-higher cytokine and innate immune regulation programme	higher_in_viral	-0.359836275174701
primary_only_reference	DefiniteBacterial_10	primary_bacterial	VIR_M2	Viral-higher cytokine and innate immune regulation programme	higher_in_viral	-0.262642427466817
primary_only_reference	DefiniteBacterial_11	primary_bacterial	VIR_M2	Viral-higher cytokine and innate immune regulation programme	higher_in_viral	0.0475094265530265
primary_only_reference	DefiniteBacterial_12	primary_bacterial	VIR_M2	Viral-higher cytokine and innate immune regulation programme	higher_in_viral	-0.134869050424945
primary_only_reference	DefiniteBacterial_13	primary_bacterial	VIR_M2	Viral-higher cytokine and innate immune regulation programme	higher_in_viral	-0.24685789394193
primary_only_reference	DefiniteBacterial_14	primary_bacterial	VIR_M2	Viral-higher cytokine and innate immune regulation programme	higher_in_viral	0.198434629149625
primary_only_reference	DefiniteBacterial_15	primary_bacterial	VIR_M2	Viral-higher cytokine and innate immune regulation programme	higher_in_viral	-0.127219366633922
primary_only_reference	DefiniteBacterial_16	primary_bacterial	VIR_M2	Viral-higher cytokine and innate immune regulation programme	higher_in_viral	0.0704968884264872
primary_only_reference	DefiniteBacterial_17	primary_bacterial	VIR_M2	Viral-higher cytokine and innate immune regulation programme	higher_in_viral	-0.290496554616145
primary_only_reference	DefiniteBacterial_18	primary_bacterial	VIR_M2	Viral-higher cytokine and innate immune regulation programme	higher_in_viral	-0.0559375242320362
primary_only_reference	DefiniteBacterial_19	primary_bacterial	VIR_M2	Viral-higher cytokine and innate immune regulation programme	higher_in_viral	-0.301349875770446
primary_only_reference	DefiniteBacterial_20	primary_bacterial	VIR_M2	Viral-higher cytokine and innate immune regulation programme	higher_in_viral	-0.107123893047396
primary_only_reference	DefiniteBacterial_21	primary_bacterial	VIR_M2	Viral-higher cytokine and innate immune regulation programme	higher_in_viral	0.306464047146849
primary_only_reference	DefiniteBacterial_22	primary_bacterial	VIR_M2	Viral-higher cytokine and innate immune regulation programme	higher_in_viral	0.0752004977706078
primary_only_reference	DefiniteBacterial_23	primary_bacterial	VIR_M2	Viral-higher cytokine and innate immune regulation programme	higher_in_viral	-0.0920768803697467
primary_only_reference	DefiniteBacterial_24	primary_bacterial	VIR_M2	Viral-higher cytokine and innate immune regulation programme	higher_in_viral	-0.0181602925719492
primary_only_reference	DefiniteBacterial_25	primary_bacterial	VIR_M2	Viral-higher cytokine and innate immune regulation programme	higher_in_viral	-0.141081230602801
primary_only_reference	DefiniteBacterial_26	primary_bacterial	VIR_M2	Viral-higher cytokine and innate immune regulation programme	higher_in_viral	-0.178436034183641
primary_only_reference	DefiniteBacterial_27	primary_bacterial	VIR_M2	Viral-higher cytokine and innate immune regulation programme	higher_in_viral	-0.258826693721516
primary_only_reference	DefiniteBacterial_28	primary_bacterial	VIR_M2	Viral-higher cytokine and innate immune regulation programme	higher_in_viral	-0.136221564107403
primary_only_reference	DefiniteBacterial_29	primary_bacterial	VIR_M2	Viral-higher cytokine and innate immune regulation programme	higher_in_viral	0.375645244846647
primary_only_reference	DefiniteBacterial_30	primary_bacterial	VIR_M2	Viral-higher cytokine and innate immune regulation programme	higher_in_viral	0.012006496650613
primary_only_reference	DefiniteBacterial_31	primary_bacterial	VIR_M2	Viral-higher cytokine and innate immune regulation programme	higher_in_viral	-0.0655567131813478
primary_only_reference	DefiniteBacterial_32	primary_bacterial	VIR_M2	Viral-higher cytokine and innate immune regulation programme	higher_in_viral	-0.0551143902804387
primary_only_reference	DefiniteBacterial_33	primary_bacterial	VIR_M2	Viral-higher cytokine and innate immune regulation programme	higher_in_viral	9.42860921607502e-05
primary_only_reference	DefiniteBacterial_34	primary_bacterial	VIR_M2	Viral-higher cytokine and innate immune regulation programme	higher_in_viral	0.0290792314679977
primary_only_reference	DefiniteBacterial_35	primary_bacterial	VIR_M2	Viral-higher cytokine and innate immune regulation programme	higher_in_viral	0.0424760796663415
primary_only_reference	DefiniteBacterial_36	primary_bacterial	VIR_M2	Viral-higher cytokine and innate immune regulation programme	higher_in_viral	-0.0145566816037876
primary_only_reference	DefiniteBacterial_37	primary_bacterial	VIR_M2	Viral-higher cytokine and innate immune regulation programme	higher_in_viral	0.0803057024163805
primary_only_reference	DefiniteBacterial_38	primary_bacterial	VIR_M2	Viral-higher cytokine and innate immune regulation programme	higher_in_viral	0.242396105496449
primary_only_reference	DefiniteBacterial_39	primary_bacterial	VIR_M2	Viral-higher cytokine and innate immune regulation programme	higher_in_viral	0.0514326520501185
primary_only_reference	DefiniteBacterial_40	primary_bacterial	VIR_M2	Viral-higher cytokine and innate immune regulation programme	higher_in_viral	0.369586630158345
primary_only_reference	DefiniteBacterial_41	primary_bacterial	VIR_M2	Viral-higher cytokine and innate immune regulation programme	higher_in_viral	0.0952994162759076
primary_only_reference	DefiniteBacterial_42	primary_bacterial	VIR_M2	Viral-higher cytokine and innate immune regulation programme	higher_in_viral	0.198189699523639
primary_only_reference	DefiniteBacterial_43	primary_bacterial	VIR_M2	Viral-higher cytokine and innate immune regulation programme	higher_in_viral	0.0799465258558872
primary_only_reference	DefiniteBacterial_44	primary_bacterial	VIR_M2	Viral-higher cytokine and innate immune regulation programme	higher_in_viral	0.0527115247319675
primary_only_reference	DefiniteBacterial_45	primary_bacterial	VIR_M2	Viral-higher cytokine and innate immune regulation programme	higher_in_viral	0.0164148735580736
primary_only_reference	DefiniteBacterial_46	primary_bacterial	VIR_M2	Viral-higher cytokine and innate immune regulation programme	higher_in_viral	-0.0918464503951568
primary_only_reference	DefiniteBacterial_47	primary_bacterial	VIR_M2	Viral-higher cytokine and innate immune regulation programme	higher_in_viral	0.175954339692929
primary_only_reference	DefiniteBacterial_48	primary_bacterial	VIR_M2	Viral-higher cytokine and innate immune regulation programme	higher_in_viral	-0.100082096404901
primary_only_reference	DefiniteBacterial_49	primary_bacterial	VIR_M2	Viral-higher cytokine and innate immune regulation programme	higher_in_viral	-0.00777920656885897
primary_only_reference	DefiniteBacterial_50	primary_bacterial	VIR_M2	Viral-higher cytokine and innate immune regulation programme	higher_in_viral	0.0583457740039603
primary_only_reference	DefiniteBacterial_51	primary_bacterial	VIR_M2	Viral-higher cytokine and innate immune regulation programme	higher_in_viral	-0.116670881117772
primary_only_reference	DefiniteBacterial_52	primary_bacterial	VIR_M2	Viral-higher cytokine and innate immune regulation programme	higher_in_viral	0.0686855620792602
primary_only_reference	DefiniteViral_01	primary_viral	VIR_M2	Viral-higher cytokine and innate immune regulation programme	higher_in_viral	0.14707436042005
primary_only_reference	DefiniteViral_02	primary_viral	VIR_M2	Viral-higher cytokine and innate immune regulation programme	higher_in_viral	0.147079417076315
primary_only_reference	DefiniteViral_03	primary_viral	VIR_M2	Viral-higher cytokine and innate immune regulation programme	higher_in_viral	0.0469640303752277
primary_only_reference	DefiniteViral_04	primary_viral	VIR_M2	Viral-higher cytokine and innate immune regulation programme	higher_in_viral	-0.143877259602803
primary_only_reference	DefiniteViral_05	primary_viral	VIR_M2	Viral-higher cytokine and innate immune regulation programme	higher_in_viral	-0.0301044185676923
primary_only_reference	DefiniteViral_06	primary_viral	VIR_M2	Viral-higher cytokine and innate immune regulation programme	higher_in_viral	0.22774982166636
primary_only_reference	DefiniteViral_07	primary_viral	VIR_M2	Viral-higher cytokine and innate immune regulation programme	higher_in_viral	0.214146692686529
primary_only_reference	DefiniteViral_08	primary_viral	VIR_M2	Viral-higher cytokine and innate immune regulation programme	higher_in_viral	-0.0293939168112766
primary_only_reference	DefiniteViral_09	primary_viral	VIR_M2	Viral-higher cytokine and innate immune regulation programme	higher_in_viral	0.103650599713616
primary_only_reference	DefiniteViral_10	primary_viral	VIR_M2	Viral-higher cytokine and innate immune regulation programme	higher_in_viral	-0.0177473539110278
primary_only_reference	DefiniteViral_11	primary_viral	VIR_M2	Viral-higher cytokine and innate immune regulation programme	higher_in_viral	-0.0449480591767514
primary_only_reference	DefiniteViral_12	primary_viral	VIR_M2	Viral-higher cytokine and innate immune regulation programme	higher_in_viral	0.152302848356154
primary_only_reference	DefiniteViral_13	primary_viral	VIR_M2	Viral-higher cytokine and innate immune regulation programme	higher_in_viral	0.0923364654294088
primary_only_reference	DefiniteViral_14	primary_viral	VIR_M2	Viral-higher cytokine and innate immune regulation programme	higher_in_viral	0.0552732862916771
primary_only_reference	DefiniteViral_15	primary_viral	VIR_M2	Viral-higher cytokine and innate immune regulation programme	higher_in_viral	-0.0482091560145458
primary_only_reference	DefiniteViral_16	primary_viral	VIR_M2	Viral-higher cytokine and innate immune regulation programme	higher_in_viral	-0.136881830332574
primary_only_reference	DefiniteViral_17	primary_viral	VIR_M2	Viral-higher cytokine and innate immune regulation programme	higher_in_viral	0.205994327710769
primary_only_reference	DefiniteViral_18	primary_viral	VIR_M2	Viral-higher cytokine and innate immune regulation programme	higher_in_viral	-0.0595416011805091
primary_only_reference	DefiniteViral_19	primary_viral	VIR_M2	Viral-higher cytokine and innate immune regulation programme	higher_in_viral	0.0837198060716707
primary_only_reference	DefiniteViral_20	primary_viral	VIR_M2	Viral-higher cytokine and innate immune regulation programme	higher_in_viral	-0.230549339765302
primary_only_reference	DefiniteViral_21	primary_viral	VIR_M2	Viral-higher cytokine and innate immune regulation programme	higher_in_viral	0.00440725146367507
primary_only_reference	DefiniteViral_22	primary_viral	VIR_M2	Viral-higher cytokine and innate immune regulation programme	higher_in_viral	0.0471719297877708
primary_only_reference	DefiniteViral_23	primary_viral	VIR_M2	Viral-higher cytokine and innate immune regulation programme	higher_in_viral	0.171930067030613
primary_only_reference	DefiniteViral_24	primary_viral	VIR_M2	Viral-higher cytokine and innate immune regulation programme	higher_in_viral	0.0747219025700032
primary_only_reference	DefiniteViral_25	primary_viral	VIR_M2	Viral-higher cytokine and innate immune regulation programme	higher_in_viral	-0.0580435742873341
primary_only_reference	DefiniteViral_26	primary_viral	VIR_M2	Viral-higher cytokine and innate immune regulation programme	higher_in_viral	-0.0807082860708058
primary_only_reference	DefiniteViral_27	primary_viral	VIR_M2	Viral-higher cytokine and innate immune regulation programme	higher_in_viral	-0.0183431393883164
primary_only_reference	DefiniteViral_28	primary_viral	VIR_M2	Viral-higher cytokine and innate immune regulation programme	higher_in_viral	0.105552060016271
primary_only_reference	DefiniteViral_29	primary_viral	VIR_M2	Viral-higher cytokine and innate immune regulation programme	higher_in_viral	-0.14303145462505
primary_only_reference	DefiniteViral_30	primary_viral	VIR_M2	Viral-higher cytokine and innate immune regulation programme	higher_in_viral	0.00198886198872675
primary_only_reference	DefiniteViral_31	primary_viral	VIR_M2	Viral-higher cytokine and innate immune regulation programme	higher_in_viral	0.0565115117395749
primary_only_reference	DefiniteViral_32	primary_viral	VIR_M2	Viral-higher cytokine and innate immune regulation programme	higher_in_viral	0.118523964939935
primary_only_reference	DefiniteViral_33	primary_viral	VIR_M2	Viral-higher cytokine and innate immune regulation programme	higher_in_viral	-0.096611489776047
primary_only_reference	DefiniteViral_34	primary_viral	VIR_M2	Viral-higher cytokine and innate immune regulation programme	higher_in_viral	0.000582841509211868
primary_only_reference	DefiniteViral_35	primary_viral	VIR_M2	Viral-higher cytokine and innate immune regulation programme	higher_in_viral	0.327917673782411
primary_only_reference	DefiniteViral_36	primary_viral	VIR_M2	Viral-higher cytokine and innate immune regulation programme	higher_in_viral	-0.141341364272564
primary_only_reference	DefiniteViral_37	primary_viral	VIR_M2	Viral-higher cytokine and innate immune regulation programme	higher_in_viral	-0.0125345684286264
primary_only_reference	DefiniteViral_38	primary_viral	VIR_M2	Viral-higher cytokine and innate immune regulation programme	higher_in_viral	-0.000316795119545771
primary_only_reference	DefiniteViral_39	primary_viral	VIR_M2	Viral-higher cytokine and innate immune regulation programme	higher_in_viral	-0.254244814968121
primary_only_reference	DefiniteViral_40	primary_viral	VIR_M2	Viral-higher cytokine and innate immune regulation programme	higher_in_viral	0.155642142412713
primary_only_reference	DefiniteViral_41	primary_viral	VIR_M2	Viral-higher cytokine and innate immune regulation programme	higher_in_viral	0.0607345431560738
primary_only_reference	DefiniteViral_42	primary_viral	VIR_M2	Viral-higher cytokine and innate immune regulation programme	higher_in_viral	-0.0656933294433864
primary_only_reference	DefiniteViral_43	primary_viral	VIR_M2	Viral-higher cytokine and innate immune regulation programme	higher_in_viral	-0.0678431462736683
primary_only_reference	DefiniteViral_44	primary_viral	VIR_M2	Viral-higher cytokine and innate immune regulation programme	higher_in_viral	-0.140266556417687
primary_only_reference	DefiniteViral_45	primary_viral	VIR_M2	Viral-higher cytokine and innate immune regulation programme	higher_in_viral	0.116938077086993
primary_only_reference	DefiniteViral_46	primary_viral	VIR_M2	Viral-higher cytokine and innate immune regulation programme	higher_in_viral	-0.242492660804006
primary_only_reference	DefiniteViral_47	primary_viral	VIR_M2	Viral-higher cytokine and innate immune regulation programme	higher_in_viral	0.0150136054231124
primary_only_reference	DefiniteViral_48	primary_viral	VIR_M2	Viral-higher cytokine and innate immune regulation programme	higher_in_viral	-0.033001904525876
primary_only_reference	DefiniteViral_49	primary_viral	VIR_M2	Viral-higher cytokine and innate immune regulation programme	higher_in_viral	0.147035571484804
primary_only_reference	DefiniteViral_50	primary_viral	VIR_M2	Viral-higher cytokine and innate immune regulation programme	higher_in_viral	-0.219660813088859
primary_only_reference	DefiniteViral_51	primary_viral	VIR_M2	Viral-higher cytokine and innate immune regulation programme	higher_in_viral	-0.203192035442708
primary_only_reference	DefiniteViral_52	primary_viral	VIR_M2	Viral-higher cytokine and innate immune regulation programme	higher_in_viral	-0.249008295494311
primary_only_reference	DefiniteViral_53	primary_viral	VIR_M2	Viral-higher cytokine and innate immune regulation programme	higher_in_viral	-0.211796894667217
primary_only_reference	DefiniteViral_54	primary_viral	VIR_M2	Viral-higher cytokine and innate immune regulation programme	higher_in_viral	-0.0519504851873559
primary_only_reference	DefiniteViral_55	primary_viral	VIR_M2	Viral-higher cytokine and innate immune regulation programme	higher_in_viral	-0.398239653429298
primary_only_reference	DefiniteViral_56	primary_viral	VIR_M2	Viral-higher cytokine and innate immune regulation programme	higher_in_viral	0.176769620993466
primary_only_reference	DefiniteViral_57	primary_viral	VIR_M2	Viral-higher cytokine and innate immune regulation programme	higher_in_viral	0.323058938473123
primary_only_reference	DefiniteViral_58	primary_viral	VIR_M2	Viral-higher cytokine and innate immune regulation programme	higher_in_viral	0.0603841398271043
primary_only_reference	DefiniteViral_59	primary_viral	VIR_M2	Viral-higher cytokine and innate immune regulation programme	higher_in_viral	0.0109368927372939
primary_only_reference	DefiniteViral_60	primary_viral	VIR_M2	Viral-higher cytokine and innate immune regulation programme	higher_in_viral	0.0887386816180683
primary_only_reference	DefiniteViral_61	primary_viral	VIR_M2	Viral-higher cytokine and innate immune regulation programme	higher_in_viral	0.17595599443303
primary_only_reference	DefiniteViral_62	primary_viral	VIR_M2	Viral-higher cytokine and innate immune regulation programme	higher_in_viral	0.166689991293182
primary_only_reference	DefiniteViral_63	primary_viral	VIR_M2	Viral-higher cytokine and innate immune regulation programme	higher_in_viral	0.0826635327988597
primary_only_reference	DefiniteViral_64	primary_viral	VIR_M2	Viral-higher cytokine and innate immune regulation programme	higher_in_viral	0.09333546715306
primary_only_reference	DefiniteViral_65	primary_viral	VIR_M2	Viral-higher cytokine and innate immune regulation programme	higher_in_viral	0.0495571244830073
primary_only_reference	DefiniteViral_66	primary_viral	VIR_M2	Viral-higher cytokine and innate immune regulation programme	higher_in_viral	-0.184854600767861
primary_only_reference	DefiniteViral_67	primary_viral	VIR_M2	Viral-higher cytokine and innate immune regulation programme	higher_in_viral	-0.159648771701606
primary_only_reference	DefiniteViral_68	primary_viral	VIR_M2	Viral-higher cytokine and innate immune regulation programme	higher_in_viral	-0.246352551617005
primary_only_reference	DefiniteViral_69	primary_viral	VIR_M2	Viral-higher cytokine and innate immune regulation programme	higher_in_viral	-0.0854917035010634
primary_only_reference	DefiniteViral_70	primary_viral	VIR_M2	Viral-higher cytokine and innate immune regulation programme	higher_in_viral	-0.261507177139711
primary_only_reference	DefiniteViral_71	primary_viral	VIR_M2	Viral-higher cytokine and innate immune regulation programme	higher_in_viral	-0.0842741938939847
primary_only_reference	DefiniteViral_72	primary_viral	VIR_M2	Viral-higher cytokine and innate immune regulation programme	higher_in_viral	-0.183174148575443
primary_only_reference	DefiniteViral_73	primary_viral	VIR_M2	Viral-higher cytokine and innate immune regulation programme	higher_in_viral	-0.271918290765283
primary_only_reference	DefiniteViral_74	primary_viral	VIR_M2	Viral-higher cytokine and innate immune regulation programme	higher_in_viral	0.333197476192343
primary_only_reference	DefiniteViral_75	primary_viral	VIR_M2	Viral-higher cytokine and innate immune regulation programme	higher_in_viral	0.154681094041925
primary_only_reference	DefiniteViral_76	primary_viral	VIR_M2	Viral-higher cytokine and innate immune regulation programme	higher_in_viral	0.101970171700714
primary_only_reference	DefiniteViral_77	primary_viral	VIR_M2	Viral-higher cytokine and innate immune regulation programme	higher_in_viral	-0.0807846216212016
primary_only_reference	DefiniteViral_78	primary_viral	VIR_M2	Viral-higher cytokine and innate immune regulation programme	higher_in_viral	0.0204299032659927
primary_only_reference	DefiniteViral_79	primary_viral	VIR_M2	Viral-higher cytokine and innate immune regulation programme	higher_in_viral	-0.184640645113027
primary_only_reference	DefiniteViral_80	primary_viral	VIR_M2	Viral-higher cytokine and innate immune regulation programme	higher_in_viral	0.0323917291440928
primary_only_reference	DefiniteViral_81	primary_viral	VIR_M2	Viral-higher cytokine and innate immune regulation programme	higher_in_viral	0.121005369677127
primary_only_reference	DefiniteViral_82	primary_viral	VIR_M2	Viral-higher cytokine and innate immune regulation programme	higher_in_viral	0.394841765754117
primary_only_reference	DefiniteViral_83	primary_viral	VIR_M2	Viral-higher cytokine and innate immune regulation programme	higher_in_viral	0.0670657080296848
primary_only_reference	DefiniteViral_84	primary_viral	VIR_M2	Viral-higher cytokine and innate immune regulation programme	higher_in_viral	0.355944008637611
primary_only_reference	DefiniteViral_85	primary_viral	VIR_M2	Viral-higher cytokine and innate immune regulation programme	higher_in_viral	0.146887714636861
primary_only_reference	DefiniteViral_86	primary_viral	VIR_M2	Viral-higher cytokine and innate immune regulation programme	higher_in_viral	0.0400467665665345
primary_only_reference	DefiniteViral_87	primary_viral	VIR_M2	Viral-higher cytokine and innate immune regulation programme	higher_in_viral	-0.250041956412288
primary_only_reference	DefiniteViral_88	primary_viral	VIR_M2	Viral-higher cytokine and innate immune regulation programme	higher_in_viral	-0.232649445702972
primary_only_reference	DefiniteViral_89	primary_viral	VIR_M2	Viral-higher cytokine and innate immune regulation programme	higher_in_viral	0.234756355882887
primary_only_reference	DefiniteViral_90	primary_viral	VIR_M2	Viral-higher cytokine and innate immune regulation programme	higher_in_viral	0.0871885470714749
primary_only_reference	DefiniteViral_91	primary_viral	VIR_M2	Viral-higher cytokine and innate immune regulation programme	higher_in_viral	-0.350934738899827
primary_only_reference	DefiniteViral_92	primary_viral	VIR_M2	Viral-higher cytokine and innate immune regulation programme	higher_in_viral	0.23651312824343
primary_only_reference	DefiniteViral_93	primary_viral	VIR_M2	Viral-higher cytokine and innate immune regulation programme	higher_in_viral	0.147343452940909
primary_only_reference	DefiniteViral_94	primary_viral	VIR_M2	Viral-higher cytokine and innate immune regulation programme	higher_in_viral	0.127909463222339
