file_label	column_name	base_sample_id	is_detection_pval_column	sample_group
normalized	Control_50	Control_50	False	Control
normalized	Control_50_Detection_Pval	Control_50	True	Control
normalized	Unknown_20	Unknown_20	False	Unknown
normalized	Unknown_20_Detection_Pval	Unknown_20	True	Unknown
normalized	Unknown_88	Unknown_88	False	Unknown
normalized	Unknown_88_Detection_Pval	Unknown_88	True	Unknown
normalized	Control_47	Control_47	False	Control
normalized	Control_47_Detection_Pval	Control_47	True	Control
normalized	Control_11	Control_11	False	Control
normalized	Control_11_Detection_Pval	Control_11	True	Control
normalized	DefiniteViral_61	DefiniteViral_61	False	DefiniteViral
normalized	DefiniteViral_61_Detection_Pval	DefiniteViral_61	True	DefiniteViral
normalized	Unknown_42	Unknown_42	False	Unknown
normalized	Unknown_42_Detection_Pval	Unknown_42	True	Unknown
normalized	Inflammatory_24	Inflammatory_24	False	Inflammatory
normalized	Inflammatory_24_Detection_Pval	Inflammatory_24	True	Inflammatory
normalized	Unknown_54	Unknown_54	False	Unknown
normalized	Unknown_54_Detection_Pval	Unknown_54	True	Unknown
normalized	Kawasaki_11	Kawasaki_11	False	Kawasaki
normalized	Kawasaki_11_Detection_Pval	Kawasaki_11	True	Kawasaki
normalized	DefiniteBacterial_04	DefiniteBacterial_04	False	DefiniteBacterial
normalized	DefiniteBacterial_04_Detection_Pval	DefiniteBacterial_04	True	DefiniteBacterial
normalized	DefiniteBacterial_19	DefiniteBacterial_19	False	DefiniteBacterial
normalized	DefiniteBacterial_19_Detection_Pval	DefiniteBacterial_19	True	DefiniteBacterial
normalized	DefiniteViral_84	DefiniteViral_84	False	DefiniteViral
normalized	DefiniteViral_84_Detection_Pval	DefiniteViral_84	True	DefiniteViral
normalized	Kawasaki_61	Kawasaki_61	False	Kawasaki
normalized	Kawasaki_61_Detection_Pval	Kawasaki_61	True	Kawasaki
normalized	Kawasaki_72	Kawasaki_72	False	Kawasaki
normalized	Kawasaki_72_Detection_Pval	Kawasaki_72	True	Kawasaki
normalized	DefiniteBacterial_35	DefiniteBacterial_35	False	DefiniteBacterial
normalized	DefiniteBacterial_35_Detection_Pval	DefiniteBacterial_35	True	DefiniteBacterial
normalized	Kawasaki_31	Kawasaki_31	False	Kawasaki
normalized	Kawasaki_31_Detection_Pval	Kawasaki_31	True	Kawasaki
normalized	Kawasaki_41	Kawasaki_41	False	Kawasaki
normalized	Kawasaki_41_Detection_Pval	Kawasaki_41	True	Kawasaki
normalized	Unknown_23	Unknown_23	False	Unknown
normalized	Unknown_23_Detection_Pval	Unknown_23	True	Unknown
normalized	Unknown_14	Unknown_14	False	Unknown
normalized	Unknown_14_Detection_Pval	Unknown_14	True	Unknown
normalized	Control_14	Control_14	False	Control
normalized	Control_14_Detection_Pval	Control_14	True	Control
normalized	Kawasaki_64	Kawasaki_64	False	Kawasaki
normalized	Kawasaki_64_Detection_Pval	Kawasaki_64	True	Kawasaki
normalized	Kawasaki_60	Kawasaki_60	False	Kawasaki
normalized	Kawasaki_60_Detection_Pval	Kawasaki_60	True	Kawasaki
normalized	Control_42	Control_42	False	Control
normalized	Control_42_Detection_Pval	Control_42	True	Control
normalized	Control_53	Control_53	False	Control
normalized	Control_53_Detection_Pval	Control_53	True	Control
normalized	Unknown_15	Unknown_15	False	Unknown
normalized	Unknown_15_Detection_Pval	Unknown_15	True	Unknown
normalized	Control_01	Control_01	False	Control
normalized	Control_01_Detection_Pval	Control_01	True	Control
normalized	Control_03	Control_03	False	Control
normalized	Control_03_Detection_Pval	Control_03	True	Control
normalized	Control_02	Control_02	False	Control
normalized	Control_02_Detection_Pval	Control_02	True	Control
normalized	Inflammatory_63	Inflammatory_63	False	Inflammatory
normalized	Inflammatory_63_Detection_Pval	Inflammatory_63	True	Inflammatory
normalized	DefiniteViral_08	DefiniteViral_08	False	DefiniteViral
normalized	DefiniteViral_08_Detection_Pval	DefiniteViral_08	True	DefiniteViral
normalized	Inflammatory_33	Inflammatory_33	False	Inflammatory
normalized	Inflammatory_33_Detection_Pval	Inflammatory_33	True	Inflammatory
normalized	Kawasaki_13	Kawasaki_13	False	Kawasaki
normalized	Kawasaki_13_Detection_Pval	Kawasaki_13	True	Kawasaki
normalized	Unknown_32	Unknown_32	False	Unknown
normalized	Unknown_32_Detection_Pval	Unknown_32	True	Unknown
normalized	DefiniteBacterial_43	DefiniteBacterial_43	False	DefiniteBacterial
normalized	DefiniteBacterial_43_Detection_Pval	DefiniteBacterial_43	True	DefiniteBacterial
normalized	Kawasaki_47	Kawasaki_47	False	Kawasaki
normalized	Kawasaki_47_Detection_Pval	Kawasaki_47	True	Kawasaki
normalized	Inflammatory_31	Inflammatory_31	False	Inflammatory
normalized	Inflammatory_31_Detection_Pval	Inflammatory_31	True	Inflammatory
normalized	Unknown_74	Unknown_74	False	Unknown
normalized	Unknown_74_Detection_Pval	Unknown_74	True	Unknown
normalized	DefiniteBacterial_07	DefiniteBacterial_07	False	DefiniteBacterial
normalized	DefiniteBacterial_07_Detection_Pval	DefiniteBacterial_07	True	DefiniteBacterial
normalized	Control_25	Control_25	False	Control
normalized	Control_25_Detection_Pval	Control_25	True	Control
normalized	Inflammatory_01	Inflammatory_01	False	Inflammatory
normalized	Inflammatory_01_Detection_Pval	Inflammatory_01	True	Inflammatory
normalized	Unknown_31	Unknown_31	False	Unknown
normalized	Unknown_31_Detection_Pval	Unknown_31	True	Unknown
normalized	DefiniteViral_63	DefiniteViral_63	False	DefiniteViral
normalized	DefiniteViral_63_Detection_Pval	DefiniteViral_63	True	DefiniteViral
normalized	DefiniteViral_62	DefiniteViral_62	False	DefiniteViral
normalized	DefiniteViral_62_Detection_Pval	DefiniteViral_62	True	DefiniteViral
normalized	Control_51	Control_51	False	Control
normalized	Control_51_Detection_Pval	Control_51	True	Control
normalized	DefiniteViral_77	DefiniteViral_77	False	DefiniteViral
normalized	DefiniteViral_77_Detection_Pval	DefiniteViral_77	True	DefiniteViral
normalized	Inflammatory_18	Inflammatory_18	False	Inflammatory
normalized	Inflammatory_18_Detection_Pval	Inflammatory_18	True	Inflammatory
normalized	Kawasaki_74	Kawasaki_74	False	Kawasaki
normalized	Kawasaki_74_Detection_Pval	Kawasaki_74	True	Kawasaki
normalized	Unknown_19	Unknown_19	False	Unknown
normalized	Unknown_19_Detection_Pval	Unknown_19	True	Unknown
normalized	Inflammatory_71	Inflammatory_71	False	Inflammatory
normalized	Inflammatory_71_Detection_Pval	Inflammatory_71	True	Inflammatory
normalized	Inflammatory_41	Inflammatory_41	False	Inflammatory
normalized	Inflammatory_41_Detection_Pval	Inflammatory_41	True	Inflammatory
normalized	DefiniteBacterial_21	DefiniteBacterial_21	False	DefiniteBacterial
normalized	DefiniteBacterial_21_Detection_Pval	DefiniteBacterial_21	True	DefiniteBacterial
normalized	Kawasaki_23	Kawasaki_23	False	Kawasaki
normalized	Kawasaki_23_Detection_Pval	Kawasaki_23	True	Kawasaki
normalized	DefiniteViral_09	DefiniteViral_09	False	DefiniteViral
normalized	DefiniteViral_09_Detection_Pval	DefiniteViral_09	True	DefiniteViral
normalized	Kawasaki_58	Kawasaki_58	False	Kawasaki
normalized	Kawasaki_58_Detection_Pval	Kawasaki_58	True	Kawasaki
normalized	Control_35	Control_35	False	Control
normalized	Control_35_Detection_Pval	Control_35	True	Control
normalized	DefiniteBacterial_50	DefiniteBacterial_50	False	DefiniteBacterial
normalized	DefiniteBacterial_50_Detection_Pval	DefiniteBacterial_50	True	DefiniteBacterial
normalized	Inflammatory_72	Inflammatory_72	False	Inflammatory
normalized	Inflammatory_72_Detection_Pval	Inflammatory_72	True	Inflammatory
normalized	Unknown_55	Unknown_55	False	Unknown
normalized	Unknown_55_Detection_Pval	Unknown_55	True	Unknown
normalized	Kawasaki_03	Kawasaki_03	False	Kawasaki
normalized	Kawasaki_03_Detection_Pval	Kawasaki_03	True	Kawasaki
normalized	Unknown_63	Unknown_63	False	Unknown
normalized	Unknown_63_Detection_Pval	Unknown_63	True	Unknown
normalized	Control_15	Control_15	False	Control
normalized	Control_15_Detection_Pval	Control_15	True	Control
normalized	DefiniteViral_21	DefiniteViral_21	False	DefiniteViral
normalized	DefiniteViral_21_Detection_Pval	DefiniteViral_21	True	DefiniteViral
normalized	DefiniteViral_24	DefiniteViral_24	False	DefiniteViral
normalized	DefiniteViral_24_Detection_Pval	DefiniteViral_24	True	DefiniteViral
normalized	Kawasaki_36	Kawasaki_36	False	Kawasaki
normalized	Kawasaki_36_Detection_Pval	Kawasaki_36	True	Kawasaki
normalized	Inflammatory_57	Inflammatory_57	False	Inflammatory
normalized	Inflammatory_57_Detection_Pval	Inflammatory_57	True	Inflammatory
normalized	Inflammatory_68	Inflammatory_68	False	Inflammatory
normalized	Inflammatory_68_Detection_Pval	Inflammatory_68	True	Inflammatory
normalized	DefiniteBacterial_41	DefiniteBacterial_41	False	DefiniteBacterial
normalized	DefiniteBacterial_41_Detection_Pval	DefiniteBacterial_41	True	DefiniteBacterial
normalized	DefiniteViral_06	DefiniteViral_06	False	DefiniteViral
normalized	DefiniteViral_06_Detection_Pval	DefiniteViral_06	True	DefiniteViral
normalized	DefiniteBacterial_15	DefiniteBacterial_15	False	DefiniteBacterial
normalized	DefiniteBacterial_15_Detection_Pval	DefiniteBacterial_15	True	DefiniteBacterial
normalized	Inflammatory_37	Inflammatory_37	False	Inflammatory
normalized	Inflammatory_37_Detection_Pval	Inflammatory_37	True	Inflammatory
normalized	DefiniteViral_35	DefiniteViral_35	False	DefiniteViral
normalized	DefiniteViral_35_Detection_Pval	DefiniteViral_35	True	DefiniteViral
normalized	Kawasaki_19	Kawasaki_19	False	Kawasaki
normalized	Kawasaki_19_Detection_Pval	Kawasaki_19	True	Kawasaki
normalized	Control_31	Control_31	False	Control
normalized	Control_31_Detection_Pval	Control_31	True	Control
normalized	Unknown_60	Unknown_60	False	Unknown
normalized	Unknown_60_Detection_Pval	Unknown_60	True	Unknown
normalized	Kawasaki_54	Kawasaki_54	False	Kawasaki
normalized	Kawasaki_54_Detection_Pval	Kawasaki_54	True	Kawasaki
normalized	Kawasaki_28	Kawasaki_28	False	Kawasaki
normalized	Kawasaki_28_Detection_Pval	Kawasaki_28	True	Kawasaki
normalized	Unknown_90	Unknown_90	False	Unknown
normalized	Unknown_90_Detection_Pval	Unknown_90	True	Unknown
normalized	Kawasaki_27	Kawasaki_27	False	Kawasaki
normalized	Kawasaki_27_Detection_Pval	Kawasaki_27	True	Kawasaki
normalized	DefiniteBacterial_47	DefiniteBacterial_47	False	DefiniteBacterial
normalized	DefiniteBacterial_47_Detection_Pval	DefiniteBacterial_47	True	DefiniteBacterial
normalized	Control_39	Control_39	False	Control
normalized	Control_39_Detection_Pval	Control_39	True	Control
normalized	DefiniteBacterial_24	DefiniteBacterial_24	False	DefiniteBacterial
normalized	DefiniteBacterial_24_Detection_Pval	DefiniteBacterial_24	True	DefiniteBacterial
normalized	DefiniteViral_82	DefiniteViral_82	False	DefiniteViral
normalized	DefiniteViral_82_Detection_Pval	DefiniteViral_82	True	DefiniteViral
normalized	DefiniteViral_45	DefiniteViral_45	False	DefiniteViral
normalized	DefiniteViral_45_Detection_Pval	DefiniteViral_45	True	DefiniteViral
normalized	DefiniteViral_56	DefiniteViral_56	False	DefiniteViral
normalized	DefiniteViral_56_Detection_Pval	DefiniteViral_56	True	DefiniteViral
normalized	Inflammatory_49	Inflammatory_49	False	Inflammatory
normalized	Inflammatory_49_Detection_Pval	Inflammatory_49	True	Inflammatory
normalized	Inflammatory_20	Inflammatory_20	False	Inflammatory
normalized	Inflammatory_20_Detection_Pval	Inflammatory_20	True	Inflammatory
normalized	DefiniteViral_02	DefiniteViral_02	False	DefiniteViral
normalized	DefiniteViral_02_Detection_Pval	DefiniteViral_02	True	DefiniteViral
normalized	Control_05	Control_05	False	Control
normalized	Control_05_Detection_Pval	Control_05	True	Control
normalized	Unknown_61	Unknown_61	False	Unknown
normalized	Unknown_61_Detection_Pval	Unknown_61	True	Unknown
normalized	Inflammatory_52	Inflammatory_52	False	Inflammatory
normalized	Inflammatory_52_Detection_Pval	Inflammatory_52	True	Inflammatory
normalized	DefiniteBacterial_01	DefiniteBacterial_01	False	DefiniteBacterial
normalized	DefiniteBacterial_01_Detection_Pval	DefiniteBacterial_01	True	DefiniteBacterial
normalized	DefiniteBacterial_03	DefiniteBacterial_03	False	DefiniteBacterial
normalized	DefiniteBacterial_03_Detection_Pval	DefiniteBacterial_03	True	DefiniteBacterial
normalized	Inflammatory_27	Inflammatory_27	False	Inflammatory
normalized	Inflammatory_27_Detection_Pval	Inflammatory_27	True	Inflammatory
normalized	DefiniteBacterial_34	DefiniteBacterial_34	False	DefiniteBacterial
normalized	DefiniteBacterial_34_Detection_Pval	DefiniteBacterial_34	True	DefiniteBacterial
normalized	Unknown_28	Unknown_28	False	Unknown
normalized	Unknown_28_Detection_Pval	Unknown_28	True	Unknown
normalized	Kawasaki_45	Kawasaki_45	False	Kawasaki
normalized	Kawasaki_45_Detection_Pval	Kawasaki_45	True	Kawasaki
normalized	Unknown_73	Unknown_73	False	Unknown
normalized	Unknown_73_Detection_Pval	Unknown_73	True	Unknown
normalized	Inflammatory_28	Inflammatory_28	False	Inflammatory
normalized	Inflammatory_28_Detection_Pval	Inflammatory_28	True	Inflammatory
normalized	DefiniteViral_11	DefiniteViral_11	False	DefiniteViral
normalized	DefiniteViral_11_Detection_Pval	DefiniteViral_11	True	DefiniteViral
normalized	Control_23	Control_23	False	Control
normalized	Control_23_Detection_Pval	Control_23	True	Control
normalized	Kawasaki_30	Kawasaki_30	False	Kawasaki
normalized	Kawasaki_30_Detection_Pval	Kawasaki_30	True	Kawasaki
normalized	Inflammatory_45	Inflammatory_45	False	Inflammatory
normalized	Inflammatory_45_Detection_Pval	Inflammatory_45	True	Inflammatory
normalized	Kawasaki_63	Kawasaki_63	False	Kawasaki
normalized	Kawasaki_63_Detection_Pval	Kawasaki_63	True	Kawasaki
normalized	Control_41	Control_41	False	Control
normalized	Control_41_Detection_Pval	Control_41	True	Control
normalized	DefiniteViral_78	DefiniteViral_78	False	DefiniteViral
normalized	DefiniteViral_78_Detection_Pval	DefiniteViral_78	True	DefiniteViral
normalized	Unknown_86	Unknown_86	False	Unknown
normalized	Unknown_86_Detection_Pval	Unknown_86	True	Unknown
normalized	Inflammatory_77	Inflammatory_77	False	Inflammatory
normalized	Inflammatory_77_Detection_Pval	Inflammatory_77	True	Inflammatory
normalized	DefiniteViral_41	DefiniteViral_41	False	DefiniteViral
normalized	DefiniteViral_41_Detection_Pval	DefiniteViral_41	True	DefiniteViral
normalized	Unknown_95	Unknown_95	False	Unknown
normalized	Unknown_95_Detection_Pval	Unknown_95	True	Unknown
normalized	Unknown_04	Unknown_04	False	Unknown
normalized	Unknown_04_Detection_Pval	Unknown_04	True	Unknown
normalized	Control_08	Control_08	False	Control
normalized	Control_08_Detection_Pval	Control_08	True	Control
normalized	Inflammatory_12	Inflammatory_12	False	Inflammatory
normalized	Inflammatory_12_Detection_Pval	Inflammatory_12	True	Inflammatory
normalized	DefiniteViral_92	DefiniteViral_92	False	DefiniteViral
normalized	DefiniteViral_92_Detection_Pval	DefiniteViral_92	True	DefiniteViral
normalized	Inflammatory_07	Inflammatory_07	False	Inflammatory
normalized	Inflammatory_07_Detection_Pval	Inflammatory_07	True	Inflammatory
normalized	Unknown_05	Unknown_05	False	Unknown
normalized	Unknown_05_Detection_Pval	Unknown_05	True	Unknown
normalized	DefiniteViral_60	DefiniteViral_60	False	DefiniteViral
normalized	DefiniteViral_60_Detection_Pval	DefiniteViral_60	True	DefiniteViral
normalized	Unknown_21	Unknown_21	False	Unknown
normalized	Unknown_21_Detection_Pval	Unknown_21	True	Unknown
normalized	Kawasaki_34	Kawasaki_34	False	Kawasaki
normalized	Kawasaki_34_Detection_Pval	Kawasaki_34	True	Kawasaki
normalized	Inflammatory_55	Inflammatory_55	False	Inflammatory
normalized	Inflammatory_55_Detection_Pval	Inflammatory_55	True	Inflammatory
normalized	Unknown_01	Unknown_01	False	Unknown
normalized	Unknown_01_Detection_Pval	Unknown_01	True	Unknown
normalized	Kawasaki_01	Kawasaki_01	False	Kawasaki
normalized	Kawasaki_01_Detection_Pval	Kawasaki_01	True	Kawasaki
normalized	DefiniteViral_04	DefiniteViral_04	False	DefiniteViral
normalized	DefiniteViral_04_Detection_Pval	DefiniteViral_04	True	DefiniteViral
normalized	Control_12	Control_12	False	Control
normalized	Control_12_Detection_Pval	Control_12	True	Control
normalized	Unknown_52	Unknown_52	False	Unknown
normalized	Unknown_52_Detection_Pval	Unknown_52	True	Unknown
normalized	DefiniteViral_16	DefiniteViral_16	False	DefiniteViral
normalized	DefiniteViral_16_Detection_Pval	DefiniteViral_16	True	DefiniteViral
normalized	Inflammatory_39	Inflammatory_39	False	Inflammatory
normalized	Inflammatory_39_Detection_Pval	Inflammatory_39	True	Inflammatory
normalized	DefiniteBacterial_39	DefiniteBacterial_39	False	DefiniteBacterial
normalized	DefiniteBacterial_39_Detection_Pval	DefiniteBacterial_39	True	DefiniteBacterial
normalized	DefiniteViral_29	DefiniteViral_29	False	DefiniteViral
normalized	DefiniteViral_29_Detection_Pval	DefiniteViral_29	True	DefiniteViral
normalized	Inflammatory_36	Inflammatory_36	False	Inflammatory
normalized	Inflammatory_36_Detection_Pval	Inflammatory_36	True	Inflammatory
normalized	Kawasaki_21	Kawasaki_21	False	Kawasaki
normalized	Kawasaki_21_Detection_Pval	Kawasaki_21	True	Kawasaki
normalized	Control_33	Control_33	False	Control
normalized	Control_33_Detection_Pval	Control_33	True	Control
normalized	Kawasaki_56	Kawasaki_56	False	Kawasaki
normalized	Kawasaki_56_Detection_Pval	Kawasaki_56	True	Kawasaki
normalized	DefiniteBacterial_20	DefiniteBacterial_20	False	DefiniteBacterial
normalized	DefiniteBacterial_20_Detection_Pval	DefiniteBacterial_20	True	DefiniteBacterial
normalized	Unknown_70	Unknown_70	False	Unknown
normalized	Unknown_70_Detection_Pval	Unknown_70	True	Unknown
normalized	DefiniteViral_46	DefiniteViral_46	False	DefiniteViral
normalized	DefiniteViral_46_Detection_Pval	DefiniteViral_46	True	DefiniteViral
normalized	Inflammatory_48	Inflammatory_48	False	Inflammatory
normalized	Inflammatory_48_Detection_Pval	Inflammatory_48	True	Inflammatory
normalized	Unknown_89	Unknown_89	False	Unknown
normalized	Unknown_89_Detection_Pval	Unknown_89	True	Unknown
normalized	Kawasaki_66	Kawasaki_66	False	Kawasaki
normalized	Kawasaki_66_Detection_Pval	Kawasaki_66	True	Kawasaki
normalized	Unknown_44	Unknown_44	False	Unknown
normalized	Unknown_44_Detection_Pval	Unknown_44	True	Unknown
normalized	DefiniteViral_38	DefiniteViral_38	False	DefiniteViral
normalized	DefiniteViral_38_Detection_Pval	DefiniteViral_38	True	DefiniteViral
normalized	DefiniteViral_50	DefiniteViral_50	False	DefiniteViral
normalized	DefiniteViral_50_Detection_Pval	DefiniteViral_50	True	DefiniteViral
normalized	DefiniteViral_85	DefiniteViral_85	False	DefiniteViral
normalized	DefiniteViral_85_Detection_Pval	DefiniteViral_85	True	DefiniteViral
normalized	Control_44	Control_44	False	Control
normalized	Control_44_Detection_Pval	Control_44	True	Control
normalized	Inflammatory_59	Inflammatory_59	False	Inflammatory
normalized	Inflammatory_59_Detection_Pval	Inflammatory_59	True	Inflammatory
normalized	DefiniteBacterial_32	DefiniteBacterial_32	False	DefiniteBacterial
normalized	DefiniteBacterial_32_Detection_Pval	DefiniteBacterial_32	True	DefiniteBacterial
normalized	DefiniteViral_26	DefiniteViral_26	False	DefiniteViral
normalized	DefiniteViral_26_Detection_Pval	DefiniteViral_26	True	DefiniteViral
normalized	Control_17	Control_17	False	Control
normalized	Control_17_Detection_Pval	Control_17	True	Control
normalized	DefiniteBacterial_17	DefiniteBacterial_17	False	DefiniteBacterial
normalized	DefiniteBacterial_17_Detection_Pval	DefiniteBacterial_17	True	DefiniteBacterial
normalized	Kawasaki_38	Kawasaki_38	False	Kawasaki
normalized	Kawasaki_38_Detection_Pval	Kawasaki_38	True	Kawasaki
normalized	Unknown_68	Unknown_68	False	Unknown
normalized	Unknown_68_Detection_Pval	Unknown_68	True	Unknown
normalized	Kawasaki_05	Kawasaki_05	False	Kawasaki
normalized	Kawasaki_05_Detection_Pval	Kawasaki_05	True	Kawasaki
normalized	DefiniteViral_12	DefiniteViral_12	False	DefiniteViral
normalized	DefiniteViral_12_Detection_Pval	DefiniteViral_12	True	DefiniteViral
normalized	Kawasaki_69	Kawasaki_69	False	Kawasaki
normalized	Kawasaki_69_Detection_Pval	Kawasaki_69	True	Kawasaki
normalized	DefiniteViral_70	DefiniteViral_70	False	DefiniteViral
normalized	DefiniteViral_70_Detection_Pval	DefiniteViral_70	True	DefiniteViral
normalized	DefiniteViral_51	DefiniteViral_51	False	DefiniteViral
normalized	DefiniteViral_51_Detection_Pval	DefiniteViral_51	True	DefiniteViral
normalized	DefiniteViral_74	DefiniteViral_74	False	DefiniteViral
normalized	DefiniteViral_74_Detection_Pval	DefiniteViral_74	True	DefiniteViral
normalized	Unknown_37	Unknown_37	False	Unknown
normalized	Unknown_37_Detection_Pval	Unknown_37	True	Unknown
normalized	Unknown_87	Unknown_87	False	Unknown
normalized	Unknown_87_Detection_Pval	Unknown_87	True	Unknown
normalized	Unknown_17	Unknown_17	False	Unknown
normalized	Unknown_17_Detection_Pval	Unknown_17	True	Unknown
normalized	DefiniteViral_32	DefiniteViral_32	False	DefiniteViral
normalized	DefiniteViral_32_Detection_Pval	DefiniteViral_32	True	DefiniteViral
normalized	DefiniteViral_18	DefiniteViral_18	False	DefiniteViral
normalized	DefiniteViral_18_Detection_Pval	DefiniteViral_18	True	DefiniteViral
normalized	Kawasaki_52	Kawasaki_52	False	Kawasaki
normalized	Kawasaki_52_Detection_Pval	Kawasaki_52	True	Kawasaki
normalized	DefiniteBacterial_13	DefiniteBacterial_13	False	DefiniteBacterial
normalized	DefiniteBacterial_13_Detection_Pval	DefiniteBacterial_13	True	DefiniteBacterial
normalized	Inflammatory_34	Inflammatory_34	False	Inflammatory
normalized	Inflammatory_34_Detection_Pval	Inflammatory_34	True	Inflammatory
normalized	Control_30	Control_30	False	Control
normalized	Control_30_Detection_Pval	Control_30	True	Control
normalized	Unknown_58	Unknown_58	False	Unknown
normalized	Unknown_58_Detection_Pval	Unknown_58	True	Unknown
normalized	Kawasaki_18	Kawasaki_18	False	Kawasaki
normalized	Kawasaki_18_Detection_Pval	Kawasaki_18	True	Kawasaki
normalized	DefiniteBacterial_45	DefiniteBacterial_45	False	DefiniteBacterial
normalized	DefiniteBacterial_45_Detection_Pval	DefiniteBacterial_45	True	DefiniteBacterial
normalized	DefiniteBacterial_27	DefiniteBacterial_27	False	DefiniteBacterial
normalized	DefiniteBacterial_27_Detection_Pval	DefiniteBacterial_27	True	DefiniteBacterial
normalized	DefiniteBacterial_48	DefiniteBacterial_48	False	DefiniteBacterial
normalized	DefiniteBacterial_48_Detection_Pval	DefiniteBacterial_48	True	DefiniteBacterial
normalized	Kawasaki_26	Kawasaki_26	False	Kawasaki
normalized	Kawasaki_26_Detection_Pval	Kawasaki_26	True	Kawasaki
normalized	DefiniteViral_42	DefiniteViral_42	False	DefiniteViral
normalized	DefiniteViral_42_Detection_Pval	DefiniteViral_42	True	DefiniteViral
normalized	Unknown_85	Unknown_85	False	Unknown
normalized	Unknown_85_Detection_Pval	Unknown_85	True	Unknown
normalized	Inflammatory_74	Inflammatory_74	False	Inflammatory
normalized	Inflammatory_74_Detection_Pval	Inflammatory_74	True	Inflammatory
normalized	Control_38	Control_38	False	Control
normalized	Control_38_Detection_Pval	Control_38	True	Control
normalized	Unknown_47	Unknown_47	False	Unknown
normalized	Unknown_47_Detection_Pval	Unknown_47	True	Unknown
normalized	Unknown_48	Unknown_48	False	Unknown
normalized	Unknown_48_Detection_Pval	Unknown_48	True	Unknown
normalized	Kawasaki_07	Kawasaki_07	False	Kawasaki
normalized	Kawasaki_07_Detection_Pval	Kawasaki_07	True	Kawasaki
normalized	DefiniteBacterial_28	DefiniteBacterial_28	False	DefiniteBacterial
normalized	DefiniteBacterial_28_Detection_Pval	DefiniteBacterial_28	True	DefiniteBacterial
normalized	Control_19	Control_19	False	Control
normalized	Control_19_Detection_Pval	Control_19	True	Control
normalized	DefiniteBacterial_11	DefiniteBacterial_11	False	DefiniteBacterial
normalized	DefiniteBacterial_11_Detection_Pval	DefiniteBacterial_11	True	DefiniteBacterial
normalized	Inflammatory_60	Inflammatory_60	False	Inflammatory
normalized	Inflammatory_60_Detection_Pval	Inflammatory_60	True	Inflammatory
normalized	Unknown_64	Unknown_64	False	Unknown
normalized	Unknown_64_Detection_Pval	Unknown_64	True	Unknown
normalized	DefiniteViral_33	DefiniteViral_33	False	DefiniteViral
normalized	DefiniteViral_33_Detection_Pval	DefiniteViral_33	True	DefiniteViral
normalized	Inflammatory_09	Inflammatory_09	False	Inflammatory
normalized	Inflammatory_09_Detection_Pval	Inflammatory_09	True	Inflammatory
normalized	Unknown_72	Unknown_72	False	Unknown
normalized	Unknown_72_Detection_Pval	Unknown_72	True	Unknown
normalized	DefiniteViral_58	DefiniteViral_58	False	DefiniteViral
normalized	DefiniteViral_58_Detection_Pval	DefiniteViral_58	True	DefiniteViral
normalized	Unknown_06	Unknown_06	False	Unknown
normalized	Unknown_06_Detection_Pval	Unknown_06	True	Unknown
normalized	Inflammatory_10	Inflammatory_10	False	Inflammatory
normalized	Inflammatory_10_Detection_Pval	Inflammatory_10	True	Inflammatory
normalized	Unknown_33	Unknown_33	False	Unknown
normalized	Unknown_33_Detection_Pval	Unknown_33	True	Unknown
normalized	Unknown_92	Unknown_92	False	Unknown
normalized	Unknown_92_Detection_Pval	Unknown_92	True	Unknown
normalized	DefiniteViral_94	DefiniteViral_94	False	DefiniteViral
normalized	DefiniteViral_94_Detection_Pval	DefiniteViral_94	True	DefiniteViral
normalized	Inflammatory_53	Inflammatory_53	False	Inflammatory
normalized	Inflammatory_53_Detection_Pval	Inflammatory_53	True	Inflammatory
normalized	Unknown_50	Unknown_50	False	Unknown
normalized	Unknown_50_Detection_Pval	Unknown_50	True	Unknown
normalized	Unknown_69	Unknown_69	False	Unknown
normalized	Unknown_69_Detection_Pval	Unknown_69	True	Unknown
normalized	Control_06	Control_06	False	Control
normalized	Control_06_Detection_Pval	Control_06	True	Control
normalized	Inflammatory_78	Inflammatory_78	False	Inflammatory
normalized	Inflammatory_78_Detection_Pval	Inflammatory_78	True	Inflammatory
normalized	DefiniteViral_55	DefiniteViral_55	False	DefiniteViral
normalized	DefiniteViral_55_Detection_Pval	DefiniteViral_55	True	DefiniteViral
normalized	Inflammatory_47	Inflammatory_47	False	Inflammatory
normalized	Inflammatory_47_Detection_Pval	Inflammatory_47	True	Inflammatory
normalized	DefiniteViral_40	DefiniteViral_40	False	DefiniteViral
normalized	DefiniteViral_40_Detection_Pval	DefiniteViral_40	True	DefiniteViral
normalized	Unknown_96	Unknown_96	False	Unknown
normalized	Unknown_96_Detection_Pval	Unknown_96	True	Unknown
normalized	DefiniteViral_81	DefiniteViral_81	False	DefiniteViral
normalized	DefiniteViral_81_Detection_Pval	DefiniteViral_81	True	DefiniteViral
normalized	Unknown_81	Unknown_81	False	Unknown
normalized	Unknown_81_Detection_Pval	Unknown_81	True	Unknown
normalized	Inflammatory_06	Inflammatory_06	False	Inflammatory
normalized	Inflammatory_06_Detection_Pval	Inflammatory_06	True	Inflammatory
normalized	Inflammatory_13	Inflammatory_13	False	Inflammatory
normalized	Inflammatory_13_Detection_Pval	Inflammatory_13	True	Inflammatory
normalized	Control_07	Control_07	False	Control
normalized	Control_07_Detection_Pval	Control_07	True	Control
normalized	DefiniteViral_67	DefiniteViral_67	False	DefiniteViral
normalized	DefiniteViral_67_Detection_Pval	DefiniteViral_67	True	DefiniteViral
normalized	Unknown_10	Unknown_10	False	Unknown
normalized	Unknown_10_Detection_Pval	Unknown_10	True	Unknown
normalized	DefiniteViral_91	DefiniteViral_91	False	DefiniteViral
normalized	DefiniteViral_91_Detection_Pval	DefiniteViral_91	True	DefiniteViral
normalized	Unknown_46	Unknown_46	False	Unknown
normalized	Unknown_46_Detection_Pval	Unknown_46	True	Unknown
normalized	DefiniteBacterial_40	DefiniteBacterial_40	False	DefiniteBacterial
normalized	DefiniteBacterial_40_Detection_Pval	DefiniteBacterial_40	True	DefiniteBacterial
normalized	DefiniteBacterial_09	DefiniteBacterial_09	False	DefiniteBacterial
normalized	DefiniteBacterial_09_Detection_Pval	DefiniteBacterial_09	True	DefiniteBacterial
normalized	Control_21	Control_21	False	Control
normalized	Control_21_Detection_Pval	Control_21	True	Control
normalized	Inflammatory_26	Inflammatory_26	False	Inflammatory
normalized	Inflammatory_26_Detection_Pval	Inflammatory_26	True	Inflammatory
normalized	Kawasaki_43	Kawasaki_43	False	Kawasaki
normalized	Kawasaki_43_Detection_Pval	Kawasaki_43	True	Kawasaki
normalized	Inflammatory_62	Inflammatory_62	False	Inflammatory
normalized	Inflammatory_62_Detection_Pval	Inflammatory_62	True	Inflammatory
normalized	Kawasaki_09	Kawasaki_09	False	Kawasaki
normalized	Kawasaki_09_Detection_Pval	Kawasaki_09	True	Kawasaki
normalized	Unknown_76	Unknown_76	False	Unknown
normalized	Unknown_76_Detection_Pval	Unknown_76	True	Unknown
normalized	Unknown_40	Unknown_40	False	Unknown
normalized	Unknown_40_Detection_Pval	Unknown_40	True	Unknown
normalized	Unknown_91	Unknown_91	False	Unknown
normalized	Unknown_91_Detection_Pval	Unknown_91	True	Unknown
normalized	DefiniteViral_48	DefiniteViral_48	False	DefiniteViral
normalized	DefiniteViral_48_Detection_Pval	DefiniteViral_48	True	DefiniteViral
normalized	Control_45	Control_45	False	Control
normalized	Control_45_Detection_Pval	Control_45	True	Control
normalized	Unknown_43	Unknown_43	False	Unknown
normalized	Unknown_43_Detection_Pval	Unknown_43	True	Unknown
normalized	Kawasaki_67	Kawasaki_67	False	Kawasaki
normalized	Kawasaki_67_Detection_Pval	Kawasaki_67	True	Kawasaki
normalized	Inflammatory_80	Inflammatory_80	False	Inflammatory
normalized	Inflammatory_80_Detection_Pval	Inflammatory_80	True	Inflammatory
normalized	DefiniteViral_83	DefiniteViral_83	False	DefiniteViral
normalized	DefiniteViral_83_Detection_Pval	DefiniteViral_83	True	DefiniteViral
normalized	Inflammatory_81	Inflammatory_81	False	Inflammatory
normalized	Inflammatory_81_Detection_Pval	Inflammatory_81	True	Inflammatory
normalized	Control_26	Control_26	False	Control
normalized	Control_26_Detection_Pval	Control_26	True	Control
normalized	DefiniteBacterial_18	DefiniteBacterial_18	False	DefiniteBacterial
normalized	DefiniteBacterial_18_Detection_Pval	DefiniteBacterial_18	True	DefiniteBacterial
normalized	DefiniteViral_10	DefiniteViral_10	False	DefiniteViral
normalized	DefiniteViral_10_Detection_Pval	DefiniteViral_10	True	DefiniteViral
normalized	Inflammatory_32	Inflammatory_32	False	Inflammatory
normalized	Inflammatory_32_Detection_Pval	Inflammatory_32	True	Inflammatory
normalized	Unknown_56	Unknown_56	False	Unknown
normalized	Unknown_56_Detection_Pval	Unknown_56	True	Unknown
normalized	Kawasaki_14	Kawasaki_14	False	Kawasaki
normalized	Kawasaki_14_Detection_Pval	Kawasaki_14	True	Kawasaki
normalized	Kawasaki_48	Kawasaki_48	False	Kawasaki
normalized	Kawasaki_48_Detection_Pval	Kawasaki_48	True	Kawasaki
normalized	Inflammatory_65	Inflammatory_65	False	Inflammatory
normalized	Inflammatory_65_Detection_Pval	Inflammatory_65	True	Inflammatory
normalized	Inflammatory_17	Inflammatory_17	False	Inflammatory
normalized	Inflammatory_17_Detection_Pval	Inflammatory_17	True	Inflammatory
normalized	DefiniteViral_71	DefiniteViral_71	False	DefiniteViral
normalized	DefiniteViral_71_Detection_Pval	DefiniteViral_71	True	DefiniteViral
normalized	Kawasaki_32	Kawasaki_32	False	Kawasaki
normalized	Kawasaki_32_Detection_Pval	Kawasaki_32	True	Kawasaki
normalized	Unknown_39	Unknown_39	False	Unknown
normalized	Unknown_39_Detection_Pval	Unknown_39	True	Unknown
normalized	Unknown_09	Unknown_09	False	Unknown
normalized	Unknown_09_Detection_Pval	Unknown_09	True	Unknown
normalized	Inflammatory_02	Inflammatory_02	False	Inflammatory
normalized	Inflammatory_02_Detection_Pval	Inflammatory_02	True	Inflammatory
normalized	Control_52	Control_52	False	Control
normalized	Control_52_Detection_Pval	Control_52	True	Control
normalized	DefiniteViral_64	DefiniteViral_64	False	DefiniteViral
normalized	DefiniteViral_64_Detection_Pval	DefiniteViral_64	True	DefiniteViral
normalized	DefiniteViral_76	DefiniteViral_76	False	DefiniteViral
normalized	DefiniteViral_76_Detection_Pval	DefiniteViral_76	True	DefiniteViral
normalized	DefiniteBacterial_16	DefiniteBacterial_16	False	DefiniteBacterial
normalized	DefiniteBacterial_16_Detection_Pval	DefiniteBacterial_16	True	DefiniteBacterial
normalized	DefiniteBacterial_44	DefiniteBacterial_44	False	DefiniteBacterial
normalized	DefiniteBacterial_44_Detection_Pval	DefiniteBacterial_44	True	DefiniteBacterial
normalized	Control_18	Control_18	False	Control
normalized	Control_18_Detection_Pval	Control_18	True	Control
normalized	Unknown_66	Unknown_66	False	Unknown
normalized	Unknown_66_Detection_Pval	Unknown_66	True	Unknown
normalized	Inflammatory_23	Inflammatory_23	False	Inflammatory
normalized	Inflammatory_23_Detection_Pval	Inflammatory_23	True	Inflammatory
normalized	Kawasaki_06	Kawasaki_06	False	Kawasaki
normalized	Kawasaki_06_Detection_Pval	Kawasaki_06	True	Kawasaki
normalized	DefiniteViral_05	DefiniteViral_05	False	DefiniteViral
normalized	DefiniteViral_05_Detection_Pval	DefiniteViral_05	True	DefiniteViral
normalized	Kawasaki_40	Kawasaki_40	False	Kawasaki
normalized	Kawasaki_40_Detection_Pval	Kawasaki_40	True	Kawasaki
normalized	Control_09	Control_09	False	Control
normalized	Control_09_Detection_Pval	Control_09	True	Control
normalized	Unknown_07	Unknown_07	False	Unknown
normalized	Unknown_07_Detection_Pval	Unknown_07	True	Unknown
normalized	Inflammatory_08	Inflammatory_08	False	Inflammatory
normalized	Inflammatory_08_Detection_Pval	Inflammatory_08	True	Inflammatory
normalized	Unknown_94	Unknown_94	False	Unknown
normalized	Unknown_94_Detection_Pval	Unknown_94	True	Unknown
normalized	DefiniteViral_66	DefiniteViral_66	False	DefiniteViral
normalized	DefiniteViral_66_Detection_Pval	DefiniteViral_66	True	DefiniteViral
normalized	Inflammatory_11	Inflammatory_11	False	Inflammatory
normalized	Inflammatory_11_Detection_Pval	Inflammatory_11	True	Inflammatory
normalized	Unknown_41	Unknown_41	False	Unknown
normalized	Unknown_41_Detection_Pval	Unknown_41	True	Unknown
normalized	DefiniteBacterial_33	DefiniteBacterial_33	False	DefiniteBacterial
normalized	DefiniteBacterial_33_Detection_Pval	DefiniteBacterial_33	True	DefiniteBacterial
normalized	Control_32	Control_32	False	Control
normalized	Control_32_Detection_Pval	Control_32	True	Control
normalized	Kawasaki_20	Kawasaki_20	False	Kawasaki
normalized	Kawasaki_20_Detection_Pval	Kawasaki_20	True	Kawasaki
normalized	Kawasaki_55	Kawasaki_55	False	Kawasaki
normalized	Kawasaki_55_Detection_Pval	Kawasaki_55	True	Kawasaki
normalized	DefiniteBacterial_25	DefiniteBacterial_25	False	DefiniteBacterial
normalized	DefiniteBacterial_25_Detection_Pval	DefiniteBacterial_25	True	DefiniteBacterial
normalized	DefiniteViral_28	DefiniteViral_28	False	DefiniteViral
normalized	DefiniteViral_28_Detection_Pval	DefiniteViral_28	True	DefiniteViral
normalized	Inflammatory_69	Inflammatory_69	False	Inflammatory
normalized	Inflammatory_69_Detection_Pval	Inflammatory_69	True	Inflammatory
normalized	Inflammatory_38	Inflammatory_38	False	Inflammatory
normalized	Inflammatory_38_Detection_Pval	Inflammatory_38	True	Inflammatory
normalized	DefiniteViral_15	DefiniteViral_15	False	DefiniteViral
normalized	DefiniteViral_15_Detection_Pval	DefiniteViral_15	True	DefiniteViral
normalized	Unknown_77	Unknown_77	False	Unknown
normalized	Unknown_77_Detection_Pval	Unknown_77	True	Unknown
normalized	Kawasaki_73	Kawasaki_73	False	Kawasaki
normalized	Kawasaki_73_Detection_Pval	Kawasaki_73	True	Kawasaki
normalized	Unknown_08	Unknown_08	False	Unknown
normalized	Unknown_08_Detection_Pval	Unknown_08	True	Unknown
normalized	Unknown_03	Unknown_03	False	Unknown
normalized	Unknown_03_Detection_Pval	Unknown_03	True	Unknown
normalized	DefiniteViral_75	DefiniteViral_75	False	DefiniteViral
normalized	DefiniteViral_75_Detection_Pval	DefiniteViral_75	True	DefiniteViral
normalized	Inflammatory_84	Inflammatory_84	False	Inflammatory
normalized	Inflammatory_84_Detection_Pval	Inflammatory_84	True	Inflammatory
normalized	Inflammatory_75	Inflammatory_75	False	Inflammatory
normalized	Inflammatory_75_Detection_Pval	Inflammatory_75	True	Inflammatory
normalized	DefiniteViral_20	DefiniteViral_20	False	DefiniteViral
normalized	DefiniteViral_20_Detection_Pval	DefiniteViral_20	True	DefiniteViral
normalized	Kawasaki_57	Kawasaki_57	False	Kawasaki
normalized	Kawasaki_57_Detection_Pval	Kawasaki_57	True	Kawasaki
normalized	DefiniteBacterial_23	DefiniteBacterial_23	False	DefiniteBacterial
normalized	DefiniteBacterial_23_Detection_Pval	DefiniteBacterial_23	True	DefiniteBacterial
normalized	Control_34	Control_34	False	Control
normalized	Control_34_Detection_Pval	Control_34	True	Control
normalized	Inflammatory_70	Inflammatory_70	False	Inflammatory
normalized	Inflammatory_70_Detection_Pval	Inflammatory_70	True	Inflammatory
normalized	DefiniteBacterial_51	DefiniteBacterial_51	False	DefiniteBacterial
normalized	DefiniteBacterial_51_Detection_Pval	DefiniteBacterial_51	True	DefiniteBacterial
normalized	DefiniteViral_30	DefiniteViral_30	False	DefiniteViral
normalized	DefiniteViral_30_Detection_Pval	DefiniteViral_30	True	DefiniteViral
normalized	Kawasaki_22	Kawasaki_22	False	Kawasaki
normalized	Kawasaki_22_Detection_Pval	Kawasaki_22	True	Kawasaki
normalized	Inflammatory_40	Inflammatory_40	False	Inflammatory
normalized	Inflammatory_40_Detection_Pval	Inflammatory_40	True	Inflammatory
normalized	Unknown_35	Unknown_35	False	Unknown
normalized	Unknown_35_Detection_Pval	Unknown_35	True	Unknown
normalized	Control_55	Control_55	False	Control
normalized	Control_55_Detection_Pval	Control_55	True	Control
normalized	DefiniteViral_89	DefiniteViral_89	False	DefiniteViral
normalized	DefiniteViral_89_Detection_Pval	DefiniteViral_89	True	DefiniteViral
normalized	Kawasaki_78	Kawasaki_78	False	Kawasaki
normalized	Kawasaki_78_Detection_Pval	Kawasaki_78	True	Kawasaki
normalized	DefiniteViral_59	DefiniteViral_59	False	DefiniteViral
normalized	DefiniteViral_59_Detection_Pval	DefiniteViral_59	True	DefiniteViral
normalized	Inflammatory_14	Inflammatory_14	False	Inflammatory
normalized	Inflammatory_14_Detection_Pval	Inflammatory_14	True	Inflammatory
normalized	Unknown_29	Unknown_29	False	Unknown
normalized	Unknown_29_Detection_Pval	Unknown_29	True	Unknown
normalized	Inflammatory_05	Inflammatory_05	False	Inflammatory
normalized	Inflammatory_05_Detection_Pval	Inflammatory_05	True	Inflammatory
normalized	DefiniteBacterial_02	DefiniteBacterial_02	False	DefiniteBacterial
normalized	DefiniteBacterial_02_Detection_Pval	DefiniteBacterial_02	True	DefiniteBacterial
normalized	DefiniteViral_93	DefiniteViral_93	False	DefiniteViral
normalized	DefiniteViral_93_Detection_Pval	DefiniteViral_93	True	DefiniteViral
normalized	Control_04	Control_04	False	Control
normalized	Control_04_Detection_Pval	Control_04	True	Control
normalized	Inflammatory_51	Inflammatory_51	False	Inflammatory
normalized	Inflammatory_51_Detection_Pval	Inflammatory_51	True	Inflammatory
normalized	Unknown_51	Unknown_51	False	Unknown
normalized	Unknown_51_Detection_Pval	Unknown_51	True	Unknown
normalized	Inflammatory_19	Inflammatory_19	False	Inflammatory
normalized	Inflammatory_19_Detection_Pval	Inflammatory_19	True	Inflammatory
normalized	Inflammatory_56	Inflammatory_56	False	Inflammatory
normalized	Inflammatory_56_Detection_Pval	Inflammatory_56	True	Inflammatory
normalized	Unknown_02	Unknown_02	False	Unknown
normalized	Unknown_02_Detection_Pval	Unknown_02	True	Unknown
normalized	Kawasaki_35	Kawasaki_35	False	Kawasaki
normalized	Kawasaki_35_Detection_Pval	Kawasaki_35	True	Kawasaki
normalized	Inflammatory_21	Inflammatory_21	False	Inflammatory
normalized	Inflammatory_21_Detection_Pval	Inflammatory_21	True	Inflammatory
normalized	Kawasaki_02	Kawasaki_02	False	Kawasaki
normalized	Kawasaki_02_Detection_Pval	Kawasaki_02	True	Kawasaki
normalized	Unknown_62	Unknown_62	False	Unknown
normalized	Unknown_62_Detection_Pval	Unknown_62	True	Unknown
normalized	Control_13	Control_13	False	Control
normalized	Control_13_Detection_Pval	Control_13	True	Control
normalized	DefiniteViral_03	DefiniteViral_03	False	DefiniteViral
normalized	DefiniteViral_03_Detection_Pval	DefiniteViral_03	True	DefiniteViral
normalized	DefiniteViral_68	DefiniteViral_68	False	DefiniteViral
normalized	DefiniteViral_68_Detection_Pval	DefiniteViral_68	True	DefiniteViral
normalized	Inflammatory_82	Inflammatory_82	False	Inflammatory
normalized	Inflammatory_82_Detection_Pval	Inflammatory_82	True	Inflammatory
normalized	Unknown_11	Unknown_11	False	Unknown
normalized	Unknown_11_Detection_Pval	Unknown_11	True	Unknown
normalized	Kawasaki_70	Kawasaki_70	False	Kawasaki
normalized	Kawasaki_70_Detection_Pval	Kawasaki_70	True	Kawasaki
normalized	Unknown_34	Unknown_34	False	Unknown
normalized	Unknown_34_Detection_Pval	Unknown_34	True	Unknown
normalized	Unknown_83	Unknown_83	False	Unknown
normalized	Unknown_83_Detection_Pval	Unknown_83	True	Unknown
normalized	DefiniteViral_49	DefiniteViral_49	False	DefiniteViral
normalized	DefiniteViral_49_Detection_Pval	DefiniteViral_49	True	DefiniteViral
normalized	Control_48	Control_48	False	Control
normalized	Control_48_Detection_Pval	Control_48	True	Control
normalized	Kawasaki_71	Kawasaki_71	False	Kawasaki
normalized	Kawasaki_71_Detection_Pval	Kawasaki_71	True	Kawasaki
normalized	Kawasaki_39	Kawasaki_39	False	Kawasaki
normalized	Kawasaki_39_Detection_Pval	Kawasaki_39	True	Kawasaki
normalized	Kawasaki_53	Kawasaki_53	False	Kawasaki
normalized	Kawasaki_53_Detection_Pval	Kawasaki_53	True	Kawasaki
normalized	Control_22	Control_22	False	Control
normalized	Control_22_Detection_Pval	Control_22	True	Control
normalized	Inflammatory_64	Inflammatory_64	False	Inflammatory
normalized	Inflammatory_64_Detection_Pval	Inflammatory_64	True	Inflammatory
normalized	Kawasaki_44	Kawasaki_44	False	Kawasaki
normalized	Kawasaki_44_Detection_Pval	Kawasaki_44	True	Kawasaki
normalized	Kawasaki_10	Kawasaki_10	False	Kawasaki
normalized	Kawasaki_10_Detection_Pval	Kawasaki_10	True	Kawasaki
normalized	DefiniteBacterial_14	DefiniteBacterial_14	False	DefiniteBacterial
normalized	DefiniteBacterial_14_Detection_Pval	DefiniteBacterial_14	True	DefiniteBacterial
normalized	Unknown_16	Unknown_16	False	Unknown
normalized	Unknown_16_Detection_Pval	Unknown_16	True	Unknown
normalized	DefiniteBacterial_30	DefiniteBacterial_30	False	DefiniteBacterial
normalized	DefiniteBacterial_30_Detection_Pval	DefiniteBacterial_30	True	DefiniteBacterial
normalized	Unknown_59	Unknown_59	False	Unknown
normalized	Unknown_59_Detection_Pval	Unknown_59	True	Unknown
normalized	DefiniteViral_13	DefiniteViral_13	False	DefiniteViral
normalized	DefiniteViral_13_Detection_Pval	DefiniteViral_13	True	DefiniteViral
normalized	DefiniteViral_86	DefiniteViral_86	False	DefiniteViral
normalized	DefiniteViral_86_Detection_Pval	DefiniteViral_86	True	DefiniteViral
normalized	Unknown_25	Unknown_25	False	Unknown
normalized	Unknown_25_Detection_Pval	Unknown_25	True	Unknown
normalized	DefiniteViral_57	DefiniteViral_57	False	DefiniteViral
normalized	DefiniteViral_57_Detection_Pval	DefiniteViral_57	True	DefiniteViral
normalized	DefiniteViral_72	DefiniteViral_72	False	DefiniteViral
normalized	DefiniteViral_72_Detection_Pval	DefiniteViral_72	True	DefiniteViral
normalized	Kawasaki_77	Kawasaki_77	False	Kawasaki
normalized	Kawasaki_77_Detection_Pval	Kawasaki_77	True	Kawasaki
normalized	Inflammatory_15	Inflammatory_15	False	Inflammatory
normalized	Inflammatory_15_Detection_Pval	Inflammatory_15	True	Inflammatory
normalized	Control_54	Control_54	False	Control
normalized	Control_54_Detection_Pval	Control_54	True	Control
normalized	Inflammatory_04	Inflammatory_04	False	Inflammatory
normalized	Inflammatory_04_Detection_Pval	Inflammatory_04	True	Inflammatory
normalized	Unknown_24	Unknown_24	False	Unknown
normalized	Unknown_24_Detection_Pval	Unknown_24	True	Unknown
normalized	DefiniteBacterial_42	DefiniteBacterial_42	False	DefiniteBacterial
normalized	DefiniteBacterial_42_Detection_Pval	DefiniteBacterial_42	True	DefiniteBacterial
normalized	Kawasaki_49	Kawasaki_49	False	Kawasaki
normalized	Kawasaki_49_Detection_Pval	Kawasaki_49	True	Kawasaki
normalized	Kawasaki_15	Kawasaki_15	False	Kawasaki
normalized	Kawasaki_15_Detection_Pval	Kawasaki_15	True	Kawasaki
normalized	Unknown_75	Unknown_75	False	Unknown
normalized	Unknown_75_Detection_Pval	Unknown_75	True	Unknown
normalized	Unknown_27	Unknown_27	False	Unknown
normalized	Unknown_27_Detection_Pval	Unknown_27	True	Unknown
normalized	Inflammatory_66	Inflammatory_66	False	Inflammatory
normalized	Inflammatory_66_Detection_Pval	Inflammatory_66	True	Inflammatory
normalized	Inflammatory_35	Inflammatory_35	False	Inflammatory
normalized	Inflammatory_35_Detection_Pval	Inflammatory_35	True	Inflammatory
normalized	DefiniteBacterial_10	DefiniteBacterial_10	False	DefiniteBacterial
normalized	DefiniteBacterial_10_Detection_Pval	DefiniteBacterial_10	True	DefiniteBacterial
normalized	Control_27	Control_27	False	Control
normalized	Control_27_Detection_Pval	Control_27	True	Control
normalized	DefiniteViral_14	DefiniteViral_14	False	DefiniteViral
normalized	DefiniteViral_14_Detection_Pval	DefiniteViral_14	True	DefiniteViral
normalized	DefiniteViral_23	DefiniteViral_23	False	DefiniteViral
normalized	DefiniteViral_23_Detection_Pval	DefiniteViral_23	True	DefiniteViral
normalized	Control_36	Control_36	False	Control
normalized	Control_36_Detection_Pval	Control_36	True	Control
normalized	Unknown_57	Unknown_57	False	Unknown
normalized	Unknown_57_Detection_Pval	Unknown_57	True	Unknown
normalized	DefiniteBacterial_22	DefiniteBacterial_22	False	DefiniteBacterial
normalized	DefiniteBacterial_22_Detection_Pval	DefiniteBacterial_22	True	DefiniteBacterial
normalized	Inflammatory_42	Inflammatory_42	False	Inflammatory
normalized	Inflammatory_42_Detection_Pval	Inflammatory_42	True	Inflammatory
normalized	Kawasaki_24	Kawasaki_24	False	Kawasaki
normalized	Kawasaki_24_Detection_Pval	Kawasaki_24	True	Kawasaki
normalized	DefiniteViral_44	DefiniteViral_44	False	DefiniteViral
normalized	DefiniteViral_44_Detection_Pval	DefiniteViral_44	True	DefiniteViral
normalized	Kawasaki_59	Kawasaki_59	False	Kawasaki
normalized	Kawasaki_59_Detection_Pval	Kawasaki_59	True	Kawasaki
normalized	DefiniteBacterial_49	DefiniteBacterial_49	False	DefiniteBacterial
normalized	DefiniteBacterial_49_Detection_Pval	DefiniteBacterial_49	True	DefiniteBacterial
normalized	Kawasaki_37	Kawasaki_37	False	Kawasaki
normalized	Kawasaki_37_Detection_Pval	Kawasaki_37	True	Kawasaki
normalized	Kawasaki_04	Kawasaki_04	False	Kawasaki
normalized	Kawasaki_04_Detection_Pval	Kawasaki_04	True	Kawasaki
normalized	Control_16	Control_16	False	Control
normalized	Control_16_Detection_Pval	Control_16	True	Control
normalized	Unknown_65	Unknown_65	False	Unknown
normalized	Unknown_65_Detection_Pval	Unknown_65	True	Unknown
normalized	DefiniteViral_22	DefiniteViral_22	False	DefiniteViral
normalized	DefiniteViral_22_Detection_Pval	DefiniteViral_22	True	DefiniteViral
normalized	DefiniteViral_27	DefiniteViral_27	False	DefiniteViral
normalized	DefiniteViral_27_Detection_Pval	DefiniteViral_27	True	DefiniteViral
normalized	Inflammatory_58	Inflammatory_58	False	Inflammatory
normalized	Inflammatory_58_Detection_Pval	Inflammatory_58	True	Inflammatory
normalized	DefiniteBacterial_37	DefiniteBacterial_37	False	DefiniteBacterial
normalized	DefiniteBacterial_37_Detection_Pval	DefiniteBacterial_37	True	DefiniteBacterial
normalized	Inflammatory_22	Inflammatory_22	False	Inflammatory
normalized	Inflammatory_22_Detection_Pval	Inflammatory_22	True	Inflammatory
normalized	Inflammatory_50	Inflammatory_50	False	Inflammatory
normalized	Inflammatory_50_Detection_Pval	Inflammatory_50	True	Inflammatory
normalized	DefiniteViral_25	DefiniteViral_25	False	DefiniteViral
normalized	DefiniteViral_25_Detection_Pval	DefiniteViral_25	True	DefiniteViral
normalized	Inflammatory_54	Inflammatory_54	False	Inflammatory
normalized	Inflammatory_54_Detection_Pval	Inflammatory_54	True	Inflammatory
normalized	DefiniteViral_01	DefiniteViral_01	False	DefiniteViral
normalized	DefiniteViral_01_Detection_Pval	DefiniteViral_01	True	DefiniteViral
normalized	Unknown_79	Unknown_79	False	Unknown
normalized	Unknown_79_Detection_Pval	Unknown_79	True	Unknown
normalized	Control_10	Control_10	False	Control
normalized	Control_10_Detection_Pval	Control_10	True	Control
normalized	DefiniteBacterial_36	DefiniteBacterial_36	False	DefiniteBacterial
normalized	DefiniteBacterial_36_Detection_Pval	DefiniteBacterial_36	True	DefiniteBacterial
normalized	DefiniteViral_34	DefiniteViral_34	False	DefiniteViral
normalized	DefiniteViral_34_Detection_Pval	DefiniteViral_34	True	DefiniteViral
normalized	Control_29	Control_29	False	Control
normalized	Control_29_Detection_Pval	Control_29	True	Control
normalized	DefiniteViral_19	DefiniteViral_19	False	DefiniteViral
normalized	DefiniteViral_19_Detection_Pval	DefiniteViral_19	True	DefiniteViral
normalized	Unknown_53	Unknown_53	False	Unknown
normalized	Unknown_53_Detection_Pval	Unknown_53	True	Unknown
normalized	Kawasaki_51	Kawasaki_51	False	Kawasaki
normalized	Kawasaki_51_Detection_Pval	Kawasaki_51	True	Kawasaki
normalized	DefiniteBacterial_06	DefiniteBacterial_06	False	DefiniteBacterial
normalized	DefiniteBacterial_06_Detection_Pval	DefiniteBacterial_06	True	DefiniteBacterial
normalized	Kawasaki_17	Kawasaki_17	False	Kawasaki
normalized	Kawasaki_17_Detection_Pval	Kawasaki_17	True	Kawasaki
normalized	Kawasaki_68	Kawasaki_68	False	Kawasaki
normalized	Kawasaki_68_Detection_Pval	Kawasaki_68	True	Kawasaki
normalized	Inflammatory_46	Inflammatory_46	False	Inflammatory
normalized	Inflammatory_46_Detection_Pval	Inflammatory_46	True	Inflammatory
normalized	Unknown_36	Unknown_36	False	Unknown
normalized	Unknown_36_Detection_Pval	Unknown_36	True	Unknown
normalized	DefiniteViral_39	DefiniteViral_39	False	DefiniteViral
normalized	DefiniteViral_39_Detection_Pval	DefiniteViral_39	True	DefiniteViral
normalized	Unknown_82	Unknown_82	False	Unknown
normalized	Unknown_82_Detection_Pval	Unknown_82	True	Unknown
normalized	Unknown_38	Unknown_38	False	Unknown
normalized	Unknown_38_Detection_Pval	Unknown_38	True	Unknown
normalized	Control_46	Control_46	False	Control
normalized	Control_46_Detection_Pval	Control_46	True	Control
normalized	DefiniteViral_87	DefiniteViral_87	False	DefiniteViral
normalized	DefiniteViral_87_Detection_Pval	DefiniteViral_87	True	DefiniteViral
normalized	DefiniteViral_47	DefiniteViral_47	False	DefiniteViral
normalized	DefiniteViral_47_Detection_Pval	DefiniteViral_47	True	DefiniteViral
normalized	Inflammatory_73	Inflammatory_73	False	Inflammatory
normalized	Inflammatory_73_Detection_Pval	Inflammatory_73	True	Inflammatory
normalized	Unknown_49	Unknown_49	False	Unknown
normalized	Unknown_49_Detection_Pval	Unknown_49	True	Unknown
normalized	DefiniteBacterial_26	DefiniteBacterial_26	False	DefiniteBacterial
normalized	DefiniteBacterial_26_Detection_Pval	DefiniteBacterial_26	True	DefiniteBacterial
normalized	DefiniteViral_43	DefiniteViral_43	False	DefiniteViral
normalized	DefiniteViral_43_Detection_Pval	DefiniteViral_43	True	DefiniteViral
normalized	Control_37	Control_37	False	Control
normalized	Control_37_Detection_Pval	Control_37	True	Control
normalized	Inflammatory_43	Inflammatory_43	False	Inflammatory
normalized	Inflammatory_43_Detection_Pval	Inflammatory_43	True	Inflammatory
normalized	DefiniteBacterial_52	DefiniteBacterial_52	False	DefiniteBacterial
normalized	DefiniteBacterial_52_Detection_Pval	DefiniteBacterial_52	True	DefiniteBacterial
normalized	Kawasaki_25	Kawasaki_25	False	Kawasaki
normalized	Kawasaki_25_Detection_Pval	Kawasaki_25	True	Kawasaki
normalized	Unknown_84	Unknown_84	False	Unknown
normalized	Unknown_84_Detection_Pval	Unknown_84	True	Unknown
normalized	Inflammatory_61	Inflammatory_61	False	Inflammatory
normalized	Inflammatory_61_Detection_Pval	Inflammatory_61	True	Inflammatory
normalized	DefiniteBacterial_31	DefiniteBacterial_31	False	DefiniteBacterial
normalized	DefiniteBacterial_31_Detection_Pval	DefiniteBacterial_31	True	DefiniteBacterial
normalized	Kawasaki_08	Kawasaki_08	False	Kawasaki
normalized	Kawasaki_08_Detection_Pval	Kawasaki_08	True	Kawasaki
normalized	Unknown_45	Unknown_45	False	Unknown
normalized	Unknown_45_Detection_Pval	Unknown_45	True	Unknown
normalized	Kawasaki_42	Kawasaki_42	False	Kawasaki
normalized	Kawasaki_42_Detection_Pval	Kawasaki_42	True	Kawasaki
normalized	Unknown_30	Unknown_30	False	Unknown
normalized	Unknown_30_Detection_Pval	Unknown_30	True	Unknown
normalized	Unknown_67	Unknown_67	False	Unknown
normalized	Unknown_67_Detection_Pval	Unknown_67	True	Unknown
normalized	Control_20	Control_20	False	Control
normalized	Control_20_Detection_Pval	Control_20	True	Control
normalized	Inflammatory_25	Inflammatory_25	False	Inflammatory
normalized	Inflammatory_25_Detection_Pval	Inflammatory_25	True	Inflammatory
normalized	DefiniteBacterial_08	DefiniteBacterial_08	False	DefiniteBacterial
normalized	DefiniteBacterial_08_Detection_Pval	DefiniteBacterial_08	True	DefiniteBacterial
normalized	DefiniteBacterial_46	DefiniteBacterial_46	False	DefiniteBacterial
normalized	DefiniteBacterial_46_Detection_Pval	DefiniteBacterial_46	True	DefiniteBacterial
normalized	Inflammatory_76	Inflammatory_76	False	Inflammatory
normalized	Inflammatory_76_Detection_Pval	Inflammatory_76	True	Inflammatory
normalized	Kawasaki_29	Kawasaki_29	False	Kawasaki
normalized	Kawasaki_29_Detection_Pval	Kawasaki_29	True	Kawasaki
normalized	DefiniteViral_54	DefiniteViral_54	False	DefiniteViral
normalized	DefiniteViral_54_Detection_Pval	DefiniteViral_54	True	DefiniteViral
normalized	Kawasaki_62	Kawasaki_62	False	Kawasaki
normalized	Kawasaki_62_Detection_Pval	Kawasaki_62	True	Kawasaki
normalized	DefiniteViral_90	DefiniteViral_90	False	DefiniteViral
normalized	DefiniteViral_90_Detection_Pval	DefiniteViral_90	True	DefiniteViral
normalized	Unknown_93	Unknown_93	False	Unknown
normalized	Unknown_93_Detection_Pval	Unknown_93	True	Unknown
normalized	DefiniteViral_36	DefiniteViral_36	False	DefiniteViral
normalized	DefiniteViral_36_Detection_Pval	DefiniteViral_36	True	DefiniteViral
normalized	Inflammatory_44	Inflammatory_44	False	Inflammatory
normalized	Inflammatory_44_Detection_Pval	Inflammatory_44	True	Inflammatory
normalized	Control_40	Control_40	False	Control
normalized	Control_40_Detection_Pval	Control_40	True	Control
normalized	Kawasaki_76	Kawasaki_76	False	Kawasaki
normalized	Kawasaki_76_Detection_Pval	Kawasaki_76	True	Kawasaki
normalized	DefiniteViral_73	DefiniteViral_73	False	DefiniteViral
normalized	DefiniteViral_73_Detection_Pval	DefiniteViral_73	True	DefiniteViral
normalized	DefiniteViral_69	DefiniteViral_69	False	DefiniteViral
normalized	DefiniteViral_69_Detection_Pval	DefiniteViral_69	True	DefiniteViral
normalized	Inflammatory_16	Inflammatory_16	False	Inflammatory
normalized	Inflammatory_16_Detection_Pval	Inflammatory_16	True	Inflammatory
normalized	Unknown_18	Unknown_18	False	Unknown
normalized	Unknown_18_Detection_Pval	Unknown_18	True	Unknown
normalized	Inflammatory_03	Inflammatory_03	False	Inflammatory
normalized	Inflammatory_03_Detection_Pval	Inflammatory_03	True	Inflammatory
normalized	Unknown_12	Unknown_12	False	Unknown
normalized	Unknown_12_Detection_Pval	Unknown_12	True	Unknown
normalized	DefiniteViral_79	DefiniteViral_79	False	DefiniteViral
normalized	DefiniteViral_79_Detection_Pval	DefiniteViral_79	True	DefiniteViral
normalized	Kawasaki_50	Kawasaki_50	False	Kawasaki
normalized	Kawasaki_50_Detection_Pval	Kawasaki_50	True	Kawasaki
normalized	DefiniteBacterial_12	DefiniteBacterial_12	False	DefiniteBacterial
normalized	DefiniteBacterial_12_Detection_Pval	DefiniteBacterial_12	True	DefiniteBacterial
normalized	DefiniteViral_17	DefiniteViral_17	False	DefiniteViral
normalized	DefiniteViral_17_Detection_Pval	DefiniteViral_17	True	DefiniteViral
normalized	Control_28	Control_28	False	Control
normalized	Control_28_Detection_Pval	Control_28	True	Control
normalized	Kawasaki_16	Kawasaki_16	False	Kawasaki
normalized	Kawasaki_16_Detection_Pval	Kawasaki_16	True	Kawasaki
normalized	Inflammatory_67	Inflammatory_67	False	Inflammatory
normalized	Inflammatory_67_Detection_Pval	Inflammatory_67	True	Inflammatory
normalized	DefiniteBacterial_38	DefiniteBacterial_38	False	DefiniteBacterial
normalized	DefiniteBacterial_38_Detection_Pval	DefiniteBacterial_38	True	DefiniteBacterial
normalized	Unknown_71	Unknown_71	False	Unknown
normalized	Unknown_71_Detection_Pval	Unknown_71	True	Unknown
normalized	DefiniteViral_31	DefiniteViral_31	False	DefiniteViral
normalized	DefiniteViral_31_Detection_Pval	DefiniteViral_31	True	DefiniteViral
normalized	DefiniteViral_65	DefiniteViral_65	False	DefiniteViral
normalized	DefiniteViral_65_Detection_Pval	DefiniteViral_65	True	DefiniteViral
normalized	Unknown_22	Unknown_22	False	Unknown
normalized	Unknown_22_Detection_Pval	Unknown_22	True	Unknown
normalized	DefiniteViral_88	DefiniteViral_88	False	DefiniteViral
normalized	DefiniteViral_88_Detection_Pval	DefiniteViral_88	True	DefiniteViral
normalized	Control_49	Control_49	False	Control
normalized	Control_49_Detection_Pval	Control_49	True	Control
normalized	DefiniteViral_52	DefiniteViral_52	False	DefiniteViral
normalized	DefiniteViral_52_Detection_Pval	DefiniteViral_52	True	DefiniteViral
normalized	Inflammatory_83	Inflammatory_83	False	Inflammatory
normalized	Inflammatory_83_Detection_Pval	Inflammatory_83	True	Inflammatory
normalized	Unknown_26	Unknown_26	False	Unknown
normalized	Unknown_26_Detection_Pval	Unknown_26	True	Unknown
normalized	DefiniteBacterial_29	DefiniteBacterial_29	False	DefiniteBacterial
normalized	DefiniteBacterial_29_Detection_Pval	DefiniteBacterial_29	True	DefiniteBacterial
normalized	Kawasaki_46	Kawasaki_46	False	Kawasaki
normalized	Kawasaki_46_Detection_Pval	Kawasaki_46	True	Kawasaki
normalized	Kawasaki_12	Kawasaki_12	False	Kawasaki
normalized	Kawasaki_12_Detection_Pval	Kawasaki_12	True	Kawasaki
normalized	Inflammatory_30	Inflammatory_30	False	Inflammatory
normalized	Inflammatory_30_Detection_Pval	Inflammatory_30	True	Inflammatory
normalized	Unknown_13	Unknown_13	False	Unknown
normalized	Unknown_13_Detection_Pval	Unknown_13	True	Unknown
normalized	DefiniteViral_07	DefiniteViral_07	False	DefiniteViral
normalized	DefiniteViral_07_Detection_Pval	DefiniteViral_07	True	DefiniteViral
normalized	Control_24	Control_24	False	Control
normalized	Control_24_Detection_Pval	Control_24	True	Control
normalized	Inflammatory_29	Inflammatory_29	False	Inflammatory
normalized	Inflammatory_29_Detection_Pval	Inflammatory_29	True	Inflammatory
normalized	DefiniteBacterial_05	DefiniteBacterial_05	False	DefiniteBacterial
normalized	DefiniteBacterial_05_Detection_Pval	DefiniteBacterial_05	True	DefiniteBacterial
normalized	Unknown_78	Unknown_78	False	Unknown
normalized	Unknown_78_Detection_Pval	Unknown_78	True	Unknown
normalized	DefiniteViral_53	DefiniteViral_53	False	DefiniteViral
normalized	DefiniteViral_53_Detection_Pval	DefiniteViral_53	True	DefiniteViral
normalized	DefiniteViral_37	DefiniteViral_37	False	DefiniteViral
normalized	DefiniteViral_37_Detection_Pval	DefiniteViral_37	True	DefiniteViral
normalized	Unknown_80	Unknown_80	False	Unknown
normalized	Unknown_80_Detection_Pval	Unknown_80	True	Unknown
normalized	Inflammatory_79	Inflammatory_79	False	Inflammatory
normalized	Inflammatory_79_Detection_Pval	Inflammatory_79	True	Inflammatory
normalized	DefiniteViral_80	DefiniteViral_80	False	DefiniteViral
normalized	DefiniteViral_80_Detection_Pval	DefiniteViral_80	True	DefiniteViral
normalized	Kawasaki_65	Kawasaki_65	False	Kawasaki
normalized	Kawasaki_65_Detection_Pval	Kawasaki_65	True	Kawasaki
normalized	Control_43	Control_43	False	Control
normalized	Control_43_Detection_Pval	Control_43	True	Control
normalized	Kawasaki_33	Kawasaki_33	False	Kawasaki
normalized	Kawasaki_33_Detection_Pval	Kawasaki_33	True	Kawasaki
normalized	Kawasaki_75	Kawasaki_75	False	Kawasaki
normalized	Kawasaki_75_Detection_Pval	Kawasaki_75	True	Kawasaki
raw	Control_01	Control_01	False	Control
raw	Control_01_Detection_Pval	Control_01	True	Control
raw	Control_02	Control_02	False	Control
raw	Control_02_Detection_Pval	Control_02	True	Control
raw	Control_03	Control_03	False	Control
raw	Control_03_Detection_Pval	Control_03	True	Control
raw	Control_04	Control_04	False	Control
raw	Control_04_Detection_Pval	Control_04	True	Control
raw	Control_05	Control_05	False	Control
raw	Control_05_Detection_Pval	Control_05	True	Control
raw	Control_06	Control_06	False	Control
raw	Control_06_Detection_Pval	Control_06	True	Control
raw	Control_07	Control_07	False	Control
raw	Control_07_Detection_Pval	Control_07	True	Control
raw	Control_08	Control_08	False	Control
raw	Control_08_Detection_Pval	Control_08	True	Control
raw	Control_09	Control_09	False	Control
raw	Control_09_Detection_Pval	Control_09	True	Control
raw	Control_10	Control_10	False	Control
raw	Control_10_Detection_Pval	Control_10	True	Control
raw	Control_11	Control_11	False	Control
raw	Control_11_Detection_Pval	Control_11	True	Control
raw	Control_12	Control_12	False	Control
raw	Control_12_Detection_Pval	Control_12	True	Control
raw	Control_13	Control_13	False	Control
raw	Control_13_Detection_Pval	Control_13	True	Control
raw	Control_14	Control_14	False	Control
raw	Control_14_Detection_Pval	Control_14	True	Control
raw	Control_15	Control_15	False	Control
raw	Control_15_Detection_Pval	Control_15	True	Control
raw	Control_16	Control_16	False	Control
raw	Control_16_Detection_Pval	Control_16	True	Control
raw	Control_17	Control_17	False	Control
raw	Control_17_Detection_Pval	Control_17	True	Control
raw	Control_18	Control_18	False	Control
raw	Control_18_Detection_Pval	Control_18	True	Control
raw	Control_19	Control_19	False	Control
raw	Control_19_Detection_Pval	Control_19	True	Control
raw	Control_20	Control_20	False	Control
raw	Control_20_Detection_Pval	Control_20	True	Control
raw	Control_21	Control_21	False	Control
raw	Control_21_Detection_Pval	Control_21	True	Control
raw	Control_22	Control_22	False	Control
raw	Control_22_Detection_Pval	Control_22	True	Control
raw	Control_23	Control_23	False	Control
raw	Control_23_Detection_Pval	Control_23	True	Control
raw	Control_24	Control_24	False	Control
raw	Control_24_Detection_Pval	Control_24	True	Control
raw	Control_25	Control_25	False	Control
raw	Control_25_Detection_Pval	Control_25	True	Control
raw	Control_26	Control_26	False	Control
raw	Control_26_Detection_Pval	Control_26	True	Control
raw	Control_27	Control_27	False	Control
raw	Control_27_Detection_Pval	Control_27	True	Control
raw	Control_28	Control_28	False	Control
raw	Control_28_Detection_Pval	Control_28	True	Control
raw	Control_29	Control_29	False	Control
raw	Control_29_Detection_Pval	Control_29	True	Control
raw	Control_30	Control_30	False	Control
raw	Control_30_Detection_Pval	Control_30	True	Control
raw	Control_31	Control_31	False	Control
raw	Control_31_Detection_Pval	Control_31	True	Control
raw	Control_32	Control_32	False	Control
raw	Control_32_Detection_Pval	Control_32	True	Control
raw	Control_33	Control_33	False	Control
raw	Control_33_Detection_Pval	Control_33	True	Control
raw	Control_34	Control_34	False	Control
raw	Control_34_Detection_Pval	Control_34	True	Control
raw	Control_35	Control_35	False	Control
raw	Control_35_Detection_Pval	Control_35	True	Control
raw	Control_36	Control_36	False	Control
raw	Control_36_Detection_Pval	Control_36	True	Control
raw	Control_37	Control_37	False	Control
raw	Control_37_Detection_Pval	Control_37	True	Control
raw	Control_38	Control_38	False	Control
raw	Control_38_Detection_Pval	Control_38	True	Control
raw	Control_39	Control_39	False	Control
raw	Control_39_Detection_Pval	Control_39	True	Control
raw	Control_40	Control_40	False	Control
raw	Control_40_Detection_Pval	Control_40	True	Control
raw	Control_41	Control_41	False	Control
raw	Control_41_Detection_Pval	Control_41	True	Control
raw	Control_42	Control_42	False	Control
raw	Control_42_Detection_Pval	Control_42	True	Control
raw	Control_43	Control_43	False	Control
raw	Control_43_Detection_Pval	Control_43	True	Control
raw	Control_44	Control_44	False	Control
raw	Control_44_Detection_Pval	Control_44	True	Control
raw	Control_45	Control_45	False	Control
raw	Control_45_Detection_Pval	Control_45	True	Control
raw	Control_46	Control_46	False	Control
raw	Control_46_Detection_Pval	Control_46	True	Control
raw	Control_47	Control_47	False	Control
raw	Control_47_Detection_Pval	Control_47	True	Control
raw	Control_48	Control_48	False	Control
raw	Control_48_Detection_Pval	Control_48	True	Control
raw	Control_49	Control_49	False	Control
raw	Control_49_Detection_Pval	Control_49	True	Control
raw	Control_50	Control_50	False	Control
raw	Control_50_Detection_Pval	Control_50	True	Control
raw	Control_51	Control_51	False	Control
raw	Control_51_Detection_Pval	Control_51	True	Control
raw	Control_52	Control_52	False	Control
raw	Control_52_Detection_Pval	Control_52	True	Control
raw	Control_53	Control_53	False	Control
raw	Control_53_Detection_Pval	Control_53	True	Control
raw	Control_54	Control_54	False	Control
raw	Control_54_Detection_Pval	Control_54	True	Control
raw	Control_55	Control_55	False	Control
raw	Control_55_Detection_Pval	Control_55	True	Control
raw	Definite Bacterial_01	DefiniteBacterial_01	False	DefiniteBacterial
raw	Definite Bacterial_01_Detection_Pval	DefiniteBacterial_01	True	DefiniteBacterial
raw	Definite Bacterial_02	DefiniteBacterial_02	False	DefiniteBacterial
raw	Definite Bacterial_02_Detection_Pval	DefiniteBacterial_02	True	DefiniteBacterial
raw	Definite Bacterial_03	DefiniteBacterial_03	False	DefiniteBacterial
raw	Definite Bacterial_03_Detection_Pval	DefiniteBacterial_03	True	DefiniteBacterial
raw	Definite Bacterial_04	DefiniteBacterial_04	False	DefiniteBacterial
raw	Definite Bacterial_04_Detection_Pval	DefiniteBacterial_04	True	DefiniteBacterial
raw	Definite Bacterial_05	DefiniteBacterial_05	False	DefiniteBacterial
raw	Definite Bacterial_05_Detection_Pval	DefiniteBacterial_05	True	DefiniteBacterial
raw	Definite Bacterial_06	DefiniteBacterial_06	False	DefiniteBacterial
raw	Definite Bacterial_06_Detection_Pval	DefiniteBacterial_06	True	DefiniteBacterial
raw	Definite Bacterial_07	DefiniteBacterial_07	False	DefiniteBacterial
raw	Definite Bacterial_07_Detection_Pval	DefiniteBacterial_07	True	DefiniteBacterial
raw	Definite Bacterial_08	DefiniteBacterial_08	False	DefiniteBacterial
raw	Definite Bacterial_08_Detection_Pval	DefiniteBacterial_08	True	DefiniteBacterial
raw	Definite Bacterial_09	DefiniteBacterial_09	False	DefiniteBacterial
raw	Definite Bacterial_09_Detection_Pval	DefiniteBacterial_09	True	DefiniteBacterial
raw	Definite Bacterial_10	DefiniteBacterial_10	False	DefiniteBacterial
raw	Definite Bacterial_10_Detection_Pval	DefiniteBacterial_10	True	DefiniteBacterial
raw	Definite Bacterial_11	DefiniteBacterial_11	False	DefiniteBacterial
raw	Definite Bacterial_11_Detection_Pval	DefiniteBacterial_11	True	DefiniteBacterial
raw	Definite Bacterial_12	DefiniteBacterial_12	False	DefiniteBacterial
raw	Definite Bacterial_12_Detection_Pval	DefiniteBacterial_12	True	DefiniteBacterial
raw	Definite Bacterial_13	DefiniteBacterial_13	False	DefiniteBacterial
raw	Definite Bacterial_13_Detection_Pval	DefiniteBacterial_13	True	DefiniteBacterial
raw	Definite Bacterial_14	DefiniteBacterial_14	False	DefiniteBacterial
raw	Definite Bacterial_14_Detection_Pval	DefiniteBacterial_14	True	DefiniteBacterial
raw	Definite Bacterial_15	DefiniteBacterial_15	False	DefiniteBacterial
raw	Definite Bacterial_15_Detection_Pval	DefiniteBacterial_15	True	DefiniteBacterial
raw	Definite Bacterial_16	DefiniteBacterial_16	False	DefiniteBacterial
raw	Definite Bacterial_16_Detection_Pval	DefiniteBacterial_16	True	DefiniteBacterial
raw	Definite Bacterial_17	DefiniteBacterial_17	False	DefiniteBacterial
raw	Definite Bacterial_17_Detection_Pval	DefiniteBacterial_17	True	DefiniteBacterial
raw	Definite Bacterial_18	DefiniteBacterial_18	False	DefiniteBacterial
raw	Definite Bacterial_18_Detection_Pval	DefiniteBacterial_18	True	DefiniteBacterial
raw	Definite Bacterial_19	DefiniteBacterial_19	False	DefiniteBacterial
raw	Definite Bacterial_19_Detection_Pval	DefiniteBacterial_19	True	DefiniteBacterial
raw	Definite Bacterial_20	DefiniteBacterial_20	False	DefiniteBacterial
raw	Definite Bacterial_20_Detection_Pval	DefiniteBacterial_20	True	DefiniteBacterial
raw	Definite Bacterial_21	DefiniteBacterial_21	False	DefiniteBacterial
raw	Definite Bacterial_21_Detection_Pval	DefiniteBacterial_21	True	DefiniteBacterial
raw	Definite Bacterial_22	DefiniteBacterial_22	False	DefiniteBacterial
raw	Definite Bacterial_22_Detection_Pval	DefiniteBacterial_22	True	DefiniteBacterial
raw	Definite Bacterial_23	DefiniteBacterial_23	False	DefiniteBacterial
raw	Definite Bacterial_23_Detection_Pval	DefiniteBacterial_23	True	DefiniteBacterial
raw	Definite Bacterial_24	DefiniteBacterial_24	False	DefiniteBacterial
raw	Definite Bacterial_24_Detection_Pval	DefiniteBacterial_24	True	DefiniteBacterial
raw	Definite Bacterial_25	DefiniteBacterial_25	False	DefiniteBacterial
raw	Definite Bacterial_25_Detection_Pval	DefiniteBacterial_25	True	DefiniteBacterial
raw	Definite Bacterial_26	DefiniteBacterial_26	False	DefiniteBacterial
raw	Definite Bacterial_26_Detection_Pval	DefiniteBacterial_26	True	DefiniteBacterial
raw	Definite Bacterial_27	DefiniteBacterial_27	False	DefiniteBacterial
raw	Definite Bacterial_27_Detection_Pval	DefiniteBacterial_27	True	DefiniteBacterial
raw	Definite Bacterial_28	DefiniteBacterial_28	False	DefiniteBacterial
raw	Definite Bacterial_28_Detection_Pval	DefiniteBacterial_28	True	DefiniteBacterial
raw	Definite Bacterial_29	DefiniteBacterial_29	False	DefiniteBacterial
raw	Definite Bacterial_29_Detection_Pval	DefiniteBacterial_29	True	DefiniteBacterial
raw	Definite Bacterial_30	DefiniteBacterial_30	False	DefiniteBacterial
raw	Definite Bacterial_30_Detection_Pval	DefiniteBacterial_30	True	DefiniteBacterial
raw	Definite Bacterial_31	DefiniteBacterial_31	False	DefiniteBacterial
raw	Definite Bacterial_31_Detection_Pval	DefiniteBacterial_31	True	DefiniteBacterial
raw	Definite Bacterial_32	DefiniteBacterial_32	False	DefiniteBacterial
raw	Definite Bacterial_32_Detection_Pval	DefiniteBacterial_32	True	DefiniteBacterial
raw	Definite Bacterial_33	DefiniteBacterial_33	False	DefiniteBacterial
raw	Definite Bacterial_33_Detection_Pval	DefiniteBacterial_33	True	DefiniteBacterial
raw	Definite Bacterial_34	DefiniteBacterial_34	False	DefiniteBacterial
raw	Definite Bacterial_34_Detection_Pval	DefiniteBacterial_34	True	DefiniteBacterial
raw	Definite Bacterial_35	DefiniteBacterial_35	False	DefiniteBacterial
raw	Definite Bacterial_35_Detection_Pval	DefiniteBacterial_35	True	DefiniteBacterial
raw	Definite Bacterial_36	DefiniteBacterial_36	False	DefiniteBacterial
raw	Definite Bacterial_36_Detection_Pval	DefiniteBacterial_36	True	DefiniteBacterial
raw	Definite Bacterial_37	DefiniteBacterial_37	False	DefiniteBacterial
raw	Definite Bacterial_37_Detection_Pval	DefiniteBacterial_37	True	DefiniteBacterial
raw	Definite Bacterial_38	DefiniteBacterial_38	False	DefiniteBacterial
raw	Definite Bacterial_38_Detection_Pval	DefiniteBacterial_38	True	DefiniteBacterial
raw	Definite Bacterial_39	DefiniteBacterial_39	False	DefiniteBacterial
raw	Definite Bacterial_39_Detection_Pval	DefiniteBacterial_39	True	DefiniteBacterial
raw	Definite Bacterial_40	DefiniteBacterial_40	False	DefiniteBacterial
raw	Definite Bacterial_40_Detection_Pval	DefiniteBacterial_40	True	DefiniteBacterial
raw	Definite Bacterial_41	DefiniteBacterial_41	False	DefiniteBacterial
raw	Definite Bacterial_41_Detection_Pval	DefiniteBacterial_41	True	DefiniteBacterial
raw	Definite Bacterial_42	DefiniteBacterial_42	False	DefiniteBacterial
raw	Definite Bacterial_42_Detection_Pval	DefiniteBacterial_42	True	DefiniteBacterial
raw	Definite Bacterial_43	DefiniteBacterial_43	False	DefiniteBacterial
raw	Definite Bacterial_43_Detection_Pval	DefiniteBacterial_43	True	DefiniteBacterial
raw	Definite Bacterial_44	DefiniteBacterial_44	False	DefiniteBacterial
raw	Definite Bacterial_44_Detection_Pval	DefiniteBacterial_44	True	DefiniteBacterial
raw	Definite Bacterial_45	DefiniteBacterial_45	False	DefiniteBacterial
raw	Definite Bacterial_45_Detection_Pval	DefiniteBacterial_45	True	DefiniteBacterial
raw	Definite Bacterial_46	DefiniteBacterial_46	False	DefiniteBacterial
raw	Definite Bacterial_46_Detection_Pval	DefiniteBacterial_46	True	DefiniteBacterial
raw	Definite Bacterial_47	DefiniteBacterial_47	False	DefiniteBacterial
raw	Definite Bacterial_47_Detection_Pval	DefiniteBacterial_47	True	DefiniteBacterial
raw	Definite Bacterial_48	DefiniteBacterial_48	False	DefiniteBacterial
raw	Definite Bacterial_48_Detection_Pval	DefiniteBacterial_48	True	DefiniteBacterial
raw	Definite Bacterial_49	DefiniteBacterial_49	False	DefiniteBacterial
raw	Definite Bacterial_49_Detection_Pval	DefiniteBacterial_49	True	DefiniteBacterial
raw	Definite Bacterial_50	DefiniteBacterial_50	False	DefiniteBacterial
raw	Definite Bacterial_50_Detection_Pval	DefiniteBacterial_50	True	DefiniteBacterial
raw	Definite Bacterial_51	DefiniteBacterial_51	False	DefiniteBacterial
raw	Definite Bacterial_51_Detection_Pval	DefiniteBacterial_51	True	DefiniteBacterial
raw	Definite Bacterial_52	DefiniteBacterial_52	False	DefiniteBacterial
raw	Definite Bacterial_52_Detection_Pval	DefiniteBacterial_52	True	DefiniteBacterial
raw	Definite Viral_01	DefiniteViral_01	False	DefiniteViral
raw	Definite Viral_01_Detection_Pval	DefiniteViral_01	True	DefiniteViral
raw	Definite Viral_02	DefiniteViral_02	False	DefiniteViral
raw	Definite Viral_02_Detection_Pval	DefiniteViral_02	True	DefiniteViral
raw	Definite Viral_03	DefiniteViral_03	False	DefiniteViral
raw	Definite Viral_03_Detection_Pval	DefiniteViral_03	True	DefiniteViral
raw	Definite Viral_04	DefiniteViral_04	False	DefiniteViral
raw	Definite Viral_04_Detection_Pval	DefiniteViral_04	True	DefiniteViral
raw	Definite Viral_05	DefiniteViral_05	False	DefiniteViral
raw	Definite Viral_05_Detection_Pval	DefiniteViral_05	True	DefiniteViral
raw	Definite Viral_06	DefiniteViral_06	False	DefiniteViral
raw	Definite Viral_06_Detection_Pval	DefiniteViral_06	True	DefiniteViral
raw	Definite Viral_07	DefiniteViral_07	False	DefiniteViral
raw	Definite Viral_07_Detection_Pval	DefiniteViral_07	True	DefiniteViral
raw	Definite Viral_08	DefiniteViral_08	False	DefiniteViral
raw	Definite Viral_08_Detection_Pval	DefiniteViral_08	True	DefiniteViral
raw	Definite Viral_09	DefiniteViral_09	False	DefiniteViral
raw	Definite Viral_09_Detection_Pval	DefiniteViral_09	True	DefiniteViral
raw	Definite Viral_10	DefiniteViral_10	False	DefiniteViral
raw	Definite Viral_10_Detection_Pval	DefiniteViral_10	True	DefiniteViral
raw	Definite Viral_11	DefiniteViral_11	False	DefiniteViral
raw	Definite Viral_11_Detection_Pval	DefiniteViral_11	True	DefiniteViral
raw	Definite Viral_12	DefiniteViral_12	False	DefiniteViral
raw	Definite Viral_12_Detection_Pval	DefiniteViral_12	True	DefiniteViral
raw	Definite Viral_13	DefiniteViral_13	False	DefiniteViral
raw	Definite Viral_13_Detection_Pval	DefiniteViral_13	True	DefiniteViral
raw	Definite Viral_14	DefiniteViral_14	False	DefiniteViral
raw	Definite Viral_14_Detection_Pval	DefiniteViral_14	True	DefiniteViral
raw	Definite Viral_15	DefiniteViral_15	False	DefiniteViral
raw	Definite Viral_15_Detection_Pval	DefiniteViral_15	True	DefiniteViral
raw	Definite Viral_16	DefiniteViral_16	False	DefiniteViral
raw	Definite Viral_16_Detection_Pval	DefiniteViral_16	True	DefiniteViral
raw	Definite Viral_17	DefiniteViral_17	False	DefiniteViral
raw	Definite Viral_17_Detection_Pval	DefiniteViral_17	True	DefiniteViral
raw	Definite Viral_18	DefiniteViral_18	False	DefiniteViral
raw	Definite Viral_18_Detection_Pval	DefiniteViral_18	True	DefiniteViral
raw	Definite Viral_19	DefiniteViral_19	False	DefiniteViral
raw	Definite Viral_19_Detection_Pval	DefiniteViral_19	True	DefiniteViral
raw	Definite Viral_20	DefiniteViral_20	False	DefiniteViral
raw	Definite Viral_20_Detection_Pval	DefiniteViral_20	True	DefiniteViral
raw	Definite Viral_21	DefiniteViral_21	False	DefiniteViral
raw	Definite Viral_21_Detection_Pval	DefiniteViral_21	True	DefiniteViral
raw	Definite Viral_22	DefiniteViral_22	False	DefiniteViral
raw	Definite Viral_22_Detection_Pval	DefiniteViral_22	True	DefiniteViral
raw	Definite Viral_23	DefiniteViral_23	False	DefiniteViral
raw	Definite Viral_23_Detection_Pval	DefiniteViral_23	True	DefiniteViral
raw	Definite Viral_24	DefiniteViral_24	False	DefiniteViral
raw	Definite Viral_24_Detection_Pval	DefiniteViral_24	True	DefiniteViral
raw	Definite Viral_25	DefiniteViral_25	False	DefiniteViral
raw	Definite Viral_25_Detection_Pval	DefiniteViral_25	True	DefiniteViral
raw	Definite Viral_26	DefiniteViral_26	False	DefiniteViral
raw	Definite Viral_26_Detection_Pval	DefiniteViral_26	True	DefiniteViral
raw	Definite Viral_27	DefiniteViral_27	False	DefiniteViral
raw	Definite Viral_27_Detection_Pval	DefiniteViral_27	True	DefiniteViral
raw	Definite Viral_28	DefiniteViral_28	False	DefiniteViral
raw	Definite Viral_28_Detection_Pval	DefiniteViral_28	True	DefiniteViral
raw	Definite Viral_29	DefiniteViral_29	False	DefiniteViral
raw	Definite Viral_29_Detection_Pval	DefiniteViral_29	True	DefiniteViral
raw	Definite Viral_30	DefiniteViral_30	False	DefiniteViral
raw	Definite Viral_30_Detection_Pval	DefiniteViral_30	True	DefiniteViral
raw	Definite Viral_31	DefiniteViral_31	False	DefiniteViral
raw	Definite Viral_31_Detection_Pval	DefiniteViral_31	True	DefiniteViral
raw	Definite Viral_32	DefiniteViral_32	False	DefiniteViral
raw	Definite Viral_32_Detection_Pval	DefiniteViral_32	True	DefiniteViral
raw	Definite Viral_33	DefiniteViral_33	False	DefiniteViral
raw	Definite Viral_33_Detection_Pval	DefiniteViral_33	True	DefiniteViral
raw	Definite Viral_34	DefiniteViral_34	False	DefiniteViral
raw	Definite Viral_34_Detection_Pval	DefiniteViral_34	True	DefiniteViral
raw	Definite Viral_35	DefiniteViral_35	False	DefiniteViral
raw	Definite Viral_35_Detection_Pval	DefiniteViral_35	True	DefiniteViral
raw	Definite Viral_36	DefiniteViral_36	False	DefiniteViral
raw	Definite Viral_36_Detection_Pval	DefiniteViral_36	True	DefiniteViral
raw	Definite Viral_37	DefiniteViral_37	False	DefiniteViral
raw	Definite Viral_37_Detection_Pval	DefiniteViral_37	True	DefiniteViral
raw	Definite Viral_38	DefiniteViral_38	False	DefiniteViral
raw	Definite Viral_38_Detection_Pval	DefiniteViral_38	True	DefiniteViral
raw	Definite Viral_39	DefiniteViral_39	False	DefiniteViral
raw	Definite Viral_39_Detection_Pval	DefiniteViral_39	True	DefiniteViral
raw	Definite Viral_40	DefiniteViral_40	False	DefiniteViral
raw	Definite Viral_40_Detection_Pval	DefiniteViral_40	True	DefiniteViral
raw	Definite Viral_41	DefiniteViral_41	False	DefiniteViral
raw	Definite Viral_41_Detection_Pval	DefiniteViral_41	True	DefiniteViral
raw	Definite Viral_42	DefiniteViral_42	False	DefiniteViral
raw	Definite Viral_42_Detection_Pval	DefiniteViral_42	True	DefiniteViral
raw	Definite Viral_43	DefiniteViral_43	False	DefiniteViral
raw	Definite Viral_43_Detection_Pval	DefiniteViral_43	True	DefiniteViral
raw	Definite Viral_44	DefiniteViral_44	False	DefiniteViral
raw	Definite Viral_44_Detection_Pval	DefiniteViral_44	True	DefiniteViral
raw	Definite Viral_45	DefiniteViral_45	False	DefiniteViral
raw	Definite Viral_45_Detection_Pval	DefiniteViral_45	True	DefiniteViral
raw	Definite Viral_46	DefiniteViral_46	False	DefiniteViral
raw	Definite Viral_46_Detection_Pval	DefiniteViral_46	True	DefiniteViral
raw	Definite Viral_47	DefiniteViral_47	False	DefiniteViral
raw	Definite Viral_47_Detection_Pval	DefiniteViral_47	True	DefiniteViral
raw	Definite Viral_48	DefiniteViral_48	False	DefiniteViral
raw	Definite Viral_48_Detection_Pval	DefiniteViral_48	True	DefiniteViral
raw	Definite Viral_49	DefiniteViral_49	False	DefiniteViral
raw	Definite Viral_49_Detection_Pval	DefiniteViral_49	True	DefiniteViral
raw	Definite Viral_50	DefiniteViral_50	False	DefiniteViral
raw	Definite Viral_50_Detection_Pval	DefiniteViral_50	True	DefiniteViral
raw	Definite Viral_51	DefiniteViral_51	False	DefiniteViral
raw	Definite Viral_51_Detection_Pval	DefiniteViral_51	True	DefiniteViral
raw	Definite Viral_52	DefiniteViral_52	False	DefiniteViral
raw	Definite Viral_52_Detection_Pval	DefiniteViral_52	True	DefiniteViral
raw	Definite Viral_53	DefiniteViral_53	False	DefiniteViral
raw	Definite Viral_53_Detection_Pval	DefiniteViral_53	True	DefiniteViral
raw	Definite Viral_54	DefiniteViral_54	False	DefiniteViral
raw	Definite Viral_54_Detection_Pval	DefiniteViral_54	True	DefiniteViral
raw	Definite Viral_55	DefiniteViral_55	False	DefiniteViral
raw	Definite Viral_55_Detection_Pval	DefiniteViral_55	True	DefiniteViral
raw	Definite Viral_56	DefiniteViral_56	False	DefiniteViral
raw	Definite Viral_56_Detection_Pval	DefiniteViral_56	True	DefiniteViral
raw	Definite Viral_57	DefiniteViral_57	False	DefiniteViral
raw	Definite Viral_57_Detection_Pval	DefiniteViral_57	True	DefiniteViral
raw	Definite Viral_58	DefiniteViral_58	False	DefiniteViral
raw	Definite Viral_58_Detection_Pval	DefiniteViral_58	True	DefiniteViral
raw	Definite Viral_59	DefiniteViral_59	False	DefiniteViral
raw	Definite Viral_59_Detection_Pval	DefiniteViral_59	True	DefiniteViral
raw	Definite Viral_60	DefiniteViral_60	False	DefiniteViral
raw	Definite Viral_60_Detection_Pval	DefiniteViral_60	True	DefiniteViral
raw	Definite Viral_61	DefiniteViral_61	False	DefiniteViral
raw	Definite Viral_61_Detection_Pval	DefiniteViral_61	True	DefiniteViral
raw	Definite Viral_62	DefiniteViral_62	False	DefiniteViral
raw	Definite Viral_62_Detection_Pval	DefiniteViral_62	True	DefiniteViral
raw	Definite Viral_63	DefiniteViral_63	False	DefiniteViral
raw	Definite Viral_63_Detection_Pval	DefiniteViral_63	True	DefiniteViral
raw	Definite Viral_64	DefiniteViral_64	False	DefiniteViral
raw	Definite Viral_64_Detection_Pval	DefiniteViral_64	True	DefiniteViral
raw	Definite Viral_65	DefiniteViral_65	False	DefiniteViral
raw	Definite Viral_65_Detection_Pval	DefiniteViral_65	True	DefiniteViral
raw	Definite Viral_66	DefiniteViral_66	False	DefiniteViral
raw	Definite Viral_66_Detection_Pval	DefiniteViral_66	True	DefiniteViral
raw	Definite Viral_67	DefiniteViral_67	False	DefiniteViral
raw	Definite Viral_67_Detection_Pval	DefiniteViral_67	True	DefiniteViral
raw	Definite Viral_68	DefiniteViral_68	False	DefiniteViral
raw	Definite Viral_68_Detection_Pval	DefiniteViral_68	True	DefiniteViral
raw	Definite Viral_69	DefiniteViral_69	False	DefiniteViral
raw	Definite Viral_69_Detection_Pval	DefiniteViral_69	True	DefiniteViral
raw	Definite Viral_70	DefiniteViral_70	False	DefiniteViral
raw	Definite Viral_70_Detection_Pval	DefiniteViral_70	True	DefiniteViral
raw	Definite Viral_71	DefiniteViral_71	False	DefiniteViral
raw	Definite Viral_71_Detection_Pval	DefiniteViral_71	True	DefiniteViral
raw	Definite Viral_72	DefiniteViral_72	False	DefiniteViral
raw	Definite Viral_72_Detection_Pval	DefiniteViral_72	True	DefiniteViral
raw	Definite Viral_73	DefiniteViral_73	False	DefiniteViral
raw	Definite Viral_73_Detection_Pval	DefiniteViral_73	True	DefiniteViral
raw	Definite Viral_74	DefiniteViral_74	False	DefiniteViral
raw	Definite Viral_74_Detection_Pval	DefiniteViral_74	True	DefiniteViral
raw	Definite Viral_75	DefiniteViral_75	False	DefiniteViral
raw	Definite Viral_75_Detection_Pval	DefiniteViral_75	True	DefiniteViral
raw	Definite Viral_76	DefiniteViral_76	False	DefiniteViral
raw	Definite Viral_76_Detection_Pval	DefiniteViral_76	True	DefiniteViral
raw	Definite Viral_77	DefiniteViral_77	False	DefiniteViral
raw	Definite Viral_77_Detection_Pval	DefiniteViral_77	True	DefiniteViral
raw	Definite Viral_78	DefiniteViral_78	False	DefiniteViral
raw	Definite Viral_78_Detection_Pval	DefiniteViral_78	True	DefiniteViral
raw	Definite Viral_79	DefiniteViral_79	False	DefiniteViral
raw	Definite Viral_79_Detection_Pval	DefiniteViral_79	True	DefiniteViral
raw	Definite Viral_80	DefiniteViral_80	False	DefiniteViral
raw	Definite Viral_80_Detection_Pval	DefiniteViral_80	True	DefiniteViral
raw	Definite Viral_81	DefiniteViral_81	False	DefiniteViral
raw	Definite Viral_81_Detection_Pval	DefiniteViral_81	True	DefiniteViral
raw	Definite Viral_82	DefiniteViral_82	False	DefiniteViral
raw	Definite Viral_82_Detection_Pval	DefiniteViral_82	True	DefiniteViral
raw	Definite Viral_83	DefiniteViral_83	False	DefiniteViral
raw	Definite Viral_83_Detection_Pval	DefiniteViral_83	True	DefiniteViral
raw	Definite Viral_84	DefiniteViral_84	False	DefiniteViral
raw	Definite Viral_84_Detection_Pval	DefiniteViral_84	True	DefiniteViral
raw	Definite Viral_85	DefiniteViral_85	False	DefiniteViral
raw	Definite Viral_85_Detection_Pval	DefiniteViral_85	True	DefiniteViral
raw	Definite Viral_86	DefiniteViral_86	False	DefiniteViral
raw	Definite Viral_86_Detection_Pval	DefiniteViral_86	True	DefiniteViral
raw	Definite Viral_87	DefiniteViral_87	False	DefiniteViral
raw	Definite Viral_87_Detection_Pval	DefiniteViral_87	True	DefiniteViral
raw	Definite Viral_88	DefiniteViral_88	False	DefiniteViral
raw	Definite Viral_88_Detection_Pval	DefiniteViral_88	True	DefiniteViral
raw	Definite Viral_89	DefiniteViral_89	False	DefiniteViral
raw	Definite Viral_89_Detection_Pval	DefiniteViral_89	True	DefiniteViral
raw	Definite Viral_90	DefiniteViral_90	False	DefiniteViral
raw	Definite Viral_90_Detection_Pval	DefiniteViral_90	True	DefiniteViral
raw	Definite Viral_91	DefiniteViral_91	False	DefiniteViral
raw	Definite Viral_91_Detection_Pval	DefiniteViral_91	True	DefiniteViral
raw	Definite Viral_92	DefiniteViral_92	False	DefiniteViral
raw	Definite Viral_92_Detection_Pval	DefiniteViral_92	True	DefiniteViral
raw	Definite Viral_93	DefiniteViral_93	False	DefiniteViral
raw	Definite Viral_93_Detection_Pval	DefiniteViral_93	True	DefiniteViral
raw	Definite Viral_94	DefiniteViral_94	False	DefiniteViral
raw	Definite Viral_94_Detection_Pval	DefiniteViral_94	True	DefiniteViral
raw	Inflammatory_01	Inflammatory_01	False	Inflammatory
raw	Inflammatory_01_Detection_Pval	Inflammatory_01	True	Inflammatory
raw	Inflammatory_02	Inflammatory_02	False	Inflammatory
raw	Inflammatory_02_Detection_Pval	Inflammatory_02	True	Inflammatory
raw	Inflammatory_03	Inflammatory_03	False	Inflammatory
raw	Inflammatory_03_Detection_Pval	Inflammatory_03	True	Inflammatory
raw	Inflammatory_04	Inflammatory_04	False	Inflammatory
raw	Inflammatory_04_Detection_Pval	Inflammatory_04	True	Inflammatory
raw	Inflammatory_05	Inflammatory_05	False	Inflammatory
raw	Inflammatory_05_Detection_Pval	Inflammatory_05	True	Inflammatory
raw	Inflammatory_06	Inflammatory_06	False	Inflammatory
raw	Inflammatory_06_Detection_Pval	Inflammatory_06	True	Inflammatory
raw	Inflammatory_07	Inflammatory_07	False	Inflammatory
raw	Inflammatory_07_Detection_Pval	Inflammatory_07	True	Inflammatory
raw	Inflammatory_08	Inflammatory_08	False	Inflammatory
raw	Inflammatory_08_Detection_Pval	Inflammatory_08	True	Inflammatory
raw	Inflammatory_09	Inflammatory_09	False	Inflammatory
raw	Inflammatory_09_Detection_Pval	Inflammatory_09	True	Inflammatory
raw	Inflammatory_10	Inflammatory_10	False	Inflammatory
raw	Inflammatory_10_Detection_Pval	Inflammatory_10	True	Inflammatory
raw	Inflammatory_11	Inflammatory_11	False	Inflammatory
raw	Inflammatory_11_Detection_Pval	Inflammatory_11	True	Inflammatory
raw	Inflammatory_12	Inflammatory_12	False	Inflammatory
raw	Inflammatory_12_Detection_Pval	Inflammatory_12	True	Inflammatory
raw	Inflammatory_13	Inflammatory_13	False	Inflammatory
raw	Inflammatory_13_Detection_Pval	Inflammatory_13	True	Inflammatory
raw	Inflammatory_14	Inflammatory_14	False	Inflammatory
raw	Inflammatory_14_Detection_Pval	Inflammatory_14	True	Inflammatory
raw	Inflammatory_15	Inflammatory_15	False	Inflammatory
raw	Inflammatory_15_Detection_Pval	Inflammatory_15	True	Inflammatory
raw	Inflammatory_16	Inflammatory_16	False	Inflammatory
raw	Inflammatory_16_Detection_Pval	Inflammatory_16	True	Inflammatory
raw	Inflammatory_17	Inflammatory_17	False	Inflammatory
raw	Inflammatory_17_Detection_Pval	Inflammatory_17	True	Inflammatory
raw	Inflammatory_18	Inflammatory_18	False	Inflammatory
raw	Inflammatory_18_Detection_Pval	Inflammatory_18	True	Inflammatory
raw	Inflammatory_19	Inflammatory_19	False	Inflammatory
raw	Inflammatory_19_Detection_Pval	Inflammatory_19	True	Inflammatory
raw	Inflammatory_20	Inflammatory_20	False	Inflammatory
raw	Inflammatory_20_Detection_Pval	Inflammatory_20	True	Inflammatory
raw	Inflammatory_21	Inflammatory_21	False	Inflammatory
raw	Inflammatory_21_Detection_Pval	Inflammatory_21	True	Inflammatory
raw	Inflammatory_22	Inflammatory_22	False	Inflammatory
raw	Inflammatory_22_Detection_Pval	Inflammatory_22	True	Inflammatory
raw	Inflammatory_23	Inflammatory_23	False	Inflammatory
raw	Inflammatory_23_Detection_Pval	Inflammatory_23	True	Inflammatory
raw	Inflammatory_24	Inflammatory_24	False	Inflammatory
raw	Inflammatory_24_Detection_Pval	Inflammatory_24	True	Inflammatory
raw	Inflammatory_25	Inflammatory_25	False	Inflammatory
raw	Inflammatory_25_Detection_Pval	Inflammatory_25	True	Inflammatory
raw	Inflammatory_26	Inflammatory_26	False	Inflammatory
raw	Inflammatory_26_Detection_Pval	Inflammatory_26	True	Inflammatory
raw	Inflammatory_27	Inflammatory_27	False	Inflammatory
raw	Inflammatory_27_Detection_Pval	Inflammatory_27	True	Inflammatory
raw	Inflammatory_28	Inflammatory_28	False	Inflammatory
raw	Inflammatory_28_Detection_Pval	Inflammatory_28	True	Inflammatory
raw	Inflammatory_29	Inflammatory_29	False	Inflammatory
raw	Inflammatory_29_Detection_Pval	Inflammatory_29	True	Inflammatory
raw	Inflammatory_30	Inflammatory_30	False	Inflammatory
raw	Inflammatory_30_Detection_Pval	Inflammatory_30	True	Inflammatory
raw	Inflammatory_31	Inflammatory_31	False	Inflammatory
raw	Inflammatory_31_Detection_Pval	Inflammatory_31	True	Inflammatory
raw	Inflammatory_32	Inflammatory_32	False	Inflammatory
raw	Inflammatory_32_Detection_Pval	Inflammatory_32	True	Inflammatory
raw	Inflammatory_33	Inflammatory_33	False	Inflammatory
raw	Inflammatory_33_Detection_Pval	Inflammatory_33	True	Inflammatory
raw	Inflammatory_34	Inflammatory_34	False	Inflammatory
raw	Inflammatory_34_Detection_Pval	Inflammatory_34	True	Inflammatory
raw	Inflammatory_35	Inflammatory_35	False	Inflammatory
raw	Inflammatory_35_Detection_Pval	Inflammatory_35	True	Inflammatory
raw	Inflammatory_36	Inflammatory_36	False	Inflammatory
raw	Inflammatory_36_Detection_Pval	Inflammatory_36	True	Inflammatory
raw	Inflammatory_37	Inflammatory_37	False	Inflammatory
raw	Inflammatory_37_Detection_Pval	Inflammatory_37	True	Inflammatory
raw	Inflammatory_38	Inflammatory_38	False	Inflammatory
raw	Inflammatory_38_Detection_Pval	Inflammatory_38	True	Inflammatory
raw	Inflammatory_39	Inflammatory_39	False	Inflammatory
raw	Inflammatory_39_Detection_Pval	Inflammatory_39	True	Inflammatory
raw	Inflammatory_40	Inflammatory_40	False	Inflammatory
raw	Inflammatory_40_Detection_Pval	Inflammatory_40	True	Inflammatory
raw	Inflammatory_41	Inflammatory_41	False	Inflammatory
raw	Inflammatory_41_Detection_Pval	Inflammatory_41	True	Inflammatory
raw	Inflammatory_42	Inflammatory_42	False	Inflammatory
raw	Inflammatory_42_Detection_Pval	Inflammatory_42	True	Inflammatory
raw	Inflammatory_43	Inflammatory_43	False	Inflammatory
raw	Inflammatory_43_Detection_Pval	Inflammatory_43	True	Inflammatory
raw	Inflammatory_44	Inflammatory_44	False	Inflammatory
raw	Inflammatory_44_Detection_Pval	Inflammatory_44	True	Inflammatory
raw	Inflammatory_45	Inflammatory_45	False	Inflammatory
raw	Inflammatory_45_Detection_Pval	Inflammatory_45	True	Inflammatory
raw	Inflammatory_46	Inflammatory_46	False	Inflammatory
raw	Inflammatory_46_Detection_Pval	Inflammatory_46	True	Inflammatory
raw	Inflammatory_47	Inflammatory_47	False	Inflammatory
raw	Inflammatory_47_Detection_Pval	Inflammatory_47	True	Inflammatory
raw	Inflammatory_48	Inflammatory_48	False	Inflammatory
raw	Inflammatory_48_Detection_Pval	Inflammatory_48	True	Inflammatory
raw	Inflammatory_49	Inflammatory_49	False	Inflammatory
raw	Inflammatory_49_Detection_Pval	Inflammatory_49	True	Inflammatory
raw	Inflammatory_50	Inflammatory_50	False	Inflammatory
raw	Inflammatory_50_Detection_Pval	Inflammatory_50	True	Inflammatory
raw	Inflammatory_51	Inflammatory_51	False	Inflammatory
raw	Inflammatory_51_Detection_Pval	Inflammatory_51	True	Inflammatory
raw	Inflammatory_52	Inflammatory_52	False	Inflammatory
raw	Inflammatory_52_Detection_Pval	Inflammatory_52	True	Inflammatory
raw	Inflammatory_53	Inflammatory_53	False	Inflammatory
raw	Inflammatory_53_Detection_Pval	Inflammatory_53	True	Inflammatory
raw	Inflammatory_54	Inflammatory_54	False	Inflammatory
raw	Inflammatory_54_Detection_Pval	Inflammatory_54	True	Inflammatory
raw	Inflammatory_55	Inflammatory_55	False	Inflammatory
raw	Inflammatory_55_Detection_Pval	Inflammatory_55	True	Inflammatory
raw	Inflammatory_56	Inflammatory_56	False	Inflammatory
raw	Inflammatory_56_Detection_Pval	Inflammatory_56	True	Inflammatory
raw	Inflammatory_57	Inflammatory_57	False	Inflammatory
raw	Inflammatory_57_Detection_Pval	Inflammatory_57	True	Inflammatory
raw	Inflammatory_58	Inflammatory_58	False	Inflammatory
raw	Inflammatory_58_Detection_Pval	Inflammatory_58	True	Inflammatory
raw	Inflammatory_59	Inflammatory_59	False	Inflammatory
raw	Inflammatory_59_Detection_Pval	Inflammatory_59	True	Inflammatory
raw	Inflammatory_60	Inflammatory_60	False	Inflammatory
raw	Inflammatory_60_Detection_Pval	Inflammatory_60	True	Inflammatory
raw	Inflammatory_61	Inflammatory_61	False	Inflammatory
raw	Inflammatory_61_Detection_Pval	Inflammatory_61	True	Inflammatory
raw	Inflammatory_62	Inflammatory_62	False	Inflammatory
raw	Inflammatory_62_Detection_Pval	Inflammatory_62	True	Inflammatory
raw	Inflammatory_63	Inflammatory_63	False	Inflammatory
raw	Inflammatory_63_Detection_Pval	Inflammatory_63	True	Inflammatory
raw	Inflammatory_64	Inflammatory_64	False	Inflammatory
raw	Inflammatory_64_Detection_Pval	Inflammatory_64	True	Inflammatory
raw	Inflammatory_65	Inflammatory_65	False	Inflammatory
raw	Inflammatory_65_Detection_Pval	Inflammatory_65	True	Inflammatory
raw	Inflammatory_66	Inflammatory_66	False	Inflammatory
raw	Inflammatory_66_Detection_Pval	Inflammatory_66	True	Inflammatory
raw	Inflammatory_67	Inflammatory_67	False	Inflammatory
raw	Inflammatory_67_Detection_Pval	Inflammatory_67	True	Inflammatory
raw	Inflammatory_68	Inflammatory_68	False	Inflammatory
raw	Inflammatory_68_Detection_Pval	Inflammatory_68	True	Inflammatory
raw	Inflammatory_69	Inflammatory_69	False	Inflammatory
raw	Inflammatory_69_Detection_Pval	Inflammatory_69	True	Inflammatory
raw	Inflammatory_70	Inflammatory_70	False	Inflammatory
raw	Inflammatory_70_Detection_Pval	Inflammatory_70	True	Inflammatory
raw	Inflammatory_71	Inflammatory_71	False	Inflammatory
raw	Inflammatory_71_Detection_Pval	Inflammatory_71	True	Inflammatory
raw	Inflammatory_72	Inflammatory_72	False	Inflammatory
raw	Inflammatory_72_Detection_Pval	Inflammatory_72	True	Inflammatory
raw	Inflammatory_73	Inflammatory_73	False	Inflammatory
raw	Inflammatory_73_Detection_Pval	Inflammatory_73	True	Inflammatory
raw	Inflammatory_74	Inflammatory_74	False	Inflammatory
raw	Inflammatory_74_Detection_Pval	Inflammatory_74	True	Inflammatory
raw	Inflammatory_75	Inflammatory_75	False	Inflammatory
raw	Inflammatory_75_Detection_Pval	Inflammatory_75	True	Inflammatory
raw	Inflammatory_76	Inflammatory_76	False	Inflammatory
raw	Inflammatory_76_Detection_Pval	Inflammatory_76	True	Inflammatory
raw	Inflammatory_77	Inflammatory_77	False	Inflammatory
raw	Inflammatory_77_Detection_Pval	Inflammatory_77	True	Inflammatory
raw	Inflammatory_78	Inflammatory_78	False	Inflammatory
raw	Inflammatory_78_Detection_Pval	Inflammatory_78	True	Inflammatory
raw	Inflammatory_79	Inflammatory_79	False	Inflammatory
raw	Inflammatory_79_Detection_Pval	Inflammatory_79	True	Inflammatory
raw	Inflammatory_80	Inflammatory_80	False	Inflammatory
raw	Inflammatory_80_Detection_Pval	Inflammatory_80	True	Inflammatory
raw	Inflammatory_81	Inflammatory_81	False	Inflammatory
raw	Inflammatory_81_Detection_Pval	Inflammatory_81	True	Inflammatory
raw	Inflammatory_82	Inflammatory_82	False	Inflammatory
raw	Inflammatory_82_Detection_Pval	Inflammatory_82	True	Inflammatory
raw	Inflammatory_83	Inflammatory_83	False	Inflammatory
raw	Inflammatory_83_Detection_Pval	Inflammatory_83	True	Inflammatory
raw	Inflammatory_84	Inflammatory_84	False	Inflammatory
raw	Inflammatory_84_Detection_Pval	Inflammatory_84	True	Inflammatory
raw	Kawasaki_01	Kawasaki_01	False	Kawasaki
raw	Kawasaki_01_Detection_Pval	Kawasaki_01	True	Kawasaki
raw	Kawasaki_02	Kawasaki_02	False	Kawasaki
raw	Kawasaki_02_Detection_Pval	Kawasaki_02	True	Kawasaki
raw	Kawasaki_03	Kawasaki_03	False	Kawasaki
raw	Kawasaki_03_Detection_Pval	Kawasaki_03	True	Kawasaki
raw	Kawasaki_04	Kawasaki_04	False	Kawasaki
raw	Kawasaki_04_Detection_Pval	Kawasaki_04	True	Kawasaki
raw	Kawasaki_05	Kawasaki_05	False	Kawasaki
raw	Kawasaki_05_Detection_Pval	Kawasaki_05	True	Kawasaki
raw	Kawasaki_06	Kawasaki_06	False	Kawasaki
raw	Kawasaki_06_Detection_Pval	Kawasaki_06	True	Kawasaki
raw	Kawasaki_07	Kawasaki_07	False	Kawasaki
raw	Kawasaki_07_Detection_Pval	Kawasaki_07	True	Kawasaki
raw	Kawasaki_08	Kawasaki_08	False	Kawasaki
raw	Kawasaki_08_Detection_Pval	Kawasaki_08	True	Kawasaki
raw	Kawasaki_09	Kawasaki_09	False	Kawasaki
raw	Kawasaki_09_Detection_Pval	Kawasaki_09	True	Kawasaki
raw	Kawasaki_10	Kawasaki_10	False	Kawasaki
raw	Kawasaki_10_Detection_Pval	Kawasaki_10	True	Kawasaki
raw	Kawasaki_11	Kawasaki_11	False	Kawasaki
raw	Kawasaki_11_Detection_Pval	Kawasaki_11	True	Kawasaki
raw	Kawasaki_12	Kawasaki_12	False	Kawasaki
raw	Kawasaki_12_Detection_Pval	Kawasaki_12	True	Kawasaki
raw	Kawasaki_13	Kawasaki_13	False	Kawasaki
raw	Kawasaki_13_Detection_Pval	Kawasaki_13	True	Kawasaki
raw	Kawasaki_14	Kawasaki_14	False	Kawasaki
raw	Kawasaki_14_Detection_Pval	Kawasaki_14	True	Kawasaki
raw	Kawasaki_15	Kawasaki_15	False	Kawasaki
raw	Kawasaki_15_Detection_Pval	Kawasaki_15	True	Kawasaki
raw	Kawasaki_16	Kawasaki_16	False	Kawasaki
raw	Kawasaki_16_Detection_Pval	Kawasaki_16	True	Kawasaki
raw	Kawasaki_17	Kawasaki_17	False	Kawasaki
raw	Kawasaki_17_Detection_Pval	Kawasaki_17	True	Kawasaki
raw	Kawasaki_18	Kawasaki_18	False	Kawasaki
raw	Kawasaki_18_Detection_Pval	Kawasaki_18	True	Kawasaki
raw	Kawasaki_19	Kawasaki_19	False	Kawasaki
raw	Kawasaki_19_Detection_Pval	Kawasaki_19	True	Kawasaki
raw	Kawasaki_20	Kawasaki_20	False	Kawasaki
raw	Kawasaki_20_Detection_Pval	Kawasaki_20	True	Kawasaki
raw	Kawasaki_21	Kawasaki_21	False	Kawasaki
raw	Kawasaki_21_Detection_Pval	Kawasaki_21	True	Kawasaki
raw	Kawasaki_22	Kawasaki_22	False	Kawasaki
raw	Kawasaki_22_Detection_Pval	Kawasaki_22	True	Kawasaki
raw	Kawasaki_23	Kawasaki_23	False	Kawasaki
raw	Kawasaki_23_Detection_Pval	Kawasaki_23	True	Kawasaki
raw	Kawasaki_24	Kawasaki_24	False	Kawasaki
raw	Kawasaki_24_Detection_Pval	Kawasaki_24	True	Kawasaki
raw	Kawasaki_25	Kawasaki_25	False	Kawasaki
raw	Kawasaki_25_Detection_Pval	Kawasaki_25	True	Kawasaki
raw	Kawasaki_26	Kawasaki_26	False	Kawasaki
raw	Kawasaki_26_Detection_Pval	Kawasaki_26	True	Kawasaki
raw	Kawasaki_27	Kawasaki_27	False	Kawasaki
raw	Kawasaki_27_Detection_Pval	Kawasaki_27	True	Kawasaki
raw	Kawasaki_28	Kawasaki_28	False	Kawasaki
raw	Kawasaki_28_Detection_Pval	Kawasaki_28	True	Kawasaki
raw	Kawasaki_29	Kawasaki_29	False	Kawasaki
raw	Kawasaki_29_Detection_Pval	Kawasaki_29	True	Kawasaki
raw	Kawasaki_30	Kawasaki_30	False	Kawasaki
raw	Kawasaki_30_Detection_Pval	Kawasaki_30	True	Kawasaki
raw	Kawasaki_31	Kawasaki_31	False	Kawasaki
raw	Kawasaki_31_Detection_Pval	Kawasaki_31	True	Kawasaki
raw	Kawasaki_32	Kawasaki_32	False	Kawasaki
raw	Kawasaki_32_Detection_Pval	Kawasaki_32	True	Kawasaki
raw	Kawasaki_33	Kawasaki_33	False	Kawasaki
raw	Kawasaki_33_Detection_Pval	Kawasaki_33	True	Kawasaki
raw	Kawasaki_34	Kawasaki_34	False	Kawasaki
raw	Kawasaki_34_Detection_Pval	Kawasaki_34	True	Kawasaki
raw	Kawasaki_35	Kawasaki_35	False	Kawasaki
raw	Kawasaki_35_Detection_Pval	Kawasaki_35	True	Kawasaki
raw	Kawasaki_36	Kawasaki_36	False	Kawasaki
raw	Kawasaki_36_Detection_Pval	Kawasaki_36	True	Kawasaki
raw	Kawasaki_37	Kawasaki_37	False	Kawasaki
raw	Kawasaki_37_Detection_Pval	Kawasaki_37	True	Kawasaki
raw	Kawasaki_38	Kawasaki_38	False	Kawasaki
raw	Kawasaki_38_Detection_Pval	Kawasaki_38	True	Kawasaki
raw	Kawasaki_39	Kawasaki_39	False	Kawasaki
raw	Kawasaki_39_Detection_Pval	Kawasaki_39	True	Kawasaki
raw	Kawasaki_40	Kawasaki_40	False	Kawasaki
raw	Kawasaki_40_Detection_Pval	Kawasaki_40	True	Kawasaki
raw	Kawasaki_41	Kawasaki_41	False	Kawasaki
raw	Kawasaki_41_Detection_Pval	Kawasaki_41	True	Kawasaki
raw	Kawasaki_42	Kawasaki_42	False	Kawasaki
raw	Kawasaki_42_Detection_Pval	Kawasaki_42	True	Kawasaki
raw	Kawasaki_43	Kawasaki_43	False	Kawasaki
raw	Kawasaki_43_Detection_Pval	Kawasaki_43	True	Kawasaki
raw	Kawasaki_44	Kawasaki_44	False	Kawasaki
raw	Kawasaki_44_Detection_Pval	Kawasaki_44	True	Kawasaki
raw	Kawasaki_45	Kawasaki_45	False	Kawasaki
raw	Kawasaki_45_Detection_Pval	Kawasaki_45	True	Kawasaki
raw	Kawasaki_46	Kawasaki_46	False	Kawasaki
raw	Kawasaki_46_Detection_Pval	Kawasaki_46	True	Kawasaki
raw	Kawasaki_47	Kawasaki_47	False	Kawasaki
raw	Kawasaki_47_Detection_Pval	Kawasaki_47	True	Kawasaki
raw	Kawasaki_48	Kawasaki_48	False	Kawasaki
raw	Kawasaki_48_Detection_Pval	Kawasaki_48	True	Kawasaki
raw	Kawasaki_49	Kawasaki_49	False	Kawasaki
raw	Kawasaki_49_Detection_Pval	Kawasaki_49	True	Kawasaki
raw	Kawasaki_50	Kawasaki_50	False	Kawasaki
raw	Kawasaki_50_Detection_Pval	Kawasaki_50	True	Kawasaki
raw	Kawasaki_51	Kawasaki_51	False	Kawasaki
raw	Kawasaki_51_Detection_Pval	Kawasaki_51	True	Kawasaki
raw	Kawasaki_52	Kawasaki_52	False	Kawasaki
raw	Kawasaki_52_Detection_Pval	Kawasaki_52	True	Kawasaki
raw	Kawasaki_53	Kawasaki_53	False	Kawasaki
raw	Kawasaki_53_Detection_Pval	Kawasaki_53	True	Kawasaki
raw	Kawasaki_54	Kawasaki_54	False	Kawasaki
raw	Kawasaki_54_Detection_Pval	Kawasaki_54	True	Kawasaki
raw	Kawasaki_55	Kawasaki_55	False	Kawasaki
raw	Kawasaki_55_Detection_Pval	Kawasaki_55	True	Kawasaki
raw	Kawasaki_56	Kawasaki_56	False	Kawasaki
raw	Kawasaki_56_Detection_Pval	Kawasaki_56	True	Kawasaki
raw	Kawasaki_57	Kawasaki_57	False	Kawasaki
raw	Kawasaki_57_Detection_Pval	Kawasaki_57	True	Kawasaki
raw	Kawasaki_58	Kawasaki_58	False	Kawasaki
raw	Kawasaki_58_Detection_Pval	Kawasaki_58	True	Kawasaki
raw	Kawasaki_59	Kawasaki_59	False	Kawasaki
raw	Kawasaki_59_Detection_Pval	Kawasaki_59	True	Kawasaki
raw	Kawasaki_60	Kawasaki_60	False	Kawasaki
raw	Kawasaki_60_Detection_Pval	Kawasaki_60	True	Kawasaki
raw	Kawasaki_61	Kawasaki_61	False	Kawasaki
raw	Kawasaki_61_Detection_Pval	Kawasaki_61	True	Kawasaki
raw	Kawasaki_62	Kawasaki_62	False	Kawasaki
raw	Kawasaki_62_Detection_Pval	Kawasaki_62	True	Kawasaki
raw	Kawasaki_63	Kawasaki_63	False	Kawasaki
raw	Kawasaki_63_Detection_Pval	Kawasaki_63	True	Kawasaki
raw	Kawasaki_64	Kawasaki_64	False	Kawasaki
raw	Kawasaki_64_Detection_Pval	Kawasaki_64	True	Kawasaki
raw	Kawasaki_65	Kawasaki_65	False	Kawasaki
raw	Kawasaki_65_Detection_Pval	Kawasaki_65	True	Kawasaki
raw	Kawasaki_66	Kawasaki_66	False	Kawasaki
raw	Kawasaki_66_Detection_Pval	Kawasaki_66	True	Kawasaki
raw	Kawasaki_67	Kawasaki_67	False	Kawasaki
raw	Kawasaki_67_Detection_Pval	Kawasaki_67	True	Kawasaki
raw	Kawasaki_68	Kawasaki_68	False	Kawasaki
raw	Kawasaki_68_Detection_Pval	Kawasaki_68	True	Kawasaki
raw	Kawasaki_69	Kawasaki_69	False	Kawasaki
raw	Kawasaki_69_Detection_Pval	Kawasaki_69	True	Kawasaki
raw	Kawasaki_70	Kawasaki_70	False	Kawasaki
raw	Kawasaki_70_Detection_Pval	Kawasaki_70	True	Kawasaki
raw	Kawasaki_71	Kawasaki_71	False	Kawasaki
raw	Kawasaki_71_Detection_Pval	Kawasaki_71	True	Kawasaki
raw	Kawasaki_72	Kawasaki_72	False	Kawasaki
raw	Kawasaki_72_Detection_Pval	Kawasaki_72	True	Kawasaki
raw	Kawasaki_73	Kawasaki_73	False	Kawasaki
raw	Kawasaki_73_Detection_Pval	Kawasaki_73	True	Kawasaki
raw	Kawasaki_74	Kawasaki_74	False	Kawasaki
raw	Kawasaki_74_Detection_Pval	Kawasaki_74	True	Kawasaki
raw	Kawasaki_75	Kawasaki_75	False	Kawasaki
raw	Kawasaki_75_Detection_Pval	Kawasaki_75	True	Kawasaki
raw	Kawasaki_76	Kawasaki_76	False	Kawasaki
raw	Kawasaki_76_Detection_Pval	Kawasaki_76	True	Kawasaki
raw	Kawasaki_77	Kawasaki_77	False	Kawasaki
raw	Kawasaki_77_Detection_Pval	Kawasaki_77	True	Kawasaki
raw	Kawasaki_78	Kawasaki_78	False	Kawasaki
raw	Kawasaki_78_Detection_Pval	Kawasaki_78	True	Kawasaki
raw	Unknown_01	Unknown_01	False	Unknown
raw	Unknown_01_Detection_Pval	Unknown_01	True	Unknown
raw	Unknown_02	Unknown_02	False	Unknown
raw	Unknown_02_Detection_Pval	Unknown_02	True	Unknown
raw	Unknown_03	Unknown_03	False	Unknown
raw	Unknown_03_Detection_Pval	Unknown_03	True	Unknown
raw	Unknown_04	Unknown_04	False	Unknown
raw	Unknown_04_Detection_Pval	Unknown_04	True	Unknown
raw	Unknown_05	Unknown_05	False	Unknown
raw	Unknown_05_Detection_Pval	Unknown_05	True	Unknown
raw	Unknown_06	Unknown_06	False	Unknown
raw	Unknown_06_Detection_Pval	Unknown_06	True	Unknown
raw	Unknown_07	Unknown_07	False	Unknown
raw	Unknown_07_Detection_Pval	Unknown_07	True	Unknown
raw	Unknown_08	Unknown_08	False	Unknown
raw	Unknown_08_Detection_Pval	Unknown_08	True	Unknown
raw	Unknown_09	Unknown_09	False	Unknown
raw	Unknown_09_Detection_Pval	Unknown_09	True	Unknown
raw	Unknown_10	Unknown_10	False	Unknown
raw	Unknown_10_Detection_Pval	Unknown_10	True	Unknown
raw	Unknown_11	Unknown_11	False	Unknown
raw	Unknown_11_Detection_Pval	Unknown_11	True	Unknown
raw	Unknown_12	Unknown_12	False	Unknown
raw	Unknown_12_Detection_Pval	Unknown_12	True	Unknown
raw	Unknown_13	Unknown_13	False	Unknown
raw	Unknown_13_Detection_Pval	Unknown_13	True	Unknown
raw	Unknown_14	Unknown_14	False	Unknown
raw	Unknown_14_Detection_Pval	Unknown_14	True	Unknown
raw	Unknown_15	Unknown_15	False	Unknown
raw	Unknown_15_Detection_Pval	Unknown_15	True	Unknown
raw	Unknown_16	Unknown_16	False	Unknown
raw	Unknown_16_Detection_Pval	Unknown_16	True	Unknown
raw	Unknown_17	Unknown_17	False	Unknown
raw	Unknown_17_Detection_Pval	Unknown_17	True	Unknown
raw	Unknown_18	Unknown_18	False	Unknown
raw	Unknown_18_Detection_Pval	Unknown_18	True	Unknown
raw	Unknown_19	Unknown_19	False	Unknown
raw	Unknown_19_Detection_Pval	Unknown_19	True	Unknown
raw	Unknown_20	Unknown_20	False	Unknown
raw	Unknown_20_Detection_Pval	Unknown_20	True	Unknown
raw	Unknown_21	Unknown_21	False	Unknown
raw	Unknown_21_Detection_Pval	Unknown_21	True	Unknown
raw	Unknown_22	Unknown_22	False	Unknown
raw	Unknown_22_Detection_Pval	Unknown_22	True	Unknown
raw	Unknown_23	Unknown_23	False	Unknown
raw	Unknown_23_Detection_Pval	Unknown_23	True	Unknown
raw	Unknown_24	Unknown_24	False	Unknown
raw	Unknown_24_Detection_Pval	Unknown_24	True	Unknown
raw	Unknown_25	Unknown_25	False	Unknown
raw	Unknown_25_Detection_Pval	Unknown_25	True	Unknown
raw	Unknown_26	Unknown_26	False	Unknown
raw	Unknown_26_Detection_Pval	Unknown_26	True	Unknown
raw	Unknown_27	Unknown_27	False	Unknown
raw	Unknown_27_Detection_Pval	Unknown_27	True	Unknown
raw	Unknown_28	Unknown_28	False	Unknown
raw	Unknown_28_Detection_Pval	Unknown_28	True	Unknown
raw	Unknown_29	Unknown_29	False	Unknown
raw	Unknown_29_Detection_Pval	Unknown_29	True	Unknown
raw	Unknown_30	Unknown_30	False	Unknown
raw	Unknown_30_Detection_Pval	Unknown_30	True	Unknown
raw	Unknown_31	Unknown_31	False	Unknown
raw	Unknown_31_Detection_Pval	Unknown_31	True	Unknown
raw	Unknown_32	Unknown_32	False	Unknown
raw	Unknown_32_Detection_Pval	Unknown_32	True	Unknown
raw	Unknown_33	Unknown_33	False	Unknown
raw	Unknown_33_Detection_Pval	Unknown_33	True	Unknown
raw	Unknown_34	Unknown_34	False	Unknown
raw	Unknown_34_Detection_Pval	Unknown_34	True	Unknown
raw	Unknown_35	Unknown_35	False	Unknown
raw	Unknown_35_Detection_Pval	Unknown_35	True	Unknown
raw	Unknown_36	Unknown_36	False	Unknown
raw	Unknown_36_Detection_Pval	Unknown_36	True	Unknown
raw	Unknown_37	Unknown_37	False	Unknown
raw	Unknown_37_Detection_Pval	Unknown_37	True	Unknown
raw	Unknown_38	Unknown_38	False	Unknown
raw	Unknown_38_Detection_Pval	Unknown_38	True	Unknown
raw	Unknown_39	Unknown_39	False	Unknown
raw	Unknown_39_Detection_Pval	Unknown_39	True	Unknown
raw	Unknown_40	Unknown_40	False	Unknown
raw	Unknown_40_Detection_Pval	Unknown_40	True	Unknown
raw	Unknown_41	Unknown_41	False	Unknown
raw	Unknown_41_Detection_Pval	Unknown_41	True	Unknown
raw	Unknown_42	Unknown_42	False	Unknown
raw	Unknown_42_Detection_Pval	Unknown_42	True	Unknown
raw	Unknown_43	Unknown_43	False	Unknown
raw	Unknown_43_Detection_Pval	Unknown_43	True	Unknown
raw	Unknown_44	Unknown_44	False	Unknown
raw	Unknown_44_Detection_Pval	Unknown_44	True	Unknown
raw	Unknown_45	Unknown_45	False	Unknown
raw	Unknown_45_Detection_Pval	Unknown_45	True	Unknown
raw	Unknown_46	Unknown_46	False	Unknown
raw	Unknown_46_Detection_Pval	Unknown_46	True	Unknown
raw	Unknown_47	Unknown_47	False	Unknown
raw	Unknown_47_Detection_Pval	Unknown_47	True	Unknown
raw	Unknown_48	Unknown_48	False	Unknown
raw	Unknown_48_Detection_Pval	Unknown_48	True	Unknown
raw	Unknown_49	Unknown_49	False	Unknown
raw	Unknown_49_Detection_Pval	Unknown_49	True	Unknown
raw	Unknown_50	Unknown_50	False	Unknown
raw	Unknown_50_Detection_Pval	Unknown_50	True	Unknown
raw	Unknown_51	Unknown_51	False	Unknown
raw	Unknown_51_Detection_Pval	Unknown_51	True	Unknown
raw	Unknown_52	Unknown_52	False	Unknown
raw	Unknown_52_Detection_Pval	Unknown_52	True	Unknown
raw	Unknown_53	Unknown_53	False	Unknown
raw	Unknown_53_Detection_Pval	Unknown_53	True	Unknown
raw	Unknown_54	Unknown_54	False	Unknown
raw	Unknown_54_Detection_Pval	Unknown_54	True	Unknown
raw	Unknown_55	Unknown_55	False	Unknown
raw	Unknown_55_Detection_Pval	Unknown_55	True	Unknown
raw	Unknown_56	Unknown_56	False	Unknown
raw	Unknown_56_Detection_Pval	Unknown_56	True	Unknown
raw	Unknown_57	Unknown_57	False	Unknown
raw	Unknown_57_Detection_Pval	Unknown_57	True	Unknown
raw	Unknown_58	Unknown_58	False	Unknown
raw	Unknown_58_Detection_Pval	Unknown_58	True	Unknown
raw	Unknown_59	Unknown_59	False	Unknown
raw	Unknown_59_Detection_Pval	Unknown_59	True	Unknown
raw	Unknown_60	Unknown_60	False	Unknown
raw	Unknown_60_Detection_Pval	Unknown_60	True	Unknown
raw	Unknown_61	Unknown_61	False	Unknown
raw	Unknown_61_Detection_Pval	Unknown_61	True	Unknown
raw	Unknown_62	Unknown_62	False	Unknown
raw	Unknown_62_Detection_Pval	Unknown_62	True	Unknown
raw	Unknown_63	Unknown_63	False	Unknown
raw	Unknown_63_Detection_Pval	Unknown_63	True	Unknown
raw	Unknown_64	Unknown_64	False	Unknown
raw	Unknown_64_Detection_Pval	Unknown_64	True	Unknown
raw	Unknown_65	Unknown_65	False	Unknown
raw	Unknown_65_Detection_Pval	Unknown_65	True	Unknown
raw	Unknown_66	Unknown_66	False	Unknown
raw	Unknown_66_Detection_Pval	Unknown_66	True	Unknown
raw	Unknown_67	Unknown_67	False	Unknown
raw	Unknown_67_Detection_Pval	Unknown_67	True	Unknown
raw	Unknown_68	Unknown_68	False	Unknown
raw	Unknown_68_Detection_Pval	Unknown_68	True	Unknown
raw	Unknown_69	Unknown_69	False	Unknown
raw	Unknown_69_Detection_Pval	Unknown_69	True	Unknown
raw	Unknown_70	Unknown_70	False	Unknown
raw	Unknown_70_Detection_Pval	Unknown_70	True	Unknown
raw	Unknown_71	Unknown_71	False	Unknown
raw	Unknown_71_Detection_Pval	Unknown_71	True	Unknown
raw	Unknown_72	Unknown_72	False	Unknown
raw	Unknown_72_Detection_Pval	Unknown_72	True	Unknown
raw	Unknown_73	Unknown_73	False	Unknown
raw	Unknown_73_Detection_Pval	Unknown_73	True	Unknown
raw	Unknown_74	Unknown_74	False	Unknown
raw	Unknown_74_Detection_Pval	Unknown_74	True	Unknown
raw	Unknown_75	Unknown_75	False	Unknown
raw	Unknown_75_Detection_Pval	Unknown_75	True	Unknown
raw	Unknown_76	Unknown_76	False	Unknown
raw	Unknown_76_Detection_Pval	Unknown_76	True	Unknown
raw	Unknown_77	Unknown_77	False	Unknown
raw	Unknown_77_Detection_Pval	Unknown_77	True	Unknown
raw	Unknown_78	Unknown_78	False	Unknown
raw	Unknown_78_Detection_Pval	Unknown_78	True	Unknown
raw	Unknown_79	Unknown_79	False	Unknown
raw	Unknown_79_Detection_Pval	Unknown_79	True	Unknown
raw	Unknown_80	Unknown_80	False	Unknown
raw	Unknown_80_Detection_Pval	Unknown_80	True	Unknown
raw	Unknown_81	Unknown_81	False	Unknown
raw	Unknown_81_Detection_Pval	Unknown_81	True	Unknown
raw	Unknown_82	Unknown_82	False	Unknown
raw	Unknown_82_Detection_Pval	Unknown_82	True	Unknown
raw	Unknown_83	Unknown_83	False	Unknown
raw	Unknown_83_Detection_Pval	Unknown_83	True	Unknown
raw	Unknown_84	Unknown_84	False	Unknown
raw	Unknown_84_Detection_Pval	Unknown_84	True	Unknown
raw	Unknown_85	Unknown_85	False	Unknown
raw	Unknown_85_Detection_Pval	Unknown_85	True	Unknown
raw	Unknown_86	Unknown_86	False	Unknown
raw	Unknown_86_Detection_Pval	Unknown_86	True	Unknown
raw	Unknown_87	Unknown_87	False	Unknown
raw	Unknown_87_Detection_Pval	Unknown_87	True	Unknown
raw	Unknown_88	Unknown_88	False	Unknown
raw	Unknown_88_Detection_Pval	Unknown_88	True	Unknown
raw	Unknown_89	Unknown_89	False	Unknown
raw	Unknown_89_Detection_Pval	Unknown_89	True	Unknown
raw	Unknown_90	Unknown_90	False	Unknown
raw	Unknown_90_Detection_Pval	Unknown_90	True	Unknown
raw	Unknown_91	Unknown_91	False	Unknown
raw	Unknown_91_Detection_Pval	Unknown_91	True	Unknown
raw	Unknown_92	Unknown_92	False	Unknown
raw	Unknown_92_Detection_Pval	Unknown_92	True	Unknown
raw	Unknown_93	Unknown_93	False	Unknown
raw	Unknown_93_Detection_Pval	Unknown_93	True	Unknown
raw	Unknown_94	Unknown_94	False	Unknown
raw	Unknown_94_Detection_Pval	Unknown_94	True	Unknown
raw	Unknown_95	Unknown_95	False	Unknown
raw	Unknown_95_Detection_Pval	Unknown_95	True	Unknown
raw	Unknown_96	Unknown_96	False	Unknown
raw	Unknown_96_Detection_Pval	Unknown_96	True	Unknown
