probe_id	requested_entrez	requested_symbol	module_memberships	mapping_rules	rescued_by_entrez	candidate_probe_count	platform_symbol	platform_entrez	platform_ilmn_gene	all_sample_mean_expression	all_sample_median_expression	all_sample_expression_variance	all_sample_expression_sd	all_sample_minimum_expression	all_sample_maximum_expression	primary_rule_top_median	primary_rule_median_tie	primary_rule_tie_count	variance_rule_top_variance	variance_rule_tie	variance_rule_tie_count
ILMN_1798360	57007	ACKR3	VIR_M2	EXACT_ENTREZ_HISTORICAL_OR_ALTERNATE_SYMBOL	TRUE	2	CXCR7	57007	CXCR7	6.43301516713014	6.3785237495	0.0774575808801816	0.278312020725267	5.80558358	7.300496112	6.3785237495	TRUE	1	0.0774575808801816	TRUE	1
ILMN_2371458	57007	ACKR3	VIR_M2	EXACT_ENTREZ_HISTORICAL_OR_ALTERNATE_SYMBOL	TRUE	2	CXCR7	57007	CXCR7	6.05122635532877	6.090900933	0.0236889798532406	0.153912247249011	5.557185464	6.428124443	6.3785237495	FALSE	1	0.0774575808801816	FALSE	1
ILMN_1671703	59	ACTA2	VIR_M1a	EXACT_ENTREZ_WITH_EXACT_SYMBOL_SUPPORT	FALSE	1	ACTA2	59	ACTA2	7.8376118709589	7.833043507	0.605151195866906	0.777914645617953	5.905875447	10.01615426	7.833043507	TRUE	1	0.605151195866906	TRUE	1
ILMN_1729529	575	ADGRB1	VIR_M1a	EXACT_ENTREZ_HISTORICAL_OR_ALTERNATE_SYMBOL	TRUE	4	BAI1	575	BAI1	5.97631615760274	5.995753761	0.0195509202876653	0.13982460544434	5.542579491	6.635404597	5.995753761	TRUE	1	0.0195509202876653	TRUE	1
ILMN_1779510	575	ADGRB1	VIR_M1a	EXACT_ENTREZ_HISTORICAL_OR_ALTERNATE_SYMBOL	TRUE	4	BAI1	575	BAI1	5.95989892253425	5.9720320095	0.0159056316048894	0.126117530918145	5.509818305	6.290803012	5.995753761	FALSE	1	0.0195509202876653	FALSE	1
ILMN_1797130	575	ADGRB1	VIR_M1a	EXACT_ENTREZ_HISTORICAL_OR_ALTERNATE_SYMBOL	TRUE	4	BAI1	575	BAI1	5.88987696618493	5.910873292	0.0188223144386944	0.137194440261602	5.427812803	6.149835227	5.995753761	FALSE	1	0.0195509202876653	FALSE	1
ILMN_1763869	575	ADGRB1	VIR_M1a	EXACT_ENTREZ_HISTORICAL_OR_ALTERNATE_SYMBOL	TRUE	4	BAI1	575	BAI1	5.72144607924658	5.7162770015	0.0150369768684159	0.122625351654606	5.455006952	6.022818434	5.995753761	FALSE	1	0.0195509202876653	FALSE	1
ILMN_2261519	326	AIRE	VIR_M2	EXACT_ENTREZ_WITH_EXACT_SYMBOL_SUPPORT	FALSE	3	AIRE	326	AIRE	11.9835745270548	11.991846635	0.148579323601384	0.385459885852451	10.95822964	13.01738108	11.991846635	TRUE	1	0.148579323601384	TRUE	1
ILMN_1670282	326	AIRE	VIR_M2	EXACT_ENTREZ_WITH_EXACT_SYMBOL_SUPPORT	FALSE	3	AIRE	326	AIRE	6.04876995865069	6.067009895	0.0184889167490562	0.135973956142551	5.54546607	6.478483488	11.991846635	FALSE	1	0.148579323601384	FALSE	1
ILMN_1791236	326	AIRE	VIR_M2	EXACT_ENTREZ_WITH_EXACT_SYMBOL_SUPPORT	FALSE	3	AIRE	326	AIRE	5.93914547358219	5.944815591	0.0121992007364494	0.11044999201652	5.716764108	6.3921448	11.991846635	FALSE	1	0.148579323601384	FALSE	1
ILMN_2219466	9582	APOBEC3B	VIR_M1a	EXACT_ENTREZ_WITH_EXACT_SYMBOL_SUPPORT	FALSE	1	APOBEC3B	9582	APOBEC3B	6.14649124817123	6.1318542415	0.0795069358436498	0.281969742780409	5.532796934	7.099127909	6.1318542415	TRUE	1	0.0795069358436498	TRUE	1
ILMN_2296950	200316	APOBEC3F	VIR_M1a;VIR_M1b	EXACT_ENTREZ_WITH_EXACT_SYMBOL_SUPPORT	FALSE	4	APOBEC3F	200316	APOBEC3F	7.30479982407534	7.2473279915	0.184768144506427	0.429846652315016	6.142499484	8.353697025	7.2473279915	TRUE	1	0.184768144506427	TRUE	1
ILMN_2412172	200316	APOBEC3F	VIR_M1a;VIR_M1b	EXACT_ENTREZ_WITH_EXACT_SYMBOL_SUPPORT	FALSE	4	APOBEC3F	200316	APOBEC3F	6.80109221974658	6.7462760405	0.136106026248811	0.368925502302038	6.120622438	8.374369992	7.2473279915	FALSE	1	0.184768144506427	FALSE	1
ILMN_1710726	200316	APOBEC3F	VIR_M1a;VIR_M1b	EXACT_ENTREZ_WITH_EXACT_SYMBOL_SUPPORT	FALSE	4	APOBEC3F	200316	APOBEC3F	6.69539958258904	6.6505722765	0.0919943438817543	0.303305693783935	6.202791841	8.318911131	7.2473279915	FALSE	1	0.184768144506427	FALSE	1
ILMN_1702706	200316	APOBEC3F	VIR_M1a;VIR_M1b	EXACT_ENTREZ_WITH_EXACT_SYMBOL_SUPPORT	FALSE	4	APOBEC3F	200316	APOBEC3F	6.20354832964384	6.204742042	0.0210074733552652	0.144939550693609	5.735096743	6.82150432	7.2473279915	FALSE	1	0.184768144506427	FALSE	1
ILMN_1664828	164668	APOBEC3H	VIR_M1a	EXACT_ENTREZ_WITH_EXACT_SYMBOL_SUPPORT	FALSE	1	APOBEC3H	164668	APOBEC3H	6.33830235956849	6.2526991435	0.0985723301067922	0.313962306824867	5.747018147	7.412811653	6.2526991435	TRUE	1	0.0985723301067922	TRUE	1
ILMN_2407824	481	ATP1B1	VIR_M1a	EXACT_ENTREZ_WITH_EXACT_SYMBOL_SUPPORT	FALSE	3	ATP1B1	481	ATP1B1	6.25465086671918	6.2306481195	0.0209006699653696	0.144570640053123	5.76764435	6.737730342	6.2306481195	TRUE	1	0.0243265422475014	FALSE	1
ILMN_1730291	481	ATP1B1	VIR_M1a	EXACT_ENTREZ_WITH_EXACT_SYMBOL_SUPPORT	FALSE	3	ATP1B1	481	ATP1B1	6.07626375739041	6.1146184085	0.0243265422475014	0.155969683744955	5.642698845	6.637640709	6.2306481195	FALSE	1	0.0243265422475014	TRUE	1
ILMN_1658071	481	ATP1B1	VIR_M1a	EXACT_ENTREZ_WITH_EXACT_SYMBOL_SUPPORT	FALSE	3	ATP1B1	481	ATP1B1	6.04047758819863	6.0585264985	0.0160746823123111	0.126785970486924	5.611415772	6.382260882	6.2306481195	FALSE	1	0.0243265422475014	FALSE	1
ILMN_1764494	498	ATP5F1A	BACT_M2	EXACT_ENTREZ_HISTORICAL_OR_ALTERNATE_SYMBOL	TRUE	2	ATP5A1	498	ATP5A1	11.2271065141096	11.244324385	0.14593952704552	0.382020322817413	10.14174295	12.12914978	11.244324385	TRUE	1	0.182580142204591	FALSE	1
ILMN_2341363	498	ATP5F1A	BACT_M2	EXACT_ENTREZ_HISTORICAL_OR_ALTERNATE_SYMBOL	TRUE	2	ATP5A1	498	ATP5A1	10.9895068593425	10.979470265	0.182580142204591	0.427293976326125	9.714996622	12.02910012	11.244324385	FALSE	1	0.182580142204591	TRUE	1
ILMN_1726603	521	ATP5ME	BACT_M2	EXACT_ENTREZ_HISTORICAL_OR_ALTERNATE_SYMBOL	TRUE	3	ATP5I	521	ATP5I	10.0271742969384	9.969166049	0.541313703785408	0.735740242059253	8.472712403	12.16441128	9.969166049	TRUE	1	0.541313703785408	TRUE	1
ILMN_1772506	521	ATP5ME	BACT_M2	EXACT_ENTREZ_HISTORICAL_OR_ALTERNATE_SYMBOL	TRUE	3	ATP5I	521	ATP5I	6.85814370469863	6.77018432	0.228140221204497	0.477640263382912	6.133027547	8.187113977	9.969166049	FALSE	1	0.541313703785408	FALSE	1
ILMN_1703415	521	ATP5ME	BACT_M2	EXACT_ENTREZ_HISTORICAL_OR_ALTERNATE_SYMBOL	TRUE	3	ATP5I	521	ATP5I	6.00591399956164	6.0130968705	0.0117494086221899	0.108394689086642	5.662895368	6.564435876	9.969166049	FALSE	1	0.541313703785408	FALSE	1
ILMN_2310621	9551	ATP5MF	BACT_M2	EXACT_ENTREZ_HISTORICAL_OR_ALTERNATE_SYMBOL	TRUE	2	ATP5J2	9551	ATP5J2	9.4770770764863	9.50998724	0.194166374308169	0.440643137139532	8.335752374	10.75970153	9.50998724	TRUE	1	0.194166374308169	TRUE	1
ILMN_2307883	9551	ATP5MF	BACT_M2	EXACT_ENTREZ_HISTORICAL_OR_ALTERNATE_SYMBOL	TRUE	2	ATP5J2	9551	ATP5J2	9.16516790054795	9.1405746915	0.182474417538099	0.427170244209611	8.112192803	10.37057215	9.50998724	FALSE	1	0.194166374308169	FALSE	1
ILMN_2364521	558	AXL	VIR_M1a	EXACT_ENTREZ_WITH_EXACT_SYMBOL_SUPPORT	FALSE	2	AXL	558	AXL	6.03663328828082	6.0000838655	0.0695869719897528	0.263793426737197	5.632613813	7.502980393	6.0000838655	TRUE	1	0.0695869719897528	TRUE	1
ILMN_1701877	558	AXL	VIR_M1a	EXACT_ENTREZ_WITH_EXACT_SYMBOL_SUPPORT	FALSE	2	AXL	558	AXL	6.009642946	5.9956733565	0.0666456765505391	0.258158239362099	5.556181935	7.495740976	6.0000838655	FALSE	1	0.0695869719897528	FALSE	1
ILMN_1733680	64343	AZI2	VIR_M1a;VIR_M1b	EXACT_ENTREZ_WITH_EXACT_SYMBOL_SUPPORT	FALSE	1	AZI2	64343	AZI2	6.75400669830822	6.7058752865	0.12806197289559	0.357857475673752	6.119889058	7.928741287	6.7058752865	TRUE	1	0.12806197289559	TRUE	1
ILMN_2246956	596	BCL2	VIR_M1a	EXACT_ENTREZ_WITH_EXACT_SYMBOL_SUPPORT	FALSE	4	BCL2	596	BCL2	7.76421646059589	7.784811615	0.382450510814014	0.6184258329129	6.46759496	9.475529166	7.784811615	TRUE	1	0.382450510814014	TRUE	1
ILMN_1801119	596	BCL2	VIR_M1a	EXACT_ENTREZ_WITH_EXACT_SYMBOL_SUPPORT	FALSE	4	BCL2	596	BCL2	6.9127634645274	6.831648451	0.177688925701715	0.42153164258655	5.885543134	8.153850859	7.784811615	FALSE	1	0.382450510814014	FALSE	1
ILMN_2363250	596	BCL2	VIR_M1a	EXACT_ENTREZ_WITH_EXACT_SYMBOL_SUPPORT	FALSE	4	BCL2	596	BCL2	5.933845381	5.9586958955	0.0265103155240946	0.162819886758635	5.333742667	6.496542067	7.784811615	FALSE	1	0.382450510814014	FALSE	1
ILMN_1701120	596	BCL2	VIR_M1a	EXACT_ENTREZ_WITH_EXACT_SYMBOL_SUPPORT	FALSE	4	BCL2	596	BCL2	5.87679343037671	5.8947123305	0.0268496546883732	0.163858642397565	5.376613631	6.243023123	7.784811615	FALSE	1	0.382450510814014	FALSE	1
ILMN_1668277	640	BLK	VIR_M1a	EXACT_ENTREZ_WITH_EXACT_SYMBOL_SUPPORT	FALSE	1	BLK	640	BLK	8.00989971618493	8.072631763	0.454333401427731	0.674042581316441	6.546885564	9.760855132	8.072631763	TRUE	1	0.454333401427731	TRUE	1
ILMN_1747650	654	BMP6	VIR_M2	EXACT_ENTREZ_WITH_EXACT_SYMBOL_SUPPORT	FALSE	1	BMP6	654	BMP6	6.38681309345206	6.3153029055	0.0905311178253947	0.300883894260552	5.802431238	7.491280905	6.3153029055	TRUE	1	0.0905311178253947	TRUE	1
ILMN_1706957	657	BMPR1A	VIR_M2	EXACT_ENTREZ_WITH_EXACT_SYMBOL_SUPPORT	FALSE	2	BMPR1A	657	BMPR1A	6.08121790633562	6.093692378	0.00576655550592943	0.0759378397502157	5.721328112	6.291983799	6.093692378	TRUE	1	0.0179117939404158	FALSE	1
ILMN_2095577	657	BMPR1A	VIR_M2	EXACT_ENTREZ_WITH_EXACT_SYMBOL_SUPPORT	FALSE	2	BMPR1A	657	BMPR1A	5.8902965890411	5.9054400555	0.0179117939404158	0.133834950369535	5.54862038	6.277336676	6.093692378	FALSE	1	0.0179117939404158	TRUE	1
ILMN_1718961	665	BNIP3L	VIR_M1a	EXACT_ENTREZ_WITH_EXACT_SYMBOL_SUPPORT	FALSE	2	BNIP3L	665	BNIP3L	8.94721962695891	8.5249448305	1.6955601540651	1.30213676473138	6.795995336	12.80275918	8.5249448305	TRUE	1	1.6955601540651	TRUE	1
ILMN_2045419	665	BNIP3L	VIR_M1a	EXACT_ENTREZ_WITH_EXACT_SYMBOL_SUPPORT	FALSE	2	BNIP3L	665	BNIP3L	6.66170785338356	6.3506462135	0.538338330415509	0.733715428770248	5.645514615	9.502585104	8.5249448305	FALSE	1	1.6955601540651	FALSE	1
ILMN_2364852	11120	BTN2A1	VIR_M2	EXACT_ENTREZ_WITH_EXACT_SYMBOL_SUPPORT	FALSE	2	BTN2A1	11120	BTN2A1	8.41307286623288	8.4438183595	0.314638455800429	0.560926426370188	6.677564609	9.710200572	8.4438183595	TRUE	1	0.314638455800429	TRUE	1
ILMN_1783392	11120	BTN2A1	VIR_M2	EXACT_ENTREZ_WITH_EXACT_SYMBOL_SUPPORT	FALSE	2	BTN2A1	11120	BTN2A1	5.92187245500685	5.927812251	0.0212575892385198	0.145799825920746	5.488685801	6.183257018	8.4438183595	FALSE	1	0.314638455800429	FALSE	1
ILMN_1752758	10385	BTN2A2	VIR_M2	EXACT_ENTREZ_WITH_EXACT_SYMBOL_SUPPORT	FALSE	2	BTN2A2	10385	BTN2A2	6.25813356492466	6.2512318605	0.0124405754003831	0.111537327385871	5.964689798	6.68476821	6.2512318605	TRUE	1	0.0187712584233982	FALSE	1
ILMN_2256894	10385	BTN2A2	VIR_M2	EXACT_ENTREZ_WITH_EXACT_SYMBOL_SUPPORT	FALSE	2	BTN2A2	10385	BTN2A2	6.00500369571233	6.0367452215	0.0187712584233982	0.137008242173229	5.604235234	6.247684531	6.2512318605	FALSE	1	0.0187712584233982	TRUE	1
ILMN_1721813	54718	BTN2A3P	VIR_M2	EXACT_ENTREZ_HISTORICAL_OR_ALTERNATE_SYMBOL	TRUE	1	BTN2A3	54718	BTN2A3	5.80923574770548	5.7909341495	0.0134018492624584	0.115766356349582	5.434689303	6.140998771	5.7909341495	TRUE	1	0.0134018492624584	TRUE	1
ILMN_1802708	11119	BTN3A1	VIR_M2	EXACT_ENTREZ_WITH_EXACT_SYMBOL_SUPPORT	FALSE	2	BTN3A1	11119	BTN3A1	8.14189685015069	8.1913783965	0.391862771596207	0.625989434093106	6.675043072	9.583625575	8.1913783965	TRUE	1	0.391862771596207	TRUE	1
ILMN_1687888	11119	BTN3A1	VIR_M2	EXACT_ENTREZ_WITH_EXACT_SYMBOL_SUPPORT	FALSE	2	BTN3A1	11119	BTN3A1	5.96756539011644	5.976728532	0.0155617048174013	0.124746562347029	5.624952049	6.22553232	8.1913783965	FALSE	1	0.391862771596207	FALSE	1
ILMN_1710740	717	C2	VIR_M1a	EXACT_ENTREZ_WITH_EXACT_SYMBOL_SUPPORT	FALSE	1	C2	717	C2	6.28631382688356	6.1950881985	0.0718457280563097	0.268040534353127	5.75260705	7.589300277	6.1950881985	TRUE	1	0.0718457280563097	TRUE	1
ILMN_1712532	64170	CARD9	VIR_M1a;VIR_M2	EXACT_ENTREZ_WITH_EXACT_SYMBOL_SUPPORT	FALSE	1	CARD9	64170	CARD9	7.50884254116438	7.5047268655	0.193423254803039	0.439799107324059	6.431978433	8.946672874	7.5047268655	TRUE	1	0.193423254803039	TRUE	1
ILMN_1673757	841	CASP8	VIR_M2	EXACT_ENTREZ_WITH_EXACT_SYMBOL_SUPPORT	FALSE	5	CASP8	841	CASP8	6.50233340943151	6.435945578	0.0817564308746507	0.285930814839273	5.875119626	7.480009915	6.435945578	TRUE	1	0.0817564308746507	TRUE	1
ILMN_2377733	841	CASP8	VIR_M2	EXACT_ENTREZ_WITH_EXACT_SYMBOL_SUPPORT	FALSE	5	CASP8	841	CASP8	6.4268620754589	6.3956694935	0.0649985296653632	0.254948092099869	5.854521717	7.608523423	6.435945578	FALSE	1	0.0817564308746507	FALSE	1
ILMN_1787749	841	CASP8	VIR_M2	EXACT_ENTREZ_WITH_EXACT_SYMBOL_SUPPORT	FALSE	5	CASP8	841	CASP8	6.21151795621233	6.1945987915	0.0532277947534492	0.23071149679513	5.378959492	6.955260317	6.435945578	FALSE	1	0.0817564308746507	FALSE	1
ILMN_1809313	841	CASP8	VIR_M2	EXACT_ENTREZ_WITH_EXACT_SYMBOL_SUPPORT	FALSE	5	CASP8	841	CASP8	6.1105650680137	6.1229035395	0.0417515465715814	0.204331951910565	5.537252838	6.838581891	6.435945578	FALSE	1	0.0817564308746507	FALSE	1
ILMN_1669565	841	CASP8	VIR_M2	EXACT_ENTREZ_WITH_EXACT_SYMBOL_SUPPORT	FALSE	5	CASP8	841	CASP8	6.04612040263699	6.047625246	0.028495080133485	0.168804858145389	5.5217383	6.86113384	6.435945578	FALSE	1	0.0817564308746507	FALSE	1
ILMN_1651705	847	CAT	BACT_M2	EXACT_ENTREZ_WITH_EXACT_SYMBOL_SUPPORT	FALSE	2	CAT	847	CAT	9.20831012007534	9.1563273015	0.468467845523244	0.684447109368754	7.643078904	11.147007	9.1563273015	TRUE	1	0.468467845523244	TRUE	1
ILMN_2151739	847	CAT	BACT_M2	EXACT_ENTREZ_WITH_EXACT_SYMBOL_SUPPORT	FALSE	2	CAT	847	CAT	7.79636938406164	7.798264624	0.360348507311895	0.600290352506097	6.149835227	9.777273043	9.1563273015	FALSE	1	0.468467845523244	FALSE	1
ILMN_1685580	868	CBLB	VIR_M2	EXACT_ENTREZ_WITH_EXACT_SYMBOL_SUPPORT	FALSE	1	CBLB	868	CBLB	8.20326484628082	8.211643281	0.411214670935026	0.641260220920514	6.77177336	10.71394352	8.211643281	TRUE	1	0.411214670935026	TRUE	1
ILMN_1774087	56477	CCL28	VIR_M2	EXACT_ENTREZ_WITH_EXACT_SYMBOL_SUPPORT	FALSE	3	CCL28	56477	CCL28	6.20208450665753	6.1905413785	0.0138409680887194	0.117647643787368	5.857353666	6.544809631	6.1905413785	TRUE	1	0.0151816665324907	FALSE	1
ILMN_1701347	56477	CCL28	VIR_M2	EXACT_ENTREZ_WITH_EXACT_SYMBOL_SUPPORT	FALSE	3	CCL28	56477	CCL28	6.11105901384247	6.124361574	0.00865516557934625	0.0930331423705888	5.661917867	6.362997835	6.1905413785	FALSE	1	0.0151816665324907	FALSE	1
ILMN_2228845	56477	CCL28	VIR_M2	EXACT_ENTREZ_WITH_EXACT_SYMBOL_SUPPORT	FALSE	3	CCL28	56477	CCL28	6.02027026992466	6.0609393195	0.0151816665324907	0.123213905597099	5.571171126	6.260587607	6.1905413785	FALSE	1	0.0151816665324907	TRUE	1
ILMN_1772964	6355	CCL8	VIR_M1a	EXACT_ENTREZ_WITH_EXACT_SYMBOL_SUPPORT	FALSE	1	CCL8	6355	CCL8	6.49136821865069	6.105062017	1.25623603789467	1.12081936006417	5.649009673	11.8908806	6.105062017	TRUE	1	1.25623603789467	TRUE	1
ILMN_1678833	1230	CCR1	VIR_M2	EXACT_ENTREZ_WITH_EXACT_SYMBOL_SUPPORT	FALSE	1	CCR1	1230	CCR1	8.51279156520548	8.504277685	0.689474464086939	0.830345990588826	6.649958577	10.35561846	8.504277685	TRUE	1	0.689474464086939	TRUE	1
ILMN_1763322	1232	CCR3	VIR_M2	EXACT_ENTREZ_WITH_EXACT_SYMBOL_SUPPORT	FALSE	2	CCR3	1232	CCR3	7.02284654985617	6.9431633855	0.627024079522719	0.791848520566098	5.873733778	9.474886952	6.9431633855	TRUE	1	0.627024079522719	TRUE	1
ILMN_1656684	1232	CCR3	VIR_M2	EXACT_ENTREZ_WITH_EXACT_SYMBOL_SUPPORT	FALSE	2	CCR3	1232	CCR3	5.8241203479589	5.823319983	0.0186382592839734	0.13652201025466	5.454618246	6.23798358	6.9431633855	FALSE	1	0.627024079522719	FALSE	1
ILMN_2086143	1233	CCR4	VIR_M2	EXACT_ENTREZ_WITH_EXACT_SYMBOL_SUPPORT	FALSE	1	CCR4	1233	CCR4	5.93611188350685	5.9583057685	0.0267439525914152	0.163535783825483	5.462524175	6.184940627	5.9583057685	TRUE	1	0.0267439525914152	TRUE	1
ILMN_2145033	1234	CCR5	VIR_M2	EXACT_ENTREZ_WITH_EXACT_SYMBOL_SUPPORT	FALSE	2	CCR5	1234	CCR5	5.99365195691781	6.0148344385	0.0183150275371369	0.135333024562141	5.505951766	6.326037745	6.0148344385	TRUE	1	0.0183150275371369	TRUE	1
ILMN_1653395	1234	CCR5	VIR_M2	EXACT_ENTREZ_WITH_EXACT_SYMBOL_SUPPORT	FALSE	2	CCR5	1234	CCR5	5.83748328624658	5.839076535	0.0135694535869934	0.116487997609167	5.485886772	6.166153933	6.0148344385	FALSE	1	0.0183150275371369	FALSE	1
ILMN_2387696	1235	CCR6	VIR_M2	EXACT_ENTREZ_WITH_EXACT_SYMBOL_SUPPORT	FALSE	3	CCR6	1235	CCR6	13.1129131602055	13.13694687	0.0756476056065983	0.275041098031909	12.13336883	13.63692853	13.13694687	TRUE	1	0.465397433344958	FALSE	1
ILMN_1690907	1235	CCR6	VIR_M2	EXACT_ENTREZ_WITH_EXACT_SYMBOL_SUPPORT	FALSE	3	CCR6	1235	CCR6	7.84860570222603	7.798099416	0.465397433344958	0.682200434875966	6.456285509	9.403662517	13.13694687	FALSE	1	0.465397433344958	TRUE	1
ILMN_1759635	1235	CCR6	VIR_M2	EXACT_ENTREZ_WITH_EXACT_SYMBOL_SUPPORT	FALSE	3	CCR6	1235	CCR6	5.88339831259589	5.8749275275	0.0157018097387509	0.125306862297126	5.56479198	6.136361279	13.13694687	FALSE	1	0.465397433344958	FALSE	1
ILMN_1715131	1236	CCR7	VIR_M2	EXACT_ENTREZ_WITH_EXACT_SYMBOL_SUPPORT	FALSE	1	CCR7	1236	CCR7	10.1619044489178	10.18743138	0.832194396426812	0.912246894446242	7.524138081	12.06030832	10.18743138	TRUE	1	0.832194396426812	TRUE	1
ILMN_2337386	10803	CCR9	VIR_M2	EXACT_ENTREZ_WITH_EXACT_SYMBOL_SUPPORT	FALSE	2	CCR9	10803	CCR9	6.12146288900685	6.1331452905	0.0456563383964988	0.213673438678042	5.567536176	6.823888609	6.1331452905	TRUE	1	0.0456563383964988	TRUE	1
ILMN_1664316	10803	CCR9	VIR_M2	EXACT_ENTREZ_WITH_EXACT_SYMBOL_SUPPORT	FALSE	2	CCR9	10803	CCR9	6.06111123617123	6.098004019	0.0206983136254885	0.143869085023463	5.642946123	6.394793875	6.1331452905	FALSE	1	0.0456563383964988	FALSE	1
ILMN_1742001	11126	CD160	VIR_M1a	EXACT_ENTREZ_WITH_EXACT_SYMBOL_SUPPORT	FALSE	1	CD160	11126	CD160	6.32724193939726	6.2096576925	0.147010855841454	0.383419947109503	5.77394026	7.929412405	6.2096576925	TRUE	1	0.147010855841454	TRUE	1
ILMN_1783852	8763	CD164	VIR_M2	EXACT_ENTREZ_WITH_EXACT_SYMBOL_SUPPORT	FALSE	1	CD164	8763	CD164	6.49293741810274	6.46360656	0.0668792218072775	0.258610173441181	5.787863085	7.317402019	6.46360656	TRUE	1	0.0668792218072775	TRUE	1
ILMN_1719433	912	CD1D	VIR_M1a;VIR_M2	EXACT_ENTREZ_WITH_EXACT_SYMBOL_SUPPORT	FALSE	2	CD1D	912	CD1D	7.85834808134247	7.9028132765	0.364997871298303	0.604150536951101	5.897597982	9.546068379	7.9028132765	TRUE	1	0.364997871298303	TRUE	1
ILMN_1892782	912	CD1D	VIR_M1a;VIR_M2	EXACT_ENTREZ_WITH_EXACT_SYMBOL_SUPPORT	FALSE	2	CD1D	912	CD1D	5.91586866007534	5.9271446205	0.0124015873732666	0.111362414544884	5.562170021	6.133182793	7.9028132765	FALSE	1	0.364997871298303	FALSE	1
ILMN_1779257	958	CD40	VIR_M1a	EXACT_ENTREZ_WITH_EXACT_SYMBOL_SUPPORT	FALSE	2	CD40	958	CD40	6.50874886376712	6.4802504895	0.103305504201061	0.321411736252833	5.550539125	7.670647062	6.4802504895	TRUE	1	0.103305504201061	TRUE	1
ILMN_2367818	958	CD40	VIR_M1a	EXACT_ENTREZ_WITH_EXACT_SYMBOL_SUPPORT	FALSE	2	CD40	958	CD40	6.1481536225	6.1528949745	0.0127471021840021	0.112903065432264	5.772146668	6.584165429	6.4802504895	FALSE	1	0.103305504201061	FALSE	1
ILMN_1716736	941	CD80	VIR_M2	EXACT_ENTREZ_WITH_EXACT_SYMBOL_SUPPORT	FALSE	1	CD80	941	CD80	5.94391638138356	5.97178377	0.0198996938581603	0.141066274701504	5.548189851	6.199660226	5.97178377	TRUE	1	0.0198996938581603	TRUE	1
ILMN_2415786	10225	CD96	VIR_M2	EXACT_ENTREZ_WITH_EXACT_SYMBOL_SUPPORT	FALSE	2	CD96	10225	CD96	8.21057127519178	8.2222081285	0.553956188200721	0.744282330974423	6.428217959	9.748980323	8.2222081285	TRUE	1	0.553956188200721	TRUE	1
ILMN_1711573	10225	CD96	VIR_M2	EXACT_ENTREZ_WITH_EXACT_SYMBOL_SUPPORT	FALSE	2	CD96	10225	CD96	7.52936347000685	7.5632544795	0.388828528197316	0.623561166364068	6.221019532	8.755891642	8.2222081285	FALSE	1	0.553956188200721	FALSE	1
ILMN_1802615	1021	CDK6	VIR_M1a	EXACT_ENTREZ_WITH_EXACT_SYMBOL_SUPPORT	FALSE	1	CDK6	1021	CDK6	7.21603165808904	7.267569543	0.204295652321077	0.451990765747573	6.368812701	8.57540395	7.267569543	TRUE	1	0.204295652321077	TRUE	1
ILMN_2415303	10462	CLEC10A	VIR_M1a	EXACT_ENTREZ_WITH_EXACT_SYMBOL_SUPPORT	FALSE	3	CLEC10A	10462	CLEC10A	6.2011807759726	6.1578535405	0.0497739869322472	0.223100844759152	5.659429828	7.286841402	6.1578535405	TRUE	1	0.0497739869322472	TRUE	1
ILMN_1653166	10462	CLEC10A	VIR_M1a	EXACT_ENTREZ_WITH_EXACT_SYMBOL_SUPPORT	FALSE	3	CLEC10A	10462	CLEC10A	6.0676350005	6.0864889615	0.0320017871936074	0.178890433488232	5.64094599	6.977275939	6.1578535405	FALSE	1	0.0497739869322472	FALSE	1
ILMN_1704797	10462	CLEC10A	VIR_M1a	EXACT_ENTREZ_WITH_EXACT_SYMBOL_SUPPORT	FALSE	3	CLEC10A	10462	CLEC10A	5.99329023065069	6.0056571535	0.0168940596491021	0.129977150488469	5.573685007	6.430928649	6.1578535405	FALSE	1	0.0497739869322472	FALSE	1
ILMN_1673030	1240	CMKLR1	VIR_M2	EXACT_ENTREZ_WITH_EXACT_SYMBOL_SUPPORT	FALSE	1	CMKLR1	1240	CMKLR1	6.2103209994589	6.1435028455	0.0744762824933935	0.272903430710194	5.804349737	7.353889096	6.1435028455	TRUE	1	0.0744762824933935	TRUE	1
ILMN_2369666	1380	CR2	VIR_M2	EXACT_ENTREZ_WITH_EXACT_SYMBOL_SUPPORT	FALSE	3	CR2	1380	CR2	6.36182000204795	6.3610282685	0.05848251176341	0.241831577266928	5.747074228	7.117410591	6.3610282685	TRUE	1	0.05848251176341	TRUE	1
ILMN_1684724	1380	CR2	VIR_M2	EXACT_ENTREZ_WITH_EXACT_SYMBOL_SUPPORT	FALSE	3	CR2	1380	CR2	6.33508185080822	6.314075397	0.0394244220015539	0.198555841015957	5.804387658	6.955694303	6.3610282685	FALSE	1	0.05848251176341	FALSE	1
ILMN_1727753	1380	CR2	VIR_M2	EXACT_ENTREZ_WITH_EXACT_SYMBOL_SUPPORT	FALSE	3	CR2	1380	CR2	5.75436219602055	5.7667158665	0.0174093100391433	0.13194434447578	5.36025826	6.052584689	6.3610282685	FALSE	1	0.05848251176341	FALSE	1
ILMN_1784847	58487	CREBZF	VIR_M1a	EXACT_ENTREZ_WITH_EXACT_SYMBOL_SUPPORT	FALSE	1	CREBZF	58487	CREBZF	6.22534161500685	6.220460872	0.0222501391565595	0.149164805354881	5.726320043	6.645472476	6.220460872	TRUE	1	0.0222501391565595	TRUE	1
ILMN_1733402	1435	CSF1	VIR_M1a	EXACT_ENTREZ_WITH_EXACT_SYMBOL_SUPPORT	FALSE	3	CSF1	1435	CSF1	5.91443921265753	5.922732855	0.0168231907343316	0.129704243316599	5.596096048	6.303091041	5.922732855	TRUE	1	0.0196732996906212	FALSE	1
ILMN_1805930	1435	CSF1	VIR_M1a	EXACT_ENTREZ_WITH_EXACT_SYMBOL_SUPPORT	FALSE	3	CSF1	1435	CSF1	5.88472874606164	5.8959462135	0.0120731404211553	0.109877843176663	5.473912998	6.117620827	5.922732855	FALSE	1	0.0196732996906212	FALSE	1
ILMN_2302947	1435	CSF1	VIR_M1a	EXACT_ENTREZ_WITH_EXACT_SYMBOL_SUPPORT	FALSE	3	CSF1	1435	CSF1	5.71064400413699	5.7176756615	0.0196732996906212	0.140261540311738	5.239725869	6.035792389	5.922732855	FALSE	1	0.0196732996906212	TRUE	1
ILMN_1812995	1514	CTSL	VIR_M2	EXACT_ENTREZ_HISTORICAL_OR_ALTERNATE_SYMBOL	TRUE	3	CTSL1	1514	CTSL1	7.49180048452055	7.433952966	0.651018931928879	0.806857442135152	6.149242481	9.63527033	7.433952966	TRUE	1	0.668972469693792	FALSE	1
ILMN_2374036	1514	CTSL	VIR_M2	EXACT_ENTREZ_HISTORICAL_OR_ALTERNATE_SYMBOL	TRUE	3	CTSL1	1514	CTSL1	7.47993957968493	7.416407898	0.668972469693792	0.817907372319013	6.117130805	9.616309302	7.433952966	FALSE	1	0.668972469693792	TRUE	1
ILMN_1694757	1514	CTSL	VIR_M2	EXACT_ENTREZ_HISTORICAL_OR_ALTERNATE_SYMBOL	TRUE	3	CTSL1	1514	CTSL1	6.1273340535137	6.1280075355	0.0230110518771016	0.151693941464719	5.536653564	6.847820968	7.433952966	FALSE	1	0.668972469693792	FALSE	1
ILMN_2337928	643	CXCR5	VIR_M2	EXACT_ENTREZ_WITH_EXACT_SYMBOL_SUPPORT	FALSE	3	CXCR5	643	CXCR5	8.07759876315068	8.1087731785	0.568672854059551	0.754104007454907	6.469265459	9.687563751	8.1087731785	TRUE	1	0.568672854059551	TRUE	1
ILMN_2337931	643	CXCR5	VIR_M2	EXACT_ENTREZ_WITH_EXACT_SYMBOL_SUPPORT	FALSE	3	CXCR5	643	CXCR5	6.68618594002055	6.62048369	0.0906146388435481	0.301022655033717	6.194665771	7.924975481	8.1087731785	FALSE	1	0.568672854059551	FALSE	1
ILMN_1699669	643	CXCR5	VIR_M2	EXACT_ENTREZ_WITH_EXACT_SYMBOL_SUPPORT	FALSE	3	BLR1	643	BLR1	6.01980834889041	6.044154708	0.0254336078594389	0.159479176883501	5.493311083	6.496542067	8.1087731785	FALSE	1	0.568672854059551	FALSE	1
ILMN_1773204	57105	CYSLTR2	VIR_M2	EXACT_ENTREZ_WITH_EXACT_SYMBOL_SUPPORT	FALSE	1	CYSLTR2	57105	CYSLTR2	5.89617682941096	5.9131507715	0.0203324806699342	0.142592007735126	5.427063618	6.139745577	5.9131507715	TRUE	1	0.0203324806699342	TRUE	1
ILMN_2371590	10521	DDX17	VIR_M1a	EXACT_ENTREZ_WITH_EXACT_SYMBOL_SUPPORT	FALSE	3	DDX17	10521	DDX17	9.32379185328082	9.38906371	0.285532452521969	0.534352367377529	7.284317524	10.30687705	9.38906371	TRUE	1	0.620075383240098	FALSE	1
ILMN_1675124	10521	DDX17	VIR_M1a	EXACT_ENTREZ_WITH_EXACT_SYMBOL_SUPPORT	FALSE	3	DDX17	10521	DDX17	8.76100492642466	8.781524467	0.620075383240098	0.78744865435157	6.852575362	11.34965066	9.38906371	FALSE	1	0.620075383240098	TRUE	1
ILMN_1774513	10521	DDX17	VIR_M1a	EXACT_ENTREZ_WITH_EXACT_SYMBOL_SUPPORT	FALSE	3	DDX17	10521	DDX17	7.56603934172603	7.4039425985	0.398488102604495	0.631259140610649	6.314665046	9.489750531	9.38906371	FALSE	1	0.620075383240098	FALSE	1
ILMN_1735461	9188	DDX21	VIR_M1a	EXACT_ENTREZ_WITH_EXACT_SYMBOL_SUPPORT	FALSE	1	DDX21	9188	DDX21	7.99404112120548	8.0183419185	0.213073274739157	0.461598607817612	6.895651159	9.267628094	8.0183419185	TRUE	1	0.213073274739157	TRUE	1
ILMN_1794392	1654	DDX3X	VIR_M1a;VIR_M1b	EXACT_ENTREZ_WITH_EXACT_SYMBOL_SUPPORT	FALSE	2	DDX3X	1654	DDX3X	9.34037866027397	9.4184411585	0.284084250410274	0.532995544456306	7.170092263	10.20779488	9.4184411585	TRUE	1	0.284084250410274	TRUE	1
ILMN_1728870	1654	DDX3X	VIR_M1a;VIR_M1b	EXACT_ENTREZ_WITH_EXACT_SYMBOL_SUPPORT	FALSE	2	DDX3X	1654	DDX3X	6.00559304830822	6.009630801	0.0113987619908785	0.106764984854017	5.679216999	6.242887676	9.4184411585	FALSE	1	0.284084250410274	FALSE	1
ILMN_1795181	55601	DDX60	VIR_M1a	EXACT_ENTREZ_WITH_EXACT_SYMBOL_SUPPORT	FALSE	1	DDX60	55601	DDX60	7.26887634077397	7.158817507	0.697310426027222	0.835051151742947	6.00477046	9.163999756	7.158817507	TRUE	1	0.697310426027222	TRUE	1
ILMN_1686573	1672	DEFB1	VIR_M1a;VIR_M2	EXACT_ENTREZ_WITH_EXACT_SYMBOL_SUPPORT	FALSE	1	DEFB1	1672	DEFB1	6.13380502176712	6.0162290905	0.363290492320262	0.602735839585023	5.634450063	9.677211643	6.0162290905	TRUE	1	0.363290492320262	TRUE	1
ILMN_1678422	79132	DHX58	VIR_M1a	EXACT_ENTREZ_WITH_EXACT_SYMBOL_SUPPORT	FALSE	1	DHX58	79132	DHX58	7.28206635492466	6.920298322	0.869109626208126	0.932260492677946	6.126229319	10.55578772	6.920298322	TRUE	1	0.869109626208126	TRUE	1
ILMN_1784380	151636	DTX3L	VIR_M1a	EXACT_ENTREZ_WITH_EXACT_SYMBOL_SUPPORT	FALSE	1	DTX3L	151636	DTX3L	6.48564149389041	6.4026804975	0.118048075111669	0.343581249650892	5.896842679	7.602409419	6.4026804975	TRUE	1	0.118048075111669	TRUE	1
ILMN_1706502	5610	EIF2AK2	VIR_M1a;VIR_M1b	EXACT_ENTREZ_WITH_EXACT_SYMBOL_SUPPORT	FALSE	1	EIF2AK2	5610	EIF2AK2	10.1747712692466	10.11177749	1.11314668186409	1.05505766755381	8.254828472	12.4544258	10.11177749	TRUE	1	1.11314668186409	TRUE	1
ILMN_1728083	1979	EIF4EBP2	BACT_M1	EXACT_ENTREZ_WITH_EXACT_SYMBOL_SUPPORT	FALSE	1	EIF4EBP2	1979	EIF4EBP2	8.24339392005479	8.183865873	0.144931991258486	0.38069934496724	7.473357751	9.41336332	8.183865873	TRUE	1	0.144931991258486	TRUE	1
ILMN_1664010	1997	ELF1	VIR_M2	EXACT_ENTREZ_WITH_EXACT_SYMBOL_SUPPORT	FALSE	1	ELF1	1997	ELF1	9.81954629493836	9.79833636	0.376432409211298	0.61354087819093	7.686456016	11.71541738	9.79833636	TRUE	1	0.376432409211298	TRUE	1
ILMN_1699022	23052	ENDOD1	VIR_M1a	EXACT_ENTREZ_WITH_EXACT_SYMBOL_SUPPORT	FALSE	1	ENDOD1	23052	ENDOD1	6.63236950406164	6.576309099	0.107974774049966	0.328595152200951	6.111885998	7.920144521	6.576309099	TRUE	1	0.107974774049966	TRUE	1
ILMN_1700888	5167	ENPP1	VIR_M2	EXACT_ENTREZ_WITH_EXACT_SYMBOL_SUPPORT	FALSE	1	ENPP1	5167	ENPP1	6.13188084734247	6.126395471	0.00922017434704047	0.0960217389294761	5.889217256	6.640189903	6.126395471	TRUE	1	0.00922017434704047	TRUE	1
ILMN_1715013	114625	ERMAP	VIR_M2	EXACT_ENTREZ_WITH_EXACT_SYMBOL_SUPPORT	FALSE	2	ERMAP	114625	ERMAP	6.62025208758219	6.4854519745	0.199247618731765	0.446371615060551	5.948442865	8.294552242	6.4854519745	TRUE	1	0.199247618731765	TRUE	1
ILMN_1785387	114625	ERMAP	VIR_M2	EXACT_ENTREZ_WITH_EXACT_SYMBOL_SUPPORT	FALSE	2	ERMAP	114625	ERMAP	5.88591988734932	5.9050170415	0.0177717941580745	0.133310892871042	5.528136617	6.147517802	6.4854519745	FALSE	1	0.199247618731765	FALSE	1
ILMN_1687538	2113	ETS1	VIR_M2	EXACT_ENTREZ_WITH_EXACT_SYMBOL_SUPPORT	FALSE	2	ETS1	2113	ETS1	10.5536173913082	10.721331895	0.723973876222041	0.850866544307649	8.371304729	12.14972025	10.721331895	TRUE	1	0.73811924002165	FALSE	1
ILMN_2122103	2113	ETS1	VIR_M2	EXACT_ENTREZ_WITH_EXACT_SYMBOL_SUPPORT	FALSE	2	ETS1	2113	ETS1	9.65375831868493	9.712720116	0.73811924002165	0.859138661696498	7.208894077	11.16139402	10.721331895	FALSE	1	0.73811924002165	TRUE	1
ILMN_1721713	5393	EXOSC9	VIR_M2	EXACT_ENTREZ_WITH_EXACT_SYMBOL_SUPPORT	FALSE	2	EXOSC9	5393	EXOSC9	6.92710196244521	6.913298713	0.074944625655148	0.273760160825398	6.318928174	7.977557862	6.913298713	TRUE	1	0.074944625655148	TRUE	1
ILMN_2312719	5393	EXOSC9	VIR_M2	EXACT_ENTREZ_WITH_EXACT_SYMBOL_SUPPORT	FALSE	2	EXOSC9	5393	EXOSC9	6.48046395241096	6.4700238585	0.0496841005892658	0.222899305941642	5.94174959	7.623863261	6.913298713	FALSE	1	0.074944625655148	FALSE	1
ILMN_2410038	63901	FAM111A	VIR_M1b	EXACT_ENTREZ_WITH_EXACT_SYMBOL_SUPPORT	FALSE	2	FAM111A	63901	FAM111A	8.7707756985	8.754707192	0.254278244631255	0.504260096211524	7.347481577	9.983325246	8.754707192	TRUE	1	0.254278244631255	TRUE	1
ILMN_1778845	63901	FAM111A	VIR_M1b	EXACT_ENTREZ_WITH_EXACT_SYMBOL_SUPPORT	FALSE	2	FAM111A	63901	FAM111A	7.66307283889726	7.6467204215	0.14562562238877	0.381609253541853	6.788258075	8.790797674	8.754707192	FALSE	1	0.254278244631255	FALSE	1
ILMN_2319077	355	FAS	VIR_M2	EXACT_ENTREZ_WITH_EXACT_SYMBOL_SUPPORT	FALSE	2	FAS	355	FAS	6.36143185731507	6.318111765	0.0901362490336508	0.300226995844229	5.659612707	7.406458187	6.318111765	TRUE	1	0.0901362490336508	TRUE	1
ILMN_1808132	355	FAS	VIR_M2	EXACT_ENTREZ_WITH_EXACT_SYMBOL_SUPPORT	FALSE	2	FAS	355	FAS	6.14769663218493	6.1431048525	0.0433520696975589	0.208211598374247	5.463343273	6.84805163	6.318111765	FALSE	1	0.0901362490336508	FALSE	1
ILMN_1660027	2213	FCGR2B	VIR_M2	EXACT_ENTREZ_WITH_EXACT_SYMBOL_SUPPORT	FALSE	3	FCGR2B	2213	FCGR2B	6.43965191399315	6.4070250685	0.0753457569516505	0.27449181581907	5.984223616	8.157807782	6.4070250685	TRUE	1	0.0753457569516505	TRUE	1
ILMN_2382403	2213	FCGR2B	VIR_M2	EXACT_ENTREZ_WITH_EXACT_SYMBOL_SUPPORT	FALSE	3	FCGR2B	2213	FCGR2B	6.23373926473288	6.2113028645	0.0403929779811097	0.200980043738451	5.75011721	7.577973205	6.4070250685	FALSE	1	0.0753457569516505	FALSE	1
ILMN_1804174	2213	FCGR2B	VIR_M2	EXACT_ENTREZ_WITH_EXACT_SYMBOL_SUPPORT	FALSE	3	FCGR2B	2213	FCGR2B	6.20056237372603	6.188914195	0.0228014383388042	0.151001451446018	5.74711775	7.199743981	6.4070250685	FALSE	1	0.0753457569516505	FALSE	1
ILMN_2112580	2214	FCGR3A	VIR_M2	EXACT_ENTREZ_WITH_EXACT_SYMBOL_SUPPORT	FALSE	2	FCGR3A	2214	FCGR3A	6.92102190629452	6.7910087615	0.432247768018214	0.657455525505881	5.776060806	9.207818455	6.7910087615	TRUE	1	0.471292525925172	FALSE	1
ILMN_1703679	2214	FCGR3A	VIR_M2	EXACT_ENTREZ_WITH_EXACT_SYMBOL_SUPPORT	FALSE	2	FCGR3A	2214	FCGR3A	6.6538616034589	6.3729954825	0.471292525925172	0.686507484245563	5.876173391	8.930364154	6.7910087615	FALSE	1	0.471292525925172	TRUE	1
ILMN_1728639	2215	FCGR3B	VIR_M2	EXACT_ENTREZ_WITH_EXACT_SYMBOL_SUPPORT	FALSE	2	FCGR3B	2215	FCGR3B	10.7957786950685	10.95581347	1.21373458861921	1.10169623246121	5.949084157	12.89125596	10.95581347	TRUE	1	1.21373458861921	TRUE	1
ILMN_2134453	2215	FCGR3B	VIR_M2	EXACT_ENTREZ_WITH_EXACT_SYMBOL_SUPPORT	FALSE	2	FCGR3B	2215	FCGR3B	8.7084494075137	8.7106402415	0.715798304948843	0.846048642188405	6.296300836	10.86201134	10.95581347	FALSE	1	1.21373458861921	FALSE	1
ILMN_1768049	50943	FOXP3	VIR_M1a	EXACT_ENTREZ_WITH_EXACT_SYMBOL_SUPPORT	FALSE	1	FOXP3	50943	FOXP3	5.90015888341096	5.8927100825	0.0217134203435531	0.147354743200051	5.510346081	6.539571415	5.8927100825	TRUE	1	0.0217134203435531	TRUE	1
ILMN_1727605	2444	FRK	VIR_M1a	EXACT_ENTREZ_WITH_EXACT_SYMBOL_SUPPORT	FALSE	1	FRK	2444	FRK	5.77476115694521	5.7749398125	0.0163836856442601	0.127998772042001	5.419357987	6.159643261	5.7749398125	TRUE	1	0.0163836856442601	TRUE	1
ILMN_2344455	10146	G3BP1	VIR_M1a	EXACT_ENTREZ_WITH_EXACT_SYMBOL_SUPPORT	FALSE	2	G3BP1	10146	G3BP1	6.77338859840411	6.7121621205	0.102417166928472	0.320026822201627	6.077874604	7.671344116	6.7121621205	TRUE	1	0.102417166928472	TRUE	1
ILMN_2357809	10146	G3BP1	VIR_M1a	EXACT_ENTREZ_WITH_EXACT_SYMBOL_SUPPORT	FALSE	2	G3BP1	10146	G3BP1	6.15711329838356	6.171031285	0.0134264814822609	0.115872695154039	5.796223931	6.671329801	6.7121621205	FALSE	1	0.102417166928472	FALSE	1
ILMN_2381753	9908	G3BP2	VIR_M1a	EXACT_ENTREZ_WITH_EXACT_SYMBOL_SUPPORT	FALSE	4	G3BP2	9908	G3BP2	8.49989024040411	8.536249026	0.175675399205897	0.419136492333818	7.008256412	9.349040379	8.536249026	TRUE	1	0.175675399205897	TRUE	1
ILMN_1720422	9908	G3BP2	VIR_M1a	EXACT_ENTREZ_WITH_EXACT_SYMBOL_SUPPORT	FALSE	4	G3BP2	9908	G3BP2	6.92533532931507	6.940231051	0.0607864114796232	0.246549004215436	6.181559697	7.568183018	8.536249026	FALSE	1	0.175675399205897	FALSE	1
ILMN_2381758	9908	G3BP2	VIR_M1a	EXACT_ENTREZ_WITH_EXACT_SYMBOL_SUPPORT	FALSE	4	G3BP2	9908	G3BP2	6.54218624621233	6.498711863	0.049715922567805	0.222970676475193	5.894576664	7.295641122	8.536249026	FALSE	1	0.175675399205897	FALSE	1
ILMN_1759622	9908	G3BP2	VIR_M1a	EXACT_ENTREZ_WITH_EXACT_SYMBOL_SUPPORT	FALSE	4	G3BP2	9908	G3BP2	6.14862467119863	6.1460818255	0.0209109555496407	0.144606208544587	5.682437249	6.638713147	8.536249026	FALSE	1	0.175675399205897	FALSE	1
ILMN_2406656	2625	GATA3	VIR_M1a;VIR_M2	EXACT_ENTREZ_WITH_EXACT_SYMBOL_SUPPORT	FALSE	1	GATA3	2625	GATA3	6.22840007293836	6.224132364	0.0238843820826699	0.154545728128182	5.825726852	6.568060023	6.224132364	TRUE	1	0.0238843820826699	TRUE	1
ILMN_2148785	2633	GBP1	VIR_M1a	EXACT_ENTREZ_WITH_EXACT_SYMBOL_SUPPORT	FALSE	2	GBP1	2633	GBP1	8.60132826232192	8.459834033	1.88450649783895	1.37277328712317	6.018766109	11.71719169	8.459834033	TRUE	1	1.88450649783895	TRUE	1
ILMN_1701114	2633	GBP1	VIR_M1a	EXACT_ENTREZ_WITH_EXACT_SYMBOL_SUPPORT	FALSE	2	GBP1	2633	GBP1	8.36653114664384	8.0623836275	1.7360485675175	1.31759195789801	6.341975493	11.77856121	8.459834033	FALSE	1	1.88450649783895	FALSE	1
ILMN_1725314	2635	GBP3	VIR_M1a	EXACT_ENTREZ_WITH_EXACT_SYMBOL_SUPPORT	FALSE	1	GBP3	2635	GBP3	6.20408645980822	6.187624757	0.0230061910858537	0.151677918913247	5.819425973	6.887432897	6.187624757	TRUE	1	0.0230061910858537	TRUE	1
ILMN_1798706	1880	GPR183	VIR_M2	EXACT_ENTREZ_HISTORICAL_OR_ALTERNATE_SYMBOL	TRUE	2	EBI2	1880	EBI2	7.946254025	7.896501239	0.483219471808006	0.69513989369623	6.511009717	9.947079061	7.896501239	TRUE	1	0.483219471808006	TRUE	1
ILMN_2168217	1880	GPR183	VIR_M2	EXACT_ENTREZ_HISTORICAL_OR_ALTERNATE_SYMBOL	TRUE	2	EBI2	1880	EBI2	7.21826915082192	7.2301627355	0.288168997242251	0.536813745392432	6.196733817	9.023307566	7.896501239	FALSE	1	0.483219471808006	FALSE	1
ILMN_1729749	51191	HERC5	VIR_M1a	EXACT_ENTREZ_WITH_EXACT_SYMBOL_SUPPORT	FALSE	1	HERC5	51191	HERC5	10.0202211233767	10.108377065	2.95399639977685	1.71871940693554	6.961721177	13.50711854	10.108377065	TRUE	1	2.95399639977685	TRUE	1
ILMN_1652762	23119	HIC2	VIR_M2	EXACT_ENTREZ_WITH_EXACT_SYMBOL_SUPPORT	FALSE	1	HIC2	23119	HIC2	6.51704603056164	6.496665492	0.0247216273264985	0.157231127091612	6.017605045	7.002205598	6.496665492	TRUE	1	0.0247216273264985	TRUE	1
ILMN_1669927	29851	ICOS	VIR_M2	EXACT_ENTREZ_WITH_EXACT_SYMBOL_SUPPORT	FALSE	1	ICOS	29851	ICOS	7.23024718828082	7.19968846	0.394116764289346	0.627787196659302	6.054041139	9.116744046	7.19968846	TRUE	1	0.394116764289346	TRUE	1
ILMN_1675671	23308	ICOSLG	VIR_M2	EXACT_ENTREZ_WITH_EXACT_SYMBOL_SUPPORT	FALSE	1	ICOSLG	23308	ICOSLG	6.19477618536301	6.1921685845	0.0176796798712734	0.132964957305575	5.720083748	6.788117804	6.1921685845	TRUE	1	0.0176796798712734	TRUE	1
ILMN_2058782	3429	IFI27	VIR_M1a;VIR_M1b	EXACT_ENTREZ_WITH_EXACT_SYMBOL_SUPPORT	FALSE	1	IFI27	3429	IFI27	10.7911372623288	11.825889005	7.43188678642614	2.72614870952157	5.8217704	14.65378841	11.825889005	TRUE	1	7.43188678642614	TRUE	1
ILMN_1745374	3430	IFI35	VIR_M1a	EXACT_ENTREZ_WITH_EXACT_SYMBOL_SUPPORT	FALSE	1	IFI35	3430	IFI35	9.78822636769178	9.7861590835	1.19337225346105	1.09241578781206	7.498596775	12.06021257	9.7861590835	TRUE	1	1.19337225346105	TRUE	1
ILMN_1760062	10561	IFI44	VIR_M1a;VIR_M2	EXACT_ENTREZ_WITH_EXACT_SYMBOL_SUPPORT	FALSE	1	IFI44	10561	IFI44	9.06046147309589	9.0937052265	3.10050539887832	1.76082520395362	6.137609187	12.72896709	9.0937052265	TRUE	1	3.10050539887832	TRUE	1
ILMN_1723912	10964	IFI44L	VIR_M1a;VIR_M2	EXACT_ENTREZ_WITH_EXACT_SYMBOL_SUPPORT	FALSE	1	IFI44L	10964	IFI44L	9.66868060043836	10.0335805025	4.53229876641816	2.12891962422684	5.944711455	12.85098976	10.0335805025	TRUE	1	4.53229876641816	TRUE	1
ILMN_1687384	2537	IFI6	VIR_M1a;VIR_M2	EXACT_ENTREZ_WITH_EXACT_SYMBOL_SUPPORT	FALSE	2	IFI6	2537	IFI6	11.3923930088973	11.27923215	1.06404923757651	1.03152762327362	8.995928685	13.97929126	11.27923215	TRUE	1	2.8327356443925	FALSE	1
ILMN_2347798	2537	IFI6	VIR_M1a;VIR_M2	EXACT_ENTREZ_WITH_EXACT_SYMBOL_SUPPORT	FALSE	2	IFI6	2537	IFI6	10.0550450510685	10.350804405	2.8327356443925	1.68307327362551	6.755747562	13.01040884	11.27923215	FALSE	1	2.8327356443925	TRUE	1
ILMN_1781373	64135	IFIH1	VIR_M1a;VIR_M1b	EXACT_ENTREZ_WITH_EXACT_SYMBOL_SUPPORT	FALSE	1	IFIH1	64135	IFIH1	7.97883609533562	7.8615467855	1.08873055490659	1.04342251983872	6.130737373	10.99845344	7.8615467855	TRUE	1	1.08873055490659	TRUE	1
ILMN_1707695	3434	IFIT1	VIR_M1a;VIR_M1b	EXACT_ENTREZ_WITH_EXACT_SYMBOL_SUPPORT	FALSE	2	IFIT1	3434	IFIT1	8.85163668250685	8.87628572	3.76589001492073	1.94059012027804	5.915070186	12.64172798	8.87628572	TRUE	1	3.76589001492073	TRUE	1
ILMN_1699331	3434	IFIT1	VIR_M1a;VIR_M1b	EXACT_ENTREZ_WITH_EXACT_SYMBOL_SUPPORT	FALSE	2	IFIT1	3434	IFIT1	6.2014229730411	6.1199762675	0.124207382880883	0.352430678121078	5.700320428	7.96533603	8.87628572	FALSE	1	3.76589001492073	FALSE	1
ILMN_1759155	439996	IFIT1B	VIR_M1a	EXACT_ENTREZ_HISTORICAL_OR_ALTERNATE_SYMBOL	TRUE	1	IFIT1L	439996	IFIT1L	8.29610291456849	7.815348743	3.43814489049071	1.85422352764997	5.733404058	12.49871936	7.815348743	TRUE	1	3.43814489049071	TRUE	1
ILMN_1739428	3433	IFIT2	VIR_M1a	EXACT_ENTREZ_WITH_EXACT_SYMBOL_SUPPORT	FALSE	1	IFIT2	3433	IFIT2	10.3171785193014	10.426653205	3.02333582050908	1.73877422930899	6.743225755	13.69331761	10.426653205	TRUE	1	3.02333582050908	TRUE	1
ILMN_1701789	3437	IFIT3	VIR_M1a	EXACT_ENTREZ_WITH_EXACT_SYMBOL_SUPPORT	FALSE	3	IFIT3	3437	IFIT3	10.2885235642329	10.528084415	3.68358144217854	1.91926586021284	6.68527755	13.67527394	10.528084415	TRUE	1	3.68358144217854	TRUE	1
ILMN_2239754	3437	IFIT3	VIR_M1a	EXACT_ENTREZ_WITH_EXACT_SYMBOL_SUPPORT	FALSE	3	IFIT3	3437	IFIT3	7.78755662966438	7.482059792	2.17755310167825	1.47565344904495	5.806474875	12.15885019	10.528084415	FALSE	1	3.68358144217854	FALSE	1
ILMN_1664543	3437	IFIT3	VIR_M1a	EXACT_ENTREZ_WITH_EXACT_SYMBOL_SUPPORT	FALSE	3	IFIT3	3437	IFIT3	7.29689631389726	6.9128909915	1.57465798518149	1.25485377043761	5.678045845	11.50384721	10.528084415	FALSE	1	3.68358144217854	FALSE	1
ILMN_1696654	24138	IFIT5	VIR_M1a;VIR_M1b	EXACT_ENTREZ_WITH_EXACT_SYMBOL_SUPPORT	FALSE	1	IFIT5	24138	IFIT5	6.74478334109589	6.5934141815	0.285945460843103	0.534738684633067	5.890065048	8.26777519	6.5934141815	TRUE	1	0.285945460843103	TRUE	1
ILMN_1805750	10410	IFITM3	VIR_M1a;VIR_M1b;VIR_M2	EXACT_ENTREZ_WITH_EXACT_SYMBOL_SUPPORT	FALSE	1	IFITM3	10410	IFITM3	12.2551041544795	12.4695558	1.6523276887168	1.28542899014951	8.688628352	14.19206519	12.4695558	TRUE	1	1.6523276887168	TRUE	1
ILMN_1807423	10643	IGF2BP3	VIR_M2	EXACT_ENTREZ_WITH_EXACT_SYMBOL_SUPPORT	FALSE	1	IGF2BP3	10643	IGF2BP3	7.26615223323288	7.292950631	0.515892884016188	0.7182568370828	6.096217773	8.737278146	7.292950631	TRUE	1	0.515892884016188	TRUE	1
ILMN_1724181	3600	IL15	VIR_M2	EXACT_ENTREZ_WITH_EXACT_SYMBOL_SUPPORT	FALSE	4	IL15	3600	IL15	6.66423343821918	6.610056215	0.147798797921854	0.384446092348269	5.950375901	7.744594461	6.610056215	TRUE	1	0.147798797921854	TRUE	1
ILMN_2273053	3600	IL15	VIR_M2	EXACT_ENTREZ_WITH_EXACT_SYMBOL_SUPPORT	FALSE	4	IL15	3600	IL15	6.35223562978767	6.313815861	0.0406158410295614	0.201533721817371	5.787968085	7.054432436	6.610056215	FALSE	1	0.147798797921854	FALSE	1
ILMN_2369221	3600	IL15	VIR_M2	EXACT_ENTREZ_WITH_EXACT_SYMBOL_SUPPORT	FALSE	4	IL15	3600	IL15	6.03234168084932	6.0567384985	0.0252188916240822	0.158804570539019	5.616878353	6.37375342	6.610056215	FALSE	1	0.147798797921854	FALSE	1
ILMN_1785312	3600	IL15	VIR_M2	EXACT_ENTREZ_WITH_EXACT_SYMBOL_SUPPORT	FALSE	4	IL15	3600	IL15	5.88266594632192	5.8927767435	0.015429848994492	0.124216943266577	5.502240853	6.158870169	6.610056215	FALSE	1	0.147798797921854	FALSE	1
ILMN_1774874	3557	IL1RN	VIR_M2	EXACT_ENTREZ_WITH_EXACT_SYMBOL_SUPPORT	FALSE	3	IL1RN	3557	IL1RN	9.72463662275342	9.724780389	1.18513753090488	1.08864022105785	7.037358537	12.86116321	9.724780389	TRUE	1	1.18513753090488	TRUE	1
ILMN_1689734	3557	IL1RN	VIR_M2	EXACT_ENTREZ_WITH_EXACT_SYMBOL_SUPPORT	FALSE	3	IL1RN	3557	IL1RN	8.09237824971233	8.059060632	1.07219948016094	1.03547065634954	6.185633221	11.67725136	9.724780389	FALSE	1	1.18513753090488	FALSE	1
ILMN_1806249	3557	IL1RN	VIR_M2	EXACT_ENTREZ_WITH_EXACT_SYMBOL_SUPPORT	FALSE	3	IL1RN	3557	IL1RN	5.96609408181507	5.97882181	0.0213520977901842	0.146123570275928	5.412917793	6.398974053	9.724780389	FALSE	1	1.18513753090488	FALSE	1
ILMN_1753758	246778	IL27	VIR_M1a	EXACT_ENTREZ_WITH_EXACT_SYMBOL_SUPPORT	FALSE	1	IL27	246778	IL27	6.13488797965069	6.1047268285	0.109527836683425	0.330949900564156	5.351277896	7.404866039	6.1047268285	TRUE	1	0.109527836683425	TRUE	1
ILMN_1683774	3559	IL2RA	VIR_M2	EXACT_ENTREZ_WITH_EXACT_SYMBOL_SUPPORT	FALSE	2	IL2RA	3559	IL2RA	6.17561540034247	6.157982942	0.0317442972473223	0.178169293783531	5.785863253	7.169614837	6.157982942	TRUE	1	0.0317442972473223	TRUE	1
ILMN_2108699	3559	IL2RA	VIR_M2	EXACT_ENTREZ_WITH_EXACT_SYMBOL_SUPPORT	FALSE	2	IL2RA	3559	IL2RA	5.94497731221918	5.969296316	0.0256541776733556	0.160169215748082	5.414441785	6.38621258	6.157982942	FALSE	1	0.0317442972473223	FALSE	1
ILMN_1691341	3575	IL7R	VIR_M2	EXACT_ENTREZ_WITH_EXACT_SYMBOL_SUPPORT	FALSE	2	IL7R	3575	IL7R	10.2605455356096	10.3358395	1.08593071668031	1.0420799953364	7.65137839	12.41136942	10.3358395	TRUE	1	1.08593071668031	TRUE	1
ILMN_2342579	3575	IL7R	VIR_M2	EXACT_ENTREZ_WITH_EXACT_SYMBOL_SUPPORT	FALSE	2	IL7R	3575	IL7R	10.0883165420959	10.194902155	0.843137837326721	0.91822537392882	7.59408461	12.01655718	10.3358395	FALSE	1	1.08593071668031	FALSE	1
ILMN_1652378	10527	IPO7	VIR_M1a	EXACT_ENTREZ_WITH_EXACT_SYMBOL_SUPPORT	FALSE	1	IPO7	10527	IPO7	6.10329192705479	6.13199909	0.0156163621329965	0.12496544375545	5.675034299	6.445320657	6.13199909	TRUE	1	0.0156163621329965	TRUE	1
ILMN_1798181	3665	IRF7	VIR_M1a;VIR_M1b	EXACT_ENTREZ_WITH_EXACT_SYMBOL_SUPPORT	FALSE	3	IRF7	3665	IRF7	10.1514596375822	10.04650167	1.56333808881472	1.2503351905848	8.128797974	13.27742101	10.04650167	TRUE	1	1.56333808881472	TRUE	1
ILMN_2349061	3665	IRF7	VIR_M1a;VIR_M1b	EXACT_ENTREZ_WITH_EXACT_SYMBOL_SUPPORT	FALSE	3	IRF7	3665	IRF7	8.55903402456849	8.435540186	1.51072885522023	1.2291171039491	6.746255126	12.19229881	10.04650167	FALSE	1	1.56333808881472	FALSE	1
ILMN_1674646	3665	IRF7	VIR_M1a;VIR_M1b	EXACT_ENTREZ_WITH_EXACT_SYMBOL_SUPPORT	FALSE	3	IRF7	3665	IRF7	6.03447787856849	6.073499657	0.0263550797743895	0.162342476802559	5.450826832	6.708928726	10.04650167	FALSE	1	1.56333808881472	FALSE	1
ILMN_1745471	10379	IRF9	VIR_M1a	EXACT_ENTREZ_WITH_EXACT_SYMBOL_SUPPORT	FALSE	1	IRF9	10379	IRF9	10.575692482774	10.614183175	0.365038446899073	0.604184116721942	8.932425503	11.97147447	10.614183175	TRUE	1	0.365038446899073	TRUE	1
ILMN_2054019	9636	ISG15	VIR_M1a;VIR_M1b	EXACT_ENTREZ_WITH_EXACT_SYMBOL_SUPPORT	FALSE	1	ISG15	9636	ISG15	9.18550530482877	8.86079701	3.23739723876325	1.79927686551104	6.28286725	12.87472643	8.86079701	TRUE	1	3.23739723876325	TRUE	1
ILMN_1659913	3669	ISG20	VIR_M1a;VIR_M1b	EXACT_ENTREZ_WITH_EXACT_SYMBOL_SUPPORT	FALSE	1	ISG20	3669	ISG20	11.3561145184452	11.309976025	0.599590182075721	0.774332087721877	9.213366299	13.21720871	11.309976025	TRUE	1	0.599590182075721	TRUE	1
ILMN_1758829	84502	JPH4	VIR_M2	EXACT_ENTREZ_WITH_EXACT_SYMBOL_SUPPORT	FALSE	1	JPH4	84502	JPH4	5.87541874008904	5.900480965	0.0167483378768072	0.129415369554034	5.577664862	6.136049694	5.900480965	TRUE	1	0.0167483378768072	TRUE	1
ILMN_1678882	3802	KIR2DL1	VIR_M2	EXACT_ENTREZ_WITH_EXACT_SYMBOL_SUPPORT	FALSE	2	KIR2DL1	3802	KIR2DL1	6.37205405130822	6.2734853215	0.090888620744521	0.301477396738994	5.957400493	7.696517421	6.2734853215	TRUE	1	0.161878672023529	FALSE	1
ILMN_1786810	3802	KIR2DL1	VIR_M2	EXACT_ENTREZ_WITH_EXACT_SYMBOL_SUPPORT	FALSE	2	KIR2DL1	3802	KIR2DL1	6.30108341345206	6.1699514765	0.161878672023529	0.4023414868287	5.736794186	8.228599285	6.2734853215	FALSE	1	0.161878672023529	TRUE	1
ILMN_2166812	3806	KIR2DS1	VIR_M2	EXACT_ENTREZ_WITH_EXACT_SYMBOL_SUPPORT	FALSE	2	KIR2DS1	3806	KIR2DS1	5.90466788423288	5.918618399	0.0196336578715854	0.140120155122614	5.544554167	6.237114887	5.918618399	TRUE	1	0.0196336578715854	TRUE	1
ILMN_1722506	3806	KIR2DS1	VIR_M2	EXACT_ENTREZ_WITH_EXACT_SYMBOL_SUPPORT	FALSE	2	KIR2DS1	3806	KIR2DS1	5.87170185143151	5.8811325185	0.0121653908797517	0.110296830778367	5.615310457	6.133867437	5.918618399	FALSE	1	0.0196336578715854	FALSE	1
ILMN_1691803	3810	KIR2DS5	VIR_M2	EXACT_ENTREZ_WITH_EXACT_SYMBOL_SUPPORT	FALSE	1	KIR2DS5	3810	KIR2DS5	6.31857183660959	6.2395568345	0.0676825463691701	0.26015869458692	5.727402538	7.482191919	6.2395568345	TRUE	1	0.0676825463691701	TRUE	1
ILMN_2131828	3811	KIR3DL1	VIR_M2	EXACT_ENTREZ_WITH_EXACT_SYMBOL_SUPPORT	FALSE	2	KIR3DL1	3811	KIR3DL1	6.59978397232192	6.4915002055	0.16093191171806	0.401163198359545	5.968248198	8.138246583	6.4915002055	TRUE	1	0.16093191171806	TRUE	1
ILMN_1733245	3811	KIR3DL1	VIR_M2	EXACT_ENTREZ_WITH_EXACT_SYMBOL_SUPPORT	FALSE	2	KIR3DL1	3811	KIR3DL1	6.07684385871918	6.0888271675	0.0243939746854315	0.156185705765385	5.626784211	6.693220213	6.4915002055	FALSE	1	0.16093191171806	FALSE	1
ILMN_1658399	10219	KLRG1	VIR_M1a	EXACT_ENTREZ_WITH_EXACT_SYMBOL_SUPPORT	FALSE	2	KLRG1	10219	KLRG1	7.68978199510959	7.5780444715	0.540057652530577	0.734886149366401	6.319466352	9.595563968	7.5780444715	TRUE	1	0.540057652530577	TRUE	1
ILMN_2124920	10219	KLRG1	VIR_M1a	EXACT_ENTREZ_WITH_EXACT_SYMBOL_SUPPORT	FALSE	2	KLRG1	10219	KLRG1	5.84782199258904	5.8421004555	0.0153354833558777	0.123836518668274	5.549263654	6.128346141	7.5780444715	FALSE	1	0.540057652530577	FALSE	1
ILMN_1769782	54900	LAX1	VIR_M2	EXACT_ENTREZ_WITH_EXACT_SYMBOL_SUPPORT	FALSE	1	LAX1	54900	LAX1	7.55988716847945	7.5802370965	0.337259566175593	0.580740532575085	6.238805314	8.909563925	7.5802370965	TRUE	1	0.337259566175593	TRUE	1
ILMN_1738725	3976	LIF	VIR_M2	EXACT_ENTREZ_WITH_EXACT_SYMBOL_SUPPORT	FALSE	1	LIF	3976	LIF	5.83249673589041	5.8534856995	0.0202033554365548	0.142138507929958	5.437036119	6.090328707	5.8534856995	TRUE	1	0.0202033554365548	TRUE	1
ILMN_1702385	23547	LILRA4	VIR_M1a	EXACT_ENTREZ_WITH_EXACT_SYMBOL_SUPPORT	FALSE	1	LILRA4	23547	LILRA4	6.00817681553425	6.041168594	0.0269850068318989	0.16427113815853	5.344037226	6.687673913	6.041168594	TRUE	1	0.0269850068318989	TRUE	1
ILMN_1812278	4063	LY9	VIR_M1a	EXACT_ENTREZ_WITH_EXACT_SYMBOL_SUPPORT	FALSE	3	LY9	4063	LY9	7.38563835673973	7.3944428915	0.384269693730251	0.619894905391431	5.873733778	8.911764491	7.3944428915	TRUE	1	0.384269693730251	TRUE	1
ILMN_1731928	4063	LY9	VIR_M1a	EXACT_ENTREZ_WITH_EXACT_SYMBOL_SUPPORT	FALSE	3	LY9	4063	LY9	6.93633655073288	6.948237783	0.174765911232737	0.418050130047506	5.855638278	7.913762128	7.3944428915	FALSE	1	0.384269693730251	FALSE	1
ILMN_1756275	4063	LY9	VIR_M1a	EXACT_ENTREZ_WITH_EXACT_SYMBOL_SUPPORT	FALSE	3	LY9	4063	LY9	5.97069029877397	6.0040355965	0.0205215807968041	0.143253554220494	5.469950401	6.288333463	7.3944428915	FALSE	1	0.384269693730251	FALSE	1
ILMN_1730986	10892	MALT1	VIR_M1a	EXACT_ENTREZ_WITH_EXACT_SYMBOL_SUPPORT	FALSE	2	MALT1	10892	MALT1	6.78046484780822	6.7766080155	0.0990631022191387	0.314742914485996	6.108768843	7.703447783	6.7766080155	TRUE	1	0.0990631022191387	TRUE	1
ILMN_2387791	10892	MALT1	VIR_M1a	EXACT_ENTREZ_WITH_EXACT_SYMBOL_SUPPORT	FALSE	2	MALT1	10892	MALT1	5.83628902338356	5.832204051	0.0175532906848083	0.13248883230223	5.485739047	6.090225676	6.7766080155	FALSE	1	0.0990631022191387	FALSE	1
ILMN_2094942	55016	MARCHF1	VIR_M2	EXACT_ENTREZ_HISTORICAL_OR_ALTERNATE_SYMBOL	TRUE	2	MARCH1	55016	MARCH1	6.40869232820548	6.372430027	0.0695631426933606	0.263748256284967	5.768398931	7.251302383	6.372430027	TRUE	1	0.0695631426933606	TRUE	1
ILMN_1681101	55016	MARCHF1	VIR_M2	EXACT_ENTREZ_HISTORICAL_OR_ALTERNATE_SYMBOL	TRUE	2	MARCH1	55016	MARCH1	6.3730999179726	6.3172274615	0.0650364461076357	0.255022442360738	5.809092161	7.277853385	6.372430027	FALSE	1	0.0695631426933606	FALSE	1
ILMN_1815107	9782	MATR3	VIR_M1a	EXACT_ENTREZ_WITH_EXACT_SYMBOL_SUPPORT	FALSE	4	MATR3	9782	MATR3	8.97214945765754	8.944208888	0.431087017033369	0.656572171991297	7.307622249	10.84561909	8.944208888	TRUE	1	0.431087017033369	TRUE	1
ILMN_2411076	9782	MATR3	VIR_M1a	EXACT_ENTREZ_WITH_EXACT_SYMBOL_SUPPORT	FALSE	4	MATR3	9782	MATR3	6.3851730975	6.3407455545	0.0668613839713553	0.258575683256093	5.835340324	7.179300712	8.944208888	FALSE	1	0.431087017033369	FALSE	1
ILMN_2296369	9782	MATR3	VIR_M1a	EXACT_ENTREZ_WITH_EXACT_SYMBOL_SUPPORT	FALSE	4	MATR3	9782	MATR3	6.03853090456849	6.064236484	0.0140544218981945	0.118551347095655	5.558795998	6.36517718	8.944208888	FALSE	1	0.431087017033369	FALSE	1
ILMN_1660179	9782	MATR3	VIR_M1a	EXACT_ENTREZ_WITH_EXACT_SYMBOL_SUPPORT	FALSE	4	MATR3	9782	MATR3	5.8469273135274	5.86002289	0.0236244883527296	0.153702597091688	5.512471539	6.142761875	8.944208888	FALSE	1	0.431087017033369	FALSE	1
ILMN_1660462	255231	MCOLN2	VIR_M1a	EXACT_ENTREZ_WITH_EXACT_SYMBOL_SUPPORT	FALSE	1	MCOLN2	255231	MCOLN2	6.79392975891781	6.7319190845	0.207169379203618	0.455158630813058	5.932086092	8.68853826	6.7319190845	TRUE	1	0.207169379203618	TRUE	1
ILMN_2079004	4191	MDH2	BACT_M2	EXACT_ENTREZ_WITH_EXACT_SYMBOL_SUPPORT	FALSE	1	MDH2	4191	MDH2	11.100425829589	11.157570605	0.113598981644905	0.337044480217233	10.35643736	11.84322782	11.157570605	TRUE	1	0.113598981644905	TRUE	1
ILMN_1804738	4210	MEFV	VIR_M1a	EXACT_ENTREZ_WITH_EXACT_SYMBOL_SUPPORT	FALSE	2	MEFV	4210	MEFV	7.11310464602055	7.047043081	0.309147039197714	0.556009927247449	5.949084157	9.009203531	7.047043081	TRUE	1	0.36055812285632	FALSE	1
ILMN_2115752	4210	MEFV	VIR_M1a	EXACT_ENTREZ_WITH_EXACT_SYMBOL_SUPPORT	FALSE	2	MEFV	4210	MEFV	7.09094902065069	7.035253102	0.36055812285632	0.600464922253016	5.691788332	8.945851145	7.047043081	FALSE	1	0.36055812285632	TRUE	1
ILMN_1745686	9258	MFHAS1	VIR_M1a	EXACT_ENTREZ_WITH_EXACT_SYMBOL_SUPPORT	FALSE	1	MFHAS1	9258	MFHAS1	6.97987485512329	6.966941816	0.135442920881539	0.368025706821601	6.246557694	8.302235324	6.966941816	TRUE	1	0.135442920881539	TRUE	1
ILMN_1760180	11043	MID2	VIR_M1a	EXACT_ENTREZ_WITH_EXACT_SYMBOL_SUPPORT	FALSE	3	MID2	11043	MID2	6.14682634791781	6.1452289475	0.0236849048662675	0.153899008659145	5.660650211	6.770735107	6.1452289475	TRUE	1	0.0236849048662675	TRUE	1
ILMN_2264597	11043	MID2	VIR_M1a	EXACT_ENTREZ_WITH_EXACT_SYMBOL_SUPPORT	FALSE	3	MID2	11043	MID2	5.99210790734247	6.0040469395	0.0118021075633726	0.108637505325613	5.62963008	6.223984833	6.1452289475	FALSE	1	0.0236849048662675	FALSE	1
ILMN_2382648	11043	MID2	VIR_M1a	EXACT_ENTREZ_WITH_EXACT_SYMBOL_SUPPORT	FALSE	3	MID2	11043	MID2	5.80698432726712	5.808504594	0.0183484397730994	0.135456412816446	5.413641681	6.11618545	6.1452289475	FALSE	1	0.0236849048662675	FALSE	1
ILMN_1725700	4343	MOV10	VIR_M1a	EXACT_ENTREZ_WITH_EXACT_SYMBOL_SUPPORT	FALSE	1	MOV10	4343	MOV10	7.42190695753425	7.243176038	0.575043203765526	0.75831603158942	6.115158825	10.09467004	7.243176038	TRUE	1	0.575043203765526	TRUE	1
ILMN_1671158	28998	MRPL13	BACT_M1	EXACT_ENTREZ_WITH_EXACT_SYMBOL_SUPPORT	FALSE	1	MRPL13	28998	MRPL13	6.59497262776712	6.4955842375	0.196393360871961	0.443162905568552	5.963133936	7.963676937	6.4955842375	TRUE	1	0.196393360871961	TRUE	1
ILMN_1748819	29093	MRPL22	BACT_M1	EXACT_ENTREZ_WITH_EXACT_SYMBOL_SUPPORT	FALSE	2	MRPL22	29093	MRPL22	8.01118946328082	7.9696250515	0.425165557116066	0.652047204668547	6.817574727	9.980365866	7.9696250515	TRUE	1	0.425165557116066	TRUE	1
ILMN_1663220	29093	MRPL22	BACT_M1	EXACT_ENTREZ_WITH_EXACT_SYMBOL_SUPPORT	FALSE	2	MRPL22	29093	MRPL22	6.9294974894589	6.864251344	0.294881225045468	0.54302967234348	6.128531237	8.568448713	7.9696250515	FALSE	1	0.425165557116066	FALSE	1
ILMN_1722905	64963	MRPS11	BACT_M1	EXACT_ENTREZ_WITH_EXACT_SYMBOL_SUPPORT	FALSE	2	MRPS11	64963	MRPS11	8.52791306616438	8.528275706	0.0972308775493561	0.311818661323142	7.759972489	9.48095998	8.528275706	TRUE	1	0.0972308775493561	TRUE	1
ILMN_2405915	64963	MRPS11	BACT_M1	EXACT_ENTREZ_WITH_EXACT_SYMBOL_SUPPORT	FALSE	2	MRPS11	64963	MRPS11	7.37942572602055	7.3902600195	0.0710349139065084	0.266523758615453	6.511542721	8.234861106	8.528275706	FALSE	1	0.0972308775493561	FALSE	1
ILMN_1658416	51023	MRPS18C	BACT_M1	EXACT_ENTREZ_WITH_EXACT_SYMBOL_SUPPORT	FALSE	2	MRPS18C	51023	MRPS18C	8.0905744165274	8.043840694	0.595877494538138	0.771931016696529	6.482035387	9.981999333	8.043840694	TRUE	1	0.595877494538138	TRUE	1
ILMN_2085903	51023	MRPS18C	BACT_M1	EXACT_ENTREZ_WITH_EXACT_SYMBOL_SUPPORT	FALSE	2	MRPS18C	51023	MRPS18C	5.93293199973288	5.935103487	0.0129031178877194	0.113591891822081	5.571107361	6.194872697	8.043840694	FALSE	1	0.595877494538138	FALSE	1
ILMN_1806721	2206	MS4A2	VIR_M2	EXACT_ENTREZ_WITH_EXACT_SYMBOL_SUPPORT	FALSE	1	MS4A2	2206	MS4A2	5.97342842223288	5.9802949165	0.0320752389668392	0.179095614035741	5.48663981	6.894151308	5.9802949165	TRUE	1	0.0320752389668392	TRUE	1
ILMN_1697998	113115	MTFR2	BACT_M2	EXACT_ENTREZ_HISTORICAL_OR_ALTERNATE_SYMBOL	TRUE	2	FAM54A	113115	FAM54A	6.18616778316438	6.155701851	0.0130704670075018	0.11432614314977	5.881572402	6.658905205	6.155701851	TRUE	1	0.0130704670075018	TRUE	1
ILMN_2139827	113115	MTFR2	BACT_M2	EXACT_ENTREZ_HISTORICAL_OR_ALTERNATE_SYMBOL	TRUE	2	FAM54A	113115	FAM54A	5.8814315269726	5.887032666	0.0130641945869166	0.114298707721989	5.580276528	6.129976256	6.155701851	FALSE	1	0.0130704670075018	FALSE	1
ILMN_1662358	4599	MX1	VIR_M1a;VIR_M1b	EXACT_ENTREZ_WITH_EXACT_SYMBOL_SUPPORT	FALSE	1	MX1	4599	MX1	11.9429128112123	12.143252325	2.0532208755754	1.43290644341331	7.967627048	14.38191348	12.143252325	TRUE	1	2.0532208755754	TRUE	1
ILMN_2231928	4600	MX2	VIR_M1a	EXACT_ENTREZ_WITH_EXACT_SYMBOL_SUPPORT	FALSE	1	MX2	4600	MX2	10.137709171089	10.060708245	0.998279431254132	0.999139345263779	8.277404642	12.45639193	10.060708245	TRUE	1	0.998279431254132	TRUE	1
ILMN_1678531	23138	N4BP3	VIR_M1a	EXACT_ENTREZ_WITH_EXACT_SYMBOL_SUPPORT	FALSE	1	N4BP3	23138	N4BP3	5.84768136397945	5.8709607175	0.0219500397694181	0.148155458115515	5.468436847	6.126841254	5.8709607175	TRUE	1	0.0219500397694181	TRUE	1
ILMN_1784641	4696	NDUFA3	BACT_M2	EXACT_ENTREZ_WITH_EXACT_SYMBOL_SUPPORT	FALSE	1	NDUFA3	4696	NDUFA3	10.4695011944589	10.500074175	0.14894560063655	0.385934710328767	9.574418248	11.7818279	10.500074175	TRUE	1	0.14894560063655	TRUE	1
ILMN_1751258	4697	NDUFA4	BACT_M2	EXACT_ENTREZ_WITH_EXACT_SYMBOL_SUPPORT	FALSE	1	NDUFA4	4697	NDUFA4	9.81027859128082	9.889923367	0.859071256507995	0.926860969351928	7.50617307	11.65940236	9.889923367	TRUE	1	0.859071256507995	TRUE	1
ILMN_1754421	51103	NDUFAF1	BACT_M2	EXACT_ENTREZ_WITH_EXACT_SYMBOL_SUPPORT	FALSE	1	NDUFAF1	51103	NDUFAF1	6.57648056409589	6.457816163	0.156553471512157	0.395668385788095	5.840882027	7.993071685	6.457816163	TRUE	1	0.156553471512157	TRUE	1
ILMN_1682857	91942	NDUFAF2	BACT_M2	EXACT_ENTREZ_WITH_EXACT_SYMBOL_SUPPORT	FALSE	1	NDUFAF2	91942	NDUFAF2	6.70837377012329	6.6087243225	0.156226630124749	0.395255145601862	5.917704538	8.022018392	6.6087243225	TRUE	1	0.156226630124749	TRUE	1
ILMN_1727618	137682	NDUFAF6	BACT_M2	EXACT_ENTREZ_HISTORICAL_OR_ALTERNATE_SYMBOL	TRUE	1	C8orf38	137682	C8ORF38	6.21489910967123	6.2058926495	0.0256115290948149	0.160036024365812	5.689662077	6.853362568	6.2058926495	TRUE	1	0.0256115290948149	TRUE	1
ILMN_1722186	55471	NDUFAF7	BACT_M2	EXACT_ENTREZ_HISTORICAL_OR_ALTERNATE_SYMBOL	TRUE	3	C2orf56	55471	C2ORF56	6.82009862360274	6.771230327	0.0873850655738514	0.295609650677801	6.31079932	7.608982817	6.771230327	TRUE	1	0.118797587280954	FALSE	1
ILMN_2394132	55471	NDUFAF7	BACT_M2	EXACT_ENTREZ_HISTORICAL_OR_ALTERNATE_SYMBOL	TRUE	3	PRO1853	55471	PRO1853	6.61960158615069	6.556333671	0.118797587280954	0.344670258770544	5.676489389	8.478608691	6.771230327	FALSE	1	0.118797587280954	TRUE	1
ILMN_1787370	55471	NDUFAF7	BACT_M2	EXACT_ENTREZ_HISTORICAL_OR_ALTERNATE_SYMBOL	TRUE	3	C2orf56	55471	C2ORF56	6.04916439919178	6.089570001	0.0175138782531386	0.132340010023948	5.664929988	6.36392928	6.771230327	FALSE	1	0.118797587280954	FALSE	1
ILMN_1724367	4707	NDUFB1	BACT_M2	EXACT_ENTREZ_WITH_EXACT_SYMBOL_SUPPORT	FALSE	1	NDUFB1	4707	NDUFB1	6.02541134956164	6.0516192195	0.00972371219160057	0.0986088849526277	5.809232781	6.182486736	6.0516192195	TRUE	1	0.00972371219160057	TRUE	1
ILMN_2119945	4709	NDUFB3	BACT_M2	EXACT_ENTREZ_WITH_EXACT_SYMBOL_SUPPORT	FALSE	2	NDUFB3	4709	NDUFB3	8.61699553258219	8.561571987	0.94488500021766	0.972051953456018	6.630522849	10.80724346	8.561571987	TRUE	1	0.94488500021766	TRUE	1
ILMN_2119937	4709	NDUFB3	BACT_M2	EXACT_ENTREZ_WITH_EXACT_SYMBOL_SUPPORT	FALSE	2	NDUFB3	4709	NDUFB3	8.35318333418493	8.300743361	0.870938960280567	0.933241105117304	6.376029668	10.34504455	8.561571987	FALSE	1	0.94488500021766	FALSE	1
ILMN_1694274	4718	NDUFC2	BACT_M2	EXACT_ENTREZ_WITH_EXACT_SYMBOL_SUPPORT	FALSE	1	NDUFC2	4718	NDUFC2	6.05436493410274	6.078506635	0.024005776208582	0.154937975359761	5.646610279	6.674454805	6.078506635	TRUE	1	0.024005776208582	TRUE	1
ILMN_1812312	4724	NDUFS4	BACT_M2	EXACT_ENTREZ_WITH_EXACT_SYMBOL_SUPPORT	FALSE	1	NDUFS4	4724	NDUFS4	7.61446392489726	7.5248613775	0.492906211666801	0.702072796558022	6.453670948	9.827915592	7.5248613775	TRUE	1	0.492906211666801	TRUE	1
ILMN_1765500	4731	NDUFV3	BACT_M2	EXACT_ENTREZ_WITH_EXACT_SYMBOL_SUPPORT	FALSE	2	NDUFV3	4731	NDUFV3	6.19359641546575	6.2017775465	0.0140593654697435	0.118572195179745	5.742099219	6.495088462	6.2017775465	TRUE	1	0.0275409670754913	FALSE	1
ILMN_2387731	4731	NDUFV3	BACT_M2	EXACT_ENTREZ_WITH_EXACT_SYMBOL_SUPPORT	FALSE	2	NDUFV3	4731	NDUFV3	6.12078529335617	6.1236165785	0.0275409670754913	0.165954713929708	5.605583011	6.946294442	6.2017775465	FALSE	1	0.0275409670754913	TRUE	1
ILMN_1762594	64127	NOD2	VIR_M1a;VIR_M2	EXACT_ENTREZ_WITH_EXACT_SYMBOL_SUPPORT	FALSE	1	NOD2	64127	NOD2	7.67345355781507	7.5884500465	0.425876376283963	0.652592044300237	6.156175088	9.88467321	7.5884500465	TRUE	1	0.425876376283963	TRUE	1
ILMN_2352121	51251	NT5C3A	VIR_M1a	EXACT_ENTREZ_HISTORICAL_OR_ALTERNATE_SYMBOL	TRUE	2	NT5C3	51251	NT5C3	9.7688375695	9.769689588	0.848257106062173	0.921008743749034	7.450897356	12.08920226	9.769689588	TRUE	1	0.848257106062173	TRUE	1
ILMN_1769734	51251	NT5C3A	VIR_M1a	EXACT_ENTREZ_HISTORICAL_OR_ALTERNATE_SYMBOL	TRUE	2	NT5C3	51251	NT5C3	8.21800569475342	8.169774806	0.674908994108928	0.82152844996928	6.480033215	10.61806299	9.769689588	FALSE	1	0.848257106062173	FALSE	1
ILMN_2410826	4938	OAS1	VIR_M1a;VIR_M1b	EXACT_ENTREZ_WITH_EXACT_SYMBOL_SUPPORT	FALSE	4	OAS1	4938	OAS1	8.31011757097945	8.2237200155	1.55753980755127	1.24801434589161	6.35567672	11.10366263	8.2237200155	TRUE	1	2.17675276812895	FALSE	1
ILMN_1658247	4938	OAS1	VIR_M1a;VIR_M1b	EXACT_ENTREZ_WITH_EXACT_SYMBOL_SUPPORT	FALSE	4	OAS1	4938	OAS1	8.23385805208219	7.9584961805	2.17675276812895	1.47538224475183	6.080634612	11.5816771	8.2237200155	FALSE	1	2.17675276812895	TRUE	1
ILMN_1675640	4938	OAS1	VIR_M1a;VIR_M1b	EXACT_ENTREZ_WITH_EXACT_SYMBOL_SUPPORT	FALSE	4	OAS1	4938	OAS1	7.98252986908219	7.873156355	1.404254191671	1.18501231709675	5.915070186	10.5046981	8.2237200155	FALSE	1	2.17675276812895	FALSE	1
ILMN_1672606	4938	OAS1	VIR_M1a;VIR_M1b	EXACT_ENTREZ_WITH_EXACT_SYMBOL_SUPPORT	FALSE	4	OAS1	4938	OAS1	6.23061941909589	6.142486306	0.196942425770446	0.44378195746385	5.565840672	7.961854274	8.2237200155	FALSE	1	2.17675276812895	FALSE	1
ILMN_1674063	4939	OAS2	VIR_M1a;VIR_M1b	EXACT_ENTREZ_WITH_EXACT_SYMBOL_SUPPORT	FALSE	4	OAS2	4939	OAS2	10.5910237955548	10.486420385	1.9031885666108	1.37956100503414	7.17385531	13.25509839	10.486420385	TRUE	1	1.9031885666108	TRUE	1
ILMN_1736729	4939	OAS2	VIR_M1a;VIR_M1b	EXACT_ENTREZ_WITH_EXACT_SYMBOL_SUPPORT	FALSE	4	OAS2	4939	OAS2	7.10525724480137	6.8371108215	0.734248228864577	0.856882855975411	5.684086815	9.613810942	10.486420385	FALSE	1	1.9031885666108	FALSE	1
ILMN_2248970	4939	OAS2	VIR_M1a;VIR_M1b	EXACT_ENTREZ_WITH_EXACT_SYMBOL_SUPPORT	FALSE	4	OAS2	4939	OAS2	7.02376490036986	6.806178269	0.496119873032343	0.704357773459158	5.864376372	8.804330915	10.486420385	FALSE	1	1.9031885666108	FALSE	1
ILMN_1709333	4939	OAS2	VIR_M1a;VIR_M1b	EXACT_ENTREZ_WITH_EXACT_SYMBOL_SUPPORT	FALSE	4	OAS2	4939	OAS2	6.15387352417808	6.1185379795	0.133616902947843	0.365536459122538	5.456752517	7.857809585	10.486420385	FALSE	1	1.9031885666108	FALSE	1
ILMN_1745397	4940	OAS3	VIR_M1a;VIR_M1b	EXACT_ENTREZ_WITH_EXACT_SYMBOL_SUPPORT	FALSE	2	OAS3	4940	OAS3	8.51031852344521	8.4242722685	2.55884997565846	1.599640577023	6.11272473	12.27953908	8.4242722685	TRUE	1	2.55884997565846	TRUE	1
ILMN_2184262	4940	OAS3	VIR_M1a;VIR_M1b	EXACT_ENTREZ_WITH_EXACT_SYMBOL_SUPPORT	FALSE	2	OAS3	4940	OAS3	6.17752535484247	6.123773206	0.126745978875974	0.356014014999374	5.57882415	8.037854637	8.4242722685	FALSE	1	2.55884997565846	FALSE	1
ILMN_1674811	8638	OASL	VIR_M1a;VIR_M1b	EXACT_ENTREZ_WITH_EXACT_SYMBOL_SUPPORT	FALSE	2	OASL	8638	OASL	8.598957092	8.5186575425	2.14563431137702	1.46479838591426	6.154677258	12.35227644	8.5186575425	TRUE	1	2.14563431137702	TRUE	1
ILMN_1681721	8638	OASL	VIR_M1a;VIR_M1b	EXACT_ENTREZ_WITH_EXACT_SYMBOL_SUPPORT	FALSE	2	OASL	8638	OASL	7.07622979873973	6.782174978	1.01565186278424	1.00779554612245	5.559113109	10.90983329	8.5186575425	FALSE	1	2.14563431137702	FALSE	1
ILMN_1708203	54726	OTUD4	VIR_M1a	EXACT_ENTREZ_WITH_EXACT_SYMBOL_SUPPORT	FALSE	3	OTUD4	54726	OTUD4	6.49160350699315	6.4447362975	0.0496535717684842	0.22283081422569	5.932565631	7.284043595	6.4447362975	TRUE	1	0.0496535717684842	TRUE	1
ILMN_2287604	54726	OTUD4	VIR_M1a	EXACT_ENTREZ_WITH_EXACT_SYMBOL_SUPPORT	FALSE	3	OTUD4	54726	OTUD4	5.98132973683562	6.0032277625	0.0099551035545586	0.0997752652442408	5.695383729	6.182196273	6.4447362975	FALSE	1	0.0496535717684842	FALSE	1
ILMN_2394975	54726	OTUD4	VIR_M1a	EXACT_ENTREZ_WITH_EXACT_SYMBOL_SUPPORT	FALSE	3	OTUD4	54726	OTUD4	5.81335868889041	5.810619415	0.0158251800791196	0.125798172002297	5.556072201	6.159441727	6.4447362975	FALSE	1	0.0496535717684842	FALSE	1
ILMN_1759326	5027	P2RX7	VIR_M2	EXACT_ENTREZ_WITH_EXACT_SYMBOL_SUPPORT	FALSE	1	P2RX7	5027	P2RX7	7.70446394134247	7.655294181	0.165955943720579	0.407376906219018	6.883658249	8.836580241	7.655294181	TRUE	1	0.165955943720579	TRUE	1
ILMN_1697817	24145	PANX1	VIR_M2	EXACT_ENTREZ_WITH_EXACT_SYMBOL_SUPPORT	FALSE	1	PANX1	24145	PANX1	6.05163690190411	6.1031325415	0.0201524377857538	0.141959282140175	5.586567775	6.430281185	6.1031325415	TRUE	1	0.0201524377857538	TRUE	1
ILMN_1691731	54625	PARP14	VIR_M1a	EXACT_ENTREZ_WITH_EXACT_SYMBOL_SUPPORT	FALSE	1	PARP14	54625	PARP14	8.31023792342466	8.207662051	0.690162720194685	0.830760326565181	6.759398586	10.41826553	8.207662051	TRUE	1	0.690162720194685	TRUE	1
ILMN_1731224	83666	PARP9	VIR_M1a	EXACT_ENTREZ_WITH_EXACT_SYMBOL_SUPPORT	FALSE	2	PARP9	83666	PARP9	9.58398411480822	9.756454399	0.850357590696571	0.92214835612095	7.715218442	11.61760141	9.756454399	TRUE	1	0.850357590696571	TRUE	1
ILMN_2053527	83666	PARP9	VIR_M1a	EXACT_ENTREZ_WITH_EXACT_SYMBOL_SUPPORT	FALSE	2	PARP9	83666	PARP9	7.23780320449315	7.181512843	0.404891820750643	0.636311103746149	6.053693433	9.139227398	9.756454399	FALSE	1	0.850357590696571	FALSE	1
ILMN_1759297	23598	PATZ1	VIR_M2	EXACT_ENTREZ_WITH_EXACT_SYMBOL_SUPPORT	FALSE	3	PATZ1	23598	PATZ1	6.10842062923973	6.148528654	0.0196781401060968	0.140278794213868	5.457572269	6.36691028	6.148528654	TRUE	1	0.0221612986091459	FALSE	1
ILMN_2401844	23598	PATZ1	VIR_M2	EXACT_ENTREZ_WITH_EXACT_SYMBOL_SUPPORT	FALSE	3	PATZ1	23598	PATZ1	5.97951926328082	6.0018957025	0.0221612986091459	0.148866714241787	5.432530985	6.274862319	6.148528654	FALSE	1	0.0221612986091459	TRUE	1
ILMN_1660611	23598	PATZ1	VIR_M2	EXACT_ENTREZ_WITH_EXACT_SYMBOL_SUPPORT	FALSE	3	PATZ1	23598	PATZ1	5.74727542971918	5.7406059725	0.0147611203021445	0.121495350948686	5.462745278	5.993336185	6.148528654	FALSE	1	0.0221612986091459	FALSE	1
ILMN_1760303	5295	PIK3R1	VIR_M2	EXACT_ENTREZ_WITH_EXACT_SYMBOL_SUPPORT	FALSE	5	PIK3R1	5295	PIK3R1	8.0745991175548	8.0382202915	0.127652736462811	0.357285231240826	7.254681885	9.051674146	8.0382202915	TRUE	1	0.127652736462811	TRUE	1
ILMN_2398235	5295	PIK3R1	VIR_M2	EXACT_ENTREZ_WITH_EXACT_SYMBOL_SUPPORT	FALSE	5	PIK3R1	5295	PIK3R1	6.20632309528767	6.2026931315	0.0170430605929771	0.130549073504859	5.697524943	6.528882893	8.0382202915	FALSE	1	0.127652736462811	FALSE	1
ILMN_1691433	5295	PIK3R1	VIR_M2	EXACT_ENTREZ_WITH_EXACT_SYMBOL_SUPPORT	FALSE	5	PIK3R1	5295	PIK3R1	6.00798933384932	6.038344636	0.0186707266441476	0.136640867401183	5.469814242	6.36517718	8.0382202915	FALSE	1	0.127652736462811	FALSE	1
ILMN_1689057	5295	PIK3R1	VIR_M2	EXACT_ENTREZ_WITH_EXACT_SYMBOL_SUPPORT	FALSE	5	PIK3R1	5295	PIK3R1	5.95889130207534	5.978534385	0.015021082187347	0.12256052458825	5.522024795	6.32590259	8.0382202915	FALSE	1	0.127652736462811	FALSE	1
ILMN_2289433	5295	PIK3R1	VIR_M2	EXACT_ENTREZ_WITH_EXACT_SYMBOL_SUPPORT	FALSE	5	PIK3R1	5295	PIK3R1	5.76882361020548	5.7711550715	0.0219537929931959	0.148168124079358	5.379891873	6.142065845	8.0382202915	FALSE	1	0.127652736462811	FALSE	1
ILMN_1748283	11040	PIM2	VIR_M1a	EXACT_ENTREZ_WITH_EXACT_SYMBOL_SUPPORT	FALSE	1	PIM2	11040	PIM2	9.98542384573288	10.0414184	0.260722985614436	0.510610404921831	8.006621088	11.03862489	10.0414184	TRUE	1	0.260722985614436	TRUE	1
ILMN_1695490	122618	PLD4	VIR_M1a	EXACT_ENTREZ_WITH_EXACT_SYMBOL_SUPPORT	FALSE	1	PLD4	122618	PLD4	6.03504639183562	6.046317976	0.0161741495822009	0.127177630038466	5.617534016	6.505148635	6.046317976	TRUE	1	0.0161741495822009	TRUE	1
ILMN_1802628	403313	PLPP6	VIR_M1a	EXACT_ENTREZ_HISTORICAL_OR_ALTERNATE_SYMBOL	TRUE	1	PPAPDC2	403313	PPAPDC2	6.40248508043836	6.3849758825	0.030850031255783	0.175641769678465	5.928629452	6.938469777	6.3849758825	TRUE	1	0.030850031255783	TRUE	1
ILMN_1745242	5359	PLSCR1	VIR_M1a;VIR_M1b	EXACT_ENTREZ_WITH_EXACT_SYMBOL_SUPPORT	FALSE	1	PLSCR1	5359	PLSCR1	7.17017219406849	7.113262435	0.564765719973445	0.751508962004742	5.979778818	9.566290192	7.113262435	TRUE	1	0.564765719973445	TRUE	1
ILMN_2098446	5366	PMAIP1	VIR_M1a	EXACT_ENTREZ_WITH_EXACT_SYMBOL_SUPPORT	FALSE	2	PMAIP1	5366	PMAIP1	6.16297778544521	6.1497067935	0.0361505891074716	0.190133082622335	5.592201506	7.059171077	6.1497067935	TRUE	1	0.0361505891074716	TRUE	1
ILMN_1689525	5366	PMAIP1	VIR_M1a	EXACT_ENTREZ_WITH_EXACT_SYMBOL_SUPPORT	FALSE	2	PMAIP1	5366	PMAIP1	6.06393166938356	6.0848303355	0.0110560771048037	0.105147882074741	5.721328112	6.45510845	6.1497067935	FALSE	1	0.0361505891074716	FALSE	1
ILMN_1728019	5371	PML	VIR_M1a	EXACT_ENTREZ_WITH_EXACT_SYMBOL_SUPPORT	FALSE	7	PML	5371	PML	7.5152431325548	7.4039827405	0.479596220232175	0.692528858772091	6.328365585	9.764136968	7.4039827405	TRUE	1	0.479596220232175	TRUE	1
ILMN_1750861	5371	PML	VIR_M1a	EXACT_ENTREZ_WITH_EXACT_SYMBOL_SUPPORT	FALSE	7	PML	5371	PML	6.14779433382877	6.1420677225	0.0128053631577291	0.113160784540092	5.682430792	6.678376217	7.4039827405	FALSE	1	0.479596220232175	FALSE	1
ILMN_1811588	5371	PML	VIR_M1a	EXACT_ENTREZ_WITH_EXACT_SYMBOL_SUPPORT	FALSE	7	PML	5371	PML	6.16068367470548	6.1417594945	0.0834569801065208	0.288889217705543	5.60597298	7.737844106	7.4039827405	FALSE	1	0.479596220232175	FALSE	1
ILMN_1731299	5371	PML	VIR_M1a	EXACT_ENTREZ_WITH_EXACT_SYMBOL_SUPPORT	FALSE	7	PML	5371	PML	6.07418539631507	6.093129589	0.0300872554610173	0.173456782689572	5.598493341	6.682859089	7.4039827405	FALSE	1	0.479596220232175	FALSE	1
ILMN_2398378	5371	PML	VIR_M1a	EXACT_ENTREZ_WITH_EXACT_SYMBOL_SUPPORT	FALSE	7	PML	5371	PML	6.07788717122603	6.0928416965	0.0400090411366549	0.200022601564561	5.630263248	7.090358236	7.4039827405	FALSE	1	0.479596220232175	FALSE	1
ILMN_2248192	5371	PML	VIR_M1a	EXACT_ENTREZ_WITH_EXACT_SYMBOL_SUPPORT	FALSE	7	PML	5371	PML	6.07937532729452	6.091771826	0.00919525336429008	0.0958918837247975	5.829911974	6.424141823	7.4039827405	FALSE	1	0.479596220232175	FALSE	1
ILMN_1808599	5371	PML	VIR_M1a	EXACT_ENTREZ_WITH_EXACT_SYMBOL_SUPPORT	FALSE	7	PML	5371	PML	6.02115671583562	6.027591779	0.0136889951172039	0.116999979133348	5.745433938	6.438225719	7.4039827405	FALSE	1	0.479596220232175	FALSE	1
ILMN_1655077	639	PRDM1	VIR_M1a	EXACT_ENTREZ_WITH_EXACT_SYMBOL_SUPPORT	FALSE	4	PRDM1	639	PRDM1	7.45980207472603	7.406612634	0.274455665129383	0.523885164066882	6.154677258	9.373022251	7.406612634	TRUE	1	0.274455665129383	TRUE	1
ILMN_2294784	639	PRDM1	VIR_M1a	EXACT_ENTREZ_WITH_EXACT_SYMBOL_SUPPORT	FALSE	4	PRDM1	639	PRDM1	6.21117849191781	6.189355481	0.0399099629523622	0.199774780571428	5.749235705	7.551985136	7.406612634	FALSE	1	0.274455665129383	FALSE	1
ILMN_2298159	639	PRDM1	VIR_M1a	EXACT_ENTREZ_WITH_EXACT_SYMBOL_SUPPORT	FALSE	4	PRDM1	639	PRDM1	6.0487671859863	6.0681632885	0.0180189691341311	0.134234753823781	5.71787684	6.606931944	7.406612634	FALSE	1	0.274455665129383	FALSE	1
ILMN_2414165	639	PRDM1	VIR_M1a	EXACT_ENTREZ_WITH_EXACT_SYMBOL_SUPPORT	FALSE	4	PRDM1	639	PRDM1	5.99223683676027	6.039526558	0.0289992567694413	0.170291681445223	5.51716148	6.367013014	7.406612634	FALSE	1	0.274455665129383	FALSE	1
ILMN_1740633	5551	PRF1	VIR_M1a	EXACT_ENTREZ_WITH_EXACT_SYMBOL_SUPPORT	FALSE	1	PRF1	5551	PRF1	8.57183699819863	8.5546919045	1.02348682468461	1.01167525653473	6.532600952	10.82627849	8.5546919045	TRUE	1	1.02348682468461	TRUE	1
ILMN_1758474	8575	PRKRA	VIR_M1a;VIR_M2	EXACT_ENTREZ_WITH_EXACT_SYMBOL_SUPPORT	FALSE	1	PRKRA	8575	PRKRA	7.17161627796575	7.1647047645	0.103569987152281	0.321822912721082	6.330035121	7.782304817	7.1647047645	TRUE	1	0.103569987152281	TRUE	1
ILMN_1795930	5734	PTGER4	VIR_M2	EXACT_ENTREZ_WITH_EXACT_SYMBOL_SUPPORT	FALSE	1	PTGER4	5734	PTGER4	7.4430032075274	7.4371713555	0.20465322114769	0.452386141639739	6.297113072	8.517269745	7.4371713555	TRUE	1	0.20465322114769	TRUE	1
ILMN_1778236	5781	PTPN11	VIR_M1b	EXACT_ENTREZ_WITH_EXACT_SYMBOL_SUPPORT	FALSE	1	PTPN11	5781	PTPN11	7.46864946128767	7.4850692945	0.160774743229775	0.400967259548426	6.504895489	8.382829472	7.4850692945	TRUE	1	0.160774743229775	TRUE	1
ILMN_1656011	5996	RGS1	VIR_M2	EXACT_ENTREZ_WITH_EXACT_SYMBOL_SUPPORT	FALSE	1	RGS1	5996	RGS1	6.09241056047945	6.0563166475	0.120039551107386	0.34646724391692	5.693854045	8.509878459	6.0563166475	TRUE	1	0.120039551107386	TRUE	1
ILMN_1797001	23586	RIGI	VIR_M1a;VIR_M1b	EXACT_ENTREZ_HISTORICAL_OR_ALTERNATE_SYMBOL	TRUE	1	DDX58	23586	DDX58	7.38092479879452	7.192969963	0.732119560379745	0.855639854366161	6.061452647	10.35930101	7.192969963	TRUE	1	0.732119560379745	TRUE	1
ILMN_1758939	8767	RIPK2	VIR_M1a;VIR_M1b;VIR_M2	EXACT_ENTREZ_WITH_EXACT_SYMBOL_SUPPORT	FALSE	1	RIPK2	8767	RIPK2	7.42001972656849	7.302266391	0.179610181108303	0.423804413743301	6.648282075	9.262785797	7.302266391	TRUE	1	0.179610181108303	TRUE	1
ILMN_1762747	6138	RPL15	BACT_M1	EXACT_ENTREZ_WITH_EXACT_SYMBOL_SUPPORT	FALSE	1	RPL15	6138	RPL15	10.1089102200685	10.203911525	0.612886875073704	0.782870918525975	7.968192099	11.6530954	10.203911525	TRUE	1	0.612886875073704	TRUE	1
ILMN_1658283	6139	RPL17	BACT_M1	EXACT_ENTREZ_WITH_EXACT_SYMBOL_SUPPORT	FALSE	3	RPL17	6139	RPL17	10.6732386882534	10.70698779	1.56633391612538	1.2515326268721	7.768350702	12.77915118	10.70698779	TRUE	1	1.63095934392829	FALSE	1
ILMN_2383097	6139	RPL17	BACT_M1	EXACT_ENTREZ_WITH_EXACT_SYMBOL_SUPPORT	FALSE	3	RPL17	6139	RPL17	10.6688142060342	10.70231953	1.63095934392829	1.27709018629394	7.756331263	13.00390354	10.70698779	FALSE	1	1.63095934392829	TRUE	1
ILMN_1655422	6139	RPL17	BACT_M1	EXACT_ENTREZ_WITH_EXACT_SYMBOL_SUPPORT	FALSE	3	RPL17	6139	RPL17	8.3247651244726	8.245291673	0.597315383004719	0.772861813654109	6.770981256	10.50637197	10.70698779	FALSE	1	1.63095934392829	FALSE	1
ILMN_1755115	9349	RPL23	BACT_M1	EXACT_ENTREZ_WITH_EXACT_SYMBOL_SUPPORT	FALSE	1	RPL23	9349	RPL23	8.35240534413699	8.0477174095	1.36644838019392	1.16895182971494	6.233333064	10.96675345	8.0477174095	TRUE	1	1.36644838019392	TRUE	1
ILMN_1731546	6154	RPL26	BACT_M1	EXACT_ENTREZ_WITH_EXACT_SYMBOL_SUPPORT	FALSE	1	RPL26	6154	RPL26	8.16775834604795	7.8390475835	1.81444256623734	1.34701245957019	6.226122502	11.49802003	7.8390475835	TRUE	1	1.81444256623734	TRUE	1
ILMN_2110532	51121	RPL26L1	BACT_M1	EXACT_ENTREZ_WITH_EXACT_SYMBOL_SUPPORT	FALSE	2	RPL26L1	51121	RPL26L1	7.08618651252055	7.005121691	0.36511836005023	0.604250246214456	6.177000685	8.908267913	7.005121691	TRUE	1	0.36511836005023	TRUE	1
ILMN_1776586	51121	RPL26L1	BACT_M1	EXACT_ENTREZ_WITH_EXACT_SYMBOL_SUPPORT	FALSE	2	RPL26L1	51121	RPL26L1	6.46982070706849	6.352487789	0.134216901183788	0.366356249003327	5.864148138	7.46981371	7.005121691	FALSE	1	0.36511836005023	FALSE	1
ILMN_1656807	6155	RPL27	BACT_M1	EXACT_ENTREZ_WITH_EXACT_SYMBOL_SUPPORT	FALSE	1	RPL27	6155	RPL27	12.0024443727877	12.094898185	0.729258332346748	0.853966236069523	9.455902568	13.56323865	12.094898185	TRUE	1	0.729258332346748	TRUE	1
ILMN_1737517	6159	RPL29	BACT_M1	EXACT_ENTREZ_WITH_EXACT_SYMBOL_SUPPORT	FALSE	2	RPL29	6159	RPL29	6.40256504892466	6.346494143	0.0595493235955086	0.244027300922476	5.93433413	7.338419606	6.346494143	TRUE	1	0.0595493235955086	TRUE	1
ILMN_1771051	6159	RPL29	BACT_M1	EXACT_ENTREZ_WITH_EXACT_SYMBOL_SUPPORT	FALSE	2	RPL29	6159	RPL29	6.36430849482192	6.3007151915	0.0562970873072713	0.237270072506566	5.782581588	7.23170492	6.346494143	FALSE	1	0.0595493235955086	FALSE	1
ILMN_1754195	6160	RPL31	BACT_M1	EXACT_ENTREZ_WITH_EXACT_SYMBOL_SUPPORT	FALSE	1	RPL31	6160	RPL31	8.75743474289041	8.60168533	1.79954049344704	1.34146952758795	6.2788131	11.68651105	8.60168533	TRUE	1	1.79954049344704	TRUE	1
ILMN_1706873	6164	RPL34	BACT_M1	EXACT_ENTREZ_WITH_EXACT_SYMBOL_SUPPORT	FALSE	2	RPL34	6164	RPL34	6.87970058014384	6.763284268	0.306364867310282	0.553502364322215	6.046755542	8.530575493	6.763284268	TRUE	1	0.306364867310282	TRUE	1
ILMN_1774823	6164	RPL34	BACT_M1	EXACT_ENTREZ_WITH_EXACT_SYMBOL_SUPPORT	FALSE	2	RPL34	6164	RPL34	6.45039721669178	6.301683069	0.205416744950858	0.453229241058934	5.901036503	8.055374271	6.763284268	FALSE	1	0.306364867310282	FALSE	1
ILMN_1750507	6133	RPL9	BACT_M1	EXACT_ENTREZ_WITH_EXACT_SYMBOL_SUPPORT	FALSE	3	RPL9	6133	RPL9	10.9614888771849	11.03159204	1.52608665327778	1.23534879822574	8.061696819	13.09031571	11.03159204	TRUE	1	1.52608665327778	TRUE	1
ILMN_2408415	6133	RPL9	BACT_M1	EXACT_ENTREZ_WITH_EXACT_SYMBOL_SUPPORT	FALSE	3	RPL9	6133	RPL9	8.41152346141096	8.2747782075	1.38426830433988	1.1765493208276	6.372628329	11.43859465	11.03159204	FALSE	1	1.52608665327778	FALSE	1
ILMN_1729033	6133	RPL9	BACT_M1	EXACT_ENTREZ_WITH_EXACT_SYMBOL_SUPPORT	FALSE	3	RPL9	6133	RPL9	6.94870410018493	6.8381287645	0.276471456517911	0.525805531083414	6.126997174	8.774802339	11.03159204	FALSE	1	1.52608665327778	FALSE	1
ILMN_1709880	6175	RPLP0	BACT_M1	EXACT_ENTREZ_WITH_EXACT_SYMBOL_SUPPORT	FALSE	3	RPLP0	6175	RPLP0	12.0474644327123	12.10260945	0.571178214958841	0.755763332637169	9.384108176	13.37266054	12.10260945	TRUE	1	0.571178214958841	TRUE	1
ILMN_1745075	6175	RPLP0	BACT_M1	EXACT_ENTREZ_WITH_EXACT_SYMBOL_SUPPORT	FALSE	3	RPLP0	6175	RPLP0	8.43365489270548	8.3627111075	0.350021187434815	0.591625884689654	6.838404797	10.01712146	12.10260945	FALSE	1	0.571178214958841	FALSE	1
ILMN_2402090	6175	RPLP0	BACT_M1	EXACT_ENTREZ_WITH_EXACT_SYMBOL_SUPPORT	FALSE	3	RPLP0	6175	RPLP0	5.75627469115069	5.7566621835	0.0168535387986686	0.129821180085026	5.289875111	6.056263756	12.10260945	FALSE	1	0.571178214958841	FALSE	1
ILMN_1787949	6210	RPS15A	BACT_M1	EXACT_ENTREZ_WITH_EXACT_SYMBOL_SUPPORT	FALSE	3	RPS15A	6210	RPS15A	12.112776862	12.27097554	0.926353310579098	0.962472498609232	9.565884621	13.66597267	12.27097554	TRUE	1	1.02008394542132	FALSE	1
ILMN_2337241	6210	RPS15A	BACT_M1	EXACT_ENTREZ_WITH_EXACT_SYMBOL_SUPPORT	FALSE	3	RPS15A	6210	RPS15A	10.4103896115069	10.499514885	1.02008394542132	1.0099920521575	7.608342127	12.23374548	12.27097554	FALSE	1	1.02008394542132	TRUE	1
ILMN_2255310	6210	RPS15A	BACT_M1	EXACT_ENTREZ_WITH_EXACT_SYMBOL_SUPPORT	FALSE	3	RPS15A	6210	RPS15A	9.40319891280137	9.4212478105	0.833913544525505	0.913188668636172	6.92366515	11.73557625	12.27097554	FALSE	1	1.02008394542132	FALSE	1
ILMN_1656625	6229	RPS24	BACT_M1	EXACT_ENTREZ_WITH_EXACT_SYMBOL_SUPPORT	FALSE	2	RPS24	6229	RPS24	9.56069312516438	9.403291381	1.33091797872517	1.15365418506811	7.067242773	12.1386512	9.403291381	TRUE	1	1.33091797872517	TRUE	1
ILMN_2399893	6229	RPS24	BACT_M1	EXACT_ENTREZ_WITH_EXACT_SYMBOL_SUPPORT	FALSE	2	RPS24	6229	RPS24	6.26289073638356	6.145655433	0.174988446260974	0.418316203679674	5.455157506	7.83640742	9.403291381	FALSE	1	1.33091797872517	FALSE	1
ILMN_1660498	6232	RPS27	BACT_M1	EXACT_ENTREZ_WITH_EXACT_SYMBOL_SUPPORT	FALSE	3	RPS27	6232	RPS27	12.9703597667123	13.16999273	0.544554485459612	0.737939350800329	10.40282545	13.95704884	13.16999273	TRUE	1	1.10344076337441	FALSE	1
ILMN_2160819	6232	RPS27	BACT_M1	EXACT_ENTREZ_WITH_EXACT_SYMBOL_SUPPORT	FALSE	3	RPS27	6232	RPS27	12.8349893123973	12.96730418	0.594244713839177	0.770872696260009	10.21278061	14.14860463	13.16999273	FALSE	1	1.10344076337441	FALSE	1
ILMN_1696839	6232	RPS27	BACT_M1	EXACT_ENTREZ_WITH_EXACT_SYMBOL_SUPPORT	FALSE	3	RPS27	6232	RPS27	9.87680862541781	9.871646106	1.10344076337441	1.0504478870341	7.196080053	11.97431555	13.16999273	FALSE	1	1.10344076337441	TRUE	1
ILMN_2139943	6189	RPS3A	BACT_M1	EXACT_ENTREZ_WITH_EXACT_SYMBOL_SUPPORT	FALSE	3	RPS3A	6189	RPS3A	10.4847239843082	10.625575865	1.62862511874222	1.2761759748335	7.553809918	12.59726879	10.625575865	TRUE	1	1.62862511874222	TRUE	1
ILMN_1657722	6189	RPS3A	BACT_M1	EXACT_ENTREZ_WITH_EXACT_SYMBOL_SUPPORT	FALSE	3	RPS3A	6189	RPS3A	10.2666658996507	10.28362757	1.39219094553585	1.17991141427476	7.425136657	12.31271461	10.625575865	FALSE	1	1.62862511874222	FALSE	1
ILMN_1673638	6189	RPS3A	BACT_M1	EXACT_ENTREZ_WITH_EXACT_SYMBOL_SUPPORT	FALSE	3	RPS3A	6189	RPS3A	10.094463254863	10.085016955	1.42556509649454	1.19397030804562	7.478042188	12.21524271	10.625575865	FALSE	1	1.62862511874222	FALSE	1
ILMN_1783142	6192	RPS4Y1	BACT_M1	EXACT_ENTREZ_WITH_EXACT_SYMBOL_SUPPORT	FALSE	1	RPS4Y1	6192	RPS4Y1	8.34442780395206	9.305845109	4.76581742440643	2.18307522188459	5.519577839	11.50132188	9.305845109	TRUE	1	4.76581742440643	TRUE	1
ILMN_1750722	6201	RPS7	BACT_M1	EXACT_ENTREZ_WITH_EXACT_SYMBOL_SUPPORT	FALSE	2	RPS7	6201	RPS7	6.32976912114384	6.2772790565	0.0739305960740217	0.271901813296678	5.775714893	7.585858922	6.2772790565	TRUE	1	0.0739305960740217	TRUE	1
ILMN_2070072	6201	RPS7	BACT_M1	EXACT_ENTREZ_WITH_EXACT_SYMBOL_SUPPORT	FALSE	2	RPS7	6201	RPS7	6.13972156641096	6.127937187	0.066939030792482	0.258725783006801	5.561009366	7.223488807	6.2772790565	FALSE	1	0.0739305960740217	FALSE	1
ILMN_1749447	6203	RPS9	BACT_M1	EXACT_ENTREZ_WITH_EXACT_SYMBOL_SUPPORT	FALSE	2	RPS9	6203	RPS9	11.9569646447945	11.97457271	0.300172967571853	0.547880431820533	10.09292177	13.24052838	11.97457271	TRUE	1	0.320550216773486	FALSE	1
ILMN_2038772	6203	RPS9	BACT_M1	EXACT_ENTREZ_WITH_EXACT_SYMBOL_SUPPORT	FALSE	2	RPS9	6203	RPS9	11.7582203197671	11.80757563	0.320550216773486	0.566171543592122	9.957836806	13.07890784	11.97457271	FALSE	1	0.320550216773486	TRUE	1
ILMN_1657871	91543	RSAD2	VIR_M1a;VIR_M1b	EXACT_ENTREZ_WITH_EXACT_SYMBOL_SUPPORT	FALSE	1	RSAD2	91543	RSAD2	8.44276418379452	8.450099675	3.15128340422005	1.77518545628902	5.963971499	12.37141559	8.450099675	TRUE	1	3.15128340422005	TRUE	1
ILMN_2173975	64108	RTP4	VIR_M1a	EXACT_ENTREZ_WITH_EXACT_SYMBOL_SUPPORT	FALSE	1	RTP4	64108	RTP4	6.91542013684247	6.776896666	0.497204771564817	0.70512748603697	6.02513053	8.949306533	6.776896666	TRUE	1	0.497204771564817	TRUE	1
ILMN_1814305	54809	SAMD9	VIR_M1a	EXACT_ENTREZ_WITH_EXACT_SYMBOL_SUPPORT	FALSE	1	SAMD9	54809	SAMD9	8.79236089587671	8.720549725	0.78676687316536	0.886998801107059	6.857226598	10.96697971	8.720549725	TRUE	1	0.78676687316536	TRUE	1
ILMN_1789464	256987	SERINC5	VIR_M1a	EXACT_ENTREZ_WITH_EXACT_SYMBOL_SUPPORT	FALSE	1	SERINC5	256987	SERINC5	6.22602235386301	6.200346881	0.0419274169876965	0.204761854327647	5.729372866	6.85825987	6.200346881	TRUE	1	0.0419274169876965	TRUE	1
ILMN_1742052	5272	SERPINB9	VIR_M2	EXACT_ENTREZ_WITH_EXACT_SYMBOL_SUPPORT	FALSE	2	SERPINB9	5272	SERPINB9	6.38730224136301	6.348200796	0.0350883537538217	0.187318855841642	5.995716827	7.031148201	6.348200796	TRUE	1	0.0350883537538217	TRUE	1
ILMN_2184250	5272	SERPINB9	VIR_M2	EXACT_ENTREZ_WITH_EXACT_SYMBOL_SUPPORT	FALSE	2	SERPINB9	5272	SERPINB9	5.95149145995206	5.9599795225	0.0141419429719906	0.118919901496724	5.651660809	6.183779873	6.348200796	FALSE	1	0.0350883537538217	FALSE	1
ILMN_1670305	710	SERPING1	VIR_M1a	EXACT_ENTREZ_WITH_EXACT_SYMBOL_SUPPORT	FALSE	2	SERPING1	710	SERPING1	7.49317679441781	7.067172552	1.77322575311489	1.33162522997835	5.86416737	11.38804496	7.067172552	TRUE	1	1.77322575311489	TRUE	1
ILMN_1711272	710	SERPING1	VIR_M1a	EXACT_ENTREZ_WITH_EXACT_SYMBOL_SUPPORT	FALSE	2	SERPING1	710	SERPING1	6.12009059656164	6.103642567	0.0285841974353209	0.169068617535369	5.794098145	7.059211983	7.067172552	FALSE	1	1.77322575311489	FALSE	1
ILMN_1701237	117157	SH2D1B	VIR_M1a	EXACT_ENTREZ_WITH_EXACT_SYMBOL_SUPPORT	FALSE	1	SH2D1B	117157	SH2D1B	6.31901511870548	6.2461354525	0.101799498896263	0.31906033739132	5.659438859	7.259409881	6.2461354525	TRUE	1	0.101799498896263	TRUE	1
ILMN_1739083	23411	SIRT1	VIR_M2	EXACT_ENTREZ_WITH_EXACT_SYMBOL_SUPPORT	FALSE	1	SIRT1	23411	SIRT1	6.78101413034247	6.7693478615	0.0945270445379078	0.307452507776255	6.057713011	7.593672081	6.7693478615	TRUE	1	0.0945270445379078	TRUE	1
ILMN_1743770	9016	SLC25A14	BACT_M2	EXACT_ENTREZ_WITH_EXACT_SYMBOL_SUPPORT	FALSE	2	SLC25A14	9016	SLC25A14	6.47093521815754	6.4696005795	0.0330002984946759	0.181659842823547	5.913400252	6.887359437	6.4696005795	TRUE	1	0.0330002984946759	TRUE	1
ILMN_2347044	9016	SLC25A14	BACT_M2	EXACT_ENTREZ_WITH_EXACT_SYMBOL_SUPPORT	FALSE	2	SLC25A14	9016	SLC25A14	6.08242984178082	6.1120527795	0.0106756781469523	0.10332317332986	5.598576747	6.240375512	6.4696005795	FALSE	1	0.0330002984946759	FALSE	1
ILMN_1752520	91607	SLFN11	VIR_M1a	EXACT_ENTREZ_WITH_EXACT_SYMBOL_SUPPORT	FALSE	2	SLFN11	91607	SLFN11	7.88875196226027	7.9147124225	0.158037597068749	0.397539428319694	6.736655513	8.954224803	7.9147124225	TRUE	1	0.158037597068749	TRUE	1
ILMN_2162860	91607	SLFN11	VIR_M1a	EXACT_ENTREZ_WITH_EXACT_SYMBOL_SUPPORT	FALSE	2	SLFN11	91607	SLFN11	6.56025624815753	6.5557128685	0.0512925674201495	0.226478624642922	5.899505333	7.286792428	7.9147124225	FALSE	1	0.158037597068749	FALSE	1
ILMN_2215862	146857	SLFN13	VIR_M1a	EXACT_ENTREZ_WITH_EXACT_SYMBOL_SUPPORT	FALSE	1	SLFN13	146857	SLFN13	6.30506902667808	6.271211437	0.0441985308868444	0.210234466457915	5.899706292	7.576348947	6.271211437	TRUE	1	0.0441985308868444	TRUE	1
ILMN_1682738	4088	SMAD3	VIR_M2	EXACT_ENTREZ_WITH_EXACT_SYMBOL_SUPPORT	FALSE	1	SMAD3	4088	SMAD3	7.37934114681507	7.4243616715	0.122887758577264	0.350553503159309	6.378950854	8.112661586	7.4243616715	TRUE	1	0.122887758577264	TRUE	1
ILMN_1719660	27293	SMPDL3B	VIR_M1a	EXACT_ENTREZ_WITH_EXACT_SYMBOL_SUPPORT	FALSE	3	SMPDL3B	27293	SMPDL3B	5.99131108703425	6.003757996	0.0146489920149575	0.121033020349645	5.608263459	6.346388865	6.003757996	TRUE	1	0.0197977836524847	FALSE	1
ILMN_1678095	27293	SMPDL3B	VIR_M1a	EXACT_ENTREZ_WITH_EXACT_SYMBOL_SUPPORT	FALSE	3	SMPDL3B	27293	SMPDL3B	5.89257706210959	5.907583891	0.0174981172394097	0.132280449195675	5.301279487	6.154299562	6.003757996	FALSE	1	0.0197977836524847	FALSE	1
ILMN_1789913	27293	SMPDL3B	VIR_M1a	EXACT_ENTREZ_WITH_EXACT_SYMBOL_SUPPORT	FALSE	3	SMPDL3B	27293	SMPDL3B	5.83950681769863	5.832699262	0.0197977836524847	0.140704597126337	5.513868393	6.278562912	6.003757996	FALSE	1	0.0197977836524847	TRUE	1
ILMN_1774733	8651	SOCS1	VIR_M2	EXACT_ENTREZ_WITH_EXACT_SYMBOL_SUPPORT	FALSE	1	SOCS1	8651	SOCS1	7.28549841081507	7.0778340375	0.711148644428158	0.843296296937297	6.2605048	9.934736038	7.0778340375	TRUE	1	0.711148644428158	TRUE	1
ILMN_1676099	10417	SPON2	VIR_M1a;VIR_M2	EXACT_ENTREZ_WITH_EXACT_SYMBOL_SUPPORT	FALSE	1	SPON2	10417	SPON2	6.06458568667123	6.075691902	0.052633736996008	0.229420437180317	5.507041971	6.938778231	6.075691902	TRUE	1	0.052633736996008	TRUE	1
ILMN_1729987	6714	SRC	VIR_M1a	EXACT_ENTREZ_WITH_EXACT_SYMBOL_SUPPORT	FALSE	3	SRC	6714	SRC	7.29760272232877	7.22842478	0.293141079665609	0.541425045288459	6.302558638	8.816872894	7.22842478	TRUE	1	0.293141079665609	TRUE	1
ILMN_1778253	6714	SRC	VIR_M1a	EXACT_ENTREZ_WITH_EXACT_SYMBOL_SUPPORT	FALSE	3	SRC	6714	SRC	5.9721046915548	5.9796218475	0.0125821915883689	0.112170368584439	5.678450416	6.267818841	7.22842478	FALSE	1	0.293141079665609	FALSE	1
ILMN_1685898	6714	SRC	VIR_M1a	EXACT_ENTREZ_WITH_EXACT_SYMBOL_SUPPORT	FALSE	3	SRC	6714	SRC	5.83541016494521	5.8511910665	0.0189828215497096	0.137778160641335	5.392958694	6.173605143	7.22842478	FALSE	1	0.293141079665609	FALSE	1
ILMN_1691364	6772	STAT1	VIR_M1a;VIR_M1b	EXACT_ENTREZ_WITH_EXACT_SYMBOL_SUPPORT	FALSE	3	STAT1	6772	STAT1	11.094814229137	11.26050709	1.00168461984168	1.00084195547633	8.661701835	12.90193045	11.26050709	TRUE	1	1.10338545224032	FALSE	1
ILMN_1777325	6772	STAT1	VIR_M1a;VIR_M1b	EXACT_ENTREZ_WITH_EXACT_SYMBOL_SUPPORT	FALSE	3	STAT1	6772	STAT1	10.2067153110274	10.288928295	1.01141432525635	1.00569096906373	7.873437082	12.20131181	11.26050709	FALSE	1	1.10338545224032	FALSE	1
ILMN_1690105	6772	STAT1	VIR_M1a;VIR_M1b	EXACT_ENTREZ_WITH_EXACT_SYMBOL_SUPPORT	FALSE	3	STAT1	6772	STAT1	9.09738407606849	9.186810028	1.10338545224032	1.05042155929909	6.708558328	11.3662511	11.26050709	FALSE	1	1.10338545224032	TRUE	1
ILMN_1690921	6773	STAT2	VIR_M1a;VIR_M1b	EXACT_ENTREZ_WITH_EXACT_SYMBOL_SUPPORT	FALSE	1	STAT2	6773	STAT2	10.8708450278014	10.82075189	0.855719890402972	0.925051290687696	8.743067354	13.03327736	10.82075189	TRUE	1	0.855719890402972	TRUE	1
ILMN_1715069	10010	TANK	VIR_M1a;VIR_M1b	EXACT_ENTREZ_WITH_EXACT_SYMBOL_SUPPORT	FALSE	4	TANK	10010	TANK	8.75138145222603	8.769513781	0.300072563776839	0.547788794862435	7.312745812	10.89608933	8.769513781	TRUE	1	0.300072563776839	TRUE	1
ILMN_2292387	10010	TANK	VIR_M1a;VIR_M1b	EXACT_ENTREZ_WITH_EXACT_SYMBOL_SUPPORT	FALSE	4	TANK	10010	TANK	6.1962364964726	6.174717745	0.0355431441754238	0.188528894802425	5.583902277	6.872277801	8.769513781	FALSE	1	0.300072563776839	FALSE	1
ILMN_1793849	10010	TANK	VIR_M1a;VIR_M1b	EXACT_ENTREZ_WITH_EXACT_SYMBOL_SUPPORT	FALSE	4	TANK	10010	TANK	5.91772081091096	5.9271398535	0.0115649374696299	0.10754039924433	5.623350647	6.124373881	8.769513781	FALSE	1	0.300072563776839	FALSE	1
ILMN_2372773	10010	TANK	VIR_M1a;VIR_M1b	EXACT_ENTREZ_WITH_EXACT_SYMBOL_SUPPORT	FALSE	4	TANK	10010	TANK	5.74520015393836	5.753103467	0.015016915457924	0.122543524749062	5.427222665	6.039075634	8.769513781	FALSE	1	0.300072563776839	FALSE	1
ILMN_2314007	6938	TCF12	VIR_M2	EXACT_ENTREZ_WITH_EXACT_SYMBOL_SUPPORT	FALSE	3	TCF12	6938	TCF12	6.90104813890411	6.872183425	0.0922325628346622	0.303698144272668	6.075977572	7.572784078	6.872183425	TRUE	1	0.0922325628346622	TRUE	1
ILMN_1669832	6938	TCF12	VIR_M2	EXACT_ENTREZ_WITH_EXACT_SYMBOL_SUPPORT	FALSE	3	TCF12	6938	TCF12	6.70561735569178	6.6618055735	0.0618392907255213	0.248675070575081	6.187896425	7.351059999	6.872183425	FALSE	1	0.0922325628346622	FALSE	1
ILMN_1772614	6938	TCF12	VIR_M2	EXACT_ENTREZ_WITH_EXACT_SYMBOL_SUPPORT	FALSE	3	TCF12	6938	TCF12	5.84801821828767	5.8599036405	0.0159900486255331	0.126451764026973	5.524692181	6.080441873	6.872183425	FALSE	1	0.0922325628346622	FALSE	1
ILMN_1676470	6932	TCF7	VIR_M2	EXACT_ENTREZ_WITH_EXACT_SYMBOL_SUPPORT	FALSE	6	TCF7	6932	TCF7	7.04707728870548	7.0304102095	0.264675451873621	0.514466181467374	6.020661964	8.132313798	7.0304102095	TRUE	1	0.264675451873621	TRUE	1
ILMN_2367141	6932	TCF7	VIR_M2	EXACT_ENTREZ_WITH_EXACT_SYMBOL_SUPPORT	FALSE	6	TCF7	6932	TCF7	6.85130506393836	6.796997885	0.201075040793874	0.448413916815563	5.996357611	7.904353243	7.0304102095	FALSE	1	0.264675451873621	FALSE	1
ILMN_1683986	6932	TCF7	VIR_M2	EXACT_ENTREZ_WITH_EXACT_SYMBOL_SUPPORT	FALSE	6	TCF7	6932	TCF7	6.03180128810959	6.062290896	0.0231329201797704	0.152095102418751	5.52639205	6.35567672	7.0304102095	FALSE	1	0.264675451873621	FALSE	1
ILMN_1710746	6932	TCF7	VIR_M2	EXACT_ENTREZ_WITH_EXACT_SYMBOL_SUPPORT	FALSE	6	TCF7	6932	TCF7	5.97218558668493	6.0124199655	0.0280759329700573	0.16755874483314	5.553295013	6.295242107	7.0304102095	FALSE	1	0.264675451873621	FALSE	1
ILMN_1677846	6932	TCF7	VIR_M2	EXACT_ENTREZ_WITH_EXACT_SYMBOL_SUPPORT	FALSE	6	TCF7	6932	TCF7	5.88989320535617	5.885785401	0.0149308447309938	0.122191835778802	5.574240785	6.148724881	7.0304102095	FALSE	1	0.264675451873621	FALSE	1
ILMN_1707005	6932	TCF7	VIR_M2	EXACT_ENTREZ_WITH_EXACT_SYMBOL_SUPPORT	FALSE	6	TCF7	6932	TCF7	5.84594943825343	5.843618025	0.0231142883213996	0.152033839395707	5.392714844	6.256301362	7.0304102095	FALSE	1	0.264675451873621	FALSE	1
ILMN_1784287	7049	TGFBR3	VIR_M2	EXACT_ENTREZ_WITH_EXACT_SYMBOL_SUPPORT	FALSE	1	TGFBR3	7049	TGFBR3	7.41835219191781	7.308534761	0.678399177738227	0.823649912121787	6.166362252	9.735645711	7.308534761	TRUE	1	0.678399177738227	TRUE	1
ILMN_1651346	353376	TICAM2	VIR_M1a	EXACT_ENTREZ_WITH_EXACT_SYMBOL_SUPPORT	FALSE	1	TICAM2	353376	TICAM2	7.44204305714384	7.4223709065	0.137873064574844	0.371312623775229	6.619940407	8.63855574	7.4223709065	TRUE	1	0.137873064574844	TRUE	1
ILMN_1689578	7098	TLR3	VIR_M1a;VIR_M1b;VIR_M2	EXACT_ENTREZ_WITH_EXACT_SYMBOL_SUPPORT	FALSE	2	TLR3	7098	TLR3	6.00421644478082	6.01482211	0.0115609525633215	0.107521870162872	5.687910186	6.52122845	6.01482211	TRUE	1	0.0127424235648223	FALSE	1
ILMN_2155708	7098	TLR3	VIR_M1a;VIR_M1b;VIR_M2	EXACT_ENTREZ_WITH_EXACT_SYMBOL_SUPPORT	FALSE	2	TLR3	7098	TLR3	5.77134445735617	5.7660565905	0.0127424235648223	0.112882343902057	5.491654795	6.051105596	6.01482211	FALSE	1	0.0127424235648223	TRUE	1
ILMN_1677827	51284	TLR7	VIR_M1a;VIR_M1b;VIR_M2	EXACT_ENTREZ_WITH_EXACT_SYMBOL_SUPPORT	FALSE	1	TLR7	51284	TLR7	7.23247165105479	7.0698703315	0.465980632234464	0.682627740598391	6.13225858	10.01906208	7.0698703315	TRUE	1	0.465980632234464	TRUE	1
ILMN_2217809	84233	TMEM126A	BACT_M2	EXACT_ENTREZ_WITH_EXACT_SYMBOL_SUPPORT	FALSE	1	TMEM126A	84233	TMEM126A	7.41665784206164	7.388407491	0.312699043206736	0.559194995691785	6.419826933	8.949087607	7.388407491	TRUE	1	0.312699043206736	TRUE	1
ILMN_2230998	25880	TMEM186	BACT_M2	EXACT_ENTREZ_WITH_EXACT_SYMBOL_SUPPORT	FALSE	1	TMEM186	25880	TMEM186	6.16039197630822	6.171173766	0.00859308925276158	0.0926989172146125	5.654953694	6.415397539	6.171173766	TRUE	1	0.00859308925276158	TRUE	1
ILMN_2112256	7293	TNFRSF4	VIR_M2	EXACT_ENTREZ_WITH_EXACT_SYMBOL_SUPPORT	FALSE	2	TNFRSF4	7293	TNFRSF4	6.56584108393151	6.474641828	0.132205209647686	0.363600343299736	5.959870331	7.700609818	6.474641828	TRUE	1	0.132205209647686	TRUE	1
ILMN_1710204	7293	TNFRSF4	VIR_M2	EXACT_ENTREZ_WITH_EXACT_SYMBOL_SUPPORT	FALSE	2	TNFRSF4	7293	TNFRSF4	6.06635075409589	6.079551063	0.00688442439461911	0.0829724315337276	5.8052756	6.270815983	6.474641828	FALSE	1	0.132205209647686	FALSE	1
ILMN_1801307	8743	TNFSF10	VIR_M2	EXACT_ENTREZ_WITH_EXACT_SYMBOL_SUPPORT	FALSE	1	TNFSF10	8743	TNFSF10	10.0135891043904	9.920512042	0.761158732866141	0.872444114465873	7.986782794	12.4897762	9.920512042	TRUE	1	0.761158732866141	TRUE	1
ILMN_2106380	9966	TNFSF15	VIR_M2	EXACT_ENTREZ_WITH_EXACT_SYMBOL_SUPPORT	FALSE	2	TNFSF15	9966	TNFSF15	7.28965473686986	7.248703615	0.16440823496302	0.40547285354635	6.507556411	9.165848926	7.248703615	TRUE	1	0.16440823496302	TRUE	1
ILMN_1759501	9966	TNFSF15	VIR_M2	EXACT_ENTREZ_WITH_EXACT_SYMBOL_SUPPORT	FALSE	2	TNFSF15	9966	TNFSF15	6.09429778968493	6.10350604	0.00734687769335078	0.0857139294009485	5.786611622	6.423942867	7.248703615	FALSE	1	0.16440823496302	FALSE	1
ILMN_2089875	7292	TNFSF4	VIR_M1a;VIR_M2	EXACT_ENTREZ_WITH_EXACT_SYMBOL_SUPPORT	FALSE	2	TNFSF4	7292	TNFSF4	6.45327864861644	6.4088773755	0.0783895860015631	0.279981402956631	5.988521518	7.462401053	6.4088773755	TRUE	1	0.0783895860015631	TRUE	1
ILMN_1746175	7292	TNFSF4	VIR_M1a;VIR_M2	EXACT_ENTREZ_WITH_EXACT_SYMBOL_SUPPORT	FALSE	2	TNFSF4	7292	TNFSF4	6.16323490340411	6.1489145775	0.0182674952773452	0.135157298276287	5.740368601	6.682199765	6.4088773755	FALSE	1	0.0783895860015631	FALSE	1
ILMN_1761778	944	TNFSF8	VIR_M2	EXACT_ENTREZ_WITH_EXACT_SYMBOL_SUPPORT	FALSE	1	TNFSF8	944	TNFSF8	6.25674063984932	6.2494353265	0.0334606877999024	0.182922627905632	5.795763381	6.940830182	6.2494353265	TRUE	1	0.0334606877999024	TRUE	1
ILMN_1751464	8744	TNFSF9	VIR_M2	EXACT_ENTREZ_WITH_EXACT_SYMBOL_SUPPORT	FALSE	1	TNFSF9	8744	TNFSF9	6.08478387671233	6.102096447	0.0110331930977985	0.105039007505776	5.70195849	6.403359449	6.102096447	TRUE	1	0.0110331930977985	TRUE	1
ILMN_1746426	9868	TOMM70	VIR_M1b	EXACT_ENTREZ_HISTORICAL_OR_ALTERNATE_SYMBOL	TRUE	1	TOMM70A	9868	TOMM70A	7.81611611572603	7.797408761	0.153176127482775	0.39137721891134	7.094667252	9.001901105	7.797408761	TRUE	1	0.153176127482775	TRUE	1
ILMN_1763104	9618	TRAF4	VIR_M1a	EXACT_ENTREZ_WITH_EXACT_SYMBOL_SUPPORT	FALSE	2	TRAF4	9618	TRAF4	6.07148088236301	6.1125833895	0.0102956408035127	0.101467437158493	5.741381136	6.261069275	6.1125833895	TRUE	1	0.0261599255190427	FALSE	1
ILMN_1745976	9618	TRAF4	VIR_M1a	EXACT_ENTREZ_WITH_EXACT_SYMBOL_SUPPORT	FALSE	2	TRAF4	9618	TRAF4	5.88809225506164	5.891256395	0.0261599255190427	0.161740302704807	5.462087728	6.36775608	6.1125833895	FALSE	1	0.0261599255190427	TRUE	1
ILMN_1676997	11277	TREX1	VIR_M1a;VIR_M1b	EXACT_ENTREZ_WITH_EXACT_SYMBOL_SUPPORT	FALSE	2	TREX1	11277	TREX1	5.96490941730822	5.967492194	0.0133182493268341	0.115404719690462	5.694900947	6.237154201	5.967492194	TRUE	1	0.0179355588967822	FALSE	1
ILMN_1770955	11277	TREX1	VIR_M1a;VIR_M1b	EXACT_ENTREZ_WITH_EXACT_SYMBOL_SUPPORT	FALSE	2	TREX1	11277	TREX1	5.92238613826712	5.9413217835	0.0179355588967822	0.133923705507211	5.449448009	6.280950496	5.967492194	FALSE	1	0.0179355588967822	TRUE	1
ILMN_1772689	9830	TRIM14	VIR_M1a	EXACT_ENTREZ_WITH_EXACT_SYMBOL_SUPPORT	FALSE	4	TRIM14	9830	TRIM14	6.37228612178082	6.217624595	0.2079338039582	0.455997592053072	5.741723788	8.620651906	6.217624595	TRUE	1	0.2079338039582	TRUE	1
ILMN_1713542	9830	TRIM14	VIR_M1a	EXACT_ENTREZ_WITH_EXACT_SYMBOL_SUPPORT	FALSE	4	TRIM14	9830	TRIM14	6.16306399734247	6.1474919425	0.0202355170480995	0.142251597699637	5.852809426	6.660087911	6.217624595	FALSE	1	0.2079338039582	FALSE	1
ILMN_1677542	9830	TRIM14	VIR_M1a	EXACT_ENTREZ_WITH_EXACT_SYMBOL_SUPPORT	FALSE	4	TRIM14	9830	TRIM14	6.03010381076712	6.0650474495	0.0196053520946564	0.140019113319062	5.510051802	6.318267002	6.217624595	FALSE	1	0.2079338039582	FALSE	1
ILMN_2383290	9830	TRIM14	VIR_M1a	EXACT_ENTREZ_WITH_EXACT_SYMBOL_SUPPORT	FALSE	4	TRIM14	9830	TRIM14	5.88527770106849	5.8852029775	0.0217884171578669	0.147609000937839	5.509226343	6.200418579	6.217624595	FALSE	1	0.2079338039582	FALSE	1
ILMN_1779252	10346	TRIM22	VIR_M1a;VIR_M2	EXACT_ENTREZ_WITH_EXACT_SYMBOL_SUPPORT	FALSE	1	TRIM22	10346	TRIM22	9.3109811214589	9.388353578	0.961498460101503	0.980560278668019	7.058867106	11.42041589	9.388353578	TRUE	1	0.961498460101503	TRUE	1
ILMN_1654737	22954	TRIM32	VIR_M1a	EXACT_ENTREZ_WITH_EXACT_SYMBOL_SUPPORT	FALSE	1	TRIM32	22954	TRIM32	6.33115546476712	6.3323380745	0.0295181059096118	0.171808340628771	5.893153221	6.830963413	6.3323380745	TRUE	1	0.0295181059096118	TRUE	1
ILMN_1671765	23087	TRIM35	VIR_M1a	EXACT_ENTREZ_WITH_EXACT_SYMBOL_SUPPORT	FALSE	2	TRIM35	23087	TRIM35	6.09470372309589	6.126852021	0.00952099217508411	0.0975755716103375	5.689662077	6.260331809	6.126852021	TRUE	1	0.00952099217508411	TRUE	1
ILMN_1740389	23087	TRIM35	VIR_M1a	EXACT_ENTREZ_WITH_EXACT_SYMBOL_SUPPORT	FALSE	2	TRIM35	23087	TRIM35	6.08152538558904	6.091681751	0.00599393907828816	0.0774205339576534	5.850600964	6.333540276	6.126852021	FALSE	1	0.00952099217508411	FALSE	1
ILMN_1697971	10475	TRIM38	VIR_M1a	EXACT_ENTREZ_WITH_EXACT_SYMBOL_SUPPORT	FALSE	1	TRIM38	10475	TRIM38	8.48044124163699	8.430250396	0.379807904954139	0.616285570944297	7.38886686	10.62623412	8.430250396	TRUE	1	0.379807904954139	TRUE	1
ILMN_1704972	85363	TRIM5	VIR_M1a	EXACT_ENTREZ_WITH_EXACT_SYMBOL_SUPPORT	FALSE	3	TRIM5	85363	TRIM5	7.32559481989041	7.207895336	0.421793302610785	0.64945615911375	6.225391818	9.658597702	7.207895336	TRUE	1	0.421793302610785	TRUE	1
ILMN_2404665	85363	TRIM5	VIR_M1a	EXACT_ENTREZ_WITH_EXACT_SYMBOL_SUPPORT	FALSE	3	TRIM5	85363	TRIM5	6.58715040836301	6.475023302	0.160607741271789	0.400758956570891	5.867190822	7.998341818	7.207895336	FALSE	1	0.421793302610785	FALSE	1
ILMN_1737599	85363	TRIM5	VIR_M1a	EXACT_ENTREZ_WITH_EXACT_SYMBOL_SUPPORT	FALSE	3	TRIM5	85363	TRIM5	6.11067691957534	6.108829541	0.0198122025381225	0.140755825947357	5.648106075	6.675127784	7.207895336	FALSE	1	0.421793302610785	FALSE	1
ILMN_1754130	84851	TRIM52	VIR_M1a	EXACT_ENTREZ_WITH_EXACT_SYMBOL_SUPPORT	FALSE	1	TRIM52	84851	TRIM52	7.14255693812329	7.1035892305	0.105498168015757	0.324804815259499	6.417361414	8.077061917	7.1035892305	TRUE	1	0.105498168015757	TRUE	1
ILMN_1656910	117854	TRIM6	VIR_M1a;VIR_M1b	EXACT_ENTREZ_WITH_EXACT_SYMBOL_SUPPORT	FALSE	2	TRIM6	117854	TRIM6	6.24535859008219	6.1550127505	0.105705350107858	0.325123592050559	5.67474114	7.286188383	6.1550127505	TRUE	1	0.105705350107858	TRUE	1
ILMN_1654786	117854	TRIM6	VIR_M1a;VIR_M1b	EXACT_ENTREZ_WITH_EXACT_SYMBOL_SUPPORT	FALSE	2	TRIM6	117854	TRIM6	5.73938103615754	5.7367712335	0.015563285801202	0.12475289896913	5.362142112	6.064338394	6.1550127505	FALSE	1	0.105705350107858	FALSE	1
ILMN_1782977	7311	UBA52	BACT_M1	EXACT_ENTREZ_WITH_EXACT_SYMBOL_SUPPORT	FALSE	2	UBA52	7311	UBA52	13.6747407232192	13.693099075	0.0984694134070568	0.313798364251723	12.7650595	14.39490977	13.693099075	TRUE	1	0.145272703086937	FALSE	1
ILMN_2368576	7311	UBA52	BACT_M1	EXACT_ENTREZ_WITH_EXACT_SYMBOL_SUPPORT	FALSE	2	UBA52	7311	UBA52	7.12979903460274	7.1129634275	0.145272703086937	0.381146563787392	6.297225187	8.024027401	13.693099075	FALSE	1	0.145272703086937	TRUE	1
ILMN_1769520	9246	UBE2L6	VIR_M1a	EXACT_ENTREZ_WITH_EXACT_SYMBOL_SUPPORT	FALSE	3	UBE2L6	9246	UBE2L6	11.5523875015822	11.66135486	0.83504461649195	0.91380775685696	9.4208499	13.24430797	11.66135486	TRUE	1	0.83504461649195	TRUE	1
ILMN_1703108	9246	UBE2L6	VIR_M1a	EXACT_ENTREZ_WITH_EXACT_SYMBOL_SUPPORT	FALSE	3	UBE2L6	9246	UBE2L6	8.17570106909589	8.0862596325	0.685907362205231	0.828195244012685	6.665405747	10.12051074	11.66135486	FALSE	1	0.83504461649195	FALSE	1
ILMN_2252495	9246	UBE2L6	VIR_M1a	EXACT_ENTREZ_WITH_EXACT_SYMBOL_SUPPORT	FALSE	3	UBE2L6	9246	UBE2L6	5.98922132363014	6.011746281	0.0156905215661563	0.125261812082359	5.581687216	6.314665046	11.66135486	FALSE	1	0.83504461649195	FALSE	1
ILMN_1798728	8725	URI1	VIR_M1a	EXACT_ENTREZ_HISTORICAL_OR_ALTERNATE_SYMBOL	TRUE	2	C19orf2	8725	C19ORF2	8.83264434868493	8.8939517965	0.337436782199155	0.580893090163031	7.372002467	9.928866098	8.8939517965	TRUE	1	0.337436782199155	TRUE	1
ILMN_2406892	8725	URI1	VIR_M1a	EXACT_ENTREZ_HISTORICAL_OR_ALTERNATE_SYMBOL	TRUE	2	C19orf2	8725	C19ORF2	6.82003866160274	6.825469094	0.0888039621580916	0.297999936506858	6.19633722	7.632874528	8.8939517965	FALSE	1	0.337436782199155	FALSE	1
ILMN_1700147	29802	VPREB3	VIR_M2	EXACT_ENTREZ_WITH_EXACT_SYMBOL_SUPPORT	FALSE	1	VPREB3	29802	VPREB3	9.0277312905274	9.0352781175	0.859728431758329	0.927215418205677	6.82876792	11.65377862	9.0352781175	TRUE	1	0.859728431758329	TRUE	1
ILMN_2104106	9213	XPR1	VIR_M1a	EXACT_ENTREZ_WITH_EXACT_SYMBOL_SUPPORT	FALSE	2	XPR1	9213	XPR1	7.19604302958219	7.21955692	0.0738715132430291	0.271793144216386	6.124598012	7.997019504	7.21955692	TRUE	1	0.0738715132430291	TRUE	1
ILMN_1798030	9213	XPR1	VIR_M1a	EXACT_ENTREZ_WITH_EXACT_SYMBOL_SUPPORT	FALSE	2	XPR1	9213	XPR1	6.93749360366438	6.9588042965	0.0537408125520557	0.231820647380805	6.438225719	7.739987516	7.21955692	FALSE	1	0.0738715132430291	FALSE	1
ILMN_1765994	81030	ZBP1	VIR_M1a	EXACT_ENTREZ_WITH_EXACT_SYMBOL_SUPPORT	FALSE	1	ZBP1	81030	ZBP1	9.33064382708904	9.167904955	1.65929562993849	1.28813649507282	6.922797592	12.3787495	9.167904955	TRUE	1	1.65929562993849	TRUE	1
ILMN_1750246	22890	ZBTB1	VIR_M1a;VIR_M2	EXACT_ENTREZ_WITH_EXACT_SYMBOL_SUPPORT	FALSE	1	ZBTB1	22890	ZBTB1	5.92624272122603	5.9247083795	0.0124127715969747	0.111412618661329	5.637065397	6.252996702	5.9247083795	TRUE	1	0.0124127715969747	TRUE	1
ILMN_1766247	57621	ZBTB2	VIR_M2	EXACT_ENTREZ_WITH_EXACT_SYMBOL_SUPPORT	FALSE	1	ZBTB2	57621	ZBTB2	6.0679943119589	6.1025971885	0.0110277665588149	0.105013173263238	5.691835386	6.21744042	6.1025971885	TRUE	1	0.0110277665588149	TRUE	1
ILMN_1689456	26137	ZBTB20	VIR_M1b;VIR_M2	EXACT_ENTREZ_WITH_EXACT_SYMBOL_SUPPORT	FALSE	1	ZBTB20	26137	ZBTB20	7.70597466889726	7.655431318	0.173037112181984	0.415977297676188	6.669596089	8.91782715	7.655431318	TRUE	1	0.173037112181984	TRUE	1
ILMN_2048982	7597	ZBTB25	VIR_M2	EXACT_ENTREZ_WITH_EXACT_SYMBOL_SUPPORT	FALSE	2	ZBTB25	7597	ZBTB25	6.44372080184932	6.4357829815	0.052310886477183	0.228715732902621	5.863912668	7.052110921	6.4357829815	TRUE	1	0.052310886477183	TRUE	1
ILMN_1658728	7597	ZBTB25	VIR_M2	EXACT_ENTREZ_WITH_EXACT_SYMBOL_SUPPORT	FALSE	2	ZBTB25	7597	ZBTB25	6.16905653960959	6.18204352	0.0107634712279035	0.103747150456788	5.804771548	6.40817331	6.4357829815	FALSE	1	0.052310886477183	FALSE	1
ILMN_1718668	57684	ZBTB26	VIR_M2	EXACT_ENTREZ_WITH_EXACT_SYMBOL_SUPPORT	FALSE	1	ZBTB26	57684	ZBTB26	5.9505793190137	5.959847581	0.0153015722379823	0.12369952400063	5.551132735	6.183445418	5.959847581	TRUE	1	0.0153015722379823	TRUE	1
ILMN_1673138	10009	ZBTB33	VIR_M2	EXACT_ENTREZ_WITH_EXACT_SYMBOL_SUPPORT	FALSE	1	ZBTB33	10009	ZBTB33	8.22820044604795	8.206867431	0.203495538377492	0.451104797555393	7.22830912	9.222228038	8.206867431	TRUE	1	0.203495538377492	TRUE	1
ILMN_1785960	84614	ZBTB37	VIR_M2	EXACT_ENTREZ_WITH_EXACT_SYMBOL_SUPPORT	FALSE	1	ZBTB37	84614	ZBTB37	5.84589285654795	5.844006355	0.0191978936815658	0.138556463875078	5.446661936	6.1508716	5.844006355	TRUE	1	0.0191978936815658	TRUE	1
ILMN_1681154	9880	ZBTB39	VIR_M2	EXACT_ENTREZ_WITH_EXACT_SYMBOL_SUPPORT	FALSE	1	ZBTB39	9880	ZBTB39	6.14734487126027	6.1540192095	0.00795855744951931	0.089210747387965	5.779947547	6.348094603	6.1540192095	TRUE	1	0.00795855744951931	TRUE	1
ILMN_2103388	166793	ZBTB49	VIR_M2	EXACT_ENTREZ_HISTORICAL_OR_ALTERNATE_SYMBOL	TRUE	1	ZNF509	166793	ZNF509	6.73336617515753	6.723584658	0.0582959384835747	0.241445518665339	6.148247844	7.414267276	6.723584658	TRUE	1	0.0582959384835747	TRUE	1
ILMN_1727218	10773	ZBTB6	VIR_M2	EXACT_ENTREZ_WITH_EXACT_SYMBOL_SUPPORT	FALSE	1	ZBTB6	10773	ZBTB6	6.13116877269178	6.1387836495	0.0109119209355692	0.104460140415228	5.721074094	6.753055492	6.1387836495	TRUE	1	0.0109119209355692	TRUE	1
ILMN_1667068	56829	ZC3HAV1	VIR_M1a;VIR_M1b	EXACT_ENTREZ_WITH_EXACT_SYMBOL_SUPPORT	FALSE	3	ZC3HAV1	56829	ZC3HAV1	9.15170794823973	9.1213707265	0.213854877400186	0.462444458719299	7.9443663	10.49148949	9.1213707265	TRUE	1	0.351814293323034	FALSE	1
ILMN_1729973	56829	ZC3HAV1	VIR_M1a;VIR_M1b	EXACT_ENTREZ_WITH_EXACT_SYMBOL_SUPPORT	FALSE	3	ZC3HAV1	56829	ZC3HAV1	7.65070498919863	7.548599832	0.351814293323034	0.593139354050154	6.435758459	9.913067797	9.1213707265	FALSE	1	0.351814293323034	TRUE	1
ILMN_1724837	56829	ZC3HAV1	VIR_M1a;VIR_M1b	EXACT_ENTREZ_WITH_EXACT_SYMBOL_SUPPORT	FALSE	3	ZC3HAV1	56829	ZC3HAV1	7.26736159515069	7.25465318	0.288046064532944	0.536699230978528	5.868959002	9.101862422	9.1213707265	FALSE	1	0.351814293323034	FALSE	1
ILMN_1786852	85364	ZCCHC3	VIR_M1a	EXACT_ENTREZ_WITH_EXACT_SYMBOL_SUPPORT	FALSE	1	ZCCHC3	85364	ZCCHC3	6.50521200772603	6.485165339	0.0408880521432169	0.2022079428292	6.09238882	7.111301572	6.485165339	TRUE	1	0.0408880521432169	TRUE	1
ILMN_1754234	10771	ZMYND11	VIR_M1a	EXACT_ENTREZ_WITH_EXACT_SYMBOL_SUPPORT	FALSE	3	ZMYND11	10771	ZMYND11	8.3723909920548	8.3606609965	0.393042110212042	0.626930706068894	7.048509197	9.880049418	8.3606609965	TRUE	1	0.393042110212042	TRUE	1
ILMN_1734783	10771	ZMYND11	VIR_M1a	EXACT_ENTREZ_WITH_EXACT_SYMBOL_SUPPORT	FALSE	3	ZMYND11	10771	ZMYND11	5.89253147032192	5.9129142845	0.0146860712146864	0.121186101573928	5.545632601	6.136988983	8.3606609965	FALSE	1	0.393042110212042	FALSE	1
ILMN_1753110	10771	ZMYND11	VIR_M1a	EXACT_ENTREZ_WITH_EXACT_SYMBOL_SUPPORT	FALSE	3	ZMYND11	10771	ZMYND11	5.89419172505479	5.908438024	0.0166703424197587	0.12911368021925	5.468982882	6.106938554	8.3606609965	FALSE	1	0.393042110212042	FALSE	1
ILMN_2178088	7690	ZNF131	VIR_M2	EXACT_ENTREZ_WITH_EXACT_SYMBOL_SUPPORT	FALSE	1	ZNF131	7690	ZNF131	5.96018510706849	5.9954997835	0.0243197265986447	0.15594783293988	5.429987301	6.201821069	5.9954997835	TRUE	1	0.0243197265986447	TRUE	1
ILMN_1768809	7693	ZNF134	VIR_M2	EXACT_ENTREZ_WITH_EXACT_SYMBOL_SUPPORT	FALSE	1	ZNF134	7693	ZNF134	6.44234209041781	6.4298352405	0.033263832967794	0.18238375192926	5.955732425	6.904472359	6.4298352405	TRUE	1	0.033263832967794	TRUE	1
ILMN_1802974	137209	ZNF572	VIR_M2	EXACT_ENTREZ_WITH_EXACT_SYMBOL_SUPPORT	FALSE	1	ZNF572	137209	ZNF572	5.95048093715069	5.97019779	0.0149749459663908	0.122372161729663	5.526491376	6.172787255	5.97019779	TRUE	1	0.0149749459663908	TRUE	1
