ENTREZID	final_module_id	final_module_label	final_module_status	module_direction	module_direction_sign	SYMBOL	ENSEMBL	GENENAME	selected_refseq_feature_id	pooled_logFC	pooled_adj.P.Val	Sri_Lanka_logFC	United_States_logFC	stability_tier	primary_scoring_weight	optional_abs_logFC_weight	scoring_role	primary_scoring_rule	optional_sensitivity_rule	mapped_SYMBOL	mapped_ENSEMBL	ensembl_available_in_GSE161731	symbol_available_in_GSE161731
10009	VIR_M2	Viral-higher cytokine and innate immune regulation programme	primary_discovery_module	higher_in_viral	-1	ZBTB33		zinc finger and BTB domain containing 33		-0.798725373819602	0.00152380466093534	-0.983131741482026	-0.590763027810752	Tier_2_pooled_FDR05_all_direction_concordant_one_site_FDR05	1	0.907349236577224	module_gene	unweighted_mean_z_score	bounded_abs_logFC_weighted_mean_z_score	ZBTB33	ENSG00000177485	TRUE	FALSE
10010	VIR_M1a	Viral-higher broad antiviral and interferon-stimulated defence programme	primary_discovery_submodule	higher_in_viral	-1	TANK		TRAF family member associated NFKB activator		-0.928694759982496	2.78409072797379e-05	-1.452999459584	-0.25156562201978	Tier_2_pooled_FDR05_all_direction_concordant_one_site_FDR05	1	0.933646170135697	module_gene	unweighted_mean_z_score	bounded_abs_logFC_weighted_mean_z_score	TANK	ENSG00000136560	TRUE	FALSE
10010	VIR_M1b	Viral-higher viral restriction and type I interferon signalling subgroup	primary_discovery_submodule	higher_in_viral	-1	TANK		TRAF family member associated NFKB activator		-0.928694759982496	2.78409072797379e-05	-1.452999459584	-0.25156562201978	Tier_2_pooled_FDR05_all_direction_concordant_one_site_FDR05	1	0.654855237934649	module_gene	unweighted_mean_z_score	bounded_abs_logFC_weighted_mean_z_score	TANK	ENSG00000136560	TRUE	FALSE
100132285	VIR_M2	Viral-higher cytokine and innate immune regulation programme	primary_discovery_module	higher_in_viral	-1	KIR2DS2		killer cell immunoglobulin like receptor, two Ig domains and short cytoplasmic tail 2		-1.13281605205144	6.21968665397603e-05	-0.793583823851235	-1.7046334715715	Tier_1_cross_site_FDR05_direction_concordant	1	1.28687508085032	module_gene	unweighted_mean_z_score	bounded_abs_logFC_weighted_mean_z_score	KIR2DS2	ENSG00000277885	FALSE	FALSE
100132285	VIR_M2	Viral-higher cytokine and innate immune regulation programme	primary_discovery_module	higher_in_viral	-1	KIR2DS2		killer cell immunoglobulin like receptor, two Ig domains and short cytoplasmic tail 2		-1.13281605205144	6.21968665397603e-05	-0.793583823851235	-1.7046334715715	Tier_1_cross_site_FDR05_direction_concordant	1	1.28687508085032	module_gene	unweighted_mean_z_score	bounded_abs_logFC_weighted_mean_z_score	KIR2DS2	ENSG00000275452	FALSE	FALSE
100132285	VIR_M2	Viral-higher cytokine and innate immune regulation programme	primary_discovery_module	higher_in_viral	-1	KIR2DS2		killer cell immunoglobulin like receptor, two Ig domains and short cytoplasmic tail 2		-1.13281605205144	6.21968665397603e-05	-0.793583823851235	-1.7046334715715	Tier_1_cross_site_FDR05_direction_concordant	1	1.28687508085032	module_gene	unweighted_mean_z_score	bounded_abs_logFC_weighted_mean_z_score	KIR2DS2	ENSG00000276258	FALSE	FALSE
100132285	VIR_M2	Viral-higher cytokine and innate immune regulation programme	primary_discovery_module	higher_in_viral	-1	KIR2DS2		killer cell immunoglobulin like receptor, two Ig domains and short cytoplasmic tail 2		-1.13281605205144	6.21968665397603e-05	-0.793583823851235	-1.7046334715715	Tier_1_cross_site_FDR05_direction_concordant	1	1.28687508085032	module_gene	unweighted_mean_z_score	bounded_abs_logFC_weighted_mean_z_score	KIR2DS2	ENSG00000278152	FALSE	FALSE
100132285	VIR_M2	Viral-higher cytokine and innate immune regulation programme	primary_discovery_module	higher_in_viral	-1	KIR2DS2		killer cell immunoglobulin like receptor, two Ig domains and short cytoplasmic tail 2		-1.13281605205144	6.21968665397603e-05	-0.793583823851235	-1.7046334715715	Tier_1_cross_site_FDR05_direction_concordant	1	1.28687508085032	module_gene	unweighted_mean_z_score	bounded_abs_logFC_weighted_mean_z_score	KIR2DS2	ENSG00000275737	FALSE	FALSE
100132285	VIR_M2	Viral-higher cytokine and innate immune regulation programme	primary_discovery_module	higher_in_viral	-1	KIR2DS2		killer cell immunoglobulin like receptor, two Ig domains and short cytoplasmic tail 2		-1.13281605205144	6.21968665397603e-05	-0.793583823851235	-1.7046334715715	Tier_1_cross_site_FDR05_direction_concordant	1	1.28687508085032	module_gene	unweighted_mean_z_score	bounded_abs_logFC_weighted_mean_z_score	KIR2DS2	ENSG00000276139	FALSE	FALSE
100132285	VIR_M2	Viral-higher cytokine and innate immune regulation programme	primary_discovery_module	higher_in_viral	-1	KIR2DS2		killer cell immunoglobulin like receptor, two Ig domains and short cytoplasmic tail 2		-1.13281605205144	6.21968665397603e-05	-0.793583823851235	-1.7046334715715	Tier_1_cross_site_FDR05_direction_concordant	1	1.28687508085032	module_gene	unweighted_mean_z_score	bounded_abs_logFC_weighted_mean_z_score	KIR2DS2	ENSG00000278300	FALSE	FALSE
100132285	VIR_M2	Viral-higher cytokine and innate immune regulation programme	primary_discovery_module	higher_in_viral	-1	KIR2DS2		killer cell immunoglobulin like receptor, two Ig domains and short cytoplasmic tail 2		-1.13281605205144	6.21968665397603e-05	-0.793583823851235	-1.7046334715715	Tier_1_cross_site_FDR05_direction_concordant	1	1.28687508085032	module_gene	unweighted_mean_z_score	bounded_abs_logFC_weighted_mean_z_score	KIR2DS2	ENSG00000274438	FALSE	FALSE
100132285	VIR_M2	Viral-higher cytokine and innate immune regulation programme	primary_discovery_module	higher_in_viral	-1	KIR2DS2		killer cell immunoglobulin like receptor, two Ig domains and short cytoplasmic tail 2		-1.13281605205144	6.21968665397603e-05	-0.793583823851235	-1.7046334715715	Tier_1_cross_site_FDR05_direction_concordant	1	1.28687508085032	module_gene	unweighted_mean_z_score	bounded_abs_logFC_weighted_mean_z_score	KIR2DS2	ENSG00000275253	FALSE	FALSE
100132285	VIR_M2	Viral-higher cytokine and innate immune regulation programme	primary_discovery_module	higher_in_viral	-1	KIR2DS2		killer cell immunoglobulin like receptor, two Ig domains and short cytoplasmic tail 2		-1.13281605205144	6.21968665397603e-05	-0.793583823851235	-1.7046334715715	Tier_1_cross_site_FDR05_direction_concordant	1	1.28687508085032	module_gene	unweighted_mean_z_score	bounded_abs_logFC_weighted_mean_z_score	KIR2DS2	ENSG00000275735	FALSE	FALSE
100132285	VIR_M2	Viral-higher cytokine and innate immune regulation programme	primary_discovery_module	higher_in_viral	-1	KIR2DS2		killer cell immunoglobulin like receptor, two Ig domains and short cytoplasmic tail 2		-1.13281605205144	6.21968665397603e-05	-0.793583823851235	-1.7046334715715	Tier_1_cross_site_FDR05_direction_concordant	1	1.28687508085032	module_gene	unweighted_mean_z_score	bounded_abs_logFC_weighted_mean_z_score	KIR2DS2	ENSG00000274518	FALSE	FALSE
100132285	VIR_M2	Viral-higher cytokine and innate immune regulation programme	primary_discovery_module	higher_in_viral	-1	KIR2DS2		killer cell immunoglobulin like receptor, two Ig domains and short cytoplasmic tail 2		-1.13281605205144	6.21968665397603e-05	-0.793583823851235	-1.7046334715715	Tier_1_cross_site_FDR05_direction_concordant	1	1.28687508085032	module_gene	unweighted_mean_z_score	bounded_abs_logFC_weighted_mean_z_score	KIR2DS2	ENSG00000276425	FALSE	FALSE
100132285	VIR_M2	Viral-higher cytokine and innate immune regulation programme	primary_discovery_module	higher_in_viral	-1	KIR2DS2		killer cell immunoglobulin like receptor, two Ig domains and short cytoplasmic tail 2		-1.13281605205144	6.21968665397603e-05	-0.793583823851235	-1.7046334715715	Tier_1_cross_site_FDR05_direction_concordant	1	1.28687508085032	module_gene	unweighted_mean_z_score	bounded_abs_logFC_weighted_mean_z_score	KIR2DS2	ENSG00000275583	FALSE	FALSE
100288805	BACT_M1	Bacterial-higher cytoplasmic translation and ribosomal protein programme	primary_discovery_module	higher_in_bacterial	1	HYDIN2		HYDIN axonemal central pair apparatus protein 2 (pseudogene)		0.796874082028632	0.0188338150260526	1.16728575253985	0.362084937938863	Tier_2_pooled_FDR05_all_direction_concordant_one_site_FDR05	1	1.00794550567351	module_gene	unweighted_mean_z_score	bounded_abs_logFC_weighted_mean_z_score			FALSE	FALSE
100507436	VIR_M1a	Viral-higher broad antiviral and interferon-stimulated defence programme	primary_discovery_submodule	higher_in_viral	-1	MICA		MHC class I polypeptide-related sequence A		-0.51204214798538	0.0188842412347439	-0.512438764496964	-0.544790938244608	Tier_3_pooled_FDR05_all_direction_concordant_site_nominal_or_weaker	1	0.514772141520015	module_gene	unweighted_mean_z_score	bounded_abs_logFC_weighted_mean_z_score	MICA	ENSG00000204520	TRUE	FALSE
100507436	VIR_M1a	Viral-higher broad antiviral and interferon-stimulated defence programme	primary_discovery_submodule	higher_in_viral	-1	MICA		MHC class I polypeptide-related sequence A		-0.51204214798538	0.0188842412347439	-0.512438764496964	-0.544790938244608	Tier_3_pooled_FDR05_all_direction_concordant_site_nominal_or_weaker	1	0.514772141520015	module_gene	unweighted_mean_z_score	bounded_abs_logFC_weighted_mean_z_score	MICA	ENSG00000235233	FALSE	FALSE
100507436	VIR_M1a	Viral-higher broad antiviral and interferon-stimulated defence programme	primary_discovery_submodule	higher_in_viral	-1	MICA		MHC class I polypeptide-related sequence A		-0.51204214798538	0.0188842412347439	-0.512438764496964	-0.544790938244608	Tier_3_pooled_FDR05_all_direction_concordant_site_nominal_or_weaker	1	0.514772141520015	module_gene	unweighted_mean_z_score	bounded_abs_logFC_weighted_mean_z_score	MICA	ENSG00000233051	FALSE	FALSE
100507436	VIR_M1a	Viral-higher broad antiviral and interferon-stimulated defence programme	primary_discovery_submodule	higher_in_viral	-1	MICA		MHC class I polypeptide-related sequence A		-0.51204214798538	0.0188842412347439	-0.512438764496964	-0.544790938244608	Tier_3_pooled_FDR05_all_direction_concordant_site_nominal_or_weaker	1	0.514772141520015	module_gene	unweighted_mean_z_score	bounded_abs_logFC_weighted_mean_z_score	MICA	ENSG00000231225	FALSE	FALSE
100507436	VIR_M1a	Viral-higher broad antiviral and interferon-stimulated defence programme	primary_discovery_submodule	higher_in_viral	-1	MICA		MHC class I polypeptide-related sequence A		-0.51204214798538	0.0188842412347439	-0.512438764496964	-0.544790938244608	Tier_3_pooled_FDR05_all_direction_concordant_site_nominal_or_weaker	1	0.514772141520015	module_gene	unweighted_mean_z_score	bounded_abs_logFC_weighted_mean_z_score	MICA	ENSG00000183214	FALSE	FALSE
100507436	VIR_M2	Viral-higher cytokine and innate immune regulation programme	primary_discovery_module	higher_in_viral	-1	MICA		MHC class I polypeptide-related sequence A		-0.51204214798538	0.0188842412347439	-0.512438764496964	-0.544790938244608	Tier_3_pooled_FDR05_all_direction_concordant_site_nominal_or_weaker	1	0.58167809274434	module_gene	unweighted_mean_z_score	bounded_abs_logFC_weighted_mean_z_score	MICA	ENSG00000204520	TRUE	FALSE
100507436	VIR_M2	Viral-higher cytokine and innate immune regulation programme	primary_discovery_module	higher_in_viral	-1	MICA		MHC class I polypeptide-related sequence A		-0.51204214798538	0.0188842412347439	-0.512438764496964	-0.544790938244608	Tier_3_pooled_FDR05_all_direction_concordant_site_nominal_or_weaker	1	0.58167809274434	module_gene	unweighted_mean_z_score	bounded_abs_logFC_weighted_mean_z_score	MICA	ENSG00000235233	FALSE	FALSE
100507436	VIR_M2	Viral-higher cytokine and innate immune regulation programme	primary_discovery_module	higher_in_viral	-1	MICA		MHC class I polypeptide-related sequence A		-0.51204214798538	0.0188842412347439	-0.512438764496964	-0.544790938244608	Tier_3_pooled_FDR05_all_direction_concordant_site_nominal_or_weaker	1	0.58167809274434	module_gene	unweighted_mean_z_score	bounded_abs_logFC_weighted_mean_z_score	MICA	ENSG00000233051	FALSE	FALSE
100507436	VIR_M2	Viral-higher cytokine and innate immune regulation programme	primary_discovery_module	higher_in_viral	-1	MICA		MHC class I polypeptide-related sequence A		-0.51204214798538	0.0188842412347439	-0.512438764496964	-0.544790938244608	Tier_3_pooled_FDR05_all_direction_concordant_site_nominal_or_weaker	1	0.58167809274434	module_gene	unweighted_mean_z_score	bounded_abs_logFC_weighted_mean_z_score	MICA	ENSG00000231225	FALSE	FALSE
100507436	VIR_M2	Viral-higher cytokine and innate immune regulation programme	primary_discovery_module	higher_in_viral	-1	MICA		MHC class I polypeptide-related sequence A		-0.51204214798538	0.0188842412347439	-0.512438764496964	-0.544790938244608	Tier_3_pooled_FDR05_all_direction_concordant_site_nominal_or_weaker	1	0.58167809274434	module_gene	unweighted_mean_z_score	bounded_abs_logFC_weighted_mean_z_score	MICA	ENSG00000183214	FALSE	FALSE
10146	VIR_M1a	Viral-higher broad antiviral and interferon-stimulated defence programme	primary_discovery_submodule	higher_in_viral	-1	G3BP1		G3BP stress granule assembly factor 1		-0.917104162086925	0.000148402121778711	-1.10153018921127	-0.824664200032906	Tier_1_cross_site_FDR05_direction_concordant	1	0.921993776043383	module_gene	unweighted_mean_z_score	bounded_abs_logFC_weighted_mean_z_score	G3BP1	ENSG00000145907	TRUE	FALSE
1021	VIR_M1a	Viral-higher broad antiviral and interferon-stimulated defence programme	primary_discovery_submodule	higher_in_viral	-1	CDK6		cyclin dependent kinase 6		-0.474248853500893	0.0180640810284527	-0.365497617189642	-0.668094347891454	Tier_3_pooled_FDR05_all_direction_concordant_site_nominal_or_weaker	1	0.476777349072907	module_gene	unweighted_mean_z_score	bounded_abs_logFC_weighted_mean_z_score	CDK6	ENSG00000105810	TRUE	FALSE
10219	VIR_M1a	Viral-higher broad antiviral and interferon-stimulated defence programme	primary_discovery_submodule	higher_in_viral	-1	KLRG1		killer cell lectin like receptor G1		-0.79639163755252	0.00105036759700178	-0.641679197887427	-1.0907662675894	Tier_1_cross_site_FDR05_direction_concordant	1	0.800637663060596	module_gene	unweighted_mean_z_score	bounded_abs_logFC_weighted_mean_z_score	KLRG1	ENSG00000139187	TRUE	FALSE
10225	VIR_M2	Viral-higher cytokine and innate immune regulation programme	primary_discovery_module	higher_in_viral	-1	CD96		CD96 molecule		-0.491818046263754	0.00297777216441115	-0.0546654118789724	-1.18119450149334	Tier_2_pooled_FDR05_all_direction_concordant_one_site_FDR05	1	0.558703583784116	module_gene	unweighted_mean_z_score	bounded_abs_logFC_weighted_mean_z_score	CD96	ENSG00000153283	TRUE	FALSE
10346	VIR_M1a	Viral-higher broad antiviral and interferon-stimulated defence programme	primary_discovery_submodule	higher_in_viral	-1	TRIM22		tripartite motif containing 22		-1.13416366414571	2.48362996234425e-11	-1.5318546972203	-0.666165315390674	Tier_1_cross_site_FDR05_direction_concordant	1	1.1402105481425	module_gene	unweighted_mean_z_score	bounded_abs_logFC_weighted_mean_z_score	TRIM22	ENSG00000132274	TRUE	FALSE
10346	VIR_M2	Viral-higher cytokine and innate immune regulation programme	primary_discovery_module	higher_in_viral	-1	TRIM22		tripartite motif containing 22		-1.13416366414571	2.48362996234425e-11	-1.5318546972203	-0.666165315390674	Tier_1_cross_site_FDR05_direction_concordant	1	1.28840596348535	module_gene	unweighted_mean_z_score	bounded_abs_logFC_weighted_mean_z_score	TRIM22	ENSG00000132274	TRUE	FALSE
10379	VIR_M1a	Viral-higher broad antiviral and interferon-stimulated defence programme	primary_discovery_submodule	higher_in_viral	-1	IRF9		interferon regulatory factor 9		-0.316844333295578	0.0444683809982418	-0.535764730355725	-0.0327970863829255	Tier_2_pooled_FDR05_all_direction_concordant_one_site_FDR05	1	0.318533614119014	module_gene	unweighted_mean_z_score	bounded_abs_logFC_weighted_mean_z_score	IRF9	ENSG00000213928	TRUE	FALSE
10379	VIR_M1a	Viral-higher broad antiviral and interferon-stimulated defence programme	primary_discovery_submodule	higher_in_viral	-1	IRF9		interferon regulatory factor 9		-0.316844333295578	0.0444683809982418	-0.535764730355725	-0.0327970863829255	Tier_2_pooled_FDR05_all_direction_concordant_one_site_FDR05	1	0.318533614119014	module_gene	unweighted_mean_z_score	bounded_abs_logFC_weighted_mean_z_score	IRF9	ENSG00000285048	FALSE	FALSE
10385	VIR_M2	Viral-higher cytokine and innate immune regulation programme	primary_discovery_module	higher_in_viral	-1	BTN2A2		butyrophilin subfamily 2 member A2		-1.45979072394088	6.41302739528099e-17	-1.44284626795883	-1.58198191351521	Tier_1_cross_site_FDR05_direction_concordant	1	1.65831716675803	module_gene	unweighted_mean_z_score	bounded_abs_logFC_weighted_mean_z_score	BTN2A2	ENSG00000124508	TRUE	FALSE
10410	VIR_M1a	Viral-higher broad antiviral and interferon-stimulated defence programme	primary_discovery_submodule	higher_in_viral	-1	IFITM3		interferon induced transmembrane protein 3		-0.686449914635831	0.000557379185905744	-0.78907208345949	-0.610884140524759	Tier_2_pooled_FDR05_all_direction_concordant_one_site_FDR05	1	0.690109777083053	module_gene	unweighted_mean_z_score	bounded_abs_logFC_weighted_mean_z_score	IFITM3	ENSG00000142089	TRUE	FALSE
10410	VIR_M1b	Viral-higher viral restriction and type I interferon signalling subgroup	primary_discovery_submodule	higher_in_viral	-1	IFITM3		interferon induced transmembrane protein 3		-0.686449914635831	0.000557379185905744	-0.78907208345949	-0.610884140524759	Tier_2_pooled_FDR05_all_direction_concordant_one_site_FDR05	1	0.484039903689711	module_gene	unweighted_mean_z_score	bounded_abs_logFC_weighted_mean_z_score	IFITM3	ENSG00000142089	TRUE	FALSE
10410	VIR_M2	Viral-higher cytokine and innate immune regulation programme	primary_discovery_module	higher_in_viral	-1	IFITM3		interferon induced transmembrane protein 3		-0.686449914635831	0.000557379185905744	-0.78907208345949	-0.610884140524759	Tier_2_pooled_FDR05_all_direction_concordant_one_site_FDR05	1	0.779804706860355	module_gene	unweighted_mean_z_score	bounded_abs_logFC_weighted_mean_z_score	IFITM3	ENSG00000142089	TRUE	FALSE
10417	VIR_M1a	Viral-higher broad antiviral and interferon-stimulated defence programme	primary_discovery_submodule	higher_in_viral	-1	SPON2		spondin 2		-0.601152329292892	0.00172333760165464	-0.296130622161063	-1.16051473260391	Tier_2_pooled_FDR05_all_direction_concordant_one_site_FDR05	1	0.604357420863493	module_gene	unweighted_mean_z_score	bounded_abs_logFC_weighted_mean_z_score	SPON2	ENSG00000159674	TRUE	FALSE
10417	VIR_M2	Viral-higher cytokine and innate immune regulation programme	primary_discovery_module	higher_in_viral	-1	SPON2		spondin 2		-0.601152329292892	0.00172333760165464	-0.296130622161063	-1.16051473260391	Tier_2_pooled_FDR05_all_direction_concordant_one_site_FDR05	1	0.682906947655979	module_gene	unweighted_mean_z_score	bounded_abs_logFC_weighted_mean_z_score	SPON2	ENSG00000159674	TRUE	FALSE
10462	VIR_M1a	Viral-higher broad antiviral and interferon-stimulated defence programme	primary_discovery_submodule	higher_in_viral	-1	CLEC10A		C-type lectin domain containing 10A		-0.935430766035213	0.00049515949860341	-1.05525983271543	-0.802043374812847	Tier_2_pooled_FDR05_all_direction_concordant_one_site_FDR05	1	0.940418089741714	module_gene	unweighted_mean_z_score	bounded_abs_logFC_weighted_mean_z_score	CLEC10A	ENSG00000132514	TRUE	FALSE
10475	VIR_M1a	Viral-higher broad antiviral and interferon-stimulated defence programme	primary_discovery_submodule	higher_in_viral	-1	TRIM38		tripartite motif containing 38		-1.6331098772123	8.87192941420284e-11	-2.05792378282288	-1.10777884039335	Tier_1_cross_site_FDR05_direction_concordant	1	1.64181693272263	module_gene	unweighted_mean_z_score	bounded_abs_logFC_weighted_mean_z_score	TRIM38	ENSG00000112343	TRUE	FALSE
10521	VIR_M1a	Viral-higher broad antiviral and interferon-stimulated defence programme	primary_discovery_submodule	higher_in_viral	-1	DDX17		DEAD-box helicase 17		-0.363512051653266	0.0261455091444421	-0.576034957977209	-0.127554680048752	Tier_2_pooled_FDR05_all_direction_concordant_one_site_FDR05	1	0.365450145137718	module_gene	unweighted_mean_z_score	bounded_abs_logFC_weighted_mean_z_score	DDX17	ENSG00000100201	TRUE	FALSE
10527	VIR_M1a	Viral-higher broad antiviral and interferon-stimulated defence programme	primary_discovery_submodule	higher_in_viral	-1	IPO7		importin 7		-0.520477666952167	0.0215637021924385	-0.499800552374258	-0.619406324964489	Tier_3_pooled_FDR05_all_direction_concordant_site_nominal_or_weaker	1	0.523252635128697	module_gene	unweighted_mean_z_score	bounded_abs_logFC_weighted_mean_z_score	IPO7	ENSG00000205339	TRUE	FALSE
10561	VIR_M1a	Viral-higher broad antiviral and interferon-stimulated defence programme	primary_discovery_submodule	higher_in_viral	-1	IFI44		interferon induced protein 44		-3.22998246743249	7.64604056556556e-21	-3.7013174567019	-2.72847853857304	Tier_1_cross_site_FDR05_direction_concordant	1	3	module_gene	unweighted_mean_z_score	bounded_abs_logFC_weighted_mean_z_score	IFI44	ENSG00000137965	TRUE	FALSE
10561	VIR_M2	Viral-higher cytokine and innate immune regulation programme	primary_discovery_module	higher_in_viral	-1	IFI44		interferon induced protein 44		-3.22998246743249	7.64604056556556e-21	-3.7013174567019	-2.72847853857304	Tier_1_cross_site_FDR05_direction_concordant	1	3	module_gene	unweighted_mean_z_score	bounded_abs_logFC_weighted_mean_z_score	IFI44	ENSG00000137965	TRUE	FALSE
10643	VIR_M2	Viral-higher cytokine and innate immune regulation programme	primary_discovery_module	higher_in_viral	-1	IGF2BP3		insulin like growth factor 2 mRNA binding protein 3		-1.03812488835186	0.00377751637437701	-1.69035474511138	-0.122591693854207	Tier_2_pooled_FDR05_all_direction_concordant_one_site_FDR05	1	1.17930624942262	module_gene	unweighted_mean_z_score	bounded_abs_logFC_weighted_mean_z_score	IGF2BP3	ENSG00000136231	TRUE	FALSE
10771	VIR_M1a	Viral-higher broad antiviral and interferon-stimulated defence programme	primary_discovery_submodule	higher_in_viral	-1	ZMYND11		zinc finger MYND-type containing 11		-0.945331370586767	8.81326838881054e-05	-0.82991743812293	-1.12255445475313	Tier_1_cross_site_FDR05_direction_concordant	1	0.950371480155762	module_gene	unweighted_mean_z_score	bounded_abs_logFC_weighted_mean_z_score	ZMYND11	ENSG00000015171	TRUE	FALSE
10773	VIR_M2	Viral-higher cytokine and innate immune regulation programme	primary_discovery_module	higher_in_viral	-1	ZBTB6		zinc finger and BTB domain containing 6		-1.06946398732072	0.00125445628096295	-1.3040412016876	-0.77422253659777	Tier_2_pooled_FDR05_all_direction_concordant_one_site_FDR05	1	1.21490735645698	module_gene	unweighted_mean_z_score	bounded_abs_logFC_weighted_mean_z_score	ZBTB6	ENSG00000186130	TRUE	FALSE
10803	VIR_M2	Viral-higher cytokine and innate immune regulation programme	primary_discovery_module	higher_in_viral	-1	CCR9		C-C motif chemokine receptor 9		-1.57635336478884	7.59027748530108e-08	-1.47040318141387	-1.85304274312524	Tier_1_cross_site_FDR05_direction_concordant	1	1.79073191988031	module_gene	unweighted_mean_z_score	bounded_abs_logFC_weighted_mean_z_score	CCR9	ENSG00000173585	TRUE	FALSE
10892	VIR_M1a	Viral-higher broad antiviral and interferon-stimulated defence programme	primary_discovery_submodule	higher_in_viral	-1	MALT1		MALT1 paracaspase		-0.72918028641867	0.000218500821237892	-0.690137645353194	-0.840472459743486	Tier_1_cross_site_FDR05_direction_concordant	1	0.733067969249739	module_gene	unweighted_mean_z_score	bounded_abs_logFC_weighted_mean_z_score	MALT1	ENSG00000172175	TRUE	FALSE
10964	VIR_M1a	Viral-higher broad antiviral and interferon-stimulated defence programme	primary_discovery_submodule	higher_in_viral	-1	IFI44L		interferon induced protein 44 like		-3.68463042150361	6.45006752885454e-24	-4.44206628183126	-2.87831852164612	Tier_1_cross_site_FDR05_direction_concordant	1	3	module_gene	unweighted_mean_z_score	bounded_abs_logFC_weighted_mean_z_score	IFI44L	ENSG00000137959	TRUE	FALSE
10964	VIR_M2	Viral-higher cytokine and innate immune regulation programme	primary_discovery_module	higher_in_viral	-1	IFI44L		interferon induced protein 44 like		-3.68463042150361	6.45006752885454e-24	-4.44206628183126	-2.87831852164612	Tier_1_cross_site_FDR05_direction_concordant	1	3	module_gene	unweighted_mean_z_score	bounded_abs_logFC_weighted_mean_z_score	IFI44L	ENSG00000137959	TRUE	FALSE
11040	VIR_M1a	Viral-higher broad antiviral and interferon-stimulated defence programme	primary_discovery_submodule	higher_in_viral	-1	PIM2		Pim-2 proto-oncogene, serine/threonine kinase		-0.889663074102063	0.00140751476122606	-0.637100397310727	-1.39609345564996	Tier_2_pooled_FDR05_all_direction_concordant_one_site_FDR05	1	0.894406383710185	module_gene	unweighted_mean_z_score	bounded_abs_logFC_weighted_mean_z_score	PIM2	ENSG00000102096	TRUE	FALSE
11040	VIR_M1a	Viral-higher broad antiviral and interferon-stimulated defence programme	primary_discovery_submodule	higher_in_viral	-1	PIM2		Pim-2 proto-oncogene, serine/threonine kinase		-0.889663074102063	0.00140751476122606	-0.637100397310727	-1.39609345564996	Tier_2_pooled_FDR05_all_direction_concordant_one_site_FDR05	1	0.894406383710185	module_gene	unweighted_mean_z_score	bounded_abs_logFC_weighted_mean_z_score	PIM2	ENSG00000292210	FALSE	FALSE
11043	VIR_M1a	Viral-higher broad antiviral and interferon-stimulated defence programme	primary_discovery_submodule	higher_in_viral	-1	MID2		midline 2		-1.03969207950642	0.000639175536898632	-0.944141152583703	-1.29632912073444	Tier_1_cross_site_FDR05_direction_concordant	1	1.04523528071794	module_gene	unweighted_mean_z_score	bounded_abs_logFC_weighted_mean_z_score	MID2	ENSG00000080561	TRUE	FALSE
11119	VIR_M2	Viral-higher cytokine and innate immune regulation programme	primary_discovery_module	higher_in_viral	-1	BTN3A1		butyrophilin subfamily 3 member A1		-0.99406962505339	2.57670673392069e-10	-0.856215443785058	-1.31788924547635	Tier_1_cross_site_FDR05_direction_concordant	1	1.12925962409768	module_gene	unweighted_mean_z_score	bounded_abs_logFC_weighted_mean_z_score	BTN3A1	ENSG00000026950	TRUE	FALSE
11120	VIR_M2	Viral-higher cytokine and innate immune regulation programme	primary_discovery_module	higher_in_viral	-1	BTN2A1		butyrophilin subfamily 2 member A1		-0.379658444529749	0.0327783165859606	-0.476991181971386	-0.223511315973265	Tier_2_pooled_FDR05_all_direction_concordant_one_site_FDR05	1	0.431290667725761	module_gene	unweighted_mean_z_score	bounded_abs_logFC_weighted_mean_z_score	BTN2A1	ENSG00000112763	TRUE	FALSE
11120	VIR_M2	Viral-higher cytokine and innate immune regulation programme	primary_discovery_module	higher_in_viral	-1	BTN2A1		butyrophilin subfamily 2 member A1		-0.379658444529749	0.0327783165859606	-0.476991181971386	-0.223511315973265	Tier_2_pooled_FDR05_all_direction_concordant_one_site_FDR05	1	0.431290667725761	module_gene	unweighted_mean_z_score	bounded_abs_logFC_weighted_mean_z_score	BTN2A1	ENSG00000292170	FALSE	FALSE
11126	VIR_M1a	Viral-higher broad antiviral and interferon-stimulated defence programme	primary_discovery_submodule	higher_in_viral	-1	CD160		CD160 molecule		-0.873985625513376	0.00218956688112626	-0.720125531432799	-1.19437015054893	Tier_1_cross_site_FDR05_direction_concordant	1	0.87864534955446	module_gene	unweighted_mean_z_score	bounded_abs_logFC_weighted_mean_z_score	CD160	ENSG00000117281	TRUE	FALSE
11277	VIR_M1a	Viral-higher broad antiviral and interferon-stimulated defence programme	primary_discovery_submodule	higher_in_viral	-1	TREX1		three prime repair exonuclease 1		-1.46660269778812	4.73856837824164e-14	-1.65465682862616	-1.29791490046809	Tier_1_cross_site_FDR05_direction_concordant	1	1.47442200699654	module_gene	unweighted_mean_z_score	bounded_abs_logFC_weighted_mean_z_score	TREX1	ENSG00000213689	FALSE	FALSE
11277	VIR_M1b	Viral-higher viral restriction and type I interferon signalling subgroup	primary_discovery_submodule	higher_in_viral	-1	TREX1		three prime repair exonuclease 1		-1.46660269778812	4.73856837824164e-14	-1.65465682862616	-1.29791490046809	Tier_1_cross_site_FDR05_direction_concordant	1	1.03415298545858	module_gene	unweighted_mean_z_score	bounded_abs_logFC_weighted_mean_z_score	TREX1	ENSG00000213689	FALSE	FALSE
113115	BACT_M2	Bacterial-higher mitochondrial respiration and oxidative phosphorylation programme	primary_discovery_module	higher_in_bacterial	1	MTFR2		mitochondrial fission regulator 2		0.90526410150697	0.00136542979637154	1.32495799661447	0.283629656930538	Tier_2_pooled_FDR05_all_direction_concordant_one_site_FDR05	1	1.19347384484473	module_gene	unweighted_mean_z_score	bounded_abs_logFC_weighted_mean_z_score	MTFR2	ENSG00000146410	TRUE	FALSE
114625	VIR_M2	Viral-higher cytokine and innate immune regulation programme	primary_discovery_module	higher_in_viral	-1	ERMAP		erythroblast membrane associated protein (Scianna blood group)		-0.433414674444791	0.0184910116878964	-0.746436815533313	-0.0480890848683449	Tier_2_pooled_FDR05_all_direction_concordant_one_site_FDR05	1	0.492357557264316	module_gene	unweighted_mean_z_score	bounded_abs_logFC_weighted_mean_z_score	ERMAP	ENSG00000164010	TRUE	FALSE
117157	VIR_M1a	Viral-higher broad antiviral and interferon-stimulated defence programme	primary_discovery_submodule	higher_in_viral	-1	SH2D1B		SH2 domain containing 1B		-1.38077047459052	5.10617928736974e-05	-0.760103064293364	-2.44678691810139	Tier_2_pooled_FDR05_all_direction_concordant_one_site_FDR05	1	1.38813216245797	module_gene	unweighted_mean_z_score	bounded_abs_logFC_weighted_mean_z_score	SH2D1B	ENSG00000198574	TRUE	FALSE
117854	VIR_M1a	Viral-higher broad antiviral and interferon-stimulated defence programme	primary_discovery_submodule	higher_in_viral	-1	TRIM6		tripartite motif containing 6		-1.96616320170176	8.31894567682794e-12	-2.4610016762703	-1.27622765325188	Tier_1_cross_site_FDR05_direction_concordant	1	1.97664595756434	module_gene	unweighted_mean_z_score	bounded_abs_logFC_weighted_mean_z_score	TRIM6	ENSG00000121236	TRUE	FALSE
117854	VIR_M1b	Viral-higher viral restriction and type I interferon signalling subgroup	primary_discovery_submodule	higher_in_viral	-1	TRIM6		tripartite motif containing 6		-1.96616320170176	8.31894567682794e-12	-2.4610016762703	-1.27622765325188	Tier_1_cross_site_FDR05_direction_concordant	1	1.38641061277553	module_gene	unweighted_mean_z_score	bounded_abs_logFC_weighted_mean_z_score	TRIM6	ENSG00000121236	TRUE	FALSE
122618	VIR_M1a	Viral-higher broad antiviral and interferon-stimulated defence programme	primary_discovery_submodule	higher_in_viral	-1	PLD4		phospholipase D family member 4		-1.22698661795839	5.16470941805902e-07	-1.11196275002941	-1.55231401843953	Tier_1_cross_site_FDR05_direction_concordant	1	1.23352839493376	module_gene	unweighted_mean_z_score	bounded_abs_logFC_weighted_mean_z_score	PLD4	ENSG00000166428	TRUE	FALSE
1230	VIR_M2	Viral-higher cytokine and innate immune regulation programme	primary_discovery_module	higher_in_viral	-1	CCR1		C-C motif chemokine receptor 1		-0.920821639254262	3.73686630397613e-09	-1.46069800867515	-0.198790690283775	Tier_2_pooled_FDR05_all_direction_concordant_one_site_FDR05	1	1.04605016791397	module_gene	unweighted_mean_z_score	bounded_abs_logFC_weighted_mean_z_score	CCR1	ENSG00000163823	TRUE	FALSE
1232	VIR_M2	Viral-higher cytokine and innate immune regulation programme	primary_discovery_module	higher_in_viral	-1	CCR3		C-C motif chemokine receptor 3		-1.24833844144044	1.00735077502627e-08	-1.32397460168529	-1.2657531679693	Tier_1_cross_site_FDR05_direction_concordant	1	1.41810811194638	module_gene	unweighted_mean_z_score	bounded_abs_logFC_weighted_mean_z_score	CCR3	ENSG00000183625	TRUE	FALSE
1233	VIR_M2	Viral-higher cytokine and innate immune regulation programme	primary_discovery_module	higher_in_viral	-1	CCR4		C-C motif chemokine receptor 4		-1.32606097060238	8.98537631738037e-05	-1.38914363291545	-1.38671974576518	Tier_1_cross_site_FDR05_direction_concordant	1	1.50640063377112	module_gene	unweighted_mean_z_score	bounded_abs_logFC_weighted_mean_z_score	CCR4	ENSG00000183813	TRUE	FALSE
1234	VIR_M2	Viral-higher cytokine and innate immune regulation programme	primary_discovery_module	higher_in_viral	-1	CCR5		C-C motif chemokine receptor 5		-0.663620259727313	0.00119392121207314	-0.181491208859346	-1.47336230592497	Tier_2_pooled_FDR05_all_direction_concordant_one_site_FDR05	1	0.753870298574931	module_gene	unweighted_mean_z_score	bounded_abs_logFC_weighted_mean_z_score	CCR5	ENSG00000160791	TRUE	FALSE
1235	VIR_M2	Viral-higher cytokine and innate immune regulation programme	primary_discovery_module	higher_in_viral	-1	CCR6		C-C motif chemokine receptor 6		-0.72445610914673	1.96574443144293e-05	-0.64922987050769	-0.906675437697354	Tier_1_cross_site_FDR05_direction_concordant	1	0.822979611157884	module_gene	unweighted_mean_z_score	bounded_abs_logFC_weighted_mean_z_score	CCR6	ENSG00000112486	TRUE	FALSE
1236	VIR_M2	Viral-higher cytokine and innate immune regulation programme	primary_discovery_module	higher_in_viral	-1	CCR7		C-C motif chemokine receptor 7		-0.849523488465773	1.19573324060893e-06	-0.817051456044263	-0.958772601814683	Tier_1_cross_site_FDR05_direction_concordant	1	0.965055717496128	module_gene	unweighted_mean_z_score	bounded_abs_logFC_weighted_mean_z_score	CCR7	ENSG00000126353	TRUE	FALSE
1240	VIR_M2	Viral-higher cytokine and innate immune regulation programme	primary_discovery_module	higher_in_viral	-1	CMKLR1		chemerin chemokine-like receptor 1		-1.47425349489127	2.15221380914828e-17	-1.79623057405696	-1.06741277225959	Tier_1_cross_site_FDR05_direction_concordant	1	1.674746824073	module_gene	unweighted_mean_z_score	bounded_abs_logFC_weighted_mean_z_score	CMKLR1	ENSG00000174600	TRUE	FALSE
137209	VIR_M2	Viral-higher cytokine and innate immune regulation programme	primary_discovery_module	higher_in_viral	-1	ZNF572		zinc finger protein 572		-0.902542875866234	0.00722375999374462	-1.18629971800321	-0.509187409856917	Tier_2_pooled_FDR05_all_direction_concordant_one_site_FDR05	1	1.02528555651019	module_gene	unweighted_mean_z_score	bounded_abs_logFC_weighted_mean_z_score	ZNF572	ENSG00000180938	TRUE	FALSE
137682	BACT_M2	Bacterial-higher mitochondrial respiration and oxidative phosphorylation programme	primary_discovery_module	higher_in_bacterial	1	NDUFAF6		NADH:ubiquinone oxidoreductase complex assembly factor 6		-0.724220963534201	0.00299997132490686	-0.659524331342295	-0.94682931807158	Tier_1_cross_site_FDR05_direction_concordant	1	0.954791840776049	module_gene	unweighted_mean_z_score	bounded_abs_logFC_weighted_mean_z_score	NDUFAF6	ENSG00000156170	TRUE	FALSE
1380	VIR_M2	Viral-higher cytokine and innate immune regulation programme	primary_discovery_module	higher_in_viral	-1	CR2		complement C3d receptor 2		-1.12116240085103	0.000276263905483266	-1.10165051581481	-1.13633666317143	Tier_1_cross_site_FDR05_direction_concordant	1	1.27363657376563	module_gene	unweighted_mean_z_score	bounded_abs_logFC_weighted_mean_z_score	CR2	ENSG00000117322	TRUE	FALSE
1435	VIR_M1a	Viral-higher broad antiviral and interferon-stimulated defence programme	primary_discovery_submodule	higher_in_viral	-1	CSF1		colony stimulating factor 1		-0.915134100845478	0.000496226861166644	-1.367463684442	-0.335221952108809	Tier_2_pooled_FDR05_all_direction_concordant_one_site_FDR05	1	0.920013211263364	module_gene	unweighted_mean_z_score	bounded_abs_logFC_weighted_mean_z_score	CSF1	ENSG00000184371	TRUE	FALSE
146857	VIR_M1a	Viral-higher broad antiviral and interferon-stimulated defence programme	primary_discovery_submodule	higher_in_viral	-1	SLFN13		schlafen family member 13		-0.823460570040484	7.67802254462606e-05	-0.647675353509601	-1.17126161181694	Tier_1_cross_site_FDR05_direction_concordant	1	0.827850915720195	module_gene	unweighted_mean_z_score	bounded_abs_logFC_weighted_mean_z_score	SLFN13	ENSG00000154760	TRUE	FALSE
1514	VIR_M2	Viral-higher cytokine and innate immune regulation programme	primary_discovery_module	higher_in_viral	-1	CTSL		cathepsin L		-1.06812742767151	4.68331482770552e-07	-1.76376225282641	-0.0813576868259261	Tier_2_pooled_FDR05_all_direction_concordant_one_site_FDR05	1	1.21338902936096	module_gene	unweighted_mean_z_score	bounded_abs_logFC_weighted_mean_z_score	CTSL	ENSG00000135047	TRUE	FALSE
151636	VIR_M1a	Viral-higher broad antiviral and interferon-stimulated defence programme	primary_discovery_submodule	higher_in_viral	-1	DTX3L		deltex E3 ubiquitin ligase 3L		-1.16465957093574	1.47077952958203e-10	-1.59874070382945	-0.621752642954006	Tier_2_pooled_FDR05_all_direction_concordant_one_site_FDR05	1	1.17086904629087	module_gene	unweighted_mean_z_score	bounded_abs_logFC_weighted_mean_z_score	DTX3L	ENSG00000163840	TRUE	FALSE
164668	VIR_M1a	Viral-higher broad antiviral and interferon-stimulated defence programme	primary_discovery_submodule	higher_in_viral	-1	APOBEC3H		apolipoprotein B mRNA editing enzyme catalytic subunit 3H		-0.884676470439615	0.00242058444816777	-0.234489803135945	-1.9395408838121	Tier_2_pooled_FDR05_all_direction_concordant_one_site_FDR05	1	0.889393193572752	module_gene	unweighted_mean_z_score	bounded_abs_logFC_weighted_mean_z_score	APOBEC3H	ENSG00000100298	TRUE	FALSE
1654	VIR_M1a	Viral-higher broad antiviral and interferon-stimulated defence programme	primary_discovery_submodule	higher_in_viral	-1	DDX3X		DEAD-box helicase 3 X-linked		-0.708960416718184	3.58601062077933e-05	-1.00487133913141	-0.314078614668025	Tier_2_pooled_FDR05_all_direction_concordant_one_site_FDR05	1	0.712740295701912	module_gene	unweighted_mean_z_score	bounded_abs_logFC_weighted_mean_z_score	DDX3X	ENSG00000215301	TRUE	FALSE
1654	VIR_M1b	Viral-higher viral restriction and type I interferon signalling subgroup	primary_discovery_submodule	higher_in_viral	-1	DDX3X		DEAD-box helicase 3 X-linked		-0.708960416718184	3.58601062077933e-05	-1.00487133913141	-0.314078614668025	Tier_2_pooled_FDR05_all_direction_concordant_one_site_FDR05	1	0.499912847989995	module_gene	unweighted_mean_z_score	bounded_abs_logFC_weighted_mean_z_score	DDX3X	ENSG00000215301	TRUE	FALSE
166793	VIR_M2	Viral-higher cytokine and innate immune regulation programme	primary_discovery_module	higher_in_viral	-1	ZBTB49		zinc finger and BTB domain containing 49		-0.524846194434898	0.0118552910501198	-0.449705519499845	-0.722556512512805	Tier_2_pooled_FDR05_all_direction_concordant_one_site_FDR05	1	0.59622344481637	module_gene	unweighted_mean_z_score	bounded_abs_logFC_weighted_mean_z_score	ZBTB49	ENSG00000168826	TRUE	FALSE
1672	VIR_M1a	Viral-higher broad antiviral and interferon-stimulated defence programme	primary_discovery_submodule	higher_in_viral	-1	DEFB1		defensin beta 1		-3.5917500836365	4.57996772986168e-14	-4.64099727601923	-2.35139510210496	Tier_1_cross_site_FDR05_direction_concordant	1	3	module_gene	unweighted_mean_z_score	bounded_abs_logFC_weighted_mean_z_score	DEFB1	ENSG00000164825	FALSE	FALSE
1672	VIR_M1a	Viral-higher broad antiviral and interferon-stimulated defence programme	primary_discovery_submodule	higher_in_viral	-1	DEFB1		defensin beta 1		-3.5917500836365	4.57996772986168e-14	-4.64099727601923	-2.35139510210496	Tier_1_cross_site_FDR05_direction_concordant	1	3	module_gene	unweighted_mean_z_score	bounded_abs_logFC_weighted_mean_z_score	DEFB1	ENSG00000284881	FALSE	FALSE
1672	VIR_M2	Viral-higher cytokine and innate immune regulation programme	primary_discovery_module	higher_in_viral	-1	DEFB1		defensin beta 1		-3.5917500836365	4.57996772986168e-14	-4.64099727601923	-2.35139510210496	Tier_1_cross_site_FDR05_direction_concordant	1	3	module_gene	unweighted_mean_z_score	bounded_abs_logFC_weighted_mean_z_score	DEFB1	ENSG00000164825	FALSE	FALSE
1672	VIR_M2	Viral-higher cytokine and innate immune regulation programme	primary_discovery_module	higher_in_viral	-1	DEFB1		defensin beta 1		-3.5917500836365	4.57996772986168e-14	-4.64099727601923	-2.35139510210496	Tier_1_cross_site_FDR05_direction_concordant	1	3	module_gene	unweighted_mean_z_score	bounded_abs_logFC_weighted_mean_z_score	DEFB1	ENSG00000284881	FALSE	FALSE
1880	VIR_M2	Viral-higher cytokine and innate immune regulation programme	primary_discovery_module	higher_in_viral	-1	GPR183		G protein-coupled receptor 183		-0.874117532208997	3.21628836043503e-05	-0.731290704702957	-1.12925512822234	Tier_1_cross_site_FDR05_direction_concordant	1	0.99299446533889	module_gene	unweighted_mean_z_score	bounded_abs_logFC_weighted_mean_z_score	GPR183	ENSG00000169508	TRUE	FALSE
1979	BACT_M1	Bacterial-higher cytoplasmic translation and ribosomal protein programme	primary_discovery_module	higher_in_bacterial	1	EIF4EBP2		eukaryotic translation initiation factor 4E binding protein 2		0.430813077546224	0.0159481940389967	0.5786135207367	0.12392004783902	Tier_2_pooled_FDR05_all_direction_concordant_one_site_FDR05	1	0.544924367715208	module_gene	unweighted_mean_z_score	bounded_abs_logFC_weighted_mean_z_score	EIF4EBP2	ENSG00000148730	TRUE	FALSE
1997	VIR_M2	Viral-higher cytokine and innate immune regulation programme	primary_discovery_module	higher_in_viral	-1	ELF1		E74 like ETS transcription factor 1		-1.18371405734876	2.72323333813412e-10	-1.48284536226916	-0.879679731642123	Tier_1_cross_site_FDR05_direction_concordant	1	1.34469503720024	module_gene	unweighted_mean_z_score	bounded_abs_logFC_weighted_mean_z_score	ELF1	ENSG00000120690	TRUE	FALSE
200316	VIR_M1a	Viral-higher broad antiviral and interferon-stimulated defence programme	primary_discovery_submodule	higher_in_viral	-1	APOBEC3F		apolipoprotein B mRNA editing enzyme catalytic subunit 3F		-0.711547076378691	0.000150658754741308	-0.522192174330288	-1.08194037568067	Tier_1_cross_site_FDR05_direction_concordant	1	0.715340746344621	module_gene	unweighted_mean_z_score	bounded_abs_logFC_weighted_mean_z_score	APOBEC3F	ENSG00000128394	TRUE	FALSE
200316	VIR_M1b	Viral-higher viral restriction and type I interferon signalling subgroup	primary_discovery_submodule	higher_in_viral	-1	APOBEC3F		apolipoprotein B mRNA editing enzyme catalytic subunit 3F		-0.711547076378691	0.000150658754741308	-0.522192174330288	-1.08194037568067	Tier_1_cross_site_FDR05_direction_concordant	1	0.501736792412238	module_gene	unweighted_mean_z_score	bounded_abs_logFC_weighted_mean_z_score	APOBEC3F	ENSG00000128394	TRUE	FALSE
2113	VIR_M2	Viral-higher cytokine and innate immune regulation programme	primary_discovery_module	higher_in_viral	-1	ETS1		ETS proto-oncogene 1, transcription factor		-0.828774743294404	1.32030990257356e-06	-0.536778158062362	-1.34421660675833	Tier_1_cross_site_FDR05_direction_concordant	1	0.941485215408349	module_gene	unweighted_mean_z_score	bounded_abs_logFC_weighted_mean_z_score	ETS1	ENSG00000134954	TRUE	FALSE
2206	VIR_M2	Viral-higher cytokine and innate immune regulation programme	primary_discovery_module	higher_in_viral	-1	MS4A2		membrane spanning 4-domains A2		-0.878898444567886	4.09413671983111e-05	-0.854327337824796	-1.05979758810911	Tier_1_cross_site_FDR05_direction_concordant	1	0.998425565090029	module_gene	unweighted_mean_z_score	bounded_abs_logFC_weighted_mean_z_score	MS4A2	ENSG00000149534	TRUE	FALSE
2213	VIR_M2	Viral-higher cytokine and innate immune regulation programme	primary_discovery_module	higher_in_viral	-1	FCGR2B		Fc gamma receptor IIb		-0.833116991870001	4.85065902803761e-06	-0.987583631188526	-0.638655586378488	Tier_2_pooled_FDR05_all_direction_concordant_one_site_FDR05	1	0.946417994632897	module_gene	unweighted_mean_z_score	bounded_abs_logFC_weighted_mean_z_score	FCGR2B	ENSG00000072694	TRUE	FALSE
2214	VIR_M2	Viral-higher cytokine and innate immune regulation programme	primary_discovery_module	higher_in_viral	-1	FCGR3A		Fc gamma receptor IIIa		-0.465046778935562	0.00425685150154621	-0.599862768939441	-0.330487864157977	Tier_2_pooled_FDR05_all_direction_concordant_one_site_FDR05	1	0.528291517548786	module_gene	unweighted_mean_z_score	bounded_abs_logFC_weighted_mean_z_score	FCGR3A	ENSG00000203747	TRUE	FALSE
2215	VIR_M2	Viral-higher cytokine and innate immune regulation programme	primary_discovery_module	higher_in_viral	-1	FCGR3B		Fc gamma receptor IIIb		-0.378139170769583	0.0266432842402192	-0.464518159649527	-0.280713921716285	Tier_2_pooled_FDR05_all_direction_concordant_one_site_FDR05	1	0.429564778037486	module_gene	unweighted_mean_z_score	bounded_abs_logFC_weighted_mean_z_score	FCGR3B	ENSG00000162747	TRUE	FALSE
22890	VIR_M1a	Viral-higher broad antiviral and interferon-stimulated defence programme	primary_discovery_submodule	higher_in_viral	-1	ZBTB1		zinc finger and BTB domain containing 1		-1.04926106953018	9.58523051976664e-05	-1.28993424769195	-0.799971125000829	Tier_2_pooled_FDR05_all_direction_concordant_one_site_FDR05	1	1.05485528857491	module_gene	unweighted_mean_z_score	bounded_abs_logFC_weighted_mean_z_score	ZBTB1	ENSG00000126804	TRUE	FALSE
22890	VIR_M2	Viral-higher cytokine and innate immune regulation programme	primary_discovery_module	higher_in_viral	-1	ZBTB1		zinc finger and BTB domain containing 1		-1.04926106953018	9.58523051976664e-05	-1.28993424769195	-0.799971125000829	Tier_2_pooled_FDR05_all_direction_concordant_one_site_FDR05	1	1.19195691236853	module_gene	unweighted_mean_z_score	bounded_abs_logFC_weighted_mean_z_score	ZBTB1	ENSG00000126804	TRUE	FALSE
22954	VIR_M1a	Viral-higher broad antiviral and interferon-stimulated defence programme	primary_discovery_submodule	higher_in_viral	-1	TRIM32		tripartite motif containing 32		-0.721573383129019	0.0015254894549214	-0.288186953526639	-1.45588634800939	Tier_2_pooled_FDR05_all_direction_concordant_one_site_FDR05	1	0.725420509148737	module_gene	unweighted_mean_z_score	bounded_abs_logFC_weighted_mean_z_score	TRIM32	ENSG00000119401	TRUE	FALSE
23052	VIR_M1a	Viral-higher broad antiviral and interferon-stimulated defence programme	primary_discovery_submodule	higher_in_viral	-1	ENDOD1		endonuclease domain containing 1		-0.99055115856668	3.4456156222297e-10	-1.28613223278926	-0.6459763440849	Tier_1_cross_site_FDR05_direction_concordant	1	0.995832361040445	module_gene	unweighted_mean_z_score	bounded_abs_logFC_weighted_mean_z_score	ENDOD1	ENSG00000149218	TRUE	FALSE
23087	VIR_M1a	Viral-higher broad antiviral and interferon-stimulated defence programme	primary_discovery_submodule	higher_in_viral	-1	TRIM35		tripartite motif containing 35		-1.09778108069741	3.55698481930968e-07	-1.02372366359956	-1.36249304623711	Tier_1_cross_site_FDR05_direction_concordant	1	1.10363398804994	module_gene	unweighted_mean_z_score	bounded_abs_logFC_weighted_mean_z_score	TRIM35	ENSG00000104228	TRUE	FALSE
23119	VIR_M2	Viral-higher cytokine and innate immune regulation programme	primary_discovery_module	higher_in_viral	-1	HIC2		HIC ZBTB transcriptional repressor 2		-0.879172760931698	5.01452305799657e-06	-0.985434310590131	-0.839523364349263	Tier_1_cross_site_FDR05_direction_concordant	1	0.998737187521773	module_gene	unweighted_mean_z_score	bounded_abs_logFC_weighted_mean_z_score	HIC2	ENSG00000169635	TRUE	FALSE
23138	VIR_M1a	Viral-higher broad antiviral and interferon-stimulated defence programme	primary_discovery_submodule	higher_in_viral	-1	N4BP3		NEDD4 binding protein 3		-0.943162556451269	0.00223749848329617	-0.499167508441136	-1.59003953676661	Tier_2_pooled_FDR05_all_direction_concordant_one_site_FDR05	1	0.948191102814791	module_gene	unweighted_mean_z_score	bounded_abs_logFC_weighted_mean_z_score	N4BP3	ENSG00000145911	TRUE	FALSE
23308	VIR_M2	Viral-higher cytokine and innate immune regulation programme	primary_discovery_module	higher_in_viral	-1	ICOSLG		inducible T cell costimulator ligand		-0.935113238459983	8.04005676840551e-08	-0.920433495347851	-0.991767739595394	Tier_1_cross_site_FDR05_direction_concordant	1	1.0622853747245	module_gene	unweighted_mean_z_score	bounded_abs_logFC_weighted_mean_z_score	ICOSLG	ENSG00000160223	TRUE	FALSE
23411	VIR_M2	Viral-higher cytokine and innate immune regulation programme	primary_discovery_module	higher_in_viral	-1	SIRT1		sirtuin 1		-0.854185743066675	0.00128420046058701	-1.08045056529914	-0.606664303119125	Tier_2_pooled_FDR05_all_direction_concordant_one_site_FDR05	1	0.970352022448389	module_gene	unweighted_mean_z_score	bounded_abs_logFC_weighted_mean_z_score	SIRT1	ENSG00000096717	TRUE	FALSE
23547	VIR_M1a	Viral-higher broad antiviral and interferon-stimulated defence programme	primary_discovery_submodule	higher_in_viral	-1	LILRA4		leukocyte immunoglobulin like receptor A4		-1.13597526528814	4.32087081304931e-06	-1.66849341816809	-0.404471908260489	Tier_2_pooled_FDR05_all_direction_concordant_one_site_FDR05	1	1.14203180798085	module_gene	unweighted_mean_z_score	bounded_abs_logFC_weighted_mean_z_score	LILRA4	ENSG00000239961	TRUE	FALSE
23547	VIR_M1a	Viral-higher broad antiviral and interferon-stimulated defence programme	primary_discovery_submodule	higher_in_viral	-1	LILRA4		leukocyte immunoglobulin like receptor A4		-1.13597526528814	4.32087081304931e-06	-1.66849341816809	-0.404471908260489	Tier_2_pooled_FDR05_all_direction_concordant_one_site_FDR05	1	1.14203180798085	module_gene	unweighted_mean_z_score	bounded_abs_logFC_weighted_mean_z_score	LILRA4	ENSG00000274185	FALSE	FALSE
23547	VIR_M1a	Viral-higher broad antiviral and interferon-stimulated defence programme	primary_discovery_submodule	higher_in_viral	-1	LILRA4		leukocyte immunoglobulin like receptor A4		-1.13597526528814	4.32087081304931e-06	-1.66849341816809	-0.404471908260489	Tier_2_pooled_FDR05_all_direction_concordant_one_site_FDR05	1	1.14203180798085	module_gene	unweighted_mean_z_score	bounded_abs_logFC_weighted_mean_z_score	LILRA4	ENSG00000276798	FALSE	FALSE
23547	VIR_M1a	Viral-higher broad antiviral and interferon-stimulated defence programme	primary_discovery_submodule	higher_in_viral	-1	LILRA4		leukocyte immunoglobulin like receptor A4		-1.13597526528814	4.32087081304931e-06	-1.66849341816809	-0.404471908260489	Tier_2_pooled_FDR05_all_direction_concordant_one_site_FDR05	1	1.14203180798085	module_gene	unweighted_mean_z_score	bounded_abs_logFC_weighted_mean_z_score	LILRA4	ENSG00000277092	FALSE	FALSE
23586	VIR_M1a	Viral-higher broad antiviral and interferon-stimulated defence programme	primary_discovery_submodule	higher_in_viral	-1	RIGI		RNA sensor RIG-I		-1.36841786841664	1.41415823372739e-15	-1.68906821139988	-1.00545639675293	Tier_1_cross_site_FDR05_direction_concordant	1	1.37571369737946	module_gene	unweighted_mean_z_score	bounded_abs_logFC_weighted_mean_z_score	RIGI	ENSG00000107201	TRUE	FALSE
23586	VIR_M1b	Viral-higher viral restriction and type I interferon signalling subgroup	primary_discovery_submodule	higher_in_viral	-1	RIGI		RNA sensor RIG-I		-1.36841786841664	1.41415823372739e-15	-1.68906821139988	-1.00545639675293	Tier_1_cross_site_FDR05_direction_concordant	1	0.964919419630292	module_gene	unweighted_mean_z_score	bounded_abs_logFC_weighted_mean_z_score	RIGI	ENSG00000107201	TRUE	FALSE
23598	VIR_M2	Viral-higher cytokine and innate immune regulation programme	primary_discovery_module	higher_in_viral	-1	PATZ1		POZ/BTB and AT hook containing zinc finger 1		-0.843492988870401	6.20908638476458e-07	-0.657593522523359	-1.22762226188394	Tier_1_cross_site_FDR05_direction_concordant	1	0.958205091006233	module_gene	unweighted_mean_z_score	bounded_abs_logFC_weighted_mean_z_score	PATZ1	ENSG00000100105	TRUE	FALSE
24138	VIR_M1a	Viral-higher broad antiviral and interferon-stimulated defence programme	primary_discovery_submodule	higher_in_viral	-1	IFIT5		interferon induced protein with tetratricopeptide repeats 5		-2.09147312813928	6.94407834320328e-16	-2.48962886231449	-1.6944507013634	Tier_1_cross_site_FDR05_direction_concordant	1	2.10262398386502	module_gene	unweighted_mean_z_score	bounded_abs_logFC_weighted_mean_z_score	IFIT5	ENSG00000152778	TRUE	FALSE
24138	VIR_M1b	Viral-higher viral restriction and type I interferon signalling subgroup	primary_discovery_submodule	higher_in_viral	-1	IFIT5		interferon induced protein with tetratricopeptide repeats 5		-2.09147312813928	6.94407834320328e-16	-2.48962886231449	-1.6944507013634	Tier_1_cross_site_FDR05_direction_concordant	1	1.47477103562788	module_gene	unweighted_mean_z_score	bounded_abs_logFC_weighted_mean_z_score	IFIT5	ENSG00000152778	TRUE	FALSE
24145	VIR_M2	Viral-higher cytokine and innate immune regulation programme	primary_discovery_module	higher_in_viral	-1	PANX1		pannexin 1		-1.34744002638107	1.57694521611788e-08	-1.67853751842643	-1.02608980935955	Tier_1_cross_site_FDR05_direction_concordant	1	1.53068716650861	module_gene	unweighted_mean_z_score	bounded_abs_logFC_weighted_mean_z_score	PANX1	ENSG00000110218	TRUE	FALSE
2444	VIR_M1a	Viral-higher broad antiviral and interferon-stimulated defence programme	primary_discovery_submodule	higher_in_viral	-1	FRK		fyn related Src family tyrosine kinase		-0.352699632971503	0.0372002567335246	-0.417768980264756	-0.229326642816184	Tier_3_pooled_FDR05_all_direction_concordant_site_nominal_or_weaker	1	0.354580079183731	module_gene	unweighted_mean_z_score	bounded_abs_logFC_weighted_mean_z_score	FRK	ENSG00000111816	FALSE	FALSE
246778	VIR_M1a	Viral-higher broad antiviral and interferon-stimulated defence programme	primary_discovery_submodule	higher_in_viral	-1	IL27		interleukin 27		-0.681009283066857	0.0224621754815853	-1.05820919941764	-0.132691369746826	Tier_2_pooled_FDR05_all_direction_concordant_one_site_FDR05	1	0.684640138353114	module_gene	unweighted_mean_z_score	bounded_abs_logFC_weighted_mean_z_score	IL27	ENSG00000197272	TRUE	FALSE
2537	VIR_M1a	Viral-higher broad antiviral and interferon-stimulated defence programme	primary_discovery_submodule	higher_in_viral	-1	IFI6		interferon alpha inducible protein 6		-2.39629405266998	8.22669999673773e-09	-2.64053912133538	-2.20184367840854	Tier_1_cross_site_FDR05_direction_concordant	1	2.40907008545676	module_gene	unweighted_mean_z_score	bounded_abs_logFC_weighted_mean_z_score	IFI6	ENSG00000126709	TRUE	FALSE
2537	VIR_M2	Viral-higher cytokine and innate immune regulation programme	primary_discovery_module	higher_in_viral	-1	IFI6		interferon alpha inducible protein 6		-2.39629405266998	8.22669999673773e-09	-2.64053912133538	-2.20184367840854	Tier_1_cross_site_FDR05_direction_concordant	1	2.72218167917591	module_gene	unweighted_mean_z_score	bounded_abs_logFC_weighted_mean_z_score	IFI6	ENSG00000126709	TRUE	FALSE
255231	VIR_M1a	Viral-higher broad antiviral and interferon-stimulated defence programme	primary_discovery_submodule	higher_in_viral	-1	MCOLN2		mucolipin TRP cation channel 2		-0.631727152709154	0.00289946468598024	-0.104100985211885	-1.39584899769163	Tier_2_pooled_FDR05_all_direction_concordant_one_site_FDR05	1	0.635095256388382	module_gene	unweighted_mean_z_score	bounded_abs_logFC_weighted_mean_z_score	MCOLN2	ENSG00000153898	TRUE	FALSE
256987	VIR_M1a	Viral-higher broad antiviral and interferon-stimulated defence programme	primary_discovery_submodule	higher_in_viral	-1	SERINC5		serine incorporator 5		-1.23140217428914	1.12264946263249e-05	-1.51010154100025	-1.0448470163752	Tier_1_cross_site_FDR05_direction_concordant	1	1.23796749315512	module_gene	unweighted_mean_z_score	bounded_abs_logFC_weighted_mean_z_score	SERINC5	ENSG00000164300	TRUE	FALSE
25880	BACT_M2	Bacterial-higher mitochondrial respiration and oxidative phosphorylation programme	primary_discovery_module	higher_in_bacterial	1	TMEM186		transmembrane protein 186		0.552760305913266	0.00135830443036077	0.879035667586107	0.15458106625207	Tier_2_pooled_FDR05_all_direction_concordant_one_site_FDR05	1	0.728743099917095	module_gene	unweighted_mean_z_score	bounded_abs_logFC_weighted_mean_z_score	TMEM186	ENSG00000184857	TRUE	FALSE
26137	VIR_M1b	Viral-higher viral restriction and type I interferon signalling subgroup	primary_discovery_submodule	higher_in_viral	-1	ZBTB20		zinc finger and BTB domain containing 20		-0.83753706368883	0.000322909490124913	-1.26072684544703	-0.252307618612479	Tier_2_pooled_FDR05_all_direction_concordant_one_site_FDR05	1	0.590576750030735	module_gene	unweighted_mean_z_score	bounded_abs_logFC_weighted_mean_z_score	ZBTB20	ENSG00000181722	TRUE	FALSE
26137	VIR_M2	Viral-higher cytokine and innate immune regulation programme	primary_discovery_module	higher_in_viral	-1	ZBTB20		zinc finger and BTB domain containing 20		-0.83753706368883	0.000322909490124913	-1.26072684544703	-0.252307618612479	Tier_2_pooled_FDR05_all_direction_concordant_one_site_FDR05	1	0.951439180790101	module_gene	unweighted_mean_z_score	bounded_abs_logFC_weighted_mean_z_score	ZBTB20	ENSG00000181722	TRUE	FALSE
2625	VIR_M1a	Viral-higher broad antiviral and interferon-stimulated defence programme	primary_discovery_submodule	higher_in_viral	-1	GATA3		GATA binding protein 3		-0.790109539037166	8.13884447375849e-06	-0.459440096955703	-1.32383337693448	Tier_2_pooled_FDR05_all_direction_concordant_one_site_FDR05	1	0.794322071036166	module_gene	unweighted_mean_z_score	bounded_abs_logFC_weighted_mean_z_score	GATA3	ENSG00000107485	TRUE	FALSE
2625	VIR_M2	Viral-higher cytokine and innate immune regulation programme	primary_discovery_module	higher_in_viral	-1	GATA3		GATA binding protein 3		-0.790109539037166	8.13884447375849e-06	-0.459440096955703	-1.32383337693448	Tier_2_pooled_FDR05_all_direction_concordant_one_site_FDR05	1	0.89756167833936	module_gene	unweighted_mean_z_score	bounded_abs_logFC_weighted_mean_z_score	GATA3	ENSG00000107485	TRUE	FALSE
2633	VIR_M1a	Viral-higher broad antiviral and interferon-stimulated defence programme	primary_discovery_submodule	higher_in_viral	-1	GBP1		guanylate binding protein 1		-1.11523582451266	4.18207444816114e-05	-1.39015107744705	-0.886121308673677	Tier_2_pooled_FDR05_all_direction_concordant_one_site_FDR05	1	1.12118179322342	module_gene	unweighted_mean_z_score	bounded_abs_logFC_weighted_mean_z_score	GBP1	ENSG00000117228	TRUE	FALSE
2635	VIR_M1a	Viral-higher broad antiviral and interferon-stimulated defence programme	primary_discovery_submodule	higher_in_viral	-1	GBP3		guanylate binding protein 3		-1.34798841146849	7.50944627541982e-08	-1.7136604956001	-0.935535366041534	Tier_1_cross_site_FDR05_direction_concordant	1	1.35517531915285	module_gene	unweighted_mean_z_score	bounded_abs_logFC_weighted_mean_z_score	GBP3	ENSG00000117226	TRUE	FALSE
27293	VIR_M1a	Viral-higher broad antiviral and interferon-stimulated defence programme	primary_discovery_submodule	higher_in_viral	-1	SMPDL3B		sphingomyelin phosphodiesterase acid like 3B		-0.608208667116264	0.0359817811842737	-0.729186591164552	-0.472649100952734	Tier_2_pooled_FDR05_all_direction_concordant_one_site_FDR05	1	0.611451380114538	module_gene	unweighted_mean_z_score	bounded_abs_logFC_weighted_mean_z_score	SMPDL3B	ENSG00000130768	TRUE	FALSE
284184	BACT_M2	Bacterial-higher mitochondrial respiration and oxidative phosphorylation programme	primary_discovery_module	higher_in_bacterial	1	NDUFAF8		NADH:ubiquinone oxidoreductase complex assembly factor 8		0.877025274263644	1.35087745689756e-05	1.51808180451778	0.0428620743118842	Tier_2_pooled_FDR05_all_direction_concordant_one_site_FDR05	1	1.15624459686296	module_gene	unweighted_mean_z_score	bounded_abs_logFC_weighted_mean_z_score	NDUFAF8	ENSG00000224877	TRUE	FALSE
28998	BACT_M1	Bacterial-higher cytoplasmic translation and ribosomal protein programme	primary_discovery_module	higher_in_bacterial	1	MRPL13		mitochondrial ribosomal protein L13		0.814783290342086	0.00191519371102425	1.35644956007476	0.108149339703897	Tier_2_pooled_FDR05_all_direction_concordant_one_site_FDR05	1	1.03059840208063	module_gene	unweighted_mean_z_score	bounded_abs_logFC_weighted_mean_z_score	MRPL13	ENSG00000172172	TRUE	FALSE
29093	BACT_M1	Bacterial-higher cytoplasmic translation and ribosomal protein programme	primary_discovery_module	higher_in_bacterial	1	MRPL22		mitochondrial ribosomal protein L22		0.64924288905948	0.000856662602886584	0.987213027065084	0.228282117143766	Tier_2_pooled_FDR05_all_direction_concordant_one_site_FDR05	1	0.821210611408083	module_gene	unweighted_mean_z_score	bounded_abs_logFC_weighted_mean_z_score	MRPL22	ENSG00000082515	TRUE	FALSE
29802	VIR_M2	Viral-higher cytokine and innate immune regulation programme	primary_discovery_module	higher_in_viral	-1	VPREB3		V-set pre-B cell surrogate light chain 3		-0.59169889775124	0.0372522568398029	-0.200602407539182	-1.23443569974921	Tier_2_pooled_FDR05_all_direction_concordant_one_site_FDR05	1	0.672167882423415	module_gene	unweighted_mean_z_score	bounded_abs_logFC_weighted_mean_z_score	VPREB3	ENSG00000128218	TRUE	FALSE
29851	VIR_M2	Viral-higher cytokine and innate immune regulation programme	primary_discovery_module	higher_in_viral	-1	ICOS		inducible T cell costimulator		-0.803829722197215	0.0128756681502466	-0.0396115847562685	-2.05683693705047	Tier_2_pooled_FDR05_all_direction_concordant_one_site_FDR05	1	0.913147758516627	module_gene	unweighted_mean_z_score	bounded_abs_logFC_weighted_mean_z_score	ICOS	ENSG00000163600	TRUE	FALSE
326	VIR_M2	Viral-higher cytokine and innate immune regulation programme	primary_discovery_module	higher_in_viral	-1	AIRE		autoimmune regulator		-1.2266661814181	1.63570659694794e-05	-0.896153325152195	-1.83313369503442	Tier_1_cross_site_FDR05_direction_concordant	1	1.39348850021158	module_gene	unweighted_mean_z_score	bounded_abs_logFC_weighted_mean_z_score	AIRE	ENSG00000160224	TRUE	FALSE
3429	VIR_M1a	Viral-higher broad antiviral and interferon-stimulated defence programme	primary_discovery_submodule	higher_in_viral	-1	IFI27		interferon alpha inducible protein 27		-4.76772856416775	2.51896266086772e-33	-5.43444150089658	-4.14967904484638	Tier_1_cross_site_FDR05_direction_concordant	1	3	module_gene	unweighted_mean_z_score	bounded_abs_logFC_weighted_mean_z_score	IFI27	ENSG00000165949	TRUE	FALSE
3429	VIR_M1a	Viral-higher broad antiviral and interferon-stimulated defence programme	primary_discovery_submodule	higher_in_viral	-1	IFI27		interferon alpha inducible protein 27		-4.76772856416775	2.51896266086772e-33	-5.43444150089658	-4.14967904484638	Tier_1_cross_site_FDR05_direction_concordant	1	3	module_gene	unweighted_mean_z_score	bounded_abs_logFC_weighted_mean_z_score	IFI27	ENSG00000275214	FALSE	FALSE
3429	VIR_M1b	Viral-higher viral restriction and type I interferon signalling subgroup	primary_discovery_submodule	higher_in_viral	-1	IFI27		interferon alpha inducible protein 27		-4.76772856416775	2.51896266086772e-33	-5.43444150089658	-4.14967904484638	Tier_1_cross_site_FDR05_direction_concordant	1	3	module_gene	unweighted_mean_z_score	bounded_abs_logFC_weighted_mean_z_score	IFI27	ENSG00000165949	TRUE	FALSE
3429	VIR_M1b	Viral-higher viral restriction and type I interferon signalling subgroup	primary_discovery_submodule	higher_in_viral	-1	IFI27		interferon alpha inducible protein 27		-4.76772856416775	2.51896266086772e-33	-5.43444150089658	-4.14967904484638	Tier_1_cross_site_FDR05_direction_concordant	1	3	module_gene	unweighted_mean_z_score	bounded_abs_logFC_weighted_mean_z_score	IFI27	ENSG00000275214	FALSE	FALSE
3430	VIR_M1a	Viral-higher broad antiviral and interferon-stimulated defence programme	primary_discovery_submodule	higher_in_viral	-1	IFI35		interferon induced protein 35		-0.816885695457015	3.26309288923017e-06	-1.15401030634663	-0.40640782171863	Tier_2_pooled_FDR05_all_direction_concordant_one_site_FDR05	1	0.821240986668701	module_gene	unweighted_mean_z_score	bounded_abs_logFC_weighted_mean_z_score	IFI35	ENSG00000068079	TRUE	FALSE
3433	VIR_M1a	Viral-higher broad antiviral and interferon-stimulated defence programme	primary_discovery_submodule	higher_in_viral	-1	IFIT2		interferon induced protein with tetratricopeptide repeats 2		-3.04824288937295	1.09996245032701e-24	-3.54692092343074	-2.60149064283263	Tier_1_cross_site_FDR05_direction_concordant	1	3	module_gene	unweighted_mean_z_score	bounded_abs_logFC_weighted_mean_z_score	IFIT2	ENSG00000119922	TRUE	FALSE
3434	VIR_M1a	Viral-higher broad antiviral and interferon-stimulated defence programme	primary_discovery_submodule	higher_in_viral	-1	IFIT1		interferon induced protein with tetratricopeptide repeats 1		-3.77323797706401	5.90023842003119e-28	-4.31758142819668	-3.3023648897722	Tier_1_cross_site_FDR05_direction_concordant	1	3	module_gene	unweighted_mean_z_score	bounded_abs_logFC_weighted_mean_z_score	IFIT1	ENSG00000185745	TRUE	FALSE
3434	VIR_M1b	Viral-higher viral restriction and type I interferon signalling subgroup	primary_discovery_submodule	higher_in_viral	-1	IFIT1		interferon induced protein with tetratricopeptide repeats 1		-3.77323797706401	5.90023842003119e-28	-4.31758142819668	-3.3023648897722	Tier_1_cross_site_FDR05_direction_concordant	1	2.66064239804785	module_gene	unweighted_mean_z_score	bounded_abs_logFC_weighted_mean_z_score	IFIT1	ENSG00000185745	TRUE	FALSE
3437	VIR_M1a	Viral-higher broad antiviral and interferon-stimulated defence programme	primary_discovery_submodule	higher_in_viral	-1	IFIT3		interferon induced protein with tetratricopeptide repeats 3		-2.65550962111013	9.07234927849064e-22	-3.12184711368811	-2.21684779080811	Tier_1_cross_site_FDR05_direction_concordant	1	2.66966768236605	module_gene	unweighted_mean_z_score	bounded_abs_logFC_weighted_mean_z_score	IFIT3	ENSG00000119917	TRUE	FALSE
353376	VIR_M1a	Viral-higher broad antiviral and interferon-stimulated defence programme	primary_discovery_submodule	higher_in_viral	-1	TICAM2		TIR domain containing adaptor molecule 2		-0.515797340133511	0.00516069349965684	-0.857470269766328	-0.0106839135054756	Tier_2_pooled_FDR05_all_direction_concordant_one_site_FDR05	1	0.518547354774467	module_gene	unweighted_mean_z_score	bounded_abs_logFC_weighted_mean_z_score	TICAM2	ENSG00000243414	TRUE	FALSE
355	VIR_M2	Viral-higher cytokine and innate immune regulation programme	primary_discovery_module	higher_in_viral	-1	FAS		Fas cell surface death receptor		-0.421179990936675	0.0427083512055564	-0.733586153902268	-0.019450808216121	Tier_2_pooled_FDR05_all_direction_concordant_one_site_FDR05	1	0.478458999506265	module_gene	unweighted_mean_z_score	bounded_abs_logFC_weighted_mean_z_score	FAS	ENSG00000026103	TRUE	FALSE
3557	VIR_M2	Viral-higher cytokine and innate immune regulation programme	primary_discovery_module	higher_in_viral	-1	IL1RN		interleukin 1 receptor antagonist		-1.04704749191055	3.73289194723583e-07	-1.60347344699309	-0.357895478635668	Tier_2_pooled_FDR05_all_direction_concordant_one_site_FDR05	1	1.18944229591948	module_gene	unweighted_mean_z_score	bounded_abs_logFC_weighted_mean_z_score	IL1RN	ENSG00000136689	TRUE	FALSE
3559	VIR_M2	Viral-higher cytokine and innate immune regulation programme	primary_discovery_module	higher_in_viral	-1	IL2RA		interleukin 2 receptor subunit alpha		-0.74777941606931	0.000729291259265031	-0.995589521844487	-0.478107685520994	Tier_2_pooled_FDR05_all_direction_concordant_one_site_FDR05	1	0.849474806408109	module_gene	unweighted_mean_z_score	bounded_abs_logFC_weighted_mean_z_score	IL2RA	ENSG00000134460	TRUE	FALSE
3575	VIR_M2	Viral-higher cytokine and innate immune regulation programme	primary_discovery_module	higher_in_viral	-1	IL7R		interleukin 7 receptor		-1.18680963729262	3.21798880451086e-12	-1.27842666960681	-1.10622924275438	Tier_1_cross_site_FDR05_direction_concordant	1	1.34821160521084	module_gene	unweighted_mean_z_score	bounded_abs_logFC_weighted_mean_z_score	IL7R	ENSG00000168685	TRUE	FALSE
3600	VIR_M2	Viral-higher cytokine and innate immune regulation programme	primary_discovery_module	higher_in_viral	-1	IL15		interleukin 15		-1.18557807352126	5.08859807156884e-05	-1.36615779011961	-0.990665125960654	Tier_2_pooled_FDR05_all_direction_concordant_one_site_FDR05	1	1.34681255306555	module_gene	unweighted_mean_z_score	bounded_abs_logFC_weighted_mean_z_score	IL15	ENSG00000164136	TRUE	FALSE
3665	VIR_M1a	Viral-higher broad antiviral and interferon-stimulated defence programme	primary_discovery_submodule	higher_in_viral	-1	IRF7		interferon regulatory factor 7		-1.45404953351808	1.6567768830903e-13	-1.8398718883554	-1.01060762204544	Tier_1_cross_site_FDR05_direction_concordant	1	1.46180191453039	module_gene	unweighted_mean_z_score	bounded_abs_logFC_weighted_mean_z_score	IRF7	ENSG00000185507	TRUE	FALSE
3665	VIR_M1a	Viral-higher broad antiviral and interferon-stimulated defence programme	primary_discovery_submodule	higher_in_viral	-1	IRF7		interferon regulatory factor 7		-1.45404953351808	1.6567768830903e-13	-1.8398718883554	-1.01060762204544	Tier_1_cross_site_FDR05_direction_concordant	1	1.46180191453039	module_gene	unweighted_mean_z_score	bounded_abs_logFC_weighted_mean_z_score	IRF7	ENSG00000276561	FALSE	FALSE
3665	VIR_M1b	Viral-higher viral restriction and type I interferon signalling subgroup	primary_discovery_submodule	higher_in_viral	-1	IRF7		interferon regulatory factor 7		-1.45404953351808	1.6567768830903e-13	-1.8398718883554	-1.01060762204544	Tier_1_cross_site_FDR05_direction_concordant	1	1.02530130918225	module_gene	unweighted_mean_z_score	bounded_abs_logFC_weighted_mean_z_score	IRF7	ENSG00000185507	TRUE	FALSE
3665	VIR_M1b	Viral-higher viral restriction and type I interferon signalling subgroup	primary_discovery_submodule	higher_in_viral	-1	IRF7		interferon regulatory factor 7		-1.45404953351808	1.6567768830903e-13	-1.8398718883554	-1.01060762204544	Tier_1_cross_site_FDR05_direction_concordant	1	1.02530130918225	module_gene	unweighted_mean_z_score	bounded_abs_logFC_weighted_mean_z_score	IRF7	ENSG00000276561	FALSE	FALSE
3669	VIR_M1a	Viral-higher broad antiviral and interferon-stimulated defence programme	primary_discovery_submodule	higher_in_viral	-1	ISG20		interferon stimulated exonuclease gene 20		-0.931639866308119	1.19680278685105e-08	-0.86646370769374	-1.10779714302187	Tier_1_cross_site_FDR05_direction_concordant	1	0.936606978530494	module_gene	unweighted_mean_z_score	bounded_abs_logFC_weighted_mean_z_score	ISG20	ENSG00000172183	TRUE	FALSE
3669	VIR_M1b	Viral-higher viral restriction and type I interferon signalling subgroup	primary_discovery_submodule	higher_in_viral	-1	ISG20		interferon stimulated exonuclease gene 20		-0.931639866308119	1.19680278685105e-08	-0.86646370769374	-1.10779714302187	Tier_1_cross_site_FDR05_direction_concordant	1	0.656931935668622	module_gene	unweighted_mean_z_score	bounded_abs_logFC_weighted_mean_z_score	ISG20	ENSG00000172183	TRUE	FALSE
3802	VIR_M2	Viral-higher cytokine and innate immune regulation programme	primary_discovery_module	higher_in_viral	-1	KIR2DL1		killer cell immunoglobulin like receptor, two Ig domains and long cytoplasmic tail 1		-1.2329376218869	0.000104986930627342	-1.20395967003007	-1.47092610261723	Tier_1_cross_site_FDR05_direction_concordant	1	1.40061283469265	module_gene	unweighted_mean_z_score	bounded_abs_logFC_weighted_mean_z_score	KIR2DL1	ENSG00000125498	TRUE	FALSE
3802	VIR_M2	Viral-higher cytokine and innate immune regulation programme	primary_discovery_module	higher_in_viral	-1	KIR2DL1		killer cell immunoglobulin like receptor, two Ig domains and long cytoplasmic tail 1		-1.2329376218869	0.000104986930627342	-1.20395967003007	-1.47092610261723	Tier_1_cross_site_FDR05_direction_concordant	1	1.40061283469265	module_gene	unweighted_mean_z_score	bounded_abs_logFC_weighted_mean_z_score	KIR2DL1	ENSG00000284100	FALSE	FALSE
3802	VIR_M2	Viral-higher cytokine and innate immune regulation programme	primary_discovery_module	higher_in_viral	-1	KIR2DL1		killer cell immunoglobulin like receptor, two Ig domains and long cytoplasmic tail 1		-1.2329376218869	0.000104986930627342	-1.20395967003007	-1.47092610261723	Tier_1_cross_site_FDR05_direction_concordant	1	1.40061283469265	module_gene	unweighted_mean_z_score	bounded_abs_logFC_weighted_mean_z_score	KIR2DL1	ENSG00000274782	FALSE	FALSE
3802	VIR_M2	Viral-higher cytokine and innate immune regulation programme	primary_discovery_module	higher_in_viral	-1	KIR2DL1		killer cell immunoglobulin like receptor, two Ig domains and long cytoplasmic tail 1		-1.2329376218869	0.000104986930627342	-1.20395967003007	-1.47092610261723	Tier_1_cross_site_FDR05_direction_concordant	1	1.40061283469265	module_gene	unweighted_mean_z_score	bounded_abs_logFC_weighted_mean_z_score	KIR2DL1	ENSG00000278755	FALSE	FALSE
3802	VIR_M2	Viral-higher cytokine and innate immune regulation programme	primary_discovery_module	higher_in_viral	-1	KIR2DL1		killer cell immunoglobulin like receptor, two Ig domains and long cytoplasmic tail 1		-1.2329376218869	0.000104986930627342	-1.20395967003007	-1.47092610261723	Tier_1_cross_site_FDR05_direction_concordant	1	1.40061283469265	module_gene	unweighted_mean_z_score	bounded_abs_logFC_weighted_mean_z_score	KIR2DL1	ENSG00000284530	FALSE	FALSE
3802	VIR_M2	Viral-higher cytokine and innate immune regulation programme	primary_discovery_module	higher_in_viral	-1	KIR2DL1		killer cell immunoglobulin like receptor, two Ig domains and long cytoplasmic tail 1		-1.2329376218869	0.000104986930627342	-1.20395967003007	-1.47092610261723	Tier_1_cross_site_FDR05_direction_concordant	1	1.40061283469265	module_gene	unweighted_mean_z_score	bounded_abs_logFC_weighted_mean_z_score	KIR2DL1	ENSG00000278495	FALSE	FALSE
3802	VIR_M2	Viral-higher cytokine and innate immune regulation programme	primary_discovery_module	higher_in_viral	-1	KIR2DL1		killer cell immunoglobulin like receptor, two Ig domains and long cytoplasmic tail 1		-1.2329376218869	0.000104986930627342	-1.20395967003007	-1.47092610261723	Tier_1_cross_site_FDR05_direction_concordant	1	1.40061283469265	module_gene	unweighted_mean_z_score	bounded_abs_logFC_weighted_mean_z_score	KIR2DL1	ENSG00000276820	FALSE	FALSE
3802	VIR_M2	Viral-higher cytokine and innate immune regulation programme	primary_discovery_module	higher_in_viral	-1	KIR2DL1		killer cell immunoglobulin like receptor, two Ig domains and long cytoplasmic tail 1		-1.2329376218869	0.000104986930627342	-1.20395967003007	-1.47092610261723	Tier_1_cross_site_FDR05_direction_concordant	1	1.40061283469265	module_gene	unweighted_mean_z_score	bounded_abs_logFC_weighted_mean_z_score	KIR2DL1	ENSG00000277356	FALSE	FALSE
3802	VIR_M2	Viral-higher cytokine and innate immune regulation programme	primary_discovery_module	higher_in_viral	-1	KIR2DL1		killer cell immunoglobulin like receptor, two Ig domains and long cytoplasmic tail 1		-1.2329376218869	0.000104986930627342	-1.20395967003007	-1.47092610261723	Tier_1_cross_site_FDR05_direction_concordant	1	1.40061283469265	module_gene	unweighted_mean_z_score	bounded_abs_logFC_weighted_mean_z_score	KIR2DL1	ENSG00000275080	FALSE	FALSE
3802	VIR_M2	Viral-higher cytokine and innate immune regulation programme	primary_discovery_module	higher_in_viral	-1	KIR2DL1		killer cell immunoglobulin like receptor, two Ig domains and long cytoplasmic tail 1		-1.2329376218869	0.000104986930627342	-1.20395967003007	-1.47092610261723	Tier_1_cross_site_FDR05_direction_concordant	1	1.40061283469265	module_gene	unweighted_mean_z_score	bounded_abs_logFC_weighted_mean_z_score	KIR2DL1	ENSG00000278805	FALSE	FALSE
3802	VIR_M2	Viral-higher cytokine and innate immune regulation programme	primary_discovery_module	higher_in_viral	-1	KIR2DL1		killer cell immunoglobulin like receptor, two Ig domains and long cytoplasmic tail 1		-1.2329376218869	0.000104986930627342	-1.20395967003007	-1.47092610261723	Tier_1_cross_site_FDR05_direction_concordant	1	1.40061283469265	module_gene	unweighted_mean_z_score	bounded_abs_logFC_weighted_mean_z_score	KIR2DL1	ENSG00000277833	FALSE	FALSE
3802	VIR_M2	Viral-higher cytokine and innate immune regulation programme	primary_discovery_module	higher_in_viral	-1	KIR2DL1		killer cell immunoglobulin like receptor, two Ig domains and long cytoplasmic tail 1		-1.2329376218869	0.000104986930627342	-1.20395967003007	-1.47092610261723	Tier_1_cross_site_FDR05_direction_concordant	1	1.40061283469265	module_gene	unweighted_mean_z_score	bounded_abs_logFC_weighted_mean_z_score	KIR2DL1	ENSG00000278821	FALSE	FALSE
3802	VIR_M2	Viral-higher cytokine and innate immune regulation programme	primary_discovery_module	higher_in_viral	-1	KIR2DL1		killer cell immunoglobulin like receptor, two Ig domains and long cytoplasmic tail 1		-1.2329376218869	0.000104986930627342	-1.20395967003007	-1.47092610261723	Tier_1_cross_site_FDR05_direction_concordant	1	1.40061283469265	module_gene	unweighted_mean_z_score	bounded_abs_logFC_weighted_mean_z_score	KIR2DL1	ENSG00000274692	FALSE	FALSE
3802	VIR_M2	Viral-higher cytokine and innate immune regulation programme	primary_discovery_module	higher_in_viral	-1	KIR2DL1		killer cell immunoglobulin like receptor, two Ig domains and long cytoplasmic tail 1		-1.2329376218869	0.000104986930627342	-1.20395967003007	-1.47092610261723	Tier_1_cross_site_FDR05_direction_concordant	1	1.40061283469265	module_gene	unweighted_mean_z_score	bounded_abs_logFC_weighted_mean_z_score	KIR2DL1	ENSG00000283723	FALSE	FALSE
3802	VIR_M2	Viral-higher cytokine and innate immune regulation programme	primary_discovery_module	higher_in_viral	-1	KIR2DL1		killer cell immunoglobulin like receptor, two Ig domains and long cytoplasmic tail 1		-1.2329376218869	0.000104986930627342	-1.20395967003007	-1.47092610261723	Tier_1_cross_site_FDR05_direction_concordant	1	1.40061283469265	module_gene	unweighted_mean_z_score	bounded_abs_logFC_weighted_mean_z_score	KIR2DL1	ENSG00000284145	FALSE	FALSE
3802	VIR_M2	Viral-higher cytokine and innate immune regulation programme	primary_discovery_module	higher_in_viral	-1	KIR2DL1		killer cell immunoglobulin like receptor, two Ig domains and long cytoplasmic tail 1		-1.2329376218869	0.000104986930627342	-1.20395967003007	-1.47092610261723	Tier_1_cross_site_FDR05_direction_concordant	1	1.40061283469265	module_gene	unweighted_mean_z_score	bounded_abs_logFC_weighted_mean_z_score	KIR2DL1	ENSG00000284347	FALSE	FALSE
3802	VIR_M2	Viral-higher cytokine and innate immune regulation programme	primary_discovery_module	higher_in_viral	-1	KIR2DL1		killer cell immunoglobulin like receptor, two Ig domains and long cytoplasmic tail 1		-1.2329376218869	0.000104986930627342	-1.20395967003007	-1.47092610261723	Tier_1_cross_site_FDR05_direction_concordant	1	1.40061283469265	module_gene	unweighted_mean_z_score	bounded_abs_logFC_weighted_mean_z_score	KIR2DL1	ENSG00000278248	FALSE	FALSE
3802	VIR_M2	Viral-higher cytokine and innate immune regulation programme	primary_discovery_module	higher_in_viral	-1	KIR2DL1		killer cell immunoglobulin like receptor, two Ig domains and long cytoplasmic tail 1		-1.2329376218869	0.000104986930627342	-1.20395967003007	-1.47092610261723	Tier_1_cross_site_FDR05_direction_concordant	1	1.40061283469265	module_gene	unweighted_mean_z_score	bounded_abs_logFC_weighted_mean_z_score	KIR2DL1	ENSG00000276625	FALSE	FALSE
3802	VIR_M2	Viral-higher cytokine and innate immune regulation programme	primary_discovery_module	higher_in_viral	-1	KIR2DL1		killer cell immunoglobulin like receptor, two Ig domains and long cytoplasmic tail 1		-1.2329376218869	0.000104986930627342	-1.20395967003007	-1.47092610261723	Tier_1_cross_site_FDR05_direction_concordant	1	1.40061283469265	module_gene	unweighted_mean_z_score	bounded_abs_logFC_weighted_mean_z_score	KIR2DL1	ENSG00000275276	FALSE	FALSE
3802	VIR_M2	Viral-higher cytokine and innate immune regulation programme	primary_discovery_module	higher_in_viral	-1	KIR2DL1		killer cell immunoglobulin like receptor, two Ig domains and long cytoplasmic tail 1		-1.2329376218869	0.000104986930627342	-1.20395967003007	-1.47092610261723	Tier_1_cross_site_FDR05_direction_concordant	1	1.40061283469265	module_gene	unweighted_mean_z_score	bounded_abs_logFC_weighted_mean_z_score	KIR2DL1	ENSG00000284514	FALSE	FALSE
3802	VIR_M2	Viral-higher cytokine and innate immune regulation programme	primary_discovery_module	higher_in_viral	-1	KIR2DL1		killer cell immunoglobulin like receptor, two Ig domains and long cytoplasmic tail 1		-1.2329376218869	0.000104986930627342	-1.20395967003007	-1.47092610261723	Tier_1_cross_site_FDR05_direction_concordant	1	1.40061283469265	module_gene	unweighted_mean_z_score	bounded_abs_logFC_weighted_mean_z_score	KIR2DL1	ENSG00000275750	FALSE	FALSE
3802	VIR_M2	Viral-higher cytokine and innate immune regulation programme	primary_discovery_module	higher_in_viral	-1	KIR2DL1		killer cell immunoglobulin like receptor, two Ig domains and long cytoplasmic tail 1		-1.2329376218869	0.000104986930627342	-1.20395967003007	-1.47092610261723	Tier_1_cross_site_FDR05_direction_concordant	1	1.40061283469265	module_gene	unweighted_mean_z_score	bounded_abs_logFC_weighted_mean_z_score	KIR2DL1	ENSG00000284401	FALSE	FALSE
3802	VIR_M2	Viral-higher cytokine and innate immune regulation programme	primary_discovery_module	higher_in_viral	-1	KIR2DL1		killer cell immunoglobulin like receptor, two Ig domains and long cytoplasmic tail 1		-1.2329376218869	0.000104986930627342	-1.20395967003007	-1.47092610261723	Tier_1_cross_site_FDR05_direction_concordant	1	1.40061283469265	module_gene	unweighted_mean_z_score	bounded_abs_logFC_weighted_mean_z_score	KIR2DL1	ENSG00000273510	FALSE	FALSE
3802	VIR_M2	Viral-higher cytokine and innate immune regulation programme	primary_discovery_module	higher_in_viral	-1	KIR2DL1		killer cell immunoglobulin like receptor, two Ig domains and long cytoplasmic tail 1		-1.2329376218869	0.000104986930627342	-1.20395967003007	-1.47092610261723	Tier_1_cross_site_FDR05_direction_concordant	1	1.40061283469265	module_gene	unweighted_mean_z_score	bounded_abs_logFC_weighted_mean_z_score	KIR2DL1	ENSG00000278738	FALSE	FALSE
3802	VIR_M2	Viral-higher cytokine and innate immune regulation programme	primary_discovery_module	higher_in_viral	-1	KIR2DL1		killer cell immunoglobulin like receptor, two Ig domains and long cytoplasmic tail 1		-1.2329376218869	0.000104986930627342	-1.20395967003007	-1.47092610261723	Tier_1_cross_site_FDR05_direction_concordant	1	1.40061283469265	module_gene	unweighted_mean_z_score	bounded_abs_logFC_weighted_mean_z_score	KIR2DL1	ENSG00000276310	FALSE	FALSE
3802	VIR_M2	Viral-higher cytokine and innate immune regulation programme	primary_discovery_module	higher_in_viral	-1	KIR2DL1		killer cell immunoglobulin like receptor, two Ig domains and long cytoplasmic tail 1		-1.2329376218869	0.000104986930627342	-1.20395967003007	-1.47092610261723	Tier_1_cross_site_FDR05_direction_concordant	1	1.40061283469265	module_gene	unweighted_mean_z_score	bounded_abs_logFC_weighted_mean_z_score	KIR2DL1	ENSG00000273794	FALSE	FALSE
3802	VIR_M2	Viral-higher cytokine and innate immune regulation programme	primary_discovery_module	higher_in_viral	-1	KIR2DL1		killer cell immunoglobulin like receptor, two Ig domains and long cytoplasmic tail 1		-1.2329376218869	0.000104986930627342	-1.20395967003007	-1.47092610261723	Tier_1_cross_site_FDR05_direction_concordant	1	1.40061283469265	module_gene	unweighted_mean_z_score	bounded_abs_logFC_weighted_mean_z_score	KIR2DL1	ENSG00000276387	FALSE	FALSE
3802	VIR_M2	Viral-higher cytokine and innate immune regulation programme	primary_discovery_module	higher_in_viral	-1	KIR2DL1		killer cell immunoglobulin like receptor, two Ig domains and long cytoplasmic tail 1		-1.2329376218869	0.000104986930627342	-1.20395967003007	-1.47092610261723	Tier_1_cross_site_FDR05_direction_concordant	1	1.40061283469265	module_gene	unweighted_mean_z_score	bounded_abs_logFC_weighted_mean_z_score	KIR2DL1	ENSG00000275522	FALSE	FALSE
3802	VIR_M2	Viral-higher cytokine and innate immune regulation programme	primary_discovery_module	higher_in_viral	-1	KIR2DL1		killer cell immunoglobulin like receptor, two Ig domains and long cytoplasmic tail 1		-1.2329376218869	0.000104986930627342	-1.20395967003007	-1.47092610261723	Tier_1_cross_site_FDR05_direction_concordant	1	1.40061283469265	module_gene	unweighted_mean_z_score	bounded_abs_logFC_weighted_mean_z_score	KIR2DL1	ENSG00000278207	FALSE	FALSE
3802	VIR_M2	Viral-higher cytokine and innate immune regulation programme	primary_discovery_module	higher_in_viral	-1	KIR2DL1		killer cell immunoglobulin like receptor, two Ig domains and long cytoplasmic tail 1		-1.2329376218869	0.000104986930627342	-1.20395967003007	-1.47092610261723	Tier_1_cross_site_FDR05_direction_concordant	1	1.40061283469265	module_gene	unweighted_mean_z_score	bounded_abs_logFC_weighted_mean_z_score	KIR2DL1	ENSG00000284551	FALSE	FALSE
3802	VIR_M2	Viral-higher cytokine and innate immune regulation programme	primary_discovery_module	higher_in_viral	-1	KIR2DL1		killer cell immunoglobulin like receptor, two Ig domains and long cytoplasmic tail 1		-1.2329376218869	0.000104986930627342	-1.20395967003007	-1.47092610261723	Tier_1_cross_site_FDR05_direction_concordant	1	1.40061283469265	module_gene	unweighted_mean_z_score	bounded_abs_logFC_weighted_mean_z_score	KIR2DL1	ENSG00000274926	FALSE	FALSE
3802	VIR_M2	Viral-higher cytokine and innate immune regulation programme	primary_discovery_module	higher_in_viral	-1	KIR2DL1		killer cell immunoglobulin like receptor, two Ig domains and long cytoplasmic tail 1		-1.2329376218869	0.000104986930627342	-1.20395967003007	-1.47092610261723	Tier_1_cross_site_FDR05_direction_concordant	1	1.40061283469265	module_gene	unweighted_mean_z_score	bounded_abs_logFC_weighted_mean_z_score	KIR2DL1	ENSG00000277616	FALSE	FALSE
3802	VIR_M2	Viral-higher cytokine and innate immune regulation programme	primary_discovery_module	higher_in_viral	-1	KIR2DL1		killer cell immunoglobulin like receptor, two Ig domains and long cytoplasmic tail 1		-1.2329376218869	0.000104986930627342	-1.20395967003007	-1.47092610261723	Tier_1_cross_site_FDR05_direction_concordant	1	1.40061283469265	module_gene	unweighted_mean_z_score	bounded_abs_logFC_weighted_mean_z_score	KIR2DL1	ENSG00000275196	FALSE	FALSE
3802	VIR_M2	Viral-higher cytokine and innate immune regulation programme	primary_discovery_module	higher_in_viral	-1	KIR2DL1		killer cell immunoglobulin like receptor, two Ig domains and long cytoplasmic tail 1		-1.2329376218869	0.000104986930627342	-1.20395967003007	-1.47092610261723	Tier_1_cross_site_FDR05_direction_concordant	1	1.40061283469265	module_gene	unweighted_mean_z_score	bounded_abs_logFC_weighted_mean_z_score	KIR2DL1	ENSG00000278503	FALSE	FALSE
3806	VIR_M2	Viral-higher cytokine and innate immune regulation programme	primary_discovery_module	higher_in_viral	-1	KIR2DS1		killer cell immunoglobulin like receptor, two Ig domains and short cytoplasmic tail 1		-1.220579801512	0.000257154896540684	-1.10080313100568	-1.53239953423516	Tier_1_cross_site_FDR05_direction_concordant	1	1.38657439388376	module_gene	unweighted_mean_z_score	bounded_abs_logFC_weighted_mean_z_score	KIR2DS1	ENSG00000284150	FALSE	FALSE
3806	VIR_M2	Viral-higher cytokine and innate immune regulation programme	primary_discovery_module	higher_in_viral	-1	KIR2DS1		killer cell immunoglobulin like receptor, two Ig domains and short cytoplasmic tail 1		-1.220579801512	0.000257154896540684	-1.10080313100568	-1.53239953423516	Tier_1_cross_site_FDR05_direction_concordant	1	1.38657439388376	module_gene	unweighted_mean_z_score	bounded_abs_logFC_weighted_mean_z_score	KIR2DS1	ENSG00000284120	FALSE	FALSE
3806	VIR_M2	Viral-higher cytokine and innate immune regulation programme	primary_discovery_module	higher_in_viral	-1	KIR2DS1		killer cell immunoglobulin like receptor, two Ig domains and short cytoplasmic tail 1		-1.220579801512	0.000257154896540684	-1.10080313100568	-1.53239953423516	Tier_1_cross_site_FDR05_direction_concordant	1	1.38657439388376	module_gene	unweighted_mean_z_score	bounded_abs_logFC_weighted_mean_z_score	KIR2DS1	ENSG00000276327	FALSE	FALSE
3806	VIR_M2	Viral-higher cytokine and innate immune regulation programme	primary_discovery_module	higher_in_viral	-1	KIR2DS1		killer cell immunoglobulin like receptor, two Ig domains and short cytoplasmic tail 1		-1.220579801512	0.000257154896540684	-1.10080313100568	-1.53239953423516	Tier_1_cross_site_FDR05_direction_concordant	1	1.38657439388376	module_gene	unweighted_mean_z_score	bounded_abs_logFC_weighted_mean_z_score	KIR2DS1	ENSG00000278304	FALSE	FALSE
3806	VIR_M2	Viral-higher cytokine and innate immune regulation programme	primary_discovery_module	higher_in_viral	-1	KIR2DS1		killer cell immunoglobulin like receptor, two Ig domains and short cytoplasmic tail 1		-1.220579801512	0.000257154896540684	-1.10080313100568	-1.53239953423516	Tier_1_cross_site_FDR05_direction_concordant	1	1.38657439388376	module_gene	unweighted_mean_z_score	bounded_abs_logFC_weighted_mean_z_score	KIR2DS1	ENSG00000284560	FALSE	FALSE
3806	VIR_M2	Viral-higher cytokine and innate immune regulation programme	primary_discovery_module	higher_in_viral	-1	KIR2DS1		killer cell immunoglobulin like receptor, two Ig domains and short cytoplasmic tail 1		-1.220579801512	0.000257154896540684	-1.10080313100568	-1.53239953423516	Tier_1_cross_site_FDR05_direction_concordant	1	1.38657439388376	module_gene	unweighted_mean_z_score	bounded_abs_logFC_weighted_mean_z_score	KIR2DS1	ENSG00000273517	FALSE	FALSE
3806	VIR_M2	Viral-higher cytokine and innate immune regulation programme	primary_discovery_module	higher_in_viral	-1	KIR2DS1		killer cell immunoglobulin like receptor, two Ig domains and short cytoplasmic tail 1		-1.220579801512	0.000257154896540684	-1.10080313100568	-1.53239953423516	Tier_1_cross_site_FDR05_direction_concordant	1	1.38657439388376	module_gene	unweighted_mean_z_score	bounded_abs_logFC_weighted_mean_z_score	KIR2DS1	ENSG00000283937	FALSE	FALSE
3806	VIR_M2	Viral-higher cytokine and innate immune regulation programme	primary_discovery_module	higher_in_viral	-1	KIR2DS1		killer cell immunoglobulin like receptor, two Ig domains and short cytoplasmic tail 1		-1.220579801512	0.000257154896540684	-1.10080313100568	-1.53239953423516	Tier_1_cross_site_FDR05_direction_concordant	1	1.38657439388376	module_gene	unweighted_mean_z_score	bounded_abs_logFC_weighted_mean_z_score	KIR2DS1	ENSG00000275306	FALSE	FALSE
3806	VIR_M2	Viral-higher cytokine and innate immune regulation programme	primary_discovery_module	higher_in_viral	-1	KIR2DS1		killer cell immunoglobulin like receptor, two Ig domains and short cytoplasmic tail 1		-1.220579801512	0.000257154896540684	-1.10080313100568	-1.53239953423516	Tier_1_cross_site_FDR05_direction_concordant	1	1.38657439388376	module_gene	unweighted_mean_z_score	bounded_abs_logFC_weighted_mean_z_score	KIR2DS1	ENSG00000273603	FALSE	FALSE
3806	VIR_M2	Viral-higher cytokine and innate immune regulation programme	primary_discovery_module	higher_in_viral	-1	KIR2DS1		killer cell immunoglobulin like receptor, two Ig domains and short cytoplasmic tail 1		-1.220579801512	0.000257154896540684	-1.10080313100568	-1.53239953423516	Tier_1_cross_site_FDR05_direction_concordant	1	1.38657439388376	module_gene	unweighted_mean_z_score	bounded_abs_logFC_weighted_mean_z_score	KIR2DS1	ENSG00000275421	FALSE	FALSE
3806	VIR_M2	Viral-higher cytokine and innate immune regulation programme	primary_discovery_module	higher_in_viral	-1	KIR2DS1		killer cell immunoglobulin like receptor, two Ig domains and short cytoplasmic tail 1		-1.220579801512	0.000257154896540684	-1.10080313100568	-1.53239953423516	Tier_1_cross_site_FDR05_direction_concordant	1	1.38657439388376	module_gene	unweighted_mean_z_score	bounded_abs_logFC_weighted_mean_z_score	KIR2DS1	ENSG00000278120	FALSE	FALSE
3806	VIR_M2	Viral-higher cytokine and innate immune regulation programme	primary_discovery_module	higher_in_viral	-1	KIR2DS1		killer cell immunoglobulin like receptor, two Ig domains and short cytoplasmic tail 1		-1.220579801512	0.000257154896540684	-1.10080313100568	-1.53239953423516	Tier_1_cross_site_FDR05_direction_concordant	1	1.38657439388376	module_gene	unweighted_mean_z_score	bounded_abs_logFC_weighted_mean_z_score	KIR2DS1	ENSG00000275921	FALSE	FALSE
3810	VIR_M2	Viral-higher cytokine and innate immune regulation programme	primary_discovery_module	higher_in_viral	-1	KIR2DS5		killer cell immunoglobulin like receptor, two Ig domains and short cytoplasmic tail 5		-0.767348748902404	0.0273047312069972	-0.697337132521874	-0.970263286330324	Tier_3_pooled_FDR05_all_direction_concordant_site_nominal_or_weaker	1	0.87170550019654	module_gene	unweighted_mean_z_score	bounded_abs_logFC_weighted_mean_z_score	KIR2DS5	ENSG00000288206	FALSE	FALSE
3810	VIR_M2	Viral-higher cytokine and innate immune regulation programme	primary_discovery_module	higher_in_viral	-1	KIR2DS5		killer cell immunoglobulin like receptor, two Ig domains and short cytoplasmic tail 5		-0.767348748902404	0.0273047312069972	-0.697337132521874	-0.970263286330324	Tier_3_pooled_FDR05_all_direction_concordant_site_nominal_or_weaker	1	0.87170550019654	module_gene	unweighted_mean_z_score	bounded_abs_logFC_weighted_mean_z_score	KIR2DS5	ENSG00000274563	FALSE	FALSE
3810	VIR_M2	Viral-higher cytokine and innate immune regulation programme	primary_discovery_module	higher_in_viral	-1	KIR2DS5		killer cell immunoglobulin like receptor, two Ig domains and short cytoplasmic tail 5		-0.767348748902404	0.0273047312069972	-0.697337132521874	-0.970263286330324	Tier_3_pooled_FDR05_all_direction_concordant_site_nominal_or_weaker	1	0.87170550019654	module_gene	unweighted_mean_z_score	bounded_abs_logFC_weighted_mean_z_score	KIR2DS5	ENSG00000276676	FALSE	FALSE
3810	VIR_M2	Viral-higher cytokine and innate immune regulation programme	primary_discovery_module	higher_in_viral	-1	KIR2DS5		killer cell immunoglobulin like receptor, two Ig domains and short cytoplasmic tail 5		-0.767348748902404	0.0273047312069972	-0.697337132521874	-0.970263286330324	Tier_3_pooled_FDR05_all_direction_concordant_site_nominal_or_weaker	1	0.87170550019654	module_gene	unweighted_mean_z_score	bounded_abs_logFC_weighted_mean_z_score	KIR2DS5	ENSG00000284217	FALSE	FALSE
3810	VIR_M2	Viral-higher cytokine and innate immune regulation programme	primary_discovery_module	higher_in_viral	-1	KIR2DS5		killer cell immunoglobulin like receptor, two Ig domains and short cytoplasmic tail 5		-0.767348748902404	0.0273047312069972	-0.697337132521874	-0.970263286330324	Tier_3_pooled_FDR05_all_direction_concordant_site_nominal_or_weaker	1	0.87170550019654	module_gene	unweighted_mean_z_score	bounded_abs_logFC_weighted_mean_z_score	KIR2DS5	ENSG00000277650	FALSE	FALSE
3810	VIR_M2	Viral-higher cytokine and innate immune regulation programme	primary_discovery_module	higher_in_viral	-1	KIR2DS5		killer cell immunoglobulin like receptor, two Ig domains and short cytoplasmic tail 5		-0.767348748902404	0.0273047312069972	-0.697337132521874	-0.970263286330324	Tier_3_pooled_FDR05_all_direction_concordant_site_nominal_or_weaker	1	0.87170550019654	module_gene	unweighted_mean_z_score	bounded_abs_logFC_weighted_mean_z_score	KIR2DS5	ENSG00000288357	FALSE	FALSE
3810	VIR_M2	Viral-higher cytokine and innate immune regulation programme	primary_discovery_module	higher_in_viral	-1	KIR2DS5		killer cell immunoglobulin like receptor, two Ig domains and short cytoplasmic tail 5		-0.767348748902404	0.0273047312069972	-0.697337132521874	-0.970263286330324	Tier_3_pooled_FDR05_all_direction_concordant_site_nominal_or_weaker	1	0.87170550019654	module_gene	unweighted_mean_z_score	bounded_abs_logFC_weighted_mean_z_score	KIR2DS5	ENSG00000275047	FALSE	FALSE
3810	VIR_M2	Viral-higher cytokine and innate immune regulation programme	primary_discovery_module	higher_in_viral	-1	KIR2DS5		killer cell immunoglobulin like receptor, two Ig domains and short cytoplasmic tail 5		-0.767348748902404	0.0273047312069972	-0.697337132521874	-0.970263286330324	Tier_3_pooled_FDR05_all_direction_concordant_site_nominal_or_weaker	1	0.87170550019654	module_gene	unweighted_mean_z_score	bounded_abs_logFC_weighted_mean_z_score	KIR2DS5	ENSG00000274243	FALSE	FALSE
3810	VIR_M2	Viral-higher cytokine and innate immune regulation programme	primary_discovery_module	higher_in_viral	-1	KIR2DS5		killer cell immunoglobulin like receptor, two Ig domains and short cytoplasmic tail 5		-0.767348748902404	0.0273047312069972	-0.697337132521874	-0.970263286330324	Tier_3_pooled_FDR05_all_direction_concordant_site_nominal_or_weaker	1	0.87170550019654	module_gene	unweighted_mean_z_score	bounded_abs_logFC_weighted_mean_z_score	KIR2DS5	ENSG00000274739	FALSE	FALSE
3811	VIR_M2	Viral-higher cytokine and innate immune regulation programme	primary_discovery_module	higher_in_viral	-1	KIR3DL1		killer cell immunoglobulin like receptor, three Ig domains and long cytoplasmic tail 1		-0.661105541852123	0.00386772307750651	-0.285185726261361	-1.23529434522498	Tier_2_pooled_FDR05_all_direction_concordant_one_site_FDR05	1	0.75101358784675	module_gene	unweighted_mean_z_score	bounded_abs_logFC_weighted_mean_z_score	KIR3DL1	ENSG00000167633	TRUE	FALSE
3811	VIR_M2	Viral-higher cytokine and innate immune regulation programme	primary_discovery_module	higher_in_viral	-1	KIR3DL1		killer cell immunoglobulin like receptor, three Ig domains and long cytoplasmic tail 1		-0.661105541852123	0.00386772307750651	-0.285185726261361	-1.23529434522498	Tier_2_pooled_FDR05_all_direction_concordant_one_site_FDR05	1	0.75101358784675	module_gene	unweighted_mean_z_score	bounded_abs_logFC_weighted_mean_z_score	KIR3DL1	ENSG00000283729	FALSE	FALSE
3811	VIR_M2	Viral-higher cytokine and innate immune regulation programme	primary_discovery_module	higher_in_viral	-1	KIR3DL1		killer cell immunoglobulin like receptor, three Ig domains and long cytoplasmic tail 1		-0.661105541852123	0.00386772307750651	-0.285185726261361	-1.23529434522498	Tier_2_pooled_FDR05_all_direction_concordant_one_site_FDR05	1	0.75101358784675	module_gene	unweighted_mean_z_score	bounded_abs_logFC_weighted_mean_z_score	KIR3DL1	ENSG00000284093	FALSE	FALSE
3811	VIR_M2	Viral-higher cytokine and innate immune regulation programme	primary_discovery_module	higher_in_viral	-1	KIR3DL1		killer cell immunoglobulin like receptor, three Ig domains and long cytoplasmic tail 1		-0.661105541852123	0.00386772307750651	-0.285185726261361	-1.23529434522498	Tier_2_pooled_FDR05_all_direction_concordant_one_site_FDR05	1	0.75101358784675	module_gene	unweighted_mean_z_score	bounded_abs_logFC_weighted_mean_z_score	KIR3DL1	ENSG00000276379	FALSE	FALSE
3811	VIR_M2	Viral-higher cytokine and innate immune regulation programme	primary_discovery_module	higher_in_viral	-1	KIR3DL1		killer cell immunoglobulin like receptor, three Ig domains and long cytoplasmic tail 1		-0.661105541852123	0.00386772307750651	-0.285185726261361	-1.23529434522498	Tier_2_pooled_FDR05_all_direction_concordant_one_site_FDR05	1	0.75101358784675	module_gene	unweighted_mean_z_score	bounded_abs_logFC_weighted_mean_z_score	KIR3DL1	ENSG00000275288	FALSE	FALSE
3811	VIR_M2	Viral-higher cytokine and innate immune regulation programme	primary_discovery_module	higher_in_viral	-1	KIR3DL1		killer cell immunoglobulin like receptor, three Ig domains and long cytoplasmic tail 1		-0.661105541852123	0.00386772307750651	-0.285185726261361	-1.23529434522498	Tier_2_pooled_FDR05_all_direction_concordant_one_site_FDR05	1	0.75101358784675	module_gene	unweighted_mean_z_score	bounded_abs_logFC_weighted_mean_z_score	KIR3DL1	ENSG00000284177	FALSE	FALSE
3811	VIR_M2	Viral-higher cytokine and innate immune regulation programme	primary_discovery_module	higher_in_viral	-1	KIR3DL1		killer cell immunoglobulin like receptor, three Ig domains and long cytoplasmic tail 1		-0.661105541852123	0.00386772307750651	-0.285185726261361	-1.23529434522498	Tier_2_pooled_FDR05_all_direction_concordant_one_site_FDR05	1	0.75101358784675	module_gene	unweighted_mean_z_score	bounded_abs_logFC_weighted_mean_z_score	KIR3DL1	ENSG00000275786	FALSE	FALSE
3811	VIR_M2	Viral-higher cytokine and innate immune regulation programme	primary_discovery_module	higher_in_viral	-1	KIR3DL1		killer cell immunoglobulin like receptor, three Ig domains and long cytoplasmic tail 1		-0.661105541852123	0.00386772307750651	-0.285185726261361	-1.23529434522498	Tier_2_pooled_FDR05_all_direction_concordant_one_site_FDR05	1	0.75101358784675	module_gene	unweighted_mean_z_score	bounded_abs_logFC_weighted_mean_z_score	KIR3DL1	ENSG00000278368	FALSE	FALSE
3811	VIR_M2	Viral-higher cytokine and innate immune regulation programme	primary_discovery_module	higher_in_viral	-1	KIR3DL1		killer cell immunoglobulin like receptor, three Ig domains and long cytoplasmic tail 1		-0.661105541852123	0.00386772307750651	-0.285185726261361	-1.23529434522498	Tier_2_pooled_FDR05_all_direction_concordant_one_site_FDR05	1	0.75101358784675	module_gene	unweighted_mean_z_score	bounded_abs_logFC_weighted_mean_z_score	KIR3DL1	ENSG00000276423	FALSE	FALSE
3811	VIR_M2	Viral-higher cytokine and innate immune regulation programme	primary_discovery_module	higher_in_viral	-1	KIR3DL1		killer cell immunoglobulin like receptor, three Ig domains and long cytoplasmic tail 1		-0.661105541852123	0.00386772307750651	-0.285185726261361	-1.23529434522498	Tier_2_pooled_FDR05_all_direction_concordant_one_site_FDR05	1	0.75101358784675	module_gene	unweighted_mean_z_score	bounded_abs_logFC_weighted_mean_z_score	KIR3DL1	ENSG00000275659	FALSE	FALSE
3811	VIR_M2	Viral-higher cytokine and innate immune regulation programme	primary_discovery_module	higher_in_viral	-1	KIR3DL1		killer cell immunoglobulin like receptor, three Ig domains and long cytoplasmic tail 1		-0.661105541852123	0.00386772307750651	-0.285185726261361	-1.23529434522498	Tier_2_pooled_FDR05_all_direction_concordant_one_site_FDR05	1	0.75101358784675	module_gene	unweighted_mean_z_score	bounded_abs_logFC_weighted_mean_z_score	KIR3DL1	ENSG00000276329	FALSE	FALSE
3811	VIR_M2	Viral-higher cytokine and innate immune regulation programme	primary_discovery_module	higher_in_viral	-1	KIR3DL1		killer cell immunoglobulin like receptor, three Ig domains and long cytoplasmic tail 1		-0.661105541852123	0.00386772307750651	-0.285185726261361	-1.23529434522498	Tier_2_pooled_FDR05_all_direction_concordant_one_site_FDR05	1	0.75101358784675	module_gene	unweighted_mean_z_score	bounded_abs_logFC_weighted_mean_z_score	KIR3DL1	ENSG00000275486	FALSE	FALSE
3811	VIR_M2	Viral-higher cytokine and innate immune regulation programme	primary_discovery_module	higher_in_viral	-1	KIR3DL1		killer cell immunoglobulin like receptor, three Ig domains and long cytoplasmic tail 1		-0.661105541852123	0.00386772307750651	-0.285185726261361	-1.23529434522498	Tier_2_pooled_FDR05_all_direction_concordant_one_site_FDR05	1	0.75101358784675	module_gene	unweighted_mean_z_score	bounded_abs_logFC_weighted_mean_z_score	KIR3DL1	ENSG00000277175	FALSE	FALSE
3811	VIR_M2	Viral-higher cytokine and innate immune regulation programme	primary_discovery_module	higher_in_viral	-1	KIR3DL1		killer cell immunoglobulin like receptor, three Ig domains and long cytoplasmic tail 1		-0.661105541852123	0.00386772307750651	-0.285185726261361	-1.23529434522498	Tier_2_pooled_FDR05_all_direction_concordant_one_site_FDR05	1	0.75101358784675	module_gene	unweighted_mean_z_score	bounded_abs_logFC_weighted_mean_z_score	KIR3DL1	ENSG00000283954	FALSE	FALSE
3811	VIR_M2	Viral-higher cytokine and innate immune regulation programme	primary_discovery_module	higher_in_viral	-1	KIR3DL1		killer cell immunoglobulin like receptor, three Ig domains and long cytoplasmic tail 1		-0.661105541852123	0.00386772307750651	-0.285185726261361	-1.23529434522498	Tier_2_pooled_FDR05_all_direction_concordant_one_site_FDR05	1	0.75101358784675	module_gene	unweighted_mean_z_score	bounded_abs_logFC_weighted_mean_z_score	KIR3DL1	ENSG00000283731	FALSE	FALSE
3811	VIR_M2	Viral-higher cytokine and innate immune regulation programme	primary_discovery_module	higher_in_viral	-1	KIR3DL1		killer cell immunoglobulin like receptor, three Ig domains and long cytoplasmic tail 1		-0.661105541852123	0.00386772307750651	-0.285185726261361	-1.23529434522498	Tier_2_pooled_FDR05_all_direction_concordant_one_site_FDR05	1	0.75101358784675	module_gene	unweighted_mean_z_score	bounded_abs_logFC_weighted_mean_z_score	KIR3DL1	ENSG00000283827	FALSE	FALSE
3811	VIR_M2	Viral-higher cytokine and innate immune regulation programme	primary_discovery_module	higher_in_viral	-1	KIR3DL1		killer cell immunoglobulin like receptor, three Ig domains and long cytoplasmic tail 1		-0.661105541852123	0.00386772307750651	-0.285185726261361	-1.23529434522498	Tier_2_pooled_FDR05_all_direction_concordant_one_site_FDR05	1	0.75101358784675	module_gene	unweighted_mean_z_score	bounded_abs_logFC_weighted_mean_z_score	KIR3DL1	ENSG00000278856	FALSE	FALSE
3811	VIR_M2	Viral-higher cytokine and innate immune regulation programme	primary_discovery_module	higher_in_viral	-1	KIR3DL1		killer cell immunoglobulin like receptor, three Ig domains and long cytoplasmic tail 1		-0.661105541852123	0.00386772307750651	-0.285185726261361	-1.23529434522498	Tier_2_pooled_FDR05_all_direction_concordant_one_site_FDR05	1	0.75101358784675	module_gene	unweighted_mean_z_score	bounded_abs_logFC_weighted_mean_z_score	KIR3DL1	ENSG00000275717	FALSE	FALSE
3811	VIR_M2	Viral-higher cytokine and innate immune regulation programme	primary_discovery_module	higher_in_viral	-1	KIR3DL1		killer cell immunoglobulin like receptor, three Ig domains and long cytoplasmic tail 1		-0.661105541852123	0.00386772307750651	-0.285185726261361	-1.23529434522498	Tier_2_pooled_FDR05_all_direction_concordant_one_site_FDR05	1	0.75101358784675	module_gene	unweighted_mean_z_score	bounded_abs_logFC_weighted_mean_z_score	KIR3DL1	ENSG00000273518	FALSE	FALSE
3811	VIR_M2	Viral-higher cytokine and innate immune regulation programme	primary_discovery_module	higher_in_viral	-1	KIR3DL1		killer cell immunoglobulin like receptor, three Ig domains and long cytoplasmic tail 1		-0.661105541852123	0.00386772307750651	-0.285185726261361	-1.23529434522498	Tier_2_pooled_FDR05_all_direction_concordant_one_site_FDR05	1	0.75101358784675	module_gene	unweighted_mean_z_score	bounded_abs_logFC_weighted_mean_z_score	KIR3DL1	ENSG00000284426	FALSE	FALSE
3811	VIR_M2	Viral-higher cytokine and innate immune regulation programme	primary_discovery_module	higher_in_viral	-1	KIR3DL1		killer cell immunoglobulin like receptor, three Ig domains and long cytoplasmic tail 1		-0.661105541852123	0.00386772307750651	-0.285185726261361	-1.23529434522498	Tier_2_pooled_FDR05_all_direction_concordant_one_site_FDR05	1	0.75101358784675	module_gene	unweighted_mean_z_score	bounded_abs_logFC_weighted_mean_z_score	KIR3DL1	ENSG00000277272	FALSE	FALSE
3811	VIR_M2	Viral-higher cytokine and innate immune regulation programme	primary_discovery_module	higher_in_viral	-1	KIR3DL1		killer cell immunoglobulin like receptor, three Ig domains and long cytoplasmic tail 1		-0.661105541852123	0.00386772307750651	-0.285185726261361	-1.23529434522498	Tier_2_pooled_FDR05_all_direction_concordant_one_site_FDR05	1	0.75101358784675	module_gene	unweighted_mean_z_score	bounded_abs_logFC_weighted_mean_z_score	KIR3DL1	ENSG00000278079	FALSE	FALSE
3811	VIR_M2	Viral-higher cytokine and innate immune regulation programme	primary_discovery_module	higher_in_viral	-1	KIR3DL1		killer cell immunoglobulin like receptor, three Ig domains and long cytoplasmic tail 1		-0.661105541852123	0.00386772307750651	-0.285185726261361	-1.23529434522498	Tier_2_pooled_FDR05_all_direction_concordant_one_site_FDR05	1	0.75101358784675	module_gene	unweighted_mean_z_score	bounded_abs_logFC_weighted_mean_z_score	KIR3DL1	ENSG00000273775	FALSE	FALSE
3811	VIR_M2	Viral-higher cytokine and innate immune regulation programme	primary_discovery_module	higher_in_viral	-1	KIR3DL1		killer cell immunoglobulin like receptor, three Ig domains and long cytoplasmic tail 1		-0.661105541852123	0.00386772307750651	-0.285185726261361	-1.23529434522498	Tier_2_pooled_FDR05_all_direction_concordant_one_site_FDR05	1	0.75101358784675	module_gene	unweighted_mean_z_score	bounded_abs_logFC_weighted_mean_z_score	KIR3DL1	ENSG00000274948	FALSE	FALSE
3811	VIR_M2	Viral-higher cytokine and innate immune regulation programme	primary_discovery_module	higher_in_viral	-1	KIR3DL1		killer cell immunoglobulin like receptor, three Ig domains and long cytoplasmic tail 1		-0.661105541852123	0.00386772307750651	-0.285185726261361	-1.23529434522498	Tier_2_pooled_FDR05_all_direction_concordant_one_site_FDR05	1	0.75101358784675	module_gene	unweighted_mean_z_score	bounded_abs_logFC_weighted_mean_z_score	KIR3DL1	ENSG00000274146	FALSE	FALSE
3811	VIR_M2	Viral-higher cytokine and innate immune regulation programme	primary_discovery_module	higher_in_viral	-1	KIR3DL1		killer cell immunoglobulin like receptor, three Ig domains and long cytoplasmic tail 1		-0.661105541852123	0.00386772307750651	-0.285185726261361	-1.23529434522498	Tier_2_pooled_FDR05_all_direction_concordant_one_site_FDR05	1	0.75101358784675	module_gene	unweighted_mean_z_score	bounded_abs_logFC_weighted_mean_z_score	KIR3DL1	ENSG00000274920	FALSE	FALSE
3811	VIR_M2	Viral-higher cytokine and innate immune regulation programme	primary_discovery_module	higher_in_viral	-1	KIR3DL1		killer cell immunoglobulin like receptor, three Ig domains and long cytoplasmic tail 1		-0.661105541852123	0.00386772307750651	-0.285185726261361	-1.23529434522498	Tier_2_pooled_FDR05_all_direction_concordant_one_site_FDR05	1	0.75101358784675	module_gene	unweighted_mean_z_score	bounded_abs_logFC_weighted_mean_z_score	KIR3DL1	ENSG00000278427	FALSE	FALSE
3811	VIR_M2	Viral-higher cytokine and innate immune regulation programme	primary_discovery_module	higher_in_viral	-1	KIR3DL1		killer cell immunoglobulin like receptor, three Ig domains and long cytoplasmic tail 1		-0.661105541852123	0.00386772307750651	-0.285185726261361	-1.23529434522498	Tier_2_pooled_FDR05_all_direction_concordant_one_site_FDR05	1	0.75101358784675	module_gene	unweighted_mean_z_score	bounded_abs_logFC_weighted_mean_z_score	KIR3DL1	ENSG00000284589	FALSE	FALSE
3811	VIR_M2	Viral-higher cytokine and innate immune regulation programme	primary_discovery_module	higher_in_viral	-1	KIR3DL1		killer cell immunoglobulin like receptor, three Ig domains and long cytoplasmic tail 1		-0.661105541852123	0.00386772307750651	-0.285185726261361	-1.23529434522498	Tier_2_pooled_FDR05_all_direction_concordant_one_site_FDR05	1	0.75101358784675	module_gene	unweighted_mean_z_score	bounded_abs_logFC_weighted_mean_z_score	KIR3DL1	ENSG00000284342	FALSE	FALSE
3811	VIR_M2	Viral-higher cytokine and innate immune regulation programme	primary_discovery_module	higher_in_viral	-1	KIR3DL1		killer cell immunoglobulin like receptor, three Ig domains and long cytoplasmic tail 1		-0.661105541852123	0.00386772307750651	-0.285185726261361	-1.23529434522498	Tier_2_pooled_FDR05_all_direction_concordant_one_site_FDR05	1	0.75101358784675	module_gene	unweighted_mean_z_score	bounded_abs_logFC_weighted_mean_z_score	KIR3DL1	ENSG00000276501	FALSE	FALSE
3811	VIR_M2	Viral-higher cytokine and innate immune regulation programme	primary_discovery_module	higher_in_viral	-1	KIR3DL1		killer cell immunoglobulin like receptor, three Ig domains and long cytoplasmic tail 1		-0.661105541852123	0.00386772307750651	-0.285185726261361	-1.23529434522498	Tier_2_pooled_FDR05_all_direction_concordant_one_site_FDR05	1	0.75101358784675	module_gene	unweighted_mean_z_score	bounded_abs_logFC_weighted_mean_z_score	KIR3DL1	ENSG00000275545	FALSE	FALSE
3811	VIR_M2	Viral-higher cytokine and innate immune regulation programme	primary_discovery_module	higher_in_viral	-1	KIR3DL1		killer cell immunoglobulin like receptor, three Ig domains and long cytoplasmic tail 1		-0.661105541852123	0.00386772307750651	-0.285185726261361	-1.23529434522498	Tier_2_pooled_FDR05_all_direction_concordant_one_site_FDR05	1	0.75101358784675	module_gene	unweighted_mean_z_score	bounded_abs_logFC_weighted_mean_z_score	KIR3DL1	ENSG00000274036	FALSE	FALSE
3813	VIR_M2	Viral-higher cytokine and innate immune regulation programme	primary_discovery_module	higher_in_viral	-1	KIR3DS1		killer cell immunoglobulin like receptor, three Ig domains and short cytoplasmic tail 1		-1.44695151094844	0.00018564299168862	-1.06709352438738	-2.13995461109947	Tier_1_cross_site_FDR05_direction_concordant	1	1.643731865616	module_gene	unweighted_mean_z_score	bounded_abs_logFC_weighted_mean_z_score	KIR3DS1	ENSG00000283719	FALSE	FALSE
3813	VIR_M2	Viral-higher cytokine and innate immune regulation programme	primary_discovery_module	higher_in_viral	-1	KIR3DS1		killer cell immunoglobulin like receptor, three Ig domains and short cytoplasmic tail 1		-1.44695151094844	0.00018564299168862	-1.06709352438738	-2.13995461109947	Tier_1_cross_site_FDR05_direction_concordant	1	1.643731865616	module_gene	unweighted_mean_z_score	bounded_abs_logFC_weighted_mean_z_score	KIR3DS1	ENSG00000283889	FALSE	FALSE
3813	VIR_M2	Viral-higher cytokine and innate immune regulation programme	primary_discovery_module	higher_in_viral	-1	KIR3DS1		killer cell immunoglobulin like receptor, three Ig domains and short cytoplasmic tail 1		-1.44695151094844	0.00018564299168862	-1.06709352438738	-2.13995461109947	Tier_1_cross_site_FDR05_direction_concordant	1	1.643731865616	module_gene	unweighted_mean_z_score	bounded_abs_logFC_weighted_mean_z_score	KIR3DS1	ENSG00000274465	FALSE	FALSE
3813	VIR_M2	Viral-higher cytokine and innate immune regulation programme	primary_discovery_module	higher_in_viral	-1	KIR3DS1		killer cell immunoglobulin like receptor, three Ig domains and short cytoplasmic tail 1		-1.44695151094844	0.00018564299168862	-1.06709352438738	-2.13995461109947	Tier_1_cross_site_FDR05_direction_concordant	1	1.643731865616	module_gene	unweighted_mean_z_score	bounded_abs_logFC_weighted_mean_z_score	KIR3DS1	ENSG00000274283	FALSE	FALSE
3813	VIR_M2	Viral-higher cytokine and innate immune regulation programme	primary_discovery_module	higher_in_viral	-1	KIR3DS1		killer cell immunoglobulin like receptor, three Ig domains and short cytoplasmic tail 1		-1.44695151094844	0.00018564299168862	-1.06709352438738	-2.13995461109947	Tier_1_cross_site_FDR05_direction_concordant	1	1.643731865616	module_gene	unweighted_mean_z_score	bounded_abs_logFC_weighted_mean_z_score	KIR3DS1	ENSG00000276534	FALSE	FALSE
3813	VIR_M2	Viral-higher cytokine and innate immune regulation programme	primary_discovery_module	higher_in_viral	-1	KIR3DS1		killer cell immunoglobulin like receptor, three Ig domains and short cytoplasmic tail 1		-1.44695151094844	0.00018564299168862	-1.06709352438738	-2.13995461109947	Tier_1_cross_site_FDR05_direction_concordant	1	1.643731865616	module_gene	unweighted_mean_z_score	bounded_abs_logFC_weighted_mean_z_score	KIR3DS1	ENSG00000284111	FALSE	FALSE
3813	VIR_M2	Viral-higher cytokine and innate immune regulation programme	primary_discovery_module	higher_in_viral	-1	KIR3DS1		killer cell immunoglobulin like receptor, three Ig domains and short cytoplasmic tail 1		-1.44695151094844	0.00018564299168862	-1.06709352438738	-2.13995461109947	Tier_1_cross_site_FDR05_direction_concordant	1	1.643731865616	module_gene	unweighted_mean_z_score	bounded_abs_logFC_weighted_mean_z_score	KIR3DS1	ENSG00000275037	FALSE	FALSE
3813	VIR_M2	Viral-higher cytokine and innate immune regulation programme	primary_discovery_module	higher_in_viral	-1	KIR3DS1		killer cell immunoglobulin like receptor, three Ig domains and short cytoplasmic tail 1		-1.44695151094844	0.00018564299168862	-1.06709352438738	-2.13995461109947	Tier_1_cross_site_FDR05_direction_concordant	1	1.643731865616	module_gene	unweighted_mean_z_score	bounded_abs_logFC_weighted_mean_z_score	KIR3DS1	ENSG00000275608	FALSE	FALSE
3813	VIR_M2	Viral-higher cytokine and innate immune regulation programme	primary_discovery_module	higher_in_viral	-1	KIR3DS1		killer cell immunoglobulin like receptor, three Ig domains and short cytoplasmic tail 1		-1.44695151094844	0.00018564299168862	-1.06709352438738	-2.13995461109947	Tier_1_cross_site_FDR05_direction_concordant	1	1.643731865616	module_gene	unweighted_mean_z_score	bounded_abs_logFC_weighted_mean_z_score	KIR3DS1	ENSG00000276498	FALSE	FALSE
3813	VIR_M2	Viral-higher cytokine and innate immune regulation programme	primary_discovery_module	higher_in_viral	-1	KIR3DS1		killer cell immunoglobulin like receptor, three Ig domains and short cytoplasmic tail 1		-1.44695151094844	0.00018564299168862	-1.06709352438738	-2.13995461109947	Tier_1_cross_site_FDR05_direction_concordant	1	1.643731865616	module_gene	unweighted_mean_z_score	bounded_abs_logFC_weighted_mean_z_score	KIR3DS1	ENSG00000275434	FALSE	FALSE
3976	VIR_M2	Viral-higher cytokine and innate immune regulation programme	primary_discovery_module	higher_in_viral	-1	LIF		LIF interleukin 6 family cytokine		-2.44190803482997	2.6776788235494e-14	-2.49431160247701	-2.54647235515784	Tier_1_cross_site_FDR05_direction_concordant	1	2.77399900368657	module_gene	unweighted_mean_z_score	bounded_abs_logFC_weighted_mean_z_score	LIF	ENSG00000128342	TRUE	FALSE
403313	VIR_M1a	Viral-higher broad antiviral and interferon-stimulated defence programme	primary_discovery_submodule	higher_in_viral	-1	PLPP6		phospholipid phosphatase 6		-0.87535792900774	1.81141911139586e-06	-0.932948905901171	-0.881835776794554	Tier_1_cross_site_FDR05_direction_concordant	1	0.880024969594311	module_gene	unweighted_mean_z_score	bounded_abs_logFC_weighted_mean_z_score	PLPP6	ENSG00000205808	TRUE	FALSE
4063	VIR_M1a	Viral-higher broad antiviral and interferon-stimulated defence programme	primary_discovery_submodule	higher_in_viral	-1	LY9		lymphocyte antigen 9		-0.678194654559611	1.68305458174898e-05	-0.567661919503285	-0.89439158761144	Tier_1_cross_site_FDR05_direction_concordant	1	0.681810503429585	module_gene	unweighted_mean_z_score	bounded_abs_logFC_weighted_mean_z_score	LY9	ENSG00000122224	TRUE	FALSE
4088	VIR_M2	Viral-higher cytokine and innate immune regulation programme	primary_discovery_module	higher_in_viral	-1	SMAD3		SMAD family member 3		-1.21900463571384	2.13121705600754e-13	-1.22818872347868	-1.3593384595316	Tier_1_cross_site_FDR05_direction_concordant	1	1.38478501103542	module_gene	unweighted_mean_z_score	bounded_abs_logFC_weighted_mean_z_score	SMAD3	ENSG00000166949	TRUE	FALSE
4191	BACT_M2	Bacterial-higher mitochondrial respiration and oxidative phosphorylation programme	primary_discovery_module	higher_in_bacterial	1	MDH2		malate dehydrogenase 2		0.889557533443158	4.2259004662702e-05	1.34372990347824	0.220607022777692	Tier_2_pooled_FDR05_all_direction_concordant_one_site_FDR05	1	1.17276676262946	module_gene	unweighted_mean_z_score	bounded_abs_logFC_weighted_mean_z_score	MDH2	ENSG00000146701	TRUE	FALSE
4210	VIR_M1a	Viral-higher broad antiviral and interferon-stimulated defence programme	primary_discovery_submodule	higher_in_viral	-1	MEFV		MEFV innate immunity regulator, pyrin		-0.872844370139584	0.000325664152624622	-1.29225877492516	-0.350277076181179	Tier_2_pooled_FDR05_all_direction_concordant_one_site_FDR05	1	0.877498009486656	module_gene	unweighted_mean_z_score	bounded_abs_logFC_weighted_mean_z_score	MEFV	ENSG00000103313	TRUE	FALSE
4343	VIR_M1a	Viral-higher broad antiviral and interferon-stimulated defence programme	primary_discovery_submodule	higher_in_viral	-1	MOV10		Mov10 RISC complex RNA helicase		-1.18185921181902	4.22852105178548e-12	-1.40186886524358	-0.967546742980358	Tier_1_cross_site_FDR05_direction_concordant	1	1.18816038843077	module_gene	unweighted_mean_z_score	bounded_abs_logFC_weighted_mean_z_score	MOV10	ENSG00000155363	TRUE	FALSE
439996	VIR_M1a	Viral-higher broad antiviral and interferon-stimulated defence programme	primary_discovery_submodule	higher_in_viral	-1	IFIT1B		interferon induced protein with tetratricopeptide repeats 1B		-1.41980152856788	5.63495819552607e-06	-1.91693341088743	-0.727223990326018	Tier_2_pooled_FDR05_all_direction_concordant_one_site_FDR05	1	1.42737131361137	module_gene	unweighted_mean_z_score	bounded_abs_logFC_weighted_mean_z_score	IFIT1B	ENSG00000204010	TRUE	FALSE
4599	VIR_M1a	Viral-higher broad antiviral and interferon-stimulated defence programme	primary_discovery_submodule	higher_in_viral	-1	MX1		MX dynamin like GTPase 1		-2.71710581196084	7.89980125644239e-23	-3.23237424901121	-2.18653387118117	Tier_1_cross_site_FDR05_direction_concordant	1	2.73159227821905	module_gene	unweighted_mean_z_score	bounded_abs_logFC_weighted_mean_z_score	MX1	ENSG00000157601	TRUE	FALSE
4599	VIR_M1b	Viral-higher viral restriction and type I interferon signalling subgroup	primary_discovery_submodule	higher_in_viral	-1	MX1		MX dynamin like GTPase 1		-2.71710581196084	7.89980125644239e-23	-3.23237424901121	-2.18653387118117	Tier_1_cross_site_FDR05_direction_concordant	1	1.91592657744593	module_gene	unweighted_mean_z_score	bounded_abs_logFC_weighted_mean_z_score	MX1	ENSG00000157601	TRUE	FALSE
4600	VIR_M1a	Viral-higher broad antiviral and interferon-stimulated defence programme	primary_discovery_submodule	higher_in_viral	-1	MX2		MX dynamin like GTPase 2		-1.17223386139246	3.96557085917629e-15	-1.39965904189348	-0.920637679068094	Tier_1_cross_site_FDR05_direction_concordant	1	1.17848371968103	module_gene	unweighted_mean_z_score	bounded_abs_logFC_weighted_mean_z_score	MX2	ENSG00000183486	TRUE	FALSE
4696	BACT_M2	Bacterial-higher mitochondrial respiration and oxidative phosphorylation programme	primary_discovery_module	higher_in_bacterial	1	NDUFA3		NADH:ubiquinone oxidoreductase subunit A3		0.547547173818523	0.000766103014087434	0.666404302924705	0.366683242193272	Tier_2_pooled_FDR05_all_direction_concordant_one_site_FDR05	1	0.721870258285091	module_gene	unweighted_mean_z_score	bounded_abs_logFC_weighted_mean_z_score	NDUFA3	ENSG00000170906	TRUE	FALSE
4696	BACT_M2	Bacterial-higher mitochondrial respiration and oxidative phosphorylation programme	primary_discovery_module	higher_in_bacterial	1	NDUFA3		NADH:ubiquinone oxidoreductase subunit A3		0.547547173818523	0.000766103014087434	0.666404302924705	0.366683242193272	Tier_2_pooled_FDR05_all_direction_concordant_one_site_FDR05	1	0.721870258285091	module_gene	unweighted_mean_z_score	bounded_abs_logFC_weighted_mean_z_score	NDUFA3	ENSG00000274359	FALSE	FALSE
4696	BACT_M2	Bacterial-higher mitochondrial respiration and oxidative phosphorylation programme	primary_discovery_module	higher_in_bacterial	1	NDUFA3		NADH:ubiquinone oxidoreductase subunit A3		0.547547173818523	0.000766103014087434	0.666404302924705	0.366683242193272	Tier_2_pooled_FDR05_all_direction_concordant_one_site_FDR05	1	0.721870258285091	module_gene	unweighted_mean_z_score	bounded_abs_logFC_weighted_mean_z_score	NDUFA3	ENSG00000275724	FALSE	FALSE
4696	BACT_M2	Bacterial-higher mitochondrial respiration and oxidative phosphorylation programme	primary_discovery_module	higher_in_bacterial	1	NDUFA3		NADH:ubiquinone oxidoreductase subunit A3		0.547547173818523	0.000766103014087434	0.666404302924705	0.366683242193272	Tier_2_pooled_FDR05_all_direction_concordant_one_site_FDR05	1	0.721870258285091	module_gene	unweighted_mean_z_score	bounded_abs_logFC_weighted_mean_z_score	NDUFA3	ENSG00000277722	FALSE	FALSE
4696	BACT_M2	Bacterial-higher mitochondrial respiration and oxidative phosphorylation programme	primary_discovery_module	higher_in_bacterial	1	NDUFA3		NADH:ubiquinone oxidoreductase subunit A3		0.547547173818523	0.000766103014087434	0.666404302924705	0.366683242193272	Tier_2_pooled_FDR05_all_direction_concordant_one_site_FDR05	1	0.721870258285091	module_gene	unweighted_mean_z_score	bounded_abs_logFC_weighted_mean_z_score	NDUFA3	ENSG00000275605	FALSE	FALSE
4696	BACT_M2	Bacterial-higher mitochondrial respiration and oxidative phosphorylation programme	primary_discovery_module	higher_in_bacterial	1	NDUFA3		NADH:ubiquinone oxidoreductase subunit A3		0.547547173818523	0.000766103014087434	0.666404302924705	0.366683242193272	Tier_2_pooled_FDR05_all_direction_concordant_one_site_FDR05	1	0.721870258285091	module_gene	unweighted_mean_z_score	bounded_abs_logFC_weighted_mean_z_score	NDUFA3	ENSG00000276220	FALSE	FALSE
4696	BACT_M2	Bacterial-higher mitochondrial respiration and oxidative phosphorylation programme	primary_discovery_module	higher_in_bacterial	1	NDUFA3		NADH:ubiquinone oxidoreductase subunit A3		0.547547173818523	0.000766103014087434	0.666404302924705	0.366683242193272	Tier_2_pooled_FDR05_all_direction_concordant_one_site_FDR05	1	0.721870258285091	module_gene	unweighted_mean_z_score	bounded_abs_logFC_weighted_mean_z_score	NDUFA3	ENSG00000276766	FALSE	FALSE
4696	BACT_M2	Bacterial-higher mitochondrial respiration and oxidative phosphorylation programme	primary_discovery_module	higher_in_bacterial	1	NDUFA3		NADH:ubiquinone oxidoreductase subunit A3		0.547547173818523	0.000766103014087434	0.666404302924705	0.366683242193272	Tier_2_pooled_FDR05_all_direction_concordant_one_site_FDR05	1	0.721870258285091	module_gene	unweighted_mean_z_score	bounded_abs_logFC_weighted_mean_z_score	NDUFA3	ENSG00000273642	FALSE	FALSE
4696	BACT_M2	Bacterial-higher mitochondrial respiration and oxidative phosphorylation programme	primary_discovery_module	higher_in_bacterial	1	NDUFA3		NADH:ubiquinone oxidoreductase subunit A3		0.547547173818523	0.000766103014087434	0.666404302924705	0.366683242193272	Tier_2_pooled_FDR05_all_direction_concordant_one_site_FDR05	1	0.721870258285091	module_gene	unweighted_mean_z_score	bounded_abs_logFC_weighted_mean_z_score	NDUFA3	ENSG00000278365	FALSE	FALSE
4696	BACT_M2	Bacterial-higher mitochondrial respiration and oxidative phosphorylation programme	primary_discovery_module	higher_in_bacterial	1	NDUFA3		NADH:ubiquinone oxidoreductase subunit A3		0.547547173818523	0.000766103014087434	0.666404302924705	0.366683242193272	Tier_2_pooled_FDR05_all_direction_concordant_one_site_FDR05	1	0.721870258285091	module_gene	unweighted_mean_z_score	bounded_abs_logFC_weighted_mean_z_score	NDUFA3	ENSG00000276061	FALSE	FALSE
4697	BACT_M2	Bacterial-higher mitochondrial respiration and oxidative phosphorylation programme	primary_discovery_module	higher_in_bacterial	1	NDUFA4		NDUFA4 mitochondrial complex associated		1.43990870418483	6.83851168380457e-10	1.80560661979092	0.976466432194883	Tier_1_cross_site_FDR05_direction_concordant	1	1.8983337288512	module_gene	unweighted_mean_z_score	bounded_abs_logFC_weighted_mean_z_score	NDUFA4	ENSG00000189043	TRUE	FALSE
4707	BACT_M2	Bacterial-higher mitochondrial respiration and oxidative phosphorylation programme	primary_discovery_module	higher_in_bacterial	1	NDUFB1		NADH:ubiquinone oxidoreductase subunit B1		1.13040482082355	1.42028645004313e-13	1.33302678510374	0.907185513689181	Tier_1_cross_site_FDR05_direction_concordant	1	1.49029281675201	module_gene	unweighted_mean_z_score	bounded_abs_logFC_weighted_mean_z_score	NDUFB1	ENSG00000183648	TRUE	FALSE
4709	BACT_M2	Bacterial-higher mitochondrial respiration and oxidative phosphorylation programme	primary_discovery_module	higher_in_bacterial	1	NDUFB3		NADH:ubiquinone oxidoreductase subunit B3		0.741485853942643	3.04199410838174e-06	0.737152234652674	0.778148344490649	Tier_1_cross_site_FDR05_direction_concordant	1	0.977553369817447	module_gene	unweighted_mean_z_score	bounded_abs_logFC_weighted_mean_z_score	NDUFB3	ENSG00000119013	TRUE	FALSE
4718	BACT_M2	Bacterial-higher mitochondrial respiration and oxidative phosphorylation programme	primary_discovery_module	higher_in_bacterial	1	NDUFC2		NADH:ubiquinone oxidoreductase subunit C2		1.01958619210785	1.61824000924309e-07	1.06331966099925	1.02362076498133	Tier_1_cross_site_FDR05_direction_concordant	1	1.34419276189114	module_gene	unweighted_mean_z_score	bounded_abs_logFC_weighted_mean_z_score	NDUFC2	ENSG00000151366	TRUE	FALSE
4724	BACT_M2	Bacterial-higher mitochondrial respiration and oxidative phosphorylation programme	primary_discovery_module	higher_in_bacterial	1	NDUFS4		NADH:ubiquinone oxidoreductase subunit S4		0.688832203336287	0.00111912727923689	0.830491122962114	0.515053945104625	Tier_2_pooled_FDR05_all_direction_concordant_one_site_FDR05	1	0.908136329276826	module_gene	unweighted_mean_z_score	bounded_abs_logFC_weighted_mean_z_score	NDUFS4	ENSG00000164258	TRUE	FALSE
4731	BACT_M2	Bacterial-higher mitochondrial respiration and oxidative phosphorylation programme	primary_discovery_module	higher_in_bacterial	1	NDUFV3		NADH:ubiquinone oxidoreductase subunit V3		0.639635215949223	0.0192210448515391	0.706815816899603	0.542682359672071	Tier_3_pooled_FDR05_all_direction_concordant_site_nominal_or_weaker	1	0.843276452922649	module_gene	unweighted_mean_z_score	bounded_abs_logFC_weighted_mean_z_score	NDUFV3	ENSG00000160194	TRUE	FALSE
481	VIR_M1a	Viral-higher broad antiviral and interferon-stimulated defence programme	primary_discovery_submodule	higher_in_viral	-1	ATP1B1		ATPase Na+/K+ transporting subunit beta 1		-1.16229437035042	0.000829955294661858	-1.4147144350208	-0.838870992781356	Tier_2_pooled_FDR05_all_direction_concordant_one_site_FDR05	1	1.16849123545007	module_gene	unweighted_mean_z_score	bounded_abs_logFC_weighted_mean_z_score	ATP1B1	ENSG00000143153	TRUE	FALSE
4938	VIR_M1a	Viral-higher broad antiviral and interferon-stimulated defence programme	primary_discovery_submodule	higher_in_viral	-1	OAS1		2'-5'-oligoadenylate synthetase 1		-1.98899624729186	4.7714659505931e-19	-2.36452546257172	-1.59057973956129	Tier_1_cross_site_FDR05_direction_concordant	1	1.99960073935738	module_gene	unweighted_mean_z_score	bounded_abs_logFC_weighted_mean_z_score	OAS1	ENSG00000089127	TRUE	FALSE
4938	VIR_M1b	Viral-higher viral restriction and type I interferon signalling subgroup	primary_discovery_submodule	higher_in_viral	-1	OAS1		2'-5'-oligoadenylate synthetase 1		-1.98899624729186	4.7714659505931e-19	-2.36452546257172	-1.59057973956129	Tier_1_cross_site_FDR05_direction_concordant	1	1.40251099381242	module_gene	unweighted_mean_z_score	bounded_abs_logFC_weighted_mean_z_score	OAS1	ENSG00000089127	TRUE	FALSE
4939	VIR_M1a	Viral-higher broad antiviral and interferon-stimulated defence programme	primary_discovery_submodule	higher_in_viral	-1	OAS2		2'-5'-oligoadenylate synthetase 2		-2.5438885237371	2.53078049765381e-26	-2.97073576687252	-2.14584641807247	Tier_1_cross_site_FDR05_direction_concordant	1	2.55745146821337	module_gene	unweighted_mean_z_score	bounded_abs_logFC_weighted_mean_z_score	OAS2	ENSG00000111335	TRUE	FALSE
4939	VIR_M1b	Viral-higher viral restriction and type I interferon signalling subgroup	primary_discovery_submodule	higher_in_viral	-1	OAS2		2'-5'-oligoadenylate synthetase 2		-2.5438885237371	2.53078049765381e-26	-2.97073576687252	-2.14584641807247	Tier_1_cross_site_FDR05_direction_concordant	1	1.7937849940302	module_gene	unweighted_mean_z_score	bounded_abs_logFC_weighted_mean_z_score	OAS2	ENSG00000111335	TRUE	FALSE
4940	VIR_M1a	Viral-higher broad antiviral and interferon-stimulated defence programme	primary_discovery_submodule	higher_in_viral	-1	OAS3		2'-5'-oligoadenylate synthetase 3		-3.02700164576438	5.48251634555165e-25	-3.54827819774241	-2.51661378257054	Tier_1_cross_site_FDR05_direction_concordant	1	3	module_gene	unweighted_mean_z_score	bounded_abs_logFC_weighted_mean_z_score	OAS3	ENSG00000111331	TRUE	FALSE
4940	VIR_M1b	Viral-higher viral restriction and type I interferon signalling subgroup	primary_discovery_submodule	higher_in_viral	-1	OAS3		2'-5'-oligoadenylate synthetase 3		-3.02700164576438	5.48251634555165e-25	-3.54827819774241	-2.51661378257054	Tier_1_cross_site_FDR05_direction_concordant	1	2.13444499568725	module_gene	unweighted_mean_z_score	bounded_abs_logFC_weighted_mean_z_score	OAS3	ENSG00000111331	TRUE	FALSE
498	BACT_M2	Bacterial-higher mitochondrial respiration and oxidative phosphorylation programme	primary_discovery_module	higher_in_bacterial	1	ATP5F1A		ATP synthase F1 subunit alpha		0.758511889822559	0.000849765529150216	1.10125686173979	0.210439375149438	Tier_2_pooled_FDR05_all_direction_concordant_one_site_FDR05	1	1	module_gene	unweighted_mean_z_score	bounded_abs_logFC_weighted_mean_z_score	ATP5F1A	ENSG00000152234	TRUE	FALSE
5027	VIR_M2	Viral-higher cytokine and innate immune regulation programme	primary_discovery_module	higher_in_viral	-1	P2RX7		purinergic receptor P2X 7		-0.951634592225624	2.71238014853148e-07	-1.08101760726443	-0.770662635361735	Tier_1_cross_site_FDR05_direction_concordant	1	1.08105357493177	module_gene	unweighted_mean_z_score	bounded_abs_logFC_weighted_mean_z_score	P2RX7	ENSG00000089041	TRUE	FALSE
50943	VIR_M1a	Viral-higher broad antiviral and interferon-stimulated defence programme	primary_discovery_submodule	higher_in_viral	-1	FOXP3		forkhead box P3		-0.526469748056594	0.0271361176434387	-0.179702691407336	-1.09636833306266	Tier_2_pooled_FDR05_all_direction_concordant_one_site_FDR05	1	0.529276663491252	module_gene	unweighted_mean_z_score	bounded_abs_logFC_weighted_mean_z_score	FOXP3	ENSG00000049768	TRUE	FALSE
51023	BACT_M1	Bacterial-higher cytoplasmic translation and ribosomal protein programme	primary_discovery_module	higher_in_bacterial	1	MRPS18C		mitochondrial ribosomal protein S18C		0.574856545739653	0.00223379431478885	0.584641671864443	0.63590301296843	Tier_1_cross_site_FDR05_direction_concordant	1	0.727121241301034	module_gene	unweighted_mean_z_score	bounded_abs_logFC_weighted_mean_z_score	MRPS18C	ENSG00000163319	TRUE	FALSE
51103	BACT_M2	Bacterial-higher mitochondrial respiration and oxidative phosphorylation programme	primary_discovery_module	higher_in_bacterial	1	NDUFAF1		NADH:ubiquinone oxidoreductase complex assembly factor 1		0.787345494836507	1.41133962424495e-06	0.623040737784162	1.05771697821451	Tier_1_cross_site_FDR05_direction_concordant	1	1.03801338568429	module_gene	unweighted_mean_z_score	bounded_abs_logFC_weighted_mean_z_score	NDUFAF1	ENSG00000137806	TRUE	FALSE
51121	BACT_M1	Bacterial-higher cytoplasmic translation and ribosomal protein programme	primary_discovery_module	higher_in_bacterial	1	RPL26L1		ribosomal protein L26 like 1		1.01779142892669	4.13805853014388e-08	1.25389311074601	0.707176409124017	Tier_1_cross_site_FDR05_direction_concordant	1	1.28737816881691	module_gene	unweighted_mean_z_score	bounded_abs_logFC_weighted_mean_z_score	RPL26L1	ENSG00000037241	TRUE	FALSE
51191	VIR_M1a	Viral-higher broad antiviral and interferon-stimulated defence programme	primary_discovery_submodule	higher_in_viral	-1	HERC5		HECT and RLD domain containing E3 ubiquitin protein ligase 5		-2.52288887341034	8.52876177878631e-21	-2.94222963407278	-2.07335241209821	Tier_1_cross_site_FDR05_direction_concordant	1	2.53633985657669	module_gene	unweighted_mean_z_score	bounded_abs_logFC_weighted_mean_z_score	HERC5	ENSG00000138646	TRUE	FALSE
51251	VIR_M1a	Viral-higher broad antiviral and interferon-stimulated defence programme	primary_discovery_submodule	higher_in_viral	-1	NT5C3A		5'-nucleotidase, cytosolic IIIA		-1.63775348927013	1.06873739464147e-14	-2.1333861033841	-1.08256663457041	Tier_1_cross_site_FDR05_direction_concordant	1	1.64648530256836	module_gene	unweighted_mean_z_score	bounded_abs_logFC_weighted_mean_z_score	NT5C3A	ENSG00000122643	TRUE	FALSE
51284	VIR_M1a	Viral-higher broad antiviral and interferon-stimulated defence programme	primary_discovery_submodule	higher_in_viral	-1	TLR7		toll like receptor 7		-1.25627568841129	3.87527138050754e-16	-1.50539529586334	-0.982691098102814	Tier_1_cross_site_FDR05_direction_concordant	1	1.26297362240086	module_gene	unweighted_mean_z_score	bounded_abs_logFC_weighted_mean_z_score	TLR7	ENSG00000196664	TRUE	FALSE
51284	VIR_M1b	Viral-higher viral restriction and type I interferon signalling subgroup	primary_discovery_submodule	higher_in_viral	-1	TLR7		toll like receptor 7		-1.25627568841129	3.87527138050754e-16	-1.50539529586334	-0.982691098102814	Tier_1_cross_site_FDR05_direction_concordant	1	0.885844036485783	module_gene	unweighted_mean_z_score	bounded_abs_logFC_weighted_mean_z_score	TLR7	ENSG00000196664	TRUE	FALSE
51284	VIR_M2	Viral-higher cytokine and innate immune regulation programme	primary_discovery_module	higher_in_viral	-1	TLR7		toll like receptor 7		-1.25627568841129	3.87527138050754e-16	-1.50539529586334	-0.982691098102814	Tier_1_cross_site_FDR05_direction_concordant	1	1.42712479679901	module_gene	unweighted_mean_z_score	bounded_abs_logFC_weighted_mean_z_score	TLR7	ENSG00000196664	TRUE	FALSE
5167	VIR_M2	Viral-higher cytokine and innate immune regulation programme	primary_discovery_module	higher_in_viral	-1	ENPP1		ectonucleotide pyrophosphatase/phosphodiesterase 1		-0.671931801453539	0.00100835357929599	-0.599662216590665	-0.833493830574598	Tier_1_cross_site_FDR05_direction_concordant	1	0.763312180963125	module_gene	unweighted_mean_z_score	bounded_abs_logFC_weighted_mean_z_score	ENPP1	ENSG00000197594	TRUE	FALSE
521	BACT_M2	Bacterial-higher mitochondrial respiration and oxidative phosphorylation programme	primary_discovery_module	higher_in_bacterial	1	ATP5ME		ATP synthase membrane subunit e		0.854381487138956	1.94247709485523e-07	1.11944082086528	0.536979774943048	Tier_2_pooled_FDR05_all_direction_concordant_one_site_FDR05	1	1.12639168693694	module_gene	unweighted_mean_z_score	bounded_abs_logFC_weighted_mean_z_score	ATP5ME	ENSG00000169020	TRUE	FALSE
5272	VIR_M2	Viral-higher cytokine and innate immune regulation programme	primary_discovery_module	higher_in_viral	-1	SERPINB9		serpin family B member 9		-0.734779008511711	0.0070858746640228	-0.88036851066663	-0.594923440418809	Tier_2_pooled_FDR05_all_direction_concordant_one_site_FDR05	1	0.83470638880273	module_gene	unweighted_mean_z_score	bounded_abs_logFC_weighted_mean_z_score	SERPINB9	ENSG00000170542	TRUE	FALSE
5295	VIR_M2	Viral-higher cytokine and innate immune regulation programme	primary_discovery_module	higher_in_viral	-1	PIK3R1		phosphoinositide-3-kinase regulatory subunit 1		-0.723213932092163	0.000830368998583416	-0.829384136344164	-0.67799709065084	Tier_2_pooled_FDR05_all_direction_concordant_one_site_FDR05	1	0.821568502359918	module_gene	unweighted_mean_z_score	bounded_abs_logFC_weighted_mean_z_score	PIK3R1	ENSG00000145675	TRUE	FALSE
5359	VIR_M1a	Viral-higher broad antiviral and interferon-stimulated defence programme	primary_discovery_submodule	higher_in_viral	-1	PLSCR1		phospholipid scramblase 1		-1.3557749512289	4.3423901604976e-11	-2.13155130313242	-0.347097504679863	Tier_2_pooled_FDR05_all_direction_concordant_one_site_FDR05	1	1.36300337347078	module_gene	unweighted_mean_z_score	bounded_abs_logFC_weighted_mean_z_score	PLSCR1	ENSG00000188313	TRUE	FALSE
5359	VIR_M1b	Viral-higher viral restriction and type I interferon signalling subgroup	primary_discovery_submodule	higher_in_viral	-1	PLSCR1		phospholipid scramblase 1		-1.3557749512289	4.3423901604976e-11	-2.13155130313242	-0.347097504679863	Tier_2_pooled_FDR05_all_direction_concordant_one_site_FDR05	1	0.956004455424699	module_gene	unweighted_mean_z_score	bounded_abs_logFC_weighted_mean_z_score	PLSCR1	ENSG00000188313	TRUE	FALSE
5366	VIR_M1a	Viral-higher broad antiviral and interferon-stimulated defence programme	primary_discovery_submodule	higher_in_viral	-1	PMAIP1		phorbol-12-myristate-13-acetate-induced protein 1		-2.57625335581698	5.50031187850791e-12	-2.98458207569014	-2.21880862224879	Tier_1_cross_site_FDR05_direction_concordant	1	2.58998885597577	module_gene	unweighted_mean_z_score	bounded_abs_logFC_weighted_mean_z_score	PMAIP1	ENSG00000141682	TRUE	FALSE
5371	VIR_M1a	Viral-higher broad antiviral and interferon-stimulated defence programme	primary_discovery_submodule	higher_in_viral	-1	PML		PML nuclear body scaffold		-0.919866053950121	2.17484552221098e-08	-1.2665627052238	-0.509235366693495	Tier_2_pooled_FDR05_all_direction_concordant_one_site_FDR05	1	0.92477039315324	module_gene	unweighted_mean_z_score	bounded_abs_logFC_weighted_mean_z_score	PML	ENSG00000140464	TRUE	FALSE
5393	VIR_M2	Viral-higher cytokine and innate immune regulation programme	primary_discovery_module	higher_in_viral	-1	EXOSC9		exosome component 9		-0.703010991746174	0.000121770679277953	-0.517762133755159	-1.08862752118343	Tier_1_cross_site_FDR05_direction_concordant	1	0.79861803264855	module_gene	unweighted_mean_z_score	bounded_abs_logFC_weighted_mean_z_score	EXOSC9	ENSG00000123737	TRUE	FALSE
54625	VIR_M1a	Viral-higher broad antiviral and interferon-stimulated defence programme	primary_discovery_submodule	higher_in_viral	-1	PARP14		poly(ADP-ribose) polymerase family member 14		-1.15446521488097	2.69992172870009e-08	-1.5074436763738	-0.739422896954639	Tier_2_pooled_FDR05_all_direction_concordant_one_site_FDR05	1	1.16062033821405	module_gene	unweighted_mean_z_score	bounded_abs_logFC_weighted_mean_z_score	PARP14	ENSG00000173193	TRUE	FALSE
54718	VIR_M2	Viral-higher cytokine and innate immune regulation programme	primary_discovery_module	higher_in_viral	-1	BTN2A3P		butyrophilin subfamily 2 member A3, pseudogene		-1.22863417096999	1.63656916756285e-05	-1.22426571566639	-1.21643226182782	Tier_1_cross_site_FDR05_direction_concordant	1	1.39572412947294	module_gene	unweighted_mean_z_score	bounded_abs_logFC_weighted_mean_z_score	BTN2A3P	ENSG00000291104	FALSE	FALSE
54726	VIR_M1a	Viral-higher broad antiviral and interferon-stimulated defence programme	primary_discovery_submodule	higher_in_viral	-1	OTUD4		OTU deubiquitinase 4		-0.901065162207641	4.71746768850634e-05	-1.18461761953865	-0.526392969462453	Tier_2_pooled_FDR05_all_direction_concordant_one_site_FDR05	1	0.905869262957531	module_gene	unweighted_mean_z_score	bounded_abs_logFC_weighted_mean_z_score	OTUD4	ENSG00000164164	TRUE	FALSE
54809	VIR_M1a	Viral-higher broad antiviral and interferon-stimulated defence programme	primary_discovery_submodule	higher_in_viral	-1	SAMD9		sterile alpha motif domain containing 9		-1.9373124985742	1.95226366988563e-16	-2.28682353748062	-1.57638176534282	Tier_1_cross_site_FDR05_direction_concordant	1	1.94764143461293	module_gene	unweighted_mean_z_score	bounded_abs_logFC_weighted_mean_z_score	SAMD9	ENSG00000205413	TRUE	FALSE
54900	VIR_M2	Viral-higher cytokine and innate immune regulation programme	primary_discovery_module	higher_in_viral	-1	LAX1		lymphocyte transmembrane adaptor 1		-0.865996916647986	2.1249978302505e-06	-0.613024547586289	-1.33821004110916	Tier_1_cross_site_FDR05_direction_concordant	1	0.983769474407921	module_gene	unweighted_mean_z_score	bounded_abs_logFC_weighted_mean_z_score	LAX1	ENSG00000122188	TRUE	FALSE
55016	VIR_M2	Viral-higher cytokine and innate immune regulation programme	primary_discovery_module	higher_in_viral	-1	MARCHF1		membrane associated ring-CH-type finger 1		-1.19335639758273	1.92767725277672e-06	-1.607807402186	-0.627210217681032	Tier_2_pooled_FDR05_all_direction_concordant_one_site_FDR05	1	1.35564870204786	module_gene	unweighted_mean_z_score	bounded_abs_logFC_weighted_mean_z_score	MARCHF1	ENSG00000145416	TRUE	FALSE
55471	BACT_M2	Bacterial-higher mitochondrial respiration and oxidative phosphorylation programme	primary_discovery_module	higher_in_bacterial	1	NDUFAF7		NADH:ubiquinone oxidoreductase complex assembly factor 7		0.580424098358827	0.00120247288716524	0.61805690113816	0.51760975827121	Tier_2_pooled_FDR05_all_direction_concordant_one_site_FDR05	1	0.765214238757164	module_gene	unweighted_mean_z_score	bounded_abs_logFC_weighted_mean_z_score	NDUFAF7	ENSG00000003509	TRUE	FALSE
5551	VIR_M1a	Viral-higher broad antiviral and interferon-stimulated defence programme	primary_discovery_submodule	higher_in_viral	-1	PRF1		perforin 1		-0.799727568058244	0.00062126356701254	-0.463902933513375	-1.42390307926047	Tier_2_pooled_FDR05_all_direction_concordant_one_site_FDR05	1	0.803991379345769	module_gene	unweighted_mean_z_score	bounded_abs_logFC_weighted_mean_z_score	PRF1	ENSG00000180644	TRUE	FALSE
55601	VIR_M1a	Viral-higher broad antiviral and interferon-stimulated defence programme	primary_discovery_submodule	higher_in_viral	-1	DDX60		DExD/H-box helicase 60		-2.50454134216044	1.21232619432445e-15	-3.07387140056261	-1.82267156505646	Tier_1_cross_site_FDR05_direction_concordant	1	2.51789450400117	module_gene	unweighted_mean_z_score	bounded_abs_logFC_weighted_mean_z_score	DDX60	ENSG00000137628	TRUE	FALSE
55718	VIR_M1a	Viral-higher broad antiviral and interferon-stimulated defence programme	primary_discovery_submodule	higher_in_viral	-1	POLR3E		RNA polymerase III subunit E		-0.539609786860402	0.000777047602008306	-0.482445896084695	-0.701715779031217	Tier_1_cross_site_FDR05_direction_concordant	1	0.542486759459534	module_gene	unweighted_mean_z_score	bounded_abs_logFC_weighted_mean_z_score	POLR3E	ENSG00000058600	TRUE	FALSE
55718	VIR_M1a	Viral-higher broad antiviral and interferon-stimulated defence programme	primary_discovery_submodule	higher_in_viral	-1	POLR3E		RNA polymerase III subunit E		-0.539609786860402	0.000777047602008306	-0.482445896084695	-0.701715779031217	Tier_1_cross_site_FDR05_direction_concordant	1	0.542486759459534	module_gene	unweighted_mean_z_score	bounded_abs_logFC_weighted_mean_z_score	POLR3E	ENSG00000284282	FALSE	FALSE
558	VIR_M1a	Viral-higher broad antiviral and interferon-stimulated defence programme	primary_discovery_submodule	higher_in_viral	-1	AXL		AXL receptor tyrosine kinase		-3.17923170835126	4.68272711235833e-25	-3.64120475856249	-2.77812738779044	Tier_1_cross_site_FDR05_direction_concordant	1	3	module_gene	unweighted_mean_z_score	bounded_abs_logFC_weighted_mean_z_score	AXL	ENSG00000167601	TRUE	FALSE
5610	VIR_M1a	Viral-higher broad antiviral and interferon-stimulated defence programme	primary_discovery_submodule	higher_in_viral	-1	EIF2AK2		eukaryotic translation initiation factor 2 alpha kinase 2		-1.41816802582432	1.31206652467218e-20	-1.74117673023092	-1.05000643348052	Tier_1_cross_site_FDR05_direction_concordant	1	1.4257291017177	module_gene	unweighted_mean_z_score	bounded_abs_logFC_weighted_mean_z_score	EIF2AK2	ENSG00000055332	TRUE	FALSE
5610	VIR_M1b	Viral-higher viral restriction and type I interferon signalling subgroup	primary_discovery_submodule	higher_in_viral	-1	EIF2AK2		eukaryotic translation initiation factor 2 alpha kinase 2		-1.41816802582432	1.31206652467218e-20	-1.74117673023092	-1.05000643348052	Tier_1_cross_site_FDR05_direction_concordant	1	1	module_gene	unweighted_mean_z_score	bounded_abs_logFC_weighted_mean_z_score	EIF2AK2	ENSG00000055332	TRUE	FALSE
56477	VIR_M2	Viral-higher cytokine and innate immune regulation programme	primary_discovery_module	higher_in_viral	-1	CCL28		C-C motif chemokine ligand 28		-0.979653851418915	1.31330571921878e-07	-0.913452415545666	-1.15101878471832	Tier_1_cross_site_FDR05_direction_concordant	1	1.11288335556953	module_gene	unweighted_mean_z_score	bounded_abs_logFC_weighted_mean_z_score	CCL28	ENSG00000151882	TRUE	FALSE
56829	VIR_M1a	Viral-higher broad antiviral and interferon-stimulated defence programme	primary_discovery_submodule	higher_in_viral	-1	ZC3HAV1		zinc finger CCCH-type containing, antiviral 1		-1.27726937753059	1.54512456368554e-07	-1.52981278408389	-1.00122797887163	Tier_1_cross_site_FDR05_direction_concordant	1	1.28407924104742	module_gene	unweighted_mean_z_score	bounded_abs_logFC_weighted_mean_z_score	ZC3HAV1	ENSG00000105939	TRUE	FALSE
56829	VIR_M1b	Viral-higher viral restriction and type I interferon signalling subgroup	primary_discovery_submodule	higher_in_viral	-1	ZC3HAV1		zinc finger CCCH-type containing, antiviral 1		-1.27726937753059	1.54512456368554e-07	-1.52981278408389	-1.00122797887163	Tier_1_cross_site_FDR05_direction_concordant	1	0.900647422782056	module_gene	unweighted_mean_z_score	bounded_abs_logFC_weighted_mean_z_score	ZC3HAV1	ENSG00000105939	TRUE	FALSE
57007	VIR_M2	Viral-higher cytokine and innate immune regulation programme	primary_discovery_module	higher_in_viral	-1	ACKR3		atypical chemokine receptor 3		-1.20676214152757	0.00050446171609778	-1.05576340367082	-1.47761001874289	Tier_1_cross_site_FDR05_direction_concordant	1	1.37087758037425	module_gene	unweighted_mean_z_score	bounded_abs_logFC_weighted_mean_z_score	ACKR3	ENSG00000144476	TRUE	FALSE
57105	VIR_M2	Viral-higher cytokine and innate immune regulation programme	primary_discovery_module	higher_in_viral	-1	CYSLTR2		cysteinyl leukotriene receptor 2		-1.38362298426348	4.13100034388817e-09	-1.48224159227724	-1.32880454066216	Tier_1_cross_site_FDR05_direction_concordant	1	1.57179088036048	module_gene	unweighted_mean_z_score	bounded_abs_logFC_weighted_mean_z_score	CYSLTR2	ENSG00000152207	TRUE	FALSE
5734	VIR_M2	Viral-higher cytokine and innate immune regulation programme	primary_discovery_module	higher_in_viral	-1	PTGER4		prostaglandin E receptor 4		-0.792188488845053	0.000531038910766066	-0.920123539689004	-0.680137898239635	Tier_2_pooled_FDR05_all_direction_concordant_one_site_FDR05	1	0.899923358064205	module_gene	unweighted_mean_z_score	bounded_abs_logFC_weighted_mean_z_score	PTGER4	ENSG00000171522	TRUE	FALSE
575	VIR_M1a	Viral-higher broad antiviral and interferon-stimulated defence programme	primary_discovery_submodule	higher_in_viral	-1	ADGRB1		adhesion G protein-coupled receptor B1		-0.63355990480115	0.0291596735380402	-0.528971724420298	-0.927726252587329	Tier_2_pooled_FDR05_all_direction_concordant_one_site_FDR05	1	0.636937779944273	module_gene	unweighted_mean_z_score	bounded_abs_logFC_weighted_mean_z_score	ADGRB1	ENSG00000181790	TRUE	FALSE
57621	VIR_M2	Viral-higher cytokine and innate immune regulation programme	primary_discovery_module	higher_in_viral	-1	ZBTB2		zinc finger and BTB domain containing 2		-0.655448994972901	0.0140544283074918	-0.555692243810226	-0.936021679403659	Tier_2_pooled_FDR05_all_direction_concordant_one_site_FDR05	1	0.744587770337058	module_gene	unweighted_mean_z_score	bounded_abs_logFC_weighted_mean_z_score	ZBTB2	ENSG00000181472	TRUE	FALSE
57684	VIR_M2	Viral-higher cytokine and innate immune regulation programme	primary_discovery_module	higher_in_viral	-1	ZBTB26		zinc finger and BTB domain containing 26		-0.90881341592762	0.000902409557594921	-1.03228733563868	-0.753637934064166	Tier_2_pooled_FDR05_all_direction_concordant_one_site_FDR05	1	1.03240886813158	module_gene	unweighted_mean_z_score	bounded_abs_logFC_weighted_mean_z_score	ZBTB26	ENSG00000171448	TRUE	FALSE
5781	VIR_M1b	Viral-higher viral restriction and type I interferon signalling subgroup	primary_discovery_submodule	higher_in_viral	-1	PTPN11		protein tyrosine phosphatase non-receptor type 11		-0.679781867023522	0.0358114744151209	-0.926929157316003	-0.396658310216683	Tier_2_pooled_FDR05_all_direction_concordant_one_site_FDR05	1	0.479338029517619	module_gene	unweighted_mean_z_score	bounded_abs_logFC_weighted_mean_z_score	PTPN11	ENSG00000179295	TRUE	FALSE
58487	VIR_M1a	Viral-higher broad antiviral and interferon-stimulated defence programme	primary_discovery_submodule	higher_in_viral	-1	CREBZF		CREB/ATF bZIP transcription factor		-0.82092991614167	0.000569666084260289	-1.06219378315001	-0.589539079004416	Tier_2_pooled_FDR05_all_direction_concordant_one_site_FDR05	1	0.825306769438363	module_gene	unweighted_mean_z_score	bounded_abs_logFC_weighted_mean_z_score	CREBZF	ENSG00000137504	TRUE	FALSE
59	VIR_M1a	Viral-higher broad antiviral and interferon-stimulated defence programme	primary_discovery_submodule	higher_in_viral	-1	ACTA2		actin alpha 2, smooth muscle		-0.700973736708523	0.000211258450348702	-1.09738209601099	-0.232967213880579	Tier_2_pooled_FDR05_all_direction_concordant_one_site_FDR05	1	0.70471103407104	module_gene	unweighted_mean_z_score	bounded_abs_logFC_weighted_mean_z_score	ACTA2	ENSG00000107796	TRUE	FALSE
596	VIR_M1a	Viral-higher broad antiviral and interferon-stimulated defence programme	primary_discovery_submodule	higher_in_viral	-1	BCL2		BCL2 apoptosis regulator		-1.44405212627976	2.61500515647292e-12	-1.56702028092944	-1.39071499712975	Tier_1_cross_site_FDR05_direction_concordant	1	1.45175120531833	module_gene	unweighted_mean_z_score	bounded_abs_logFC_weighted_mean_z_score	BCL2	ENSG00000171791	TRUE	FALSE
5996	VIR_M2	Viral-higher cytokine and innate immune regulation programme	primary_discovery_module	higher_in_viral	-1	RGS1		regulator of G protein signaling 1		-1.53281367012347	6.17288369617413e-05	-1.31774265839314	-2.0736125704121	Tier_1_cross_site_FDR05_direction_concordant	1	1.74127097872289	module_gene	unweighted_mean_z_score	bounded_abs_logFC_weighted_mean_z_score	RGS1	ENSG00000090104	TRUE	FALSE
6133	BACT_M1	Bacterial-higher cytoplasmic translation and ribosomal protein programme	primary_discovery_module	higher_in_bacterial	1	RPL9		ribosomal protein L9		0.772687602089642	6.71953606222421e-06	1.1905994104294	0.192868315116375	Tier_2_pooled_FDR05_all_direction_concordant_one_site_FDR05	1	0.97735265003626	module_gene	unweighted_mean_z_score	bounded_abs_logFC_weighted_mean_z_score	RPL9	ENSG00000163682	TRUE	FALSE
6138	BACT_M1	Bacterial-higher cytoplasmic translation and ribosomal protein programme	primary_discovery_module	higher_in_bacterial	1	RPL15		ribosomal protein L15		0.863639333295638	2.17650988393705e-06	1.38247014501121	0.0890416144721429	Tier_2_pooled_FDR05_all_direction_concordant_one_site_FDR05	1	1.09239515269732	module_gene	unweighted_mean_z_score	bounded_abs_logFC_weighted_mean_z_score	RPL15	ENSG00000174748	TRUE	FALSE
6139	BACT_M1	Bacterial-higher cytoplasmic translation and ribosomal protein programme	primary_discovery_module	higher_in_bacterial	1	RPL17		ribosomal protein L17		0.712286424459672	3.03045047696842e-05	1.07033554518422	0.205826149841478	Tier_2_pooled_FDR05_all_direction_concordant_one_site_FDR05	1	0.90095275587164	module_gene	unweighted_mean_z_score	bounded_abs_logFC_weighted_mean_z_score	RPL17	ENSG00000265681	TRUE	FALSE
6154	BACT_M1	Bacterial-higher cytoplasmic translation and ribosomal protein programme	primary_discovery_module	higher_in_bacterial	1	RPL26		ribosomal protein L26		0.463065114178104	0.00498938144636358	0.740703351984057	0.0768328197676927	Tier_2_pooled_FDR05_all_direction_concordant_one_site_FDR05	1	0.585719138313297	module_gene	unweighted_mean_z_score	bounded_abs_logFC_weighted_mean_z_score	RPL26	ENSG00000161970	TRUE	FALSE
6155	BACT_M1	Bacterial-higher cytoplasmic translation and ribosomal protein programme	primary_discovery_module	higher_in_bacterial	1	RPL27		ribosomal protein L27		0.961545224886126	6.57709825254048e-09	1.26225735191614	0.571128820629504	Tier_2_pooled_FDR05_all_direction_concordant_one_site_FDR05	1	1.21623379374882	module_gene	unweighted_mean_z_score	bounded_abs_logFC_weighted_mean_z_score	RPL27	ENSG00000131469	TRUE	FALSE
6159	BACT_M1	Bacterial-higher cytoplasmic translation and ribosomal protein programme	primary_discovery_module	higher_in_bacterial	1	RPL29		ribosomal protein L29		0.587611433035793	0.000201709914852122	0.925332935720541	0.082088349225134	Tier_2_pooled_FDR05_all_direction_concordant_one_site_FDR05	1	0.743254569784736	module_gene	unweighted_mean_z_score	bounded_abs_logFC_weighted_mean_z_score	RPL29	ENSG00000162244	TRUE	FALSE
6160	BACT_M1	Bacterial-higher cytoplasmic translation and ribosomal protein programme	primary_discovery_module	higher_in_bacterial	1	RPL31		ribosomal protein L31		0.738783909947779	1.36238869750301e-05	1.18139689129579	0.132679629130271	Tier_2_pooled_FDR05_all_direction_concordant_one_site_FDR05	1	0.934468742916162	module_gene	unweighted_mean_z_score	bounded_abs_logFC_weighted_mean_z_score	RPL31	ENSG00000071082	TRUE	FALSE
6164	BACT_M1	Bacterial-higher cytoplasmic translation and ribosomal protein programme	primary_discovery_module	higher_in_bacterial	1	RPL34		ribosomal protein L34		0.754133874972954	0.000159381627987174	1.22564947441387	0.086204583645625	Tier_2_pooled_FDR05_all_direction_concordant_one_site_FDR05	1	0.953884518392236	module_gene	unweighted_mean_z_score	bounded_abs_logFC_weighted_mean_z_score	RPL34	ENSG00000109475	TRUE	FALSE
6175	BACT_M1	Bacterial-higher cytoplasmic translation and ribosomal protein programme	primary_discovery_module	higher_in_bacterial	1	RPLP0		ribosomal protein lateral stalk subunit P0		0.789103468601545	2.07898603782838e-07	1.17999470116209	0.263591038499308	Tier_2_pooled_FDR05_all_direction_concordant_one_site_FDR05	1	0.998116656854359	module_gene	unweighted_mean_z_score	bounded_abs_logFC_weighted_mean_z_score	RPLP0	ENSG00000089157	TRUE	FALSE
6189	BACT_M1	Bacterial-higher cytoplasmic translation and ribosomal protein programme	primary_discovery_module	higher_in_bacterial	1	RPS3A		ribosomal protein S3A		0.923426159951376	4.76049153034386e-09	1.41703255494337	0.281518252426068	Tier_2_pooled_FDR05_all_direction_concordant_one_site_FDR05	1	1.16801797013508	module_gene	unweighted_mean_z_score	bounded_abs_logFC_weighted_mean_z_score	RPS3A	ENSG00000145425	TRUE	FALSE
6189	BACT_M1	Bacterial-higher cytoplasmic translation and ribosomal protein programme	primary_discovery_module	higher_in_bacterial	1	RPS3A		ribosomal protein S3A		0.923426159951376	4.76049153034386e-09	1.41703255494337	0.281518252426068	Tier_2_pooled_FDR05_all_direction_concordant_one_site_FDR05	1	1.16801797013508	module_gene	unweighted_mean_z_score	bounded_abs_logFC_weighted_mean_z_score	RPS3A	ENSG00000292158	FALSE	FALSE
6192	BACT_M1	Bacterial-higher cytoplasmic translation and ribosomal protein programme	primary_discovery_module	higher_in_bacterial	1	RPS4Y1		ribosomal protein S4 Y-linked 1		3.09978077536379	0.000868780012795459	2.44785711248564	3.89466323350091	Tier_2_pooled_FDR05_all_direction_concordant_one_site_FDR05	1	3	module_gene	unweighted_mean_z_score	bounded_abs_logFC_weighted_mean_z_score	RPS4Y1	ENSG00000129824	TRUE	FALSE
6201	BACT_M1	Bacterial-higher cytoplasmic translation and ribosomal protein programme	primary_discovery_module	higher_in_bacterial	1	RPS7		ribosomal protein S7		0.790592425426969	3.24590010157314e-07	1.2166563219586	0.233746652189371	Tier_2_pooled_FDR05_all_direction_concordant_one_site_FDR05	1	1	module_gene	unweighted_mean_z_score	bounded_abs_logFC_weighted_mean_z_score	RPS7	ENSG00000171863	TRUE	FALSE
6203	BACT_M1	Bacterial-higher cytoplasmic translation and ribosomal protein programme	primary_discovery_module	higher_in_bacterial	1	RPS9		ribosomal protein S9		0.917981723082076	5.25159079316342e-09	1.09524860714812	0.710725103204841	Tier_1_cross_site_FDR05_direction_concordant	1	1.16113144214139	module_gene	unweighted_mean_z_score	bounded_abs_logFC_weighted_mean_z_score	RPS9	ENSG00000170889	TRUE	FALSE
6203	BACT_M1	Bacterial-higher cytoplasmic translation and ribosomal protein programme	primary_discovery_module	higher_in_bacterial	1	RPS9		ribosomal protein S9		0.917981723082076	5.25159079316342e-09	1.09524860714812	0.710725103204841	Tier_1_cross_site_FDR05_direction_concordant	1	1.16113144214139	module_gene	unweighted_mean_z_score	bounded_abs_logFC_weighted_mean_z_score	RPS9	ENSG00000274646	FALSE	FALSE
6203	BACT_M1	Bacterial-higher cytoplasmic translation and ribosomal protein programme	primary_discovery_module	higher_in_bacterial	1	RPS9		ribosomal protein S9		0.917981723082076	5.25159079316342e-09	1.09524860714812	0.710725103204841	Tier_1_cross_site_FDR05_direction_concordant	1	1.16113144214139	module_gene	unweighted_mean_z_score	bounded_abs_logFC_weighted_mean_z_score	RPS9	ENSG00000274005	FALSE	FALSE
6203	BACT_M1	Bacterial-higher cytoplasmic translation and ribosomal protein programme	primary_discovery_module	higher_in_bacterial	1	RPS9		ribosomal protein S9		0.917981723082076	5.25159079316342e-09	1.09524860714812	0.710725103204841	Tier_1_cross_site_FDR05_direction_concordant	1	1.16113144214139	module_gene	unweighted_mean_z_score	bounded_abs_logFC_weighted_mean_z_score	RPS9	ENSG00000277079	FALSE	FALSE
6203	BACT_M1	Bacterial-higher cytoplasmic translation and ribosomal protein programme	primary_discovery_module	higher_in_bacterial	1	RPS9		ribosomal protein S9		0.917981723082076	5.25159079316342e-09	1.09524860714812	0.710725103204841	Tier_1_cross_site_FDR05_direction_concordant	1	1.16113144214139	module_gene	unweighted_mean_z_score	bounded_abs_logFC_weighted_mean_z_score	RPS9	ENSG00000274950	FALSE	FALSE
6203	BACT_M1	Bacterial-higher cytoplasmic translation and ribosomal protein programme	primary_discovery_module	higher_in_bacterial	1	RPS9		ribosomal protein S9		0.917981723082076	5.25159079316342e-09	1.09524860714812	0.710725103204841	Tier_1_cross_site_FDR05_direction_concordant	1	1.16113144214139	module_gene	unweighted_mean_z_score	bounded_abs_logFC_weighted_mean_z_score	RPS9	ENSG00000274626	FALSE	FALSE
6203	BACT_M1	Bacterial-higher cytoplasmic translation and ribosomal protein programme	primary_discovery_module	higher_in_bacterial	1	RPS9		ribosomal protein S9		0.917981723082076	5.25159079316342e-09	1.09524860714812	0.710725103204841	Tier_1_cross_site_FDR05_direction_concordant	1	1.16113144214139	module_gene	unweighted_mean_z_score	bounded_abs_logFC_weighted_mean_z_score	RPS9	ENSG00000277359	FALSE	FALSE
6203	BACT_M1	Bacterial-higher cytoplasmic translation and ribosomal protein programme	primary_discovery_module	higher_in_bacterial	1	RPS9		ribosomal protein S9		0.917981723082076	5.25159079316342e-09	1.09524860714812	0.710725103204841	Tier_1_cross_site_FDR05_direction_concordant	1	1.16113144214139	module_gene	unweighted_mean_z_score	bounded_abs_logFC_weighted_mean_z_score	RPS9	ENSG00000275323	FALSE	FALSE
6203	BACT_M1	Bacterial-higher cytoplasmic translation and ribosomal protein programme	primary_discovery_module	higher_in_bacterial	1	RPS9		ribosomal protein S9		0.917981723082076	5.25159079316342e-09	1.09524860714812	0.710725103204841	Tier_1_cross_site_FDR05_direction_concordant	1	1.16113144214139	module_gene	unweighted_mean_z_score	bounded_abs_logFC_weighted_mean_z_score	RPS9	ENSG00000278081	FALSE	FALSE
6203	BACT_M1	Bacterial-higher cytoplasmic translation and ribosomal protein programme	primary_discovery_module	higher_in_bacterial	1	RPS9		ribosomal protein S9		0.917981723082076	5.25159079316342e-09	1.09524860714812	0.710725103204841	Tier_1_cross_site_FDR05_direction_concordant	1	1.16113144214139	module_gene	unweighted_mean_z_score	bounded_abs_logFC_weighted_mean_z_score	RPS9	ENSG00000278270	FALSE	FALSE
6210	BACT_M1	Bacterial-higher cytoplasmic translation and ribosomal protein programme	primary_discovery_module	higher_in_bacterial	1	RPS15A		ribosomal protein S15a		0.9413329289266	1.48083565196838e-09	1.39742195275229	0.354047825554733	Tier_2_pooled_FDR05_all_direction_concordant_one_site_FDR05	1	1.19066778108609	module_gene	unweighted_mean_z_score	bounded_abs_logFC_weighted_mean_z_score	RPS15A	ENSG00000134419	TRUE	FALSE
6229	BACT_M1	Bacterial-higher cytoplasmic translation and ribosomal protein programme	primary_discovery_module	higher_in_bacterial	1	RPS24		ribosomal protein S24		0.675687329340527	0.000164252772960764	0.913741330586204	0.331005519362698	Tier_2_pooled_FDR05_all_direction_concordant_one_site_FDR05	1	0.854659502936186	module_gene	unweighted_mean_z_score	bounded_abs_logFC_weighted_mean_z_score	RPS24	ENSG00000138326	TRUE	FALSE
6232	BACT_M1	Bacterial-higher cytoplasmic translation and ribosomal protein programme	primary_discovery_module	higher_in_bacterial	1	RPS27		ribosomal protein S27		0.823491350935432	4.2487672416444e-07	1.33471704439929	0.163045986195595	Tier_2_pooled_FDR05_all_direction_concordant_one_site_FDR05	1	1.04161300367974	module_gene	unweighted_mean_z_score	bounded_abs_logFC_weighted_mean_z_score	RPS27	ENSG00000177954	TRUE	FALSE
6355	VIR_M1a	Viral-higher broad antiviral and interferon-stimulated defence programme	primary_discovery_submodule	higher_in_viral	-1	CCL8		C-C motif chemokine ligand 8		-5.44504154250244	7.8645773041217e-25	-6.18408691468782	-4.86812262834191	Tier_1_cross_site_FDR05_direction_concordant	1	3	module_gene	unweighted_mean_z_score	bounded_abs_logFC_weighted_mean_z_score	CCL8	ENSG00000108700	TRUE	FALSE
639	VIR_M1a	Viral-higher broad antiviral and interferon-stimulated defence programme	primary_discovery_submodule	higher_in_viral	-1	PRDM1		PR/SET domain 1		-0.830424487576327	0.00149148182492256	-0.831602055438865	-0.953999236097417	Tier_1_cross_site_FDR05_direction_concordant	1	0.83485196193758	module_gene	unweighted_mean_z_score	bounded_abs_logFC_weighted_mean_z_score	PRDM1	ENSG00000057657	TRUE	FALSE
63901	VIR_M1b	Viral-higher viral restriction and type I interferon signalling subgroup	primary_discovery_submodule	higher_in_viral	-1	FAM111A		FAM111 trypsin like peptidase A		-0.431456780335223	0.0183911981796565	-0.337948324081779	-0.631315734243161	Tier_2_pooled_FDR05_all_direction_concordant_one_site_FDR05	1	0.304235303912197	module_gene	unweighted_mean_z_score	bounded_abs_logFC_weighted_mean_z_score	FAM111A	ENSG00000166801	TRUE	FALSE
640	VIR_M1a	Viral-higher broad antiviral and interferon-stimulated defence programme	primary_discovery_submodule	higher_in_viral	-1	BLK		BLK proto-oncogene, Src family tyrosine kinase		-0.367160848207899	0.0402201702484056	-0.197533209065048	-0.616004602867615	Tier_2_pooled_FDR05_all_direction_concordant_one_site_FDR05	1	0.369118395542083	module_gene	unweighted_mean_z_score	bounded_abs_logFC_weighted_mean_z_score	BLK	ENSG00000136573	TRUE	FALSE
640	VIR_M1a	Viral-higher broad antiviral and interferon-stimulated defence programme	primary_discovery_submodule	higher_in_viral	-1	BLK		BLK proto-oncogene, Src family tyrosine kinase		-0.367160848207899	0.0402201702484056	-0.197533209065048	-0.616004602867615	Tier_2_pooled_FDR05_all_direction_concordant_one_site_FDR05	1	0.369118395542083	module_gene	unweighted_mean_z_score	bounded_abs_logFC_weighted_mean_z_score	BLK	ENSG00000285369	FALSE	FALSE
64108	VIR_M1a	Viral-higher broad antiviral and interferon-stimulated defence programme	primary_discovery_submodule	higher_in_viral	-1	RTP4		receptor transporter protein 4		-1.66725193685896	3.58741331219572e-14	-1.97803618456031	-1.36523400870708	Tier_1_cross_site_FDR05_direction_concordant	1	1.67614102348228	module_gene	unweighted_mean_z_score	bounded_abs_logFC_weighted_mean_z_score	RTP4	ENSG00000136514	TRUE	FALSE
64108	VIR_M1a	Viral-higher broad antiviral and interferon-stimulated defence programme	primary_discovery_submodule	higher_in_viral	-1	RTP4		receptor transporter protein 4		-1.66725193685896	3.58741331219572e-14	-1.97803618456031	-1.36523400870708	Tier_1_cross_site_FDR05_direction_concordant	1	1.67614102348228	module_gene	unweighted_mean_z_score	bounded_abs_logFC_weighted_mean_z_score	RTP4	ENSG00000291555	FALSE	FALSE
64127	VIR_M1a	Viral-higher broad antiviral and interferon-stimulated defence programme	primary_discovery_submodule	higher_in_viral	-1	NOD2		nucleotide binding oligomerization domain containing 2		-0.567964049911409	0.000563277312870227	-0.645525221299409	-0.523393238908499	Tier_2_pooled_FDR05_all_direction_concordant_one_site_FDR05	1	0.570992195524546	module_gene	unweighted_mean_z_score	bounded_abs_logFC_weighted_mean_z_score	NOD2	ENSG00000167207	TRUE	FALSE
64127	VIR_M2	Viral-higher cytokine and innate immune regulation programme	primary_discovery_module	higher_in_viral	-1	NOD2		nucleotide binding oligomerization domain containing 2		-0.567964049911409	0.000563277312870227	-0.645525221299409	-0.523393238908499	Tier_2_pooled_FDR05_all_direction_concordant_one_site_FDR05	1	0.645205178127744	module_gene	unweighted_mean_z_score	bounded_abs_logFC_weighted_mean_z_score	NOD2	ENSG00000167207	TRUE	FALSE
64135	VIR_M1a	Viral-higher broad antiviral and interferon-stimulated defence programme	primary_discovery_submodule	higher_in_viral	-1	IFIH1		interferon induced with helicase C domain 1		-2.11835974978813	3.64736086490445e-15	-2.66635071862163	-1.48776941166876	Tier_1_cross_site_FDR05_direction_concordant	1	2.12965395368073	module_gene	unweighted_mean_z_score	bounded_abs_logFC_weighted_mean_z_score	IFIH1	ENSG00000115267	TRUE	FALSE
64135	VIR_M1b	Viral-higher viral restriction and type I interferon signalling subgroup	primary_discovery_submodule	higher_in_viral	-1	IFIH1		interferon induced with helicase C domain 1		-2.11835974978813	3.64736086490445e-15	-2.66635071862163	-1.48776941166876	Tier_1_cross_site_FDR05_direction_concordant	1	1.49372973527366	module_gene	unweighted_mean_z_score	bounded_abs_logFC_weighted_mean_z_score	IFIH1	ENSG00000115267	TRUE	FALSE
64170	VIR_M1a	Viral-higher broad antiviral and interferon-stimulated defence programme	primary_discovery_submodule	higher_in_viral	-1	CARD9		caspase recruitment domain family member 9		-0.374873111849995	0.046295780615268	-0.526931119754242	-0.229110328888959	Tier_2_pooled_FDR05_all_direction_concordant_one_site_FDR05	1	0.376871777732649	module_gene	unweighted_mean_z_score	bounded_abs_logFC_weighted_mean_z_score	CARD9	ENSG00000187796	TRUE	FALSE
64170	VIR_M2	Viral-higher cytokine and innate immune regulation programme	primary_discovery_module	higher_in_viral	-1	CARD9		caspase recruitment domain family member 9		-0.374873111849995	0.046295780615268	-0.526931119754242	-0.229110328888959	Tier_2_pooled_FDR05_all_direction_concordant_one_site_FDR05	1	0.425854546505548	module_gene	unweighted_mean_z_score	bounded_abs_logFC_weighted_mean_z_score	CARD9	ENSG00000187796	TRUE	FALSE
643	VIR_M2	Viral-higher cytokine and innate immune regulation programme	primary_discovery_module	higher_in_viral	-1	CXCR5		C-X-C motif chemokine receptor 5		-0.559613378121465	0.0105899969579712	-0.338686330232225	-0.886768710451916	Tier_2_pooled_FDR05_all_direction_concordant_one_site_FDR05	1	0.635718844123757	module_gene	unweighted_mean_z_score	bounded_abs_logFC_weighted_mean_z_score	CXCR5	ENSG00000160683	TRUE	FALSE
64343	VIR_M1a	Viral-higher broad antiviral and interferon-stimulated defence programme	primary_discovery_submodule	higher_in_viral	-1	AZI2		5-azacytidine induced 2		-0.998842231966949	6.3302383981623e-06	-1.47917784674294	-0.368805405732579	Tier_2_pooled_FDR05_all_direction_concordant_one_site_FDR05	1	1.00416763895955	module_gene	unweighted_mean_z_score	bounded_abs_logFC_weighted_mean_z_score	AZI2	ENSG00000163512	TRUE	FALSE
64343	VIR_M1b	Viral-higher viral restriction and type I interferon signalling subgroup	primary_discovery_submodule	higher_in_viral	-1	AZI2		5-azacytidine induced 2		-0.998842231966949	6.3302383981623e-06	-1.47917784674294	-0.368805405732579	Tier_2_pooled_FDR05_all_direction_concordant_one_site_FDR05	1	0.704318680000111	module_gene	unweighted_mean_z_score	bounded_abs_logFC_weighted_mean_z_score	AZI2	ENSG00000163512	TRUE	FALSE
64963	BACT_M1	Bacterial-higher cytoplasmic translation and ribosomal protein programme	primary_discovery_module	higher_in_bacterial	1	MRPS11		mitochondrial ribosomal protein S11		0.467217494460289	0.00881364755419309	0.664298685989782	0.236804586737689	Tier_2_pooled_FDR05_all_direction_concordant_one_site_FDR05	1	0.590971377202308	module_gene	unweighted_mean_z_score	bounded_abs_logFC_weighted_mean_z_score	MRPS11	ENSG00000181991	TRUE	FALSE
654	VIR_M2	Viral-higher cytokine and innate immune regulation programme	primary_discovery_module	higher_in_viral	-1	BMP6		bone morphogenetic protein 6		-1.05820349307331	0.000105796047650359	-1.09864768838497	-1.19374483987505	Tier_1_cross_site_FDR05_direction_concordant	1	1.20211547429853	module_gene	unweighted_mean_z_score	bounded_abs_logFC_weighted_mean_z_score	BMP6	ENSG00000153162	TRUE	FALSE
657	VIR_M2	Viral-higher cytokine and innate immune regulation programme	primary_discovery_module	higher_in_viral	-1	BMPR1A		bone morphogenetic protein receptor type 1A		-1.03518850367564	0.00167477742258991	-1.26491482134715	-0.685298335920607	Tier_2_pooled_FDR05_all_direction_concordant_one_site_FDR05	1	1.17597052668037	module_gene	unweighted_mean_z_score	bounded_abs_logFC_weighted_mean_z_score	BMPR1A	ENSG00000107779	TRUE	FALSE
665	VIR_M1a	Viral-higher broad antiviral and interferon-stimulated defence programme	primary_discovery_submodule	higher_in_viral	-1	BNIP3L		BCL2 interacting protein 3 like		-0.377189068284269	0.0409354378452928	-0.546388177351623	-0.147537570056442	Tier_2_pooled_FDR05_all_direction_concordant_one_site_FDR05	1	0.379200081873292	module_gene	unweighted_mean_z_score	bounded_abs_logFC_weighted_mean_z_score	BNIP3L	ENSG00000104765	TRUE	FALSE
6714	VIR_M1a	Viral-higher broad antiviral and interferon-stimulated defence programme	primary_discovery_submodule	higher_in_viral	-1	SRC		SRC proto-oncogene, non-receptor tyrosine kinase		-1.15079916381387	1.75923504466806e-11	-1.46850446190228	-0.808191153485614	Tier_1_cross_site_FDR05_direction_concordant	1	1.15693474130341	module_gene	unweighted_mean_z_score	bounded_abs_logFC_weighted_mean_z_score	SRC	ENSG00000197122	TRUE	FALSE
6714	VIR_M1a	Viral-higher broad antiviral and interferon-stimulated defence programme	primary_discovery_submodule	higher_in_viral	-1	SRC		SRC proto-oncogene, non-receptor tyrosine kinase		-1.15079916381387	1.75923504466806e-11	-1.46850446190228	-0.808191153485614	Tier_1_cross_site_FDR05_direction_concordant	1	1.15693474130341	module_gene	unweighted_mean_z_score	bounded_abs_logFC_weighted_mean_z_score	SRC	ENSG00000291971	FALSE	FALSE
6772	VIR_M1a	Viral-higher broad antiviral and interferon-stimulated defence programme	primary_discovery_submodule	higher_in_viral	-1	STAT1		signal transducer and activator of transcription 1		-0.88477327699447	4.41851103085954e-08	-1.17811776878252	-0.564547327850528	Tier_2_pooled_FDR05_all_direction_concordant_one_site_FDR05	1	0.889490516259473	module_gene	unweighted_mean_z_score	bounded_abs_logFC_weighted_mean_z_score	STAT1	ENSG00000115415	TRUE	FALSE
6772	VIR_M1b	Viral-higher viral restriction and type I interferon signalling subgroup	primary_discovery_submodule	higher_in_viral	-1	STAT1		signal transducer and activator of transcription 1		-0.88477327699447	4.41851103085954e-08	-1.17811776878252	-0.564547327850528	Tier_2_pooled_FDR05_all_direction_concordant_one_site_FDR05	1	0.623884660268087	module_gene	unweighted_mean_z_score	bounded_abs_logFC_weighted_mean_z_score	STAT1	ENSG00000115415	TRUE	FALSE
6773	VIR_M1a	Viral-higher broad antiviral and interferon-stimulated defence programme	primary_discovery_submodule	higher_in_viral	-1	STAT2		signal transducer and activator of transcription 2		-1.72328731886609	9.34111507299781e-12	-2.16856846003883	-1.20942996471205	Tier_1_cross_site_FDR05_direction_concordant	1	1.73247516259601	module_gene	unweighted_mean_z_score	bounded_abs_logFC_weighted_mean_z_score	STAT2	ENSG00000170581	TRUE	FALSE
6773	VIR_M1b	Viral-higher viral restriction and type I interferon signalling subgroup	primary_discovery_submodule	higher_in_viral	-1	STAT2		signal transducer and activator of transcription 2		-1.72328731886609	9.34111507299781e-12	-2.16856846003883	-1.20942996471205	Tier_1_cross_site_FDR05_direction_concordant	1	1.21515031187113	module_gene	unweighted_mean_z_score	bounded_abs_logFC_weighted_mean_z_score	STAT2	ENSG00000170581	TRUE	FALSE
6932	VIR_M2	Viral-higher cytokine and innate immune regulation programme	primary_discovery_module	higher_in_viral	-1	TCF7		transcription factor 7		-0.843974603105732	5.16306294218742e-07	-0.804890440567094	-0.939460141552499	Tier_1_cross_site_FDR05_direction_concordant	1	0.958752203096416	module_gene	unweighted_mean_z_score	bounded_abs_logFC_weighted_mean_z_score	TCF7	ENSG00000081059	TRUE	FALSE
6938	VIR_M2	Viral-higher cytokine and innate immune regulation programme	primary_discovery_module	higher_in_viral	-1	TCF12		transcription factor 12		-0.893359674374246	4.08977757208138e-06	-1.22361887482928	-0.500064688758782	Tier_2_pooled_FDR05_all_direction_concordant_one_site_FDR05	1	1.01485347167076	module_gene	unweighted_mean_z_score	bounded_abs_logFC_weighted_mean_z_score	TCF12	ENSG00000140262	TRUE	FALSE
7049	VIR_M2	Viral-higher cytokine and innate immune regulation programme	primary_discovery_module	higher_in_viral	-1	TGFBR3		transforming growth factor beta receptor 3		-0.853314700954131	0.00194959063403929	-0.203803377028824	-1.79243977637179	Tier_2_pooled_FDR05_all_direction_concordant_one_site_FDR05	1	0.969362521649054	module_gene	unweighted_mean_z_score	bounded_abs_logFC_weighted_mean_z_score	TGFBR3	ENSG00000069702	TRUE	FALSE
7098	VIR_M1a	Viral-higher broad antiviral and interferon-stimulated defence programme	primary_discovery_submodule	higher_in_viral	-1	TLR3		toll like receptor 3		-2.43531383369351	1.94962168786523e-12	-2.77488536255617	-2.11914031092772	Tier_1_cross_site_FDR05_direction_concordant	1	2.44829790355367	module_gene	unweighted_mean_z_score	bounded_abs_logFC_weighted_mean_z_score	TLR3	ENSG00000164342	TRUE	FALSE
7098	VIR_M1b	Viral-higher viral restriction and type I interferon signalling subgroup	primary_discovery_submodule	higher_in_viral	-1	TLR3		toll like receptor 3		-2.43531383369351	1.94962168786523e-12	-2.77488536255617	-2.11914031092772	Tier_1_cross_site_FDR05_direction_concordant	1	1.71722517314404	module_gene	unweighted_mean_z_score	bounded_abs_logFC_weighted_mean_z_score	TLR3	ENSG00000164342	TRUE	FALSE
7098	VIR_M2	Viral-higher cytokine and innate immune regulation programme	primary_discovery_module	higher_in_viral	-1	TLR3		toll like receptor 3		-2.43531383369351	1.94962168786523e-12	-2.77488536255617	-2.11914031092772	Tier_1_cross_site_FDR05_direction_concordant	1	2.7665080142137	module_gene	unweighted_mean_z_score	bounded_abs_logFC_weighted_mean_z_score	TLR3	ENSG00000164342	TRUE	FALSE
710	VIR_M1a	Viral-higher broad antiviral and interferon-stimulated defence programme	primary_discovery_submodule	higher_in_viral	-1	SERPING1		serpin family G member 1		-1.51005019197924	1.15783168818718e-06	-1.7063059989133	-1.43035154933628	Tier_1_cross_site_FDR05_direction_concordant	1	1.5181011449668	module_gene	unweighted_mean_z_score	bounded_abs_logFC_weighted_mean_z_score	SERPING1	ENSG00000149131	TRUE	FALSE
717	VIR_M1a	Viral-higher broad antiviral and interferon-stimulated defence programme	primary_discovery_submodule	higher_in_viral	-1	C2		complement C2		-1.05756400647641	6.21069038200163e-07	-1.20009691969648	-0.899306401630332	Tier_1_cross_site_FDR05_direction_concordant	1	1.06320249329142	module_gene	unweighted_mean_z_score	bounded_abs_logFC_weighted_mean_z_score	C2	ENSG00000166278	TRUE	FALSE
717	VIR_M1a	Viral-higher broad antiviral and interferon-stimulated defence programme	primary_discovery_submodule	higher_in_viral	-1	C2		complement C2		-1.05756400647641	6.21069038200163e-07	-1.20009691969648	-0.899306401630332	Tier_1_cross_site_FDR05_direction_concordant	1	1.06320249329142	module_gene	unweighted_mean_z_score	bounded_abs_logFC_weighted_mean_z_score	C2	ENSG00000231543	FALSE	FALSE
717	VIR_M1a	Viral-higher broad antiviral and interferon-stimulated defence programme	primary_discovery_submodule	higher_in_viral	-1	C2		complement C2		-1.05756400647641	6.21069038200163e-07	-1.20009691969648	-0.899306401630332	Tier_1_cross_site_FDR05_direction_concordant	1	1.06320249329142	module_gene	unweighted_mean_z_score	bounded_abs_logFC_weighted_mean_z_score	C2	ENSG00000204364	FALSE	FALSE
717	VIR_M1a	Viral-higher broad antiviral and interferon-stimulated defence programme	primary_discovery_submodule	higher_in_viral	-1	C2		complement C2		-1.05756400647641	6.21069038200163e-07	-1.20009691969648	-0.899306401630332	Tier_1_cross_site_FDR05_direction_concordant	1	1.06320249329142	module_gene	unweighted_mean_z_score	bounded_abs_logFC_weighted_mean_z_score	C2	ENSG00000235017	FALSE	FALSE
717	VIR_M1a	Viral-higher broad antiviral and interferon-stimulated defence programme	primary_discovery_submodule	higher_in_viral	-1	C2		complement C2		-1.05756400647641	6.21069038200163e-07	-1.20009691969648	-0.899306401630332	Tier_1_cross_site_FDR05_direction_concordant	1	1.06320249329142	module_gene	unweighted_mean_z_score	bounded_abs_logFC_weighted_mean_z_score	C2	ENSG00000226560	FALSE	FALSE
717	VIR_M1a	Viral-higher broad antiviral and interferon-stimulated defence programme	primary_discovery_submodule	higher_in_viral	-1	C2		complement C2		-1.05756400647641	6.21069038200163e-07	-1.20009691969648	-0.899306401630332	Tier_1_cross_site_FDR05_direction_concordant	1	1.06320249329142	module_gene	unweighted_mean_z_score	bounded_abs_logFC_weighted_mean_z_score	C2	ENSG00000206372	FALSE	FALSE
717	VIR_M1a	Viral-higher broad antiviral and interferon-stimulated defence programme	primary_discovery_submodule	higher_in_viral	-1	C2		complement C2		-1.05756400647641	6.21069038200163e-07	-1.20009691969648	-0.899306401630332	Tier_1_cross_site_FDR05_direction_concordant	1	1.06320249329142	module_gene	unweighted_mean_z_score	bounded_abs_logFC_weighted_mean_z_score	C2	ENSG00000235696	FALSE	FALSE
7292	VIR_M1a	Viral-higher broad antiviral and interferon-stimulated defence programme	primary_discovery_submodule	higher_in_viral	-1	TNFSF4		TNF superfamily member 4		-0.595040866361297	0.0356774719559078	-0.743315334044893	-0.64776494501135	Tier_3_pooled_FDR05_all_direction_concordant_site_nominal_or_weaker	1	0.598213374180041	module_gene	unweighted_mean_z_score	bounded_abs_logFC_weighted_mean_z_score	TNFSF4	ENSG00000117586	TRUE	FALSE
7292	VIR_M2	Viral-higher cytokine and innate immune regulation programme	primary_discovery_module	higher_in_viral	-1	TNFSF4		TNF superfamily member 4		-0.595040866361297	0.0356774719559078	-0.743315334044893	-0.64776494501135	Tier_3_pooled_FDR05_all_direction_concordant_site_nominal_or_weaker	1	0.675964347098751	module_gene	unweighted_mean_z_score	bounded_abs_logFC_weighted_mean_z_score	TNFSF4	ENSG00000117586	TRUE	FALSE
729230	VIR_M2	Viral-higher cytokine and innate immune regulation programme	primary_discovery_module	higher_in_viral	-1	CCR2		C-C motif chemokine receptor 2		-0.456188357887986	0.0131888169835732	-0.707476307029978	-0.143914125955724	Tier_2_pooled_FDR05_all_direction_concordant_one_site_FDR05	1	0.518228382160511	module_gene	unweighted_mean_z_score	bounded_abs_logFC_weighted_mean_z_score	CCR2	ENSG00000121807	TRUE	FALSE
7293	VIR_M2	Viral-higher cytokine and innate immune regulation programme	primary_discovery_module	higher_in_viral	-1	TNFRSF4		TNF receptor superfamily member 4		-0.552965633171251	0.0123875049098976	-0.233893250530761	-1.06251970145258	Tier_2_pooled_FDR05_all_direction_concordant_one_site_FDR05	1	0.628167029065357	module_gene	unweighted_mean_z_score	bounded_abs_logFC_weighted_mean_z_score	TNFRSF4	ENSG00000186827	TRUE	FALSE
7311	BACT_M1	Bacterial-higher cytoplasmic translation and ribosomal protein programme	primary_discovery_module	higher_in_bacterial	1	UBA52		ubiquitin A-52 residue ribosomal protein fusion product 1		0.910256124093008	0.00353385187521303	1.47392239844432	0.0235960780065729	Tier_2_pooled_FDR05_all_direction_concordant_one_site_FDR05	1	1.1513595309257	module_gene	unweighted_mean_z_score	bounded_abs_logFC_weighted_mean_z_score	UBA52	ENSG00000221983	TRUE	FALSE
7597	VIR_M2	Viral-higher cytokine and innate immune regulation programme	primary_discovery_module	higher_in_viral	-1	ZBTB25		zinc finger and BTB domain containing 25		-0.841509988749975	6.63113978318244e-05	-0.745466825599928	-1.08416388477256	Tier_1_cross_site_FDR05_direction_concordant	1	0.955952409791416	module_gene	unweighted_mean_z_score	bounded_abs_logFC_weighted_mean_z_score	ZBTB25	ENSG00000089775	TRUE	FALSE
7690	VIR_M2	Viral-higher cytokine and innate immune regulation programme	primary_discovery_module	higher_in_viral	-1	ZNF131		zinc finger protein 131		-0.746622473819296	0.000205030822486258	-0.827044014725638	-0.671269646583778	Tier_2_pooled_FDR05_all_direction_concordant_one_site_FDR05	1	0.848160524050589	module_gene	unweighted_mean_z_score	bounded_abs_logFC_weighted_mean_z_score	ZNF131	ENSG00000172262	TRUE	FALSE
7693	VIR_M2	Viral-higher cytokine and innate immune regulation programme	primary_discovery_module	higher_in_viral	-1	ZNF134		zinc finger protein 134		-0.558471328793404	0.00101776532687881	-0.638724418703484	-0.517067766552719	Tier_2_pooled_FDR05_all_direction_concordant_one_site_FDR05	1	0.634421480073589	module_gene	unweighted_mean_z_score	bounded_abs_logFC_weighted_mean_z_score	ZNF134	ENSG00000213762	TRUE	FALSE
79132	VIR_M1a	Viral-higher broad antiviral and interferon-stimulated defence programme	primary_discovery_submodule	higher_in_viral	-1	DHX58		DExH-box helicase 58		-1.84855790663322	1.39039980281405e-19	-2.17584146994649	-1.51297901569597	Tier_1_cross_site_FDR05_direction_concordant	1	1.85841364048904	module_gene	unweighted_mean_z_score	bounded_abs_logFC_weighted_mean_z_score	DHX58	ENSG00000108771	TRUE	FALSE
81030	VIR_M1a	Viral-higher broad antiviral and interferon-stimulated defence programme	primary_discovery_submodule	higher_in_viral	-1	ZBP1		Z-DNA binding protein 1		-1.76916073589958	3.66180253969748e-20	-2.09464238072767	-1.45632521926971	Tier_1_cross_site_FDR05_direction_concordant	1	1.77859315740968	module_gene	unweighted_mean_z_score	bounded_abs_logFC_weighted_mean_z_score	ZBP1	ENSG00000124256	TRUE	FALSE
83666	VIR_M1a	Viral-higher broad antiviral and interferon-stimulated defence programme	primary_discovery_submodule	higher_in_viral	-1	PARP9		poly(ADP-ribose) polymerase family member 9		-1.08960729615372	1.84165892760323e-08	-1.41902296486122	-0.686154612609091	Tier_1_cross_site_FDR05_direction_concordant	1	1.0954166243223	module_gene	unweighted_mean_z_score	bounded_abs_logFC_weighted_mean_z_score	PARP9	ENSG00000138496	TRUE	FALSE
841	VIR_M2	Viral-higher cytokine and innate immune regulation programme	primary_discovery_module	higher_in_viral	-1	CASP8		caspase 8		-0.636109476896385	0.000672997078737086	-0.7678654421896	-0.521679651404071	Tier_2_pooled_FDR05_all_direction_concordant_one_site_FDR05	1	0.722618145309894	module_gene	unweighted_mean_z_score	bounded_abs_logFC_weighted_mean_z_score	CASP8	ENSG00000064012	TRUE	FALSE
84233	BACT_M2	Bacterial-higher mitochondrial respiration and oxidative phosphorylation programme	primary_discovery_module	higher_in_bacterial	1	TMEM126A		transmembrane protein 126A		0.692007641497845	0.00297556828551306	0.933753992189987	0.382266841751438	Tier_2_pooled_FDR05_all_direction_concordant_one_site_FDR05	1	0.912322734531859	module_gene	unweighted_mean_z_score	bounded_abs_logFC_weighted_mean_z_score	TMEM126A	ENSG00000171202	TRUE	FALSE
84502	VIR_M2	Viral-higher cytokine and innate immune regulation programme	primary_discovery_module	higher_in_viral	-1	JPH4		junctophilin 4		-1.44859284343107	3.64717895851288e-08	-2.18622836416093	-0.529533496952741	Tier_2_pooled_FDR05_all_direction_concordant_one_site_FDR05	1	1.64559641358692	module_gene	unweighted_mean_z_score	bounded_abs_logFC_weighted_mean_z_score	JPH4	ENSG00000092051	TRUE	FALSE
84614	VIR_M2	Viral-higher cytokine and innate immune regulation programme	primary_discovery_module	higher_in_viral	-1	ZBTB37		zinc finger and BTB domain containing 37		-0.656981890662719	0.015328328068605	-0.758312514780814	-0.513758949686601	Tier_2_pooled_FDR05_all_direction_concordant_one_site_FDR05	1	0.746329134489867	module_gene	unweighted_mean_z_score	bounded_abs_logFC_weighted_mean_z_score	ZBTB37	ENSG00000185278	TRUE	FALSE
847	BACT_M2	Bacterial-higher mitochondrial respiration and oxidative phosphorylation programme	primary_discovery_module	higher_in_bacterial	1	CAT		catalase		0.546611511781923	0.00338050113395296	0.220512598721183	1.03226726442018	Tier_2_pooled_FDR05_all_direction_concordant_one_site_FDR05	1	0.720636708687314	module_gene	unweighted_mean_z_score	bounded_abs_logFC_weighted_mean_z_score	CAT	ENSG00000121691	TRUE	FALSE
84851	VIR_M1a	Viral-higher broad antiviral and interferon-stimulated defence programme	primary_discovery_submodule	higher_in_viral	-1	TRIM52		tripartite motif containing 52		-0.57256438584775	0.00328043910888333	-0.69752159526813	-0.394128637494343	Tier_2_pooled_FDR05_all_direction_concordant_one_site_FDR05	1	0.575617058518695	module_gene	unweighted_mean_z_score	bounded_abs_logFC_weighted_mean_z_score	TRIM52	ENSG00000183718	TRUE	FALSE
85363	VIR_M1a	Viral-higher broad antiviral and interferon-stimulated defence programme	primary_discovery_submodule	higher_in_viral	-1	TRIM5		tripartite motif containing 5		-1.88486299329676	7.4618539988335e-17	-2.3497167861223	-1.38729003501313	Tier_1_cross_site_FDR05_direction_concordant	1	1.89491229061656	module_gene	unweighted_mean_z_score	bounded_abs_logFC_weighted_mean_z_score	TRIM5	ENSG00000132256	TRUE	FALSE
85364	VIR_M1a	Viral-higher broad antiviral and interferon-stimulated defence programme	primary_discovery_submodule	higher_in_viral	-1	ZCCHC3		zinc finger CCHC-type containing 3		-0.859164991378785	6.86437371597052e-08	-1.01969570058699	-0.752880794700155	Tier_1_cross_site_FDR05_direction_concordant	1	0.863745698027402	module_gene	unweighted_mean_z_score	bounded_abs_logFC_weighted_mean_z_score	ZCCHC3	ENSG00000247315	TRUE	FALSE
8575	VIR_M1a	Viral-higher broad antiviral and interferon-stimulated defence programme	primary_discovery_submodule	higher_in_viral	-1	PRKRA		protein activator of interferon induced protein kinase EIF2AK2		-0.54167120419611	0.00763043326525987	-0.4718508532596	-0.712178998815282	Tier_2_pooled_FDR05_all_direction_concordant_one_site_FDR05	1	0.544559167406114	module_gene	unweighted_mean_z_score	bounded_abs_logFC_weighted_mean_z_score	PRKRA	ENSG00000180228	TRUE	FALSE
8575	VIR_M2	Viral-higher cytokine and innate immune regulation programme	primary_discovery_module	higher_in_viral	-1	PRKRA		protein activator of interferon induced protein kinase EIF2AK2		-0.54167120419611	0.00763043326525987	-0.4718508532596	-0.712178998815282	Tier_2_pooled_FDR05_all_direction_concordant_one_site_FDR05	1	0.615336597174652	module_gene	unweighted_mean_z_score	bounded_abs_logFC_weighted_mean_z_score	PRKRA	ENSG00000180228	TRUE	FALSE
8638	VIR_M1a	Viral-higher broad antiviral and interferon-stimulated defence programme	primary_discovery_submodule	higher_in_viral	-1	OASL		2'-5'-oligoadenylate synthetase like		-2.24283861776891	1.15163878933828e-21	-2.49458181864464	-2.05806649167888	Tier_1_cross_site_FDR05_direction_concordant	1	2.25479649067025	module_gene	unweighted_mean_z_score	bounded_abs_logFC_weighted_mean_z_score	OASL	ENSG00000135114	TRUE	FALSE
8638	VIR_M1b	Viral-higher viral restriction and type I interferon signalling subgroup	primary_discovery_submodule	higher_in_viral	-1	OASL		2'-5'-oligoadenylate synthetase like		-2.24283861776891	1.15163878933828e-21	-2.49458181864464	-2.05806649167888	Tier_1_cross_site_FDR05_direction_concordant	1	1.5815041496689	module_gene	unweighted_mean_z_score	bounded_abs_logFC_weighted_mean_z_score	OASL	ENSG00000135114	TRUE	FALSE
8651	VIR_M2	Viral-higher cytokine and innate immune regulation programme	primary_discovery_module	higher_in_viral	-1	SOCS1		suppressor of cytokine signaling 1		-1.24589254850002	5.94296880821948e-07	-1.35814974279381	-1.26502656766866	Tier_1_cross_site_FDR05_direction_concordant	1	1.41532958610386	module_gene	unweighted_mean_z_score	bounded_abs_logFC_weighted_mean_z_score	SOCS1	ENSG00000185338	TRUE	FALSE
868	VIR_M2	Viral-higher cytokine and innate immune regulation programme	primary_discovery_module	higher_in_viral	-1	CBLB		Cbl proto-oncogene B		-0.462221706089768	0.0078469825712524	-0.0151016670467997	-1.13934894612087	Tier_2_pooled_FDR05_all_direction_concordant_one_site_FDR05	1	0.525082244657344	module_gene	unweighted_mean_z_score	bounded_abs_logFC_weighted_mean_z_score	CBLB	ENSG00000114423	TRUE	FALSE
8725	VIR_M1a	Viral-higher broad antiviral and interferon-stimulated defence programme	primary_discovery_submodule	higher_in_viral	-1	URI1		URI1 prefoldin like chaperone		-0.683932621440459	1.80228839463829e-05	-0.617993256965049	-0.868368872770176	Tier_1_cross_site_FDR05_direction_concordant	1	0.687579062738318	module_gene	unweighted_mean_z_score	bounded_abs_logFC_weighted_mean_z_score	URI1	ENSG00000105176	TRUE	FALSE
8743	VIR_M2	Viral-higher cytokine and innate immune regulation programme	primary_discovery_module	higher_in_viral	-1	TNFSF10		TNF superfamily member 10		-1.18301124793803	4.57996772986168e-14	-1.5314957852508	-0.806180662290283	Tier_1_cross_site_FDR05_direction_concordant	1	1.34389664816292	module_gene	unweighted_mean_z_score	bounded_abs_logFC_weighted_mean_z_score	TNFSF10	ENSG00000121858	TRUE	FALSE
8744	VIR_M2	Viral-higher cytokine and innate immune regulation programme	primary_discovery_module	higher_in_viral	-1	TNFSF9		TNF superfamily member 9		-0.881396029168613	0.00812434186278436	-0.912193324513491	-0.86637518703679	Tier_2_pooled_FDR05_all_direction_concordant_one_site_FDR05	1	1.00126281247823	module_gene	unweighted_mean_z_score	bounded_abs_logFC_weighted_mean_z_score	TNFSF9	ENSG00000125657	TRUE	FALSE
8763	VIR_M2	Viral-higher cytokine and innate immune regulation programme	primary_discovery_module	higher_in_viral	-1	CD164		CD164 molecule		-0.64897929869003	0.000435247837174069	-1.12320837651197	-0.0163553143638842	Tier_2_pooled_FDR05_all_direction_concordant_one_site_FDR05	1	0.737238217943252	module_gene	unweighted_mean_z_score	bounded_abs_logFC_weighted_mean_z_score	CD164	ENSG00000135535	TRUE	FALSE
8767	VIR_M1a	Viral-higher broad antiviral and interferon-stimulated defence programme	primary_discovery_submodule	higher_in_viral	-1	RIPK2		receptor interacting serine/threonine kinase 2		-0.539226011857287	0.0107626165182713	-0.920210573674718	-0.0265222704032357	Tier_2_pooled_FDR05_all_direction_concordant_one_site_FDR05	1	0.542100938329394	module_gene	unweighted_mean_z_score	bounded_abs_logFC_weighted_mean_z_score	RIPK2	ENSG00000104312	TRUE	FALSE
8767	VIR_M1b	Viral-higher viral restriction and type I interferon signalling subgroup	primary_discovery_submodule	higher_in_viral	-1	RIPK2		receptor interacting serine/threonine kinase 2		-0.539226011857287	0.0107626165182713	-0.920210573674718	-0.0265222704032357	Tier_2_pooled_FDR05_all_direction_concordant_one_site_FDR05	1	0.380227167753171	module_gene	unweighted_mean_z_score	bounded_abs_logFC_weighted_mean_z_score	RIPK2	ENSG00000104312	TRUE	FALSE
8767	VIR_M2	Viral-higher cytokine and innate immune regulation programme	primary_discovery_module	higher_in_viral	-1	RIPK2		receptor interacting serine/threonine kinase 2		-0.539226011857287	0.0107626165182713	-0.920210573674718	-0.0265222704032357	Tier_2_pooled_FDR05_all_direction_concordant_one_site_FDR05	1	0.612558867213094	module_gene	unweighted_mean_z_score	bounded_abs_logFC_weighted_mean_z_score	RIPK2	ENSG00000104312	TRUE	FALSE
9016	BACT_M2	Bacterial-higher mitochondrial respiration and oxidative phosphorylation programme	primary_discovery_module	higher_in_bacterial	1	SLC25A14		solute carrier family 25 member 14		0.532063697195929	0.00548107178909845	0.841979016765444	0.0552508071749986	Tier_2_pooled_FDR05_all_direction_concordant_one_site_FDR05	1	0.701457293333129	module_gene	unweighted_mean_z_score	bounded_abs_logFC_weighted_mean_z_score	SLC25A14	ENSG00000102078	TRUE	FALSE
9034	VIR_M2	Viral-higher cytokine and innate immune regulation programme	primary_discovery_module	higher_in_viral	-1	CCRL2		C-C motif chemokine receptor like 2		-0.970098242808075	1.14723118108945e-05	-1.55126794225397	-0.240202797187682	Tier_2_pooled_FDR05_all_direction_concordant_one_site_FDR05	1	1.10202821754304	module_gene	unweighted_mean_z_score	bounded_abs_logFC_weighted_mean_z_score	CCRL2	ENSG00000121797	TRUE	FALSE
912	VIR_M1a	Viral-higher broad antiviral and interferon-stimulated defence programme	primary_discovery_submodule	higher_in_viral	-1	CD1D		CD1d molecule		-0.981484248345787	1.27825508673964e-06	-1.29649666520326	-0.585877251039094	Tier_2_pooled_FDR05_all_direction_concordant_one_site_FDR05	1	0.986717109864848	module_gene	unweighted_mean_z_score	bounded_abs_logFC_weighted_mean_z_score	CD1D	ENSG00000158473	TRUE	FALSE
912	VIR_M2	Viral-higher cytokine and innate immune regulation programme	primary_discovery_module	higher_in_viral	-1	CD1D		CD1d molecule		-0.981484248345787	1.27825508673964e-06	-1.29649666520326	-0.585877251039094	Tier_2_pooled_FDR05_all_direction_concordant_one_site_FDR05	1	1.11496268008916	module_gene	unweighted_mean_z_score	bounded_abs_logFC_weighted_mean_z_score	CD1D	ENSG00000158473	TRUE	FALSE
91351	VIR_M1a	Viral-higher broad antiviral and interferon-stimulated defence programme	primary_discovery_submodule	higher_in_viral	-1	DDX60L		DExD/H-box 60 like		-1.20508440594436	3.42175872153614e-10	-1.8072464416292	-0.426740430057744	Tier_2_pooled_FDR05_all_direction_concordant_one_site_FDR05	1	1.21150940953022	module_gene	unweighted_mean_z_score	bounded_abs_logFC_weighted_mean_z_score	DDX60L	ENSG00000181381	TRUE	FALSE
91543	VIR_M1a	Viral-higher broad antiviral and interferon-stimulated defence programme	primary_discovery_submodule	higher_in_viral	-1	RSAD2		radical S-adenosyl methionine domain containing 2		-3.80660619529833	1.0483306591404e-25	-4.41051954754139	-3.27440570413228	Tier_1_cross_site_FDR05_direction_concordant	1	3	module_gene	unweighted_mean_z_score	bounded_abs_logFC_weighted_mean_z_score	RSAD2	ENSG00000134321	TRUE	FALSE
91543	VIR_M1b	Viral-higher viral restriction and type I interferon signalling subgroup	primary_discovery_submodule	higher_in_viral	-1	RSAD2		radical S-adenosyl methionine domain containing 2		-3.80660619529833	1.0483306591404e-25	-4.41051954754139	-3.27440570413228	Tier_1_cross_site_FDR05_direction_concordant	1	2.6841714987092	module_gene	unweighted_mean_z_score	bounded_abs_logFC_weighted_mean_z_score	RSAD2	ENSG00000134321	TRUE	FALSE
91607	VIR_M1a	Viral-higher broad antiviral and interferon-stimulated defence programme	primary_discovery_submodule	higher_in_viral	-1	SLFN11		schlafen family member 11		-0.838187565897625	5.40963762799997e-06	-0.964077731679568	-0.753924422619091	Tier_1_cross_site_FDR05_direction_concordant	1	0.842656429729861	module_gene	unweighted_mean_z_score	bounded_abs_logFC_weighted_mean_z_score	SLFN11	ENSG00000172716	TRUE	FALSE
9188	VIR_M1a	Viral-higher broad antiviral and interferon-stimulated defence programme	primary_discovery_submodule	higher_in_viral	-1	DDX21		DExD-box helicase 21		-0.529515097513435	0.0137293553459512	-0.672585123754733	-0.336375804267949	Tier_2_pooled_FDR05_all_direction_concordant_one_site_FDR05	1	0.532338249471513	module_gene	unweighted_mean_z_score	bounded_abs_logFC_weighted_mean_z_score	DDX21	ENSG00000165732	TRUE	FALSE
91942	BACT_M2	Bacterial-higher mitochondrial respiration and oxidative phosphorylation programme	primary_discovery_module	higher_in_bacterial	1	NDUFAF2		NADH:ubiquinone oxidoreductase complex assembly factor 2		0.93421758325215	0.000950076710939535	1.41038787615625	0.248037153525855	Tier_2_pooled_FDR05_all_direction_concordant_one_site_FDR05	1	1.23164527252262	module_gene	unweighted_mean_z_score	bounded_abs_logFC_weighted_mean_z_score	NDUFAF2	ENSG00000164182	TRUE	FALSE
9213	VIR_M1a	Viral-higher broad antiviral and interferon-stimulated defence programme	primary_discovery_submodule	higher_in_viral	-1	XPR1		xenotropic and polytropic retrovirus receptor 1		-0.682320583207696	0.0257651063791222	-1.05002497553042	-0.209783889288482	Tier_2_pooled_FDR05_all_direction_concordant_one_site_FDR05	1	0.685958429795197	module_gene	unweighted_mean_z_score	bounded_abs_logFC_weighted_mean_z_score	XPR1	ENSG00000143324	TRUE	FALSE
9246	VIR_M1a	Viral-higher broad antiviral and interferon-stimulated defence programme	primary_discovery_submodule	higher_in_viral	-1	UBE2L6		ubiquitin conjugating enzyme E2 L6		-0.757252367821986	4.28391574109683e-05	-0.967947796084671	-0.558408209040906	Tier_2_pooled_FDR05_all_direction_concordant_one_site_FDR05	1	0.761289719193108	module_gene	unweighted_mean_z_score	bounded_abs_logFC_weighted_mean_z_score	UBE2L6	ENSG00000156587	TRUE	FALSE
9258	VIR_M1a	Viral-higher broad antiviral and interferon-stimulated defence programme	primary_discovery_submodule	higher_in_viral	-1	MFHAS1		multifunctional ROCO family signaling regulator 1		-0.865553352875447	6.32727200539956e-05	-0.710315512082058	-1.17763331839123	Tier_1_cross_site_FDR05_direction_concordant	1	0.870168119582697	module_gene	unweighted_mean_z_score	bounded_abs_logFC_weighted_mean_z_score	MFHAS1	ENSG00000147324	TRUE	FALSE
9258	VIR_M1a	Viral-higher broad antiviral and interferon-stimulated defence programme	primary_discovery_submodule	higher_in_viral	-1	MFHAS1		multifunctional ROCO family signaling regulator 1		-0.865553352875447	6.32727200539956e-05	-0.710315512082058	-1.17763331839123	Tier_1_cross_site_FDR05_direction_concordant	1	0.870168119582697	module_gene	unweighted_mean_z_score	bounded_abs_logFC_weighted_mean_z_score	MFHAS1	ENSG00000285022	FALSE	FALSE
9349	BACT_M1	Bacterial-higher cytoplasmic translation and ribosomal protein programme	primary_discovery_module	higher_in_bacterial	1	RPL23		ribosomal protein L23		0.827962621973926	3.7390044691387e-07	1.26006602138652	0.247957375371383	Tier_2_pooled_FDR05_all_direction_concordant_one_site_FDR05	1	1.04726859927449	module_gene	unweighted_mean_z_score	bounded_abs_logFC_weighted_mean_z_score	RPL23	ENSG00000125691	TRUE	FALSE
941	VIR_M2	Viral-higher cytokine and innate immune regulation programme	primary_discovery_module	higher_in_viral	-1	CD80		CD80 molecule		-1.75589251777606	1.21924169015715e-07	-2.12997760165327	-1.19954508106016	Tier_1_cross_site_FDR05_direction_concordant	1	1.99468777096295	module_gene	unweighted_mean_z_score	bounded_abs_logFC_weighted_mean_z_score	CD80	ENSG00000121594	TRUE	FALSE
944	VIR_M2	Viral-higher cytokine and innate immune regulation programme	primary_discovery_module	higher_in_viral	-1	TNFSF8		TNF superfamily member 8		-1.01647312498208	7.49071899765503e-11	-1.06604324035606	-1.0337875621649	Tier_1_cross_site_FDR05_direction_concordant	1	1.15470992181358	module_gene	unweighted_mean_z_score	bounded_abs_logFC_weighted_mean_z_score	TNFSF8	ENSG00000106952	TRUE	FALSE
9551	BACT_M2	Bacterial-higher mitochondrial respiration and oxidative phosphorylation programme	primary_discovery_module	higher_in_bacterial	1	ATP5MF		ATP synthase membrane subunit f		0.902637706698252	3.36721317372946e-09	0.898902675239108	0.948244177526573	Tier_1_cross_site_FDR05_direction_concordant	1	1.19001128236686	module_gene	unweighted_mean_z_score	bounded_abs_logFC_weighted_mean_z_score	ATP5MF	ENSG00000241468	TRUE	FALSE
958	VIR_M1a	Viral-higher broad antiviral and interferon-stimulated defence programme	primary_discovery_submodule	higher_in_viral	-1	CD40		CD40 molecule		-0.363037368647218	0.0334038062076125	-0.328711717867559	-0.417095905370194	Tier_3_pooled_FDR05_all_direction_concordant_site_nominal_or_weaker	1	0.364972931321379	module_gene	unweighted_mean_z_score	bounded_abs_logFC_weighted_mean_z_score	CD40	ENSG00000101017	TRUE	FALSE
9582	VIR_M1a	Viral-higher broad antiviral and interferon-stimulated defence programme	primary_discovery_submodule	higher_in_viral	-1	APOBEC3B		apolipoprotein B mRNA editing enzyme catalytic subunit 3B		-0.726831203075113	2.62423552930602e-06	-0.90862451247626	-0.497764403004549	Tier_1_cross_site_FDR05_direction_concordant	1	0.730706361581055	module_gene	unweighted_mean_z_score	bounded_abs_logFC_weighted_mean_z_score	APOBEC3B	ENSG00000179750	TRUE	FALSE
9618	VIR_M1a	Viral-higher broad antiviral and interferon-stimulated defence programme	primary_discovery_submodule	higher_in_viral	-1	TRAF4		TNF receptor associated factor 4		-1.07303504019453	4.33763921150778e-06	-0.634589091119114	-1.81701025930902	Tier_1_cross_site_FDR05_direction_concordant	1	1.07875601205924	module_gene	unweighted_mean_z_score	bounded_abs_logFC_weighted_mean_z_score	TRAF4	ENSG00000076604	TRUE	FALSE
9636	VIR_M1a	Viral-higher broad antiviral and interferon-stimulated defence programme	primary_discovery_submodule	higher_in_viral	-1	ISG15		ISG15 ubiquitin like modifier		-2.99808310131564	2.72578251294685e-21	-3.45093016124712	-2.58393731392258	Tier_1_cross_site_FDR05_direction_concordant	1	3	module_gene	unweighted_mean_z_score	bounded_abs_logFC_weighted_mean_z_score	ISG15	ENSG00000187608	TRUE	FALSE
9636	VIR_M1b	Viral-higher viral restriction and type I interferon signalling subgroup	primary_discovery_submodule	higher_in_viral	-1	ISG15		ISG15 ubiquitin like modifier		-2.99808310131564	2.72578251294685e-21	-3.45093016124712	-2.58393731392258	Tier_1_cross_site_FDR05_direction_concordant	1	2.11405351603029	module_gene	unweighted_mean_z_score	bounded_abs_logFC_weighted_mean_z_score	ISG15	ENSG00000187608	TRUE	FALSE
9782	VIR_M1a	Viral-higher broad antiviral and interferon-stimulated defence programme	primary_discovery_submodule	higher_in_viral	-1	MATR3		matrin 3		-0.647173118817561	0.0016272885662744	-0.77665265904367	-0.564541945309384	Tier_2_pooled_FDR05_all_direction_concordant_one_site_FDR05	1	0.650623573896529	module_gene	unweighted_mean_z_score	bounded_abs_logFC_weighted_mean_z_score	MATR3	ENSG00000015479	TRUE	FALSE
9782	VIR_M1a	Viral-higher broad antiviral and interferon-stimulated defence programme	primary_discovery_submodule	higher_in_viral	-1	MATR3		matrin 3		-0.647173118817561	0.0016272885662744	-0.77665265904367	-0.564541945309384	Tier_2_pooled_FDR05_all_direction_concordant_one_site_FDR05	1	0.650623573896529	module_gene	unweighted_mean_z_score	bounded_abs_logFC_weighted_mean_z_score	MATR3	ENSG00000280987	TRUE	FALSE
9830	VIR_M1a	Viral-higher broad antiviral and interferon-stimulated defence programme	primary_discovery_submodule	higher_in_viral	-1	TRIM14		tripartite motif containing 14		-1.46660526369234	1.19394520394327e-21	-1.88905275774461	-0.969872702068117	Tier_1_cross_site_FDR05_direction_concordant	1	1.47442458658108	module_gene	unweighted_mean_z_score	bounded_abs_logFC_weighted_mean_z_score	TRIM14	ENSG00000106785	TRUE	FALSE
9868	VIR_M1b	Viral-higher viral restriction and type I interferon signalling subgroup	primary_discovery_submodule	higher_in_viral	-1	TOMM70		translocase of outer mitochondrial membrane 70		-0.46613877475466	0.00682407688547245	-0.424394903810081	-0.607638156296022	Tier_2_pooled_FDR05_all_direction_concordant_one_site_FDR05	1	0.328690794226385	module_gene	unweighted_mean_z_score	bounded_abs_logFC_weighted_mean_z_score	TOMM70	ENSG00000154174	TRUE	FALSE
9880	VIR_M2	Viral-higher cytokine and innate immune regulation programme	primary_discovery_module	higher_in_viral	-1	ZBTB39		zinc finger and BTB domain containing 39		-1.24519999481426	2.35045153265114e-06	-1.46046845184712	-1.14481914738737	Tier_1_cross_site_FDR05_direction_concordant	1	1.41454284753431	module_gene	unweighted_mean_z_score	bounded_abs_logFC_weighted_mean_z_score	ZBTB39	ENSG00000166860	TRUE	FALSE
9908	VIR_M1a	Viral-higher broad antiviral and interferon-stimulated defence programme	primary_discovery_submodule	higher_in_viral	-1	G3BP2		G3BP stress granule assembly factor 2		-0.441023483149186	0.0194777740660047	-0.628476245058471	-0.265420579426172	Tier_2_pooled_FDR05_all_direction_concordant_one_site_FDR05	1	0.443374835010271	module_gene	unweighted_mean_z_score	bounded_abs_logFC_weighted_mean_z_score	G3BP2	ENSG00000138757	TRUE	FALSE
9966	VIR_M2	Viral-higher cytokine and innate immune regulation programme	primary_discovery_module	higher_in_viral	-1	TNFSF15		TNF superfamily member 15		-0.716759996280978	0.000262453085271329	-0.80175925742058	-0.633899461201398	Tier_2_pooled_FDR05_all_direction_concordant_one_site_FDR05	1	0.814236853806933	module_gene	unweighted_mean_z_score	bounded_abs_logFC_weighted_mean_z_score	TNFSF15	ENSG00000181634	TRUE	FALSE
