title	geo_accession	status	submission_date	last_update_date	type	channel_count	source_name_ch1	organism_ch1	characteristics_ch1	molecule_ch1	extract_protocol_ch1	taxid_ch1	data_processing	platform_id	contact_name	contact_email	contact_department	contact_institute	contact_address	contact_city	contact_state	contact_zip/postal_code	contact_country	data_row_count	instrument_model	library_selection	library_source	library_strategy	relation	supplementary_file_1
Sample 1_Paediatric pneumonia_1	GSM8144988	Public on Dec 09 2024	Mar 13 2024	Dec 09 2024	SRA	1	Whole blood	Homo sapiens	condition: Pneumonia	total RNA	The Illumina’s TruSeq RNA Sample Preparation Kit was used for library preparation, and ribosomal and globin RNA depletion was performed using the Illumina® Ribo-Zero Gold kit	9606	Supplementary files format and content: Coma-delimited excell file with normalized counts (Normalized_data.csv)	GPL20301	Alberto,,Gómez-Carballa	ksl8tr@gmail.com	Pediatrics	GENVIP research group	Choupana sn	Santiago de Compostela	A coruña	15706	Spain	0	Illumina HiSeq 4000	cDNA	transcriptomic	RNA-Seq	SRA: https://www.ncbi.nlm.nih.gov/sra?term=SRX23938530	NONE
Sample 2_Paediatric pneumonia_2	GSM8144989	Public on Dec 09 2024	Mar 13 2024	Dec 09 2024	SRA	1	Whole blood	Homo sapiens	condition: Pneumonia	total RNA	The Illumina’s TruSeq RNA Sample Preparation Kit was used for library preparation, and ribosomal and globin RNA depletion was performed using the Illumina® Ribo-Zero Gold kit	9606	Supplementary files format and content: Coma-delimited excell file with normalized counts (Normalized_data.csv)	GPL20301	Alberto,,Gómez-Carballa	ksl8tr@gmail.com	Pediatrics	GENVIP research group	Choupana sn	Santiago de Compostela	A coruña	15706	Spain	0	Illumina HiSeq 4000	cDNA	transcriptomic	RNA-Seq	SRA: https://www.ncbi.nlm.nih.gov/sra?term=SRX23938531	NONE
Sample 3_Paediatric pneumonia_3	GSM8144990	Public on Dec 09 2024	Mar 13 2024	Dec 09 2024	SRA	1	Whole blood	Homo sapiens	condition: Pneumonia	total RNA	The Illumina’s TruSeq RNA Sample Preparation Kit was used for library preparation, and ribosomal and globin RNA depletion was performed using the Illumina® Ribo-Zero Gold kit	9606	Supplementary files format and content: Coma-delimited excell file with normalized counts (Normalized_data.csv)	GPL20301	Alberto,,Gómez-Carballa	ksl8tr@gmail.com	Pediatrics	GENVIP research group	Choupana sn	Santiago de Compostela	A coruña	15706	Spain	0	Illumina HiSeq 4000	cDNA	transcriptomic	RNA-Seq	SRA: https://www.ncbi.nlm.nih.gov/sra?term=SRX23938532	NONE
Sample 4_Paediatric pneumonia_4	GSM8144991	Public on Dec 09 2024	Mar 13 2024	Dec 09 2024	SRA	1	Whole blood	Homo sapiens	condition: Pneumonia	total RNA	The Illumina’s TruSeq RNA Sample Preparation Kit was used for library preparation, and ribosomal and globin RNA depletion was performed using the Illumina® Ribo-Zero Gold kit	9606	Supplementary files format and content: Coma-delimited excell file with normalized counts (Normalized_data.csv)	GPL20301	Alberto,,Gómez-Carballa	ksl8tr@gmail.com	Pediatrics	GENVIP research group	Choupana sn	Santiago de Compostela	A coruña	15706	Spain	0	Illumina HiSeq 4000	cDNA	transcriptomic	RNA-Seq	SRA: https://www.ncbi.nlm.nih.gov/sra?term=SRX23938533	NONE
Sample 5_Paediatric pneumonia_5	GSM8144992	Public on Dec 09 2024	Mar 13 2024	Dec 09 2024	SRA	1	Whole blood	Homo sapiens	condition: Pneumonia	total RNA	The Illumina’s TruSeq RNA Sample Preparation Kit was used for library preparation, and ribosomal and globin RNA depletion was performed using the Illumina® Ribo-Zero Gold kit	9606	Supplementary files format and content: Coma-delimited excell file with normalized counts (Normalized_data.csv)	GPL20301	Alberto,,Gómez-Carballa	ksl8tr@gmail.com	Pediatrics	GENVIP research group	Choupana sn	Santiago de Compostela	A coruña	15706	Spain	0	Illumina HiSeq 4000	cDNA	transcriptomic	RNA-Seq	SRA: https://www.ncbi.nlm.nih.gov/sra?term=SRX23938534	NONE
Sample 6_Paediatric pneumonia_6	GSM8144993	Public on Dec 09 2024	Mar 13 2024	Dec 09 2024	SRA	1	Whole blood	Homo sapiens	condition: Pneumonia	total RNA	The Illumina’s TruSeq RNA Sample Preparation Kit was used for library preparation, and ribosomal and globin RNA depletion was performed using the Illumina® Ribo-Zero Gold kit	9606	Supplementary files format and content: Coma-delimited excell file with normalized counts (Normalized_data.csv)	GPL20301	Alberto,,Gómez-Carballa	ksl8tr@gmail.com	Pediatrics	GENVIP research group	Choupana sn	Santiago de Compostela	A coruña	15706	Spain	0	Illumina HiSeq 4000	cDNA	transcriptomic	RNA-Seq	SRA: https://www.ncbi.nlm.nih.gov/sra?term=SRX23938535	NONE
Sample 7_Paediatric pneumonia_7	GSM8144994	Public on Dec 09 2024	Mar 13 2024	Dec 09 2024	SRA	1	Whole blood	Homo sapiens	condition: Pneumonia	total RNA	The Illumina’s TruSeq RNA Sample Preparation Kit was used for library preparation, and ribosomal and globin RNA depletion was performed using the Illumina® Ribo-Zero Gold kit	9606	Supplementary files format and content: Coma-delimited excell file with normalized counts (Normalized_data.csv)	GPL20301	Alberto,,Gómez-Carballa	ksl8tr@gmail.com	Pediatrics	GENVIP research group	Choupana sn	Santiago de Compostela	A coruña	15706	Spain	0	Illumina HiSeq 4000	cDNA	transcriptomic	RNA-Seq	SRA: https://www.ncbi.nlm.nih.gov/sra?term=SRX23938536	NONE
Sample 8_Paediatric pneumonia_8	GSM8144995	Public on Dec 09 2024	Mar 13 2024	Dec 09 2024	SRA	1	Whole blood	Homo sapiens	condition: Pneumonia	total RNA	The Illumina’s TruSeq RNA Sample Preparation Kit was used for library preparation, and ribosomal and globin RNA depletion was performed using the Illumina® Ribo-Zero Gold kit	9606	Supplementary files format and content: Coma-delimited excell file with normalized counts (Normalized_data.csv)	GPL20301	Alberto,,Gómez-Carballa	ksl8tr@gmail.com	Pediatrics	GENVIP research group	Choupana sn	Santiago de Compostela	A coruña	15706	Spain	0	Illumina HiSeq 4000	cDNA	transcriptomic	RNA-Seq	SRA: https://www.ncbi.nlm.nih.gov/sra?term=SRX23938537	NONE
Sample 9_Paediatric pneumonia_9	GSM8144996	Public on Dec 09 2024	Mar 13 2024	Dec 09 2024	SRA	1	Whole blood	Homo sapiens	condition: Pneumonia	total RNA	The Illumina’s TruSeq RNA Sample Preparation Kit was used for library preparation, and ribosomal and globin RNA depletion was performed using the Illumina® Ribo-Zero Gold kit	9606	Supplementary files format and content: Coma-delimited excell file with normalized counts (Normalized_data.csv)	GPL20301	Alberto,,Gómez-Carballa	ksl8tr@gmail.com	Pediatrics	GENVIP research group	Choupana sn	Santiago de Compostela	A coruña	15706	Spain	0	Illumina HiSeq 4000	cDNA	transcriptomic	RNA-Seq	SRA: https://www.ncbi.nlm.nih.gov/sra?term=SRX23938538	NONE
Sample 10_Paediatric pneumonia_10	GSM8144997	Public on Dec 09 2024	Mar 13 2024	Dec 09 2024	SRA	1	Whole blood	Homo sapiens	condition: Pneumonia	total RNA	The Illumina’s TruSeq RNA Sample Preparation Kit was used for library preparation, and ribosomal and globin RNA depletion was performed using the Illumina® Ribo-Zero Gold kit	9606	Supplementary files format and content: Coma-delimited excell file with normalized counts (Normalized_data.csv)	GPL20301	Alberto,,Gómez-Carballa	ksl8tr@gmail.com	Pediatrics	GENVIP research group	Choupana sn	Santiago de Compostela	A coruña	15706	Spain	0	Illumina HiSeq 4000	cDNA	transcriptomic	RNA-Seq	SRA: https://www.ncbi.nlm.nih.gov/sra?term=SRX23938539	NONE
Sample 11_Paediatric pneumonia_11	GSM8144998	Public on Dec 09 2024	Mar 13 2024	Dec 09 2024	SRA	1	Whole blood	Homo sapiens	condition: Pneumonia	total RNA	The Illumina’s TruSeq RNA Sample Preparation Kit was used for library preparation, and ribosomal and globin RNA depletion was performed using the Illumina® Ribo-Zero Gold kit	9606	Supplementary files format and content: Coma-delimited excell file with normalized counts (Normalized_data.csv)	GPL20301	Alberto,,Gómez-Carballa	ksl8tr@gmail.com	Pediatrics	GENVIP research group	Choupana sn	Santiago de Compostela	A coruña	15706	Spain	0	Illumina HiSeq 4000	cDNA	transcriptomic	RNA-Seq	SRA: https://www.ncbi.nlm.nih.gov/sra?term=SRX23938540	NONE
Sample 12_Paediatric pneumonia_12	GSM8144999	Public on Dec 09 2024	Mar 13 2024	Dec 09 2024	SRA	1	Whole blood	Homo sapiens	condition: Pneumonia	total RNA	The Illumina’s TruSeq RNA Sample Preparation Kit was used for library preparation, and ribosomal and globin RNA depletion was performed using the Illumina® Ribo-Zero Gold kit	9606	Supplementary files format and content: Coma-delimited excell file with normalized counts (Normalized_data.csv)	GPL20301	Alberto,,Gómez-Carballa	ksl8tr@gmail.com	Pediatrics	GENVIP research group	Choupana sn	Santiago de Compostela	A coruña	15706	Spain	0	Illumina HiSeq 4000	cDNA	transcriptomic	RNA-Seq	SRA: https://www.ncbi.nlm.nih.gov/sra?term=SRX23938541	NONE
Sample 13_Paediatric pneumonia_13	GSM8145000	Public on Dec 09 2024	Mar 13 2024	Dec 09 2024	SRA	1	Whole blood	Homo sapiens	condition: Pneumonia	total RNA	The Illumina’s TruSeq RNA Sample Preparation Kit was used for library preparation, and ribosomal and globin RNA depletion was performed using the Illumina® Ribo-Zero Gold kit	9606	Supplementary files format and content: Coma-delimited excell file with normalized counts (Normalized_data.csv)	GPL20301	Alberto,,Gómez-Carballa	ksl8tr@gmail.com	Pediatrics	GENVIP research group	Choupana sn	Santiago de Compostela	A coruña	15706	Spain	0	Illumina HiSeq 4000	cDNA	transcriptomic	RNA-Seq	SRA: https://www.ncbi.nlm.nih.gov/sra?term=SRX23938542	NONE
Sample 14_Paediatric pneumonia_14	GSM8145001	Public on Dec 09 2024	Mar 13 2024	Dec 09 2024	SRA	1	Whole blood	Homo sapiens	condition: Pneumonia	total RNA	The Illumina’s TruSeq RNA Sample Preparation Kit was used for library preparation, and ribosomal and globin RNA depletion was performed using the Illumina® Ribo-Zero Gold kit	9606	Supplementary files format and content: Coma-delimited excell file with normalized counts (Normalized_data.csv)	GPL20301	Alberto,,Gómez-Carballa	ksl8tr@gmail.com	Pediatrics	GENVIP research group	Choupana sn	Santiago de Compostela	A coruña	15706	Spain	0	Illumina HiSeq 4000	cDNA	transcriptomic	RNA-Seq	SRA: https://www.ncbi.nlm.nih.gov/sra?term=SRX23938543	NONE
Sample 15_Paediatric pneumonia_15	GSM8145002	Public on Dec 09 2024	Mar 13 2024	Dec 09 2024	SRA	1	Whole blood	Homo sapiens	condition: Pneumonia	total RNA	The Illumina’s TruSeq RNA Sample Preparation Kit was used for library preparation, and ribosomal and globin RNA depletion was performed using the Illumina® Ribo-Zero Gold kit	9606	Supplementary files format and content: Coma-delimited excell file with normalized counts (Normalized_data.csv)	GPL20301	Alberto,,Gómez-Carballa	ksl8tr@gmail.com	Pediatrics	GENVIP research group	Choupana sn	Santiago de Compostela	A coruña	15706	Spain	0	Illumina HiSeq 4000	cDNA	transcriptomic	RNA-Seq	SRA: https://www.ncbi.nlm.nih.gov/sra?term=SRX23938544	NONE
Sample 16_Paediatric pneumonia_16	GSM8145003	Public on Dec 09 2024	Mar 13 2024	Dec 09 2024	SRA	1	Whole blood	Homo sapiens	condition: Pneumonia	total RNA	The Illumina’s TruSeq RNA Sample Preparation Kit was used for library preparation, and ribosomal and globin RNA depletion was performed using the Illumina® Ribo-Zero Gold kit	9606	Supplementary files format and content: Coma-delimited excell file with normalized counts (Normalized_data.csv)	GPL20301	Alberto,,Gómez-Carballa	ksl8tr@gmail.com	Pediatrics	GENVIP research group	Choupana sn	Santiago de Compostela	A coruña	15706	Spain	0	Illumina HiSeq 4000	cDNA	transcriptomic	RNA-Seq	SRA: https://www.ncbi.nlm.nih.gov/sra?term=SRX23938545	NONE
Sample 17_Paediatric pneumonia_17	GSM8145004	Public on Dec 09 2024	Mar 13 2024	Dec 09 2024	SRA	1	Whole blood	Homo sapiens	condition: Pneumonia	total RNA	The Illumina’s TruSeq RNA Sample Preparation Kit was used for library preparation, and ribosomal and globin RNA depletion was performed using the Illumina® Ribo-Zero Gold kit	9606	Supplementary files format and content: Coma-delimited excell file with normalized counts (Normalized_data.csv)	GPL20301	Alberto,,Gómez-Carballa	ksl8tr@gmail.com	Pediatrics	GENVIP research group	Choupana sn	Santiago de Compostela	A coruña	15706	Spain	0	Illumina HiSeq 4000	cDNA	transcriptomic	RNA-Seq	SRA: https://www.ncbi.nlm.nih.gov/sra?term=SRX23938546	NONE
Sample 18_Paediatric pneumonia_18	GSM8145005	Public on Dec 09 2024	Mar 13 2024	Dec 09 2024	SRA	1	Whole blood	Homo sapiens	condition: Pneumonia	total RNA	The Illumina’s TruSeq RNA Sample Preparation Kit was used for library preparation, and ribosomal and globin RNA depletion was performed using the Illumina® Ribo-Zero Gold kit	9606	Supplementary files format and content: Coma-delimited excell file with normalized counts (Normalized_data.csv)	GPL20301	Alberto,,Gómez-Carballa	ksl8tr@gmail.com	Pediatrics	GENVIP research group	Choupana sn	Santiago de Compostela	A coruña	15706	Spain	0	Illumina HiSeq 4000	cDNA	transcriptomic	RNA-Seq	SRA: https://www.ncbi.nlm.nih.gov/sra?term=SRX23938547	NONE
Sample 19_Paediatric pneumonia_19	GSM8145006	Public on Dec 09 2024	Mar 13 2024	Dec 09 2024	SRA	1	Whole blood	Homo sapiens	condition: Pneumonia	total RNA	The Illumina’s TruSeq RNA Sample Preparation Kit was used for library preparation, and ribosomal and globin RNA depletion was performed using the Illumina® Ribo-Zero Gold kit	9606	Supplementary files format and content: Coma-delimited excell file with normalized counts (Normalized_data.csv)	GPL20301	Alberto,,Gómez-Carballa	ksl8tr@gmail.com	Pediatrics	GENVIP research group	Choupana sn	Santiago de Compostela	A coruña	15706	Spain	0	Illumina HiSeq 4000	cDNA	transcriptomic	RNA-Seq	SRA: https://www.ncbi.nlm.nih.gov/sra?term=SRX23938548	NONE
Sample 20_Paediatric pneumonia_20	GSM8145007	Public on Dec 09 2024	Mar 13 2024	Dec 09 2024	SRA	1	Whole blood	Homo sapiens	condition: Pneumonia	total RNA	The Illumina’s TruSeq RNA Sample Preparation Kit was used for library preparation, and ribosomal and globin RNA depletion was performed using the Illumina® Ribo-Zero Gold kit	9606	Supplementary files format and content: Coma-delimited excell file with normalized counts (Normalized_data.csv)	GPL20301	Alberto,,Gómez-Carballa	ksl8tr@gmail.com	Pediatrics	GENVIP research group	Choupana sn	Santiago de Compostela	A coruña	15706	Spain	0	Illumina HiSeq 4000	cDNA	transcriptomic	RNA-Seq	SRA: https://www.ncbi.nlm.nih.gov/sra?term=SRX23938549	NONE
Sample 21_Paediatric pneumonia_21	GSM8145008	Public on Dec 09 2024	Mar 13 2024	Dec 09 2024	SRA	1	Whole blood	Homo sapiens	condition: Pneumonia	total RNA	The Illumina’s TruSeq RNA Sample Preparation Kit was used for library preparation, and ribosomal and globin RNA depletion was performed using the Illumina® Ribo-Zero Gold kit	9606	Supplementary files format and content: Coma-delimited excell file with normalized counts (Normalized_data.csv)	GPL20301	Alberto,,Gómez-Carballa	ksl8tr@gmail.com	Pediatrics	GENVIP research group	Choupana sn	Santiago de Compostela	A coruña	15706	Spain	0	Illumina HiSeq 4000	cDNA	transcriptomic	RNA-Seq	SRA: https://www.ncbi.nlm.nih.gov/sra?term=SRX23938550	NONE
Sample 22_Paediatric pneumonia_22	GSM8145009	Public on Dec 09 2024	Mar 13 2024	Dec 09 2024	SRA	1	Whole blood	Homo sapiens	condition: Pneumonia	total RNA	The Illumina’s TruSeq RNA Sample Preparation Kit was used for library preparation, and ribosomal and globin RNA depletion was performed using the Illumina® Ribo-Zero Gold kit	9606	Supplementary files format and content: Coma-delimited excell file with normalized counts (Normalized_data.csv)	GPL20301	Alberto,,Gómez-Carballa	ksl8tr@gmail.com	Pediatrics	GENVIP research group	Choupana sn	Santiago de Compostela	A coruña	15706	Spain	0	Illumina HiSeq 4000	cDNA	transcriptomic	RNA-Seq	SRA: https://www.ncbi.nlm.nih.gov/sra?term=SRX23938551	NONE
Sample 23_Paediatric pneumonia_23	GSM8145010	Public on Dec 09 2024	Mar 13 2024	Dec 09 2024	SRA	1	Whole blood	Homo sapiens	condition: Pneumonia	total RNA	The Illumina’s TruSeq RNA Sample Preparation Kit was used for library preparation, and ribosomal and globin RNA depletion was performed using the Illumina® Ribo-Zero Gold kit	9606	Supplementary files format and content: Coma-delimited excell file with normalized counts (Normalized_data.csv)	GPL20301	Alberto,,Gómez-Carballa	ksl8tr@gmail.com	Pediatrics	GENVIP research group	Choupana sn	Santiago de Compostela	A coruña	15706	Spain	0	Illumina HiSeq 4000	cDNA	transcriptomic	RNA-Seq	SRA: https://www.ncbi.nlm.nih.gov/sra?term=SRX23938552	NONE
Sample 24_Paediatric pneumonia_24	GSM8145011	Public on Dec 09 2024	Mar 13 2024	Dec 09 2024	SRA	1	Whole blood	Homo sapiens	condition: Pneumonia	total RNA	The Illumina’s TruSeq RNA Sample Preparation Kit was used for library preparation, and ribosomal and globin RNA depletion was performed using the Illumina® Ribo-Zero Gold kit	9606	Supplementary files format and content: Coma-delimited excell file with normalized counts (Normalized_data.csv)	GPL20301	Alberto,,Gómez-Carballa	ksl8tr@gmail.com	Pediatrics	GENVIP research group	Choupana sn	Santiago de Compostela	A coruña	15706	Spain	0	Illumina HiSeq 4000	cDNA	transcriptomic	RNA-Seq	SRA: https://www.ncbi.nlm.nih.gov/sra?term=SRX23938553	NONE
Sample 25_Paediatric pneumonia_25	GSM8145012	Public on Dec 09 2024	Mar 13 2024	Dec 09 2024	SRA	1	Whole blood	Homo sapiens	condition: Pneumonia	total RNA	The Illumina’s TruSeq RNA Sample Preparation Kit was used for library preparation, and ribosomal and globin RNA depletion was performed using the Illumina® Ribo-Zero Gold kit	9606	Supplementary files format and content: Coma-delimited excell file with normalized counts (Normalized_data.csv)	GPL20301	Alberto,,Gómez-Carballa	ksl8tr@gmail.com	Pediatrics	GENVIP research group	Choupana sn	Santiago de Compostela	A coruña	15706	Spain	0	Illumina HiSeq 4000	cDNA	transcriptomic	RNA-Seq	SRA: https://www.ncbi.nlm.nih.gov/sra?term=SRX23938578	NONE
Sample 26_Paediatric pneumonia_26	GSM8145013	Public on Dec 09 2024	Mar 13 2024	Dec 09 2024	SRA	1	Whole blood	Homo sapiens	condition: Pneumonia	total RNA	The Illumina’s TruSeq RNA Sample Preparation Kit was used for library preparation, and ribosomal and globin RNA depletion was performed using the Illumina® Ribo-Zero Gold kit	9606	Supplementary files format and content: Coma-delimited excell file with normalized counts (Normalized_data.csv)	GPL20301	Alberto,,Gómez-Carballa	ksl8tr@gmail.com	Pediatrics	GENVIP research group	Choupana sn	Santiago de Compostela	A coruña	15706	Spain	0	Illumina HiSeq 4000	cDNA	transcriptomic	RNA-Seq	SRA: https://www.ncbi.nlm.nih.gov/sra?term=SRX23938579	NONE
Sample 27_Paediatric pneumonia_27	GSM8145014	Public on Dec 09 2024	Mar 13 2024	Dec 09 2024	SRA	1	Whole blood	Homo sapiens	condition: Pneumonia	total RNA	The Illumina’s TruSeq RNA Sample Preparation Kit was used for library preparation, and ribosomal and globin RNA depletion was performed using the Illumina® Ribo-Zero Gold kit	9606	Supplementary files format and content: Coma-delimited excell file with normalized counts (Normalized_data.csv)	GPL20301	Alberto,,Gómez-Carballa	ksl8tr@gmail.com	Pediatrics	GENVIP research group	Choupana sn	Santiago de Compostela	A coruña	15706	Spain	0	Illumina HiSeq 4000	cDNA	transcriptomic	RNA-Seq	SRA: https://www.ncbi.nlm.nih.gov/sra?term=SRX23938580	NONE
Sample 28_Paediatric pneumonia_28	GSM8145015	Public on Dec 09 2024	Mar 13 2024	Dec 09 2024	SRA	1	Whole blood	Homo sapiens	condition: Pneumonia	total RNA	The Illumina’s TruSeq RNA Sample Preparation Kit was used for library preparation, and ribosomal and globin RNA depletion was performed using the Illumina® Ribo-Zero Gold kit	9606	Supplementary files format and content: Coma-delimited excell file with normalized counts (Normalized_data.csv)	GPL20301	Alberto,,Gómez-Carballa	ksl8tr@gmail.com	Pediatrics	GENVIP research group	Choupana sn	Santiago de Compostela	A coruña	15706	Spain	0	Illumina HiSeq 4000	cDNA	transcriptomic	RNA-Seq	SRA: https://www.ncbi.nlm.nih.gov/sra?term=SRX23938581	NONE
Sample 29_Paediatric pneumonia_29	GSM8145016	Public on Dec 09 2024	Mar 13 2024	Dec 09 2024	SRA	1	Whole blood	Homo sapiens	condition: Pneumonia	total RNA	The Illumina’s TruSeq RNA Sample Preparation Kit was used for library preparation, and ribosomal and globin RNA depletion was performed using the Illumina® Ribo-Zero Gold kit	9606	Supplementary files format and content: Coma-delimited excell file with normalized counts (Normalized_data.csv)	GPL20301	Alberto,,Gómez-Carballa	ksl8tr@gmail.com	Pediatrics	GENVIP research group	Choupana sn	Santiago de Compostela	A coruña	15706	Spain	0	Illumina HiSeq 4000	cDNA	transcriptomic	RNA-Seq	SRA: https://www.ncbi.nlm.nih.gov/sra?term=SRX23938582	NONE
Sample 30_Paediatric pneumonia_30	GSM8145017	Public on Dec 09 2024	Mar 13 2024	Dec 09 2024	SRA	1	Whole blood	Homo sapiens	condition: Pneumonia	total RNA	The Illumina’s TruSeq RNA Sample Preparation Kit was used for library preparation, and ribosomal and globin RNA depletion was performed using the Illumina® Ribo-Zero Gold kit	9606	Supplementary files format and content: Coma-delimited excell file with normalized counts (Normalized_data.csv)	GPL20301	Alberto,,Gómez-Carballa	ksl8tr@gmail.com	Pediatrics	GENVIP research group	Choupana sn	Santiago de Compostela	A coruña	15706	Spain	0	Illumina HiSeq 4000	cDNA	transcriptomic	RNA-Seq	SRA: https://www.ncbi.nlm.nih.gov/sra?term=SRX23938583	NONE
Sample 31_Paediatric pneumonia_31	GSM8145018	Public on Dec 09 2024	Mar 13 2024	Dec 09 2024	SRA	1	Whole blood	Homo sapiens	condition: Pneumonia	total RNA	The Illumina’s TruSeq RNA Sample Preparation Kit was used for library preparation, and ribosomal and globin RNA depletion was performed using the Illumina® Ribo-Zero Gold kit	9606	Supplementary files format and content: Coma-delimited excell file with normalized counts (Normalized_data.csv)	GPL20301	Alberto,,Gómez-Carballa	ksl8tr@gmail.com	Pediatrics	GENVIP research group	Choupana sn	Santiago de Compostela	A coruña	15706	Spain	0	Illumina HiSeq 4000	cDNA	transcriptomic	RNA-Seq	SRA: https://www.ncbi.nlm.nih.gov/sra?term=SRX23938584	NONE
Sample 32_Paediatric pneumonia_32	GSM8145019	Public on Dec 09 2024	Mar 13 2024	Dec 09 2024	SRA	1	Whole blood	Homo sapiens	condition: Pneumonia	total RNA	The Illumina’s TruSeq RNA Sample Preparation Kit was used for library preparation, and ribosomal and globin RNA depletion was performed using the Illumina® Ribo-Zero Gold kit	9606	Supplementary files format and content: Coma-delimited excell file with normalized counts (Normalized_data.csv)	GPL20301	Alberto,,Gómez-Carballa	ksl8tr@gmail.com	Pediatrics	GENVIP research group	Choupana sn	Santiago de Compostela	A coruña	15706	Spain	0	Illumina HiSeq 4000	cDNA	transcriptomic	RNA-Seq	SRA: https://www.ncbi.nlm.nih.gov/sra?term=SRX23938585	NONE
Sample 33_Paediatric pneumonia_33	GSM8145020	Public on Dec 09 2024	Mar 13 2024	Dec 09 2024	SRA	1	Whole blood	Homo sapiens	condition: Pneumonia	total RNA	The Illumina’s TruSeq RNA Sample Preparation Kit was used for library preparation, and ribosomal and globin RNA depletion was performed using the Illumina® Ribo-Zero Gold kit	9606	Supplementary files format and content: Coma-delimited excell file with normalized counts (Normalized_data.csv)	GPL20301	Alberto,,Gómez-Carballa	ksl8tr@gmail.com	Pediatrics	GENVIP research group	Choupana sn	Santiago de Compostela	A coruña	15706	Spain	0	Illumina HiSeq 4000	cDNA	transcriptomic	RNA-Seq	SRA: https://www.ncbi.nlm.nih.gov/sra?term=SRX23938586	NONE
Sample 34_Paediatric pneumonia_34	GSM8145021	Public on Dec 09 2024	Mar 13 2024	Dec 09 2024	SRA	1	Whole blood	Homo sapiens	condition: Pneumonia	total RNA	The Illumina’s TruSeq RNA Sample Preparation Kit was used for library preparation, and ribosomal and globin RNA depletion was performed using the Illumina® Ribo-Zero Gold kit	9606	Supplementary files format and content: Coma-delimited excell file with normalized counts (Normalized_data.csv)	GPL20301	Alberto,,Gómez-Carballa	ksl8tr@gmail.com	Pediatrics	GENVIP research group	Choupana sn	Santiago de Compostela	A coruña	15706	Spain	0	Illumina HiSeq 4000	cDNA	transcriptomic	RNA-Seq	SRA: https://www.ncbi.nlm.nih.gov/sra?term=SRX23938587	NONE
Sample 35_Paediatric pneumonia_35	GSM8145022	Public on Dec 09 2024	Mar 13 2024	Dec 09 2024	SRA	1	Whole blood	Homo sapiens	condition: Pneumonia	total RNA	The Illumina’s TruSeq RNA Sample Preparation Kit was used for library preparation, and ribosomal and globin RNA depletion was performed using the Illumina® Ribo-Zero Gold kit	9606	Supplementary files format and content: Coma-delimited excell file with normalized counts (Normalized_data.csv)	GPL20301	Alberto,,Gómez-Carballa	ksl8tr@gmail.com	Pediatrics	GENVIP research group	Choupana sn	Santiago de Compostela	A coruña	15706	Spain	0	Illumina HiSeq 4000	cDNA	transcriptomic	RNA-Seq	SRA: https://www.ncbi.nlm.nih.gov/sra?term=SRX23938588	NONE
Sample 36_Paediatric pneumonia_36	GSM8145023	Public on Dec 09 2024	Mar 13 2024	Dec 09 2024	SRA	1	Whole blood	Homo sapiens	condition: Pneumonia	total RNA	The Illumina’s TruSeq RNA Sample Preparation Kit was used for library preparation, and ribosomal and globin RNA depletion was performed using the Illumina® Ribo-Zero Gold kit	9606	Supplementary files format and content: Coma-delimited excell file with normalized counts (Normalized_data.csv)	GPL20301	Alberto,,Gómez-Carballa	ksl8tr@gmail.com	Pediatrics	GENVIP research group	Choupana sn	Santiago de Compostela	A coruña	15706	Spain	0	Illumina HiSeq 4000	cDNA	transcriptomic	RNA-Seq	SRA: https://www.ncbi.nlm.nih.gov/sra?term=SRX23938589	NONE
Sample 37_Paediatric pneumonia_37	GSM8145024	Public on Dec 09 2024	Mar 13 2024	Dec 09 2024	SRA	1	Whole blood	Homo sapiens	condition: Pneumonia	total RNA	The Illumina’s TruSeq RNA Sample Preparation Kit was used for library preparation, and ribosomal and globin RNA depletion was performed using the Illumina® Ribo-Zero Gold kit	9606	Supplementary files format and content: Coma-delimited excell file with normalized counts (Normalized_data.csv)	GPL20301	Alberto,,Gómez-Carballa	ksl8tr@gmail.com	Pediatrics	GENVIP research group	Choupana sn	Santiago de Compostela	A coruña	15706	Spain	0	Illumina HiSeq 4000	cDNA	transcriptomic	RNA-Seq	SRA: https://www.ncbi.nlm.nih.gov/sra?term=SRX23938590	NONE
Sample 38_Paediatric pneumonia_38	GSM8145025	Public on Dec 09 2024	Mar 13 2024	Dec 09 2024	SRA	1	Whole blood	Homo sapiens	condition: Pneumonia	total RNA	The Illumina’s TruSeq RNA Sample Preparation Kit was used for library preparation, and ribosomal and globin RNA depletion was performed using the Illumina® Ribo-Zero Gold kit	9606	Supplementary files format and content: Coma-delimited excell file with normalized counts (Normalized_data.csv)	GPL20301	Alberto,,Gómez-Carballa	ksl8tr@gmail.com	Pediatrics	GENVIP research group	Choupana sn	Santiago de Compostela	A coruña	15706	Spain	0	Illumina HiSeq 4000	cDNA	transcriptomic	RNA-Seq	SRA: https://www.ncbi.nlm.nih.gov/sra?term=SRX23938591	NONE
Sample 39_Paediatric pneumonia_39	GSM8145026	Public on Dec 09 2024	Mar 13 2024	Dec 09 2024	SRA	1	Whole blood	Homo sapiens	condition: Pneumonia	total RNA	The Illumina’s TruSeq RNA Sample Preparation Kit was used for library preparation, and ribosomal and globin RNA depletion was performed using the Illumina® Ribo-Zero Gold kit	9606	Supplementary files format and content: Coma-delimited excell file with normalized counts (Normalized_data.csv)	GPL20301	Alberto,,Gómez-Carballa	ksl8tr@gmail.com	Pediatrics	GENVIP research group	Choupana sn	Santiago de Compostela	A coruña	15706	Spain	0	Illumina HiSeq 4000	cDNA	transcriptomic	RNA-Seq	SRA: https://www.ncbi.nlm.nih.gov/sra?term=SRX23938592	NONE
Sample 40_Paediatric pneumonia_40	GSM8145027	Public on Dec 09 2024	Mar 13 2024	Dec 09 2024	SRA	1	Whole blood	Homo sapiens	condition: Pneumonia	total RNA	The Illumina’s TruSeq RNA Sample Preparation Kit was used for library preparation, and ribosomal and globin RNA depletion was performed using the Illumina® Ribo-Zero Gold kit	9606	Supplementary files format and content: Coma-delimited excell file with normalized counts (Normalized_data.csv)	GPL20301	Alberto,,Gómez-Carballa	ksl8tr@gmail.com	Pediatrics	GENVIP research group	Choupana sn	Santiago de Compostela	A coruña	15706	Spain	0	Illumina HiSeq 4000	cDNA	transcriptomic	RNA-Seq	SRA: https://www.ncbi.nlm.nih.gov/sra?term=SRX23938593	NONE
Sample 41_Paediatric pneumonia_41	GSM8145028	Public on Dec 09 2024	Mar 13 2024	Dec 09 2024	SRA	1	Whole blood	Homo sapiens	condition: Pneumonia	total RNA	The Illumina’s TruSeq RNA Sample Preparation Kit was used for library preparation, and ribosomal and globin RNA depletion was performed using the Illumina® Ribo-Zero Gold kit	9606	Supplementary files format and content: Coma-delimited excell file with normalized counts (Normalized_data.csv)	GPL20301	Alberto,,Gómez-Carballa	ksl8tr@gmail.com	Pediatrics	GENVIP research group	Choupana sn	Santiago de Compostela	A coruña	15706	Spain	0	Illumina HiSeq 4000	cDNA	transcriptomic	RNA-Seq	SRA: https://www.ncbi.nlm.nih.gov/sra?term=SRX23938594	NONE
Sample 42_Paediatric pneumonia_42	GSM8145029	Public on Dec 09 2024	Mar 13 2024	Dec 09 2024	SRA	1	Whole blood	Homo sapiens	condition: Pneumonia	total RNA	The Illumina’s TruSeq RNA Sample Preparation Kit was used for library preparation, and ribosomal and globin RNA depletion was performed using the Illumina® Ribo-Zero Gold kit	9606	Supplementary files format and content: Coma-delimited excell file with normalized counts (Normalized_data.csv)	GPL20301	Alberto,,Gómez-Carballa	ksl8tr@gmail.com	Pediatrics	GENVIP research group	Choupana sn	Santiago de Compostela	A coruña	15706	Spain	0	Illumina HiSeq 4000	cDNA	transcriptomic	RNA-Seq	SRA: https://www.ncbi.nlm.nih.gov/sra?term=SRX23938595	NONE
Sample 43_Paediatric pneumonia_43	GSM8145030	Public on Dec 09 2024	Mar 13 2024	Dec 09 2024	SRA	1	Whole blood	Homo sapiens	condition: Pneumonia	total RNA	The Illumina’s TruSeq RNA Sample Preparation Kit was used for library preparation, and ribosomal and globin RNA depletion was performed using the Illumina® Ribo-Zero Gold kit	9606	Supplementary files format and content: Coma-delimited excell file with normalized counts (Normalized_data.csv)	GPL20301	Alberto,,Gómez-Carballa	ksl8tr@gmail.com	Pediatrics	GENVIP research group	Choupana sn	Santiago de Compostela	A coruña	15706	Spain	0	Illumina HiSeq 4000	cDNA	transcriptomic	RNA-Seq	SRA: https://www.ncbi.nlm.nih.gov/sra?term=SRX23938596	NONE
Sample 44_Paediatric pneumonia_44	GSM8145031	Public on Dec 09 2024	Mar 13 2024	Dec 09 2024	SRA	1	Whole blood	Homo sapiens	condition: Pneumonia	total RNA	The Illumina’s TruSeq RNA Sample Preparation Kit was used for library preparation, and ribosomal and globin RNA depletion was performed using the Illumina® Ribo-Zero Gold kit	9606	Supplementary files format and content: Coma-delimited excell file with normalized counts (Normalized_data.csv)	GPL20301	Alberto,,Gómez-Carballa	ksl8tr@gmail.com	Pediatrics	GENVIP research group	Choupana sn	Santiago de Compostela	A coruña	15706	Spain	0	Illumina HiSeq 4000	cDNA	transcriptomic	RNA-Seq	SRA: https://www.ncbi.nlm.nih.gov/sra?term=SRX23938597	NONE
Sample 45_Paediatric pneumonia_45	GSM8145032	Public on Dec 09 2024	Mar 13 2024	Dec 09 2024	SRA	1	Whole blood	Homo sapiens	condition: Pneumonia	total RNA	The Illumina’s TruSeq RNA Sample Preparation Kit was used for library preparation, and ribosomal and globin RNA depletion was performed using the Illumina® Ribo-Zero Gold kit	9606	Supplementary files format and content: Coma-delimited excell file with normalized counts (Normalized_data.csv)	GPL20301	Alberto,,Gómez-Carballa	ksl8tr@gmail.com	Pediatrics	GENVIP research group	Choupana sn	Santiago de Compostela	A coruña	15706	Spain	0	Illumina HiSeq 4000	cDNA	transcriptomic	RNA-Seq	SRA: https://www.ncbi.nlm.nih.gov/sra?term=SRX23938598	NONE
Sample 46_Paediatric pneumonia_46	GSM8145033	Public on Dec 09 2024	Mar 13 2024	Dec 09 2024	SRA	1	Whole blood	Homo sapiens	condition: Pneumonia	total RNA	The Illumina’s TruSeq RNA Sample Preparation Kit was used for library preparation, and ribosomal and globin RNA depletion was performed using the Illumina® Ribo-Zero Gold kit	9606	Supplementary files format and content: Coma-delimited excell file with normalized counts (Normalized_data.csv)	GPL20301	Alberto,,Gómez-Carballa	ksl8tr@gmail.com	Pediatrics	GENVIP research group	Choupana sn	Santiago de Compostela	A coruña	15706	Spain	0	Illumina HiSeq 4000	cDNA	transcriptomic	RNA-Seq	SRA: https://www.ncbi.nlm.nih.gov/sra?term=SRX23938599	NONE
Sample 47_Paediatric pneumonia_47	GSM8145034	Public on Dec 09 2024	Mar 13 2024	Dec 09 2024	SRA	1	Whole blood	Homo sapiens	condition: Pneumonia	total RNA	The Illumina’s TruSeq RNA Sample Preparation Kit was used for library preparation, and ribosomal and globin RNA depletion was performed using the Illumina® Ribo-Zero Gold kit	9606	Supplementary files format and content: Coma-delimited excell file with normalized counts (Normalized_data.csv)	GPL20301	Alberto,,Gómez-Carballa	ksl8tr@gmail.com	Pediatrics	GENVIP research group	Choupana sn	Santiago de Compostela	A coruña	15706	Spain	0	Illumina HiSeq 4000	cDNA	transcriptomic	RNA-Seq	SRA: https://www.ncbi.nlm.nih.gov/sra?term=SRX23938600	NONE
Sample 48_Paediatric pneumonia_48	GSM8145035	Public on Dec 09 2024	Mar 13 2024	Dec 09 2024	SRA	1	Whole blood	Homo sapiens	condition: Pneumonia	total RNA	The Illumina’s TruSeq RNA Sample Preparation Kit was used for library preparation, and ribosomal and globin RNA depletion was performed using the Illumina® Ribo-Zero Gold kit	9606	Supplementary files format and content: Coma-delimited excell file with normalized counts (Normalized_data.csv)	GPL20301	Alberto,,Gómez-Carballa	ksl8tr@gmail.com	Pediatrics	GENVIP research group	Choupana sn	Santiago de Compostela	A coruña	15706	Spain	0	Illumina HiSeq 4000	cDNA	transcriptomic	RNA-Seq	SRA: https://www.ncbi.nlm.nih.gov/sra?term=SRX23938601	NONE
Sample 49_Paediatric pneumonia_49	GSM8145036	Public on Dec 09 2024	Mar 13 2024	Dec 09 2024	SRA	1	Whole blood	Homo sapiens	condition: Pneumonia	total RNA	The Illumina’s TruSeq RNA Sample Preparation Kit was used for library preparation, and ribosomal and globin RNA depletion was performed using the Illumina® Ribo-Zero Gold kit	9606	Supplementary files format and content: Coma-delimited excell file with normalized counts (Normalized_data.csv)	GPL20301	Alberto,,Gómez-Carballa	ksl8tr@gmail.com	Pediatrics	GENVIP research group	Choupana sn	Santiago de Compostela	A coruña	15706	Spain	0	Illumina HiSeq 4000	cDNA	transcriptomic	RNA-Seq	SRA: https://www.ncbi.nlm.nih.gov/sra?term=SRX23938626	NONE
Sample 50_Paediatric pneumonia_50	GSM8145037	Public on Dec 09 2024	Mar 13 2024	Dec 09 2024	SRA	1	Whole blood	Homo sapiens	condition: Pneumonia	total RNA	The Illumina’s TruSeq RNA Sample Preparation Kit was used for library preparation, and ribosomal and globin RNA depletion was performed using the Illumina® Ribo-Zero Gold kit	9606	Supplementary files format and content: Coma-delimited excell file with normalized counts (Normalized_data.csv)	GPL20301	Alberto,,Gómez-Carballa	ksl8tr@gmail.com	Pediatrics	GENVIP research group	Choupana sn	Santiago de Compostela	A coruña	15706	Spain	0	Illumina HiSeq 4000	cDNA	transcriptomic	RNA-Seq	SRA: https://www.ncbi.nlm.nih.gov/sra?term=SRX23938627	NONE
Sample 51_Paediatric pneumonia_51	GSM8145038	Public on Dec 09 2024	Mar 13 2024	Dec 09 2024	SRA	1	Whole blood	Homo sapiens	condition: Pneumonia	total RNA	The Illumina’s TruSeq RNA Sample Preparation Kit was used for library preparation, and ribosomal and globin RNA depletion was performed using the Illumina® Ribo-Zero Gold kit	9606	Supplementary files format and content: Coma-delimited excell file with normalized counts (Normalized_data.csv)	GPL20301	Alberto,,Gómez-Carballa	ksl8tr@gmail.com	Pediatrics	GENVIP research group	Choupana sn	Santiago de Compostela	A coruña	15706	Spain	0	Illumina HiSeq 4000	cDNA	transcriptomic	RNA-Seq	SRA: https://www.ncbi.nlm.nih.gov/sra?term=SRX23938628	NONE
Sample 52_Paediatric pneumonia_52	GSM8145039	Public on Dec 09 2024	Mar 13 2024	Dec 09 2024	SRA	1	Whole blood	Homo sapiens	condition: Pneumonia	total RNA	The Illumina’s TruSeq RNA Sample Preparation Kit was used for library preparation, and ribosomal and globin RNA depletion was performed using the Illumina® Ribo-Zero Gold kit	9606	Supplementary files format and content: Coma-delimited excell file with normalized counts (Normalized_data.csv)	GPL20301	Alberto,,Gómez-Carballa	ksl8tr@gmail.com	Pediatrics	GENVIP research group	Choupana sn	Santiago de Compostela	A coruña	15706	Spain	0	Illumina HiSeq 4000	cDNA	transcriptomic	RNA-Seq	SRA: https://www.ncbi.nlm.nih.gov/sra?term=SRX23938629	NONE
Sample 53_Paediatric pneumonia_53	GSM8145040	Public on Dec 09 2024	Mar 13 2024	Dec 09 2024	SRA	1	Whole blood	Homo sapiens	condition: Pneumonia	total RNA	The Illumina’s TruSeq RNA Sample Preparation Kit was used for library preparation, and ribosomal and globin RNA depletion was performed using the Illumina® Ribo-Zero Gold kit	9606	Supplementary files format and content: Coma-delimited excell file with normalized counts (Normalized_data.csv)	GPL20301	Alberto,,Gómez-Carballa	ksl8tr@gmail.com	Pediatrics	GENVIP research group	Choupana sn	Santiago de Compostela	A coruña	15706	Spain	0	Illumina HiSeq 4000	cDNA	transcriptomic	RNA-Seq	SRA: https://www.ncbi.nlm.nih.gov/sra?term=SRX23938630	NONE
Sample 54_Paediatric pneumonia_54	GSM8145041	Public on Dec 09 2024	Mar 13 2024	Dec 09 2024	SRA	1	Whole blood	Homo sapiens	condition: Pneumonia	total RNA	The Illumina’s TruSeq RNA Sample Preparation Kit was used for library preparation, and ribosomal and globin RNA depletion was performed using the Illumina® Ribo-Zero Gold kit	9606	Supplementary files format and content: Coma-delimited excell file with normalized counts (Normalized_data.csv)	GPL20301	Alberto,,Gómez-Carballa	ksl8tr@gmail.com	Pediatrics	GENVIP research group	Choupana sn	Santiago de Compostela	A coruña	15706	Spain	0	Illumina HiSeq 4000	cDNA	transcriptomic	RNA-Seq	SRA: https://www.ncbi.nlm.nih.gov/sra?term=SRX23938631	NONE
Sample 55_Paediatric pneumonia_55	GSM8145042	Public on Dec 09 2024	Mar 13 2024	Dec 09 2024	SRA	1	Whole blood	Homo sapiens	condition: Pneumonia	total RNA	The Illumina’s TruSeq RNA Sample Preparation Kit was used for library preparation, and ribosomal and globin RNA depletion was performed using the Illumina® Ribo-Zero Gold kit	9606	Supplementary files format and content: Coma-delimited excell file with normalized counts (Normalized_data.csv)	GPL20301	Alberto,,Gómez-Carballa	ksl8tr@gmail.com	Pediatrics	GENVIP research group	Choupana sn	Santiago de Compostela	A coruña	15706	Spain	0	Illumina HiSeq 4000	cDNA	transcriptomic	RNA-Seq	SRA: https://www.ncbi.nlm.nih.gov/sra?term=SRX23938632	NONE
Sample 56_Paediatric pneumonia_56	GSM8145043	Public on Dec 09 2024	Mar 13 2024	Dec 09 2024	SRA	1	Whole blood	Homo sapiens	condition: Pneumonia	total RNA	The Illumina’s TruSeq RNA Sample Preparation Kit was used for library preparation, and ribosomal and globin RNA depletion was performed using the Illumina® Ribo-Zero Gold kit	9606	Supplementary files format and content: Coma-delimited excell file with normalized counts (Normalized_data.csv)	GPL20301	Alberto,,Gómez-Carballa	ksl8tr@gmail.com	Pediatrics	GENVIP research group	Choupana sn	Santiago de Compostela	A coruña	15706	Spain	0	Illumina HiSeq 4000	cDNA	transcriptomic	RNA-Seq	SRA: https://www.ncbi.nlm.nih.gov/sra?term=SRX23938633	NONE
Sample 57_Paediatric pneumonia_57	GSM8145044	Public on Dec 09 2024	Mar 13 2024	Dec 09 2024	SRA	1	Whole blood	Homo sapiens	condition: Pneumonia	total RNA	The Illumina’s TruSeq RNA Sample Preparation Kit was used for library preparation, and ribosomal and globin RNA depletion was performed using the Illumina® Ribo-Zero Gold kit	9606	Supplementary files format and content: Coma-delimited excell file with normalized counts (Normalized_data.csv)	GPL20301	Alberto,,Gómez-Carballa	ksl8tr@gmail.com	Pediatrics	GENVIP research group	Choupana sn	Santiago de Compostela	A coruña	15706	Spain	0	Illumina HiSeq 4000	cDNA	transcriptomic	RNA-Seq	SRA: https://www.ncbi.nlm.nih.gov/sra?term=SRX23938634	NONE
Sample 58_Paediatric pneumonia_58	GSM8145045	Public on Dec 09 2024	Mar 13 2024	Dec 09 2024	SRA	1	Whole blood	Homo sapiens	condition: Pneumonia	total RNA	The Illumina’s TruSeq RNA Sample Preparation Kit was used for library preparation, and ribosomal and globin RNA depletion was performed using the Illumina® Ribo-Zero Gold kit	9606	Supplementary files format and content: Coma-delimited excell file with normalized counts (Normalized_data.csv)	GPL20301	Alberto,,Gómez-Carballa	ksl8tr@gmail.com	Pediatrics	GENVIP research group	Choupana sn	Santiago de Compostela	A coruña	15706	Spain	0	Illumina HiSeq 4000	cDNA	transcriptomic	RNA-Seq	SRA: https://www.ncbi.nlm.nih.gov/sra?term=SRX23938635	NONE
Sample 59_Paediatric pneumonia_59	GSM8145046	Public on Dec 09 2024	Mar 13 2024	Dec 09 2024	SRA	1	Whole blood	Homo sapiens	condition: Pneumonia	total RNA	The Illumina’s TruSeq RNA Sample Preparation Kit was used for library preparation, and ribosomal and globin RNA depletion was performed using the Illumina® Ribo-Zero Gold kit	9606	Supplementary files format and content: Coma-delimited excell file with normalized counts (Normalized_data.csv)	GPL20301	Alberto,,Gómez-Carballa	ksl8tr@gmail.com	Pediatrics	GENVIP research group	Choupana sn	Santiago de Compostela	A coruña	15706	Spain	0	Illumina HiSeq 4000	cDNA	transcriptomic	RNA-Seq	SRA: https://www.ncbi.nlm.nih.gov/sra?term=SRX23938636	NONE
Sample 60_Paediatric pneumonia_60	GSM8145047	Public on Dec 09 2024	Mar 13 2024	Dec 09 2024	SRA	1	Whole blood	Homo sapiens	condition: Pneumonia	total RNA	The Illumina’s TruSeq RNA Sample Preparation Kit was used for library preparation, and ribosomal and globin RNA depletion was performed using the Illumina® Ribo-Zero Gold kit	9606	Supplementary files format and content: Coma-delimited excell file with normalized counts (Normalized_data.csv)	GPL20301	Alberto,,Gómez-Carballa	ksl8tr@gmail.com	Pediatrics	GENVIP research group	Choupana sn	Santiago de Compostela	A coruña	15706	Spain	0	Illumina HiSeq 4000	cDNA	transcriptomic	RNA-Seq	SRA: https://www.ncbi.nlm.nih.gov/sra?term=SRX23938637	NONE
Sample 61_Paediatric pneumonia_61	GSM8145048	Public on Dec 09 2024	Mar 13 2024	Dec 09 2024	SRA	1	Whole blood	Homo sapiens	condition: Pneumonia	total RNA	The Illumina’s TruSeq RNA Sample Preparation Kit was used for library preparation, and ribosomal and globin RNA depletion was performed using the Illumina® Ribo-Zero Gold kit	9606	Supplementary files format and content: Coma-delimited excell file with normalized counts (Normalized_data.csv)	GPL20301	Alberto,,Gómez-Carballa	ksl8tr@gmail.com	Pediatrics	GENVIP research group	Choupana sn	Santiago de Compostela	A coruña	15706	Spain	0	Illumina HiSeq 4000	cDNA	transcriptomic	RNA-Seq	SRA: https://www.ncbi.nlm.nih.gov/sra?term=SRX23938638	NONE
Sample 62_Paediatric pneumonia_62	GSM8145049	Public on Dec 09 2024	Mar 13 2024	Dec 09 2024	SRA	1	Whole blood	Homo sapiens	condition: Pneumonia	total RNA	The Illumina’s TruSeq RNA Sample Preparation Kit was used for library preparation, and ribosomal and globin RNA depletion was performed using the Illumina® Ribo-Zero Gold kit	9606	Supplementary files format and content: Coma-delimited excell file with normalized counts (Normalized_data.csv)	GPL20301	Alberto,,Gómez-Carballa	ksl8tr@gmail.com	Pediatrics	GENVIP research group	Choupana sn	Santiago de Compostela	A coruña	15706	Spain	0	Illumina HiSeq 4000	cDNA	transcriptomic	RNA-Seq	SRA: https://www.ncbi.nlm.nih.gov/sra?term=SRX23938639	NONE
Sample 63_Paediatric pneumonia_63	GSM8145050	Public on Dec 09 2024	Mar 13 2024	Dec 09 2024	SRA	1	Whole blood	Homo sapiens	condition: Pneumonia	total RNA	The Illumina’s TruSeq RNA Sample Preparation Kit was used for library preparation, and ribosomal and globin RNA depletion was performed using the Illumina® Ribo-Zero Gold kit	9606	Supplementary files format and content: Coma-delimited excell file with normalized counts (Normalized_data.csv)	GPL20301	Alberto,,Gómez-Carballa	ksl8tr@gmail.com	Pediatrics	GENVIP research group	Choupana sn	Santiago de Compostela	A coruña	15706	Spain	0	Illumina HiSeq 4000	cDNA	transcriptomic	RNA-Seq	SRA: https://www.ncbi.nlm.nih.gov/sra?term=SRX23938640	NONE
Sample 64_Paediatric pneumonia_64	GSM8145051	Public on Dec 09 2024	Mar 13 2024	Dec 09 2024	SRA	1	Whole blood	Homo sapiens	condition: Pneumonia	total RNA	The Illumina’s TruSeq RNA Sample Preparation Kit was used for library preparation, and ribosomal and globin RNA depletion was performed using the Illumina® Ribo-Zero Gold kit	9606	Supplementary files format and content: Coma-delimited excell file with normalized counts (Normalized_data.csv)	GPL20301	Alberto,,Gómez-Carballa	ksl8tr@gmail.com	Pediatrics	GENVIP research group	Choupana sn	Santiago de Compostela	A coruña	15706	Spain	0	Illumina HiSeq 4000	cDNA	transcriptomic	RNA-Seq	SRA: https://www.ncbi.nlm.nih.gov/sra?term=SRX23938641	NONE
Sample 65_Paediatric pneumonia_65	GSM8145052	Public on Dec 09 2024	Mar 13 2024	Dec 09 2024	SRA	1	Whole blood	Homo sapiens	condition: Pneumonia	total RNA	The Illumina’s TruSeq RNA Sample Preparation Kit was used for library preparation, and ribosomal and globin RNA depletion was performed using the Illumina® Ribo-Zero Gold kit	9606	Supplementary files format and content: Coma-delimited excell file with normalized counts (Normalized_data.csv)	GPL20301	Alberto,,Gómez-Carballa	ksl8tr@gmail.com	Pediatrics	GENVIP research group	Choupana sn	Santiago de Compostela	A coruña	15706	Spain	0	Illumina HiSeq 4000	cDNA	transcriptomic	RNA-Seq	SRA: https://www.ncbi.nlm.nih.gov/sra?term=SRX23938642	NONE
Sample 66_Paediatric pneumonia_66	GSM8145053	Public on Dec 09 2024	Mar 13 2024	Dec 09 2024	SRA	1	Whole blood	Homo sapiens	condition: Pneumonia	total RNA	The Illumina’s TruSeq RNA Sample Preparation Kit was used for library preparation, and ribosomal and globin RNA depletion was performed using the Illumina® Ribo-Zero Gold kit	9606	Supplementary files format and content: Coma-delimited excell file with normalized counts (Normalized_data.csv)	GPL20301	Alberto,,Gómez-Carballa	ksl8tr@gmail.com	Pediatrics	GENVIP research group	Choupana sn	Santiago de Compostela	A coruña	15706	Spain	0	Illumina HiSeq 4000	cDNA	transcriptomic	RNA-Seq	SRA: https://www.ncbi.nlm.nih.gov/sra?term=SRX23938643	NONE
Sample 67_Paediatric pneumonia_67	GSM8145054	Public on Dec 09 2024	Mar 13 2024	Dec 09 2024	SRA	1	Whole blood	Homo sapiens	condition: Pneumonia	total RNA	The Illumina’s TruSeq RNA Sample Preparation Kit was used for library preparation, and ribosomal and globin RNA depletion was performed using the Illumina® Ribo-Zero Gold kit	9606	Supplementary files format and content: Coma-delimited excell file with normalized counts (Normalized_data.csv)	GPL20301	Alberto,,Gómez-Carballa	ksl8tr@gmail.com	Pediatrics	GENVIP research group	Choupana sn	Santiago de Compostela	A coruña	15706	Spain	0	Illumina HiSeq 4000	cDNA	transcriptomic	RNA-Seq	SRA: https://www.ncbi.nlm.nih.gov/sra?term=SRX23938644	NONE
Sample 68_Paediatric pneumonia_68	GSM8145055	Public on Dec 09 2024	Mar 13 2024	Dec 09 2024	SRA	1	Whole blood	Homo sapiens	condition: Pneumonia	total RNA	The Illumina’s TruSeq RNA Sample Preparation Kit was used for library preparation, and ribosomal and globin RNA depletion was performed using the Illumina® Ribo-Zero Gold kit	9606	Supplementary files format and content: Coma-delimited excell file with normalized counts (Normalized_data.csv)	GPL20301	Alberto,,Gómez-Carballa	ksl8tr@gmail.com	Pediatrics	GENVIP research group	Choupana sn	Santiago de Compostela	A coruña	15706	Spain	0	Illumina HiSeq 4000	cDNA	transcriptomic	RNA-Seq	SRA: https://www.ncbi.nlm.nih.gov/sra?term=SRX23938645	NONE
Sample 69_Paediatric pneumonia_69	GSM8145056	Public on Dec 09 2024	Mar 13 2024	Dec 09 2024	SRA	1	Whole blood	Homo sapiens	condition: Pneumonia	total RNA	The Illumina’s TruSeq RNA Sample Preparation Kit was used for library preparation, and ribosomal and globin RNA depletion was performed using the Illumina® Ribo-Zero Gold kit	9606	Supplementary files format and content: Coma-delimited excell file with normalized counts (Normalized_data.csv)	GPL20301	Alberto,,Gómez-Carballa	ksl8tr@gmail.com	Pediatrics	GENVIP research group	Choupana sn	Santiago de Compostela	A coruña	15706	Spain	0	Illumina HiSeq 4000	cDNA	transcriptomic	RNA-Seq	SRA: https://www.ncbi.nlm.nih.gov/sra?term=SRX23938646	NONE
Sample 70_Paediatric pneumonia_70	GSM8145057	Public on Dec 09 2024	Mar 13 2024	Dec 09 2024	SRA	1	Whole blood	Homo sapiens	condition: Pneumonia	total RNA	The Illumina’s TruSeq RNA Sample Preparation Kit was used for library preparation, and ribosomal and globin RNA depletion was performed using the Illumina® Ribo-Zero Gold kit	9606	Supplementary files format and content: Coma-delimited excell file with normalized counts (Normalized_data.csv)	GPL20301	Alberto,,Gómez-Carballa	ksl8tr@gmail.com	Pediatrics	GENVIP research group	Choupana sn	Santiago de Compostela	A coruña	15706	Spain	0	Illumina HiSeq 4000	cDNA	transcriptomic	RNA-Seq	SRA: https://www.ncbi.nlm.nih.gov/sra?term=SRX23938647	NONE
Sample 71_Paediatric pneumonia_71	GSM8145058	Public on Dec 09 2024	Mar 13 2024	Dec 09 2024	SRA	1	Whole blood	Homo sapiens	condition: Pneumonia	total RNA	The Illumina’s TruSeq RNA Sample Preparation Kit was used for library preparation, and ribosomal and globin RNA depletion was performed using the Illumina® Ribo-Zero Gold kit	9606	Supplementary files format and content: Coma-delimited excell file with normalized counts (Normalized_data.csv)	GPL20301	Alberto,,Gómez-Carballa	ksl8tr@gmail.com	Pediatrics	GENVIP research group	Choupana sn	Santiago de Compostela	A coruña	15706	Spain	0	Illumina HiSeq 4000	cDNA	transcriptomic	RNA-Seq	SRA: https://www.ncbi.nlm.nih.gov/sra?term=SRX23938648	NONE
Sample 72_Paediatric pneumonia_72	GSM8145059	Public on Dec 09 2024	Mar 13 2024	Dec 09 2024	SRA	1	Whole blood	Homo sapiens	condition: Pneumonia	total RNA	The Illumina’s TruSeq RNA Sample Preparation Kit was used for library preparation, and ribosomal and globin RNA depletion was performed using the Illumina® Ribo-Zero Gold kit	9606	Supplementary files format and content: Coma-delimited excell file with normalized counts (Normalized_data.csv)	GPL20301	Alberto,,Gómez-Carballa	ksl8tr@gmail.com	Pediatrics	GENVIP research group	Choupana sn	Santiago de Compostela	A coruña	15706	Spain	0	Illumina HiSeq 4000	cDNA	transcriptomic	RNA-Seq	SRA: https://www.ncbi.nlm.nih.gov/sra?term=SRX23938649	NONE
Sample 73_Paediatric pneumonia_73	GSM8145060	Public on Dec 09 2024	Mar 13 2024	Dec 09 2024	SRA	1	Whole blood	Homo sapiens	condition: Pneumonia	total RNA	The Illumina’s TruSeq RNA Sample Preparation Kit was used for library preparation, and ribosomal and globin RNA depletion was performed using the Illumina® Ribo-Zero Gold kit	9606	Supplementary files format and content: Coma-delimited excell file with normalized counts (Normalized_data.csv)	GPL20301	Alberto,,Gómez-Carballa	ksl8tr@gmail.com	Pediatrics	GENVIP research group	Choupana sn	Santiago de Compostela	A coruña	15706	Spain	0	Illumina HiSeq 4000	cDNA	transcriptomic	RNA-Seq	SRA: https://www.ncbi.nlm.nih.gov/sra?term=SRX23938674	NONE
Sample 74_Paediatric pneumonia_74	GSM8145061	Public on Dec 09 2024	Mar 13 2024	Dec 09 2024	SRA	1	Whole blood	Homo sapiens	condition: Pneumonia	total RNA	The Illumina’s TruSeq RNA Sample Preparation Kit was used for library preparation, and ribosomal and globin RNA depletion was performed using the Illumina® Ribo-Zero Gold kit	9606	Supplementary files format and content: Coma-delimited excell file with normalized counts (Normalized_data.csv)	GPL20301	Alberto,,Gómez-Carballa	ksl8tr@gmail.com	Pediatrics	GENVIP research group	Choupana sn	Santiago de Compostela	A coruña	15706	Spain	0	Illumina HiSeq 4000	cDNA	transcriptomic	RNA-Seq	SRA: https://www.ncbi.nlm.nih.gov/sra?term=SRX23938675	NONE
Sample 75_Paediatric pneumonia_75	GSM8145062	Public on Dec 09 2024	Mar 13 2024	Dec 09 2024	SRA	1	Whole blood	Homo sapiens	condition: Pneumonia	total RNA	The Illumina’s TruSeq RNA Sample Preparation Kit was used for library preparation, and ribosomal and globin RNA depletion was performed using the Illumina® Ribo-Zero Gold kit	9606	Supplementary files format and content: Coma-delimited excell file with normalized counts (Normalized_data.csv)	GPL20301	Alberto,,Gómez-Carballa	ksl8tr@gmail.com	Pediatrics	GENVIP research group	Choupana sn	Santiago de Compostela	A coruña	15706	Spain	0	Illumina HiSeq 4000	cDNA	transcriptomic	RNA-Seq	SRA: https://www.ncbi.nlm.nih.gov/sra?term=SRX23938676	NONE
Sample 76_Paediatric pneumonia_76	GSM8145063	Public on Dec 09 2024	Mar 13 2024	Dec 09 2024	SRA	1	Whole blood	Homo sapiens	condition: Pneumonia	total RNA	The Illumina’s TruSeq RNA Sample Preparation Kit was used for library preparation, and ribosomal and globin RNA depletion was performed using the Illumina® Ribo-Zero Gold kit	9606	Supplementary files format and content: Coma-delimited excell file with normalized counts (Normalized_data.csv)	GPL20301	Alberto,,Gómez-Carballa	ksl8tr@gmail.com	Pediatrics	GENVIP research group	Choupana sn	Santiago de Compostela	A coruña	15706	Spain	0	Illumina HiSeq 4000	cDNA	transcriptomic	RNA-Seq	SRA: https://www.ncbi.nlm.nih.gov/sra?term=SRX23938677	NONE
Sample 77_Paediatric pneumonia_77	GSM8145064	Public on Dec 09 2024	Mar 13 2024	Dec 09 2024	SRA	1	Whole blood	Homo sapiens	condition: Pneumonia	total RNA	The Illumina’s TruSeq RNA Sample Preparation Kit was used for library preparation, and ribosomal and globin RNA depletion was performed using the Illumina® Ribo-Zero Gold kit	9606	Supplementary files format and content: Coma-delimited excell file with normalized counts (Normalized_data.csv)	GPL20301	Alberto,,Gómez-Carballa	ksl8tr@gmail.com	Pediatrics	GENVIP research group	Choupana sn	Santiago de Compostela	A coruña	15706	Spain	0	Illumina HiSeq 4000	cDNA	transcriptomic	RNA-Seq	SRA: https://www.ncbi.nlm.nih.gov/sra?term=SRX23938678	NONE
Sample 78_Paediatric pneumonia_78	GSM8145065	Public on Dec 09 2024	Mar 13 2024	Dec 09 2024	SRA	1	Whole blood	Homo sapiens	condition: Pneumonia	total RNA	The Illumina’s TruSeq RNA Sample Preparation Kit was used for library preparation, and ribosomal and globin RNA depletion was performed using the Illumina® Ribo-Zero Gold kit	9606	Supplementary files format and content: Coma-delimited excell file with normalized counts (Normalized_data.csv)	GPL20301	Alberto,,Gómez-Carballa	ksl8tr@gmail.com	Pediatrics	GENVIP research group	Choupana sn	Santiago de Compostela	A coruña	15706	Spain	0	Illumina HiSeq 4000	cDNA	transcriptomic	RNA-Seq	SRA: https://www.ncbi.nlm.nih.gov/sra?term=SRX23938679	NONE
Sample 79_Paediatric pneumonia_79	GSM8145066	Public on Dec 09 2024	Mar 13 2024	Dec 09 2024	SRA	1	Whole blood	Homo sapiens	condition: Pneumonia	total RNA	The Illumina’s TruSeq RNA Sample Preparation Kit was used for library preparation, and ribosomal and globin RNA depletion was performed using the Illumina® Ribo-Zero Gold kit	9606	Supplementary files format and content: Coma-delimited excell file with normalized counts (Normalized_data.csv)	GPL20301	Alberto,,Gómez-Carballa	ksl8tr@gmail.com	Pediatrics	GENVIP research group	Choupana sn	Santiago de Compostela	A coruña	15706	Spain	0	Illumina HiSeq 4000	cDNA	transcriptomic	RNA-Seq	SRA: https://www.ncbi.nlm.nih.gov/sra?term=SRX23938680	NONE
Sample 80_Paediatric pneumonia_80	GSM8145067	Public on Dec 09 2024	Mar 13 2024	Dec 09 2024	SRA	1	Whole blood	Homo sapiens	condition: Pneumonia	total RNA	The Illumina’s TruSeq RNA Sample Preparation Kit was used for library preparation, and ribosomal and globin RNA depletion was performed using the Illumina® Ribo-Zero Gold kit	9606	Supplementary files format and content: Coma-delimited excell file with normalized counts (Normalized_data.csv)	GPL20301	Alberto,,Gómez-Carballa	ksl8tr@gmail.com	Pediatrics	GENVIP research group	Choupana sn	Santiago de Compostela	A coruña	15706	Spain	0	Illumina HiSeq 4000	cDNA	transcriptomic	RNA-Seq	SRA: https://www.ncbi.nlm.nih.gov/sra?term=SRX23938681	NONE
Sample 81_Paediatric pneumonia_81	GSM8145068	Public on Dec 09 2024	Mar 13 2024	Dec 09 2024	SRA	1	Whole blood	Homo sapiens	condition: Pneumonia	total RNA	The Illumina’s TruSeq RNA Sample Preparation Kit was used for library preparation, and ribosomal and globin RNA depletion was performed using the Illumina® Ribo-Zero Gold kit	9606	Supplementary files format and content: Coma-delimited excell file with normalized counts (Normalized_data.csv)	GPL20301	Alberto,,Gómez-Carballa	ksl8tr@gmail.com	Pediatrics	GENVIP research group	Choupana sn	Santiago de Compostela	A coruña	15706	Spain	0	Illumina HiSeq 4000	cDNA	transcriptomic	RNA-Seq	SRA: https://www.ncbi.nlm.nih.gov/sra?term=SRX23938682	NONE
Sample 82_Paediatric pneumonia_82	GSM8145069	Public on Dec 09 2024	Mar 13 2024	Dec 09 2024	SRA	1	Whole blood	Homo sapiens	condition: Pneumonia	total RNA	The Illumina’s TruSeq RNA Sample Preparation Kit was used for library preparation, and ribosomal and globin RNA depletion was performed using the Illumina® Ribo-Zero Gold kit	9606	Supplementary files format and content: Coma-delimited excell file with normalized counts (Normalized_data.csv)	GPL20301	Alberto,,Gómez-Carballa	ksl8tr@gmail.com	Pediatrics	GENVIP research group	Choupana sn	Santiago de Compostela	A coruña	15706	Spain	0	Illumina HiSeq 4000	cDNA	transcriptomic	RNA-Seq	SRA: https://www.ncbi.nlm.nih.gov/sra?term=SRX23938683	NONE
Sample 83_Paediatric pneumonia_83	GSM8145070	Public on Dec 09 2024	Mar 13 2024	Dec 09 2024	SRA	1	Whole blood	Homo sapiens	condition: Pneumonia	total RNA	The Illumina’s TruSeq RNA Sample Preparation Kit was used for library preparation, and ribosomal and globin RNA depletion was performed using the Illumina® Ribo-Zero Gold kit	9606	Supplementary files format and content: Coma-delimited excell file with normalized counts (Normalized_data.csv)	GPL20301	Alberto,,Gómez-Carballa	ksl8tr@gmail.com	Pediatrics	GENVIP research group	Choupana sn	Santiago de Compostela	A coruña	15706	Spain	0	Illumina HiSeq 4000	cDNA	transcriptomic	RNA-Seq	SRA: https://www.ncbi.nlm.nih.gov/sra?term=SRX23938684	NONE
Sample 84_Paediatric pneumonia_84	GSM8145071	Public on Dec 09 2024	Mar 13 2024	Dec 09 2024	SRA	1	Whole blood	Homo sapiens	condition: Pneumonia	total RNA	The Illumina’s TruSeq RNA Sample Preparation Kit was used for library preparation, and ribosomal and globin RNA depletion was performed using the Illumina® Ribo-Zero Gold kit	9606	Supplementary files format and content: Coma-delimited excell file with normalized counts (Normalized_data.csv)	GPL20301	Alberto,,Gómez-Carballa	ksl8tr@gmail.com	Pediatrics	GENVIP research group	Choupana sn	Santiago de Compostela	A coruña	15706	Spain	0	Illumina HiSeq 4000	cDNA	transcriptomic	RNA-Seq	SRA: https://www.ncbi.nlm.nih.gov/sra?term=SRX23938685	NONE
Sample 85_Paediatric pneumonia_85	GSM8145072	Public on Dec 09 2024	Mar 13 2024	Dec 09 2024	SRA	1	Whole blood	Homo sapiens	condition: Pneumonia	total RNA	The Illumina’s TruSeq RNA Sample Preparation Kit was used for library preparation, and ribosomal and globin RNA depletion was performed using the Illumina® Ribo-Zero Gold kit	9606	Supplementary files format and content: Coma-delimited excell file with normalized counts (Normalized_data.csv)	GPL20301	Alberto,,Gómez-Carballa	ksl8tr@gmail.com	Pediatrics	GENVIP research group	Choupana sn	Santiago de Compostela	A coruña	15706	Spain	0	Illumina HiSeq 4000	cDNA	transcriptomic	RNA-Seq	SRA: https://www.ncbi.nlm.nih.gov/sra?term=SRX23938686	NONE
Sample 86_Paediatric pneumonia_86	GSM8145073	Public on Dec 09 2024	Mar 13 2024	Dec 09 2024	SRA	1	Whole blood	Homo sapiens	condition: Pneumonia	total RNA	The Illumina’s TruSeq RNA Sample Preparation Kit was used for library preparation, and ribosomal and globin RNA depletion was performed using the Illumina® Ribo-Zero Gold kit	9606	Supplementary files format and content: Coma-delimited excell file with normalized counts (Normalized_data.csv)	GPL20301	Alberto,,Gómez-Carballa	ksl8tr@gmail.com	Pediatrics	GENVIP research group	Choupana sn	Santiago de Compostela	A coruña	15706	Spain	0	Illumina HiSeq 4000	cDNA	transcriptomic	RNA-Seq	SRA: https://www.ncbi.nlm.nih.gov/sra?term=SRX23938687	NONE
Sample 87_Healthy Control_1	GSM8145074	Public on Dec 09 2024	Mar 13 2024	Dec 09 2024	SRA	1	Whole blood	Homo sapiens	condition: Control	total RNA	The Illumina’s TruSeq RNA Sample Preparation Kit was used for library preparation, and ribosomal and globin RNA depletion was performed using the Illumina® Ribo-Zero Gold kit	9606	Supplementary files format and content: Coma-delimited excell file with normalized counts (Normalized_data.csv)	GPL20301	Alberto,,Gómez-Carballa	ksl8tr@gmail.com	Pediatrics	GENVIP research group	Choupana sn	Santiago de Compostela	A coruña	15706	Spain	0	Illumina HiSeq 4000	cDNA	transcriptomic	RNA-Seq	SRA: https://www.ncbi.nlm.nih.gov/sra?term=SRX23938688	NONE
Sample 88_Healthy Control_2	GSM8145075	Public on Dec 09 2024	Mar 13 2024	Dec 09 2024	SRA	1	Whole blood	Homo sapiens	condition: Control	total RNA	The Illumina’s TruSeq RNA Sample Preparation Kit was used for library preparation, and ribosomal and globin RNA depletion was performed using the Illumina® Ribo-Zero Gold kit	9606	Supplementary files format and content: Coma-delimited excell file with normalized counts (Normalized_data.csv)	GPL20301	Alberto,,Gómez-Carballa	ksl8tr@gmail.com	Pediatrics	GENVIP research group	Choupana sn	Santiago de Compostela	A coruña	15706	Spain	0	Illumina HiSeq 4000	cDNA	transcriptomic	RNA-Seq	SRA: https://www.ncbi.nlm.nih.gov/sra?term=SRX23938689	NONE
Sample 89_Healthy Control_3	GSM8145076	Public on Dec 09 2024	Mar 13 2024	Dec 09 2024	SRA	1	Whole blood	Homo sapiens	condition: Control	total RNA	The Illumina’s TruSeq RNA Sample Preparation Kit was used for library preparation, and ribosomal and globin RNA depletion was performed using the Illumina® Ribo-Zero Gold kit	9606	Supplementary files format and content: Coma-delimited excell file with normalized counts (Normalized_data.csv)	GPL20301	Alberto,,Gómez-Carballa	ksl8tr@gmail.com	Pediatrics	GENVIP research group	Choupana sn	Santiago de Compostela	A coruña	15706	Spain	0	Illumina HiSeq 4000	cDNA	transcriptomic	RNA-Seq	SRA: https://www.ncbi.nlm.nih.gov/sra?term=SRX23938690	NONE
Sample 90_Healthy Control_4	GSM8145077	Public on Dec 09 2024	Mar 13 2024	Dec 09 2024	SRA	1	Whole blood	Homo sapiens	condition: Control	total RNA	The Illumina’s TruSeq RNA Sample Preparation Kit was used for library preparation, and ribosomal and globin RNA depletion was performed using the Illumina® Ribo-Zero Gold kit	9606	Supplementary files format and content: Coma-delimited excell file with normalized counts (Normalized_data.csv)	GPL20301	Alberto,,Gómez-Carballa	ksl8tr@gmail.com	Pediatrics	GENVIP research group	Choupana sn	Santiago de Compostela	A coruña	15706	Spain	0	Illumina HiSeq 4000	cDNA	transcriptomic	RNA-Seq	SRA: https://www.ncbi.nlm.nih.gov/sra?term=SRX23938691	NONE
Sample 91_Healthy Control_5	GSM8145078	Public on Dec 09 2024	Mar 13 2024	Dec 09 2024	SRA	1	Whole blood	Homo sapiens	condition: Control	total RNA	The Illumina’s TruSeq RNA Sample Preparation Kit was used for library preparation, and ribosomal and globin RNA depletion was performed using the Illumina® Ribo-Zero Gold kit	9606	Supplementary files format and content: Coma-delimited excell file with normalized counts (Normalized_data.csv)	GPL20301	Alberto,,Gómez-Carballa	ksl8tr@gmail.com	Pediatrics	GENVIP research group	Choupana sn	Santiago de Compostela	A coruña	15706	Spain	0	Illumina HiSeq 4000	cDNA	transcriptomic	RNA-Seq	SRA: https://www.ncbi.nlm.nih.gov/sra?term=SRX23938692	NONE
Sample 92_Healthy Control_6	GSM8145079	Public on Dec 09 2024	Mar 13 2024	Dec 09 2024	SRA	1	Whole blood	Homo sapiens	condition: Control	total RNA	The Illumina’s TruSeq RNA Sample Preparation Kit was used for library preparation, and ribosomal and globin RNA depletion was performed using the Illumina® Ribo-Zero Gold kit	9606	Supplementary files format and content: Coma-delimited excell file with normalized counts (Normalized_data.csv)	GPL20301	Alberto,,Gómez-Carballa	ksl8tr@gmail.com	Pediatrics	GENVIP research group	Choupana sn	Santiago de Compostela	A coruña	15706	Spain	0	Illumina HiSeq 4000	cDNA	transcriptomic	RNA-Seq	SRA: https://www.ncbi.nlm.nih.gov/sra?term=SRX23938693	NONE
Sample 93_Healthy Control_7	GSM8145080	Public on Dec 09 2024	Mar 13 2024	Dec 09 2024	SRA	1	Whole blood	Homo sapiens	condition: Control	total RNA	The Illumina’s TruSeq RNA Sample Preparation Kit was used for library preparation, and ribosomal and globin RNA depletion was performed using the Illumina® Ribo-Zero Gold kit	9606	Supplementary files format and content: Coma-delimited excell file with normalized counts (Normalized_data.csv)	GPL20301	Alberto,,Gómez-Carballa	ksl8tr@gmail.com	Pediatrics	GENVIP research group	Choupana sn	Santiago de Compostela	A coruña	15706	Spain	0	Illumina HiSeq 4000	cDNA	transcriptomic	RNA-Seq	SRA: https://www.ncbi.nlm.nih.gov/sra?term=SRX23938694	NONE
Sample 94_Healthy Control_8	GSM8145081	Public on Dec 09 2024	Mar 13 2024	Dec 09 2024	SRA	1	Whole blood	Homo sapiens	condition: Control	total RNA	The Illumina’s TruSeq RNA Sample Preparation Kit was used for library preparation, and ribosomal and globin RNA depletion was performed using the Illumina® Ribo-Zero Gold kit	9606	Supplementary files format and content: Coma-delimited excell file with normalized counts (Normalized_data.csv)	GPL20301	Alberto,,Gómez-Carballa	ksl8tr@gmail.com	Pediatrics	GENVIP research group	Choupana sn	Santiago de Compostela	A coruña	15706	Spain	0	Illumina HiSeq 4000	cDNA	transcriptomic	RNA-Seq	SRA: https://www.ncbi.nlm.nih.gov/sra?term=SRX23938695	NONE
Sample 95_Healthy Control_9	GSM8145082	Public on Dec 09 2024	Mar 13 2024	Dec 09 2024	SRA	1	Whole blood	Homo sapiens	condition: Control	total RNA	The Illumina’s TruSeq RNA Sample Preparation Kit was used for library preparation, and ribosomal and globin RNA depletion was performed using the Illumina® Ribo-Zero Gold kit	9606	Supplementary files format and content: Coma-delimited excell file with normalized counts (Normalized_data.csv)	GPL20301	Alberto,,Gómez-Carballa	ksl8tr@gmail.com	Pediatrics	GENVIP research group	Choupana sn	Santiago de Compostela	A coruña	15706	Spain	0	Illumina HiSeq 4000	cDNA	transcriptomic	RNA-Seq	SRA: https://www.ncbi.nlm.nih.gov/sra?term=SRX23938696	NONE
Sample 96_Healthy Control_10	GSM8145083	Public on Dec 09 2024	Mar 13 2024	Dec 09 2024	SRA	1	Whole blood	Homo sapiens	condition: Control	total RNA	The Illumina’s TruSeq RNA Sample Preparation Kit was used for library preparation, and ribosomal and globin RNA depletion was performed using the Illumina® Ribo-Zero Gold kit	9606	Supplementary files format and content: Coma-delimited excell file with normalized counts (Normalized_data.csv)	GPL20301	Alberto,,Gómez-Carballa	ksl8tr@gmail.com	Pediatrics	GENVIP research group	Choupana sn	Santiago de Compostela	A coruña	15706	Spain	0	Illumina HiSeq 4000	cDNA	transcriptomic	RNA-Seq	SRA: https://www.ncbi.nlm.nih.gov/sra?term=SRX23938697	NONE
Sample 97_Healthy Control_11	GSM8145084	Public on Dec 09 2024	Mar 13 2024	Dec 09 2024	SRA	1	Whole blood	Homo sapiens	condition: Control	total RNA	The Illumina’s TruSeq RNA Sample Preparation Kit was used for library preparation, and ribosomal and globin RNA depletion was performed using the Illumina® Ribo-Zero Gold kit	9606	Supplementary files format and content: Coma-delimited excell file with normalized counts (Normalized_data.csv)	GPL20301	Alberto,,Gómez-Carballa	ksl8tr@gmail.com	Pediatrics	GENVIP research group	Choupana sn	Santiago de Compostela	A coruña	15706	Spain	0	Illumina HiSeq 4000	cDNA	transcriptomic	RNA-Seq	SRA: https://www.ncbi.nlm.nih.gov/sra?term=SRX23938554	NONE
Sample 98_Healthy Control_12	GSM8145085	Public on Dec 09 2024	Mar 13 2024	Dec 09 2024	SRA	1	Whole blood	Homo sapiens	condition: Control	total RNA	The Illumina’s TruSeq RNA Sample Preparation Kit was used for library preparation, and ribosomal and globin RNA depletion was performed using the Illumina® Ribo-Zero Gold kit	9606	Supplementary files format and content: Coma-delimited excell file with normalized counts (Normalized_data.csv)	GPL20301	Alberto,,Gómez-Carballa	ksl8tr@gmail.com	Pediatrics	GENVIP research group	Choupana sn	Santiago de Compostela	A coruña	15706	Spain	0	Illumina HiSeq 4000	cDNA	transcriptomic	RNA-Seq	SRA: https://www.ncbi.nlm.nih.gov/sra?term=SRX23938555	NONE
Sample 99_Healthy Control_13	GSM8145086	Public on Dec 09 2024	Mar 13 2024	Dec 09 2024	SRA	1	Whole blood	Homo sapiens	condition: Control	total RNA	The Illumina’s TruSeq RNA Sample Preparation Kit was used for library preparation, and ribosomal and globin RNA depletion was performed using the Illumina® Ribo-Zero Gold kit	9606	Supplementary files format and content: Coma-delimited excell file with normalized counts (Normalized_data.csv)	GPL20301	Alberto,,Gómez-Carballa	ksl8tr@gmail.com	Pediatrics	GENVIP research group	Choupana sn	Santiago de Compostela	A coruña	15706	Spain	0	Illumina HiSeq 4000	cDNA	transcriptomic	RNA-Seq	SRA: https://www.ncbi.nlm.nih.gov/sra?term=SRX23938556	NONE
Sample 100_Healthy Control_14	GSM8145087	Public on Dec 09 2024	Mar 13 2024	Dec 09 2024	SRA	1	Whole blood	Homo sapiens	condition: Control	total RNA	The Illumina’s TruSeq RNA Sample Preparation Kit was used for library preparation, and ribosomal and globin RNA depletion was performed using the Illumina® Ribo-Zero Gold kit	9606	Supplementary files format and content: Coma-delimited excell file with normalized counts (Normalized_data.csv)	GPL20301	Alberto,,Gómez-Carballa	ksl8tr@gmail.com	Pediatrics	GENVIP research group	Choupana sn	Santiago de Compostela	A coruña	15706	Spain	0	Illumina HiSeq 4000	cDNA	transcriptomic	RNA-Seq	SRA: https://www.ncbi.nlm.nih.gov/sra?term=SRX23938557	NONE
Sample 101_Healthy Control_15	GSM8145088	Public on Dec 09 2024	Mar 13 2024	Dec 09 2024	SRA	1	Whole blood	Homo sapiens	condition: Control	total RNA	The Illumina’s TruSeq RNA Sample Preparation Kit was used for library preparation, and ribosomal and globin RNA depletion was performed using the Illumina® Ribo-Zero Gold kit	9606	Supplementary files format and content: Coma-delimited excell file with normalized counts (Normalized_data.csv)	GPL20301	Alberto,,Gómez-Carballa	ksl8tr@gmail.com	Pediatrics	GENVIP research group	Choupana sn	Santiago de Compostela	A coruña	15706	Spain	0	Illumina HiSeq 4000	cDNA	transcriptomic	RNA-Seq	SRA: https://www.ncbi.nlm.nih.gov/sra?term=SRX23938558	NONE
Sample 102_Healthy Control_16	GSM8145089	Public on Dec 09 2024	Mar 13 2024	Dec 09 2024	SRA	1	Whole blood	Homo sapiens	condition: Control	total RNA	The Illumina’s TruSeq RNA Sample Preparation Kit was used for library preparation, and ribosomal and globin RNA depletion was performed using the Illumina® Ribo-Zero Gold kit	9606	Supplementary files format and content: Coma-delimited excell file with normalized counts (Normalized_data.csv)	GPL20301	Alberto,,Gómez-Carballa	ksl8tr@gmail.com	Pediatrics	GENVIP research group	Choupana sn	Santiago de Compostela	A coruña	15706	Spain	0	Illumina HiSeq 4000	cDNA	transcriptomic	RNA-Seq	SRA: https://www.ncbi.nlm.nih.gov/sra?term=SRX23938559	NONE
Sample 103_Healthy Control_17	GSM8145090	Public on Dec 09 2024	Mar 13 2024	Dec 09 2024	SRA	1	Whole blood	Homo sapiens	condition: Control	total RNA	The Illumina’s TruSeq RNA Sample Preparation Kit was used for library preparation, and ribosomal and globin RNA depletion was performed using the Illumina® Ribo-Zero Gold kit	9606	Supplementary files format and content: Coma-delimited excell file with normalized counts (Normalized_data.csv)	GPL20301	Alberto,,Gómez-Carballa	ksl8tr@gmail.com	Pediatrics	GENVIP research group	Choupana sn	Santiago de Compostela	A coruña	15706	Spain	0	Illumina HiSeq 4000	cDNA	transcriptomic	RNA-Seq	SRA: https://www.ncbi.nlm.nih.gov/sra?term=SRX23938560	NONE
Sample 104_Healthy Control_18	GSM8145091	Public on Dec 09 2024	Mar 13 2024	Dec 09 2024	SRA	1	Whole blood	Homo sapiens	condition: Control	total RNA	The Illumina’s TruSeq RNA Sample Preparation Kit was used for library preparation, and ribosomal and globin RNA depletion was performed using the Illumina® Ribo-Zero Gold kit	9606	Supplementary files format and content: Coma-delimited excell file with normalized counts (Normalized_data.csv)	GPL20301	Alberto,,Gómez-Carballa	ksl8tr@gmail.com	Pediatrics	GENVIP research group	Choupana sn	Santiago de Compostela	A coruña	15706	Spain	0	Illumina HiSeq 4000	cDNA	transcriptomic	RNA-Seq	SRA: https://www.ncbi.nlm.nih.gov/sra?term=SRX23938561	NONE
Sample 105_Healthy Control_19	GSM8145092	Public on Dec 09 2024	Mar 13 2024	Dec 09 2024	SRA	1	Whole blood	Homo sapiens	condition: Control	total RNA	The Illumina’s TruSeq RNA Sample Preparation Kit was used for library preparation, and ribosomal and globin RNA depletion was performed using the Illumina® Ribo-Zero Gold kit	9606	Supplementary files format and content: Coma-delimited excell file with normalized counts (Normalized_data.csv)	GPL20301	Alberto,,Gómez-Carballa	ksl8tr@gmail.com	Pediatrics	GENVIP research group	Choupana sn	Santiago de Compostela	A coruña	15706	Spain	0	Illumina HiSeq 4000	cDNA	transcriptomic	RNA-Seq	SRA: https://www.ncbi.nlm.nih.gov/sra?term=SRX23938562	NONE
Sample 106_Healthy Control_20	GSM8145093	Public on Dec 09 2024	Mar 13 2024	Dec 09 2024	SRA	1	Whole blood	Homo sapiens	condition: Control	total RNA	The Illumina’s TruSeq RNA Sample Preparation Kit was used for library preparation, and ribosomal and globin RNA depletion was performed using the Illumina® Ribo-Zero Gold kit	9606	Supplementary files format and content: Coma-delimited excell file with normalized counts (Normalized_data.csv)	GPL20301	Alberto,,Gómez-Carballa	ksl8tr@gmail.com	Pediatrics	GENVIP research group	Choupana sn	Santiago de Compostela	A coruña	15706	Spain	0	Illumina HiSeq 4000	cDNA	transcriptomic	RNA-Seq	SRA: https://www.ncbi.nlm.nih.gov/sra?term=SRX23938563	NONE
Sample 107_Healthy Control_21	GSM8145094	Public on Dec 09 2024	Mar 13 2024	Dec 09 2024	SRA	1	Whole blood	Homo sapiens	condition: Control	total RNA	The Illumina’s TruSeq RNA Sample Preparation Kit was used for library preparation, and ribosomal and globin RNA depletion was performed using the Illumina® Ribo-Zero Gold kit	9606	Supplementary files format and content: Coma-delimited excell file with normalized counts (Normalized_data.csv)	GPL20301	Alberto,,Gómez-Carballa	ksl8tr@gmail.com	Pediatrics	GENVIP research group	Choupana sn	Santiago de Compostela	A coruña	15706	Spain	0	Illumina HiSeq 4000	cDNA	transcriptomic	RNA-Seq	SRA: https://www.ncbi.nlm.nih.gov/sra?term=SRX23938564	NONE
Sample 108_Healthy Control_22	GSM8145095	Public on Dec 09 2024	Mar 13 2024	Dec 09 2024	SRA	1	Whole blood	Homo sapiens	condition: Control	total RNA	The Illumina’s TruSeq RNA Sample Preparation Kit was used for library preparation, and ribosomal and globin RNA depletion was performed using the Illumina® Ribo-Zero Gold kit	9606	Supplementary files format and content: Coma-delimited excell file with normalized counts (Normalized_data.csv)	GPL20301	Alberto,,Gómez-Carballa	ksl8tr@gmail.com	Pediatrics	GENVIP research group	Choupana sn	Santiago de Compostela	A coruña	15706	Spain	0	Illumina HiSeq 4000	cDNA	transcriptomic	RNA-Seq	SRA: https://www.ncbi.nlm.nih.gov/sra?term=SRX23938565	NONE
Sample 109_Healthy Control_23	GSM8145096	Public on Dec 09 2024	Mar 13 2024	Dec 09 2024	SRA	1	Whole blood	Homo sapiens	condition: Control	total RNA	The Illumina’s TruSeq RNA Sample Preparation Kit was used for library preparation, and ribosomal and globin RNA depletion was performed using the Illumina® Ribo-Zero Gold kit	9606	Supplementary files format and content: Coma-delimited excell file with normalized counts (Normalized_data.csv)	GPL20301	Alberto,,Gómez-Carballa	ksl8tr@gmail.com	Pediatrics	GENVIP research group	Choupana sn	Santiago de Compostela	A coruña	15706	Spain	0	Illumina HiSeq 4000	cDNA	transcriptomic	RNA-Seq	SRA: https://www.ncbi.nlm.nih.gov/sra?term=SRX23938566	NONE
Sample 110_Healthy Control_24	GSM8145097	Public on Dec 09 2024	Mar 13 2024	Dec 09 2024	SRA	1	Whole blood	Homo sapiens	condition: Control	total RNA	The Illumina’s TruSeq RNA Sample Preparation Kit was used for library preparation, and ribosomal and globin RNA depletion was performed using the Illumina® Ribo-Zero Gold kit	9606	Supplementary files format and content: Coma-delimited excell file with normalized counts (Normalized_data.csv)	GPL20301	Alberto,,Gómez-Carballa	ksl8tr@gmail.com	Pediatrics	GENVIP research group	Choupana sn	Santiago de Compostela	A coruña	15706	Spain	0	Illumina HiSeq 4000	cDNA	transcriptomic	RNA-Seq	SRA: https://www.ncbi.nlm.nih.gov/sra?term=SRX23938567	NONE
Sample 111_Healthy Control_25	GSM8145098	Public on Dec 09 2024	Mar 13 2024	Dec 09 2024	SRA	1	Whole blood	Homo sapiens	condition: Control	total RNA	The Illumina’s TruSeq RNA Sample Preparation Kit was used for library preparation, and ribosomal and globin RNA depletion was performed using the Illumina® Ribo-Zero Gold kit	9606	Supplementary files format and content: Coma-delimited excell file with normalized counts (Normalized_data.csv)	GPL20301	Alberto,,Gómez-Carballa	ksl8tr@gmail.com	Pediatrics	GENVIP research group	Choupana sn	Santiago de Compostela	A coruña	15706	Spain	0	Illumina HiSeq 4000	cDNA	transcriptomic	RNA-Seq	SRA: https://www.ncbi.nlm.nih.gov/sra?term=SRX23938568	NONE
Sample 112_Healthy Control_26	GSM8145099	Public on Dec 09 2024	Mar 13 2024	Dec 09 2024	SRA	1	Whole blood	Homo sapiens	condition: Control	total RNA	The Illumina’s TruSeq RNA Sample Preparation Kit was used for library preparation, and ribosomal and globin RNA depletion was performed using the Illumina® Ribo-Zero Gold kit	9606	Supplementary files format and content: Coma-delimited excell file with normalized counts (Normalized_data.csv)	GPL20301	Alberto,,Gómez-Carballa	ksl8tr@gmail.com	Pediatrics	GENVIP research group	Choupana sn	Santiago de Compostela	A coruña	15706	Spain	0	Illumina HiSeq 4000	cDNA	transcriptomic	RNA-Seq	SRA: https://www.ncbi.nlm.nih.gov/sra?term=SRX23938569	NONE
Sample 113_Paediatric pneumonia_87	GSM8145100	Public on Dec 09 2024	Mar 13 2024	Dec 09 2024	SRA	1	Whole blood	Homo sapiens	condition: Pneumonia	total RNA	The Illumina’s TruSeq RNA Sample Preparation Kit was used for library preparation, and ribosomal and globin RNA depletion was performed using the Illumina® Ribo-Zero Gold kit	9606	Supplementary files format and content: Coma-delimited excell file with normalized counts (Normalized_data.csv)	GPL20301	Alberto,,Gómez-Carballa	ksl8tr@gmail.com	Pediatrics	GENVIP research group	Choupana sn	Santiago de Compostela	A coruña	15706	Spain	0	Illumina HiSeq 4000	cDNA	transcriptomic	RNA-Seq	SRA: https://www.ncbi.nlm.nih.gov/sra?term=SRX23938570	NONE
Sample 114_Paediatric pneumonia_88	GSM8145101	Public on Dec 09 2024	Mar 13 2024	Dec 09 2024	SRA	1	Whole blood	Homo sapiens	condition: Pneumonia	total RNA	The Illumina’s TruSeq RNA Sample Preparation Kit was used for library preparation, and ribosomal and globin RNA depletion was performed using the Illumina® Ribo-Zero Gold kit	9606	Supplementary files format and content: Coma-delimited excell file with normalized counts (Normalized_data.csv)	GPL20301	Alberto,,Gómez-Carballa	ksl8tr@gmail.com	Pediatrics	GENVIP research group	Choupana sn	Santiago de Compostela	A coruña	15706	Spain	0	Illumina HiSeq 4000	cDNA	transcriptomic	RNA-Seq	SRA: https://www.ncbi.nlm.nih.gov/sra?term=SRX23938571	NONE
Sample 115_Paediatric pneumonia_89	GSM8145102	Public on Dec 09 2024	Mar 13 2024	Dec 09 2024	SRA	1	Whole blood	Homo sapiens	condition: Pneumonia	total RNA	The Illumina’s TruSeq RNA Sample Preparation Kit was used for library preparation, and ribosomal and globin RNA depletion was performed using the Illumina® Ribo-Zero Gold kit	9606	Supplementary files format and content: Coma-delimited excell file with normalized counts (Normalized_data.csv)	GPL20301	Alberto,,Gómez-Carballa	ksl8tr@gmail.com	Pediatrics	GENVIP research group	Choupana sn	Santiago de Compostela	A coruña	15706	Spain	0	Illumina HiSeq 4000	cDNA	transcriptomic	RNA-Seq	SRA: https://www.ncbi.nlm.nih.gov/sra?term=SRX23938572	NONE
Sample 116_Paediatric pneumonia_90	GSM8145103	Public on Dec 09 2024	Mar 13 2024	Dec 09 2024	SRA	1	Whole blood	Homo sapiens	condition: Pneumonia	total RNA	The Illumina’s TruSeq RNA Sample Preparation Kit was used for library preparation, and ribosomal and globin RNA depletion was performed using the Illumina® Ribo-Zero Gold kit	9606	Supplementary files format and content: Coma-delimited excell file with normalized counts (Normalized_data.csv)	GPL20301	Alberto,,Gómez-Carballa	ksl8tr@gmail.com	Pediatrics	GENVIP research group	Choupana sn	Santiago de Compostela	A coruña	15706	Spain	0	Illumina HiSeq 4000	cDNA	transcriptomic	RNA-Seq	SRA: https://www.ncbi.nlm.nih.gov/sra?term=SRX23938573	NONE
Sample 117_Paediatric pneumonia_91	GSM8145104	Public on Dec 09 2024	Mar 13 2024	Dec 09 2024	SRA	1	Whole blood	Homo sapiens	condition: Pneumonia	total RNA	The Illumina’s TruSeq RNA Sample Preparation Kit was used for library preparation, and ribosomal and globin RNA depletion was performed using the Illumina® Ribo-Zero Gold kit	9606	Supplementary files format and content: Coma-delimited excell file with normalized counts (Normalized_data.csv)	GPL20301	Alberto,,Gómez-Carballa	ksl8tr@gmail.com	Pediatrics	GENVIP research group	Choupana sn	Santiago de Compostela	A coruña	15706	Spain	0	Illumina HiSeq 4000	cDNA	transcriptomic	RNA-Seq	SRA: https://www.ncbi.nlm.nih.gov/sra?term=SRX23938574	NONE
Sample 118_Paediatric pneumonia_92	GSM8145105	Public on Dec 09 2024	Mar 13 2024	Dec 09 2024	SRA	1	Whole blood	Homo sapiens	condition: Pneumonia	total RNA	The Illumina’s TruSeq RNA Sample Preparation Kit was used for library preparation, and ribosomal and globin RNA depletion was performed using the Illumina® Ribo-Zero Gold kit	9606	Supplementary files format and content: Coma-delimited excell file with normalized counts (Normalized_data.csv)	GPL20301	Alberto,,Gómez-Carballa	ksl8tr@gmail.com	Pediatrics	GENVIP research group	Choupana sn	Santiago de Compostela	A coruña	15706	Spain	0	Illumina HiSeq 4000	cDNA	transcriptomic	RNA-Seq	SRA: https://www.ncbi.nlm.nih.gov/sra?term=SRX23938575	NONE
Sample 119_Paediatric pneumonia_93	GSM8145106	Public on Dec 09 2024	Mar 13 2024	Dec 09 2024	SRA	1	Whole blood	Homo sapiens	condition: Pneumonia	total RNA	The Illumina’s TruSeq RNA Sample Preparation Kit was used for library preparation, and ribosomal and globin RNA depletion was performed using the Illumina® Ribo-Zero Gold kit	9606	Supplementary files format and content: Coma-delimited excell file with normalized counts (Normalized_data.csv)	GPL20301	Alberto,,Gómez-Carballa	ksl8tr@gmail.com	Pediatrics	GENVIP research group	Choupana sn	Santiago de Compostela	A coruña	15706	Spain	0	Illumina HiSeq 4000	cDNA	transcriptomic	RNA-Seq	SRA: https://www.ncbi.nlm.nih.gov/sra?term=SRX23938576	NONE
Sample 120_Paediatric pneumonia_94	GSM8145107	Public on Dec 09 2024	Mar 13 2024	Dec 09 2024	SRA	1	Whole blood	Homo sapiens	condition: Pneumonia	total RNA	The Illumina’s TruSeq RNA Sample Preparation Kit was used for library preparation, and ribosomal and globin RNA depletion was performed using the Illumina® Ribo-Zero Gold kit	9606	Supplementary files format and content: Coma-delimited excell file with normalized counts (Normalized_data.csv)	GPL20301	Alberto,,Gómez-Carballa	ksl8tr@gmail.com	Pediatrics	GENVIP research group	Choupana sn	Santiago de Compostela	A coruña	15706	Spain	0	Illumina HiSeq 4000	cDNA	transcriptomic	RNA-Seq	SRA: https://www.ncbi.nlm.nih.gov/sra?term=SRX23938577	NONE
Sample 121_Paediatric pneumonia_95	GSM8145108	Public on Dec 09 2024	Mar 13 2024	Dec 09 2024	SRA	1	Whole blood	Homo sapiens	condition: Pneumonia	total RNA	The Illumina’s TruSeq RNA Sample Preparation Kit was used for library preparation, and ribosomal and globin RNA depletion was performed using the Illumina® Ribo-Zero Gold kit	9606	Supplementary files format and content: Coma-delimited excell file with normalized counts (Normalized_data.csv)	GPL20301	Alberto,,Gómez-Carballa	ksl8tr@gmail.com	Pediatrics	GENVIP research group	Choupana sn	Santiago de Compostela	A coruña	15706	Spain	0	Illumina HiSeq 4000	cDNA	transcriptomic	RNA-Seq	SRA: https://www.ncbi.nlm.nih.gov/sra?term=SRX23938602	NONE
Sample 122_Paediatric pneumonia_96	GSM8145109	Public on Dec 09 2024	Mar 13 2024	Dec 09 2024	SRA	1	Whole blood	Homo sapiens	condition: Pneumonia	total RNA	The Illumina’s TruSeq RNA Sample Preparation Kit was used for library preparation, and ribosomal and globin RNA depletion was performed using the Illumina® Ribo-Zero Gold kit	9606	Supplementary files format and content: Coma-delimited excell file with normalized counts (Normalized_data.csv)	GPL20301	Alberto,,Gómez-Carballa	ksl8tr@gmail.com	Pediatrics	GENVIP research group	Choupana sn	Santiago de Compostela	A coruña	15706	Spain	0	Illumina HiSeq 4000	cDNA	transcriptomic	RNA-Seq	SRA: https://www.ncbi.nlm.nih.gov/sra?term=SRX23938603	NONE
Sample 123_Paediatric pneumonia_97	GSM8145110	Public on Dec 09 2024	Mar 13 2024	Dec 09 2024	SRA	1	Whole blood	Homo sapiens	condition: Pneumonia	total RNA	The Illumina’s TruSeq RNA Sample Preparation Kit was used for library preparation, and ribosomal and globin RNA depletion was performed using the Illumina® Ribo-Zero Gold kit	9606	Supplementary files format and content: Coma-delimited excell file with normalized counts (Normalized_data.csv)	GPL20301	Alberto,,Gómez-Carballa	ksl8tr@gmail.com	Pediatrics	GENVIP research group	Choupana sn	Santiago de Compostela	A coruña	15706	Spain	0	Illumina HiSeq 4000	cDNA	transcriptomic	RNA-Seq	SRA: https://www.ncbi.nlm.nih.gov/sra?term=SRX23938604	NONE
Sample 124_Paediatric pneumonia_98	GSM8145111	Public on Dec 09 2024	Mar 13 2024	Dec 09 2024	SRA	1	Whole blood	Homo sapiens	condition: Pneumonia	total RNA	The Illumina’s TruSeq RNA Sample Preparation Kit was used for library preparation, and ribosomal and globin RNA depletion was performed using the Illumina® Ribo-Zero Gold kit	9606	Supplementary files format and content: Coma-delimited excell file with normalized counts (Normalized_data.csv)	GPL20301	Alberto,,Gómez-Carballa	ksl8tr@gmail.com	Pediatrics	GENVIP research group	Choupana sn	Santiago de Compostela	A coruña	15706	Spain	0	Illumina HiSeq 4000	cDNA	transcriptomic	RNA-Seq	SRA: https://www.ncbi.nlm.nih.gov/sra?term=SRX23938605	NONE
Sample 125_Paediatric pneumonia_99	GSM8145112	Public on Dec 09 2024	Mar 13 2024	Dec 09 2024	SRA	1	Whole blood	Homo sapiens	condition: Pneumonia	total RNA	The Illumina’s TruSeq RNA Sample Preparation Kit was used for library preparation, and ribosomal and globin RNA depletion was performed using the Illumina® Ribo-Zero Gold kit	9606	Supplementary files format and content: Coma-delimited excell file with normalized counts (Normalized_data.csv)	GPL20301	Alberto,,Gómez-Carballa	ksl8tr@gmail.com	Pediatrics	GENVIP research group	Choupana sn	Santiago de Compostela	A coruña	15706	Spain	0	Illumina HiSeq 4000	cDNA	transcriptomic	RNA-Seq	SRA: https://www.ncbi.nlm.nih.gov/sra?term=SRX23938606	NONE
Sample 126_Paediatric pneumonia_100	GSM8145113	Public on Dec 09 2024	Mar 13 2024	Dec 09 2024	SRA	1	Whole blood	Homo sapiens	condition: Pneumonia	total RNA	The Illumina’s TruSeq RNA Sample Preparation Kit was used for library preparation, and ribosomal and globin RNA depletion was performed using the Illumina® Ribo-Zero Gold kit	9606	Supplementary files format and content: Coma-delimited excell file with normalized counts (Normalized_data.csv)	GPL20301	Alberto,,Gómez-Carballa	ksl8tr@gmail.com	Pediatrics	GENVIP research group	Choupana sn	Santiago de Compostela	A coruña	15706	Spain	0	Illumina HiSeq 4000	cDNA	transcriptomic	RNA-Seq	SRA: https://www.ncbi.nlm.nih.gov/sra?term=SRX23938607	NONE
Sample 127_Paediatric pneumonia_101	GSM8145114	Public on Dec 09 2024	Mar 13 2024	Dec 09 2024	SRA	1	Whole blood	Homo sapiens	condition: Pneumonia	total RNA	The Illumina’s TruSeq RNA Sample Preparation Kit was used for library preparation, and ribosomal and globin RNA depletion was performed using the Illumina® Ribo-Zero Gold kit	9606	Supplementary files format and content: Coma-delimited excell file with normalized counts (Normalized_data.csv)	GPL20301	Alberto,,Gómez-Carballa	ksl8tr@gmail.com	Pediatrics	GENVIP research group	Choupana sn	Santiago de Compostela	A coruña	15706	Spain	0	Illumina HiSeq 4000	cDNA	transcriptomic	RNA-Seq	SRA: https://www.ncbi.nlm.nih.gov/sra?term=SRX23938608	NONE
Sample 128_Paediatric pneumonia_102	GSM8145115	Public on Dec 09 2024	Mar 13 2024	Dec 09 2024	SRA	1	Whole blood	Homo sapiens	condition: Pneumonia	total RNA	The Illumina’s TruSeq RNA Sample Preparation Kit was used for library preparation, and ribosomal and globin RNA depletion was performed using the Illumina® Ribo-Zero Gold kit	9606	Supplementary files format and content: Coma-delimited excell file with normalized counts (Normalized_data.csv)	GPL20301	Alberto,,Gómez-Carballa	ksl8tr@gmail.com	Pediatrics	GENVIP research group	Choupana sn	Santiago de Compostela	A coruña	15706	Spain	0	Illumina HiSeq 4000	cDNA	transcriptomic	RNA-Seq	SRA: https://www.ncbi.nlm.nih.gov/sra?term=SRX23938609	NONE
Sample 129_Paediatric pneumonia_103	GSM8145116	Public on Dec 09 2024	Mar 13 2024	Dec 09 2024	SRA	1	Whole blood	Homo sapiens	condition: Pneumonia	total RNA	The Illumina’s TruSeq RNA Sample Preparation Kit was used for library preparation, and ribosomal and globin RNA depletion was performed using the Illumina® Ribo-Zero Gold kit	9606	Supplementary files format and content: Coma-delimited excell file with normalized counts (Normalized_data.csv)	GPL20301	Alberto,,Gómez-Carballa	ksl8tr@gmail.com	Pediatrics	GENVIP research group	Choupana sn	Santiago de Compostela	A coruña	15706	Spain	0	Illumina HiSeq 4000	cDNA	transcriptomic	RNA-Seq	SRA: https://www.ncbi.nlm.nih.gov/sra?term=SRX23938610	NONE
Sample 130_Paediatric pneumonia_104	GSM8145117	Public on Dec 09 2024	Mar 13 2024	Dec 09 2024	SRA	1	Whole blood	Homo sapiens	condition: Pneumonia	total RNA	The Illumina’s TruSeq RNA Sample Preparation Kit was used for library preparation, and ribosomal and globin RNA depletion was performed using the Illumina® Ribo-Zero Gold kit	9606	Supplementary files format and content: Coma-delimited excell file with normalized counts (Normalized_data.csv)	GPL20301	Alberto,,Gómez-Carballa	ksl8tr@gmail.com	Pediatrics	GENVIP research group	Choupana sn	Santiago de Compostela	A coruña	15706	Spain	0	Illumina HiSeq 4000	cDNA	transcriptomic	RNA-Seq	SRA: https://www.ncbi.nlm.nih.gov/sra?term=SRX23938611	NONE
Sample 131_Paediatric pneumonia_105	GSM8145118	Public on Dec 09 2024	Mar 13 2024	Dec 09 2024	SRA	1	Whole blood	Homo sapiens	condition: Pneumonia	total RNA	The Illumina’s TruSeq RNA Sample Preparation Kit was used for library preparation, and ribosomal and globin RNA depletion was performed using the Illumina® Ribo-Zero Gold kit	9606	Supplementary files format and content: Coma-delimited excell file with normalized counts (Normalized_data.csv)	GPL20301	Alberto,,Gómez-Carballa	ksl8tr@gmail.com	Pediatrics	GENVIP research group	Choupana sn	Santiago de Compostela	A coruña	15706	Spain	0	Illumina HiSeq 4000	cDNA	transcriptomic	RNA-Seq	SRA: https://www.ncbi.nlm.nih.gov/sra?term=SRX23938612	NONE
Sample 132_Paediatric pneumonia_106	GSM8145119	Public on Dec 09 2024	Mar 13 2024	Dec 09 2024	SRA	1	Whole blood	Homo sapiens	condition: Pneumonia	total RNA	The Illumina’s TruSeq RNA Sample Preparation Kit was used for library preparation, and ribosomal and globin RNA depletion was performed using the Illumina® Ribo-Zero Gold kit	9606	Supplementary files format and content: Coma-delimited excell file with normalized counts (Normalized_data.csv)	GPL20301	Alberto,,Gómez-Carballa	ksl8tr@gmail.com	Pediatrics	GENVIP research group	Choupana sn	Santiago de Compostela	A coruña	15706	Spain	0	Illumina HiSeq 4000	cDNA	transcriptomic	RNA-Seq	SRA: https://www.ncbi.nlm.nih.gov/sra?term=SRX23938613	NONE
Sample 133_Paediatric pneumonia_107	GSM8145120	Public on Dec 09 2024	Mar 13 2024	Dec 09 2024	SRA	1	Whole blood	Homo sapiens	condition: Pneumonia	total RNA	The Illumina’s TruSeq RNA Sample Preparation Kit was used for library preparation, and ribosomal and globin RNA depletion was performed using the Illumina® Ribo-Zero Gold kit	9606	Supplementary files format and content: Coma-delimited excell file with normalized counts (Normalized_data.csv)	GPL20301	Alberto,,Gómez-Carballa	ksl8tr@gmail.com	Pediatrics	GENVIP research group	Choupana sn	Santiago de Compostela	A coruña	15706	Spain	0	Illumina HiSeq 4000	cDNA	transcriptomic	RNA-Seq	SRA: https://www.ncbi.nlm.nih.gov/sra?term=SRX23938614	NONE
Sample 134_Paediatric pneumonia_108	GSM8145121	Public on Dec 09 2024	Mar 13 2024	Dec 09 2024	SRA	1	Whole blood	Homo sapiens	condition: Pneumonia	total RNA	The Illumina’s TruSeq RNA Sample Preparation Kit was used for library preparation, and ribosomal and globin RNA depletion was performed using the Illumina® Ribo-Zero Gold kit	9606	Supplementary files format and content: Coma-delimited excell file with normalized counts (Normalized_data.csv)	GPL20301	Alberto,,Gómez-Carballa	ksl8tr@gmail.com	Pediatrics	GENVIP research group	Choupana sn	Santiago de Compostela	A coruña	15706	Spain	0	Illumina HiSeq 4000	cDNA	transcriptomic	RNA-Seq	SRA: https://www.ncbi.nlm.nih.gov/sra?term=SRX23938615	NONE
Sample 135_Paediatric pneumonia_109	GSM8145122	Public on Dec 09 2024	Mar 13 2024	Dec 09 2024	SRA	1	Whole blood	Homo sapiens	condition: Pneumonia	total RNA	The Illumina’s TruSeq RNA Sample Preparation Kit was used for library preparation, and ribosomal and globin RNA depletion was performed using the Illumina® Ribo-Zero Gold kit	9606	Supplementary files format and content: Coma-delimited excell file with normalized counts (Normalized_data.csv)	GPL20301	Alberto,,Gómez-Carballa	ksl8tr@gmail.com	Pediatrics	GENVIP research group	Choupana sn	Santiago de Compostela	A coruña	15706	Spain	0	Illumina HiSeq 4000	cDNA	transcriptomic	RNA-Seq	SRA: https://www.ncbi.nlm.nih.gov/sra?term=SRX23938616	NONE
Sample 136_Paediatric pneumonia_110	GSM8145123	Public on Dec 09 2024	Mar 13 2024	Dec 09 2024	SRA	1	Whole blood	Homo sapiens	condition: Pneumonia	total RNA	The Illumina’s TruSeq RNA Sample Preparation Kit was used for library preparation, and ribosomal and globin RNA depletion was performed using the Illumina® Ribo-Zero Gold kit	9606	Supplementary files format and content: Coma-delimited excell file with normalized counts (Normalized_data.csv)	GPL20301	Alberto,,Gómez-Carballa	ksl8tr@gmail.com	Pediatrics	GENVIP research group	Choupana sn	Santiago de Compostela	A coruña	15706	Spain	0	Illumina HiSeq 4000	cDNA	transcriptomic	RNA-Seq	SRA: https://www.ncbi.nlm.nih.gov/sra?term=SRX23938617	NONE
Sample 137_Paediatric pneumonia_111	GSM8145124	Public on Dec 09 2024	Mar 13 2024	Dec 09 2024	SRA	1	Whole blood	Homo sapiens	condition: Pneumonia	total RNA	The Illumina’s TruSeq RNA Sample Preparation Kit was used for library preparation, and ribosomal and globin RNA depletion was performed using the Illumina® Ribo-Zero Gold kit	9606	Supplementary files format and content: Coma-delimited excell file with normalized counts (Normalized_data.csv)	GPL20301	Alberto,,Gómez-Carballa	ksl8tr@gmail.com	Pediatrics	GENVIP research group	Choupana sn	Santiago de Compostela	A coruña	15706	Spain	0	Illumina HiSeq 4000	cDNA	transcriptomic	RNA-Seq	SRA: https://www.ncbi.nlm.nih.gov/sra?term=SRX23938618	NONE
Sample 138_Paediatric pneumonia_112	GSM8145125	Public on Dec 09 2024	Mar 13 2024	Dec 09 2024	SRA	1	Whole blood	Homo sapiens	condition: Pneumonia	total RNA	The Illumina’s TruSeq RNA Sample Preparation Kit was used for library preparation, and ribosomal and globin RNA depletion was performed using the Illumina® Ribo-Zero Gold kit	9606	Supplementary files format and content: Coma-delimited excell file with normalized counts (Normalized_data.csv)	GPL20301	Alberto,,Gómez-Carballa	ksl8tr@gmail.com	Pediatrics	GENVIP research group	Choupana sn	Santiago de Compostela	A coruña	15706	Spain	0	Illumina HiSeq 4000	cDNA	transcriptomic	RNA-Seq	SRA: https://www.ncbi.nlm.nih.gov/sra?term=SRX23938619	NONE
Sample 139_Paediatric pneumonia_113	GSM8145126	Public on Dec 09 2024	Mar 13 2024	Dec 09 2024	SRA	1	Whole blood	Homo sapiens	condition: Pneumonia	total RNA	The Illumina’s TruSeq RNA Sample Preparation Kit was used for library preparation, and ribosomal and globin RNA depletion was performed using the Illumina® Ribo-Zero Gold kit	9606	Supplementary files format and content: Coma-delimited excell file with normalized counts (Normalized_data.csv)	GPL20301	Alberto,,Gómez-Carballa	ksl8tr@gmail.com	Pediatrics	GENVIP research group	Choupana sn	Santiago de Compostela	A coruña	15706	Spain	0	Illumina HiSeq 4000	cDNA	transcriptomic	RNA-Seq	SRA: https://www.ncbi.nlm.nih.gov/sra?term=SRX23938620	NONE
Sample 140_Paediatric pneumonia_114	GSM8145127	Public on Dec 09 2024	Mar 13 2024	Dec 09 2024	SRA	1	Whole blood	Homo sapiens	condition: Pneumonia	total RNA	The Illumina’s TruSeq RNA Sample Preparation Kit was used for library preparation, and ribosomal and globin RNA depletion was performed using the Illumina® Ribo-Zero Gold kit	9606	Supplementary files format and content: Coma-delimited excell file with normalized counts (Normalized_data.csv)	GPL20301	Alberto,,Gómez-Carballa	ksl8tr@gmail.com	Pediatrics	GENVIP research group	Choupana sn	Santiago de Compostela	A coruña	15706	Spain	0	Illumina HiSeq 4000	cDNA	transcriptomic	RNA-Seq	SRA: https://www.ncbi.nlm.nih.gov/sra?term=SRX23938621	NONE
Sample 141_Paediatric pneumonia_115	GSM8145128	Public on Dec 09 2024	Mar 13 2024	Dec 09 2024	SRA	1	Whole blood	Homo sapiens	condition: Pneumonia	total RNA	The Illumina’s TruSeq RNA Sample Preparation Kit was used for library preparation, and ribosomal and globin RNA depletion was performed using the Illumina® Ribo-Zero Gold kit	9606	Supplementary files format and content: Coma-delimited excell file with normalized counts (Normalized_data.csv)	GPL20301	Alberto,,Gómez-Carballa	ksl8tr@gmail.com	Pediatrics	GENVIP research group	Choupana sn	Santiago de Compostela	A coruña	15706	Spain	0	Illumina HiSeq 4000	cDNA	transcriptomic	RNA-Seq	SRA: https://www.ncbi.nlm.nih.gov/sra?term=SRX23938622	NONE
Sample 142_Paediatric pneumonia_116	GSM8145129	Public on Dec 09 2024	Mar 13 2024	Dec 09 2024	SRA	1	Whole blood	Homo sapiens	condition: Pneumonia	total RNA	The Illumina’s TruSeq RNA Sample Preparation Kit was used for library preparation, and ribosomal and globin RNA depletion was performed using the Illumina® Ribo-Zero Gold kit	9606	Supplementary files format and content: Coma-delimited excell file with normalized counts (Normalized_data.csv)	GPL20301	Alberto,,Gómez-Carballa	ksl8tr@gmail.com	Pediatrics	GENVIP research group	Choupana sn	Santiago de Compostela	A coruña	15706	Spain	0	Illumina HiSeq 4000	cDNA	transcriptomic	RNA-Seq	SRA: https://www.ncbi.nlm.nih.gov/sra?term=SRX23938623	NONE
Sample 143_Paediatric pneumonia_117	GSM8145130	Public on Dec 09 2024	Mar 13 2024	Dec 09 2024	SRA	1	Whole blood	Homo sapiens	condition: Pneumonia	total RNA	The Illumina’s TruSeq RNA Sample Preparation Kit was used for library preparation, and ribosomal and globin RNA depletion was performed using the Illumina® Ribo-Zero Gold kit	9606	Supplementary files format and content: Coma-delimited excell file with normalized counts (Normalized_data.csv)	GPL20301	Alberto,,Gómez-Carballa	ksl8tr@gmail.com	Pediatrics	GENVIP research group	Choupana sn	Santiago de Compostela	A coruña	15706	Spain	0	Illumina HiSeq 4000	cDNA	transcriptomic	RNA-Seq	SRA: https://www.ncbi.nlm.nih.gov/sra?term=SRX23938624	NONE
Sample 144_Paediatric pneumonia_118	GSM8145131	Public on Dec 09 2024	Mar 13 2024	Dec 09 2024	SRA	1	Whole blood	Homo sapiens	condition: Pneumonia	total RNA	The Illumina’s TruSeq RNA Sample Preparation Kit was used for library preparation, and ribosomal and globin RNA depletion was performed using the Illumina® Ribo-Zero Gold kit	9606	Supplementary files format and content: Coma-delimited excell file with normalized counts (Normalized_data.csv)	GPL20301	Alberto,,Gómez-Carballa	ksl8tr@gmail.com	Pediatrics	GENVIP research group	Choupana sn	Santiago de Compostela	A coruña	15706	Spain	0	Illumina HiSeq 4000	cDNA	transcriptomic	RNA-Seq	SRA: https://www.ncbi.nlm.nih.gov/sra?term=SRX23938625	NONE
Sample 145_Paediatric pneumonia_119	GSM8145132	Public on Dec 09 2024	Mar 13 2024	Dec 09 2024	SRA	1	Whole blood	Homo sapiens	condition: Pneumonia	total RNA	The Illumina’s TruSeq RNA Sample Preparation Kit was used for library preparation, and ribosomal and globin RNA depletion was performed using the Illumina® Ribo-Zero Gold kit	9606	Supplementary files format and content: Coma-delimited excell file with normalized counts (Normalized_data.csv)	GPL20301	Alberto,,Gómez-Carballa	ksl8tr@gmail.com	Pediatrics	GENVIP research group	Choupana sn	Santiago de Compostela	A coruña	15706	Spain	0	Illumina HiSeq 4000	cDNA	transcriptomic	RNA-Seq	SRA: https://www.ncbi.nlm.nih.gov/sra?term=SRX23938650	NONE
Sample 146_Paediatric pneumonia_120	GSM8145133	Public on Dec 09 2024	Mar 13 2024	Dec 09 2024	SRA	1	Whole blood	Homo sapiens	condition: Pneumonia	total RNA	The Illumina’s TruSeq RNA Sample Preparation Kit was used for library preparation, and ribosomal and globin RNA depletion was performed using the Illumina® Ribo-Zero Gold kit	9606	Supplementary files format and content: Coma-delimited excell file with normalized counts (Normalized_data.csv)	GPL20301	Alberto,,Gómez-Carballa	ksl8tr@gmail.com	Pediatrics	GENVIP research group	Choupana sn	Santiago de Compostela	A coruña	15706	Spain	0	Illumina HiSeq 4000	cDNA	transcriptomic	RNA-Seq	SRA: https://www.ncbi.nlm.nih.gov/sra?term=SRX23938651	NONE
Sample 147_Paediatric pneumonia_121	GSM8145134	Public on Dec 09 2024	Mar 13 2024	Dec 09 2024	SRA	1	Whole blood	Homo sapiens	condition: Pneumonia	total RNA	The Illumina’s TruSeq RNA Sample Preparation Kit was used for library preparation, and ribosomal and globin RNA depletion was performed using the Illumina® Ribo-Zero Gold kit	9606	Supplementary files format and content: Coma-delimited excell file with normalized counts (Normalized_data.csv)	GPL20301	Alberto,,Gómez-Carballa	ksl8tr@gmail.com	Pediatrics	GENVIP research group	Choupana sn	Santiago de Compostela	A coruña	15706	Spain	0	Illumina HiSeq 4000	cDNA	transcriptomic	RNA-Seq	SRA: https://www.ncbi.nlm.nih.gov/sra?term=SRX23938652	NONE
Sample 148_Paediatric pneumonia_122	GSM8145135	Public on Dec 09 2024	Mar 13 2024	Dec 09 2024	SRA	1	Whole blood	Homo sapiens	condition: Pneumonia	total RNA	The Illumina’s TruSeq RNA Sample Preparation Kit was used for library preparation, and ribosomal and globin RNA depletion was performed using the Illumina® Ribo-Zero Gold kit	9606	Supplementary files format and content: Coma-delimited excell file with normalized counts (Normalized_data.csv)	GPL20301	Alberto,,Gómez-Carballa	ksl8tr@gmail.com	Pediatrics	GENVIP research group	Choupana sn	Santiago de Compostela	A coruña	15706	Spain	0	Illumina HiSeq 4000	cDNA	transcriptomic	RNA-Seq	SRA: https://www.ncbi.nlm.nih.gov/sra?term=SRX23938653	NONE
Sample 149_Paediatric pneumonia_123	GSM8145136	Public on Dec 09 2024	Mar 13 2024	Dec 09 2024	SRA	1	Whole blood	Homo sapiens	condition: Pneumonia	total RNA	The Illumina’s TruSeq RNA Sample Preparation Kit was used for library preparation, and ribosomal and globin RNA depletion was performed using the Illumina® Ribo-Zero Gold kit	9606	Supplementary files format and content: Coma-delimited excell file with normalized counts (Normalized_data.csv)	GPL20301	Alberto,,Gómez-Carballa	ksl8tr@gmail.com	Pediatrics	GENVIP research group	Choupana sn	Santiago de Compostela	A coruña	15706	Spain	0	Illumina HiSeq 4000	cDNA	transcriptomic	RNA-Seq	SRA: https://www.ncbi.nlm.nih.gov/sra?term=SRX23938654	NONE
Sample 150_Paediatric pneumonia_124	GSM8145137	Public on Dec 09 2024	Mar 13 2024	Dec 09 2024	SRA	1	Whole blood	Homo sapiens	condition: Pneumonia	total RNA	The Illumina’s TruSeq RNA Sample Preparation Kit was used for library preparation, and ribosomal and globin RNA depletion was performed using the Illumina® Ribo-Zero Gold kit	9606	Supplementary files format and content: Coma-delimited excell file with normalized counts (Normalized_data.csv)	GPL20301	Alberto,,Gómez-Carballa	ksl8tr@gmail.com	Pediatrics	GENVIP research group	Choupana sn	Santiago de Compostela	A coruña	15706	Spain	0	Illumina HiSeq 4000	cDNA	transcriptomic	RNA-Seq	SRA: https://www.ncbi.nlm.nih.gov/sra?term=SRX23938655	NONE
Sample 151_Paediatric pneumonia_125	GSM8145138	Public on Dec 09 2024	Mar 13 2024	Dec 09 2024	SRA	1	Whole blood	Homo sapiens	condition: Pneumonia	total RNA	The Illumina’s TruSeq RNA Sample Preparation Kit was used for library preparation, and ribosomal and globin RNA depletion was performed using the Illumina® Ribo-Zero Gold kit	9606	Supplementary files format and content: Coma-delimited excell file with normalized counts (Normalized_data.csv)	GPL20301	Alberto,,Gómez-Carballa	ksl8tr@gmail.com	Pediatrics	GENVIP research group	Choupana sn	Santiago de Compostela	A coruña	15706	Spain	0	Illumina HiSeq 4000	cDNA	transcriptomic	RNA-Seq	SRA: https://www.ncbi.nlm.nih.gov/sra?term=SRX23938656	NONE
Sample 152_Paediatric pneumonia_126	GSM8145139	Public on Dec 09 2024	Mar 13 2024	Dec 09 2024	SRA	1	Whole blood	Homo sapiens	condition: Pneumonia	total RNA	The Illumina’s TruSeq RNA Sample Preparation Kit was used for library preparation, and ribosomal and globin RNA depletion was performed using the Illumina® Ribo-Zero Gold kit	9606	Supplementary files format and content: Coma-delimited excell file with normalized counts (Normalized_data.csv)	GPL20301	Alberto,,Gómez-Carballa	ksl8tr@gmail.com	Pediatrics	GENVIP research group	Choupana sn	Santiago de Compostela	A coruña	15706	Spain	0	Illumina HiSeq 4000	cDNA	transcriptomic	RNA-Seq	SRA: https://www.ncbi.nlm.nih.gov/sra?term=SRX23938657	NONE
Sample 153_Paediatric pneumonia_127	GSM8145140	Public on Dec 09 2024	Mar 13 2024	Dec 09 2024	SRA	1	Whole blood	Homo sapiens	condition: Pneumonia	total RNA	The Illumina’s TruSeq RNA Sample Preparation Kit was used for library preparation, and ribosomal and globin RNA depletion was performed using the Illumina® Ribo-Zero Gold kit	9606	Supplementary files format and content: Coma-delimited excell file with normalized counts (Normalized_data.csv)	GPL20301	Alberto,,Gómez-Carballa	ksl8tr@gmail.com	Pediatrics	GENVIP research group	Choupana sn	Santiago de Compostela	A coruña	15706	Spain	0	Illumina HiSeq 4000	cDNA	transcriptomic	RNA-Seq	SRA: https://www.ncbi.nlm.nih.gov/sra?term=SRX23938658	NONE
Sample 154_Paediatric pneumonia_128	GSM8145141	Public on Dec 09 2024	Mar 13 2024	Dec 09 2024	SRA	1	Whole blood	Homo sapiens	condition: Pneumonia	total RNA	The Illumina’s TruSeq RNA Sample Preparation Kit was used for library preparation, and ribosomal and globin RNA depletion was performed using the Illumina® Ribo-Zero Gold kit	9606	Supplementary files format and content: Coma-delimited excell file with normalized counts (Normalized_data.csv)	GPL20301	Alberto,,Gómez-Carballa	ksl8tr@gmail.com	Pediatrics	GENVIP research group	Choupana sn	Santiago de Compostela	A coruña	15706	Spain	0	Illumina HiSeq 4000	cDNA	transcriptomic	RNA-Seq	SRA: https://www.ncbi.nlm.nih.gov/sra?term=SRX23938659	NONE
Sample 155_Paediatric pneumonia_129	GSM8145142	Public on Dec 09 2024	Mar 13 2024	Dec 09 2024	SRA	1	Whole blood	Homo sapiens	condition: Pneumonia	total RNA	The Illumina’s TruSeq RNA Sample Preparation Kit was used for library preparation, and ribosomal and globin RNA depletion was performed using the Illumina® Ribo-Zero Gold kit	9606	Supplementary files format and content: Coma-delimited excell file with normalized counts (Normalized_data.csv)	GPL20301	Alberto,,Gómez-Carballa	ksl8tr@gmail.com	Pediatrics	GENVIP research group	Choupana sn	Santiago de Compostela	A coruña	15706	Spain	0	Illumina HiSeq 4000	cDNA	transcriptomic	RNA-Seq	SRA: https://www.ncbi.nlm.nih.gov/sra?term=SRX23938660	NONE
Sample 156_Paediatric pneumonia_130	GSM8145143	Public on Dec 09 2024	Mar 13 2024	Dec 09 2024	SRA	1	Whole blood	Homo sapiens	condition: Pneumonia	total RNA	The Illumina’s TruSeq RNA Sample Preparation Kit was used for library preparation, and ribosomal and globin RNA depletion was performed using the Illumina® Ribo-Zero Gold kit	9606	Supplementary files format and content: Coma-delimited excell file with normalized counts (Normalized_data.csv)	GPL20301	Alberto,,Gómez-Carballa	ksl8tr@gmail.com	Pediatrics	GENVIP research group	Choupana sn	Santiago de Compostela	A coruña	15706	Spain	0	Illumina HiSeq 4000	cDNA	transcriptomic	RNA-Seq	SRA: https://www.ncbi.nlm.nih.gov/sra?term=SRX23938661	NONE
Sample 157_Paediatric pneumonia_131	GSM8145144	Public on Dec 09 2024	Mar 13 2024	Dec 09 2024	SRA	1	Whole blood	Homo sapiens	condition: Pneumonia	total RNA	The Illumina’s TruSeq RNA Sample Preparation Kit was used for library preparation, and ribosomal and globin RNA depletion was performed using the Illumina® Ribo-Zero Gold kit	9606	Supplementary files format and content: Coma-delimited excell file with normalized counts (Normalized_data.csv)	GPL20301	Alberto,,Gómez-Carballa	ksl8tr@gmail.com	Pediatrics	GENVIP research group	Choupana sn	Santiago de Compostela	A coruña	15706	Spain	0	Illumina HiSeq 4000	cDNA	transcriptomic	RNA-Seq	SRA: https://www.ncbi.nlm.nih.gov/sra?term=SRX23938662	NONE
Sample 158_Paediatric pneumonia_132	GSM8145145	Public on Dec 09 2024	Mar 13 2024	Dec 09 2024	SRA	1	Whole blood	Homo sapiens	condition: Pneumonia	total RNA	The Illumina’s TruSeq RNA Sample Preparation Kit was used for library preparation, and ribosomal and globin RNA depletion was performed using the Illumina® Ribo-Zero Gold kit	9606	Supplementary files format and content: Coma-delimited excell file with normalized counts (Normalized_data.csv)	GPL20301	Alberto,,Gómez-Carballa	ksl8tr@gmail.com	Pediatrics	GENVIP research group	Choupana sn	Santiago de Compostela	A coruña	15706	Spain	0	Illumina HiSeq 4000	cDNA	transcriptomic	RNA-Seq	SRA: https://www.ncbi.nlm.nih.gov/sra?term=SRX23938663	NONE
Sample 159_Paediatric pneumonia_133	GSM8145146	Public on Dec 09 2024	Mar 13 2024	Dec 09 2024	SRA	1	Whole blood	Homo sapiens	condition: Pneumonia	total RNA	The Illumina’s TruSeq RNA Sample Preparation Kit was used for library preparation, and ribosomal and globin RNA depletion was performed using the Illumina® Ribo-Zero Gold kit	9606	Supplementary files format and content: Coma-delimited excell file with normalized counts (Normalized_data.csv)	GPL20301	Alberto,,Gómez-Carballa	ksl8tr@gmail.com	Pediatrics	GENVIP research group	Choupana sn	Santiago de Compostela	A coruña	15706	Spain	0	Illumina HiSeq 4000	cDNA	transcriptomic	RNA-Seq	SRA: https://www.ncbi.nlm.nih.gov/sra?term=SRX23938664	NONE
Sample 160_Paediatric pneumonia_134	GSM8145147	Public on Dec 09 2024	Mar 13 2024	Dec 09 2024	SRA	1	Whole blood	Homo sapiens	condition: Pneumonia	total RNA	The Illumina’s TruSeq RNA Sample Preparation Kit was used for library preparation, and ribosomal and globin RNA depletion was performed using the Illumina® Ribo-Zero Gold kit	9606	Supplementary files format and content: Coma-delimited excell file with normalized counts (Normalized_data.csv)	GPL20301	Alberto,,Gómez-Carballa	ksl8tr@gmail.com	Pediatrics	GENVIP research group	Choupana sn	Santiago de Compostela	A coruña	15706	Spain	0	Illumina HiSeq 4000	cDNA	transcriptomic	RNA-Seq	SRA: https://www.ncbi.nlm.nih.gov/sra?term=SRX23938665	NONE
Sample 161_Paediatric pneumonia_135	GSM8145148	Public on Dec 09 2024	Mar 13 2024	Dec 09 2024	SRA	1	Whole blood	Homo sapiens	condition: Pneumonia	total RNA	The Illumina’s TruSeq RNA Sample Preparation Kit was used for library preparation, and ribosomal and globin RNA depletion was performed using the Illumina® Ribo-Zero Gold kit	9606	Supplementary files format and content: Coma-delimited excell file with normalized counts (Normalized_data.csv)	GPL20301	Alberto,,Gómez-Carballa	ksl8tr@gmail.com	Pediatrics	GENVIP research group	Choupana sn	Santiago de Compostela	A coruña	15706	Spain	0	Illumina HiSeq 4000	cDNA	transcriptomic	RNA-Seq	SRA: https://www.ncbi.nlm.nih.gov/sra?term=SRX23938666	NONE
Sample 162_Paediatric pneumonia_136	GSM8145149	Public on Dec 09 2024	Mar 13 2024	Dec 09 2024	SRA	1	Whole blood	Homo sapiens	condition: Pneumonia	total RNA	The Illumina’s TruSeq RNA Sample Preparation Kit was used for library preparation, and ribosomal and globin RNA depletion was performed using the Illumina® Ribo-Zero Gold kit	9606	Supplementary files format and content: Coma-delimited excell file with normalized counts (Normalized_data.csv)	GPL20301	Alberto,,Gómez-Carballa	ksl8tr@gmail.com	Pediatrics	GENVIP research group	Choupana sn	Santiago de Compostela	A coruña	15706	Spain	0	Illumina HiSeq 4000	cDNA	transcriptomic	RNA-Seq	SRA: https://www.ncbi.nlm.nih.gov/sra?term=SRX23938667	NONE
Sample 163_Paediatric pneumonia_137	GSM8145150	Public on Dec 09 2024	Mar 13 2024	Dec 09 2024	SRA	1	Whole blood	Homo sapiens	condition: Pneumonia	total RNA	The Illumina’s TruSeq RNA Sample Preparation Kit was used for library preparation, and ribosomal and globin RNA depletion was performed using the Illumina® Ribo-Zero Gold kit	9606	Supplementary files format and content: Coma-delimited excell file with normalized counts (Normalized_data.csv)	GPL20301	Alberto,,Gómez-Carballa	ksl8tr@gmail.com	Pediatrics	GENVIP research group	Choupana sn	Santiago de Compostela	A coruña	15706	Spain	0	Illumina HiSeq 4000	cDNA	transcriptomic	RNA-Seq	SRA: https://www.ncbi.nlm.nih.gov/sra?term=SRX23938668	NONE
Sample 164_Paediatric pneumonia_138	GSM8145151	Public on Dec 09 2024	Mar 13 2024	Dec 09 2024	SRA	1	Whole blood	Homo sapiens	condition: Pneumonia	total RNA	The Illumina’s TruSeq RNA Sample Preparation Kit was used for library preparation, and ribosomal and globin RNA depletion was performed using the Illumina® Ribo-Zero Gold kit	9606	Supplementary files format and content: Coma-delimited excell file with normalized counts (Normalized_data.csv)	GPL20301	Alberto,,Gómez-Carballa	ksl8tr@gmail.com	Pediatrics	GENVIP research group	Choupana sn	Santiago de Compostela	A coruña	15706	Spain	0	Illumina HiSeq 4000	cDNA	transcriptomic	RNA-Seq	SRA: https://www.ncbi.nlm.nih.gov/sra?term=SRX23938669	NONE
Sample 165_Paediatric pneumonia_139	GSM8145152	Public on Dec 09 2024	Mar 13 2024	Dec 09 2024	SRA	1	Whole blood	Homo sapiens	condition: Pneumonia	total RNA	The Illumina’s TruSeq RNA Sample Preparation Kit was used for library preparation, and ribosomal and globin RNA depletion was performed using the Illumina® Ribo-Zero Gold kit	9606	Supplementary files format and content: Coma-delimited excell file with normalized counts (Normalized_data.csv)	GPL20301	Alberto,,Gómez-Carballa	ksl8tr@gmail.com	Pediatrics	GENVIP research group	Choupana sn	Santiago de Compostela	A coruña	15706	Spain	0	Illumina HiSeq 4000	cDNA	transcriptomic	RNA-Seq	SRA: https://www.ncbi.nlm.nih.gov/sra?term=SRX23938670	NONE
Sample 166_Healthy control_27	GSM8145153	Public on Dec 09 2024	Mar 13 2024	Dec 09 2024	SRA	1	Whole blood	Homo sapiens	condition: Control	total RNA	The Illumina’s TruSeq RNA Sample Preparation Kit was used for library preparation, and ribosomal and globin RNA depletion was performed using the Illumina® Ribo-Zero Gold kit	9606	Supplementary files format and content: Coma-delimited excell file with normalized counts (Normalized_data.csv)	GPL20301	Alberto,,Gómez-Carballa	ksl8tr@gmail.com	Pediatrics	GENVIP research group	Choupana sn	Santiago de Compostela	A coruña	15706	Spain	0	Illumina HiSeq 4000	cDNA	transcriptomic	RNA-Seq	SRA: https://www.ncbi.nlm.nih.gov/sra?term=SRX23938671	NONE
Sample 167_Healthy control_28	GSM8145154	Public on Dec 09 2024	Mar 13 2024	Dec 09 2024	SRA	1	Whole blood	Homo sapiens	condition: Control	total RNA	The Illumina’s TruSeq RNA Sample Preparation Kit was used for library preparation, and ribosomal and globin RNA depletion was performed using the Illumina® Ribo-Zero Gold kit	9606	Supplementary files format and content: Coma-delimited excell file with normalized counts (Normalized_data.csv)	GPL20301	Alberto,,Gómez-Carballa	ksl8tr@gmail.com	Pediatrics	GENVIP research group	Choupana sn	Santiago de Compostela	A coruña	15706	Spain	0	Illumina HiSeq 4000	cDNA	transcriptomic	RNA-Seq	SRA: https://www.ncbi.nlm.nih.gov/sra?term=SRX23938672	NONE
Sample 168_Healthy control_29	GSM8145155	Public on Dec 09 2024	Mar 13 2024	Dec 09 2024	SRA	1	Whole blood	Homo sapiens	condition: Control	total RNA	The Illumina’s TruSeq RNA Sample Preparation Kit was used for library preparation, and ribosomal and globin RNA depletion was performed using the Illumina® Ribo-Zero Gold kit	9606	Supplementary files format and content: Coma-delimited excell file with normalized counts (Normalized_data.csv)	GPL20301	Alberto,,Gómez-Carballa	ksl8tr@gmail.com	Pediatrics	GENVIP research group	Choupana sn	Santiago de Compostela	A coruña	15706	Spain	0	Illumina HiSeq 4000	cDNA	transcriptomic	RNA-Seq	SRA: https://www.ncbi.nlm.nih.gov/sra?term=SRX23938673	NONE
Sample 169_Healthy control_30	GSM8145156	Public on Dec 09 2024	Mar 13 2024	Dec 09 2024	SRA	1	Whole blood	Homo sapiens	condition: Control	total RNA	The Illumina’s TruSeq RNA Sample Preparation Kit was used for library preparation, and ribosomal and globin RNA depletion was performed using the Illumina® Ribo-Zero Gold kit	9606	Supplementary files format and content: Coma-delimited excell file with normalized counts (Normalized_data.csv)	GPL20301	Alberto,,Gómez-Carballa	ksl8tr@gmail.com	Pediatrics	GENVIP research group	Choupana sn	Santiago de Compostela	A coruña	15706	Spain	0	Illumina HiSeq 4000	cDNA	transcriptomic	RNA-Seq	SRA: https://www.ncbi.nlm.nih.gov/sra?term=SRX23938698	NONE
Sample 170_Healthy control_31	GSM8145157	Public on Dec 09 2024	Mar 13 2024	Dec 09 2024	SRA	1	Whole blood	Homo sapiens	condition: Control	total RNA	The Illumina’s TruSeq RNA Sample Preparation Kit was used for library preparation, and ribosomal and globin RNA depletion was performed using the Illumina® Ribo-Zero Gold kit	9606	Supplementary files format and content: Coma-delimited excell file with normalized counts (Normalized_data.csv)	GPL20301	Alberto,,Gómez-Carballa	ksl8tr@gmail.com	Pediatrics	GENVIP research group	Choupana sn	Santiago de Compostela	A coruña	15706	Spain	0	Illumina HiSeq 4000	cDNA	transcriptomic	RNA-Seq	SRA: https://www.ncbi.nlm.nih.gov/sra?term=SRX23938699	NONE
Sample 171_Healthy control_32	GSM8145158	Public on Dec 09 2024	Mar 13 2024	Dec 09 2024	SRA	1	Whole blood	Homo sapiens	condition: Control	total RNA	The Illumina’s TruSeq RNA Sample Preparation Kit was used for library preparation, and ribosomal and globin RNA depletion was performed using the Illumina® Ribo-Zero Gold kit	9606	Supplementary files format and content: Coma-delimited excell file with normalized counts (Normalized_data.csv)	GPL20301	Alberto,,Gómez-Carballa	ksl8tr@gmail.com	Pediatrics	GENVIP research group	Choupana sn	Santiago de Compostela	A coruña	15706	Spain	0	Illumina HiSeq 4000	cDNA	transcriptomic	RNA-Seq	SRA: https://www.ncbi.nlm.nih.gov/sra?term=SRX23938700	NONE
Sample 172_Healthy control_33	GSM8145159	Public on Dec 09 2024	Mar 13 2024	Dec 09 2024	SRA	1	Whole blood	Homo sapiens	condition: Control	total RNA	The Illumina’s TruSeq RNA Sample Preparation Kit was used for library preparation, and ribosomal and globin RNA depletion was performed using the Illumina® Ribo-Zero Gold kit	9606	Supplementary files format and content: Coma-delimited excell file with normalized counts (Normalized_data.csv)	GPL20301	Alberto,,Gómez-Carballa	ksl8tr@gmail.com	Pediatrics	GENVIP research group	Choupana sn	Santiago de Compostela	A coruña	15706	Spain	0	Illumina HiSeq 4000	cDNA	transcriptomic	RNA-Seq	SRA: https://www.ncbi.nlm.nih.gov/sra?term=SRX23938701	NONE
Sample 173_Healthy control_34	GSM8145160	Public on Dec 09 2024	Mar 13 2024	Dec 09 2024	SRA	1	Whole blood	Homo sapiens	condition: Control	total RNA	The Illumina’s TruSeq RNA Sample Preparation Kit was used for library preparation, and ribosomal and globin RNA depletion was performed using the Illumina® Ribo-Zero Gold kit	9606	Supplementary files format and content: Coma-delimited excell file with normalized counts (Normalized_data.csv)	GPL20301	Alberto,,Gómez-Carballa	ksl8tr@gmail.com	Pediatrics	GENVIP research group	Choupana sn	Santiago de Compostela	A coruña	15706	Spain	0	Illumina HiSeq 4000	cDNA	transcriptomic	RNA-Seq	SRA: https://www.ncbi.nlm.nih.gov/sra?term=SRX23938702	NONE
Sample 174_Healthy control_35	GSM8145161	Public on Dec 09 2024	Mar 13 2024	Dec 09 2024	SRA	1	Whole blood	Homo sapiens	condition: Control	total RNA	The Illumina’s TruSeq RNA Sample Preparation Kit was used for library preparation, and ribosomal and globin RNA depletion was performed using the Illumina® Ribo-Zero Gold kit	9606	Supplementary files format and content: Coma-delimited excell file with normalized counts (Normalized_data.csv)	GPL20301	Alberto,,Gómez-Carballa	ksl8tr@gmail.com	Pediatrics	GENVIP research group	Choupana sn	Santiago de Compostela	A coruña	15706	Spain	0	Illumina HiSeq 4000	cDNA	transcriptomic	RNA-Seq	SRA: https://www.ncbi.nlm.nih.gov/sra?term=SRX23938703	NONE
Sample 175_Healthy control_36	GSM8145162	Public on Dec 09 2024	Mar 13 2024	Dec 09 2024	SRA	1	Whole blood	Homo sapiens	condition: Control	total RNA	The Illumina’s TruSeq RNA Sample Preparation Kit was used for library preparation, and ribosomal and globin RNA depletion was performed using the Illumina® Ribo-Zero Gold kit	9606	Supplementary files format and content: Coma-delimited excell file with normalized counts (Normalized_data.csv)	GPL20301	Alberto,,Gómez-Carballa	ksl8tr@gmail.com	Pediatrics	GENVIP research group	Choupana sn	Santiago de Compostela	A coruña	15706	Spain	0	Illumina HiSeq 4000	cDNA	transcriptomic	RNA-Seq	SRA: https://www.ncbi.nlm.nih.gov/sra?term=SRX23938704	NONE
Sample 176_Healthy control_37	GSM8145163	Public on Dec 09 2024	Mar 13 2024	Dec 09 2024	SRA	1	Whole blood	Homo sapiens	condition: Control	total RNA	The Illumina’s TruSeq RNA Sample Preparation Kit was used for library preparation, and ribosomal and globin RNA depletion was performed using the Illumina® Ribo-Zero Gold kit	9606	Supplementary files format and content: Coma-delimited excell file with normalized counts (Normalized_data.csv)	GPL20301	Alberto,,Gómez-Carballa	ksl8tr@gmail.com	Pediatrics	GENVIP research group	Choupana sn	Santiago de Compostela	A coruña	15706	Spain	0	Illumina HiSeq 4000	cDNA	transcriptomic	RNA-Seq	SRA: https://www.ncbi.nlm.nih.gov/sra?term=SRX23938705	NONE
Sample 177_Healthy control_38	GSM8145164	Public on Dec 09 2024	Mar 13 2024	Dec 09 2024	SRA	1	Whole blood	Homo sapiens	condition: Control	total RNA	The Illumina’s TruSeq RNA Sample Preparation Kit was used for library preparation, and ribosomal and globin RNA depletion was performed using the Illumina® Ribo-Zero Gold kit	9606	Supplementary files format and content: Coma-delimited excell file with normalized counts (Normalized_data.csv)	GPL20301	Alberto,,Gómez-Carballa	ksl8tr@gmail.com	Pediatrics	GENVIP research group	Choupana sn	Santiago de Compostela	A coruña	15706	Spain	0	Illumina HiSeq 4000	cDNA	transcriptomic	RNA-Seq	SRA: https://www.ncbi.nlm.nih.gov/sra?term=SRX23938706	NONE
