ID_REF	ARRAY_ID
ILMN_1762337	6450255
ILMN_2055271	2570615
ILMN_1736007	6370619
ILMN_2383229	2600039
ILMN_1806310	2650615
ILMN_1779670	5340672
ILMN_1653355	2000519
ILMN_1717783	3870044
ILMN_1705025	7050209
ILMN_1814316	1580181
ILMN_2359168	5220554
ILMN_1731507	5390438
ILMN_1787689	6420681
ILMN_3241953	4760377
ILMN_1745607	2370438
ILMN_2136495	4050154
ILMN_1668111	1740066
ILMN_2295559	4830092
ILMN_1735045	3610072
ILMN_1680754	6480136
ILMN_2375184	2480367
ILMN_1659452	2750273
ILMN_1767388	4560202
ILMN_1675204	5360113
ILMN_1673870	6180500
ILMN_1755321	60689
ILMN_1698554	1580504
ILMN_1814092	4570132
ILMN_1760414	6200619
ILMN_2061446	7210327
ILMN_1676336	7650020
ILMN_1752884	1780408
ILMN_1660703	6840400
ILMN_1668851	2600309
ILMN_2270015	520039
ILMN_1809959	1110326
ILMN_2357031	4220717
ILMN_1726986	6270181
ILMN_3237396	5490500
ILMN_1688755	1170332
ILMN_1880387	4390201
ILMN_1689211	6860170
ILMN_1653165	4610048
ILMN_1729835	1070703
ILMN_1662364	290603
ILMN_1674698	540255
ILMN_1700461	60154
ILMN_1784269	4150561
ILMN_1698189	6060767
ILMN_2096191	7040717
ILMN_1678323	60280
ILMN_2157219	1500465
ILMN_1703743	6020372
ILMN_1687609	5550132
ILMN_2068874	6370746
ILMN_1699334	7400300
ILMN_1670117	1110025
ILMN_1805104	1230592
ILMN_2404407	6580291
ILMN_1766054	4060358
ILMN_1753388	3190541
ILMN_2070570	7550128
ILMN_2232084	2320403
ILMN_1750250	4570152
ILMN_2361400	4900711
ILMN_1704579	1780537
ILMN_1687636	450333
ILMN_1747627	2320243
ILMN_1758523	430402
ILMN_1794965	6650504
ILMN_1722286	3450278
ILMN_1784176	3780445
ILMN_1749001	7650253
ILMN_1701551	3400753
ILMN_1795507	6940519
ILMN_1729894	1710193
ILMN_1743205	2570100
ILMN_2259319	5810091
ILMN_2129886	150035
ILMN_1796801	2710392
ILMN_1720501	4730370
ILMN_1668446	5220386
ILMN_1812070	1230048
ILMN_2094875	4210039
ILMN_1665730	4810048
ILMN_2232066	7330332
ILMN_1767349	1070594
ILMN_1658257	650376
ILMN_2193980	2810367
ILMN_1687840	5700286
ILMN_2102422	3990592
ILMN_1788928	2600315
ILMN_2343047	5290598
ILMN_2343048	6900241
ILMN_2335302	580707
ILMN_1802404	1500187
ILMN_1776119	650646
ILMN_2358714	110138
ILMN_1732140	2600541
ILMN_1713008	6900537
ILMN_1762093	6290348
ILMN_1709092	3990441
ILMN_1678409	4250497
ILMN_1774344	4780553
ILMN_1676278	2230746
ILMN_1717466	60114
ILMN_1677814	270615
ILMN_1788457	2450201
ILMN_2194009	6110181
ILMN_2302358	3460630
ILMN_1706531	6580553
ILMN_1651964	7610050
ILMN_1725675	3060279
ILMN_1778352	3370332
ILMN_1725414	4230093
ILMN_2293902	5310021
ILMN_1801521	7100390
ILMN_2406654	7160603
ILMN_3246902	4050386
ILMN_3244070	1340162
ILMN_1767129	4850086
ILMN_1746196	3370408
ILMN_2366473	4040025
ILMN_1751453	4490093
ILMN_1772189	4890609
ILMN_1652959	2940709
ILMN_2198897	4850541
ILMN_1674032	1580736
ILMN_1737656	1430301
ILMN_2343917	3130209
ILMN_1746032	6420427
ILMN_1651501	7200102
ILMN_2330267	1090543
ILMN_1676846	5310152
ILMN_2392635	2190273
ILMN_1763875	7380113
ILMN_2284941	2230039
ILMN_1781999	5420142
ILMN_1669201	7100039
ILMN_1810085	4560689
ILMN_2262362	3440292
ILMN_1743638	4290020
ILMN_1658176	4540091
ILMN_2329927	5860377
ILMN_1794782	6060377
ILMN_1695968	6450059
ILMN_1789641	7160220
ILMN_1779470	3360390
ILMN_1716592	6290575
ILMN_1680309	2690367
ILMN_1743371	620113
ILMN_1770031	1300328
ILMN_2338268	1940068
ILMN_1753912	3170639
ILMN_1737475	6110592
ILMN_1745116	2710615
ILMN_2318685	7100615
ILMN_2245305	7610382
ILMN_1707925	2690040
ILMN_1698311	3120274
ILMN_2367487	4880437
ILMN_1785285	4810600
ILMN_2073969	5870288
ILMN_1794213	1430360
ILMN_2227533	150064
ILMN_1769390	5340450
ILMN_2403446	2970201
ILMN_1787618	6520291
ILMN_1723662	6900475
ILMN_1801767	5050241
ILMN_1700633	3120014
ILMN_1655702	5860215
ILMN_1706344	2690402
ILMN_1719498	1240672
ILMN_1712707	4880288
ILMN_1699750	2710070
ILMN_1739081	3520706
ILMN_2329958	5130725
ILMN_1775944	670326
ILMN_1724497	2000100
ILMN_1720988	5820379
ILMN_1707274	6860487
ILMN_1755658	3840717
ILMN_1673639	6980739
ILMN_1713732	4180088
ILMN_1708922	4590440
ILMN_2268241	4880170
ILMN_1741628	1990288
ILMN_1657870	2510520
ILMN_2240003	4670717
ILMN_1785424	2570112
ILMN_1731610	3610315
ILMN_1696682	6130162
ILMN_2396672	6400243
ILMN_1758825	2260471
ILMN_1656940	2350747
ILMN_1656979	1240575
ILMN_1731433	5420440
ILMN_1672878	620240
ILMN_1655114	5860431
ILMN_1657045	6270753
ILMN_1766991	3610382
ILMN_1658083	6480392
ILMN_1802096	2970044
ILMN_2367165	6620609
ILMN_1753370	940148
ILMN_1738921	3520753
ILMN_1660199	1450093
ILMN_2331636	2190414
ILMN_1772123	2630692
ILMN_1667641	6650328
ILMN_1763852	2230678
ILMN_1687303	6560327
ILMN_1761058	3370136
ILMN_2225595	730671
ILMN_1724699	2650324
ILMN_1775579	5340561
ILMN_1660890	130193
ILMN_1778104	430139
ILMN_2053679	2470279
ILMN_1795104	110441
ILMN_1740920	3610136
ILMN_2263466	610093
ILMN_1806408	1170647
ILMN_2352009	1240551
ILMN_1693148	6770470
ILMN_1808395	7210682
ILMN_3236270	4280026
ILMN_1743847	4850215
ILMN_1800008	2070605
ILMN_2133799	6420056
ILMN_1708672	7330753
ILMN_1665945	5890112
ILMN_1676288	70068
ILMN_1693250	150156
ILMN_2295980	3390228
ILMN_2410362	4060435
ILMN_1684271	870349
ILMN_1726388	630678
ILMN_2106002	1410367
ILMN_1779685	240592
ILMN_1665932	2100255
ILMN_1769694	1690050
ILMN_1727251	3290445
ILMN_1734479	6110482
ILMN_2368728	6130451
ILMN_2394897	2850341
ILMN_2394902	3190082
ILMN_2287535	6130408
ILMN_1750295	3310397
ILMN_3187680	3390379
ILMN_3242266	4880612
ILMN_1780630	6130291
ILMN_1716480	1300154
ILMN_1715192	3060725
ILMN_2339410	3460364
ILMN_1779984	3830398
ILMN_1667018	7100468
ILMN_1773243	650131
ILMN_3241214	3360019
ILMN_3235340	520500
ILMN_1761000	1010307
ILMN_3237774	2360228
ILMN_2333219	1170594
ILMN_1780485	1710500
ILMN_1735471	2190168
ILMN_1699636	4860204
ILMN_2371379	4200259
ILMN_1749014	4290279
ILMN_1727091	7040450
ILMN_1771348	520575
ILMN_2134039	6040088
ILMN_1750800	2450608
ILMN_1654861	3930639
ILMN_2121389	4810471
ILMN_1715543	4900438
ILMN_1739594	1050253
ILMN_2353978	7400315
ILMN_1785474	2070181
ILMN_2188959	1230189
ILMN_1716237	6290059
ILMN_1764321	4780709
ILMN_2156699	4920072
ILMN_1784756	2320553
ILMN_1728883	3460681
ILMN_1740265	4290050
ILMN_1788078	5290564
ILMN_2252621	6040403
ILMN_2332250	6580639
ILMN_1719178	7610044
ILMN_1679600	2900291
ILMN_2367070	5220497
ILMN_1658995	7160592
ILMN_1750158	1190327
ILMN_1668839	3940408
ILMN_1765767	6180324
ILMN_1685703	1010114
ILMN_1743396	4540010
ILMN_1743680	1300300
ILMN_1669633	1500152
ILMN_2344956	6110672
ILMN_2104830	2480025
ILMN_2078599	7050082
ILMN_2234343	4670671
ILMN_1706598	3800538
ILMN_2306955	5720537
ILMN_1758323	2680725
ILMN_1728331	2690369
ILMN_2351906	6280204
ILMN_1705637	6900576
ILMN_1784203	7510253
ILMN_1666690	3850192
ILMN_1654468	2570576
ILMN_2320277	5550075
ILMN_2227011	2480730
ILMN_1730002	1660376
ILMN_3236756	2810253
ILMN_1716832	5820142
ILMN_1684585	1030431
ILMN_2360705	1580524
ILMN_1654414	3440367
ILMN_1666096	3930593
ILMN_2391458	130131
ILMN_2285506	3800133
ILMN_1691714	6580411
ILMN_1683598	7000307
ILMN_2370882	620577
ILMN_2273911	2320332
ILMN_1807914	6380228
ILMN_1678517	6400707
ILMN_1705247	7040286
ILMN_1737418	1190746
ILMN_2278242	5570477
ILMN_1730025	5890040
ILMN_2378555	6770255
ILMN_1661434	5870669
ILMN_1809623	6550452
ILMN_1657592	630228
ILMN_1765912	3390280
ILMN_1746128	4760202
ILMN_1685952	3840632
ILMN_1662738	4180292
ILMN_1771084	6580735
ILMN_1791923	6980181
ILMN_1801698	520364
ILMN_1766966	4850092
ILMN_2070792	4880736
ILMN_1752269	5220377
ILMN_1697510	1980709
ILMN_2254962	3310019
ILMN_2336595	4490524
ILMN_1714197	4670544
ILMN_1742859	5570059
ILMN_1659885	2810154
ILMN_2125869	5080132
ILMN_1671703	6480059
ILMN_2152131	4610390
ILMN_1777296	5270730
ILMN_2038777	5570132
ILMN_3246895	6100600
ILMN_1658660	4260201
ILMN_1829919	6940739
ILMN_2053178	3310424
ILMN_1704961	6510072
ILMN_1795325	4610431
ILMN_1749297	5080603
ILMN_2328280	5220358
ILMN_1657855	5390008
ILMN_1717900	6960669
ILMN_1796088	7550092
ILMN_1704078	1450100
ILMN_2232177	5080364
ILMN_1654422	3400110
ILMN_1665691	830348
ILMN_1725534	270437
ILMN_1798254	2630064
ILMN_1792314	4280561
ILMN_1695821	2120088
ILMN_2388605	5570196
ILMN_1657153	6940176
ILMN_2260392	2750403
ILMN_2346451	4010066
ILMN_1787513	5490278
ILMN_1680941	6180603
ILMN_1652594	2690670
ILMN_1697585	1580168
ILMN_1689162	270278
ILMN_1815392	2710368
ILMN_3241416	7100201
ILMN_1760490	6940360
ILMN_1786544	1410132
ILMN_1763916	2060615
ILMN_2243308	4570240
ILMN_1766723	6510717
ILMN_1689217	450064
ILMN_1670912	4260681
ILMN_2152711	4590349
ILMN_1668983	610564
ILMN_1824337	1450253
ILMN_1807493	4610746
ILMN_3250257	5910451
ILMN_1683883	1400341
ILMN_1670193	1170228
ILMN_2319825	3440689
ILMN_1694233	5910148
ILMN_1686432	5960142
ILMN_1697550	130367
ILMN_2158705	5290672
ILMN_1803686	7210192
ILMN_1745580	3140326
ILMN_1745108	3400424
ILMN_1725043	5910554
ILMN_2148360	3130364
ILMN_1718946	5290300
ILMN_1711374	1260661
ILMN_1726266	520689
ILMN_1705689	6180392
ILMN_1785393	6420692
ILMN_2384544	1980553
ILMN_1756920	3440452
ILMN_1799728	3990626
ILMN_1751500	6480131
ILMN_2121068	5260546
ILMN_1765779	5420762
ILMN_2201386	6560010
ILMN_1682225	4920692
ILMN_1788481	5220341
ILMN_1713751	6900209
ILMN_1662675	6110315
ILMN_1737629	2320270
ILMN_1812112	2690368
ILMN_3241313	5310202
ILMN_1675210	1470039
ILMN_1706302	2490255
ILMN_2351754	7400600
ILMN_2060086	110731
ILMN_1664236	290451
ILMN_1664631	6180491
ILMN_1802100	7330333
ILMN_2194158	1770672
ILMN_2100871	830601
ILMN_1806841	5050328
ILMN_1798045	5860541
ILMN_2293012	6450164
ILMN_1703383	7550491
ILMN_1651657	1440224
ILMN_1671297	3420025
ILMN_1669486	1170390
ILMN_1795204	1430241
ILMN_2223911	4150292
ILMN_1685531	1770082
ILMN_1764554	3850379
ILMN_2302214	540195
ILMN_1783312	6480634
ILMN_2143210	7040601
ILMN_1750294	1260424
ILMN_1708348	780725
ILMN_1727524	2940730
ILMN_1716909	1690192
ILMN_2103107	2470184
ILMN_1673566	6900086
ILMN_1751168	840370
ILMN_1660970	4060682
ILMN_1787386	1030253
ILMN_2286570	1240470
ILMN_2413732	4200735
ILMN_1873412	2000538
ILMN_1676452	4230341
ILMN_2358134	7610372
ILMN_1683781	6520458
ILMN_1726247	7320519
ILMN_1682989	4040494
ILMN_1739872	2030487
ILMN_1770152	3290133
ILMN_1656171	70487
ILMN_1796628	3400600
ILMN_1811765	7150609
ILMN_1791795	2650592
ILMN_1787908	4010035
ILMN_1651717	4060747
ILMN_1703803	2120364
ILMN_2092933	1660497
ILMN_1681886	6180332
ILMN_1767362	20100
ILMN_3251322	240673
ILMN_2211790	3440451
ILMN_1672403	2480239
ILMN_1805543	1570382
ILMN_1706992	580747
ILMN_1684919	2470044
ILMN_1727084	3140368
ILMN_1705250	5890326
ILMN_1722621	6180209
ILMN_1721495	4810575
ILMN_1798690	5130400
ILMN_1687035	10286
ILMN_1777683	780315
ILMN_1762294	780678
ILMN_1793040	3460356
ILMN_3247424	7570669
ILMN_1763000	3990433
ILMN_1776777	2900450
ILMN_1706963	5130612
ILMN_2320964	5490433
ILMN_1697628	2320228
ILMN_2319326	4760079
ILMN_1657442	6520072
ILMN_1679797	7330097
ILMN_1749493	6110519
ILMN_1657139	1710204
ILMN_3245693	2760725
ILMN_1806275	2230253
ILMN_1659599	130707
ILMN_1698777	780379
ILMN_1663132	1780647
ILMN_1700349	4290053
ILMN_1761309	2480709
ILMN_2120555	580561
ILMN_1742073	610592
ILMN_3241894	5690100
ILMN_1810691	2970288
ILMN_1676893	3800050
ILMN_2148944	6330224
ILMN_1708588	1030187
ILMN_2311674	2190463
ILMN_1685156	3120600
ILMN_1655935	50735
ILMN_1754440	5310431
ILMN_1654287	3060100
ILMN_1763344	3060064
ILMN_1711736	7100020
ILMN_2356786	1230289
ILMN_1759252	5900685
ILMN_1678791	2600609
ILMN_2336146	2630021
ILMN_2286339	6040601
ILMN_1694133	6250193
ILMN_1678501	730747
ILMN_1787378	1010477
ILMN_1814526	1990468
ILMN_2311278	3420747
ILMN_1764309	3370347
ILMN_1811598	2490612
ILMN_1740717	1510750
ILMN_2136010	5490382
ILMN_1797912	7550632
ILMN_1738604	5720161
ILMN_1691175	3800368
ILMN_2223359	3520709
ILMN_1702858	2760121
ILMN_2363634	3890598
ILMN_1813975	6620278
ILMN_1743331	3800722
ILMN_1775045	4200471
ILMN_2096322	3460201
ILMN_1688322	6100767
ILMN_2224833	6960685
ILMN_2358626	1030241
ILMN_1768062	3130450
ILMN_2358628	7100414
ILMN_1801020	7550161
ILMN_1708934	5670465
ILMN_1702933	3610626
ILMN_1657993	360678
ILMN_1666019	1770551
ILMN_2080751	7330270
ILMN_1690352	4480546
ILMN_2275396	2100110
ILMN_2373444	3830148
ILMN_1747227	4060519
ILMN_1807372	7560440
ILMN_1703946	2060040
ILMN_1733259	870138
ILMN_1730710	6580482
ILMN_1793959	5550619
ILMN_1794512	5550369
ILMN_1795788	1990070
ILMN_1760335	3390735
ILMN_1788530	5570446
ILMN_1811480	730010
ILMN_1813598	780670
ILMN_1653821	1070315
ILMN_1780551	1110731
ILMN_1669227	2690500
ILMN_1709167	4590215
ILMN_1679754	2140022
ILMN_1716421	1340630
ILMN_1659371	5720523
ILMN_1677868	3390286
ILMN_1707445	870474
ILMN_1733963	3460672
ILMN_1804255	7050440
ILMN_1695590	7570326
ILMN_1694007	1430722
ILMN_3307926	3290113
ILMN_1673330	5700181
ILMN_1668900	2120528
ILMN_2389013	4280136
ILMN_1760143	4390121
ILMN_1790757	5870228
ILMN_2092664	5960097
ILMN_1778796	6020333
ILMN_1749804	1660446
ILMN_1720235	4830372
ILMN_2240009	4900703
ILMN_1736178	6580711
ILMN_1803376	4260671
ILMN_3240321	5090438
ILMN_1712944	1230458
ILMN_2333107	6180176
ILMN_1707958	6660491
ILMN_1660424	2190681
ILMN_1701998	2690187
ILMN_1651235	3130458
ILMN_1694140	20154
ILMN_1730995	4590133
ILMN_2404917	6620711
ILMN_1702696	5270195
ILMN_2084562	1110687
ILMN_1769563	1690086
ILMN_1673119	3990673
ILMN_2129015	6060142
ILMN_1725889	3890088
ILMN_1775235	650753
ILMN_1677951	2230273
ILMN_1708502	2360189
ILMN_1705447	60609
ILMN_1699172	730730
ILMN_2409898	3180403
ILMN_2295698	5670274
ILMN_2066124	1170538
ILMN_1777797	3120681
ILMN_2095653	2000497
ILMN_1707551	2070707
ILMN_1782204	2030161
ILMN_2402766	450097
ILMN_1767722	2070600
ILMN_2342841	5570543
ILMN_1802631	130064
ILMN_2318481	2340563
ILMN_2245223	7400333
ILMN_3238543	5290364
ILMN_1735591	3140608
ILMN_2362126	1510615
ILMN_2269136	3890431
ILMN_3239130	6960050
ILMN_2120103	4390523
ILMN_3242883	2140343
ILMN_2100055	990220
ILMN_1887648	5340681
ILMN_1688627	4890338
ILMN_1672767	2350059
ILMN_2196642	520379
ILMN_2308689	1850075
ILMN_2290776	6620403
ILMN_1777182	4480747
ILMN_1729777	1940465
ILMN_1690829	6620523
ILMN_2257015	7200369
ILMN_3181215	990754
ILMN_3260345	4280681
ILMN_1703228	4050368
ILMN_1652023	5550538
ILMN_2064917	70239
ILMN_1776153	5130102
ILMN_1772645	7560452
ILMN_1775082	1440653
ILMN_1680343	1440661
ILMN_2277492	2060255
ILMN_2371825	2940113
ILMN_1717468	3190468
ILMN_2274377	5270041
ILMN_1750235	6110050
ILMN_1664006	7000672
ILMN_1707169	4890255
ILMN_1779109	630437
ILMN_1697790	990369
ILMN_1679520	4610044
ILMN_1732176	3520671
ILMN_1681081	3850370
ILMN_2377430	5560102
ILMN_1661373	620064
ILMN_2288175	2120204
ILMN_1654010	3850435
ILMN_1732672	1440364
ILMN_1730504	3440025
ILMN_1662049	830719
ILMN_1740752	3870022
ILMN_1794875	2060477
ILMN_1698209	7560154
ILMN_3307841	1340021
ILMN_1814151	3140463
ILMN_2050246	4590594
ILMN_1728787	5290273
ILMN_2234605	4590131
ILMN_1770454	6370500
ILMN_1770336	2690392
ILMN_1714253	7160121
ILMN_1813530	2850301
ILMN_2223922	2340347
ILMN_1718071	4760427
ILMN_1814327	160682
ILMN_2341343	940040
ILMN_1775634	5550437
ILMN_1802458	4610220
ILMN_2307656	4900685
ILMN_1709796	270709
ILMN_1783963	6350753
ILMN_2134801	2360762
ILMN_1757807	2600768
ILMN_1673529	870139
ILMN_1686370	5690082
ILMN_1809139	1230196
ILMN_1747504	6040747
ILMN_1666679	6220427
ILMN_1657862	3710537
ILMN_1770412	1170440
ILMN_1712786	870039
ILMN_1680111	4250376
ILMN_1791006	5860253
ILMN_1714567	450553
ILMN_1792495	2810482
ILMN_1752159	3710400
ILMN_3243156	5260594
ILMN_1812640	4890672
ILMN_2162799	6060367
ILMN_1782679	5560433
ILMN_1703617	4880561
ILMN_1798308	1170220
ILMN_1730625	2320377
ILMN_1696512	2350274
ILMN_2164164	6110358
ILMN_3240117	4640445
ILMN_1703538	1940047
ILMN_1792473	3800047
ILMN_1771827	6520154
ILMN_3246401	1410021
ILMN_1770725	4010647
ILMN_2313821	1500689
ILMN_1717357	1940577
ILMN_1668408	3290341
ILMN_1667183	5420414
ILMN_1712639	270612
ILMN_1704173	4260551
ILMN_1797974	3940056
ILMN_1688625	580255
ILMN_1776916	610397
ILMN_2113340	4220376
ILMN_1669557	6620386
ILMN_3307874	7000082
ILMN_2214232	130753
ILMN_1681301	1260270
ILMN_1673252	6960056
ILMN_2103841	610689
ILMN_2368268	240142
ILMN_2415292	3610138
ILMN_1670282	2000093
ILMN_2261519	5820386
ILMN_1791236	5820689
ILMN_1723521	1300647
ILMN_2242299	5360195
ILMN_2312764	6480484
ILMN_1779965	5130162
ILMN_1670542	1990491
ILMN_1655645	3140441
ILMN_1716053	5720669
ILMN_3236458	5090554
ILMN_1778173	670463
ILMN_2338038	160148
ILMN_1686522	1470681
ILMN_1764090	4290192
ILMN_1798249	4610554
ILMN_1656593	2680220
ILMN_2283473	5960209
ILMN_2387712	6270148
ILMN_1684305	2760470
ILMN_1712530	4810494
ILMN_1662598	7040288
ILMN_1718808	460020
ILMN_1783818	1070484
ILMN_2293758	1450333
ILMN_1735539	4570717
ILMN_2280189	5720731
ILMN_1693220	6420398
ILMN_1684836	670041
ILMN_1715532	3290564
ILMN_1686846	6900706
ILMN_2308950	6940475
ILMN_1709101	650050
ILMN_1752247	2060341
ILMN_2396956	3940440
ILMN_1679987	270192
ILMN_1673542	270497
ILMN_1802537	3850102
ILMN_1675507	2970162
ILMN_1691959	3610068
ILMN_1737754	6840608
ILMN_1808905	4860088
ILMN_2268556	510008
ILMN_2253207	5560450
ILMN_1734794	7100575
ILMN_1690818	3800189
ILMN_1770758	1510224
ILMN_2293529	2370220
ILMN_1703049	4780619
ILMN_1733690	5340504
ILMN_2410406	6380689
ILMN_1741572	6550053
ILMN_1768962	5340593
ILMN_2400663	3170630
ILMN_2396691	3290592
ILMN_1802799	520040
ILMN_1679383	1260544
ILMN_1658337	5820133
ILMN_2148847	5690202
ILMN_1770673	2850010
ILMN_2205785	3130605
ILMN_1728047	1500504
ILMN_1774938	5550543
ILMN_2380771	6130424
ILMN_1701731	4260139
ILMN_1672148	5310646
ILMN_2278335	2760274
ILMN_1662507	1010358
ILMN_1668617	1510528
ILMN_1719154	3610767
ILMN_1773417	4900113
ILMN_2412336	5340129
ILMN_3237488	6510692
ILMN_1730191	7200563
ILMN_1713124	7210632
ILMN_1668880	2650736
ILMN_1687757	3120598
ILMN_3307911	1400066
ILMN_1685803	6940278
ILMN_1692661	1770341
ILMN_2157277	5860347
ILMN_1694985	5720372
ILMN_1677043	6180681
ILMN_2145396	70484
ILMN_1718483	270300
ILMN_3243152	840039
ILMN_2388507	2470619
ILMN_2410909	6200431
ILMN_1748661	7210424
ILMN_1726906	3870092
ILMN_1743347	5570041
ILMN_1733598	2570044
ILMN_1757130	5220307
ILMN_2325612	5490246
ILMN_2325610	5870561
ILMN_2377240	4480338
ILMN_1665982	5720703
ILMN_2404657	2070397
ILMN_1747577	3120162
ILMN_1679898	6020592
ILMN_1700047	5220097
ILMN_2385647	5860278
ILMN_1728309	7150014
ILMN_1708323	1230376
ILMN_2367126	4180768
ILMN_2271875	5270338
ILMN_1782939	4230156
ILMN_1682763	5910010
ILMN_1670870	2070575
ILMN_2051381	940441
ILMN_2302716	2370255
ILMN_2096372	1070477
ILMN_1709348	6510754
ILMN_1748538	510687
ILMN_2383707	5700102
ILMN_1807439	2360551
ILMN_2139970	4920148
ILMN_2150894	1240379
ILMN_1675398	2650204
ILMN_1802167	6660341
ILMN_1736539	1980747
ILMN_2182980	4250411
ILMN_1793859	840253
ILMN_1702503	5560369
ILMN_1667564	460746
ILMN_1794825	1690608
ILMN_2401641	3120196
ILMN_1727965	1850440
ILMN_1728662	2970356
ILMN_2363880	2360201
ILMN_1761514	2970039
ILMN_1763666	4070647
ILMN_2244841	160343
ILMN_1656368	1470427
ILMN_1696099	2640273
ILMN_2406557	6220360
ILMN_2372403	2640274
ILMN_2372398	7040327
ILMN_1785284	5820373
ILMN_2096985	7100274
ILMN_1687508	70102
ILMN_1763461	4150544
ILMN_2365176	2100546
ILMN_1699258	6370138
ILMN_1681938	7400541
ILMN_1761804	1820044
ILMN_1681374	2470341
ILMN_1736700	2640088
ILMN_2251253	2850255
ILMN_1741148	6590253
ILMN_1747716	650427
ILMN_1755974	7330544
ILMN_1718093	5560670
ILMN_3243268	3140711
ILMN_1730304	1110241
ILMN_1666325	3060196
ILMN_3251482	5310524
ILMN_1660856	4210358
ILMN_2120982	5550647
ILMN_1743995	6940735
ILMN_2147503	730520
ILMN_1761456	6660411
ILMN_1743635	50128
ILMN_2191822	2340524
ILMN_2131293	1440474
ILMN_1782084	2900681
ILMN_1737945	1990021
ILMN_1722688	4540025
ILMN_1806845	2140427
ILMN_1711886	2650167
ILMN_1664449	6370113
ILMN_1771411	6960243
ILMN_2365686	2970296
ILMN_2271014	3610291
ILMN_1685413	4850632
ILMN_1732809	450204
ILMN_1753135	6250431
ILMN_2276750	1780020
ILMN_1758038	3360056
ILMN_2375973	7160167
ILMN_1690252	1340537
ILMN_2134062	4610369
ILMN_1805673	1780379
ILMN_1657283	1400209
ILMN_1808792	670360
ILMN_1761764	3310324
ILMN_1779190	6420044
ILMN_1796946	2100465
ILMN_1784583	4060639
ILMN_1681046	4070601
ILMN_1709474	5130736
ILMN_3237132	7210050
ILMN_1713731	6040259
ILMN_1692332	7510671
ILMN_2137544	1770630
ILMN_1735987	5130427
ILMN_1676042	20397
ILMN_1783443	1230722
ILMN_1729320	1450719
ILMN_2403534	5220278
ILMN_2276904	430152
ILMN_1751975	2900639
ILMN_2393149	5810154
ILMN_1680996	1780273
ILMN_1792150	2510037
ILMN_1651466	4560670
ILMN_1797875	3930343
ILMN_1678255	990685
ILMN_1752669	2570162
ILMN_2078697	540390
ILMN_1811238	5270519
ILMN_1734630	5810017
ILMN_1701603	6100356
ILMN_1693789	2600133
ILMN_1801851	2490376
ILMN_1750256	2140156
ILMN_1700596	4060037
ILMN_1702322	4570630
ILMN_1690636	4760487
ILMN_1792449	1450431
ILMN_1765674	2100626
ILMN_1787314	6940709
ILMN_1663897	50132
ILMN_1800958	50348
ILMN_1760889	2100286
ILMN_3236443	110521
ILMN_2191902	3520619
ILMN_1729325	6250762
ILMN_1803384	4230358
ILMN_1797432	1690187
ILMN_1794728	2850278
ILMN_1715988	2600022
ILMN_1713315	6400661
ILMN_2194619	6550360
ILMN_3246673	5050167
ILMN_1759670	520544
ILMN_2367172	3130154
ILMN_1792741	5870286
ILMN_1794384	1190678
ILMN_1688019	5960743
ILMN_1751092	6400438
ILMN_1697611	6450037
ILMN_1695446	4900433
ILMN_1662681	1110129
ILMN_1788462	50050
ILMN_1667994	3870619
ILMN_1788239	6520112
ILMN_1695759	6110280
ILMN_2397406	5720730
ILMN_1727258	7040402
ILMN_1723116	1400672
ILMN_1666258	4610594
ILMN_1660995	3780156
ILMN_1736412	5420152
ILMN_1778723	1580465
ILMN_1765460	4730598
ILMN_1725896	7100053
ILMN_1738233	3060349
ILMN_1670506	450176
ILMN_1779374	2340601
ILMN_2394242	7100093
ILMN_1727023	4900605
ILMN_1683901	1110706
ILMN_1750880	6900044
ILMN_1792409	3290646
ILMN_1748141	2070301
ILMN_1778788	6960079
ILMN_1759312	6660114
ILMN_1701589	70296
ILMN_1696830	1170474
ILMN_1786899	6940132
ILMN_1774447	150504
ILMN_1660854	990576
ILMN_1665307	2810072
ILMN_1731223	7150390
ILMN_1685834	360402
ILMN_1725297	4040152
ILMN_1665331	940450
ILMN_1713927	7320450
ILMN_1797796	1030161
ILMN_2294762	1740220
ILMN_2408219	4180626
ILMN_2094262	840500
ILMN_2094261	4070164
ILMN_1726327	5550288
ILMN_1663313	1820068
ILMN_1719031	1440403
ILMN_2131123	2450347
ILMN_1801303	3130296
ILMN_1751102	7380121
ILMN_1694882	4810176
ILMN_2073157	7000754
ILMN_1785742	4730402
ILMN_2309549	270739
ILMN_1801606	510328
ILMN_1664435	460609
ILMN_1804812	730647
ILMN_1659553	7210259
ILMN_1770378	6840706
ILMN_2343563	10220
ILMN_1726281	4230544
ILMN_1753773	4540162
ILMN_1722102	4760288
ILMN_1674988	6590537
ILMN_1793894	6250382
ILMN_1733096	3870424
ILMN_1813243	4180634
ILMN_1802973	6450021
ILMN_1723177	4730408
ILMN_2199284	160220
ILMN_1696974	3890484
ILMN_1760727	3930392
ILMN_1665871	5550086
ILMN_1736340	1820441
ILMN_1677723	3120326
ILMN_2086890	3360066
ILMN_3250067	3180689
ILMN_3250879	3360398
ILMN_1774207	3450066
ILMN_1758443	6040343
ILMN_1669773	1230039
ILMN_2145501	2030450
ILMN_1772612	7650672
ILMN_1695193	1050561
ILMN_2143220	6770427
ILMN_1674376	990092
ILMN_2386444	2450592
ILMN_1707727	4610433
ILMN_2166696	2360066
ILMN_1725518	5050707
ILMN_1813361	2640348
ILMN_2317186	2900402
ILMN_1684694	3180209
ILMN_1776363	4780437
ILMN_1652729	4920441
ILMN_1661875	1450672
ILMN_2390609	1850709
ILMN_1651943	2630600
ILMN_2112829	110707
ILMN_2112834	1430563
ILMN_1813139	5890564
ILMN_1811239	6590152
ILMN_1794470	450300
ILMN_1801464	6220152
ILMN_1735364	6980639
ILMN_1660778	2680253
ILMN_1692080	5130274
ILMN_1765091	610546
ILMN_2341382	6380100
ILMN_1778304	7150026
ILMN_1766560	520008
ILMN_3241218	2970672
ILMN_1797873	780338
ILMN_3243457	110301
ILMN_3249608	2360671
ILMN_1675483	2760102
ILMN_2251062	2970068
ILMN_1799369	6200358
ILMN_1784292	4890136
ILMN_1687351	1170630
ILMN_2185563	7400114
ILMN_1716264	6560112
ILMN_1711828	4540689
ILMN_2115218	6900674
ILMN_2108709	3370274
ILMN_1690465	5890403
ILMN_1661833	7040132
ILMN_1689908	2120224
ILMN_1794070	5910273
ILMN_2148507	4810053
ILMN_1660183	610070
ILMN_1667830	2320064
ILMN_1790351	3520692
ILMN_1807112	3850097
ILMN_1672356	4010424
ILMN_1662902	4060451
ILMN_1675435	50070
ILMN_1659156	650008
ILMN_2353431	3450274
ILMN_1787064	3130156
ILMN_2406335	4210437
ILMN_1712019	6940520
ILMN_3190486	5810215
ILMN_3255211	7160022
ILMN_3192974	5340202
ILMN_3233098	5870356
ILMN_1666221	2480040
ILMN_1682547	840333
ILMN_1747839	4290364
ILMN_1679184	4490484
ILMN_2215824	6450661
ILMN_1670452	7050114
ILMN_3244353	2970564
ILMN_2289424	4180609
ILMN_2398211	5260703
ILMN_3240529	6420095
ILMN_3307747	770725
ILMN_1680631	2260372
ILMN_2181867	6480523
ILMN_1757147	7510500
ILMN_1671812	4490414
ILMN_1799848	130181
ILMN_2132599	4150270
ILMN_2227338	1300634
ILMN_1747151	3520195
ILMN_1768202	3460626
ILMN_2101368	6280551
ILMN_1740161	5560189
ILMN_1794063	5670112
ILMN_1697594	360064
ILMN_2232520	2760563
ILMN_2075643	1500358
ILMN_1749338	3130114
ILMN_1756727	3060537
ILMN_1813607	4900215
ILMN_1796059	5910309
ILMN_1730678	1770273
ILMN_1708056	6100315
ILMN_2214278	1070736
ILMN_1805985	6380747
ILMN_1667748	4860707
ILMN_2119793	1090142
ILMN_1655766	3390451
ILMN_1758215	2070576
ILMN_2145153	4180437
ILMN_1798006	4590377
ILMN_2382431	150730
ILMN_1750459	1450332
ILMN_1686523	1510246
ILMN_2280568	5810050
ILMN_1780806	3060010
ILMN_2189614	6100066
ILMN_1756417	240682
ILMN_1776936	7610128
ILMN_1710979	6220553
ILMN_1758846	5560142
ILMN_1751744	1050440
ILMN_2091590	4670554
ILMN_1676605	2120392
ILMN_1779882	2450274
ILMN_1755049	520280
ILMN_2059844	5810228
ILMN_1733716	5560224
ILMN_1712298	2750598
ILMN_1755588	4860603
ILMN_1669259	520341
ILMN_1728957	290450
ILMN_1793466	1740546
ILMN_2367300	7100433
ILMN_2226304	1770187
ILMN_3244029	3870402
ILMN_1772660	150097
ILMN_1766309	2340598
ILMN_2341724	4050600
ILMN_2072045	2190673
ILMN_1724040	2510224
ILMN_1692849	5270474
ILMN_1698159	2030014
ILMN_2178587	4880465
ILMN_2354930	2370672
ILMN_1779951	4260653
ILMN_1675937	4730767
ILMN_2048607	7050370
ILMN_1813669	5390064
ILMN_1758392	2350201
ILMN_1696131	6100113
ILMN_2340974	6660463
ILMN_1751636	6510445
ILMN_2199658	1110382
ILMN_1735108	1050400
ILMN_1677487	580598
ILMN_2273796	5050364
ILMN_2370692	5090475
ILMN_1739645	6450669
ILMN_3237961	6350397
ILMN_1767111	7040554
ILMN_3248094	6580300
ILMN_3240765	5820300
ILMN_2228215	6220440
ILMN_1690154	1450593
ILMN_1674941	7040674
ILMN_1675423	2470204
ILMN_1683824	6020008
ILMN_1732948	6280746
ILMN_1709124	2900438
ILMN_1762629	2750711
ILMN_1769259	3400121
ILMN_1798679	5720373
ILMN_1807945	1240424
ILMN_1684293	3850053
ILMN_2151412	1230725
ILMN_1655868	6980328
ILMN_1728191	4850114
ILMN_1684923	1070632
ILMN_1763837	5810612
ILMN_1887731	780538
ILMN_1670379	20647
ILMN_1811877	60255
ILMN_2387995	3120689
ILMN_1780894	5700025
ILMN_1812926	10685
ILMN_1668044	1740491
ILMN_1668566	3840653
ILMN_2184184	6520215
ILMN_1699421	1050242
ILMN_2380494	1300274
ILMN_1685170	5900735
ILMN_1807003	6960594
ILMN_2412490	1030184
ILMN_1737612	5080274
ILMN_1799243	6450725
ILMN_1711899	770730
ILMN_1755937	3520328
ILMN_2409167	4780615
ILMN_1698100	270609
ILMN_2041101	3370202
ILMN_3235632	4890494
ILMN_1798372	2810411
ILMN_1694548	240594
ILMN_1711408	3440079
ILMN_1741003	1070451
ILMN_2326591	450671
ILMN_1678612	2490598
ILMN_1662322	6180671
ILMN_1703791	6330044
ILMN_1778087	1400711
ILMN_2095610	2490682
ILMN_3242004	1580259
ILMN_2186983	7330132
ILMN_2217601	1260100
ILMN_1709820	2940424
ILMN_1799863	580736
ILMN_1741431	4230307
ILMN_2405185	4290180
ILMN_1782086	6860309
ILMN_1813840	730725
ILMN_1767113	3780095
ILMN_1789676	5290487
ILMN_2387505	730301
ILMN_1781983	2470327
ILMN_2399627	1820136
ILMN_2399622	1850593
ILMN_2276598	3130215
ILMN_1754179	7400468
ILMN_1805247	1580674
ILMN_2415467	4610112
ILMN_1754738	2190241
ILMN_1705861	1170041
ILMN_1751345	2190341
ILMN_1712806	5490673
ILMN_2316173	7040079
ILMN_1766411	940706
ILMN_2120273	1070192
ILMN_1768610	4480491
ILMN_1815306	1660072
ILMN_2359211	4390180
ILMN_1673108	5130019
ILMN_1803779	6270041
ILMN_1681998	1400605
ILMN_2331735	2340451
ILMN_1699598	240187
ILMN_2402798	840148
ILMN_1662426	3120228
ILMN_1809957	6370661
ILMN_1768867	2230603
ILMN_1679256	4230360
ILMN_2284667	1050053
ILMN_1764945	4210612
ILMN_2390114	6100719
ILMN_2362122	2760202
ILMN_1667086	6200437
ILMN_1701774	6380523
ILMN_1676946	3420128
ILMN_2311761	7200402
ILMN_1731596	2750286
ILMN_1669377	510129
ILMN_1754531	270343
ILMN_1779512	2750168
ILMN_1760466	2970669
ILMN_1659463	1820324
ILMN_2344798	2760082
ILMN_2182656	430112
ILMN_1668285	520372
ILMN_1723626	3710053
ILMN_2270491	1580152
ILMN_2364928	7560243
ILMN_1686610	4070014
ILMN_1769918	1340040
ILMN_1796271	4570592
ILMN_1699646	6900180
ILMN_1801710	1820722
ILMN_3251699	380707
ILMN_1716790	990392
ILMN_1740772	4120279
ILMN_2320513	7320402
ILMN_1662668	5720722
ILMN_1659950	4180358
ILMN_1656951	4280739
ILMN_1689431	130138
ILMN_1708833	3460279
ILMN_1740052	6620484
ILMN_1718023	450475
ILMN_2319344	3120309
ILMN_1661886	6510053
ILMN_1652505	1430047
ILMN_1658472	1850221
ILMN_2398388	7550364
ILMN_1767816	7160224
ILMN_1815051	7050523
ILMN_1793598	6200202
ILMN_2128293	7380010
ILMN_1788135	1070360
ILMN_1793360	5960709
ILMN_3243695	4640477
ILMN_1808597	7550673
ILMN_1689353	7200427
ILMN_1700183	4070438
ILMN_2396198	3140431
ILMN_1763834	7000008
ILMN_2081465	3060717
ILMN_1710482	3450577
ILMN_1796737	6270703
ILMN_1690884	4570364
ILMN_1729533	1570725
ILMN_1688543	6380020
ILMN_1675706	3780468
ILMN_1754055	1470600
ILMN_1664024	240541
ILMN_1697925	6250241
ILMN_1813881	990438
ILMN_1719143	3890743
ILMN_1680192	7330671
ILMN_2219466	3170068
ILMN_1675684	3120221
ILMN_3307651	4760035
ILMN_1661572	6350402
ILMN_2412172	610379
ILMN_2296950	1410279
ILMN_1702706	5340403
ILMN_1710726	6290743
ILMN_1802106	1190026
ILMN_2232478	4120369
ILMN_1664828	160292
ILMN_1815425	7100128
ILMN_1789007	3830465
ILMN_1802923	3800403
ILMN_1722070	2630010
ILMN_1765605	3440717
ILMN_1780170	7150634
ILMN_1740938	730414
ILMN_1809311	130400
ILMN_1761511	1740669
ILMN_1761793	4040386
ILMN_1688631	6370470
ILMN_2325338	1570358
ILMN_2325337	3370066
ILMN_1706582	4040270
ILMN_2248822	4880291
ILMN_2283195	460327
ILMN_1756862	1980750
ILMN_2369144	4900102
ILMN_1704682	610661
ILMN_1779070	3400142
ILMN_1676177	6450301
ILMN_1687201	5550397
ILMN_1723522	1770364
ILMN_1731941	3830022
ILMN_1721623	2690132
ILMN_1777483	5090093
ILMN_2404065	650110
ILMN_1653283	1190735
ILMN_2404063	3370577
ILMN_1694875	1440707
ILMN_2149766	5270333
ILMN_1763730	5860554
ILMN_1765076	4180100
ILMN_1686011	4780292
ILMN_1722491	160746
ILMN_1726410	6510603
ILMN_2317348	1570138
ILMN_2260058	4150703
ILMN_1726752	6590674
ILMN_1776857	70338
ILMN_1681103	450619
ILMN_2090004	2340577
ILMN_1762606	780594
ILMN_1757036	7150706
ILMN_3246595	1780195
ILMN_1732149	4480079
ILMN_1651574	1050040
ILMN_1676649	2070161
ILMN_1747683	2750176
ILMN_1807036	2810543
ILMN_1666519	3290168
ILMN_1786381	4490678
ILMN_1738494	5090209
ILMN_3245829	7100022
ILMN_3251648	270647
ILMN_1765610	2630543
ILMN_2053902	4200494
ILMN_1751586	5720246
ILMN_1672057	5960382
ILMN_1713462	2470064
ILMN_1715068	160494
ILMN_2177460	1070546
ILMN_1717154	2690639
ILMN_1767351	2000494
ILMN_1659572	3710017
ILMN_1792540	6900072
ILMN_1658883	2100576
ILMN_3269719	7560044
ILMN_3244434	3520438
ILMN_1767541	6940497
ILMN_3240997	6040097
ILMN_1812618	7380255
ILMN_1711120	430674
ILMN_1699703	2750653
ILMN_1721977	6590053
ILMN_3236351	2630184
ILMN_1804421	6520600
ILMN_3236613	990376
ILMN_2330948	1430259
ILMN_1802203	3310139
ILMN_1661458	5550491
ILMN_1682938	2680446
ILMN_1723884	1430136
ILMN_1719518	6770176
ILMN_1752340	3370189
ILMN_1764297	510300
ILMN_2406873	2710209
ILMN_1675709	5900445
ILMN_1769250	3190066
ILMN_2227800	3850639
ILMN_1731287	5090056
ILMN_2221408	3710681
ILMN_1728471	6100524
ILMN_1789990	3610554
ILMN_2403906	10753
ILMN_2403911	2060630
ILMN_1768399	4220484
ILMN_1750690	870082
ILMN_1703989	6110520
ILMN_1812281	5270753
ILMN_1800898	5720725
ILMN_1707529	4570735
ILMN_1716068	7330307
ILMN_2095571	2340537
ILMN_1814353	5720176
ILMN_1788468	4880132
ILMN_1732060	6480082
ILMN_1736112	2000669
ILMN_1744830	990121
ILMN_2395913	4180537
ILMN_1673815	5700403
ILMN_2215881	6060050
ILMN_2101810	5340747
ILMN_1753500	5490612
ILMN_2208413	3310463
ILMN_1718610	160561
ILMN_2398847	3170520
ILMN_1756693	6590564
ILMN_1791186	3140445
ILMN_1688953	6110332
ILMN_1782761	6480593
ILMN_1811592	1260543
ILMN_1676361	510520
ILMN_1764571	4210630
ILMN_1672742	4590706
ILMN_1673224	5910367
ILMN_1775441	10239
ILMN_2352633	130008
ILMN_1765876	2260538
ILMN_1801833	4290243
ILMN_1777998	3850148
ILMN_1658853	5290523
ILMN_1661971	6520196
ILMN_1711490	6350706
ILMN_2103362	1260239
ILMN_2290204	510575
ILMN_1731178	1850521
ILMN_1797753	4670753
ILMN_1796772	5810458
ILMN_1751474	7000390
ILMN_1750805	1440634
ILMN_2408851	4390441
ILMN_1751164	7650747
ILMN_1770824	7200240
ILMN_2322747	2570605
ILMN_2388746	130653
ILMN_1673358	620364
ILMN_1732641	830187
ILMN_1806655	3130646
ILMN_2342851	60551
ILMN_2412475	6760482
ILMN_2297096	7550403
ILMN_1663916	110180
ILMN_2382657	2650594
ILMN_1734742	4760255
ILMN_1678143	1570193
ILMN_2049274	4180377
ILMN_1711278	6650653
ILMN_1772370	870324
ILMN_2293131	2490672
ILMN_2405129	3180736
ILMN_2132809	6900703
ILMN_1727205	70048
ILMN_1689770	730561
ILMN_2389445	5550170
ILMN_1656546	2510594
ILMN_2347380	6520594
ILMN_1733861	7150070
ILMN_1810712	5270193
ILMN_1792571	3610601
ILMN_1669928	1030753
ILMN_1754562	1660020
ILMN_1664016	6130725
ILMN_1808999	6250546
ILMN_1703477	4120411
ILMN_1781010	6250435
ILMN_1666076	3850333
ILMN_2342282	6250370
ILMN_1708093	4150356
ILMN_2214473	1030646
ILMN_1803423	770703
ILMN_1796912	510554
ILMN_2235679	1430379
ILMN_1675984	2320445
ILMN_1798587	5340484
ILMN_1779370	1070196
ILMN_1734496	2030471
ILMN_1797341	6280411
ILMN_2415357	6480289
ILMN_1660433	7200717
ILMN_1795247	4920463
ILMN_2182335	7100044
ILMN_1670130	6510553
ILMN_1696956	5960670
ILMN_1757626	3120634
ILMN_2338447	2510368
ILMN_1676626	2600402
ILMN_1810229	7160440
ILMN_2269564	2470603
ILMN_1761334	2940722
ILMN_2362982	6590722
ILMN_1689700	160554
ILMN_2298567	4850014
ILMN_2415157	7200301
ILMN_1721626	1410408
ILMN_1694219	6560433
ILMN_1792825	1010682
ILMN_1813091	4860468
ILMN_1769168	5270053
ILMN_1808383	3360138
ILMN_1777550	4730291
ILMN_2403047	4480722
ILMN_1777301	5050471
ILMN_2232463	3400209
ILMN_1774161	2140605
ILMN_2202967	5670494
ILMN_2188119	990154
ILMN_1679917	7050500
ILMN_3231952	3360286
ILMN_3231502	3710195
ILMN_3181503	6200433
ILMN_1698680	6560307
ILMN_1787879	3290739
ILMN_1755391	2570523
ILMN_1780444	7150671
ILMN_1704842	1010161
ILMN_2369953	1260364
ILMN_1775405	1410113
ILMN_1753663	6290369
ILMN_1743241	7560615
ILMN_1768391	1300192
ILMN_1719010	4780010
ILMN_1771738	70364
ILMN_2332558	2630209
ILMN_1688526	6270195
ILMN_2120022	1710753
ILMN_1680465	2340564
ILMN_1679295	1260743
ILMN_2307266	1090482
ILMN_1703325	2850154
ILMN_1771822	5270646
ILMN_1750488	6520471
ILMN_1708416	2690047
ILMN_2113362	5960324
ILMN_1791149	2350192
ILMN_1779835	3120289
ILMN_2393144	4900053
ILMN_1769810	2070563
ILMN_1797964	670382
ILMN_2117902	7050438
ILMN_1659148	1190768
ILMN_1752837	130685
ILMN_1777691	6350066
ILMN_1722066	7570209
ILMN_1689296	2900372
ILMN_2052598	6840593
ILMN_2213008	1710152
ILMN_1779256	6130324
ILMN_3243057	1850242
ILMN_1776395	4200274
ILMN_1697088	2060154
ILMN_1697118	2060128
ILMN_1797298	730020
ILMN_1797453	940736
ILMN_1781151	2510575
ILMN_1656557	6110369
ILMN_2385318	6550750
ILMN_1755732	4880619
ILMN_2180677	3170113
ILMN_1788192	4230451
ILMN_1785170	3930201
ILMN_2334760	2320647
ILMN_1651741	3780753
ILMN_1664675	6180725
ILMN_2334765	7150427
ILMN_1743345	1470474
ILMN_1741156	1580619
ILMN_2414533	1690475
ILMN_1768226	4150020
ILMN_1716026	4490215
ILMN_2183510	4560110
ILMN_3249571	4200324
ILMN_2347314	2190040
ILMN_1762582	2640338
ILMN_1718046	4180307
ILMN_1731476	20064
ILMN_2405305	7150519
ILMN_1798064	770523
ILMN_3185198	3830672
ILMN_1759915	7610692
ILMN_2085760	130717
ILMN_2255021	5340546
ILMN_1792489	7160327
ILMN_1810200	7560162
ILMN_1655561	7380193
ILMN_1803183	2230068
ILMN_2393763	2600619
ILMN_1707336	2690601
ILMN_1768394	20142
ILMN_2043816	4830056
ILMN_1782810	2480615
ILMN_1776442	2600754
ILMN_1772798	2140368
ILMN_2059505	6620356
ILMN_2289825	1690561
ILMN_1672161	4560301
ILMN_2251505	6370551
ILMN_2374728	7160437
ILMN_1671402	7210554
ILMN_1660126	3850307
ILMN_2325168	2490288
ILMN_1730620	5670673
ILMN_1675866	3930133
ILMN_2395711	4260347
ILMN_1661492	4850646
ILMN_1715181	3870504
ILMN_1710229	4730110
ILMN_1655612	7000609
ILMN_2198515	4060672
ILMN_2198516	6450161
ILMN_2184064	3450463
ILMN_1660544	6580168
ILMN_2153787	2370270
ILMN_2358202	3420121
ILMN_1733295	7330646
ILMN_2047240	4150168
ILMN_1656477	4920546
ILMN_1668727	150546
ILMN_2242937	270215
ILMN_1722045	6900309
ILMN_1712587	7040600
ILMN_1684956	4230609
ILMN_1661624	4540672
ILMN_1684873	6580689
ILMN_1727462	3940630
ILMN_1664001	4390403
ILMN_1720604	3190753
ILMN_1757896	50292
ILMN_1727156	4230161
ILMN_1679318	2640725
ILMN_1657050	7560255
ILMN_1807913	3710114
ILMN_1693218	7040497
ILMN_1805773	1400577
ILMN_1733583	50437
ILMN_2338733	3130239
ILMN_1762952	1850246
ILMN_1727040	4760468
ILMN_1773295	6270446
ILMN_1803691	6560494
ILMN_1800935	1500246
ILMN_1677226	5810301
ILMN_3307108	5890544
ILMN_1720205	7150255
ILMN_1724162	4070020
ILMN_1771732	4280390
ILMN_1684054	2030482
ILMN_1655509	5420332
ILMN_1780786	1190112
ILMN_1800237	4210132
ILMN_1776129	4830544
ILMN_2118773	2370731
ILMN_1658602	4810537
ILMN_3242048	5080368
ILMN_1656248	5570682
ILMN_2233366	940164
ILMN_3245057	6840129
ILMN_1690963	7000072
ILMN_3244390	1070209
ILMN_3270972	2750674
ILMN_3194508	5340646
ILMN_1685441	2190709
ILMN_1683096	1820347
ILMN_1781148	3190291
ILMN_1722024	1450474
ILMN_1651643	4640152
ILMN_2272251	6510369
ILMN_1656364	7160519
ILMN_1654385	5050575
ILMN_1753737	2850047
ILMN_1740528	2030747
ILMN_1810881	2320152
ILMN_2210101	270189
ILMN_1670829	1580523
ILMN_3248023	1190048
ILMN_1795811	3440674
ILMN_2358784	60309
ILMN_2358783	2690068
ILMN_1699606	5720458
ILMN_1813668	1170382
ILMN_1676066	1740605
ILMN_1702618	2320014
ILMN_1711269	1440445
ILMN_2126055	5270554
ILMN_1655532	870164
ILMN_1806705	1780450
ILMN_2397776	7000333
ILMN_1744050	1470528
ILMN_1753040	2190156
ILMN_1680419	2190528
ILMN_2173740	870451
ILMN_1783675	2490441
ILMN_2373728	130110
ILMN_1786041	4480091
ILMN_1685097	830528
ILMN_1679919	1570523
ILMN_1745772	650722
ILMN_2294751	870040
ILMN_1797656	4890376
ILMN_1772177	5490138
ILMN_1701653	4830376
ILMN_1723412	7200435
ILMN_1695353	6770500
ILMN_1813075	540437
ILMN_3185242	770521
ILMN_3261705	3940181
ILMN_1714737	7560048
ILMN_1695414	2630673
ILMN_3259153	2000672
ILMN_1769013	2370064
ILMN_1700340	1030386
ILMN_2342638	3800576
ILMN_1694966	4860753
ILMN_1782032	4810239
ILMN_1666933	3440348
ILMN_1791647	3460474
ILMN_1685142	1690128
ILMN_1685037	4850681
ILMN_2379393	6620598
ILMN_1690595	6220546
ILMN_1804384	430376
ILMN_1732615	1010349
ILMN_1689786	6760619
ILMN_1657571	4480435
ILMN_1796417	1510296
ILMN_2398107	5960181
ILMN_2221673	6960242
ILMN_1692824	3140209
ILMN_3246037	3710280
ILMN_2352934	2370450
ILMN_1693771	5890619
ILMN_1739719	6100746
ILMN_1662390	1440088
ILMN_1708950	6420561
ILMN_1662490	7210703
ILMN_2167426	7400102
ILMN_1815184	6130441
ILMN_2168166	4050431
ILMN_1762284	4860255
ILMN_1688180	1850307
ILMN_1661860	3420576
ILMN_1660749	6940484
ILMN_1810199	6770270
ILMN_1708778	110433
ILMN_2395451	2640544
ILMN_1688234	4900370
ILMN_1803813	6650026
ILMN_1728055	6400070
ILMN_1684959	1990333
ILMN_1702189	2710736
ILMN_1744118	10703
ILMN_1797283	3120132
ILMN_2381559	4010358
ILMN_1726025	5390180
ILMN_1698968	650075
ILMN_1736957	2340133
ILMN_2048957	1190274
ILMN_1782246	1510431
ILMN_1654497	5260221
ILMN_2169983	5340551
ILMN_2048700	1410242
ILMN_3235282	1230131
ILMN_1738530	4150086
ILMN_2131936	7330091
ILMN_2231569	540296
ILMN_1806956	2120592
ILMN_1656576	7050577
ILMN_1791400	460731
ILMN_1812479	3520427
ILMN_2381769	4150626
ILMN_1756867	6770243
ILMN_1801923	7200575
ILMN_1748271	2100735
ILMN_2374865	4780128
ILMN_1661109	6380735
ILMN_1791346	6560575
ILMN_1672128	3460309
ILMN_1783394	6480053
ILMN_2358457	7610187
ILMN_1669113	1570484
ILMN_1703471	5420343
ILMN_3273641	1780360
ILMN_3194911	4640110
ILMN_1706967	1500400
ILMN_1716435	2570682
ILMN_1804445	2480075
ILMN_1748968	20050
ILMN_2206098	5340603
ILMN_2188204	1410348
ILMN_1673898	5720142
ILMN_1725707	2760491
ILMN_2365881	3420347
ILMN_1664644	2000307
ILMN_1756006	4200008
ILMN_1735006	4780762
ILMN_1769566	830035
ILMN_2163732	1690253
ILMN_2313782	620168
ILMN_1768960	5290370
ILMN_3307158	6060358
ILMN_1691173	10348
ILMN_2411915	2060136
ILMN_2383727	2970528
ILMN_1700923	5090291
ILMN_2180315	730767
ILMN_1801905	1450647
ILMN_1718265	2030228
ILMN_1790978	5220754
ILMN_2296290	1850605
ILMN_2410975	3190326
ILMN_1739008	3890528
ILMN_1734655	2570204
ILMN_1794707	4070239
ILMN_1673991	1770546
ILMN_3255124	990192
ILMN_3181411	2680475
ILMN_1716384	2850494
ILMN_1751086	1240243
ILMN_1713630	580537
ILMN_2370825	4250008
ILMN_1779214	6840605
ILMN_1716231	7330592
ILMN_1772540	1050180
ILMN_2223720	6620600
ILMN_2373830	4220754
ILMN_1737833	4390543
ILMN_1711210	6580040
ILMN_1740671	6660129
ILMN_1752393	4480047
ILMN_2168228	5690092
ILMN_1654065	3840376
ILMN_1670609	5560131
ILMN_3307935	1580301
ILMN_1813434	1580717
ILMN_1698804	4730180
ILMN_1656159	5490681
ILMN_1674217	1170139
ILMN_1768783	6980551
ILMN_1658884	6060706
ILMN_2124155	6650594
ILMN_1661428	430332
ILMN_1804137	2940551
ILMN_2389810	6040204
ILMN_1687765	1820414
ILMN_2134224	2060193
ILMN_1704164	7100326
ILMN_1768895	840672
ILMN_1663684	2510129
ILMN_1651303	780195
ILMN_1775285	1770053
ILMN_1731783	3370164
ILMN_2415189	4210095
ILMN_1775566	5570152
ILMN_1777411	3990092
ILMN_1689098	770338
ILMN_1696132	3460131
ILMN_1705208	5550274
ILMN_1658071	4180452
ILMN_2407824	4220468
ILMN_1730291	6060482
ILMN_1747271	2810070
ILMN_1783304	1510088
ILMN_1655783	2490678
ILMN_1654322	3130092
ILMN_1741115	3460408
ILMN_1759628	4220632
ILMN_1653211	6100706
ILMN_1770052	3850605
ILMN_1788281	4290181
ILMN_1709541	4390215
ILMN_1674460	5490360
ILMN_1655884	770079
ILMN_1687375	1940053
ILMN_1815666	5810189
ILMN_1697827	1110678
ILMN_2310909	3290747
ILMN_2401933	4230564
ILMN_1750599	6180059
ILMN_1813399	6510164
ILMN_1802223	70435
ILMN_1734788	540338
ILMN_2381938	3520193
ILMN_1693481	3180079
ILMN_1660741	4010762
ILMN_2415073	4070253
ILMN_1664772	4180369
ILMN_1680579	6100482
ILMN_2367753	6900630
ILMN_1696568	780367
ILMN_1758784	3290279
ILMN_2340565	5080228
ILMN_1785413	2510669
ILMN_2209417	5270040
ILMN_1702257	3180427
ILMN_1771680	4200382
ILMN_1796405	6200553
ILMN_1703787	6860537
ILMN_2341363	940711
ILMN_1764494	6110674
ILMN_1772132	4540021
ILMN_1701269	4780450
ILMN_1679178	1110377
ILMN_1653599	3190671
ILMN_3261197	3710725
ILMN_1756674	5090561
ILMN_2225887	6900324
ILMN_1672191	1010598
ILMN_1721989	4060326
ILMN_1712430	460040
ILMN_1676393	5870446
ILMN_1807798	2320762
ILMN_1669102	3190711
ILMN_1660577	7330612
ILMN_1770466	6220541
ILMN_1794912	3450743
ILMN_1666372	4290300
ILMN_1726603	1580603
ILMN_1703415	2060343
ILMN_1772506	4560246
ILMN_1652806	650259
ILMN_1772929	5860162
ILMN_2348093	6560180
ILMN_2307883	4760112
ILMN_2310621	6590593
ILMN_2079285	4070544
ILMN_1812638	6370411
ILMN_1791332	6110754
ILMN_1700625	2120100
ILMN_1679188	5560053
ILMN_2299843	6900722
ILMN_1809027	1990274
ILMN_1697694	6590201
ILMN_1755990	5490270
ILMN_1677440	7560097
ILMN_1752579	1660215
ILMN_1700380	620092
ILMN_1812896	2100097
ILMN_1721788	4810731
ILMN_1678186	5290243
ILMN_2394287	6110328
ILMN_1721391	7160059
ILMN_2353642	7400673
ILMN_1653056	630291
ILMN_1773849	2360138
ILMN_1789005	3610397
ILMN_1795826	6330377
ILMN_1799889	1980706
ILMN_1715635	2320110
ILMN_2071937	4730343
ILMN_1785095	6180088
ILMN_1711516	7050131
ILMN_1812073	6290239
ILMN_1787705	6650017
ILMN_1659801	2480241
ILMN_1663257	5550750
ILMN_1660729	10070
ILMN_2389995	4070377
ILMN_1797310	1660736
ILMN_2339779	5890450
ILMN_1798485	6860543
ILMN_1810235	4010477
ILMN_2099783	3870630
ILMN_1784523	6370091
ILMN_1654541	1260538
ILMN_1674778	3780025
ILMN_2371001	5260592
ILMN_1726273	5960162
ILMN_1689473	5390546
ILMN_2403730	6330279
ILMN_1808115	6280414
ILMN_1696223	1230601
ILMN_1722056	7510259
ILMN_1778358	520634
ILMN_1693896	4590577
ILMN_1710523	6040240
ILMN_1814688	3310121
ILMN_2301193	4490446
ILMN_1782057	6960168
ILMN_1653372	6380102
ILMN_1783956	1820270
ILMN_1799232	2510156
ILMN_1706406	5860603
ILMN_2089073	6480630
ILMN_1658684	2120209
ILMN_1790603	4890491
ILMN_2395055	5810673
ILMN_1727390	3780239
ILMN_1721741	3420195
ILMN_1682375	1230324
ILMN_2140207	2710520
ILMN_1782085	4180059
ILMN_1725746	3180504
ILMN_3237981	6860639
ILMN_1727332	1070025
ILMN_1685978	3780068
ILMN_2277201	670358
ILMN_1660342	3420349
ILMN_1810385	3780364
ILMN_2376771	4210360
ILMN_2370464	4860367
ILMN_1653896	7210438
ILMN_2355586	1710494
ILMN_1761850	2320433
ILMN_2297205	4570196
ILMN_1772124	6520243
ILMN_1678541	7100167
ILMN_1786966	6660253
ILMN_1666885	2340600
ILMN_2334256	3420156
ILMN_1726576	7550187
ILMN_1800951	520601
ILMN_2153332	5080154
ILMN_1705900	6180014
ILMN_2169676	6550181
ILMN_3232536	430735
ILMN_3233871	4220133
ILMN_3193798	7510010
ILMN_1743829	1090400
ILMN_1742956	580730
ILMN_1705034	2510576
ILMN_2271627	4760102
ILMN_2354334	6660598
ILMN_1680380	7200497
ILMN_2393497	510747
ILMN_1725696	2630446
ILMN_1753450	5900220
ILMN_1688602	4280576
ILMN_1777260	2350615
ILMN_1664177	2710187
ILMN_1862018	6220093
ILMN_2111556	3390615
ILMN_2231911	7330180
ILMN_1756852	1990632
ILMN_1651378	6290053
ILMN_1680955	4730605
ILMN_2357438	5420309
ILMN_1768396	5810088
ILMN_2053650	2710215
ILMN_1684217	6770026
ILMN_1721333	1070309
ILMN_1675376	3130750
ILMN_2350296	5890634
ILMN_1749081	1470762
ILMN_1710216	3800634
ILMN_1674265	4390369
ILMN_3237977	5270564
ILMN_1722292	5700112
ILMN_2230117	580397
ILMN_1811443	5690253
ILMN_1671731	990500
ILMN_1712159	5220176
ILMN_1680521	6280376
ILMN_1698324	1510025
ILMN_1703832	6590747
ILMN_1766185	3460754
ILMN_1692967	5550398
ILMN_1724480	1070189
ILMN_1701877	4640403
ILMN_2364521	6480703
ILMN_1703123	7560041
ILMN_1754400	5310673
ILMN_1797154	7200324
ILMN_1746206	3390605
ILMN_1742262	4180400
ILMN_1733680	5490348
ILMN_1656682	2480039
ILMN_1704550	3990523
ILMN_2327994	4070661
ILMN_1730867	5670739
ILMN_2148459	240195
ILMN_1725427	4890487
ILMN_1787595	1410370
ILMN_2325347	2970040
ILMN_1726840	5490672
ILMN_1780188	160376
ILMN_1659202	3310736
ILMN_1709907	4590008
ILMN_1657096	430053
ILMN_1815287	3940711
ILMN_1690682	2510161
ILMN_2378654	150377
ILMN_1800713	1190576
ILMN_1698756	5570452
ILMN_1739749	2510477
ILMN_1764813	4640673
ILMN_1794072	1260017
ILMN_2371440	3440343
ILMN_1761093	6370014
ILMN_1774208	7160041
ILMN_2210581	7510563
ILMN_3246214	3400215
ILMN_1711102	380056
ILMN_1800082	2100435
ILMN_1771260	2350338
ILMN_1702609	1300722
ILMN_1715384	2260220
ILMN_1680081	2850041
ILMN_1721523	3840020
ILMN_1741389	1470132
ILMN_1783908	2900102
ILMN_1702817	1570086
ILMN_1805725	1740086
ILMN_1707200	5290189
ILMN_1753271	3850022
ILMN_1796663	670403
ILMN_1766221	3460386
ILMN_1753755	510379
ILMN_1680732	2640435
ILMN_1806508	3120487
ILMN_1692267	1030044
ILMN_1661500	2000646
ILMN_2380688	6220672
ILMN_1685824	2060047
ILMN_1732555	4010553
ILMN_1663541	520332
ILMN_3239284	6060594
ILMN_1806999	4280088
ILMN_1687751	270431
ILMN_1707717	4010082
ILMN_1771308	1980491
ILMN_2320349	2650414
ILMN_1797804	4570390
ILMN_2326712	1240201
ILMN_1669323	2230731
ILMN_1807181	1010170
ILMN_1681583	2690743
ILMN_1751149	5420524
ILMN_1670695	3060603
ILMN_1659943	4560561
ILMN_2058468	7650440
ILMN_1685398	3520553
ILMN_1738652	5860376
ILMN_1720360	6290544
ILMN_1733970	2060195
ILMN_3244893	3190253
ILMN_1659766	1340075
ILMN_2221014	2850646
ILMN_1727996	4230632
ILMN_2361695	130669
ILMN_2268855	270730
ILMN_1751396	1740181
ILMN_1728514	6550349
ILMN_1768994	2320184
ILMN_2168766	4880196
ILMN_2069267	7510528
ILMN_1697549	380139
ILMN_2138135	2940440
ILMN_2206141	7380148
ILMN_3242544	2570524
ILMN_1739256	2650528
ILMN_1779510	870544
ILMN_1729529	3060253
ILMN_1797130	6220612
ILMN_1763869	6380711
ILMN_1773109	2370474
ILMN_1671076	5690301
ILMN_1705922	70767
ILMN_1652865	1030164
ILMN_1699727	2680470
ILMN_2247226	6400379
ILMN_2258749	6590050
ILMN_1703593	5700343
ILMN_1771652	6280605
ILMN_1810550	780719
ILMN_1805990	1850019
ILMN_1691410	430050
ILMN_2179837	150767
ILMN_1749243	3870136
ILMN_1805823	1570072
ILMN_1661646	4010139
ILMN_1663631	380373
ILMN_2396338	3360451
ILMN_1701216	3780450
ILMN_1768363	4010528
ILMN_1782004	1780075
ILMN_2074258	5080561
ILMN_1737662	2760646
ILMN_1706493	6620500
ILMN_1772312	6450040
ILMN_1701170	6550168
ILMN_3265434	4900445
ILMN_3182301	7380630
ILMN_1651826	2140121
ILMN_1686626	160132
ILMN_1690576	2030546
ILMN_2357976	2320136
ILMN_1760563	1430059
ILMN_2408179	5080333
ILMN_1743137	460711
ILMN_3247802	4830253
ILMN_1705364	4260736
ILMN_2390416	5340382
ILMN_1742782	4280546
ILMN_2152402	5910220
ILMN_1668822	6220195
ILMN_1690241	4730059
ILMN_1763207	5900253
ILMN_2321064	3520092
ILMN_2258383	4490538
ILMN_1683300	7550110
ILMN_1742230	940288
ILMN_1658327	1240097
ILMN_1696692	2060739
ILMN_1680831	4280347
ILMN_1676318	2060139
ILMN_1720850	450075
ILMN_1729645	3440364
ILMN_1734929	3400386
ILMN_1800590	5550554
ILMN_1741985	3800243
ILMN_2166972	5570435
ILMN_2230035	870671
ILMN_1767612	1410246
ILMN_1762466	2470753
ILMN_2299737	160743
ILMN_1663592	3170326
ILMN_1711053	7610161
ILMN_1703111	70189
ILMN_1776656	70528
ILMN_1775012	2230112
ILMN_2257833	2850092
ILMN_2377056	7150243
ILMN_1794956	1690167
ILMN_2352159	3840066
ILMN_1745415	2370703
ILMN_1790455	1260719
ILMN_1705653	4890246
ILMN_2320280	7320390
ILMN_2246131	1090246
ILMN_1680300	1170215
ILMN_1732154	2100446
ILMN_1697642	10044
ILMN_1715928	110128
ILMN_1705568	730367
ILMN_2342084	2690273
ILMN_2266334	5090086
ILMN_1737380	6250564
ILMN_1812403	6450138
ILMN_1672596	2710746
ILMN_1763638	4070053
ILMN_3191746	3710689
ILMN_1733042	670372
ILMN_2136147	3060343
ILMN_1751760	2680358
ILMN_2148452	7610575
ILMN_2054510	4830687
ILMN_2248912	1400010
ILMN_1808059	4290079
ILMN_2325506	5560193
ILMN_1766169	7650524
ILMN_1695110	6560497
ILMN_1771966	990598
ILMN_1811188	1450386
ILMN_1786433	2940040
ILMN_1758090	5270156
ILMN_1796113	7400246
ILMN_2176592	2030414
ILMN_1685641	7400433
ILMN_1735979	2810296
ILMN_2390453	2140138
ILMN_1764166	2940292
ILMN_2259949	7040204
ILMN_1655433	7400630
ILMN_1693394	5220347
ILMN_1716446	110148
ILMN_1704070	1340037
ILMN_2255133	3170440
ILMN_1659800	6100364
ILMN_1752899	6580450
ILMN_2342271	7330504
ILMN_1665761	1030296
ILMN_1667885	4480228
ILMN_1701120	2480520
ILMN_1801119	3180494
ILMN_2363250	4070735
ILMN_2246956	4150201
ILMN_1769229	7380477
ILMN_1654118	670673
ILMN_1742410	4290411
ILMN_1749096	1110576
ILMN_1766541	1340139
ILMN_1774997	4390241
ILMN_2359627	6110717
ILMN_1731193	5290634
ILMN_2396982	6420379
ILMN_1752953	7550753
ILMN_2181445	7200452
ILMN_1664235	1450553
ILMN_1773925	2060273
ILMN_1717976	3170767
ILMN_2279645	6420088
ILMN_1694666	110747
ILMN_3251676	780754
ILMN_1655722	1710575
ILMN_1746561	5050156
ILMN_1710514	6330725
ILMN_1746053	5310451
ILMN_1737314	6280458
ILMN_1651285	1260093
ILMN_1706886	990041
ILMN_1665996	2140075
ILMN_2378081	3460458
ILMN_1754199	2850360
ILMN_2367275	6370593
ILMN_1788844	610731
ILMN_2371147	5260196
ILMN_1701165	5820520
ILMN_1671715	5270075
ILMN_1704452	6400619
ILMN_1743966	5960471
ILMN_1775192	3800176
ILMN_2357272	3870634
ILMN_1690321	6760209
ILMN_1814686	3890072
ILMN_2335264	2810075
ILMN_1773117	510576
ILMN_1712161	1770435
ILMN_1676241	6760273
ILMN_1767015	4070296
ILMN_1678260	2570594
ILMN_1669663	2030110
ILMN_1670398	3180682
ILMN_1680683	4070270
ILMN_1668907	5270523
ILMN_2333146	5900100
ILMN_1738529	7100131
ILMN_1678757	5960411
ILMN_1683471	2490437
ILMN_1677637	5290553
ILMN_1799280	5490593
ILMN_1673360	4230398
ILMN_1734611	6940500
ILMN_1684086	2320719
ILMN_1719820	510746
ILMN_1751276	770603
ILMN_1793988	1430671
ILMN_1706644	3450148
ILMN_1761910	4880356
ILMN_1712712	6110100
ILMN_1809543	6760091
ILMN_3249533	4760064
ILMN_1687149	7570563
ILMN_1697923	2370026
ILMN_1733066	5220692
ILMN_1744822	1690379
ILMN_1744748	4780634
ILMN_1668924	360537
ILMN_3237923	6770372
ILMN_1754062	2100142
ILMN_2375032	5900047
ILMN_3242856	6400242
ILMN_1740094	430279
ILMN_1796574	4260291
ILMN_3237256	4810750
ILMN_3237448	4540398
ILMN_3238319	2490671
ILMN_1706969	3520164
ILMN_3230880	10451
ILMN_3178043	580279
ILMN_3230853	2850673
ILMN_1718982	5420600
ILMN_1755796	6940315
ILMN_2410182	1770253
ILMN_1796685	3370180
ILMN_1684042	1510746
ILMN_2060652	3130672
ILMN_3246699	6620338
ILMN_1702637	5550634
ILMN_2234697	6480468
ILMN_2181892	4830674
ILMN_2351638	1110615
ILMN_1806473	1450240
ILMN_1804798	4490180
ILMN_1773504	7320706
ILMN_3311150	610196
ILMN_3307987	840327
ILMN_3311140	2470598
ILMN_1814808	610022
ILMN_1712608	2370364
ILMN_1690217	2690152
ILMN_1755818	4830356
ILMN_2206746	460767
ILMN_1673590	3800563
ILMN_1768534	2640735
ILMN_1726809	2900220
ILMN_1742787	2360324
ILMN_1708131	7210546
ILMN_1699585	7210551
ILMN_1656638	1010463
ILMN_1813043	20440
ILMN_2070521	4210075
ILMN_1719570	1940270
ILMN_1692973	60048
ILMN_2362034	6220767
ILMN_1771268	1410437
ILMN_2380418	6840064
ILMN_2372413	1190022
ILMN_1763386	1440037
ILMN_2259495	5270136
ILMN_1770505	6280440
ILMN_2309245	650553
ILMN_1674160	5130440
ILMN_1726342	3310343
ILMN_1708485	1470291
ILMN_1688489	3290022
ILMN_2182704	840280
ILMN_1768194	4920707
ILMN_2405684	3060255
ILMN_1776181	5080021
ILMN_1681644	7210154
ILMN_2349459	1230682
ILMN_1803124	7550626
ILMN_1801605	20601
ILMN_2338849	2690441
ILMN_1674036	3450347
ILMN_1727144	4920563
ILMN_1805826	1090367
ILMN_2214098	4220270
ILMN_1675612	2690524
ILMN_1807331	4250441
ILMN_1668277	6330471
ILMN_1709484	2450717
ILMN_1721921	4880482
ILMN_2142935	3140100
ILMN_2157510	1450377
ILMN_1760530	1300554
ILMN_1679782	2630743
ILMN_1681242	7610379
ILMN_1699669	6580601
ILMN_1691436	2940022
ILMN_1797793	6620521
ILMN_2106656	2940541
ILMN_2106658	6130020
ILMN_1695354	110280
ILMN_1787794	6200035
ILMN_1810239	7040356
ILMN_2308338	7650209
ILMN_1700915	1090292
ILMN_2295290	430538
ILMN_1758542	1430142
ILMN_1800412	5570324
ILMN_1800776	6130181
ILMN_1798803	6380692
ILMN_1789994	7510692
ILMN_1791688	2120717
ILMN_1702755	3840600
ILMN_1722718	4280577
ILMN_2299045	670647
ILMN_1811148	5960368
ILMN_1814200	7200338
ILMN_1707469	5690133
ILMN_1682661	4900397
ILMN_1740900	990075
ILMN_1709734	4200491
ILMN_1693749	5490035
ILMN_1660552	2000471
ILMN_1747650	6980064
ILMN_1741566	3170100
ILMN_1761264	2760092
ILMN_2123415	4570279
ILMN_3307916	2970364
ILMN_1702371	4780082
ILMN_1706957	3290441
ILMN_2095577	4290500
ILMN_1801658	1510349
ILMN_2070896	460730
ILMN_1789095	6060475
ILMN_1772713	1190717
ILMN_1777854	5340392
ILMN_3238183	1260646
ILMN_1796138	3140487
ILMN_1759892	3140678
ILMN_1672307	3610706
ILMN_1751465	1260037
ILMN_1679464	2680309
ILMN_2298301	4050408
ILMN_1655086	4070372
ILMN_1692748	4880164
ILMN_1656373	7050010
ILMN_1734410	5860452
ILMN_2318733	6420376
ILMN_1770803	7380136
ILMN_1724658	6770608
ILMN_2045419	620047
ILMN_1718961	2640192
ILMN_1708513	290672
ILMN_1699989	4390372
ILMN_1711170	5720471
ILMN_1773997	7380196
ILMN_1689172	620274
ILMN_1728780	2570528
ILMN_1803956	7510113
ILMN_1730032	2600072
ILMN_1793966	4250470
ILMN_1782633	60148
ILMN_1656382	1740681
ILMN_2298511	1740717
ILMN_1703894	4860543
ILMN_1659343	6370468
ILMN_1810680	6380367
ILMN_3249676	4150762
ILMN_1786658	3390093
ILMN_2343010	6520576
ILMN_2258488	7150687
ILMN_2329759	830288
ILMN_1759369	2030349
ILMN_1670746	2140102
ILMN_1781833	4920703
ILMN_1715583	1660435
ILMN_2147920	70736
ILMN_1793049	2060392
ILMN_2352921	3060682
ILMN_1788764	6290301
ILMN_2352926	6330133
ILMN_1657746	1740487
ILMN_1766736	4200746
ILMN_1796928	3830491
ILMN_1708152	4010392
ILMN_1670091	6110184
ILMN_1712718	5360039
ILMN_1699179	240450
ILMN_1688381	4780192
ILMN_1655210	7330187
ILMN_1798112	7330450
ILMN_2217056	5570176
ILMN_3235789	4850255
ILMN_1652472	7210202
ILMN_1772034	6760315
ILMN_2311089	540411
ILMN_1738027	2810465
ILMN_1666652	3120672
ILMN_1771065	5820703
ILMN_1677794	1570327
ILMN_1697546	4230259
ILMN_1730019	1440450
ILMN_1758918	1340475
ILMN_1785635	6660626
ILMN_1774134	2750161
ILMN_1736981	5550762
ILMN_1771061	6060768
ILMN_1696420	430040
ILMN_2082810	6220270
ILMN_3185563	4260315
ILMN_3262031	6770167
ILMN_3245301	360551
ILMN_2349600	670397
ILMN_1702335	1010747
ILMN_1701711	3420689
ILMN_1651405	2190563
ILMN_1811481	5490537
ILMN_1781085	3870458
ILMN_1750821	240440
ILMN_1667928	4150097
ILMN_2247703	6130463
ILMN_2363489	1400450
ILMN_1778684	4060292
ILMN_1658805	6900367
ILMN_3244769	4590274
ILMN_1736836	3520678
ILMN_1703686	5670382
ILMN_1800430	7510026
ILMN_1665554	20500
ILMN_1781580	6270095
ILMN_1797693	160437
ILMN_1803570	4920594
ILMN_1800619	6450474
ILMN_1693410	6840348
ILMN_3253304	540601
ILMN_1760757	5960730
ILMN_2155172	1110722
ILMN_1679800	2120445
ILMN_2398432	4570102
ILMN_1719165	4810129
ILMN_1775943	3140039
ILMN_2225511	4250292
ILMN_1727813	5550612
ILMN_1666967	1990563
ILMN_2226324	4890093
ILMN_1669308	3130138
ILMN_2365549	6940242
ILMN_1658800	4480280
ILMN_1756165	1230541
ILMN_2185845	4890598
ILMN_1708496	460687
ILMN_2305249	50139
ILMN_1675776	1940059
ILMN_1660400	1990112
ILMN_1714669	2320193
ILMN_1672871	6290307
ILMN_1656045	7040296
ILMN_2296011	1050553
ILMN_1805111	4200482
ILMN_1673518	5080066
ILMN_1801866	5570195
ILMN_1761915	6200041
ILMN_1662896	2140139
ILMN_2086222	5560136
ILMN_1757794	4050653
ILMN_1774596	6900224
ILMN_1734483	3370450
ILMN_1778374	20673
ILMN_1730709	4850372
ILMN_1760246	3850730
ILMN_1726420	3440435
ILMN_3242325	6450653
ILMN_3247560	5560050
ILMN_1770161	6270681
ILMN_1723480	4900674
ILMN_3238628	3360114
ILMN_1676842	2070209
ILMN_2411264	4230528
ILMN_1691927	4480008
ILMN_1809344	4250544
ILMN_1654153	3610608
ILMN_1674670	4040484
ILMN_1696582	6110685
ILMN_1705066	6510608
ILMN_1732885	2120341
ILMN_1707481	5700020
ILMN_1677684	5690102
ILMN_2286987	2600554
ILMN_3238274	7610072
ILMN_1713964	10608
ILMN_1666653	4900687
ILMN_2334350	6020653
ILMN_1744725	6900307
ILMN_1687743	1780403
ILMN_2356745	3180017
ILMN_1757298	3440259
ILMN_2049900	2000347
ILMN_1796773	3190136
ILMN_1732271	5560273
ILMN_2081070	4280131
ILMN_1699728	1410091
ILMN_2319414	2650468
ILMN_1659762	7330630
ILMN_2245676	7550575
ILMN_3309354	2600368
ILMN_2072140	1170717
ILMN_1759359	5490730
ILMN_1775743	4730369
ILMN_1770085	1010487
ILMN_1707339	4920053
ILMN_2154836	7210605
ILMN_1689154	110220
ILMN_1662026	6380161
ILMN_1778536	2450494
ILMN_2099528	2810064
ILMN_1698953	7400112
ILMN_1783392	1110093
ILMN_2364852	2570477
ILMN_1752758	70458
ILMN_2256894	5420709
ILMN_1721813	4210598
ILMN_1687888	2120184
ILMN_1802708	3130600
ILMN_1700067	2570253
ILMN_1676528	4610674
ILMN_2373831	1430717
ILMN_1688101	3940600
ILMN_1783795	1470102
ILMN_1660446	4560327
ILMN_2355786	5560072
ILMN_1663749	5890523
ILMN_1770709	4060240
ILMN_1676895	5860551
ILMN_1772976	2060364
ILMN_1815718	1090477
ILMN_1689438	5810286
ILMN_2202948	2070224
ILMN_1797307	1090047
ILMN_1693145	870491
ILMN_2245180	4540338
ILMN_1778764	5960465
ILMN_2386100	6350348
ILMN_1749210	50487
ILMN_1710697	4490706
ILMN_1702107	540241
ILMN_1676294	6900682
ILMN_1689237	7210349
ILMN_1682792	4860356
ILMN_2111229	6420646
ILMN_1669208	7380195
ILMN_1730285	830725
ILMN_1704760	2070162
ILMN_1714878	2630228
ILMN_1717982	2690114
ILMN_1793846	3400300
ILMN_1669554	6650092
ILMN_1676548	1440612
ILMN_1767556	2900747
ILMN_1738955	7210300
ILMN_3181538	360470
ILMN_1770399	2850079
ILMN_1654413	70064
ILMN_1783247	650743
ILMN_1799204	5900020
ILMN_1652715	7150369
ILMN_3230789	6250709
ILMN_1770130	3450022
ILMN_2159300	5720575
ILMN_1810462	4290239
ILMN_1680110	6290168
ILMN_1734010	7610082
ILMN_1761411	5050112
ILMN_1665508	4230392
ILMN_1767828	3610523
ILMN_1758153	7150482
ILMN_1704785	2510546
ILMN_1674046	450674
ILMN_2100936	1980541
ILMN_1784933	5820328
ILMN_3245166	2470736
ILMN_1663649	1050291
ILMN_1791656	3190020
ILMN_3239861	3520343
ILMN_2071682	3440735
ILMN_1730047	4070204
ILMN_1677311	5560315
ILMN_1701243	2190538
ILMN_1687478	1820242
ILMN_2231921	4760148
ILMN_1658830	150678
ILMN_1674373	6840709
ILMN_2158594	730300
ILMN_1723921	4390047
ILMN_1768339	1400220
ILMN_1772706	1850524
ILMN_2151056	6100300
ILMN_1684497	1030278
ILMN_1662470	2510253
ILMN_2202806	2190059
ILMN_1747741	3990762
ILMN_1753490	5960364
ILMN_2375141	780491
ILMN_1765480	3310152
ILMN_1742604	6100458
ILMN_1672711	6590397
ILMN_1681967	7200465
ILMN_3235877	5090201
ILMN_1660288	6200273
ILMN_1792270	4070598
ILMN_1750338	870014
ILMN_2128639	1110767
ILMN_3254163	1260097
ILMN_1759157	3990554
ILMN_2298611	1240181
ILMN_2344744	1740593
ILMN_1665760	2120523
ILMN_2259520	2260561
ILMN_2205963	6620292
ILMN_1708277	2320753
ILMN_1672717	1170398
ILMN_2118472	2120468
ILMN_1754538	5960168
ILMN_2295346	3780563
ILMN_1718520	5260441
ILMN_1783873	6380414
ILMN_1765232	7330278
ILMN_1710207	6510368
ILMN_1678652	1010129
ILMN_1795563	4390494
ILMN_1768077	6620056
ILMN_1720898	6560364
ILMN_1664488	6400072
ILMN_1777591	6660544
ILMN_1719577	4850762
ILMN_1662791	5890162
ILMN_1720755	840044
ILMN_2415617	990168
ILMN_1742473	1110201
ILMN_1664741	4060487
ILMN_1738047	770161
ILMN_3192411	6560500
ILMN_3268880	7330730
ILMN_1792110	730593
ILMN_1838791	6580554
ILMN_2301163	380669
ILMN_1671905	5570300
ILMN_1805603	4260228
ILMN_1757099	4290307
ILMN_1782861	2120315
ILMN_2101719	3310543
ILMN_3307060	4830296
ILMN_1665207	6770291
ILMN_1775423	3440181
ILMN_1680367	4560470
ILMN_1802702	6250204
ILMN_2183519	7210291
ILMN_1692568	3930672
ILMN_1781654	1410202
ILMN_1724517	4860608
ILMN_1783629	7380524
ILMN_1797104	1300735
ILMN_1702584	2810047
ILMN_1802192	4250092
ILMN_2128967	610400
ILMN_1811082	4780364
ILMN_1786759	630445
ILMN_1708304	670543
ILMN_2267365	1430358
ILMN_1788356	2190753
ILMN_2359029	3180288
ILMN_1665660	4880731
ILMN_1752988	6270112
ILMN_2077094	7400341
ILMN_3248086	4040528
ILMN_3235922	4900373
ILMN_1808163	6110348
ILMN_1812134	6980725
ILMN_1786872	50360
ILMN_1680963	5570273
ILMN_1799053	5700521
ILMN_1652602	6180553
ILMN_1788756	3140719
ILMN_3306978	4280707
ILMN_1789804	6560240
ILMN_1791968	1190685
ILMN_1673982	110477
ILMN_1653836	6200025
ILMN_1782371	6960437
ILMN_1729842	6580167
ILMN_3307188	1990369
ILMN_1803015	4250386
ILMN_1680102	7570025
ILMN_1767642	3840736
ILMN_2160718	1070139
ILMN_1696826	2100386
ILMN_1739345	7100280
ILMN_1724532	1940673
ILMN_1664773	3310575
ILMN_2341487	3850438
ILMN_1796440	7160673
ILMN_1726104	6840100
ILMN_2050790	3610338
ILMN_1674017	3400484
ILMN_2213297	2470463
ILMN_1664738	3360370
ILMN_2063051	3370047
ILMN_1706842	5560348
ILMN_1728965	870154
ILMN_1802649	3130661
ILMN_3249949	3840440
ILMN_3250798	3990161
ILMN_1815878	290035
ILMN_1677080	5490379
ILMN_2073263	2600092
ILMN_1773148	7100554
ILMN_2268593	1690544
ILMN_1709050	1710646
ILMN_2243516	1740767
ILMN_1680659	6040382
ILMN_1767103	6550037
ILMN_3258513	2680437
ILMN_2045800	620246
ILMN_1732739	6290653
ILMN_1779163	3310228
ILMN_1757847	4050446
ILMN_2168520	4060437
ILMN_1683635	4540465
ILMN_2049693	1230543
ILMN_1793570	2650707
ILMN_1781419	780440
ILMN_1656463	3830021
ILMN_1659017	1580477
ILMN_1798270	4900747
ILMN_2168079	60593
ILMN_1669579	1430373
ILMN_1790637	5690463
ILMN_1790100	2570019
ILMN_3240370	460397
ILMN_1795564	5420438
ILMN_1808914	2680255
ILMN_2182850	5340687
ILMN_3239232	5960563
ILMN_1810376	7510619
ILMN_1766038	7570064
ILMN_1811437	3290088
ILMN_3282138	430154
ILMN_1727178	3310739
ILMN_1777765	1260022
ILMN_2196335	5270451
ILMN_2196337	6400082
ILMN_1758537	4050274
ILMN_1804611	3290379
ILMN_2180371	780240
ILMN_1745497	6020661
ILMN_3245684	1050139
ILMN_1787199	6590433
ILMN_1792671	110240
ILMN_1788810	2360601
ILMN_2077733	7510600
ILMN_2122176	2940546
ILMN_2105923	3180553
ILMN_3180113	1690278
ILMN_3256573	2680025
ILMN_1772446	3850400
ILMN_2229922	7510424
ILMN_1726289	7570477
ILMN_1755414	4120240
ILMN_1757142	4220014
ILMN_1763311	1820671
ILMN_1751898	6420551
ILMN_1722880	3180279
ILMN_1809597	4120343
ILMN_1721569	4260072
ILMN_1713189	6660753
ILMN_1711720	1050647
ILMN_1737818	50414
ILMN_2169856	580014
ILMN_1772527	1780367
ILMN_1728435	7510608
ILMN_1798957	3140138
ILMN_1727055	990136
ILMN_1654429	1400743
ILMN_2161556	3170102
ILMN_1791792	2350762
ILMN_1715567	4120541
ILMN_2105298	7160634
ILMN_3244516	3610273
ILMN_1667857	4900753
ILMN_1706186	5670170
ILMN_1675616	4570747
ILMN_3273214	460332
ILMN_1770616	6040452
ILMN_1812191	3130291
ILMN_1727606	3130593
ILMN_2234710	990162
ILMN_2234709	2340605
ILMN_1773927	3170608
ILMN_1804656	6620360
ILMN_3241071	2260224
ILMN_1670355	1050592
ILMN_1774878	4830600
ILMN_2085659	5550020
ILMN_1658477	5550167
ILMN_1667510	2320392
ILMN_1736995	5090025
ILMN_1789323	1780735
ILMN_3245006	70050
ILMN_1756939	4150296
ILMN_1844083	2070477
ILMN_1754410	2340048
ILMN_3241041	6480138
ILMN_3242407	7560475
ILMN_2152429	2510181
ILMN_1753265	6110215
ILMN_3247187	2760487
ILMN_1696035	5050592
ILMN_2223350	4010554
ILMN_1658494	160242
ILMN_2042792	3390041
ILMN_1773388	2850286
ILMN_2196550	5260333
ILMN_2391551	1260575
ILMN_1795128	6660711
ILMN_2285585	7560280
ILMN_1660754	4200022
ILMN_2206294	940551
ILMN_1726054	4860612
ILMN_1682774	1850068
ILMN_1680178	3310630
ILMN_3181474	4180092
ILMN_1736816	4180133
ILMN_1797475	3170288
ILMN_1693431	1050209
ILMN_1696048	3390543
ILMN_1761486	580719
ILMN_1759486	1980537
ILMN_3246728	1170402
ILMN_3243945	3170187
ILMN_1709319	4900066
ILMN_1755882	6980286
ILMN_1760613	5050524
ILMN_1700276	5700196
ILMN_1758093	870326
ILMN_1740165	10551
ILMN_2374076	2680164
ILMN_1769757	2490408
ILMN_1807667	5340070
ILMN_2083789	6060189
ILMN_1666208	1450603
ILMN_3269775	1820092
ILMN_3193306	4210553
ILMN_1660812	2970097
ILMN_1706305	3890397
ILMN_2055218	1050088
ILMN_1699091	1690367
ILMN_2265093	4070068
ILMN_1682102	7510543
ILMN_1777708	5910762
ILMN_1771629	3310639
ILMN_1692588	4260079
ILMN_1704238	1030220
ILMN_1804908	6450431
ILMN_1712748	5700301
ILMN_2181883	5890608
ILMN_2186858	6590520
ILMN_1713744	730358
ILMN_1734440	6110538
ILMN_2111918	4210470
ILMN_1680781	4780053
ILMN_2287082	4040523
ILMN_1781102	5220543
ILMN_2394193	6860743
ILMN_1684357	5220333
ILMN_3307206	5290767
ILMN_1685781	610523
ILMN_2193315	2710176
ILMN_1788787	6100445
ILMN_1669545	6270133
ILMN_1760222	6580050
ILMN_1806825	3830164
ILMN_1699676	1410050
ILMN_1740883	5220546
ILMN_2053281	1300719
ILMN_1667374	5820471
ILMN_1662895	430056
ILMN_2078724	7160747
ILMN_1661945	5290025
ILMN_1721106	130020
ILMN_1775121	3940360
ILMN_1669287	5910603
ILMN_1696708	3290689
ILMN_2114190	6020722
ILMN_1784464	6480717
ILMN_3261811	1260672
ILMN_3187771	2370402
ILMN_1711543	6510634
ILMN_2393450	3060646
ILMN_1673846	5960768
ILMN_3243606	3290593
ILMN_3187462	4920717
ILMN_1728272	6940044
ILMN_1687718	7400373
ILMN_1756877	3170458
ILMN_1693951	4670066
ILMN_1689560	1240091
ILMN_1654386	2650603
ILMN_1682255	7100767
ILMN_1756091	50743
ILMN_2157709	6580064
ILMN_1799563	7150458
ILMN_1652722	2100341
ILMN_1698085	1430553
ILMN_1807728	5340470
ILMN_1807031	4200253
ILMN_1779279	110328
ILMN_1796377	70114
ILMN_2138745	2690717
ILMN_3178849	5900647
ILMN_2185077	4540519
ILMN_2185072	7160301
ILMN_1804396	5290626
ILMN_2297373	5560154
ILMN_2412922	5890468
ILMN_1763091	6370201
ILMN_1806456	70403
ILMN_2147345	830681
ILMN_1668914	4010369
ILMN_1718925	3830288
ILMN_2154853	4220634
ILMN_3233250	5490152
ILMN_3190621	6840450
ILMN_3259751	1430307
ILMN_3247639	2710095
ILMN_3268799	1430092
ILMN_3180114	5910035
ILMN_1803300	3460594
ILMN_1670143	7610463
ILMN_1658628	2850176
ILMN_2194388	1780315
ILMN_1773017	2060315
ILMN_1790688	1400288
ILMN_1657111	3390551
ILMN_1750352	6900274
ILMN_1686082	3180445
ILMN_1653553	7100008
ILMN_1690443	7400594
ILMN_2134381	360373
ILMN_1724897	4610484
ILMN_1657744	2810114
ILMN_1801053	1690431
ILMN_1737699	2680731
ILMN_1696031	60040
ILMN_2372241	270672
ILMN_1693344	1980743
ILMN_3307664	5340041
ILMN_1652008	2340528
ILMN_2141807	6270452
ILMN_2150000	1770181
ILMN_1686373	4490278
ILMN_1808956	6580008
ILMN_1686662	1980259
ILMN_1739854	6180544
ILMN_1773848	5490243
ILMN_1795984	4880598
ILMN_3268535	5890181
ILMN_1768855	130376
ILMN_2189406	2340240
ILMN_1793729	870110
ILMN_1660585	3130133
ILMN_1747217	270017
ILMN_1674662	5270402
ILMN_1791376	4760204
ILMN_2167858	7380066
ILMN_1700169	1690463
ILMN_1771326	2650348
ILMN_2268026	4590468
ILMN_1724016	4920286
ILMN_1795524	6200189
ILMN_1805410	1110373
ILMN_1654696	4070719
ILMN_2389064	6860397
ILMN_3182984	5080681
ILMN_1691501	2260064
ILMN_1709024	270367
ILMN_1775330	2230156
ILMN_1698363	4210368
ILMN_1812249	7400603
ILMN_1737624	1050465
ILMN_2168276	7650402
ILMN_2413318	5570575
ILMN_1811264	5960014
ILMN_1810855	2630452
ILMN_2141118	6660445
ILMN_2145490	4730367
ILMN_3248556	1050487
ILMN_1663484	830086
ILMN_2073543	6660332
ILMN_3238170	4290286
ILMN_2185427	1030170
ILMN_3245646	6020437
ILMN_1774990	160358
ILMN_2369826	5260646
ILMN_1806189	2750008
ILMN_1751559	160070
ILMN_1801118	4760450
ILMN_2273447	290152
ILMN_2369580	2640528
ILMN_1733581	4150563
ILMN_3248631	870612
ILMN_1799100	5890382
ILMN_1713884	2370414
ILMN_1687821	5260025
ILMN_1667665	70152
ILMN_1784128	6280402
ILMN_1787324	2760706
ILMN_1815812	130709
ILMN_1689710	4490041
ILMN_1656871	6940482
ILMN_1717324	60243
ILMN_2194828	2340059
ILMN_1727444	4230066
ILMN_1681032	7040471
ILMN_1759261	3170477
ILMN_1777129	6940554
ILMN_1765880	2750360
ILMN_1685289	6940647
ILMN_1656452	6560725
ILMN_1783333	6400025
ILMN_1729450	1170719
ILMN_1790650	6520497
ILMN_1746829	5290309
ILMN_3237636	1980451
ILMN_1658290	650626
ILMN_2135991	6770681
ILMN_1693630	4760433
ILMN_1711703	4670520
ILMN_1683370	1090767
ILMN_1773407	3180450
ILMN_1754241	2760601
ILMN_1806149	6960358
ILMN_1790537	4540072
ILMN_2137003	5360288
ILMN_1759411	60220
ILMN_2112599	5360630
ILMN_3246915	6040113
ILMN_1795662	1980100
ILMN_1806657	7400471
ILMN_1697800	3140653
ILMN_1690911	1010575
ILMN_3246732	3710524
ILMN_1676222	6590386
ILMN_1713956	3780424
ILMN_1874870	6520019
ILMN_1759325	4890056
ILMN_2179726	4070424
ILMN_3237452	6760270
ILMN_3195203	3990035
ILMN_3234124	5050356
ILMN_1811991	5490224
ILMN_2388539	6100138
ILMN_1765923	6590373
ILMN_1778382	1570730
ILMN_1661735	4220079
ILMN_3239959	2710373
ILMN_2099487	7550315
ILMN_1654013	4260088
ILMN_1727078	10717
ILMN_1783645	1240025
ILMN_1656427	780070
ILMN_2113016	3990736
ILMN_1698650	3120338
ILMN_1732374	3370600
ILMN_1686835	6290070
ILMN_1687725	6510390
ILMN_3307733	1050427
ILMN_1750404	2450328
ILMN_1681252	5810167
ILMN_1719224	7100632
ILMN_1670707	520746
ILMN_1688703	5890367
ILMN_2075221	6180082
ILMN_1702526	6580129
ILMN_1763688	2570035
ILMN_1765645	6290286
ILMN_1808625	730639
ILMN_1757693	3390653
ILMN_1776490	4570224
ILMN_3307509	1580241
ILMN_1721055	5860437
ILMN_1656069	4900411
ILMN_2056687	4230356
ILMN_1688422	130379
ILMN_2398926	650168
ILMN_1700515	3440703
ILMN_1712985	3450176
ILMN_1741924	6590500
ILMN_1688997	7510554
ILMN_2225746	6400114
ILMN_1747347	4290056
ILMN_2201533	2340521
ILMN_1750401	6560767
ILMN_1812441	5570224
ILMN_1717579	5270722
ILMN_1676731	20131
ILMN_1675097	2640504
ILMN_1707292	60661
ILMN_1772296	4210286
ILMN_1755711	5310181
ILMN_1702676	6370288
ILMN_1743621	1070368
ILMN_1711823	4540064
ILMN_1807533	2490377
ILMN_3238314	5290440
ILMN_1710619	3840255
ILMN_1810107	6350326
ILMN_1797155	5900360
ILMN_2221784	3190600
ILMN_2185604	6550343
ILMN_1806330	840753
ILMN_1752947	3390477
ILMN_1762071	1430678
ILMN_1705414	1170022
ILMN_2341690	2360131
ILMN_1672554	4180491
ILMN_1661351	5490324
ILMN_1783682	2070360
ILMN_2221076	3180343
ILMN_3269835	5900632
ILMN_3307757	4060632
ILMN_1682761	5890678
ILMN_3194613	730176
ILMN_3263062	6110327
ILMN_3245824	780053
ILMN_2043615	940300
ILMN_1805131	6110767
ILMN_2390310	5290161
ILMN_3236709	2940072
ILMN_2280731	1030440
ILMN_1688727	4810279
ILMN_2382724	5090717
ILMN_3247139	6250427
ILMN_1713803	2640142
ILMN_1707137	4640161
ILMN_3247988	2970239
ILMN_2351795	3060390
ILMN_1671693	2690541
ILMN_2207328	3140110
ILMN_3179127	1440132
ILMN_1705656	2030647
ILMN_3261278	4180168
ILMN_1658110	3450300
ILMN_1722133	520653
ILMN_3250914	4570020
ILMN_3250066	6620114
ILMN_1771012	6620328
ILMN_1805998	450070
ILMN_1736130	6770465
ILMN_1801822	1410563
ILMN_1682941	1740044
ILMN_1746670	5340072
ILMN_2196588	2940201
ILMN_1673320	5860102
ILMN_1690442	4290377
ILMN_1735401	360746
ILMN_1670718	6450097
ILMN_2173500	6660427
ILMN_2169089	2760520
ILMN_1716006	4920189
ILMN_1748916	4900609
ILMN_2182531	6040475
ILMN_1796074	1450682
ILMN_1784905	4610397
ILMN_3237707	2320458
ILMN_1719097	1470170
ILMN_1787844	1030458
ILMN_2362439	4070307
ILMN_1703695	6370377
ILMN_1664920	6380681
ILMN_1718365	6580709
ILMN_1800031	6110440
ILMN_1719207	7000296
ILMN_1785933	6480397
ILMN_2406892	2600040
ILMN_1798728	4220364
ILMN_1663349	2630730
ILMN_2199298	5220594
ILMN_1683905	5670341
ILMN_1808202	150020
ILMN_1657148	2570669
ILMN_1678052	10189
ILMN_1655225	6520113
ILMN_1780504	6660044
ILMN_2408796	2260039
ILMN_1813374	2900358
ILMN_2262462	70243
ILMN_2350421	1820307
ILMN_3187980	5490494
ILMN_1730818	4880528
ILMN_1782782	3180707
ILMN_2233279	4730356
ILMN_1717793	630470
ILMN_1773163	4900669
ILMN_1674926	2490142
ILMN_1734346	2000075
ILMN_2400546	4480041
ILMN_1788337	5420121
ILMN_3240538	870133
ILMN_1707943	2490674
ILMN_1730945	6960035
ILMN_2173891	4890364
ILMN_1684854	2760717
ILMN_1694759	1300041
ILMN_1784299	1470358
ILMN_3251733	6580202
ILMN_1801572	6330367
ILMN_1755335	6020433
ILMN_1801697	1850201
ILMN_1735608	4230603
ILMN_1681124	2190762
ILMN_2383484	2650349
ILMN_1759184	2850630
ILMN_1790951	3780131
ILMN_1772074	3520612
ILMN_1726181	6290253
ILMN_1671374	3460184
ILMN_1729546	650167
ILMN_2195397	5870750
ILMN_1757914	3800079
ILMN_1714419	4880040
ILMN_1682339	6110240
ILMN_1762713	1070367
ILMN_1762439	2600176
ILMN_1703288	3420333
ILMN_2326282	4280193
ILMN_3268564	2650274
ILMN_3188110	6760414
ILMN_1737005	2750465
ILMN_2396813	2760259
ILMN_1806937	3610768
ILMN_1721583	2510717
ILMN_1786707	6960408
ILMN_3253728	5900296
ILMN_1750400	5220204
ILMN_1662187	2650368
ILMN_3247438	1190674
ILMN_1765684	4200181
ILMN_3242508	4120382
ILMN_1721628	2480202
ILMN_1699309	4010341
ILMN_1762330	2480674
ILMN_2394613	6520132
ILMN_1662578	580066
ILMN_1753903	1240538
ILMN_2401730	5390288
ILMN_1751234	6020377
ILMN_1760955	6480376
ILMN_1792088	1500670
ILMN_1658206	6550554
ILMN_2385662	2100176
ILMN_1756811	4610154
ILMN_1725906	3870091
ILMN_2114185	6590736
ILMN_1714222	1660731
ILMN_1713952	7100021
ILMN_2089656	1300092
ILMN_1746677	3060452
ILMN_1782991	2600075
ILMN_2077886	4540039
ILMN_1656088	7050215
ILMN_1710993	6510139
ILMN_1727540	940240
ILMN_1789140	5420494
ILMN_1777963	6550240
ILMN_1674817	770564
ILMN_2073446	380026
ILMN_1706483	730491
ILMN_1676725	6280630
ILMN_1679816	940348
ILMN_2354696	1770270
ILMN_1723567	6520202
ILMN_1755835	2060647
ILMN_1786273	620433
ILMN_2082130	5720414
ILMN_1655485	20553
ILMN_2371470	1580102
ILMN_1759464	4880181
ILMN_1684246	380441
ILMN_1767230	5670546
ILMN_1691441	7380176
ILMN_1744089	5260661
ILMN_1784207	270133
ILMN_1677974	4390092
ILMN_3246014	6110528
ILMN_1805474	4760692
ILMN_1747531	4050246
ILMN_3241665	1090653
ILMN_1787280	150129
ILMN_1723256	5870402
ILMN_1705904	4050497
ILMN_1726023	3610605
ILMN_1806635	6770670
ILMN_2137404	3400286
ILMN_1684186	6650253
ILMN_1707503	2030044
ILMN_1699205	4640767
ILMN_2083742	7160187
ILMN_1784827	3830494
ILMN_2076940	5700692
ILMN_1762204	4560291
ILMN_2064311	2810538
ILMN_1657860	4290136
ILMN_1815307	1510437
ILMN_1676016	3890634
ILMN_2387496	5690452
ILMN_2121189	1780524
ILMN_1734915	4540463
ILMN_1809448	6400168
ILMN_1733298	6100754
ILMN_1672811	5570523
ILMN_1772790	2470424
ILMN_1754894	7050719
ILMN_1757415	2810022
ILMN_1675024	2140059
ILMN_1675055	6400097
ILMN_1701101	70762
ILMN_1761999	6370358
ILMN_1784186	770181
ILMN_1765430	2710563
ILMN_1676322	4290114
ILMN_1751569	4780475
ILMN_3236244	6350451
ILMN_1792551	4540070
ILMN_1777437	4900471
ILMN_1704674	6860458
ILMN_1806963	2940154
ILMN_1797301	1300435
ILMN_2284113	4780039
ILMN_2388955	5260008
ILMN_1708393	6130491
ILMN_1690209	2710487
ILMN_1669123	5260390
ILMN_2047460	6100561
ILMN_1789058	4810348
ILMN_1790713	6510014
ILMN_1734486	3870112
ILMN_1742738	6250619
ILMN_1691299	7000685
ILMN_1652963	20630
ILMN_3251643	4180047
ILMN_1657683	1260576
ILMN_1703119	3360048
ILMN_2157091	5890615
ILMN_2187071	4540537
ILMN_3256801	5720632
ILMN_3244105	3390025
ILMN_1797735	2070470
ILMN_1670064	540017
ILMN_2196232	3420435
ILMN_1693226	7040411
ILMN_1705419	1980047
ILMN_1719831	5360475
ILMN_1708714	1110113
ILMN_3307252	2140180
ILMN_1659975	4670608
ILMN_1789436	4860575
ILMN_1705677	4900521
ILMN_1749317	4730056
ILMN_1681732	4850465
ILMN_1720561	6040202
ILMN_1723568	2600196
ILMN_1666825	2850050
ILMN_1667966	3370768
ILMN_2193498	2260521
ILMN_1665300	4890647
ILMN_1692834	3290017
ILMN_1704222	3120195
ILMN_1681741	2360598
ILMN_1790202	5820500
ILMN_1735143	2470240
ILMN_1681340	6450273
ILMN_1729509	3780411
ILMN_1660602	4890113
ILMN_1722788	2360463
ILMN_1801941	6350292
ILMN_1793543	2510068
ILMN_1742611	990167
ILMN_1661595	990382
ILMN_1702231	2600278
ILMN_1748291	1010435
ILMN_1780268	4150332
ILMN_1657446	3460056
ILMN_1654864	4390014
ILMN_1682428	1710242
ILMN_1759652	4890670
ILMN_1695005	1070491
ILMN_1749915	1990717
ILMN_1760556	2320408
ILMN_2066088	4540468
ILMN_1798914	580682
ILMN_1706413	7610202
ILMN_3248515	4540482
ILMN_1657144	4150050
ILMN_1748257	4900022
ILMN_1670263	6650121
ILMN_1786470	2190240
ILMN_1730729	3370010
ILMN_1736234	2690215
ILMN_3263575	6220519
ILMN_1673544	7510553
ILMN_1719398	450091
ILMN_1657913	1440681
ILMN_1716517	1990348
ILMN_2250853	6330369
ILMN_1698243	2640086
ILMN_2097790	1570564
ILMN_1726989	7330653
ILMN_1669805	6220328
ILMN_2097943	7210477
ILMN_1761278	1820692
ILMN_2064237	5420129
ILMN_1683990	5670471
ILMN_2253272	2350373
ILMN_1791524	2600360
ILMN_1742324	4780349
ILMN_1673752	4250044
ILMN_2190266	5290470
ILMN_1681923	5820053
ILMN_3243682	4210133
ILMN_1793263	1820731
ILMN_1664592	3890754
ILMN_1699217	4830128
ILMN_2047354	6020315
ILMN_1808769	6510360
ILMN_2138631	10500
ILMN_1733658	5560242
ILMN_1737918	2940685
ILMN_1796409	5910019
ILMN_1668996	7200392
ILMN_1785902	1440341
ILMN_1716957	6770121
ILMN_1756236	7210041
ILMN_1776576	540612
ILMN_2050970	1710685
ILMN_1808117	4920047
ILMN_1701459	5080672
ILMN_2380237	5090079
ILMN_1694608	6180719
ILMN_1813307	2810349
ILMN_1804604	1500373
ILMN_1768925	5220639
ILMN_2195462	6520056
ILMN_1744487	7320204
ILMN_1689102	780110
ILMN_1729288	1010446
ILMN_2361181	1510092
ILMN_1662935	6650280
ILMN_1695740	6270091
ILMN_1684558	1170167
ILMN_1713038	10129
ILMN_2155312	450273
ILMN_1658480	4180255
ILMN_1656242	110730
ILMN_1764109	2370670
ILMN_1677198	5260474
ILMN_1683687	7510491
ILMN_1733288	5810424
ILMN_1677603	1300327
ILMN_1781626	7400707
ILMN_1710740	670594
ILMN_2082209	1400601
ILMN_1713561	4290026
ILMN_2198270	1500343
ILMN_1744235	2850653
ILMN_1714667	5080544
ILMN_2148497	5550392
ILMN_1708016	770561
ILMN_1755909	7400689
ILMN_2049727	2810082
ILMN_1652219	1010725
ILMN_1733904	1990142
ILMN_1693004	290132
ILMN_1727920	5130634
ILMN_1687073	6480332
ILMN_1807067	540634
ILMN_1664242	6330376
ILMN_1677441	5290196
ILMN_1662640	4480600
ILMN_2363127	1440170
ILMN_1809767	5550528
ILMN_1780356	6980561
ILMN_1698298	2600341
ILMN_1733531	7400170
ILMN_1805483	4850162
ILMN_2092903	5260189
ILMN_1688258	4120762
ILMN_1682863	3870079
ILMN_1653103	2120201
ILMN_1748206	2900239
ILMN_1785476	4180451
ILMN_1789950	4540403
ILMN_1768979	5220246
ILMN_1791248	2120129
ILMN_1718712	770221
ILMN_2293451	5670373
ILMN_1750365	7100075
ILMN_1703839	5900603
ILMN_2044027	7000376
ILMN_1672066	1450021
ILMN_1673005	2710053
ILMN_1665723	4920386
ILMN_1689585	5130167
ILMN_1780172	7040753
ILMN_1793002	7160066
ILMN_1691228	1340176
ILMN_3233010	2370537
ILMN_3188984	2480064
ILMN_1790136	7380634
ILMN_1791967	4290600
ILMN_1780283	1500546
ILMN_3245122	2650543
ILMN_2387599	4560554
ILMN_1679195	4760537
ILMN_2283388	7040176
ILMN_1684629	160681
ILMN_1697363	2750647
ILMN_1785644	3940059
ILMN_1674394	4040204
ILMN_2404539	1110541
ILMN_1806312	2450398
ILMN_1691697	240243
ILMN_1721225	5130129
ILMN_1771815	4180673
ILMN_1728168	7000403
ILMN_1751228	6110102
ILMN_1680665	2900369
ILMN_1801633	5220438
ILMN_1740923	2070315
ILMN_1782095	4070201
ILMN_3196687	240735
ILMN_3273154	2260114
ILMN_1779974	360176
ILMN_3253382	2490435
ILMN_1718501	2640398
ILMN_2262543	4560735
ILMN_1813344	6040279
ILMN_2350607	7050288
ILMN_1762670	450133
ILMN_2260933	3370546
ILMN_1752744	5890424
ILMN_2347534	6520722
ILMN_2176251	5960736
ILMN_1764885	4810398
ILMN_1765400	6380609
ILMN_1739198	5260142
ILMN_1661618	2570228
ILMN_1751045	4040053
ILMN_1697431	1710068
ILMN_1775686	2370360
ILMN_1715625	2690431
ILMN_1677137	4640253
ILMN_1808633	130056
ILMN_1667790	5960484
ILMN_1735189	3290093
ILMN_1728403	3440132
ILMN_1697872	6980167
ILMN_1749424	3400497
ILMN_1721459	3890338
ILMN_1764503	6060328
ILMN_1724608	2710180
ILMN_3177348	5960397
ILMN_3263501	5960519
ILMN_1663893	4900040
ILMN_2174711	5080343
ILMN_3243121	2230475
ILMN_3235163	2650520
ILMN_3178461	20070
ILMN_3254928	1070291
ILMN_1758806	3400164
ILMN_1661954	6510646
ILMN_2211724	6900279
ILMN_1699901	4070403
ILMN_3178967	6480632
ILMN_1682812	10196
ILMN_1737588	5050376
ILMN_2386205	5870576
ILMN_1690703	70368
ILMN_1702226	3840553
ILMN_2283814	6400750
ILMN_1675632	1820132
ILMN_1722407	1570025
ILMN_2267383	6060747
ILMN_1653577	7000482
ILMN_1762061	7200180
ILMN_1668442	610537
ILMN_1712386	160593
ILMN_2171183	1440273
ILMN_3307211	5570747
ILMN_1684866	6560228
ILMN_2356311	60041
ILMN_2266005	3440021
ILMN_1777221	4570603
ILMN_3249045	1110341
ILMN_1814204	650746
ILMN_1716838	1500390
ILMN_2411127	1110349
ILMN_1656297	2900403
ILMN_1795836	6380187
ILMN_1765328	7210722
ILMN_2310295	70471
ILMN_2310296	2070220
ILMN_1763401	2570370
ILMN_1769471	6350563
ILMN_3307877	7560612
ILMN_1764329	2320324
ILMN_1667230	6480368
ILMN_1776147	7040162
ILMN_1814369	6110152
ILMN_1695959	3310307
ILMN_1682896	2490044
ILMN_2331197	5670072
ILMN_2251978	6280626
ILMN_1712936	6770753
ILMN_1808602	6660296
ILMN_1772575	7380167
ILMN_1699071	150315
ILMN_2104929	620440
ILMN_2104924	2600519
ILMN_1655201	3170746
ILMN_3246107	4640711
ILMN_1716149	3310600
ILMN_1807686	50280
ILMN_1767805	290762
ILMN_1793572	1430484
ILMN_1724299	5720026
ILMN_1694182	430059
ILMN_1780406	2100138
ILMN_1683036	1980095
ILMN_2202320	3290575
ILMN_1716682	3310110
ILMN_3263072	5490072
ILMN_1666773	6900017
ILMN_2110496	2450088
ILMN_1698166	6770576
ILMN_1752312	6220402
ILMN_1767601	130039
ILMN_3260501	5390538
ILMN_3184041	6130129
ILMN_3235840	5260259
ILMN_1764410	3460278
ILMN_1802771	7570133
ILMN_1721338	650717
ILMN_3249095	1820333
ILMN_1789405	630446
ILMN_1673743	5420093
ILMN_3196690	50164
ILMN_1795991	5810632
ILMN_1759595	6110246
ILMN_3307887	1440619
ILMN_1741295	4890192
ILMN_1757114	3840075
ILMN_1706859	990014
ILMN_1663417	6960278
ILMN_1717371	3140064
ILMN_1737255	7160156
ILMN_3265879	2350300
ILMN_1804884	5860156
ILMN_2325112	3370440
ILMN_1660379	3940152
ILMN_1711067	5290064
ILMN_1766178	5810484
ILMN_1697957	650021
ILMN_1759195	2320246
ILMN_1757347	2510102
ILMN_2384513	3460605
ILMN_1652512	6770209
ILMN_1778132	6520364
ILMN_1691757	2470438
ILMN_1769925	1030605
ILMN_3248551	3060008
ILMN_3236321	940687
ILMN_3248176	2230121
ILMN_3240717	5050360
ILMN_1732404	2900600
ILMN_1780840	1710707
ILMN_1812688	830176
ILMN_1738410	3180673
ILMN_1740308	3290600
ILMN_2073520	3370612
ILMN_1795419	1170056
ILMN_1810759	4180196
ILMN_2090558	4560022
ILMN_1684726	1070224
ILMN_1781774	2100730
ILMN_2089316	2120446
ILMN_1774584	2680438
ILMN_2386016	3800025
ILMN_1708906	5700523
ILMN_1699724	4260296
ILMN_1724376	4920274
ILMN_2182148	2350142
ILMN_1738099	4120356
ILMN_1804597	2230653
ILMN_1687445	1710717
ILMN_1676822	3140113
ILMN_1661594	5420719
ILMN_1660275	6860273
ILMN_1730631	6100154
ILMN_1795007	4120377
ILMN_1720833	1400156
ILMN_1701131	870731
ILMN_1768071	1820487
ILMN_3307882	2970255
ILMN_1774219	780044
ILMN_1760352	2900475
ILMN_2195099	6760441
ILMN_1720274	20524
ILMN_1665471	4560519
ILMN_3243366	4220528
ILMN_1722186	620228
ILMN_1787370	730136
ILMN_1768007	1690671
ILMN_3307139	4560035
ILMN_1769112	5570315
ILMN_1785955	5690349
ILMN_1790070	1190192
ILMN_1776122	2680564
ILMN_1805148	7610392
ILMN_1683065	5390372
ILMN_1797972	5360300
ILMN_1655269	1710066
ILMN_1777214	430575
ILMN_3251616	1940364
ILMN_3247681	4920521
ILMN_3236377	6560356
ILMN_2229940	1170524
ILMN_3247753	2070377
ILMN_3246494	650309
ILMN_1701186	5570504
ILMN_1797577	2120669
ILMN_1726729	3930386
ILMN_1655365	6620041
ILMN_2280542	2570086
ILMN_1692707	3170725
ILMN_3240957	5570671
ILMN_1774265	4280327
ILMN_2174948	4590079
ILMN_1717010	3180184
ILMN_2360929	4570722
ILMN_2279484	2480100
ILMN_3235176	4760053
ILMN_3242679	840224
ILMN_1762260	4860494
ILMN_1662523	7510286
ILMN_1787529	840068
ILMN_2193175	6220685
ILMN_1764500	2000546
ILMN_1761882	510215
ILMN_2224486	6650079
ILMN_1676749	1010739
ILMN_3194118	3060112
ILMN_1689607	4230497
ILMN_1688372	6510424
ILMN_2331658	7550280
ILMN_1728581	3370372
ILMN_1750144	6960170
ILMN_1684188	6100349
ILMN_1671116	3180408
ILMN_1653228	3130487
ILMN_1671387	3850661
ILMN_2246105	6200181
ILMN_1771393	6370546
ILMN_1754423	6620669
ILMN_2071028	6280253
ILMN_1721564	7050368
ILMN_1795514	4210047
ILMN_1705753	520224
ILMN_2215545	3610372
ILMN_1682787	4250390
ILMN_2041463	4670669
ILMN_1742009	6290075
ILMN_1793724	7000746
ILMN_1666731	7050598
ILMN_1713935	5560537
ILMN_1665217	1430435
ILMN_2288483	1850040
ILMN_1687391	610273
ILMN_1695754	4640356
ILMN_1746303	5360348
ILMN_1673485	6960100
ILMN_1795936	2760064
ILMN_1815682	1500762
ILMN_1696597	1570010
ILMN_1697742	3450039
ILMN_2078264	5570577
ILMN_1792415	60022
ILMN_1658398	2370543
ILMN_1723254	5890221
ILMN_2124236	7040292
ILMN_3247334	380167
ILMN_1775136	1440152
ILMN_1672863	1450053
ILMN_1664383	3180725
ILMN_3306963	4920402
ILMN_1768120	6840424
ILMN_3267665	1470110
ILMN_3238618	5550731
ILMN_3242335	240026
ILMN_2184612	3940079
ILMN_1690454	4200367
ILMN_1661160	3290162
ILMN_1794112	5570674
ILMN_1757639	110630
ILMN_1658649	4560600
ILMN_1797372	4060131
ILMN_1700967	2030687
ILMN_1672336	3460753
ILMN_1691557	4070576
ILMN_1679339	130280
ILMN_1661409	6370672
ILMN_2136455	2480440
ILMN_1687084	7550546
ILMN_1747573	290041
ILMN_2224333	1770523
ILMN_1697761	1770167
ILMN_1660519	1690487
ILMN_2135339	6060403
ILMN_3241670	650537
ILMN_1694470	1570341
ILMN_3240168	6560113
ILMN_3241169	1850500
ILMN_1708382	4210102
ILMN_1724990	6220014
ILMN_2179533	7320685
ILMN_1813695	5820523
ILMN_1810752	2000128
ILMN_2347789	2600356
ILMN_1694588	2690379
ILMN_3247844	7560736
ILMN_1755519	3170709
ILMN_1704692	4810349
ILMN_1665066	5220068
ILMN_2160124	20296
ILMN_2207562	1450239
ILMN_2207561	3710753
ILMN_1805730	870717
ILMN_1672124	2650605
ILMN_1761941	3460014
ILMN_1802019	5720020
ILMN_1795838	670475
ILMN_1754017	6400367
ILMN_1665714	5550176
ILMN_1798129	1500327
ILMN_1704637	4480014
ILMN_1794239	1820315
ILMN_1698677	4780215
ILMN_2205695	1260634
ILMN_1761963	5810192
ILMN_3242086	6770431
ILMN_1689176	1010746
ILMN_2069821	290368
ILMN_1700257	4590167
ILMN_1812701	1850110
ILMN_2224907	2230376
ILMN_1713892	6900301
ILMN_1692617	1710433
ILMN_2214713	6760019
ILMN_2118405	4670164
ILMN_1805995	7510672
ILMN_1757137	6940731
ILMN_2225956	6650646
ILMN_3246552	7160452
ILMN_1666827	1470519
ILMN_2338921	4050474
ILMN_1752086	7160196
ILMN_1706893	3360463
ILMN_1735004	2570437
ILMN_2367290	4900008
ILMN_2271924	5910537
ILMN_1694131	2450180
ILMN_3249240	4480121
ILMN_3237511	1850066
ILMN_3239531	7650703
ILMN_2072101	3830608
ILMN_3236160	4040669
ILMN_1652348	7570349
ILMN_1709763	2900209
ILMN_1700034	1770491
ILMN_1725276	6100241
ILMN_1746819	1340241
ILMN_1689836	6450092
ILMN_1680738	940471
ILMN_1695917	3420692
ILMN_1701911	2000162
ILMN_1654542	4860379
ILMN_1796595	2940725
ILMN_1769556	5700477
ILMN_1743939	130731
ILMN_1763326	5960639
ILMN_1659079	7610114
ILMN_3253599	5900403
ILMN_2150465	240576
ILMN_1694798	6200300
ILMN_1677292	3120037
ILMN_1761566	4540241
ILMN_1698770	2760349
ILMN_1662184	770102
ILMN_2198575	1570221
ILMN_1757636	6100239
ILMN_2121147	2260072
ILMN_1791650	4050736
ILMN_2225577	1070474
ILMN_1695852	6110309
ILMN_2098616	7330523
ILMN_1673654	1470309
ILMN_1728742	1690240
ILMN_1716154	2190619
ILMN_3240287	6960678
ILMN_1776788	6840491
ILMN_2195821	6860228
ILMN_1677303	3440484
ILMN_2232494	4480398
ILMN_3240730	4490408
ILMN_1658439	3890682
ILMN_1726930	5290192
ILMN_2409879	630270
ILMN_1699170	2600047
ILMN_1718866	1450161
ILMN_1806520	6520746
ILMN_3246356	4760609
ILMN_1673478	5900544
ILMN_3237850	1710343
ILMN_1783023	3180132
ILMN_1685854	5810273
ILMN_1727553	4900689
ILMN_1771494	6020687
ILMN_3241808	4920750
ILMN_1684368	130364
ILMN_1688242	6520040
ILMN_1691899	110292
ILMN_2370685	360209
ILMN_2372199	520044
ILMN_1709035	2340338
ILMN_3273206	2690291
ILMN_1666316	990367
ILMN_2078592	2650192
ILMN_1757723	5900504
ILMN_1704253	7320110
ILMN_1727602	6180020
ILMN_1722364	2640520
ILMN_2380588	7210484
ILMN_2161357	2120376
ILMN_1692160	7400280
ILMN_1720858	6020681
ILMN_1794829	6040458
ILMN_1753658	2630121
ILMN_1715708	990296
ILMN_1703924	2850086
ILMN_1743187	5560703
ILMN_1717295	6860326
ILMN_1726152	1110750
ILMN_3242186	1340347
ILMN_1790461	6520692
ILMN_2054121	6840370
ILMN_3237520	3290494
ILMN_1651987	1340400
ILMN_1804834	780187
ILMN_3252665	70242
ILMN_1775999	2710538
ILMN_1752476	6100326
ILMN_1760037	6130471
ILMN_1813236	520201
ILMN_1742467	2140561
ILMN_3253523	2650068
ILMN_1761762	3450632
ILMN_1769789	3450544
ILMN_1709026	5550307
ILMN_2060719	5720113
ILMN_1696711	6400088
ILMN_1711203	6550427
ILMN_1706645	2370639
ILMN_1815039	3130577
ILMN_1691668	1190239
ILMN_1666617	20121
ILMN_2103739	3830719
ILMN_1653794	7160475
ILMN_2413141	4760360
ILMN_1693323	5390520
ILMN_1805932	3610075
ILMN_1757837	2760386
ILMN_1707780	2850487
ILMN_1771746	4180333
ILMN_3251274	3710132
ILMN_1783075	5550195
ILMN_1715096	1580139
ILMN_1805695	110037
ILMN_2228196	3930671
ILMN_1763907	540215
ILMN_2083925	380292
ILMN_3262909	5670703
ILMN_3183213	6940041
ILMN_1734766	1990450
ILMN_1670737	4040356
ILMN_1743399	4070435
ILMN_1765438	6370274
ILMN_1754158	3990603
ILMN_3261226	4040326
ILMN_1727917	3990538
ILMN_1684040	4040187
ILMN_1724915	6480201
ILMN_1669831	160333
ILMN_2220772	4780746
ILMN_1755111	1190017
ILMN_1651624	70187
ILMN_1778951	3170564
ILMN_2270100	2000564
ILMN_1793559	2230010
ILMN_2356599	4040253
ILMN_1700978	6420689
ILMN_1738223	1710376
ILMN_3307144	3520367
ILMN_1798108	2750129
ILMN_2186678	3710465
ILMN_1665824	3780373
ILMN_3242059	6060347
ILMN_1671087	3420136
ILMN_3248091	1570333
ILMN_1687835	5270670
ILMN_1686889	2750402
ILMN_3248941	3310204
ILMN_1802942	360768
ILMN_1791889	2370239
ILMN_2307407	2810470
ILMN_1709799	2940433
ILMN_2134765	4780148
ILMN_1712836	2070543
ILMN_1682444	3140121
ILMN_1730629	6180703
ILMN_1795286	4150279
ILMN_2285708	1190082
ILMN_1766446	6280601
ILMN_2391765	7150017
ILMN_1722945	6040156
ILMN_1766219	10167
ILMN_1728057	2570068
ILMN_1754920	3870593
ILMN_1655572	110048
ILMN_3241996	1410731
ILMN_1680867	3290255
ILMN_1653797	5860754
ILMN_2168866	5870215
ILMN_1716728	4210138
ILMN_1659524	430309
ILMN_2205350	1940435
ILMN_1768684	7320537
ILMN_1657064	5050021
ILMN_2220403	360017
ILMN_1741812	6220338
ILMN_1775919	3120301
ILMN_1712616	4220474
ILMN_1705116	6560328
ILMN_1665117	3310181
ILMN_1716434	3120193
ILMN_3235761	6370451
ILMN_1772588	4640398
ILMN_1687848	4920221
ILMN_1763011	2470102
ILMN_1745119	1470390
ILMN_2183885	2900047
ILMN_1737663	4900338
ILMN_1737819	3610180
ILMN_1701724	2900504
ILMN_1800632	4810382
ILMN_1681057	5090193
ILMN_1713729	6350494
ILMN_1795703	6560608
ILMN_1751143	4290575
ILMN_1751051	4010072
ILMN_1730048	3780148
ILMN_1804498	360050
ILMN_2259292	3060082
ILMN_1660270	3130477
ILMN_1708604	3420491
ILMN_1784166	6480192
ILMN_2246083	50689
ILMN_1713322	3310136
ILMN_1663493	6760670
ILMN_1678863	4490608
ILMN_1739798	4670100
ILMN_1706101	1470687
ILMN_1779225	6550670
ILMN_1700588	1430386
ILMN_1793508	4120309
ILMN_3235912	2360315
ILMN_3238082	5820603
ILMN_3248773	6280725
ILMN_1672605	1740458
ILMN_1729130	60326
ILMN_1770030	510255
ILMN_2081335	3930653
ILMN_1809612	7510059
ILMN_1674498	1820286
ILMN_1741475	1240592
ILMN_1740903	7150259
ILMN_1718336	5810671
ILMN_1755033	4200368
ILMN_2198859	2000735
ILMN_1804895	5390497
ILMN_1655961	3310484
ILMN_1779751	1660608
ILMN_3238680	5720102
ILMN_1790211	3400722
ILMN_3184724	380736
ILMN_3232156	670274
ILMN_1779735	4590615
ILMN_1658210	2940521
ILMN_2226691	1980452
ILMN_1790315	7160414
ILMN_3243749	3830619
ILMN_3244903	3190202
ILMN_1726640	4210446
ILMN_1659990	7320441
ILMN_1695301	4860521
ILMN_2116811	7100687
ILMN_1717219	7400671
ILMN_1710606	6450403
ILMN_1731293	5260551
ILMN_1737242	2000072
ILMN_3261843	5270739
ILMN_1687213	4010184
ILMN_1654792	3370739
ILMN_1699085	2000286
ILMN_1685705	4260669
ILMN_1811735	2940414
ILMN_1663364	1820112
ILMN_1745992	2650228
ILMN_1652888	3800441
ILMN_3243302	6420333
ILMN_1790751	2450142
ILMN_2098325	1470397
ILMN_1706275	6350671
ILMN_1812841	4590632
ILMN_1676797	4280470
ILMN_2091084	5360390
ILMN_1727618	6480202
ILMN_1656369	5570731
ILMN_1677385	6130433
ILMN_1760400	4590646
ILMN_1679241	5260553
ILMN_1792242	4220070
ILMN_2113738	4640132
ILMN_1739133	6370445
ILMN_1657149	4570341
ILMN_2135709	2060338
ILMN_1670975	5690278
ILMN_1784408	5860392
ILMN_3307154	4290471
ILMN_1774884	6760452
ILMN_1688772	4860164
ILMN_1788415	6350020
ILMN_1777740	1470706
ILMN_1764320	1710386
ILMN_1653205	1510452
ILMN_3268179	770528
ILMN_1721133	1300703
ILMN_3247556	4050278
ILMN_2096467	1990301
ILMN_1749047	6250215
ILMN_1742074	2140403
ILMN_1705085	5130735
ILMN_1753929	5420411
ILMN_1801178	3940632
ILMN_1769011	7050446
ILMN_1719762	780136
ILMN_3252615	2850544
ILMN_3243899	3780021
ILMN_1801725	7320601
ILMN_1792663	60270
ILMN_1721513	3140561
ILMN_1651685	1470075
ILMN_2082699	3170546
ILMN_1776367	7380373
ILMN_1767831	3420521
ILMN_3251418	3840433
ILMN_1667405	4760482
ILMN_1681221	6370528
ILMN_1717403	6840039
ILMN_1753190	2510768
ILMN_1791306	3390129
ILMN_1777477	2140347
ILMN_3307818	2140386
ILMN_1695485	7560706
ILMN_1750969	1170446
ILMN_1751069	5720139
ILMN_1808873	3170095
ILMN_1803317	770692
ILMN_1723709	2120161
ILMN_2329569	2470528
ILMN_1686841	4260280
ILMN_2076014	6420372
ILMN_1811555	1990047
ILMN_1744581	5490286
ILMN_1769409	70753
ILMN_1809323	3450113
ILMN_1722387	1070050
ILMN_1708029	3610280
ILMN_1683232	5220414
ILMN_3238793	3310196
ILMN_1738678	5260075
ILMN_1705735	3460369
ILMN_2365667	4570674
ILMN_1699537	1990661
ILMN_1769538	1740615
ILMN_1654895	4280521
ILMN_1702197	1010470
ILMN_3251592	1010538
ILMN_1761138	4180445
ILMN_1770303	5900463
ILMN_3235526	1500242
ILMN_1701361	2600379
ILMN_1781745	870376
ILMN_1678189	3520138
ILMN_1700028	3440446
ILMN_1782618	1170019
ILMN_1719280	1940239
ILMN_1733221	6280082
ILMN_1813641	1110139
ILMN_1814106	6450162
ILMN_1663665	6270246
ILMN_1677274	4850608
ILMN_1795673	2260092
ILMN_1717229	1740075
ILMN_2391345	1770338
ILMN_1766793	4120176
ILMN_1683175	5130414
ILMN_2365023	2690035
ILMN_1763695	6650215
ILMN_1807009	7000360
ILMN_1746633	3850494
ILMN_1741992	290411
ILMN_1755698	2630091
ILMN_1674629	160307
ILMN_1714278	5260538
ILMN_1750173	6980086
ILMN_2174023	2570543
ILMN_1793830	4670746
ILMN_1799320	4200204
ILMN_1808251	50209
ILMN_1760866	5420086
ILMN_1711799	4810139
ILMN_1780460	6960524
ILMN_2077160	7040086
ILMN_1796499	3290491
ILMN_1719998	1050050
ILMN_1709043	6520661
ILMN_1794672	6560132
ILMN_1788384	2940687
ILMN_1701873	3840048
ILMN_1687924	1450224
ILMN_1772890	6060626
ILMN_2323508	5420482
ILMN_2191929	3140280
ILMN_1685104	4490348
ILMN_2179717	2000390
ILMN_1815635	1820220
ILMN_1777318	4920215
ILMN_1717248	6560411
ILMN_2138754	5890332
ILMN_1736538	6520673
ILMN_3244065	7380367
ILMN_1814856	1990477
ILMN_3252418	1570121
ILMN_3184973	3870736
ILMN_1715653	3360021
ILMN_2295252	510347
ILMN_2296677	2510026
ILMN_1762508	3780370
ILMN_1666742	3990411
ILMN_1741881	7570022
ILMN_1664283	1440050
ILMN_1697166	3890524
ILMN_1765791	580068
ILMN_1688621	990475
ILMN_2079098	5090072
ILMN_1755222	380348
ILMN_2387328	360224
ILMN_1731370	3800754
ILMN_2283245	6380403
ILMN_1678477	520050
ILMN_1806758	3310274
ILMN_1760628	1780762
ILMN_1659189	5090176
ILMN_1813837	5860709
ILMN_1714148	1980112
ILMN_1803652	5720131
ILMN_1655893	2060020
ILMN_1764188	3610040
ILMN_1674650	1980180
ILMN_1745713	1570301
ILMN_1659914	6330358
ILMN_1652431	2190139
ILMN_1665856	3840687
ILMN_1743219	5220482
ILMN_1720998	150474
ILMN_2382942	3830075
ILMN_1802414	3130703
ILMN_1742358	4200400
ILMN_1662795	870630
ILMN_2199439	2060674
ILMN_2176450	770477
ILMN_1740996	4730497
ILMN_1695157	6380672
ILMN_1731292	840521
ILMN_1672807	1690044
ILMN_3239383	5130441
ILMN_1708790	2340603
ILMN_1761789	2760220
ILMN_1784626	4180528
ILMN_1696615	1850097
ILMN_1725139	6040626
ILMN_1765858	7000017
ILMN_1783598	780500
ILMN_1660815	1940133
ILMN_1730529	5890010
ILMN_1731064	6220180
ILMN_1814044	240424
ILMN_1653001	4050411
ILMN_1762407	2070403
ILMN_1813946	430324
ILMN_1755428	2140112
ILMN_1677746	6100598
ILMN_2398815	1440008
ILMN_1760288	1440026
ILMN_1720136	3840039
ILMN_1688864	5270364
ILMN_1676973	2230278
ILMN_1754078	7040634
ILMN_1811068	1010201
ILMN_2412139	6250131
ILMN_1738854	1780482
ILMN_1685201	3890739
ILMN_1761851	3870390
ILMN_2340815	6110019
ILMN_1691855	2230050
ILMN_1861819	3890162
ILMN_1898404	5900192
ILMN_1666775	7510670
ILMN_1681223	2230400
ILMN_1664047	7510647
ILMN_1659138	1850528
ILMN_2304659	450242
ILMN_1703016	2600202
ILMN_2311835	3940131
ILMN_1664872	7650338
ILMN_2397188	730259
ILMN_1671263	6220343
ILMN_1677028	2470193
ILMN_2300664	6980546
ILMN_1667980	3840692
ILMN_1768533	5910086
ILMN_1711049	3120180
ILMN_2355274	4570286
ILMN_1754076	4220592
ILMN_2404493	4640397
ILMN_1696317	5810221
ILMN_2240923	3190056
ILMN_1763604	3520397
ILMN_2366205	4390739
ILMN_2271304	7000491
ILMN_2406106	2850458
ILMN_1682208	4860292
ILMN_1683107	5270411
ILMN_1653878	7100154
ILMN_1721601	7210521
ILMN_2195482	1980328
ILMN_1673503	2260446
ILMN_1685164	4210202
ILMN_2257652	4540059
ILMN_1724306	460161
ILMN_1769492	6580112
ILMN_1768758	5220576
ILMN_1702149	5090767
ILMN_1748102	430068
ILMN_2242309	3120377
ILMN_1749402	3440731
ILMN_2356441	1990482
ILMN_1809676	4830167
ILMN_1779043	5080180
ILMN_1669816	4390364
ILMN_1776079	730053
ILMN_2106874	4640519
ILMN_1705141	5490634
ILMN_1726574	5890736
ILMN_1691340	7320477
ILMN_1810992	3360402
ILMN_1680132	1170445
ILMN_1664679	4150471
ILMN_1701827	3450446
ILMN_1812096	6420019
ILMN_1809972	450681
ILMN_1665547	3780132
ILMN_1688188	7610592
ILMN_1801370	990494
ILMN_1684461	7160102
ILMN_1779155	2350193
ILMN_1745724	6330546
ILMN_1760199	4640240
ILMN_2383807	4230706
ILMN_1748840	5860039
ILMN_2327244	1470204
ILMN_1807034	6110242
ILMN_1702566	7650386
ILMN_2109371	240719
ILMN_1774427	2140398
ILMN_1755504	5820646
ILMN_1710219	110239
ILMN_1758281	990300
ILMN_1730487	620750
ILMN_2324002	4230328
ILMN_1717990	5890064
ILMN_3242412	6450730
ILMN_1766200	1440241
ILMN_3241364	5720463
ILMN_1778242	1660477
ILMN_1687858	7100711
ILMN_1666385	2750184
ILMN_1733333	2320600
ILMN_1815707	1030433
ILMN_1717757	1990224
ILMN_2413599	2940750
ILMN_1757210	4610209
ILMN_1749118	1690059
ILMN_1739162	2600521
ILMN_1749034	4560274
ILMN_1778121	4780113
ILMN_1761693	7610291
ILMN_1736256	2760370
ILMN_2167223	150564
ILMN_1727194	940431
ILMN_3238986	60301
ILMN_2140990	4610338
ILMN_1751561	2030280
ILMN_1795561	4210022
ILMN_2280721	4780452
ILMN_1705477	7570634
ILMN_1804339	940747
ILMN_1666445	4850170
ILMN_2315208	1710131
ILMN_1763027	3170544
ILMN_2376194	5130593
ILMN_1663397	6220484
ILMN_2279796	6350309
ILMN_1683415	1110364
ILMN_2319544	3420471
ILMN_1658818	6480050
ILMN_1757060	6590187
ILMN_1809695	1010475
ILMN_2359601	1170176
ILMN_1794863	4060008
ILMN_1660633	2940142
ILMN_1767168	5420132
ILMN_2166582	6450433
ILMN_1715372	4730386
ILMN_2382705	6840133
ILMN_2367638	2000020
ILMN_1743021	6550382
ILMN_1667381	5310343
ILMN_1714599	6660092
ILMN_1688580	5860075
ILMN_1811957	1340411
ILMN_1792660	6280209
ILMN_1661940	3930411
ILMN_1798867	840209
ILMN_1744647	240162
ILMN_1775950	1570133
ILMN_2073592	2970072
ILMN_1664012	5860358
ILMN_1762825	1070402
ILMN_2401057	5860477
ILMN_1797604	1070754
ILMN_1691237	3930592
ILMN_1655821	3840367
ILMN_1705261	1570672
ILMN_1677357	3170647
ILMN_1785069	5900431
ILMN_2252186	6860274
ILMN_1769755	7000554
ILMN_2331553	7210243
ILMN_1765274	2810136
ILMN_2101034	3710253
ILMN_1787514	6400022
ILMN_1677108	450750
ILMN_1695285	5570326
ILMN_1716057	70646
ILMN_1716357	130349
ILMN_2296803	2940703
ILMN_1687971	3870441
ILMN_2332691	4180762
ILMN_1737089	6760661
ILMN_3243831	2120379
ILMN_2117642	580138
ILMN_1685022	2680168
ILMN_3187689	1850008
ILMN_1731073	2060347
ILMN_1690923	7550762
ILMN_1655418	5290500
ILMN_2393254	7550041
ILMN_1699809	2850241
ILMN_1770676	2680730
ILMN_1782897	4070324
ILMN_1754145	6520220
ILMN_1681118	1980202
ILMN_2345739	6200682
ILMN_2286400	2650474
ILMN_1757660	6760450
ILMN_3307742	4880497
ILMN_1747105	6110114
ILMN_1763843	620162
ILMN_2359306	3710176
ILMN_2267508	5960379
ILMN_1803742	4610138
ILMN_1680722	6650632
ILMN_1768870	5090403
ILMN_2069196	4810403
ILMN_2053921	4670167
ILMN_1798980	6620072
ILMN_1743714	3840678
ILMN_1721978	1450671
ILMN_1671728	2360609
ILMN_1773347	6100026
ILMN_1738669	6400092
ILMN_1726591	2030170
ILMN_1724474	5270725
ILMN_3252556	6270500
ILMN_1707979	3930368
ILMN_3238525	5560270
ILMN_1692349	4280288
ILMN_1779854	450047
ILMN_2192281	6180377
ILMN_1712532	3710685
ILMN_1809477	1230348
ILMN_1783546	4060327
ILMN_1680134	460382
ILMN_1696066	20010
ILMN_2367469	7000682
ILMN_1765222	160403
ILMN_1724540	4210719
ILMN_1702296	3830598
ILMN_1708983	540041
ILMN_1680927	10577
ILMN_3306944	2970327
ILMN_1808546	5960187
ILMN_1665004	2970463
ILMN_1686948	60241
ILMN_2325574	3400138
ILMN_2357471	1050204
ILMN_1715437	4260050
ILMN_2139035	6020520
ILMN_1654773	1660424
ILMN_1679039	6860528
ILMN_1768556	830437
ILMN_2326509	450491
ILMN_1727762	6400053
ILMN_2326512	7050382
ILMN_1797578	2630445
ILMN_2321720	7100301
ILMN_2132119	2640634
ILMN_1739513	5670300
ILMN_2296057	1440019
ILMN_2410540	3360059
ILMN_1736568	4570026
ILMN_2388155	2260215
ILMN_1731639	6330445
ILMN_1760227	3180164
ILMN_1678454	3850021
ILMN_1774585	4830242
ILMN_1778059	6100136
ILMN_1722158	3390121
ILMN_2367113	2320730
ILMN_1659350	4730577
ILMN_1694877	5550709
ILMN_2373763	5290465
ILMN_2362974	6370441
ILMN_1730332	7650324
ILMN_1669565	20369
ILMN_1787749	290592
ILMN_1809313	460424
ILMN_2377733	1050092
ILMN_1673757	2650750
ILMN_1747129	1050524
ILMN_1786046	2340041
ILMN_1718070	4280735
ILMN_1813949	7150053
ILMN_1722329	6620035
ILMN_1767711	2940594
ILMN_1785156	3840685
ILMN_1740739	6100725
ILMN_1678061	5720661
ILMN_1717234	670161
ILMN_1783627	1580048
ILMN_1694943	2940026
ILMN_1672947	3990112
ILMN_1774674	5080014
ILMN_2322806	6560136
ILMN_1655191	2450047
ILMN_2340202	4070750
ILMN_2256953	4850184
ILMN_2151739	1240446
ILMN_1651705	1770500
ILMN_1789394	6590544
ILMN_2403542	1990170
ILMN_2286014	2600273
ILMN_1794157	3390142
ILMN_2186351	5570561
ILMN_1693961	6400279
ILMN_1740419	3890059
ILMN_1762091	7040603
ILMN_2149226	1070215
ILMN_1687583	5550379
ILMN_1658835	620360
ILMN_1735220	2630577
ILMN_2360730	5910553
ILMN_1804980	3130020
ILMN_1810532	6380092
ILMN_1807540	1010465
ILMN_2331062	2940762
ILMN_2251895	3120619
ILMN_1752404	6400204
ILMN_1657627	630053
ILMN_1771043	2070427
ILMN_1720616	5900747
ILMN_1766408	2600537
ILMN_2399489	6420639
ILMN_1716080	4120037
ILMN_2181968	6960209
ILMN_1685580	5270132
ILMN_1811729	6840519
ILMN_1705433	1690180
ILMN_2073732	4070608
ILMN_1712461	2140113
ILMN_1796069	620685
ILMN_2053829	6620291
ILMN_1699768	4640315
ILMN_1809003	2900377
ILMN_1652237	5560543
ILMN_1813400	5810750
ILMN_1804735	1230047
ILMN_1802757	2850114
ILMN_2152010	3370021
ILMN_1802907	3890035
ILMN_1657312	5870181
ILMN_3248676	1740753
ILMN_2150352	510239
ILMN_1659006	6110554
ILMN_3248957	770040
ILMN_1770244	1070386
ILMN_1709645	3180537
ILMN_1686237	6400408
ILMN_1770678	6590278
ILMN_1774086	380270
ILMN_1790625	1400017
ILMN_1782173	6180431
ILMN_1724145	3830170
ILMN_1813028	7150685
ILMN_1691930	3370288
ILMN_1657361	1500747
ILMN_1775183	1410475
ILMN_1730879	510100
ILMN_1678484	4010521
ILMN_2399571	4280039
ILMN_3252733	6250209
ILMN_1701127	7650746
ILMN_2149935	730497
ILMN_1690291	5810575
ILMN_2406586	6900739
ILMN_1809342	7550239
ILMN_1679127	270291
ILMN_2122511	3370300
ILMN_1813528	6560465
ILMN_1764096	3450040
ILMN_1778371	770630
ILMN_2130003	2600044
ILMN_1763408	2760538
ILMN_2244484	4260678
ILMN_1763127	460504
ILMN_1701477	1240113
ILMN_1684789	5690131
ILMN_1796762	1660681
ILMN_1811786	2630639
ILMN_1791905	6770463
ILMN_1792456	990114
ILMN_2103014	4390072
ILMN_1677859	5870414
ILMN_1682567	3940471
ILMN_1709630	4760398
ILMN_2239069	460541
ILMN_1806488	2320528
ILMN_2306935	6420332
ILMN_1672759	4050382
ILMN_1801766	1780259
ILMN_1746949	130079
ILMN_2163206	4560433
ILMN_1716368	770768
ILMN_1761101	1710026
ILMN_1775520	4590100
ILMN_1658376	7210482
ILMN_1730347	5910095
ILMN_1795085	1470379
ILMN_2059606	990110
ILMN_1809889	6940541
ILMN_1725071	1090468
ILMN_1714710	6350626
ILMN_2183772	160544
ILMN_1739054	6450048
ILMN_1705843	1400768
ILMN_1904052	4590048
ILMN_1679971	4730215
ILMN_1811775	2070537
ILMN_3244319	650564
ILMN_1751264	7000332
ILMN_2214955	2070164
ILMN_1667356	520598
ILMN_2224918	2680133
ILMN_1669621	5220301
ILMN_2174875	6450528
ILMN_1758633	3830538
ILMN_1716342	460682
ILMN_2360362	1110435
ILMN_1746417	5490561
ILMN_1809883	2640132
ILMN_1792152	1340471
ILMN_1712067	3310309
ILMN_1706935	7100364
ILMN_1743506	7100681
ILMN_1767260	6960189
ILMN_1677239	4390612
ILMN_1691566	5900538
ILMN_1693711	3360082
ILMN_1714936	3930538
ILMN_1727646	160369
ILMN_1707277	3450746
ILMN_1742032	6420528
ILMN_3232889	3870592
ILMN_3242820	6580307
ILMN_1809491	270070
ILMN_1790555	4860133
ILMN_2100285	580025
ILMN_2100287	3450687
ILMN_1663816	1300164
ILMN_1792276	6510129
ILMN_1783676	6110095
ILMN_1825660	6200593
ILMN_2235602	160528
ILMN_3246065	6130047
ILMN_3238757	5810079
ILMN_1723594	70523
ILMN_1704476	1850477
ILMN_3244162	4290301
ILMN_1727511	6900747
ILMN_2154603	2230541
ILMN_1795922	5900112
ILMN_1787441	4830494
ILMN_2077406	2230687
ILMN_1804953	6770541
ILMN_3245143	6040709
ILMN_1812489	5310348
ILMN_1781234	5490411
ILMN_2050023	630086
ILMN_1718771	2320402
ILMN_1793146	2000288
ILMN_1789266	5130202
ILMN_1733191	4250114
ILMN_1811167	6650136
ILMN_1798659	2000504
ILMN_1778478	2630102
ILMN_2099586	6200561
ILMN_3241382	290161
ILMN_1671295	780341
ILMN_1681136	830465
ILMN_1803490	2470025
ILMN_2288784	3450408
ILMN_1657547	7040184
ILMN_1744621	3610546
ILMN_1722863	5860408
ILMN_1770493	7570682
ILMN_1687813	2760021
ILMN_3239045	150121
ILMN_2235086	4920082
ILMN_1793309	6650397
ILMN_1760638	2750768
ILMN_1658212	4150072
ILMN_2406716	5050465
ILMN_1799113	7050471
ILMN_2214562	2850746
ILMN_1743783	5550187
ILMN_1686135	2070593
ILMN_1788629	160747
ILMN_2273331	4010010
ILMN_2369756	6400161
ILMN_1804522	1850367
ILMN_1751099	5310685
ILMN_1720233	730253
ILMN_1745946	2230681
ILMN_1803471	5890603
ILMN_2302118	70603
ILMN_1738333	3710722
ILMN_1725250	3890753
ILMN_1799579	4290259
ILMN_1742380	3390564
ILMN_1715569	7040544
ILMN_1707311	6900767
ILMN_1702541	7050671
ILMN_2064898	1850468
ILMN_1789786	2070674
ILMN_1687437	3420768
ILMN_2140342	4860544
ILMN_1686920	3610300
ILMN_1662318	1780730
ILMN_1745904	7330435
ILMN_1722446	2140544
ILMN_2210298	5550601
ILMN_1663370	2450500
ILMN_1701905	5490463
ILMN_1773060	7050128
ILMN_1653102	5310753
ILMN_3235171	1240719
ILMN_2227195	2370228
ILMN_1683533	2900110
ILMN_1663062	5700379
ILMN_1815326	830494
ILMN_2203876	3120504
ILMN_1657680	160068
ILMN_2382974	2120521
ILMN_1808835	4210131
ILMN_1768877	6370243
ILMN_1749982	5080255
ILMN_1768433	5310050
ILMN_1707783	70661
ILMN_1730745	5810280
ILMN_1678086	3290577
ILMN_1747655	1050632
ILMN_3251383	2370424
ILMN_1728085	2070270
ILMN_1659786	4060669
ILMN_2101375	3850291
ILMN_1811397	6450487
ILMN_1711473	6480097
ILMN_3256415	4260639
ILMN_1760314	2940538
ILMN_1803338	2650162
ILMN_1715662	4830575
ILMN_1794534	1470148
ILMN_1791933	6130370
ILMN_1792296	6620377
ILMN_1709227	6760762
ILMN_1669982	5290026
ILMN_2361614	5340497
ILMN_1657332	6400646
ILMN_1792681	650300
ILMN_1706691	6940187
ILMN_1811050	4490537
ILMN_1772208	4860711
ILMN_3248352	3130224
ILMN_1695972	3990564
ILMN_1719190	4390255
ILMN_1761961	6270373
ILMN_1692948	2750192
ILMN_2232166	5090014
ILMN_1676523	2340594
ILMN_2190051	6380373
ILMN_1731107	4830682
ILMN_3248263	730343
ILMN_3245310	2650471
ILMN_1799710	4670463
ILMN_1801600	6650201
ILMN_1695357	520528
ILMN_1674051	7210743
ILMN_1660963	2480167
ILMN_1712943	2030524
ILMN_1656330	6960040
ILMN_1760088	2070201
ILMN_2086965	1030204
ILMN_1725519	870603
ILMN_1783593	1230605
ILMN_3268472	360327
ILMN_3192001	1190390
ILMN_1740609	380600
ILMN_1669034	1570437
ILMN_2255130	6900687
ILMN_1670658	7050474
ILMN_2045324	2680600
ILMN_1710186	6290088
ILMN_1654411	5340348
ILMN_1769129	7100646
ILMN_1720048	1030333
ILMN_1657234	4220246
ILMN_1677505	1340626
ILMN_2160476	2480092
ILMN_1764030	5360048
ILMN_1686109	6110343
ILMN_1653766	780356
ILMN_1737817	1110075
ILMN_1782596	6900242
ILMN_1659601	4280301
ILMN_2113606	6380056
ILMN_1774087	4640050
ILMN_1701347	7100762
ILMN_2228845	7610373
ILMN_1671509	6590682
ILMN_2218856	610524
ILMN_1747355	4250053
ILMN_1773245	6660288
ILMN_2105573	2810010
ILMN_1674563	870754
ILMN_2100209	3520102
ILMN_1716276	2970575
ILMN_1677591	5700551
ILMN_1773352	620717
ILMN_2098126	7570408
ILMN_1683456	4610364
ILMN_1772964	6620121
ILMN_1692271	580670
ILMN_1652198	4860634
ILMN_1784352	7400050
ILMN_2157099	7400279
ILMN_1786125	2650608
ILMN_1712803	4590040
ILMN_2347349	510114
ILMN_2260833	3130095
ILMN_1714386	5130411
ILMN_1752394	6450397
ILMN_1801939	5360070
ILMN_1754746	1770239
ILMN_2380660	3310379
ILMN_1705757	6520133
ILMN_1798705	1770397
ILMN_2409395	2370204
ILMN_1676423	4230653
ILMN_1688480	5820601
ILMN_1667081	1570348
ILMN_2067656	3460520
ILMN_1668721	6380370
ILMN_1658743	130703
ILMN_1711459	1410196
ILMN_1702247	2470097
ILMN_2384785	870497
ILMN_1795852	2070131
ILMN_2374425	3990026
ILMN_1733419	6590093
ILMN_1651260	1450041
ILMN_2412384	4760154
ILMN_1773119	3130541
ILMN_1694491	3170110
ILMN_2380754	4570520
ILMN_1747244	130215
ILMN_2228732	5360672
ILMN_2187830	1980242
ILMN_1742250	2570544
ILMN_1691942	5810605
ILMN_3241750	990255
ILMN_2206812	6110433
ILMN_3237926	4610142
ILMN_1689123	1010053
ILMN_2094776	450554
ILMN_1683129	6280524
ILMN_2379226	2340047
ILMN_1698260	5490347
ILMN_1676631	6250672
ILMN_1692390	3120709
ILMN_2357682	1260255
ILMN_1722522	3520382
ILMN_1787877	4120390
ILMN_1708991	1340291
ILMN_1758606	4480482
ILMN_2261784	5310605
ILMN_1810069	1410398
ILMN_2166524	2060112
ILMN_3255636	3120241
ILMN_3181933	6510592
ILMN_3265324	110612
ILMN_3188856	6620228
ILMN_2409290	60095
ILMN_1794190	6220674
ILMN_1678833	7320176
ILMN_1666493	2680753
ILMN_1776706	520041
ILMN_1774761	580706
ILMN_2376431	1300296
ILMN_2276996	1660615
ILMN_3188479	2140577
ILMN_1777461	2900524
ILMN_1658299	5390367
ILMN_1669062	5960239
ILMN_1769895	6040711
ILMN_3232921	6650524
ILMN_1763322	2190671
ILMN_1656684	4040195
ILMN_2086143	7570154
ILMN_2145033	4290762
ILMN_1653395	7160494
ILMN_2387696	5220296
ILMN_1759635	5890398
ILMN_1690907	5890470
ILMN_1715131	5390246
ILMN_1739421	1510037
ILMN_1664316	5220661
ILMN_2337386	5360484
ILMN_2357730	1820739
ILMN_1686804	3930170
ILMN_1781769	1470128
ILMN_1740436	2640167
ILMN_2331922	5080730
ILMN_1773992	5860630
ILMN_3190833	3360372
ILMN_1689378	460484
ILMN_2290998	1110255
ILMN_1766797	2600286
ILMN_1748407	2750630
ILMN_1679382	7100288
ILMN_1651828	5270717
ILMN_2334989	7650484
ILMN_1776073	6290014
ILMN_1706246	540170
ILMN_1719611	2600630
ILMN_1722502	5820392
ILMN_1699610	1230612
ILMN_1681160	3460703
ILMN_2050617	5420053
ILMN_1733023	7510075
ILMN_2341793	4290358
ILMN_1703718	5270500
ILMN_1662954	7160719
ILMN_1717868	3520156
ILMN_3239249	360546
ILMN_1727272	1780241
ILMN_1680364	4230292
ILMN_2396444	6370369
ILMN_1740015	7000369
ILMN_1661589	1940132
ILMN_2326713	6330474
ILMN_1794740	6550259
ILMN_1742001	2190019
ILMN_1722622	20593
ILMN_2379599	2680092
ILMN_1733270	7560487
ILMN_3242540	580100
ILMN_1783852	10142
ILMN_1714118	1740180
ILMN_1774071	1300465
ILMN_3251610	2100670
ILMN_1665647	4120068
ILMN_1782704	7210136
ILMN_1723520	870156
ILMN_1726230	6270202
ILMN_1654210	1500725
ILMN_1892782	2600093
ILMN_1719433	6400358
ILMN_1784272	4900132
ILMN_2335754	5490403
ILMN_1695025	4210619
ILMN_1706722	4220703
ILMN_1787750	7330452
ILMN_1750003	4050348
ILMN_2408112	4280523
ILMN_3239639	870187
ILMN_1657358	3780431
ILMN_1718754	3830678
ILMN_1676372	2640037
ILMN_1792075	1010754
ILMN_1687825	3940754
ILMN_2060413	610437
ILMN_1805519	5090347
ILMN_1702534	5860224
ILMN_2377669	3890689
ILMN_1676924	6290400
ILMN_1726589	2490113
ILMN_1688959	1240450
ILMN_1701914	4900239
ILMN_1671051	5420561
ILMN_2365307	5900575
ILMN_1683747	6100390
ILMN_1773781	7040538
ILMN_1749362	4890722
ILMN_1730433	3140646
ILMN_1796244	2490066
ILMN_1693552	4780196
ILMN_1701906	3120091
ILMN_1751095	2640674
ILMN_1782741	4610110
ILMN_3240165	4810619
ILMN_2112357	4540228
ILMN_2174804	2760132
ILMN_2174805	4040341
ILMN_2070940	3870537
ILMN_1716797	4640630
ILMN_2115633	2340327
ILMN_1747622	7050050
ILMN_2341229	4040706
ILMN_1732799	4150669
ILMN_1694249	4730021
ILMN_2257587	6040739
ILMN_1683479	6940324
ILMN_1784863	1010592
ILMN_1796094	3310538
ILMN_1665132	6400307
ILMN_2375825	1510133
ILMN_1786176	3800373
ILMN_2233783	2760500
ILMN_2261416	1170671
ILMN_2325837	1580411
ILMN_1724643	6840736
ILMN_1739794	1780600
ILMN_1747870	5220400
ILMN_1717197	1090474
ILMN_1727284	6770711
ILMN_2367818	3370138
ILMN_1779257	6420520
ILMN_1659077	50706
ILMN_1778625	360719
ILMN_2348788	4560193
ILMN_1803429	5860152
ILMN_2307744	1050482
ILMN_2307740	2120451
ILMN_1771333	4150193
ILMN_2356991	6270286
ILMN_2061043	2030767
ILMN_1753112	5050347
ILMN_2208903	20129
ILMN_2413808	460102
ILMN_1662843	520678
ILMN_1800540	830274
ILMN_1785268	3610035
ILMN_2147517	5900594
ILMN_2333687	1430240
ILMN_1724789	4760593
ILMN_1701497	4050647
ILMN_1746565	6590228
ILMN_1753468	2480068
ILMN_1714861	3120370
ILMN_2359907	4570438
ILMN_2267914	6220382
ILMN_2188333	2710575
ILMN_1651316	6900634
ILMN_1792538	6330091
ILMN_1760247	4220068
ILMN_1723004	4200546
ILMN_1736567	1240070
ILMN_1761464	4560047
ILMN_2379644	7040008
ILMN_1659227	1780440
ILMN_1734878	3940504
ILMN_2410371	7510170
ILMN_2366212	770167
ILMN_1785439	4260725
ILMN_1710017	6450594
ILMN_1716736	5390239
ILMN_1689953	1500189
ILMN_2392274	2340768
ILMN_1662973	5130136
ILMN_1780582	5050162
ILMN_2328666	6620026
ILMN_2049293	3440369
ILMN_1698367	4060095
ILMN_1782560	4040022
ILMN_1714602	4210465
ILMN_1672097	4570368
ILMN_1768482	670369
ILMN_1760374	2970408
ILMN_2353732	3170128
ILMN_1748601	70386
ILMN_1669005	2490014
ILMN_2354191	4210753
ILMN_1666074	4480167
ILMN_1695423	6250487
ILMN_1704730	6100615
ILMN_1711573	2710754
ILMN_2415786	4560743
ILMN_2413508	1470626
ILMN_1676718	4890253
ILMN_1673363	6960630
ILMN_2056032	4290097
ILMN_1700681	1780079
ILMN_2388142	5420358
ILMN_1714592	5090372
ILMN_1763878	6270390
ILMN_1662008	60465
ILMN_1805180	510386
ILMN_1659727	3940309
ILMN_2401906	5910445
ILMN_1678605	6100301
ILMN_2244653	2140647
ILMN_2324537	2940553
ILMN_1739164	3360754
ILMN_1774557	4860390
ILMN_1655983	5810044
ILMN_1774930	6590475
ILMN_1687074	540113
ILMN_1661363	4200148
ILMN_2379560	6040037
ILMN_1751463	7330041
ILMN_2339796	3170561
ILMN_1727389	4880521
ILMN_2256765	5360619
ILMN_1747911	1050706
ILMN_1710428	2760603
ILMN_1663390	1500010
ILMN_1787292	7050184
ILMN_1799688	1470750
ILMN_1711005	2480341
ILMN_1733396	4670670
ILMN_1740384	2190392
ILMN_2338323	4760338
ILMN_1725260	3460152
ILMN_2407619	4200451
ILMN_2294431	6110706
ILMN_2210837	1410079
ILMN_1746533	6550537
ILMN_2359935	3610133
ILMN_1765704	4250739
ILMN_1711078	2640246
ILMN_2330552	5690152
ILMN_2356068	940128
ILMN_1778557	6280044
ILMN_1676891	3930452
ILMN_1713006	1710278
ILMN_1668369	4150670
ILMN_1764185	3130064
ILMN_1737651	2810594
ILMN_1696041	540021
ILMN_2408139	580168
ILMN_1675156	1780564
ILMN_1738424	5270386
ILMN_1781472	3170497
ILMN_1784627	6250598
ILMN_1689989	4200703
ILMN_1692342	940370
ILMN_2401964	5420259
ILMN_1764927	6760750
ILMN_1652777	6180253
ILMN_1736327	2070669
ILMN_1745223	1070047
ILMN_1774982	3370730
ILMN_2349138	4480192
ILMN_1769027	4540288
ILMN_1735594	2570767
ILMN_2313926	6770161
ILMN_1670238	2320170
ILMN_1652907	6760189
ILMN_1785914	510445
ILMN_1741801	4900044
ILMN_1701614	4120184
ILMN_1802951	6980202
ILMN_1660654	2940398
ILMN_1737728	6370474
ILMN_1684045	290333
ILMN_2383964	6520528
ILMN_1753183	7610494
ILMN_1683450	1400673
ILMN_1737184	2070520
ILMN_1762142	7400301
ILMN_2230683	3800753
ILMN_1709294	4830634
ILMN_2341611	60215
ILMN_1688670	150463
ILMN_1724941	5260367
ILMN_1708167	5960044
ILMN_2118621	6180367
ILMN_3251486	430341
ILMN_1752914	2060543
ILMN_1770940	1300113
ILMN_1791270	2260424
ILMN_1672611	2650709
ILMN_1709269	5090204
ILMN_2210739	2100021
ILMN_1766925	5820563
ILMN_1784036	5090195
ILMN_2095597	20762
ILMN_1814015	7050673
ILMN_1733669	7330561
ILMN_1734744	2760541
ILMN_2100731	6110689
ILMN_1779228	1170709
ILMN_1775739	3370605
ILMN_1753586	3520626
ILMN_1779934	360014
ILMN_1658675	3360187
ILMN_1783149	6510274
ILMN_1693928	4560382
ILMN_1660321	6560326
ILMN_2396269	7320280
ILMN_1765255	150184
ILMN_1685958	2650435
ILMN_2323007	4590541
ILMN_3236307	3450703
ILMN_1704294	7610338
ILMN_1769891	3710706
ILMN_1719236	4730482
ILMN_2190624	520593
ILMN_1766675	3800241
ILMN_1716300	4050364
ILMN_1660113	4280255
ILMN_1813352	4880056
ILMN_1757020	940193
ILMN_1675454	2340274
ILMN_1737003	50048
ILMN_1770425	990161
ILMN_1700611	940187
ILMN_1741459	1850309
ILMN_1687353	5810220
ILMN_3306950	6130762
ILMN_1653443	2350286
ILMN_1665559	4590064
ILMN_3245559	5260541
ILMN_1690653	2100411
ILMN_1767414	6280754
ILMN_1689001	7380110
ILMN_1781987	6560470
ILMN_1730928	2750280
ILMN_2062271	3930594
ILMN_1717803	3420367
ILMN_1711023	1260025
ILMN_1812289	5960482
ILMN_2415529	4260017
ILMN_1655990	5690228
ILMN_1725235	7570348
ILMN_2383489	650601
ILMN_1658579	4230228
ILMN_1812557	5550465
ILMN_3307950	6620075
ILMN_1802615	670286
ILMN_1778917	5420437
ILMN_1777913	4280520
ILMN_1747556	430767
ILMN_1788022	2230020
ILMN_1724183	6900315
ILMN_1856533	2630280
ILMN_1782441	7380647
ILMN_1770690	1240471
ILMN_2217630	3610156
ILMN_1769769	670253
ILMN_1680317	610414
ILMN_2377536	990431
ILMN_2277725	7150097
ILMN_1787212	5290475
ILMN_1784602	6660382
ILMN_1722811	130309
ILMN_2196347	1030348
ILMN_1718565	5890653
ILMN_1757255	5130671
ILMN_1744295	5550671
ILMN_1717714	6620014
ILMN_1773066	5090440
ILMN_1806405	1430167
ILMN_2130078	7400224
ILMN_2376723	620487
ILMN_1670111	1500338
ILMN_1723198	7610735
ILMN_3247350	4200678
ILMN_1656415	4920593
ILMN_1652171	5550286
ILMN_2359332	6450095
ILMN_1740597	1090333
ILMN_1748883	7050326
ILMN_1666305	5260014
ILMN_1687291	1510079
ILMN_1753931	3780315
ILMN_2234187	4640491
ILMN_1691911	620044
ILMN_1699576	5260114
ILMN_1702517	6650097
ILMN_1791114	990575
ILMN_1655690	1030343
ILMN_1720270	2140228
ILMN_2128770	3940482
ILMN_1754658	4250017
ILMN_1678183	4610600
ILMN_2297315	5090678
ILMN_1681943	940050
ILMN_1672275	7550504
ILMN_2179022	6380209
ILMN_1691418	5050148
ILMN_1801476	5860010
ILMN_1790973	510673
ILMN_1727880	2140131
ILMN_1651237	2630433
ILMN_1810977	3130356
ILMN_1776158	4570273
ILMN_1710597	5260239
ILMN_1673788	5720746
ILMN_1815619	70184
ILMN_1671058	2030397
ILMN_1722603	1770286
ILMN_2363185	240491
ILMN_2269673	670204
ILMN_1653471	3450209
ILMN_2288285	1470008
ILMN_1662151	3140176
ILMN_2288290	5420465
ILMN_1693537	6350092
ILMN_2090029	5360066
ILMN_2097052	1050711
ILMN_1678075	1050114
ILMN_1721415	6450202
ILMN_1777479	4830487
ILMN_2371724	4150014
ILMN_1664330	5340767
ILMN_1716815	5700753
ILMN_1775167	3450026
ILMN_3244898	1090592
ILMN_1752335	3190400
ILMN_1774781	4220593
ILMN_1745949	1190307
ILMN_1743570	1850139
ILMN_1657455	6370646
ILMN_1670959	2360632
ILMN_1712522	7400377
ILMN_1813957	3400564
ILMN_1806056	4780075
ILMN_1715715	1430280
ILMN_1693014	20446
ILMN_1782050	5490408
ILMN_1779095	2940767
ILMN_1716766	4230431
ILMN_1744147	4010131
ILMN_1686283	4010427
ILMN_1751851	6200064
ILMN_1666174	6770079
ILMN_1671171	3460750
ILMN_3177532	5220360
ILMN_3234570	7400431
ILMN_2335398	1190035
ILMN_1654690	1340470
ILMN_1702229	6200161
ILMN_1773764	1780274
ILMN_1723418	6650593
ILMN_1688458	6660634
ILMN_1749515	7510072
ILMN_1678947	5360730
ILMN_1694482	1820201
ILMN_1711208	3710240
ILMN_1691290	6350437
ILMN_2280816	540400
ILMN_1720482	5560162
ILMN_1801257	2600392
ILMN_2392472	4760577
ILMN_1664028	610056
ILMN_3238740	4010470
ILMN_2229205	2810731
ILMN_2225718	2510639
ILMN_1716279	6100564
ILMN_1664516	4780129
ILMN_2186715	5820315
ILMN_1693221	7380711
ILMN_2119307	5870066
ILMN_1658010	6250451
ILMN_1661776	460561
ILMN_1737195	5700086
ILMN_1742779	4060468
ILMN_2368718	1450192
ILMN_2368721	3930324
ILMN_1668814	6100079
ILMN_1720526	6550373
ILMN_1787477	4560682
ILMN_2219351	7160048
ILMN_1748241	6250196
ILMN_1670769	2350630
ILMN_3238375	4210707
ILMN_3246608	10722
ILMN_1729142	1030026
ILMN_2047511	830735
ILMN_2088825	60746
ILMN_1766798	3060747
ILMN_1709360	3120064
ILMN_1683867	6770349
ILMN_1786357	460747
ILMN_1772233	7210209
ILMN_1800530	4220692
ILMN_1795918	6220164
ILMN_1758778	1440630
ILMN_1781077	7150370
ILMN_1693766	270022
ILMN_2199676	990189
ILMN_1686458	4390176
ILMN_1740385	1070376
ILMN_2294684	380767
ILMN_1755290	3940372
ILMN_2329885	4050519
ILMN_1697417	650575
ILMN_1677062	1300450
ILMN_1687168	2450189
ILMN_1668290	3710452
ILMN_1797642	4180754
ILMN_1703754	4490154
ILMN_2392940	2320307
ILMN_1799011	5700689
ILMN_1738482	840551
ILMN_1746832	4780112
ILMN_1742400	5340553
ILMN_1747016	7510709
ILMN_1791568	7100519
ILMN_1787808	2690064
ILMN_2294294	3130671
ILMN_2396011	6840349
ILMN_2288297	6860554
ILMN_1808500	1110039
ILMN_1741350	4640242
ILMN_1800611	1030368
ILMN_2154223	2600014
ILMN_3265365	4760091
ILMN_3185161	5570142
ILMN_1736951	7400575
ILMN_1676588	2190730
ILMN_1674405	2640050
ILMN_2356838	5870403
ILMN_2266309	6350474
ILMN_2115143	770632
ILMN_1690192	4780242
ILMN_1750563	7550048
ILMN_1767475	2230367
ILMN_2388975	3060692
ILMN_1721325	4050041
ILMN_1801091	4070524
ILMN_1740837	4290594
ILMN_2302692	5270358
ILMN_1808810	7320102
ILMN_1675386	1690458
ILMN_2359945	2680056
ILMN_1664492	4120091
ILMN_1696675	3520372
ILMN_2362681	3850471
ILMN_2165975	1780470
ILMN_1751757	4120192
ILMN_2150095	270575
ILMN_1767415	6900348
ILMN_1784870	1990246
ILMN_1699852	5260019
ILMN_1768624	3310500
ILMN_2132309	3520097
ILMN_1695645	2120707
ILMN_2224031	830136
ILMN_2224034	1300709
ILMN_1681882	4230703
ILMN_2098013	5420646
ILMN_1774287	3370349
ILMN_1668099	4920019
ILMN_2110094	7560373
ILMN_1781980	7050053
ILMN_1777190	1240152
ILMN_1800837	6200494
ILMN_1810910	380424
ILMN_1698144	1470743
ILMN_2412192	3360279
ILMN_1657803	6250484
ILMN_1754137	1470709
ILMN_2045453	3120601
ILMN_1805799	4260008
ILMN_2071598	4560753
ILMN_1665855	5050128
ILMN_1718248	5310292
ILMN_1727815	1690609
ILMN_1705617	4250458
ILMN_1707356	1170707
ILMN_2291891	5810300
ILMN_1789830	1240593
ILMN_1658121	6580750
ILMN_1705813	5870131
ILMN_1734176	2350730
ILMN_2153029	6860446
ILMN_1719750	1340292
ILMN_2044645	6840609
ILMN_2171649	610470
ILMN_1691647	4200372
ILMN_2163790	5270022
ILMN_1739855	2070504
ILMN_2083578	2650484
ILMN_1735579	5550372
ILMN_2387090	1300398
ILMN_1797806	2570193
ILMN_1752631	3370687
ILMN_1661633	2370377
ILMN_1656521	3140669
ILMN_1746801	1980670
ILMN_1730229	110100
ILMN_1774722	7040689
ILMN_1681008	1940561
ILMN_1741021	1770593
ILMN_1739241	1500082
ILMN_2148150	2850082
ILMN_1700652	4890167
ILMN_3238072	2030202
ILMN_1669842	2120097
ILMN_1674231	4610731
ILMN_1768856	650239
ILMN_1775997	2370187
ILMN_2305843	5860167
ILMN_1796939	7200411
ILMN_1672149	7570619
ILMN_1740170	940010
ILMN_2191681	4540730
ILMN_1673026	6620626
ILMN_1813938	3850292
ILMN_1797530	6900392
ILMN_1785161	450072
ILMN_2324375	3850180
ILMN_1744138	5220504
ILMN_1732750	4120025
ILMN_1677237	3440168
ILMN_1654583	2350176
ILMN_1786016	5870148
ILMN_1796511	2030468
ILMN_2339284	7040240
ILMN_1740764	1230441
ILMN_2370414	1510343
ILMN_1658411	430224
ILMN_1685551	4640435
ILMN_1698148	1500563
ILMN_1781816	1850575
ILMN_2209163	4250082
ILMN_1677376	1580487
ILMN_1806122	1170564
ILMN_1762972	1710474
ILMN_2135321	3520437
ILMN_3251423	5910433
ILMN_1664630	7200270
ILMN_2395236	5260685
ILMN_1759585	6510079
ILMN_2395240	7380376
ILMN_1798083	3130180
ILMN_2106902	4230470
ILMN_1653828	830168
ILMN_1669410	6200348
ILMN_1765966	6420356
ILMN_1772289	1780014
ILMN_3307868	1990037
ILMN_2326273	610598
ILMN_1685045	4830202
ILMN_1679647	2350204
ILMN_1798138	2650544
ILMN_1763437	1010634
ILMN_2190214	2640753
ILMN_1679428	3130576
ILMN_2069615	70240
ILMN_3249477	3360242
ILMN_1812380	50593
ILMN_1720297	830546
ILMN_1658504	3460424
ILMN_1687429	5560196
ILMN_1691151	6330170
ILMN_2331205	3400450
ILMN_1659054	4920025
ILMN_1689711	5810382
ILMN_1713347	5810491
ILMN_2138005	6860241
ILMN_1771238	780376
ILMN_1709112	2060048
ILMN_1747697	1780240
ILMN_1709439	5900332
ILMN_1763265	3940148
ILMN_1762932	3130022
ILMN_1656621	3290181
ILMN_1671893	4260762
ILMN_1741176	6250121
ILMN_1715607	460468
ILMN_1771233	4180315
ILMN_1711542	2490554
ILMN_3251545	4640703
ILMN_2094166	6450326
ILMN_1732534	7650347
ILMN_1731609	4480592
ILMN_1706397	5690520
ILMN_1795933	3440692
ILMN_1678493	610332
ILMN_1679638	6480477
ILMN_1774110	830687
ILMN_2403237	3190246
ILMN_2292187	6580470
ILMN_1726575	460544
ILMN_1776337	380528
ILMN_2223836	2370674
ILMN_1779401	6760192
ILMN_1695631	2680332
ILMN_1731353	4250291
ILMN_1772991	1740326
ILMN_2202940	2260600
ILMN_1729112	2630687
ILMN_2088673	240167
ILMN_1722390	610300
ILMN_1795582	5570592
ILMN_2184231	990639
ILMN_1678233	1050468
ILMN_1682737	7100689
ILMN_1791501	1260477
ILMN_2367157	2940678
ILMN_2271884	5290669
ILMN_1683373	6840196
ILMN_1751689	2260021
ILMN_2358718	1050288
ILMN_1787652	4560014
ILMN_1761574	6760564
ILMN_1729402	6960128
ILMN_3248627	6400010
ILMN_1660882	4780609
ILMN_1746646	2030673
ILMN_2268969	1410017
ILMN_1798700	4120717
ILMN_2361768	4570634
ILMN_1776314	1030468
ILMN_1698849	4210059
ILMN_1794816	60333
ILMN_2154157	4280180
ILMN_1729857	3120678
ILMN_1770044	1570224
ILMN_2110751	6280731
ILMN_1756578	10364
ILMN_1788789	1400504
ILMN_2069286	610020
ILMN_1728501	1690474
ILMN_1741131	7650639
ILMN_1676624	5720370
ILMN_1736218	4730626
ILMN_3249574	2480279
ILMN_1661355	3170739
ILMN_1703346	5260451
ILMN_1784633	1780332
ILMN_1677719	5720451
ILMN_1736828	270348
ILMN_1655880	110228
ILMN_1735058	1710546
ILMN_1734707	4050768
ILMN_1743340	2630369
ILMN_1670926	7320041
ILMN_1794011	540692
ILMN_1723481	3930736
ILMN_1696590	7380767
ILMN_1678478	2630114
ILMN_1770853	3940725
ILMN_1670881	20445
ILMN_1732831	5900452
ILMN_1795845	6660706
ILMN_1700547	4760390
ILMN_1791576	3060128
ILMN_1740407	4250328
ILMN_1756705	1770689
ILMN_2366998	2030162
ILMN_1684341	2640072
ILMN_1779780	3370072
ILMN_1677041	3520541
ILMN_1798177	6370612
ILMN_1721449	3890020
ILMN_1792837	2690022
ILMN_2048793	6980156
ILMN_1735199	5670523
ILMN_1684205	4900440
ILMN_1714489	3420022
ILMN_1736013	70717
ILMN_1707713	4180427
ILMN_1784780	5550600
ILMN_1790471	240437
ILMN_1802185	610551
ILMN_2188533	2450279
ILMN_1788184	10048
ILMN_2284804	1110609
ILMN_2390318	2140278
ILMN_2284810	4050079
ILMN_1668910	5810719
ILMN_2174437	780309
ILMN_1779597	3360020
ILMN_2170080	1470253
ILMN_1773363	4210167
ILMN_1723847	1440709
ILMN_2167758	6400427
ILMN_1684468	4230722
ILMN_1765257	5080575
ILMN_1680967	4760523
ILMN_1671516	2100136
ILMN_1674661	7560047
ILMN_1796235	4200162
ILMN_2122952	20392
ILMN_2122953	6220441
ILMN_1796397	4260156
ILMN_3246724	3870465
ILMN_1738207	4920064
ILMN_1695579	3060438
ILMN_1691641	5290711
ILMN_1663092	7550112
ILMN_1787691	5810142
ILMN_1724659	2690070
ILMN_1674411	1050672
ILMN_2181060	7040711
ILMN_1751776	6380324
ILMN_1790891	4490528
ILMN_1748770	630333
ILMN_1716336	670500
ILMN_1671478	4150066
ILMN_2298051	2320154
ILMN_2414027	2760519
ILMN_1712389	5080367
ILMN_1757521	1580592
ILMN_1732066	3420661
ILMN_1763491	5570021
ILMN_1764266	3830315
ILMN_2041046	2450358
ILMN_1719256	4210088
ILMN_2072296	780528
ILMN_1756326	6200468
ILMN_1700507	5290215
ILMN_1770548	6350370
ILMN_1654875	2030142
ILMN_1797219	5670722
ILMN_1803236	6550521
ILMN_1773681	5080053
ILMN_1679176	5420577
ILMN_2328952	2680039
ILMN_1809267	3440601
ILMN_1671933	3610722
ILMN_1661197	5290397
ILMN_1686865	460370
ILMN_1688633	2760241
ILMN_1707467	2320348
ILMN_1660837	3440463
ILMN_1728369	3870066
ILMN_1690327	5090746
ILMN_1808748	2070204
ILMN_1741594	2900768
ILMN_1763036	3850136
ILMN_1694731	2060088
ILMN_1787576	3930523
ILMN_2364072	5820195
ILMN_1798742	70333
ILMN_1724686	5960296
ILMN_1721818	840324
ILMN_1737096	4560468
ILMN_1685194	6650477
ILMN_1754103	3400431
ILMN_1787657	1070133
ILMN_1661194	940500
ILMN_1751174	2760382
ILMN_2328575	7380450
ILMN_2405667	1300717
ILMN_1682226	3780291
ILMN_1708267	7100328
ILMN_2208435	1690519
ILMN_1707670	5960102
ILMN_1815388	6040209
ILMN_2389054	2510360
ILMN_1662484	2650673
ILMN_1696284	5570037
ILMN_2284157	7510176
ILMN_1750097	1440703
ILMN_1795190	6420475
ILMN_1729639	6380706
ILMN_1654759	1440400
ILMN_1725338	1850156
ILMN_3289458	3420246
ILMN_3212962	5340093
ILMN_1723042	20546
ILMN_2132458	4210546
ILMN_1728197	5130382
ILMN_1804531	1450274
ILMN_2143685	5080373
ILMN_2072568	3360148
ILMN_1746676	7320400
ILMN_1683757	3290767
ILMN_1740276	6060661
ILMN_2352563	4640626
ILMN_1710326	4810286
ILMN_2077680	610154
ILMN_1704797	780215
ILMN_1653166	1050189
ILMN_2415303	6270564
ILMN_1807359	1940048
ILMN_2292178	1340500
ILMN_1663142	3170601
ILMN_2403228	3780358
ILMN_1711453	6020544
ILMN_1657527	3780372
ILMN_2142185	3310747
ILMN_1781752	160224
ILMN_1763398	1110020
ILMN_1730964	4830592
ILMN_1691339	7320348
ILMN_1745103	6860164
ILMN_1779144	5900411
ILMN_1784608	2490161
ILMN_3250902	1410092
ILMN_1670101	2570132
ILMN_1693781	3520129
ILMN_1678775	4590717
ILMN_1711702	5490341
ILMN_3250023	6760148
ILMN_1791749	2640470
ILMN_2220735	2230152
ILMN_2220729	7160376
ILMN_1682176	4260441
ILMN_1709204	2570022
ILMN_2399363	4050202
ILMN_1682259	130743
ILMN_1665457	5960136
ILMN_1808979	7050519
ILMN_1771664	5690753
ILMN_1723115	4290360
ILMN_2193817	1170196
ILMN_1740502	1450241
ILMN_2077736	4200411
ILMN_2322131	6980035
ILMN_1780465	1260228
ILMN_1742962	1230259
ILMN_2323992	2640603
ILMN_1654504	3420164
ILMN_1700610	6590451
ILMN_1673238	3390201
ILMN_2068274	4290609
ILMN_1782729	6370414
ILMN_1658635	6280634
ILMN_2050813	6650327
ILMN_1756982	3450072
ILMN_1795754	4040192
ILMN_1796423	5870136
ILMN_1671250	270653
ILMN_2063584	3170762
ILMN_2063586	3890193
ILMN_1778964	6020132
ILMN_1699665	3930424
ILMN_1745076	7040280
ILMN_2404085	2260066
ILMN_1684038	3390026
ILMN_1723058	6110427
ILMN_2352190	730523
ILMN_1801189	1710612
ILMN_1789733	650689
ILMN_1759792	3310672
ILMN_1689400	520382
ILMN_1652790	1690121
ILMN_1679727	3440138
ILMN_2362911	830598
ILMN_1815239	1190687
ILMN_1787109	4200497
ILMN_2063106	1580403
ILMN_1676061	6020646
ILMN_1695961	2970685
ILMN_2320336	4640041
ILMN_2394027	7380021
ILMN_1695853	5820403
ILMN_2108865	6280372
ILMN_2124221	650669
ILMN_1714522	1940315
ILMN_3251242	5820246
ILMN_1669281	520630
ILMN_2394381	6580682
ILMN_1778203	1740040
ILMN_1776267	2340689
ILMN_1701094	290661
ILMN_1684576	5130066
ILMN_3235979	50022
ILMN_1736814	1070639
ILMN_1682399	5690402
ILMN_1659976	5080156
ILMN_1681235	1580703
ILMN_1725705	2510079
ILMN_2131811	5050220
ILMN_1665831	770168
ILMN_1752802	1050750
ILMN_1709894	6760050
ILMN_1698745	6620142
ILMN_1741705	7050129
ILMN_3246345	380204
ILMN_3236671	7610554
ILMN_2067408	5360044
ILMN_1691165	4890634
ILMN_2415179	1470184
ILMN_1720181	4880097
ILMN_1717138	4920440
ILMN_1731237	4050288
ILMN_1734021	3420162
ILMN_2345837	4390327
ILMN_1687171	6220349
ILMN_1695420	6380128
ILMN_1674609	1110095
ILMN_1709346	3800201
ILMN_1756779	4730458
ILMN_1694584	1090427
ILMN_1739734	4730050
ILMN_1798298	1070471
ILMN_1691483	3830010
ILMN_1667058	4610176
ILMN_1774974	70037
ILMN_2242491	1450273
ILMN_1750596	2230129
ILMN_1800993	4610296
ILMN_2355042	6980477
ILMN_2382025	1660538
ILMN_1682544	2140689
ILMN_1727800	3420746
ILMN_1687518	6900349
ILMN_1804788	2320671
ILMN_1663538	2070044
ILMN_1712088	4610273
ILMN_1734631	6180121
ILMN_1770772	3830167
ILMN_2086612	4250634
ILMN_1704084	5550066
ILMN_1714082	2140379
ILMN_2125374	6380608
ILMN_1709634	5810564
ILMN_1707634	4810543
ILMN_1738075	360626
ILMN_1767182	1090100
ILMN_1690888	2470612
ILMN_1673030	1690626
ILMN_1738642	2640551
ILMN_2104877	6420446
ILMN_1783621	2360348
ILMN_2328363	4850736
ILMN_2287911	5420240
ILMN_1693494	7510097
ILMN_1799030	4210113
ILMN_1679277	3390646
ILMN_1705442	3890551
ILMN_1667840	4880184
ILMN_2370208	6020746
ILMN_1815319	2120634
ILMN_1762718	2230630
ILMN_1781450	3710484
ILMN_1720930	5720050
ILMN_1729514	6060253
ILMN_1775373	50136
ILMN_1696494	1470520
ILMN_1698934	2140239
ILMN_1740487	4250048
ILMN_2403247	4290403
ILMN_1710124	2480037
ILMN_2343361	6550370
ILMN_1805765	3060020
ILMN_3307813	3460041
ILMN_1697236	6770373
ILMN_3250201	2630070
ILMN_3250984	4760059
ILMN_1769319	5900600
ILMN_2169839	7380068
ILMN_1694653	3460037
ILMN_1726769	3390017
ILMN_1803838	7570494
ILMN_1786353	3440280
ILMN_1659772	830632
ILMN_2384158	3400433
ILMN_1722135	5090091
ILMN_2281486	6060154
ILMN_2087931	3310368
ILMN_1655095	6760458
ILMN_3250398	240286
ILMN_3249932	4860424
ILMN_3250412	6100392
ILMN_1702383	7510524
ILMN_1750859	2510364
ILMN_2330112	2900187
ILMN_1786532	3120767
ILMN_1758543	4070088
ILMN_1698733	670398
ILMN_2349696	3990164
ILMN_1762802	4670202
ILMN_1808903	4860450
ILMN_1749071	2030598
ILMN_1714759	6400332
ILMN_1718813	5900343
ILMN_1795756	4150577
ILMN_1748844	5420731
ILMN_1810054	4850630
ILMN_1708486	2230242
ILMN_1770290	5550037
ILMN_1782439	4640743
ILMN_1657750	520519
ILMN_1797132	1070605
ILMN_1663975	4060730
ILMN_1754752	6620184
ILMN_3250893	870044
ILMN_1662328	6180463
ILMN_1655720	6020400
ILMN_1685095	6900195
ILMN_1682501	3180576
ILMN_1677840	4780154
ILMN_1669206	6520382
ILMN_2078334	1300463
ILMN_1772651	4010279
ILMN_2207393	380309
ILMN_1772677	1440356
ILMN_1735959	1940246
ILMN_1794324	6580458
ILMN_2136177	4560139
ILMN_1802450	10338
ILMN_2083833	4730619
ILMN_1656134	3120176
ILMN_1715886	4590241
ILMN_1686477	6590270
ILMN_2174612	4640484
ILMN_1736068	6560609
ILMN_1811758	6370592
ILMN_3246547	1440678
ILMN_3243471	4150475
ILMN_1669674	10187
ILMN_1812967	240025
ILMN_1777314	1090255
ILMN_1758487	2570014
ILMN_2252408	6200743
ILMN_1813581	4010152
ILMN_1741577	6860041
ILMN_3187324	290615
ILMN_3232701	830747
ILMN_3232894	3940167
ILMN_1761637	6590767
ILMN_1807525	6100139
ILMN_1773113	7100162
ILMN_1725910	510669
ILMN_1809456	6560487
ILMN_2411791	7210176
ILMN_1684754	7610168
ILMN_2400407	3390372
ILMN_1661852	3890364
ILMN_1718896	4260471
ILMN_1717599	1660367
ILMN_1783204	450356
ILMN_1709471	1110451
ILMN_1771148	4050347
ILMN_1710289	1010338
ILMN_1727909	4250553
ILMN_1699317	4670270
ILMN_1692398	4570358
ILMN_1690223	1400520
ILMN_1717541	6040368
ILMN_1681086	4070593
ILMN_1775103	4880390
ILMN_1686513	6660468
ILMN_1795021	5820224
ILMN_1704210	7210022
ILMN_1710394	1580243
ILMN_2390504	6660079
ILMN_1702044	4560482
ILMN_1753498	360747
ILMN_2352326	4280343
ILMN_1711888	610189
ILMN_1761260	5080601
ILMN_1732210	1070348
ILMN_2290007	6380044
ILMN_2399328	6860113
ILMN_1742432	6940408
ILMN_1711514	4120424
ILMN_2180848	5910408
ILMN_1791873	5310259
ILMN_1776993	6550647
ILMN_2129715	730288
ILMN_1776154	3990594
ILMN_1703683	2710546
ILMN_1721535	1430577
ILMN_1698621	4040630
ILMN_2399877	6580379
ILMN_1779530	5420376
ILMN_1783815	1030358
ILMN_1725246	2140070
ILMN_1688034	4250768
ILMN_1672776	4730324
ILMN_1731446	1450735
ILMN_1789507	3460743
ILMN_2392803	5560739
ILMN_2286253	6560192
ILMN_2311456	1450392
ILMN_1721178	3180471
ILMN_1748166	6770519
ILMN_1733756	3060095
ILMN_1741695	4850129
ILMN_2370624	3870228
ILMN_2311052	5720692
ILMN_1786598	3800010
ILMN_1768940	5090026
ILMN_1684554	5360743
ILMN_1651282	990372
ILMN_1799105	2120270
ILMN_1806733	5290132
ILMN_1701937	6590181
ILMN_1795843	3800280
ILMN_2116605	6510673
ILMN_1701308	6960142
ILMN_1785272	4040671
ILMN_2104356	6060612
ILMN_1753182	6550187
ILMN_1792736	3440747
ILMN_1784532	840288
ILMN_1666665	2350441
ILMN_1810996	6840639
ILMN_1666523	1300082
ILMN_1791112	3180035
ILMN_2399933	5290133
ILMN_1788377	2120181
ILMN_1808681	3800739
ILMN_3240788	4070450
ILMN_3258955	3520452
ILMN_1742840	650113
ILMN_1674785	4010136
ILMN_1773079	2120021
ILMN_1653028	5910431
ILMN_1724994	5890279
ILMN_2272270	3930129
ILMN_1662731	6380066
ILMN_2292123	2630053
ILMN_1680109	4120707
ILMN_1778308	4010730
ILMN_1742534	270706
ILMN_2375360	5310333
ILMN_1811289	4860554
ILMN_1675857	6480433
ILMN_1813021	7040053
ILMN_1706505	4920369
ILMN_1729117	4490292
ILMN_1796288	5560300
ILMN_1732151	7570598
ILMN_1809928	2750356
ILMN_1783909	3390458
ILMN_1765017	4010195
ILMN_2307861	2470114
ILMN_1706643	6250192
ILMN_3237932	780520
ILMN_1751161	2490593
ILMN_1685433	2510091
ILMN_2402392	3360452
ILMN_2246563	3780706
ILMN_2102330	70196
ILMN_1674050	3780168
ILMN_2284647	1340671
ILMN_1665374	5270279
ILMN_2390099	5340402
ILMN_1814701	6940114
ILMN_1685122	6380040
ILMN_1740155	3520634
ILMN_1662962	6380356
ILMN_2298189	380592
ILMN_2414268	6110133
ILMN_1735192	7050372
ILMN_1689088	2100767
ILMN_1679049	2680301
ILMN_1695991	2030400
ILMN_1670872	3190228
ILMN_2329114	4290288
ILMN_1728707	6270047
ILMN_1761242	3360093
ILMN_1766505	1740392
ILMN_2094905	6510719
ILMN_1683305	6560020
ILMN_1690392	1230523
ILMN_1778562	10097
ILMN_2096654	2370093
ILMN_2300396	20707
ILMN_2235454	3190484
ILMN_1662463	5810168
ILMN_1777378	4260484
ILMN_1759997	7610471
ILMN_1810334	7050576
ILMN_2210713	650148
ILMN_1765644	1770400
ILMN_1808821	3610114
ILMN_1677636	2360148
ILMN_1810941	520446
ILMN_1730084	6940243
ILMN_1736752	6960377
ILMN_1811615	4150500
ILMN_1699112	6980170
ILMN_1684385	50397
ILMN_2339627	1070504
ILMN_1738103	1710687
ILMN_1708204	6510037
ILMN_1809496	2030386
ILMN_3242623	430364
ILMN_2139061	1510372
ILMN_1655827	4890195
ILMN_1770732	1030551
ILMN_1726755	4290400
ILMN_1736002	4010347
ILMN_1764431	6350114
ILMN_1758412	7320181
ILMN_1784785	4590661
ILMN_1705711	1110709
ILMN_2373779	3180020
ILMN_2337941	6940092
ILMN_1728535	6330309
ILMN_1667361	5820292
ILMN_1666364	2630008
ILMN_1751615	6380021
ILMN_1756572	5720128
ILMN_1801378	2760181
ILMN_3234979	3990370
ILMN_1770936	7570500
ILMN_1671356	3180021
ILMN_1664367	6060164
ILMN_1783985	6620315
ILMN_1689070	3310440
ILMN_1756898	6660600
ILMN_1712998	5810592
ILMN_1713749	5390113
ILMN_2377019	3780451
ILMN_1653708	5310170
ILMN_1745954	670025
ILMN_2327974	240768
ILMN_1813746	1410609
ILMN_1745703	7320634
ILMN_2084836	1660154
ILMN_1676880	5700131
ILMN_1813386	1940332
ILMN_1795949	3360167
ILMN_2071186	2650241
ILMN_1788283	1070678
ILMN_1670901	3930053
ILMN_1666280	2630411
ILMN_2154555	4890400
ILMN_1651486	7560184
ILMN_2292696	2490739
ILMN_1718309	4200100
ILMN_3244700	6980468
ILMN_2187718	630735
ILMN_1676311	4670707
ILMN_1752006	5890202
ILMN_1656656	1450255
ILMN_1652207	3390022
ILMN_1815634	3360333
ILMN_1722583	2630553
ILMN_1704477	4900670
ILMN_1663512	1190220
ILMN_1783636	3850110
ILMN_1752481	1990437
ILMN_2154671	4250095
ILMN_1725547	2370653
ILMN_2176467	2640112
ILMN_1731838	5960553
ILMN_1654151	5820465
ILMN_1662419	5390138
ILMN_1701293	540491
ILMN_3237665	6180246
ILMN_2184049	2260576
ILMN_1674658	580754
ILMN_1798189	7570475
ILMN_1809495	4490259
ILMN_1744432	5270445
ILMN_1813206	6940364
ILMN_1773200	5260082
ILMN_1754364	3840138
ILMN_1807503	1400019
ILMN_1766551	2340743
ILMN_1784294	520682
ILMN_1791530	1450056
ILMN_1657295	4390280
ILMN_1726250	4900551
ILMN_1685174	4230343
ILMN_1744806	450187
ILMN_2391436	4900184
ILMN_1789003	5820390
ILMN_1703074	6020543
ILMN_1731374	5390687
ILMN_2288905	2760347
ILMN_2369603	4900592
ILMN_1693345	7510603
ILMN_1774948	830524
ILMN_2375484	4830382
ILMN_2171783	2750414
ILMN_1755954	3610386
ILMN_1722025	1500131
ILMN_1801703	2680746
ILMN_1772873	510382
ILMN_1722695	5670746
ILMN_1669382	7650368
ILMN_1689515	4200767
ILMN_1707426	7320598
ILMN_1709440	1980719
ILMN_2299795	2510152
ILMN_1698313	4280279
ILMN_2352953	4590603
ILMN_1808674	6510400
ILMN_1781013	2470132
ILMN_2357334	2570398
ILMN_2276002	3290132
ILMN_2276000	4250020
ILMN_1670841	4570500
ILMN_2307025	6180184
ILMN_1674665	2190338
ILMN_1773576	7570215
ILMN_1814770	2120064
ILMN_1806500	2260767
ILMN_1738058	6840059
ILMN_1742131	3120747
ILMN_1747685	4390338
ILMN_1803351	4810437
ILMN_2313946	6130543
ILMN_1712972	7550180
ILMN_1722294	580592
ILMN_2169761	1470386
ILMN_1678547	4570767
ILMN_1746086	6760592
ILMN_3240389	1240242
ILMN_1662865	6380121
ILMN_1792748	6110044
ILMN_1654545	3130349
ILMN_2144116	1430110
ILMN_1673185	3830204
ILMN_2087528	5720564
ILMN_1718013	2070370
ILMN_1762316	4570692
ILMN_1660426	5560010
ILMN_2357260	5720347
ILMN_3246304	450041
ILMN_1795454	270047
ILMN_1687589	2680458
ILMN_1710052	4150091
ILMN_1696316	5290358
ILMN_1791754	5360500
ILMN_1662144	5820220
ILMN_1773855	7560647
ILMN_1678579	5360653
ILMN_2400759	60136
ILMN_1682928	3870324
ILMN_1749653	2570196
ILMN_2176529	6770039
ILMN_1712046	730577
ILMN_1741688	5890139
ILMN_1705258	4390193
ILMN_1759448	4730474
ILMN_1690945	5340064
ILMN_2388112	1050025
ILMN_1742601	3940356
ILMN_1767193	4200669
ILMN_1731118	4390324
ILMN_3235652	2630632
ILMN_1684724	1030450
ILMN_1727753	3890463
ILMN_2369666	4810292
ILMN_1658040	2510132
ILMN_1690170	3400296
ILMN_1690282	1990291
ILMN_1660551	5340066
ILMN_1737992	3120437
ILMN_1705767	5810747
ILMN_1762139	50603
ILMN_1803147	6580068
ILMN_1681826	4560349
ILMN_1793932	3130561
ILMN_2405680	4670402
ILMN_1723092	7400524
ILMN_1668582	3610630
ILMN_2225735	3780554
ILMN_3195213	4010440
ILMN_3273946	5130687
ILMN_2381537	6480121
ILMN_2280053	6980605
ILMN_1803452	7330706
ILMN_2334243	1340358
ILMN_3250057	4290735
ILMN_3250923	4480102
ILMN_2382758	7510092
ILMN_2334242	7510470
ILMN_1703072	7100520
ILMN_1749032	3060326
ILMN_1751097	20110
ILMN_1779524	3450373
ILMN_1711171	4920458
ILMN_1688573	1170537
ILMN_1744441	2490484
ILMN_1728677	4290619
ILMN_1731714	6200577
ILMN_1658986	6620685
ILMN_2293692	6560438
ILMN_1809583	6840148
ILMN_1814313	3940348
ILMN_1660223	6220377
ILMN_1784847	2120279
ILMN_1680624	1090497
ILMN_1683998	4250619
ILMN_1659541	270307
ILMN_1808613	2940561
ILMN_1739558	3400619
ILMN_2404548	4480088
ILMN_1748707	6560390
ILMN_1745318	4480576
ILMN_1668035	2260445
ILMN_1761312	2690414
ILMN_2223561	6200446
ILMN_1732426	1400079
ILMN_1753706	2940347
ILMN_1694346	840092
ILMN_3307673	1470228
ILMN_2146418	3930040
ILMN_1747850	3170356
ILMN_1656920	1170047
ILMN_1694432	5340246
ILMN_1719455	1190358
ILMN_2140700	4210653
ILMN_1813256	5090731
ILMN_1758212	1300397
ILMN_1732630	2350136
ILMN_1775569	4280487
ILMN_1814583	4180286
ILMN_1753910	270458
ILMN_2151522	1430750
ILMN_1790689	4180079
ILMN_1803302	4780086
ILMN_1686805	6550196
ILMN_1666494	7040014
ILMN_1690122	5960767
ILMN_1707448	5860048
ILMN_1681515	4760095
ILMN_1767573	2030255
ILMN_1795304	5130433
ILMN_1788655	5310400
ILMN_2155228	670026
ILMN_1660579	1740041
ILMN_1737685	2710446
ILMN_1789541	360296
ILMN_1811405	1410739
ILMN_1664502	4070681
ILMN_1768640	270309
ILMN_1727220	2100132
ILMN_1799672	610424
ILMN_3232270	4250138
ILMN_3240296	6450253
ILMN_1728180	3140047
ILMN_1801456	5360397
ILMN_2299072	5900129
ILMN_1693090	3830274
ILMN_1780575	540685
ILMN_1651637	60435
ILMN_1813909	160673
ILMN_1770088	2350349
ILMN_1686151	4480400
ILMN_1739956	6370563
ILMN_1730329	2850349
ILMN_2229170	3870670
ILMN_1739770	6060452
ILMN_1658384	1660075
ILMN_1796247	4120324
ILMN_1807986	5690050
ILMN_1665235	5700646
ILMN_1720484	6770168
ILMN_1699843	1780097
ILMN_1657771	4260187
ILMN_3260715	5900019
ILMN_1719123	2850543
ILMN_1760593	1940253
ILMN_2202637	2850059
ILMN_1796180	1190193
ILMN_1711015	6510068
ILMN_1729216	6110079
ILMN_1772214	2510376
ILMN_1741265	4280440
ILMN_2260313	7550408
ILMN_1686362	6860112
ILMN_1715879	3310653
ILMN_1760708	4010634
ILMN_1718929	4920280
ILMN_2190684	830397
ILMN_1779304	1820070
ILMN_1776266	1410450
ILMN_2113417	4260300
ILMN_2100574	7210592
ILMN_1687409	7610242
ILMN_1792597	6100064
ILMN_1714397	3940458
ILMN_1690179	1010431
ILMN_2241187	1710050
ILMN_1779241	1980608
ILMN_1672389	3850010
ILMN_1795407	3170315
ILMN_1719290	4220379
ILMN_1762115	6060646
ILMN_1709775	50187
ILMN_1706057	2140408
ILMN_2396410	2470187
ILMN_3307648	6380333
ILMN_2119692	2810255
ILMN_1779515	7330138
ILMN_1737640	3830202
ILMN_1815439	6290520
ILMN_1741604	1230424
ILMN_3260910	510376
ILMN_3184448	1010743
ILMN_1671808	1230609
ILMN_2043126	4010095
ILMN_2297352	2030504
ILMN_1761122	5860504
ILMN_2412880	6900377
ILMN_1782788	2320129
ILMN_1806787	3840349
ILMN_1685796	3710440
ILMN_1683538	7510114
ILMN_1762275	4920139
ILMN_1665797	5130674
ILMN_1706238	7000634
ILMN_1733402	2900093
ILMN_1805930	4640048
ILMN_2302947	7150619
ILMN_1686623	1070014
ILMN_1661861	2750196
ILMN_1721204	130674
ILMN_1661196	1980689
ILMN_2376458	2900053
ILMN_2376455	4010719
ILMN_1798475	3450349
ILMN_1697069	2630288
ILMN_2322768	4150551
ILMN_1706852	5420477
ILMN_2323172	1400746
ILMN_2371280	6270114
ILMN_2055523	4610561
ILMN_1799208	1980092
ILMN_1691937	580224
ILMN_1693617	4920278
ILMN_2363475	5420224
ILMN_2391071	130719
ILMN_2285280	2070382
ILMN_1680436	1690102
ILMN_1703545	4810441
ILMN_2403566	5910167
ILMN_1754121	3170239
ILMN_2216860	1010189
ILMN_1746945	7330102
ILMN_1775432	2690437
ILMN_1730996	940598
ILMN_2319228	5550521
ILMN_1659781	7650739
ILMN_1653006	5220736
ILMN_2317364	6250669
ILMN_1807868	5290477
ILMN_3235699	110019
ILMN_1711579	1940338
ILMN_1792400	1780091
ILMN_2364174	3170468
ILMN_1775058	7200376
ILMN_1785988	7210241
ILMN_2088785	3520224
ILMN_1671642	4830176
ILMN_3309079	1410088
ILMN_1720708	780762
ILMN_2286870	1110736
ILMN_2415235	1230187
ILMN_1808913	3440465
ILMN_1708858	6250100
ILMN_1704713	940577
ILMN_1723398	2260438
ILMN_1740549	6220240
ILMN_1706521	1240192
ILMN_1813735	4180240
ILMN_1652024	4210064
ILMN_2332267	5310630
ILMN_2386355	130255
ILMN_2386354	430025
ILMN_1679501	6560347
ILMN_1746375	4810709
ILMN_2109526	6100255
ILMN_1723843	6110187
ILMN_1800461	3450156
ILMN_1666894	5860519
ILMN_1691375	2470474
ILMN_2117845	6660327
ILMN_1688184	160397
ILMN_2393994	3870608
ILMN_1812353	6860709
ILMN_2187533	1110372
ILMN_3249110	1940326
ILMN_3240470	730703
ILMN_2078995	4610356
ILMN_1811921	6370397
ILMN_1660806	1990152
ILMN_1777168	460292
ILMN_1690386	1070551
ILMN_1742854	2070577
ILMN_1796269	770669
ILMN_1753449	6370541
ILMN_1653748	5360100
ILMN_1697370	6400068
ILMN_1673843	3170221
ILMN_1800354	6450543
ILMN_1752452	3140739
ILMN_2185911	4590273
ILMN_1688022	7570382
ILMN_1698666	1070333
ILMN_1697733	4010491
ILMN_1680462	6860427
ILMN_1679826	4810341
ILMN_1765103	60288
ILMN_1702372	4070382
ILMN_1720485	1170075
ILMN_1669888	110372
ILMN_1761797	1430187
ILMN_1758339	520754
ILMN_1682198	1450129
ILMN_2236714	5560095
ILMN_1735185	7150204
ILMN_1653129	6280079
ILMN_1807515	2630400
ILMN_2397880	650598
ILMN_1806951	1010367
ILMN_1808779	1570754
ILMN_1762002	3420253
ILMN_1726328	1940414
ILMN_1664918	7650014
ILMN_2088560	1940424
ILMN_2088565	2320670
ILMN_1679921	5860674
ILMN_1757689	1230603
ILMN_1672783	5820551
ILMN_2135944	7510128
ILMN_1670627	1690717
ILMN_2402042	2190446
ILMN_2291565	4670747
ILMN_1713126	2600546
ILMN_1673271	5310128
ILMN_2095078	7050020
ILMN_2231845	5670451
ILMN_1654899	6270593
ILMN_1760573	730113
ILMN_2057196	2600181
ILMN_2206411	1070577
ILMN_1652196	1430215
ILMN_2206413	6770332
ILMN_1719146	4480209
ILMN_2100957	6840050
ILMN_2336585	4250148
ILMN_1787578	6450414
ILMN_1802029	2710504
ILMN_1742587	5090427
ILMN_3265104	3990730
ILMN_3188638	5220059
ILMN_2314080	460167
ILMN_1662914	3440110
ILMN_1754956	5080187
ILMN_1690880	7650504
ILMN_1806463	5910170
ILMN_1673329	7100563
ILMN_2278235	3840309
ILMN_2379734	4900088
ILMN_1719158	7510538
ILMN_3250209	1010494
ILMN_1691294	3290753
ILMN_1781031	4880292
ILMN_2144574	60504
ILMN_2144573	2850184
ILMN_1786015	5220196
ILMN_1745395	620041
ILMN_1815759	4060167
ILMN_2294411	6350403
ILMN_2407589	6620433
ILMN_1728163	5080682
ILMN_1681678	7150333
ILMN_1692962	650681
ILMN_2392189	1770170
ILMN_1665655	360682
ILMN_2077758	1440674
ILMN_1661804	1190025
ILMN_2115125	2640292
ILMN_1699829	5690687
ILMN_2189007	5820544
ILMN_2209578	770424
ILMN_3244555	3400463
ILMN_3235559	3840441
ILMN_3236344	1400026
ILMN_2305112	60138
ILMN_2305116	1470576
ILMN_1777060	6220504
ILMN_1725090	4860546
ILMN_2117508	4890689
ILMN_2261627	1230201
ILMN_2348905	4010768
ILMN_1763487	6400333
ILMN_1804854	3890017
ILMN_2230902	5890451
ILMN_2197693	4610692
ILMN_2131732	7040719
ILMN_1758692	7210246
ILMN_1721901	290475
ILMN_2136446	940722
ILMN_1808436	3360253
ILMN_1757350	3800671
ILMN_1786903	4230376
ILMN_1746396	4260379
ILMN_1726641	5130681
ILMN_1785786	5810184
ILMN_1651617	7210095
ILMN_1688103	430259
ILMN_2381168	4610215
ILMN_2063925	940280
ILMN_1663159	240753
ILMN_1651944	2760594
ILMN_1696806	4200019
ILMN_2293511	4670224
ILMN_1807510	4810431
ILMN_1716875	4610075
ILMN_1776132	5700482
ILMN_1807719	5910541
ILMN_1738010	7050347
ILMN_1783285	6370273
ILMN_1690693	160008
ILMN_2392352	2000064
ILMN_2286024	4760326
ILMN_2392356	6510576
ILMN_1665164	2570020
ILMN_2120917	3940255
ILMN_2137654	4850687
ILMN_1767643	4010315
ILMN_1651430	6060279
ILMN_1748730	4670274
ILMN_1664863	6350131
ILMN_1719286	6840246
ILMN_2359742	60121
ILMN_1696360	240309
ILMN_1689086	1510433
ILMN_1792885	2640768
ILMN_2242463	3450138
ILMN_1696347	5270367
ILMN_1674038	1110092
ILMN_2387224	650445
ILMN_1693738	1770307
ILMN_1799887	5900754
ILMN_1804955	3930020
ILMN_1680424	1500735
ILMN_2390853	1980288
ILMN_1752451	4670162
ILMN_1758895	1430278
ILMN_1694757	840717
ILMN_1812995	4150189
ILMN_2374036	4260386
ILMN_1748352	1430477
ILMN_1726198	4290554
ILMN_1769633	1820300
ILMN_1743032	6330484
ILMN_1794364	6580408
ILMN_1666269	4220259
ILMN_1744912	130433
ILMN_2393712	3850632
ILMN_1798838	7400437
ILMN_1759920	2970554
ILMN_1719517	1240253
ILMN_2382488	2690719
ILMN_1779184	5490086
ILMN_1676406	7400292
ILMN_1759766	360114
ILMN_3309049	6590619
ILMN_2205767	2120168
ILMN_1659214	6020088
ILMN_1755203	4890048
ILMN_1676665	1300228
ILMN_1773018	7040037
ILMN_1686516	1580133
ILMN_2382083	7040341
ILMN_1664170	2320162
ILMN_2400947	5390575
ILMN_1800638	7400133
ILMN_1749629	70601
ILMN_1669252	2000193
ILMN_1653670	6200066
ILMN_1695792	2640487
ILMN_1686156	6580192
ILMN_2331163	7200021
ILMN_2385161	1300220
ILMN_1691535	5860368
ILMN_2176955	6060025
ILMN_1672393	2030541
ILMN_1806010	6580491
ILMN_1712390	1030427
ILMN_2311989	3120707
ILMN_1791980	3290400
ILMN_1765044	3610091
ILMN_2278636	6940402
ILMN_2368434	2140255
ILMN_1687567	5960537
ILMN_2330213	7000343
ILMN_1669876	6450066
ILMN_1734909	5130192
ILMN_1713482	7510204
ILMN_1674128	1500021
ILMN_3245616	7200086
ILMN_1651886	240097
ILMN_1668498	1580296
ILMN_1654072	630521
ILMN_2088437	2070168
ILMN_1745788	5550373
ILMN_1796925	870161
ILMN_3247405	7040202
ILMN_3246761	3370358
ILMN_1787897	5720039
ILMN_1791759	6270553
ILMN_2067895	2760240
ILMN_2067890	4540709
ILMN_1803825	3870253
ILMN_1791447	4560020
ILMN_1689111	4610615
ILMN_1718552	1110564
ILMN_1748323	3520246
ILMN_1672278	290379
ILMN_1728478	6280332
ILMN_1796337	7550445
ILMN_1682636	4670390
ILMN_1709350	6100162
ILMN_1752562	380010
ILMN_2171384	540377
ILMN_2161577	60192
ILMN_1779234	6620487
ILMN_1745356	5570278
ILMN_1662524	3440669
ILMN_1797975	4390202
ILMN_2320888	1300280
ILMN_2246410	2600152
ILMN_1801584	7320288
ILMN_2337928	3890400
ILMN_2337931	5290647
ILMN_1674640	6550333
ILMN_1798360	450424
ILMN_2371458	4860114
ILMN_1684016	5810372
ILMN_2198185	5260059
ILMN_2134176	2340386
ILMN_3265439	3460075
ILMN_3193949	4920154
ILMN_2092390	3360475
ILMN_1767310	4230592
ILMN_2088990	730138
ILMN_1651752	2640397
ILMN_1762534	3800491
ILMN_1772943	4570086
ILMN_1678179	2100154
ILMN_1671416	4250767
ILMN_1768176	1170347
ILMN_1680156	4180706
ILMN_1652429	360671
ILMN_1676348	460274
ILMN_2047480	3780215
ILMN_1697864	5090491
ILMN_1811121	7380768
ILMN_2064655	2480048
ILMN_1759092	3180500
ILMN_1733654	5890259
ILMN_2143261	7150608
ILMN_1745006	4180026
ILMN_1668927	2760091
ILMN_1724341	2230215
ILMN_2317446	610220
ILMN_1802389	2060717
ILMN_1808984	2140725
ILMN_1683761	4920288
ILMN_1709160	650661
ILMN_3192359	2970414
ILMN_1686637	1780347
ILMN_1730630	4610541
ILMN_1703279	6580626
ILMN_1692396	3140241
ILMN_1714718	1990347
ILMN_1668108	1050543
ILMN_3247835	3180242
ILMN_1661359	2000402
ILMN_1815931	4560347
ILMN_1691276	3400088
ILMN_1763657	510192
ILMN_1745256	1010048
ILMN_3307729	1050279
ILMN_1741056	6760487
ILMN_1684060	4610228
ILMN_1771179	130086
ILMN_1729733	150270
ILMN_2378376	840446
ILMN_1679721	2480465
ILMN_3256325	1990092
ILMN_3180557	4490612
ILMN_1738718	4830328
ILMN_1714167	2140154
ILMN_2312194	5810414
ILMN_1684321	510474
ILMN_1670925	6420040
ILMN_1696254	2630333
ILMN_1729237	1230025
ILMN_1739576	2940050
ILMN_1682407	7650475
ILMN_1740441	4260010
ILMN_2308582	4590441
ILMN_1688158	4010129
ILMN_1676833	1070685
ILMN_3246010	5820164
ILMN_1744604	4070392
ILMN_2129505	6940152
ILMN_1682312	840168
ILMN_1712305	2370300
ILMN_2087692	2450465
ILMN_1815115	1770520
ILMN_1730416	6200554
ILMN_1663751	3890008
ILMN_2061419	6040670
ILMN_3240354	3840040
ILMN_1715815	2600053
ILMN_2355462	4200343
ILMN_1752432	4210221
ILMN_2355463	6420239
ILMN_2264981	3190438
ILMN_2354478	3520020
ILMN_1677200	6100768
ILMN_1758128	7100731
ILMN_1717975	730551
ILMN_2189701	4830193
ILMN_1692703	6450070
ILMN_1661903	4900500
ILMN_2287941	2600017
ILMN_1775508	3460692
ILMN_1811682	580148
ILMN_3247548	7040376
ILMN_2052438	6130487
ILMN_2052433	7150066
ILMN_1670821	6860102
ILMN_1756506	1070463
ILMN_2094332	7570102
ILMN_1768820	2900487
ILMN_1801917	4220280
ILMN_2358436	4220398
ILMN_1752099	2060114
ILMN_1760554	3890278
ILMN_2387860	3120348
ILMN_1699139	3710523
ILMN_1725234	7510431
ILMN_1807291	2940332
ILMN_1683607	1410019
ILMN_1693338	2120053
ILMN_2391333	270332
ILMN_1718177	3360133
ILMN_1713321	6100646
ILMN_1773082	5890022
ILMN_1685663	6400131
ILMN_1651490	160398
ILMN_1744123	990364
ILMN_1788131	5270072
ILMN_2407314	7550386
ILMN_1812297	6280224
ILMN_1702769	3290204
ILMN_1704985	7040735
ILMN_1740418	2900725
ILMN_1657749	5900601
ILMN_2175455	4830386
ILMN_1651636	7210086
ILMN_2091632	1660482
ILMN_1779051	4120102
ILMN_2408764	4780202
ILMN_2215965	10484
ILMN_1657529	3710497
ILMN_2191192	3370482
ILMN_1683121	4860307
ILMN_1729191	5220717
ILMN_1769155	2100711
ILMN_1670652	3390767
ILMN_2383124	1450709
ILMN_1740648	4280196
ILMN_2226519	7000309
ILMN_1738062	7380291
ILMN_1665437	670068
ILMN_1761669	1410767
ILMN_2149815	2000747
ILMN_1758731	1570661
ILMN_2119774	1410538
ILMN_1787193	870168
ILMN_1705403	6770474
ILMN_1790008	1470224
ILMN_2097259	4390541
ILMN_1744458	1230152
ILMN_2175220	2680154
ILMN_1808650	5870491
ILMN_1772206	630743
ILMN_1673591	1230653
ILMN_2377288	7150121
ILMN_1810942	6250059
ILMN_1685043	6040086
ILMN_1697433	1770484
ILMN_1735816	3610093
ILMN_1726980	3850044
ILMN_2059780	5690368
ILMN_1659215	4540400
ILMN_2173291	5820400
ILMN_1719883	2260274
ILMN_1809384	6560239
ILMN_1729439	1440719
ILMN_2178492	6650273
ILMN_1708303	1780279
ILMN_3251260	520523
ILMN_1736190	4290110
ILMN_2089484	6840494
ILMN_1718603	70376
ILMN_2054607	2650598
ILMN_1669338	1450544
ILMN_2175317	3290048
ILMN_1728550	60209
ILMN_1747874	2000356
ILMN_2267797	4070603
ILMN_1693594	5340630
ILMN_2359698	6480215
ILMN_1797170	130189
ILMN_1814883	1030719
ILMN_1702829	3460653
ILMN_2372543	6550639
ILMN_1760265	6900441
ILMN_1664718	6200068
ILMN_1749575	1260441
ILMN_1701661	4250228
ILMN_1669802	1260450
ILMN_2188264	3930605
ILMN_1747783	1430743
ILMN_2223313	4390148
ILMN_1733276	2070402
ILMN_1773204	3170575
ILMN_2403852	4730703
ILMN_3188106	6560133
ILMN_2160727	2750603
ILMN_1713918	6960131
ILMN_3238196	1010037
ILMN_3235928	1260523
ILMN_2201596	670731
ILMN_1779185	6020209
ILMN_3246962	7560735
ILMN_1783707	2710692
ILMN_2415826	2810092
ILMN_3255061	4900593
ILMN_3178050	6550551
ILMN_1812902	1030632
ILMN_1792960	4150386
ILMN_2206272	2710129
ILMN_1772627	2750475
ILMN_1787251	1710735
ILMN_2046470	4490010
ILMN_1752668	1820747
ILMN_1758871	4920639
ILMN_1764228	610152
ILMN_2128428	3930367
ILMN_1783161	1510095
ILMN_1761388	5560577
ILMN_1808850	6450377
ILMN_2386053	1190273
ILMN_1666882	2230184
ILMN_1755741	6510554
ILMN_1810210	1440021
ILMN_2328094	1510553
ILMN_1801068	3520241
ILMN_2250344	5090437
ILMN_1691790	5420687
ILMN_1733851	1990196
ILMN_1731619	4220181
ILMN_3235467	2350154
ILMN_1658425	2060091
ILMN_1663963	2510064
ILMN_1683682	5090736
ILMN_1658885	2680020
ILMN_1678619	7380398
ILMN_1715703	650273
ILMN_1776054	3870754
ILMN_2230178	3370441
ILMN_1737152	6550132
ILMN_1658386	7560468
ILMN_2112493	2710491
ILMN_1781680	3180215
ILMN_1708340	5700220
ILMN_1791847	4290524
ILMN_1792710	840682
ILMN_1687556	6770370
ILMN_1664691	1850220
ILMN_2097410	3460504
ILMN_1723684	50192
ILMN_1813836	6840711
ILMN_1676191	5910097
ILMN_1708077	3060722
ILMN_2175124	7150500
ILMN_1779475	540372
ILMN_1658123	580307
ILMN_3250196	2760075
ILMN_3250970	2850672
ILMN_3247525	1510189
ILMN_2404951	630463
ILMN_1754528	2070400
ILMN_1656021	2760114
ILMN_1746526	4210373
ILMN_1746257	7100086
ILMN_1718988	630356
ILMN_2195695	4230086
ILMN_1691636	6620747
ILMN_1741603	4850450
ILMN_1778717	520687
ILMN_1679941	5960050
ILMN_1696666	6510162
ILMN_1746220	6270523
ILMN_2305544	1010195
ILMN_1755926	2480338
ILMN_1769926	6760008
ILMN_1757270	7570092
ILMN_2374352	3870273
ILMN_1757631	7210674
ILMN_2338565	4060474
ILMN_1730612	6420168
ILMN_1698307	2140671
ILMN_2376289	6590292
ILMN_1715555	7050458
ILMN_1678680	3180564
ILMN_2226314	5960561
ILMN_1838254	2810646
ILMN_1714990	4060768
ILMN_1887403	6280722
ILMN_1785197	2000255
ILMN_2213759	3840563
ILMN_1724511	5290706
ILMN_1652417	5690168
ILMN_3235917	3840497
ILMN_1737961	1850020
ILMN_2192620	1230438
ILMN_1733859	2750722
ILMN_1753440	5890707
ILMN_1762879	6980291
ILMN_1670000	1660307
ILMN_2392080	5080594
ILMN_1698985	7330246
ILMN_1682264	2000577
ILMN_1796887	1030497
ILMN_1811648	3890670
ILMN_1762701	6550162
ILMN_1695604	5700747
ILMN_1735499	60132
ILMN_2174127	830661
ILMN_1665748	4250370
ILMN_1722554	4850746
ILMN_1783383	3930575
ILMN_1712419	6560674
ILMN_1683690	2120113
ILMN_1729962	3990630
ILMN_2209671	5220408
ILMN_1739640	1740646
ILMN_1652392	5690026
ILMN_1731741	6620148
ILMN_2049303	2100079
ILMN_2117240	3800348
ILMN_1651433	5290703
ILMN_1731616	2760433
ILMN_2165354	5050431
ILMN_2407434	2340129
ILMN_1719449	2470403
ILMN_3246264	2970280
ILMN_1734096	5900605
ILMN_1655382	2000301
ILMN_1754211	430044
ILMN_2321931	6860647
ILMN_1678464	7000592
ILMN_1683194	50368
ILMN_1768227	5550719
ILMN_2347145	7650296
ILMN_1809285	1450370
ILMN_1743992	3800553
ILMN_1669905	6960349
ILMN_1740737	1500129
ILMN_1774491	4640259
ILMN_1793123	5860553
ILMN_1701783	1440682
ILMN_2415011	2480612
ILMN_1802456	4670519
ILMN_2412807	2350315
ILMN_1789089	5560372
ILMN_1793563	6400121
ILMN_1662232	5820050
ILMN_1786984	3190373
ILMN_1762281	7320187
ILMN_1741564	6020497
ILMN_1666192	5130468
ILMN_1744059	430553
ILMN_2204983	4220037
ILMN_3242459	4210192
ILMN_1763129	7650435
ILMN_1810719	5220670
ILMN_2043865	6250066
ILMN_1697031	4070487
ILMN_1692706	7320162
ILMN_1665455	7560288
ILMN_2389429	4120754
ILMN_1801403	6660348
ILMN_2124352	2680113
ILMN_1726839	3440487
ILMN_2361096	4810414
ILMN_1654855	5870541
ILMN_1681437	6660132
ILMN_1694530	7050349
ILMN_1668507	3170292
ILMN_1770787	5360041
ILMN_1775937	2370100
ILMN_1774735	3290463
ILMN_1695430	4010551
ILMN_1748105	4180139
ILMN_1660817	2000482
ILMN_2228463	7380678
ILMN_1757237	2030041
ILMN_1780306	430367
ILMN_2208455	2900520
ILMN_2179063	50671
ILMN_1705871	2070010
ILMN_1767032	3830397
ILMN_1775861	1450097
ILMN_2043007	6100593
ILMN_1676984	830619
ILMN_1661599	3190148
ILMN_1696537	380019
ILMN_1673450	1230129
ILMN_1790329	2490079
ILMN_2393456	4010037
ILMN_2393461	6520246
ILMN_1734231	6450605
ILMN_1812262	3710196
ILMN_2360054	7100630
ILMN_2290547	7560338
ILMN_1675794	4920725
ILMN_2410523	6370050
ILMN_3240962	3990360
ILMN_1797828	5550204
ILMN_1690982	2360593
ILMN_3244439	110392
ILMN_2182750	610324
ILMN_1753249	3930553
ILMN_2260120	380209
ILMN_1679413	780092
ILMN_2345908	4890750
ILMN_1712513	7100497
ILMN_1783253	610370
ILMN_1710426	650196
ILMN_1690592	730600
ILMN_1657374	1850451
ILMN_1760147	2120039
ILMN_1685728	3420181
ILMN_1784420	3780170
ILMN_1652110	5720152
ILMN_1661155	6020253
ILMN_1684574	7570707
ILMN_2371590	1780709
ILMN_1774513	5130692
ILMN_1675124	7000259
ILMN_1756220	6060201
ILMN_2197101	3520689
ILMN_1727051	7330519
ILMN_1707123	2510553
ILMN_2330584	4560242
ILMN_2381841	4860064
ILMN_1728069	7650519
ILMN_1694983	2900300
ILMN_1735461	2750719
ILMN_1784218	5090450
ILMN_1700628	1010735
ILMN_2127897	6100215
ILMN_1658940	7160487
ILMN_1773306	1440139
ILMN_2207419	3610347
ILMN_1676759	2600672
ILMN_1741736	1300037
ILMN_1781721	1820133
ILMN_1663156	4850050
ILMN_1676864	6370392
ILMN_1747303	4860673
ILMN_1758687	5310678
ILMN_1728870	240674
ILMN_1794392	2970195
ILMN_1732039	130369
ILMN_1752457	4070196
ILMN_1737344	4570433
ILMN_1674163	4860653
ILMN_1695983	6110035
ILMN_1813893	4640735
ILMN_1727001	3890192
ILMN_1747162	3940379
ILMN_1814859	4040672
ILMN_1762225	450309
ILMN_1805344	7610138
ILMN_1712320	430577
ILMN_1682323	1070692
ILMN_2215382	4390661
ILMN_2366785	4070114
ILMN_2366790	6940328
ILMN_1754163	1450367
ILMN_1812976	4760301
ILMN_1797425	5960672
ILMN_1679405	7380653
ILMN_1797001	4760703
ILMN_1748077	1300279
ILMN_1686485	4760280
ILMN_2357193	7210138
ILMN_1777340	5560209
ILMN_1795181	7610053
ILMN_3243928	6510735
ILMN_1786688	2230722
ILMN_2387784	510093
ILMN_1708296	5220707
ILMN_1704045	6370348
ILMN_1658902	7610279
ILMN_1659893	3830482
ILMN_1720838	510291
ILMN_1783337	380148
ILMN_2313074	870364
ILMN_1710710	1980220
ILMN_1699711	6760605
ILMN_1768031	3890521
ILMN_2145280	1570255
ILMN_1656718	3130010
ILMN_1656185	4210066
ILMN_1767509	5820768
ILMN_2193213	4540239
ILMN_1679357	870477
ILMN_1725661	4860128
ILMN_2102721	7150170
ILMN_2165289	2970747
ILMN_1753347	6550164
ILMN_1770424	2230341
ILMN_1759089	1770497
ILMN_1686573	4920040
ILMN_2132515	5270671
ILMN_1714587	5890292
ILMN_1684308	6900707
ILMN_1725401	7320156
ILMN_2177234	6450180
ILMN_1722505	6450576
ILMN_3249677	70719
ILMN_1736056	830368
ILMN_2044081	3850047
ILMN_2214594	5080767
ILMN_3244220	630328
ILMN_1740098	2100747
ILMN_1730448	3140128
ILMN_2069067	6900156
ILMN_3241026	6590064
ILMN_2190069	160138
ILMN_2120325	6130068
ILMN_2086654	5310167
ILMN_3248356	5080039
ILMN_1800476	4150064
ILMN_2173719	6620411
ILMN_3248525	3370193
ILMN_3238684	5130561
ILMN_3307967	7650408
ILMN_1731598	4200246
ILMN_1706838	1710259
ILMN_1725640	4560731
ILMN_1677178	4150592
ILMN_2197228	4780328
ILMN_1722538	5670162
ILMN_2104732	580008
ILMN_1706077	2970196
ILMN_1792172	1580767
ILMN_1694973	3420703
ILMN_2070583	2100091
ILMN_2229865	4570209
ILMN_3238931	6220017
ILMN_1655905	3370397
ILMN_2207997	4220719
ILMN_3249588	3930025
ILMN_3308325	650386
ILMN_1673987	870521
ILMN_1711790	4390397
ILMN_1778631	50377
ILMN_2058946	540088
ILMN_1683887	5340315
ILMN_2048043	2120091
ILMN_1780058	5220632
ILMN_1667430	5560398
ILMN_1768772	990164
ILMN_1747630	4480180
ILMN_2117569	3870450
ILMN_1783996	4220097
ILMN_3242008	6280132
ILMN_1727315	60524
ILMN_1753275	580433
ILMN_1728073	1240674
ILMN_1763654	3390725
ILMN_1767020	3710601
ILMN_1666503	6100072
ILMN_1815035	3990671
ILMN_2106573	7550519
ILMN_1707088	1500703
ILMN_1692742	2320722
ILMN_1759327	4670288
ILMN_2041161	6420184
ILMN_3245066	5690324
ILMN_1669599	2640240
ILMN_3251436	4590427
ILMN_3245413	2070373
ILMN_1785356	2640408
ILMN_1791593	1190047
ILMN_2168952	5260575
ILMN_1760954	7330164
ILMN_2222567	2120132
ILMN_1802819	6200201
ILMN_2103685	2370441
ILMN_1814600	7330338
ILMN_2135527	2140743
ILMN_1777333	5960753
ILMN_1658717	1090291
ILMN_1800711	2630603
ILMN_1721084	5310703
ILMN_2172755	870390
ILMN_1756685	3800095
ILMN_2383163	2630669
ILMN_2280960	3990358
ILMN_1718152	6220113
ILMN_1811551	1770279
ILMN_2209748	2370129
ILMN_1761969	4010189
ILMN_1731111	4570066
ILMN_1651415	6270408
ILMN_1751289	4860240
ILMN_1698995	10296
ILMN_2145423	3990605
ILMN_1661653	6650452
ILMN_1738866	2470386
ILMN_2385220	50224
ILMN_1667213	2750639
ILMN_1805696	4390576
ILMN_2384133	2350523
ILMN_1678962	3830095
ILMN_1670145	580403
ILMN_1717434	1660176
ILMN_2156687	580142
ILMN_1914857	630202
ILMN_1704091	3610039
ILMN_1681520	3450537
ILMN_1668162	6020725
ILMN_1739830	160577
ILMN_3311025	1980646
ILMN_3236211	7570142
ILMN_1754643	160196
ILMN_1719232	7560554
ILMN_1713301	5670167
ILMN_2221808	60491
ILMN_1791396	1010364
ILMN_2186108	6900253
ILMN_1663685	7200274
ILMN_3245688	5420014
ILMN_1694223	290053
ILMN_3241987	3420524
ILMN_1661454	460064
ILMN_1747132	2000246
ILMN_2319910	3170020
ILMN_1661544	4780156
ILMN_2319913	6940088
ILMN_1697914	870086
ILMN_1688475	2450228
ILMN_1810335	4540192
ILMN_1735301	2450706
ILMN_1765326	4120491
ILMN_1655664	6250278
ILMN_1717946	3180543
ILMN_1741960	6350521
ILMN_1714087	1010162
ILMN_1756650	6760347
ILMN_1718266	2120025
ILMN_1707799	5700435
ILMN_1793017	7510356
ILMN_1752753	3930360
ILMN_1757143	4830102
ILMN_1675221	6660228
ILMN_1743432	430242
ILMN_2312897	4120609
ILMN_2242403	5090730
ILMN_1658481	7000605
ILMN_1725510	4480341
ILMN_2165867	5360678
ILMN_1815626	6550048
ILMN_2405642	2350576
ILMN_1789535	3440403
ILMN_1689200	6770630
ILMN_1782813	6860440
ILMN_1762426	2480768
ILMN_2078659	7570019
ILMN_1799996	610039
ILMN_2381206	630475
ILMN_1782993	7380427
ILMN_1687279	770543
ILMN_1752967	1660039
ILMN_2326997	6450458
ILMN_1807206	1470017
ILMN_3244114	3450747
ILMN_1756701	6980300
ILMN_1762327	1660195
ILMN_1719915	3710086
ILMN_1669177	5050274
ILMN_1790781	5550553
ILMN_1725726	2850020
ILMN_2384857	4890671
ILMN_1752478	7040670
ILMN_2185884	1340274
ILMN_1762666	5560307
ILMN_3245331	1050037
ILMN_2385373	2570685
ILMN_1761450	1070414
ILMN_1807455	3930731
ILMN_1707901	670561
ILMN_3237936	6100722
ILMN_1796708	5260709
ILMN_1733998	630315
ILMN_2281502	4490079
ILMN_1727150	5290292
ILMN_2384181	7160468
ILMN_1704139	5270762
ILMN_1664369	6250075
ILMN_2168449	2900735
ILMN_1754839	4590333
ILMN_1716922	1570520
ILMN_1697503	4850519
ILMN_2090123	5130458
ILMN_1795218	1340193
ILMN_2253720	5290561
ILMN_2403555	6110608
ILMN_1713688	1980164
ILMN_1744308	2450286
ILMN_1747506	3310725
ILMN_1690519	5690273
ILMN_1733667	20192
ILMN_1738272	150050
ILMN_2100000	240646
ILMN_2192683	4260142
ILMN_1805742	5670438
ILMN_1735679	2060546
ILMN_1653047	990731
ILMN_2248589	5220433
ILMN_2325008	5670349
ILMN_1697206	6590392
ILMN_1794379	7200347
ILMN_3181406	6450575
ILMN_1796082	730180
ILMN_1732226	990139
ILMN_1652022	2650139
ILMN_1678422	3930681
ILMN_1687419	870246
ILMN_1676285	2900379
ILMN_1690965	3930689
ILMN_1656016	6900725
ILMN_1652155	7210008
ILMN_2310589	4890717
ILMN_2332990	5220224
ILMN_1665335	6040537
ILMN_1661554	2600131
ILMN_2321416	3940670
ILMN_1651309	1850538
ILMN_1744046	5270181
ILMN_2373689	5390672
ILMN_1695226	5900017
ILMN_2275533	6560167
ILMN_1874530	6660739
ILMN_1706100	1010348
ILMN_1686725	3710356
ILMN_1772692	5130091
ILMN_2349831	5390433
ILMN_1812934	2640402
ILMN_1763605	5390707
ILMN_2264482	7510154
ILMN_1803312	1110114
ILMN_1686291	1470164
ILMN_2414786	3140465
ILMN_1769547	4200044
ILMN_1737650	2190326
ILMN_1749162	3800717
ILMN_2075067	6180348
ILMN_3245591	130746
ILMN_1777164	620327
ILMN_1729272	990435
ILMN_2277523	2490685
ILMN_1730061	5270300
ILMN_1778662	5390338
ILMN_2285618	6520577
ILMN_1755589	510064
ILMN_2180352	7510392
ILMN_1676062	6620703
ILMN_3179275	1050368
ILMN_3255871	2450296
ILMN_1775048	6560280
ILMN_2155816	3180491
ILMN_1742846	5340605
ILMN_2174215	150114
ILMN_1688877	6370221
ILMN_1766986	1660553
ILMN_1793743	2370128
ILMN_1799796	4640719
ILMN_1795822	4280300
ILMN_1745737	4780102
ILMN_1676632	1300246
ILMN_1742837	2140220
ILMN_1719203	3710187
ILMN_1695871	6770528
ILMN_1744752	6520465
ILMN_1695745	5570246
ILMN_1813517	7200348
ILMN_2375830	2340246
ILMN_2276688	4480068
ILMN_1736704	6760451
ILMN_2124790	7380408
ILMN_1790985	7150674
ILMN_1671257	6980327
ILMN_3266133	4480376
ILMN_1743195	4890484
ILMN_1694988	6510523
ILMN_1781658	2640722
ILMN_1741621	2370195
ILMN_1712456	3840475
ILMN_1772934	5360367
ILMN_1692361	2680681
ILMN_1652533	3360273
ILMN_1669413	6220162
ILMN_1715907	620451
ILMN_1748454	5390253
ILMN_1655941	4120347
ILMN_1693587	4220195
ILMN_1721180	6020133
ILMN_1776842	4060091
ILMN_1696318	2260324
ILMN_3188583	1940719
ILMN_3253480	4560189
ILMN_3233455	4260039
ILMN_1824647	670767
ILMN_2390544	6200176
ILMN_1737131	4260592
ILMN_1742276	2030327
ILMN_1803856	4570064
ILMN_2216838	7050139
ILMN_3178253	650440
ILMN_3252862	5570128
ILMN_1802518	240133
ILMN_3242371	2350372
ILMN_1659224	3440753
ILMN_2139989	670315
ILMN_2066210	2640431
ILMN_1750724	2350646
ILMN_2138622	1500056
ILMN_1668825	7380333
ILMN_1753868	2510221
ILMN_1764070	3830576
ILMN_1765945	3990445
ILMN_1737806	7330056
ILMN_1717482	2120440
ILMN_1669972	5670187
ILMN_1717594	3780382
ILMN_1687792	4010291
ILMN_1757872	3370242
ILMN_1679810	5900338
ILMN_3260783	3140609
ILMN_3176813	4920653
ILMN_3188058	2690056
ILMN_1783040	2450561
ILMN_1664193	4280035
ILMN_1711910	6110445
ILMN_2174189	4880609
ILMN_1773337	5570102
ILMN_1695506	2140441
ILMN_2194688	4900050
ILMN_1739759	3130681
ILMN_1815673	4070133
ILMN_2289381	5270408
ILMN_2398159	5390451
ILMN_1712729	7040100
ILMN_1721132	7150215
ILMN_1706583	6330689
ILMN_1698020	1190446
ILMN_1729409	2370142
ILMN_1664577	1260195
ILMN_1740305	10025
ILMN_1690278	5390131
ILMN_2401987	7200035
ILMN_1681641	1260612
ILMN_2043918	5490053
ILMN_1658607	1500661
ILMN_1784046	4480487
ILMN_2143011	3420615
ILMN_3307752	1190278
ILMN_1782881	1940093
ILMN_1701958	4210541
ILMN_1733043	450528
ILMN_1676215	1170048
ILMN_1811515	540379
ILMN_2336728	1240026
ILMN_2255043	6580494
ILMN_1768595	5560110
ILMN_1744709	6510215
ILMN_1740450	1400333
ILMN_2380779	4040044
ILMN_1713139	650161
ILMN_1671626	450048
ILMN_1749944	4210148
ILMN_1786254	4850553
ILMN_1754842	5810008
ILMN_1749829	240221
ILMN_3239771	5220095
ILMN_1652975	3370561
ILMN_1797519	6510259
ILMN_1662010	1070037
ILMN_1676728	1070279
ILMN_1688935	3120097
ILMN_1702943	4290195
ILMN_1743373	4050687
ILMN_1753287	3520543
ILMN_1736096	4210382
ILMN_1690174	3140682
ILMN_1773228	6450681
ILMN_2388445	1450341
ILMN_1672094	3420672
ILMN_1692368	3780553
ILMN_1789357	6380193
ILMN_1750941	990241
ILMN_1771113	2570301
ILMN_2240099	5090242
ILMN_1759598	3370767
ILMN_2225151	1770639
ILMN_3242922	510477
ILMN_1773885	5490646
ILMN_2328813	6040768
ILMN_1681612	4880458
ILMN_2410612	6220209
ILMN_1765993	2940187
ILMN_1812545	830364
ILMN_2162367	5670435
ILMN_1653434	270520
ILMN_1722279	870519
ILMN_1656315	1820224
ILMN_1786069	2350358
ILMN_2373106	3870598
ILMN_2381286	4050470
ILMN_1761812	6290129
ILMN_1667756	7320504
ILMN_1717853	520202
ILMN_2117526	5870097
ILMN_2285404	240280
ILMN_2391264	990743
ILMN_1778319	4810497
ILMN_1775622	4150280
ILMN_2300022	6270162
ILMN_2285603	1990747
ILMN_1689828	3930164
ILMN_2209221	5570703
ILMN_1751785	1190091
ILMN_1728183	5220373
ILMN_1687220	2370768
ILMN_1655521	6290717
ILMN_1699491	7380609
ILMN_1754187	1070341
ILMN_3241323	2100315
ILMN_2178771	5130398
ILMN_2119486	2850064
ILMN_1750075	4560343
ILMN_1714352	3850731
ILMN_1663646	6450438
ILMN_1705663	4860438
ILMN_1664682	1340619
ILMN_2282959	6380452
ILMN_1685052	4900612
ILMN_1692281	2000377
ILMN_1848273	3610142
ILMN_1725571	4670181
ILMN_1705244	7330360
ILMN_2134416	6110707
ILMN_3187862	10204
ILMN_1779847	3520544
ILMN_3264330	6560026
ILMN_1746929	3990541
ILMN_1714296	6860689
ILMN_1813936	2680059
ILMN_1689829	2350554
ILMN_3235857	830162
ILMN_1715203	6100661
ILMN_1763775	4670292
ILMN_1813799	2650372
ILMN_1777074	6400255
ILMN_1716866	6770551
ILMN_1667737	6450136
ILMN_1745880	2810300
ILMN_1756921	4900364
ILMN_1672496	1980632
ILMN_1770127	4050609
ILMN_1662334	6560445
ILMN_1776998	6480091
ILMN_1775304	60079
ILMN_1753243	3190452
ILMN_1781098	520296
ILMN_2333865	610221
ILMN_1789424	2000202
ILMN_1712929	3780326
ILMN_1758545	5560484
ILMN_1689425	1780309
ILMN_1657619	60594
ILMN_1668979	1030411
ILMN_2415898	1710240
ILMN_1653266	5570626
ILMN_2288915	6560474
ILMN_2285213	2810746
ILMN_2390974	3830653
ILMN_3239193	3290470
ILMN_2222317	4250537
ILMN_1813019	5420528
ILMN_1724221	630008
ILMN_1794056	2470196
ILMN_1671235	3130707
ILMN_1663722	5820209
ILMN_2402416	1230224
ILMN_1793770	5860315
ILMN_1809307	5490292
ILMN_1768845	3800598
ILMN_1773742	2760164
ILMN_1683234	2450678
ILMN_1656486	990528
ILMN_2151541	4250452
ILMN_1747903	450408
ILMN_2269256	2450411
ILMN_1803073	5720465
ILMN_2311020	6420736
ILMN_1725773	6900538
ILMN_1752281	2900722
ILMN_1785177	3440608
ILMN_1812666	2190707
ILMN_1717078	4280072
ILMN_1703573	110615
ILMN_1688730	2190400
ILMN_1742109	4150070
ILMN_2174296	1770142
ILMN_1711089	650367
ILMN_1714563	4830692
ILMN_2347323	6060168
ILMN_1749636	7510544
ILMN_1685930	5890300
ILMN_1778161	4040719
ILMN_1767809	540161
ILMN_2210064	7510082
ILMN_1810436	620072
ILMN_2244087	430564
ILMN_2253246	2230014
ILMN_2316083	6200379
ILMN_1659843	7000630
ILMN_3246801	3440647
ILMN_1771824	5390324
ILMN_1687683	2760458
ILMN_3307827	3440288
ILMN_1789642	4040703
ILMN_1654204	6980280
ILMN_1725554	3870241
ILMN_2166543	1940102
ILMN_1696079	2690019
ILMN_1663616	3290037
ILMN_1698258	5960706
ILMN_1799516	50114
ILMN_1730464	2810500
ILMN_2122300	6100682
ILMN_1801845	270678
ILMN_1745501	6200309
ILMN_1719616	2000017
ILMN_2380967	1510543
ILMN_3251171	1770446
ILMN_3249756	3190494
ILMN_1801230	3710327
ILMN_1681695	4040546
ILMN_2256081	4760184
ILMN_1801366	5910528
ILMN_2049184	290739
ILMN_1796245	6200315
ILMN_2275742	3870154
ILMN_1760361	6520392
ILMN_1789130	6580228
ILMN_1795227	4230520
ILMN_1658899	630048
ILMN_1780991	2060678
ILMN_1791679	4570669
ILMN_1810267	3290392
ILMN_1801341	1710253
ILMN_1676660	5270736
ILMN_2052495	7150161
ILMN_2112049	3830605
ILMN_1805200	2320546
ILMN_2286800	50435
ILMN_1724826	3890632
ILMN_1685260	6350037
ILMN_3242307	6510008
ILMN_2339377	6560292
ILMN_1656822	6580731
ILMN_1680928	2190475
ILMN_1702443	4490465
ILMN_1760201	1260162
ILMN_1676128	1300592
ILMN_1698137	6130131
ILMN_1654945	6450373
ILMN_1734285	540037
ILMN_2328977	4220452
ILMN_1794692	6060653
ILMN_1733929	6200563
ILMN_2328972	6450307
ILMN_1778357	3180243
ILMN_2406634	5870672
ILMN_1691393	5570754
ILMN_1746515	6280243
ILMN_2384001	7200520
ILMN_1691117	2100678
ILMN_1708345	150719
ILMN_2172507	460110
ILMN_1812477	4220475
ILMN_1718401	6250164
ILMN_1715789	2360196
ILMN_1702301	1710736
ILMN_1765860	7610730
ILMN_1799725	10747
ILMN_1712352	6980131
ILMN_1801044	1260327
ILMN_1752455	3310682
ILMN_1801226	150435
ILMN_1678629	2640128
ILMN_2152387	3890056
ILMN_1788931	3520202
ILMN_1773413	2230044
ILMN_1784977	6660279
ILMN_1700086	2030204
ILMN_1805903	1240369
ILMN_1791211	6220538
ILMN_1692225	1980431
ILMN_1774261	1510685
ILMN_1728572	5860386
ILMN_1785290	7200341
ILMN_1654212	50563
ILMN_1753627	3390730
ILMN_1672042	1260154
ILMN_1726990	4150482
ILMN_1758629	990725
ILMN_1709953	6480669
ILMN_1739156	770441
ILMN_1741711	1450451
ILMN_2180239	5080328
ILMN_1693559	3940575
ILMN_1744244	2680176
ILMN_1692760	6290719
ILMN_1687625	2360341
ILMN_1670779	150056
ILMN_1689160	1820681
ILMN_1731275	3840519
ILMN_1769961	6020554
ILMN_1734317	3890274
ILMN_1734380	2600128
ILMN_3307822	7210458
ILMN_1735573	7510397
ILMN_1763162	130239
ILMN_2276431	5090019
ILMN_2375418	6040112
ILMN_1679912	6250397
ILMN_2349610	6510279
ILMN_2261973	7380465
ILMN_1770048	3890066
ILMN_2400183	4290010
ILMN_2105308	2360519
ILMN_1658992	5670626
ILMN_1732049	1850041
ILMN_1804618	3710148
ILMN_2376408	2850520
ILMN_2402674	7320435
ILMN_1778425	2120619
ILMN_1805039	4010093
ILMN_1700822	430408
ILMN_1747412	4560484
ILMN_2349129	6760274
ILMN_1692535	4830255
ILMN_1725379	450669
ILMN_1663580	2470398
ILMN_1712506	5090315
ILMN_1814219	7320017
ILMN_1811328	670608
ILMN_1756723	1240047
ILMN_1769135	2140487
ILMN_2252309	2480364
ILMN_2312732	60707
ILMN_1759801	1500446
ILMN_1792757	4670180
ILMN_2260926	5810543
ILMN_1673069	3170332
ILMN_1780790	6660743
ILMN_3251278	450736
ILMN_2117538	4860446
ILMN_1781563	5390270
ILMN_1768721	50204
ILMN_1813998	7550086
ILMN_1653158	3400114
ILMN_2051483	1190368
ILMN_1739532	4900154
ILMN_1708107	2100228
ILMN_1791296	3120379
ILMN_1801853	780386
ILMN_3237304	3120008
ILMN_1760992	20356
ILMN_1735593	3180753
ILMN_1741908	2940475
ILMN_1725072	5220477
ILMN_1775573	2190544
ILMN_2131882	5090181
ILMN_2131880	6960025
ILMN_1795715	670273
ILMN_1749324	450452
ILMN_1672503	3290685
ILMN_1679262	4290431
ILMN_1792356	50309
ILMN_1804509	3520332
ILMN_1770502	7510020
ILMN_1759983	4890706
ILMN_1669376	4280482
ILMN_2112301	3990598
ILMN_1773210	6370152
ILMN_1771622	940746
ILMN_2401494	3360605
ILMN_1658214	3890519
ILMN_1675057	5810187
ILMN_1738251	4040541
ILMN_2361810	4590433
ILMN_2268990	5900201
ILMN_2112915	7050709
ILMN_1689043	60228
ILMN_1658259	7560576
ILMN_1810531	5960017
ILMN_2245627	4200465
ILMN_1702329	1010017
ILMN_2402640	4050328
ILMN_1730284	6860259
ILMN_1663119	2710400
ILMN_2381257	5310377
ILMN_1765363	1440465
ILMN_2359159	3990184
ILMN_1658420	1300202
ILMN_1788759	2480112
ILMN_2367204	4610193
ILMN_2075962	2360048
ILMN_1776577	3890372
ILMN_1777917	3190273
ILMN_1794949	4250196
ILMN_1717099	7320437
ILMN_1762876	2030364
ILMN_1708451	6020504
ILMN_1709257	4180475
ILMN_1698117	1340328
ILMN_1763901	4280132
ILMN_1758066	4280504
ILMN_1785896	4390468
ILMN_2386849	3360193
ILMN_2283001	3930609
ILMN_1706498	7210170
ILMN_1671966	460451
ILMN_1722680	3610019
ILMN_2167915	3850221
ILMN_1794662	4250259
ILMN_1704196	4150672
ILMN_3251672	7560433
ILMN_1655468	580376
ILMN_1812799	3420376
ILMN_1715905	3190102
ILMN_1659749	380328
ILMN_1655614	3610672
ILMN_1677032	7200110
ILMN_1694839	4640358
ILMN_2394276	1820767
ILMN_1703913	2940129
ILMN_1665873	3180685
ILMN_1675992	4120563
ILMN_2238302	5560241
ILMN_1666490	6350347
ILMN_2287157	6550079
ILMN_2380698	3190634
ILMN_1794294	4590470
ILMN_1706426	6900612
ILMN_3180989	1170162
ILMN_3257566	4730152
ILMN_1774432	2640500
ILMN_1779711	5570296
ILMN_1652549	4570253
ILMN_1730201	6350164
ILMN_2394777	7320072
ILMN_1798819	770504
ILMN_1682960	4590450
ILMN_1783806	6590731
ILMN_2408240	6840598
ILMN_2207816	150128
ILMN_1740861	4060296
ILMN_2054554	2940372
ILMN_1794882	6400327
ILMN_1689002	2370468
ILMN_1797971	650358
ILMN_2275098	6350600
ILMN_1744129	6380215
ILMN_1658677	6250092
ILMN_1784380	770088
ILMN_1653678	7150347
ILMN_2152768	1260471
ILMN_2335123	4670017
ILMN_3194480	1260132
ILMN_3262728	1450132
ILMN_2133638	3290672
ILMN_2292636	670243
ILMN_2404182	2810088
ILMN_1690289	3060528
ILMN_1786335	2710564
ILMN_1710622	2320347
ILMN_1791711	6620307
ILMN_1656225	7040025
ILMN_1653342	4040332
ILMN_1811650	1510630
ILMN_1723235	6270475
ILMN_1776858	2470270
ILMN_1781285	6860377
ILMN_1759175	10259
ILMN_1759488	3190192
ILMN_2401873	3780707
ILMN_2401878	4830315
ILMN_1740171	670112
ILMN_2046024	4060523
ILMN_1767892	460280
ILMN_2373666	50333
ILMN_1776240	2480523
ILMN_1785592	3890328
ILMN_1689814	6220279
ILMN_1666546	4150278
ILMN_2382471	150022
ILMN_1675941	840411
ILMN_1689000	3850138
ILMN_1764361	1470465
ILMN_1734288	3870408
ILMN_1722492	5260195
ILMN_1712959	6960687
ILMN_1746194	620398
ILMN_1651210	380154
ILMN_1730765	610072
ILMN_1671809	3710626
ILMN_1813275	5080709
ILMN_1659462	1710674
ILMN_1667578	5890091
ILMN_1751977	1300609
ILMN_2318932	3870039
ILMN_1741780	4210347
ILMN_1797522	6560156
ILMN_2283398	2060102
ILMN_1808391	2650041
ILMN_1656501	5390161
ILMN_2051731	2100373
ILMN_1751093	4810605
ILMN_2396020	5260288
ILMN_1677466	6250468
ILMN_1782581	620204
ILMN_1743204	4890041
ILMN_1712314	1660050
ILMN_1721008	2850239
ILMN_1732688	6280242
ILMN_2374778	6330494
ILMN_1711055	1440307
ILMN_2052549	2100240
ILMN_2191067	4180670
ILMN_2159721	5360167
ILMN_1694277	5860176
ILMN_1715902	2680682
ILMN_2115813	7550367
ILMN_1778553	5670612
ILMN_1783717	2350603
ILMN_2117809	4640402
ILMN_1655632	1660093
ILMN_1678564	3800575
ILMN_1783444	5260458
ILMN_1657278	5960609
ILMN_1652163	7570059
ILMN_2137464	1070612
ILMN_1742203	3930735
ILMN_2164173	4010056
ILMN_1760513	4780164
ILMN_1680130	5340373
ILMN_1780302	3450600
ILMN_1690397	3520762
ILMN_1773847	6420133
ILMN_1703844	6290619
ILMN_1783448	5290131
ILMN_2343310	4220215
ILMN_1712945	2510474
ILMN_1811836	5720609
ILMN_2281734	6520543
ILMN_2300186	6220086
ILMN_1772796	3400551
ILMN_2157435	130603
ILMN_1703564	4780047
ILMN_1766762	6580369
ILMN_1658053	7210224
ILMN_1697317	5340725
ILMN_1678766	6350634
ILMN_2162564	6180286
ILMN_1681890	7330044
ILMN_2374293	2120114
ILMN_1660663	2640008
ILMN_1713599	3190064
ILMN_1794156	5820445
ILMN_1664560	6220551
ILMN_1696991	1510040
ILMN_2354617	4640181
ILMN_1684184	540450
ILMN_2374244	2100743
ILMN_2374249	6330553
ILMN_1794588	6560523
ILMN_2400326	1110037
ILMN_2400322	3990152
ILMN_1695807	4210735
ILMN_1681269	6270382
ILMN_1810420	4220187
ILMN_2162298	4260747
ILMN_1757253	6420743
ILMN_3244704	2850148
ILMN_1812523	3140523
ILMN_1731025	4670220
ILMN_2358821	6660292
ILMN_1685431	2260692
ILMN_2351272	7160307
ILMN_2078466	1990601
ILMN_1763200	110274
ILMN_2051469	4590553
ILMN_1777233	5340338
ILMN_1669502	3930059
ILMN_1761828	3310546
ILMN_1782551	6650196
ILMN_2309608	3190563
ILMN_1656196	7510707
ILMN_1798210	4560450
ILMN_1811006	3800608
ILMN_1720287	3390068
ILMN_1685012	3840437
ILMN_1708798	6770600
ILMN_3243744	10452
ILMN_1758750	1170156
ILMN_1791896	160639
ILMN_2273683	1440739
ILMN_1729144	4900270
ILMN_1778681	1110592
ILMN_2110919	1030482
ILMN_1694736	5310577
ILMN_1707232	7160435
ILMN_3261292	2450730
ILMN_3177727	3710551
ILMN_2168217	4040037
ILMN_1798706	4490520
ILMN_1802653	2810767
ILMN_1768127	290114
ILMN_2073604	4250156
ILMN_1805922	5490477
ILMN_2087608	6350204
ILMN_1744045	20619
ILMN_1653143	1450523
ILMN_2206645	7330551
ILMN_1672174	270050
ILMN_1762883	630674
ILMN_2275248	4230368
ILMN_1787185	4490719
ILMN_2373207	4810136
ILMN_2203491	6660747
ILMN_2109708	2350504
ILMN_1690939	7650128
ILMN_1653115	5360553
ILMN_1762134	2450577
ILMN_2167011	7650053
ILMN_1671568	2320653
ILMN_2072178	5220612
ILMN_1718132	5670093
ILMN_1658333	3440386
ILMN_2329735	3450521
ILMN_1746763	5420689
ILMN_2228938	6840192
ILMN_1757827	870692
ILMN_3245630	620132
ILMN_2233604	870328
ILMN_1717173	6840215
ILMN_1706193	6660239
ILMN_2381655	1230093
ILMN_1671633	2750671
ILMN_1791250	3940086
ILMN_1709975	5900274
ILMN_1684000	6020035
ILMN_1767233	2900259
ILMN_1767322	3710020
ILMN_1754592	3420192
ILMN_1761820	3710273
ILMN_1719206	7650048
ILMN_1724581	7000500
ILMN_1665212	6960037
ILMN_1779828	2030292
ILMN_1711909	4480519
ILMN_1657639	1470079
ILMN_1774063	4050576
ILMN_2065299	5670398
ILMN_2246894	3360471
ILMN_1726169	3460441
ILMN_1653504	160754
ILMN_1662741	1170605
ILMN_1709719	2140193
ILMN_1689976	130524
ILMN_1682775	7040386
ILMN_1680814	6400598
ILMN_2358886	670333
ILMN_1703205	1410240
ILMN_1796629	3930403
ILMN_1751904	2970164
ILMN_1710297	3840465
ILMN_2264916	5890039
ILMN_1675100	6900162
ILMN_1743194	5420195
ILMN_1796813	4150341
ILMN_2347917	5490253
ILMN_1710150	5700743
ILMN_2038774	2100273
ILMN_3251737	3360504
ILMN_1343291	3450719
ILMN_1810810	3850121
ILMN_2108735	6370356
ILMN_3243441	1410750
ILMN_1685678	2640554
ILMN_2318725	2650201
ILMN_1701930	3780246
ILMN_1694587	6330373
ILMN_1675541	7610706
ILMN_1782543	770524
ILMN_2408039	1090440
ILMN_1703635	4900278
ILMN_1725105	50301
ILMN_2158587	4850722
ILMN_2262288	4560719
ILMN_1738383	1580292
ILMN_1789171	3420300
ILMN_1732375	4860079
ILMN_1811616	50286
ILMN_1699562	4120445
ILMN_1694068	5860524
ILMN_1726437	5260148
ILMN_1745623	10592
ILMN_1796436	5900280
ILMN_1774480	1170521
ILMN_1762233	3130709
ILMN_1788305	6380328
ILMN_2388403	2260494
ILMN_1669465	3120093
ILMN_1683858	3840639
ILMN_1698673	510088
ILMN_2232036	3400615
ILMN_2218758	7040201
ILMN_1665250	1170711
ILMN_1735877	1260040
ILMN_1673880	6250563
ILMN_2350634	6900408
ILMN_1653203	6100180
ILMN_1738346	1400682
ILMN_2047856	4730088
ILMN_1773048	5890161
ILMN_1704617	2470113
ILMN_2199409	4810524
ILMN_1755051	6560482
ILMN_1791302	3830563
ILMN_1779448	1980484
ILMN_1761463	1070544
ILMN_2371053	3390187
ILMN_2371055	3710397
ILMN_1701009	2480543
ILMN_1684256	4120187
ILMN_1755710	620161
ILMN_1665696	1780278
ILMN_1685616	1340452
ILMN_1654563	4730019
ILMN_1703852	5090289
ILMN_1695606	2680070
ILMN_1664776	110161
ILMN_3245346	520707
ILMN_1702105	110706
ILMN_1765248	4260133
ILMN_1729167	3780403
ILMN_2404629	6520079
ILMN_2292875	6960674
ILMN_1738819	6980475
ILMN_1690733	3360500
ILMN_3254696	5700376
ILMN_3178238	6900181
ILMN_1716309	3120021
ILMN_2057479	6330079
ILMN_1669898	3180400
ILMN_2381730	4490195
ILMN_1693515	2100731
ILMN_2384770	3800142
ILMN_1759487	5820402
ILMN_1654109	6270372
ILMN_1711346	7380092
ILMN_1798975	1050671
ILMN_1728858	3390538
ILMN_1755535	4070019
ILMN_1696521	6330307
ILMN_1749892	4670102
ILMN_1815686	160064
ILMN_1768773	1400408
ILMN_2354391	7650653
ILMN_1667626	6130484
ILMN_3247013	5810674
ILMN_1762899	870338
ILMN_1743199	6020255
ILMN_1722781	2370373
ILMN_1724280	2690626
ILMN_1764052	4610072
ILMN_1803348	7650309
ILMN_3244457	6400224
ILMN_1651832	1780619
ILMN_1808777	5080523
ILMN_1671473	7510008
ILMN_1720083	6400647
ILMN_1708130	5090132
ILMN_1701507	4880382
ILMN_1706418	160546
ILMN_1812273	2900228
ILMN_1760129	5560671
ILMN_1751081	3870561
ILMN_1700791	4850609
ILMN_1669394	770541
ILMN_1726138	5310707
ILMN_1775269	4220086
ILMN_1704472	1430475
ILMN_2051900	2350543
ILMN_1798085	4900626
ILMN_1776000	3190672
ILMN_1803846	3710544
ILMN_1717834	450152
ILMN_1770895	2260056
ILMN_1813240	3930296
ILMN_1755419	6370736
ILMN_1755537	4150600
ILMN_2228976	4390070
ILMN_1679324	6060414
ILMN_1733305	5820068
ILMN_2156267	1070242
ILMN_3250614	4120154
ILMN_1706502	2120079
ILMN_1724984	840709
ILMN_1755114	5050753
ILMN_1753716	6520682
ILMN_1713380	3130079
ILMN_3237907	5700647
ILMN_1687430	5960546
ILMN_2356672	6370494
ILMN_1748157	6380326
ILMN_1688534	1090576
ILMN_1671326	1710102
ILMN_1695719	290468
ILMN_1761049	1430528
ILMN_1809751	6380601
ILMN_1706304	5560438
ILMN_1739821	3870110
ILMN_1798014	3400577
ILMN_1665717	2850440
ILMN_1708164	2060241
ILMN_2379469	4390136
ILMN_2278729	5390280
ILMN_1715636	6290603
ILMN_2330410	3710754
ILMN_3238570	5420491
ILMN_1739847	5050669
ILMN_1739257	2510019
ILMN_1694398	7210082
ILMN_1689446	2190377
ILMN_1683660	2190064
ILMN_1671291	2710068
ILMN_1809516	6290026
ILMN_1815345	4280020
ILMN_1694057	4760424
ILMN_1762725	2190221
ILMN_3240740	5310735
ILMN_2192694	940398
ILMN_2192693	1980564
ILMN_1722900	1450670
ILMN_3251629	3400403
ILMN_1685722	4640689
ILMN_1667043	5270110
ILMN_1655497	5390494
ILMN_3250077	1300224
ILMN_1658955	5420735
ILMN_1696120	5550324
ILMN_2050761	6380768
ILMN_3250927	6580224
ILMN_1687576	4560050
ILMN_1738326	4540632
ILMN_2225144	3390221
ILMN_1796146	4850670
ILMN_1767324	3890176
ILMN_1728083	1260241
ILMN_2197225	1850360
ILMN_2197222	4810132
ILMN_1794967	5340327
ILMN_2370772	150577
ILMN_1672902	670138
ILMN_1768470	3930189
ILMN_1678244	4280280
ILMN_2380946	2260095
ILMN_2279635	4290446
ILMN_1761519	6220044
ILMN_1775692	3290551
ILMN_2304624	3800309
ILMN_1776021	4540397
ILMN_2318430	2000398
ILMN_1786734	5050110
ILMN_1815733	5670468
ILMN_1657769	6550035
ILMN_1794522	1850414
ILMN_1735151	2190356
ILMN_2071737	7560592
ILMN_1766984	290195
ILMN_1756767	7330047
ILMN_1787410	1850681
ILMN_1722151	4150348
ILMN_1805902	2710309
ILMN_2202747	2680014
ILMN_2177970	430753
ILMN_1677559	2100592
ILMN_1693072	430086
ILMN_1718044	60202
ILMN_1706635	7650497
ILMN_1764873	1440215
ILMN_1769369	6270707
ILMN_2401143	610095
ILMN_1678618	5960070
ILMN_2065254	5270142
ILMN_1664010	4010020
ILMN_2252295	450202
ILMN_1691559	3130059
ILMN_1772486	6380458
ILMN_1769201	1510300
ILMN_1652082	1410168
ILMN_1813270	1050113
ILMN_1684699	6280161
ILMN_3247713	7100612
ILMN_1658685	4050524
ILMN_1654289	510162
ILMN_1692335	3420014
ILMN_2273103	510327
ILMN_1660886	4210543
ILMN_1664815	4390064
ILMN_1771805	7560382
ILMN_1736048	6650086
ILMN_1655930	610270
ILMN_1771264	2000102
ILMN_1740231	460725
ILMN_1784320	2750154
ILMN_2379527	4610711
ILMN_1663627	7560561
ILMN_1778168	3180253
ILMN_2317730	4670603
ILMN_2244889	6270228
ILMN_1752665	4920121
ILMN_1810604	4810487
ILMN_1765159	2480373
ILMN_3190834	1580240
ILMN_1757506	1300156
ILMN_2385672	6130577
ILMN_1723185	630709
ILMN_1798123	3370722
ILMN_1716843	4610039
ILMN_1692123	5260056
ILMN_1737965	4760056
ILMN_2174369	4210129
ILMN_2111187	5670040
ILMN_1700546	7380181
ILMN_1740213	5090706
ILMN_1709132	4280129
ILMN_3247543	630184
ILMN_1744068	3440500
ILMN_1659339	4120619
ILMN_1683067	1400270
ILMN_3240520	6040070
ILMN_3246560	6400373
ILMN_1685917	1470446
ILMN_1801421	3140670
ILMN_1750102	1260398
ILMN_1771185	1470678
ILMN_1797074	4850091
ILMN_1747499	6100487
ILMN_3248505	5560327
ILMN_1711439	6760719
ILMN_1697268	1190142
ILMN_1795266	2850075
ILMN_1729455	1170093
ILMN_1764829	2140750
ILMN_2411745	6250612
ILMN_3240541	6660037
ILMN_1772644	3400397
ILMN_1718297	110139
ILMN_2211085	830133
ILMN_1771334	6770390
ILMN_1801616	3940435
ILMN_1671270	3830544
ILMN_1765446	3800452
ILMN_1780601	2510356
ILMN_2353633	2140136
ILMN_2348487	1030209
ILMN_1755873	5270468
ILMN_1685010	540343
ILMN_1736036	3780673
ILMN_2411998	4050678
ILMN_2296860	6900523
ILMN_3243190	7320324
ILMN_1674193	3460390
ILMN_2413015	4120446
ILMN_2187746	2070307
ILMN_1751439	7000326
ILMN_3241729	4810753
ILMN_1709593	5820025
ILMN_1685318	5490377
ILMN_2370296	1740161
ILMN_1716552	3170132
ILMN_1727036	4040524
ILMN_1751375	7160598
ILMN_1779147	7150563
ILMN_1699022	2510039
ILMN_1722309	2900543
ILMN_1760778	4610753
ILMN_1713835	1500673
ILMN_3247320	4230577
ILMN_2097164	1940112
ILMN_1735292	4880022
ILMN_1710756	6380441
ILMN_1765796	50402
ILMN_1678904	1240300
ILMN_2365383	6110435
ILMN_1711878	5890102
ILMN_1803676	2710358
ILMN_1713471	7650685
ILMN_2415911	1500487
ILMN_1679770	5570253
ILMN_1806366	6940563
ILMN_2164152	2340707
ILMN_1675325	4560672
ILMN_1700888	3420553
ILMN_1780799	840678
ILMN_2373791	2490152
ILMN_1749131	2630204
ILMN_1781761	3060471
ILMN_1660727	540465
ILMN_1676383	7570376
ILMN_1675413	450576
ILMN_2130468	6060035
ILMN_1700975	1850746
ILMN_2364700	2000440
ILMN_1760779	4200437
ILMN_1811736	4180575
ILMN_1773125	5550279
ILMN_1749553	6420278
ILMN_1651599	6580138
ILMN_2087941	4850504
ILMN_1775114	5080044
ILMN_1806304	2900224
ILMN_1745849	2760608
ILMN_1677955	3170209
ILMN_2091792	7200215
ILMN_1758852	3360382
ILMN_2416019	4850685
ILMN_1706056	5490717
ILMN_2298988	6940068
ILMN_2166865	2940079
ILMN_1760509	7320372
ILMN_1744665	7570068
ILMN_1673023	6330195
ILMN_1766920	5490731
ILMN_2054576	6200270
ILMN_1704753	7610131
ILMN_1667408	1580386
ILMN_1663786	5900044
ILMN_2323427	7050450
ILMN_1716507	3400563
ILMN_1684534	6560255
ILMN_2069128	5490064
ILMN_1805448	7200167
ILMN_2109197	1510538
ILMN_1791867	780433
ILMN_1784967	1770278
ILMN_1810051	6250221
ILMN_1770245	6480491
ILMN_2043306	7320646
ILMN_1814397	5690187
ILMN_1671686	4610670
ILMN_1746276	6380008
ILMN_1656496	630750
ILMN_3249032	1690553
ILMN_1675797	6400044
ILMN_1815313	6580309
ILMN_1664265	6370553
ILMN_3307321	1190292
ILMN_1663263	1400088
ILMN_1711328	3520528
ILMN_3307616	5290402
ILMN_3307602	5560367
ILMN_1699354	6510332
ILMN_1782076	130537
ILMN_2286574	240301
ILMN_1775931	4040544
ILMN_1672022	6650482
ILMN_2402874	3460411
ILMN_1668022	5360408
ILMN_1767342	6960593
ILMN_2371119	150228
ILMN_1719531	2690097
ILMN_1690814	3890114
ILMN_1654979	5360431
ILMN_1671636	6380687
ILMN_1657349	7560241
ILMN_1803637	3850458
ILMN_1756989	2060441
ILMN_2340599	7650201
ILMN_1692261	5310722
ILMN_2367384	1010519
ILMN_1785061	1660520
ILMN_1741346	6290735
ILMN_2214910	1260730
ILMN_1802646	7400017
ILMN_1701025	6900563
ILMN_1709237	6960397
ILMN_1719468	2750392
ILMN_1788156	6510706
ILMN_1682658	6770403
ILMN_1772981	6370025
ILMN_2336037	2320681
ILMN_1784116	4880086
ILMN_1815519	6420026
ILMN_1726893	6650750
ILMN_1665671	2680408
ILMN_2168347	3310242
ILMN_1781281	6040465
ILMN_1706708	3170086
ILMN_2148012	2760465
ILMN_1783695	5090088
ILMN_1665357	1510035
ILMN_1708369	3190301
ILMN_1651699	6650241
ILMN_1659522	1340445
ILMN_1671600	2030091
ILMN_1662950	5080301
ILMN_1681193	5690544
ILMN_1691047	130221
ILMN_1780827	5270603
ILMN_1788553	6290360
ILMN_1673261	3710184
ILMN_2384152	5910048
ILMN_2388547	5700725
ILMN_1772631	3170438
ILMN_1677567	830543
ILMN_1718706	4590537
ILMN_2336220	3930161
ILMN_1752145	4920347
ILMN_1743145	2260731
ILMN_1721386	3930564
ILMN_1728761	940592
ILMN_1717902	1070673
ILMN_2352131	4050156
ILMN_1805024	1450441
ILMN_2352401	4480037
ILMN_1737993	3120608
ILMN_2397602	4260482
ILMN_1751346	4560288
ILMN_1653728	4210519
ILMN_1660547	2690386
ILMN_1770281	3460343
ILMN_2342068	5560746
ILMN_1716060	7040193
ILMN_1769195	7150050
ILMN_3164734	430220
ILMN_3164750	6370471
ILMN_3164765	6940240
ILMN_3164808	60372
ILMN_3164838	3870280
ILMN_3164858	1010100
ILMN_3164875	2970682
ILMN_3164905	1450040
ILMN_3164915	5130189
ILMN_3164950	4880307
ILMN_3164979	1070725
ILMN_3165007	6940193
ILMN_3165027	4120470
ILMN_3165033	780445
ILMN_3165086	1300039
ILMN_3165100	4560477
ILMN_3165113	5260497
ILMN_3165130	2030731
ILMN_3165170	6040278
ILMN_3165190	6350025
ILMN_3165201	2320315
ILMN_3165218	7570685
ILMN_3165229	2320427
ILMN_3165245	4730551
ILMN_3165277	1980008
ILMN_3165303	1990497
ILMN_3165334	290369
ILMN_3165363	5260356
ILMN_3165378	1820215
ILMN_3165415	70278
ILMN_3165426	5570400
ILMN_3165438	5360059
ILMN_3165457	450059
ILMN_3165474	2370458
ILMN_3165484	6760035
ILMN_3165533	5890475
ILMN_3165547	2970424
ILMN_3165565	4230037
ILMN_3165590	7330465
ILMN_3165604	3710431
ILMN_3165619	70477
ILMN_3165638	2320487
ILMN_3165650	6900164
ILMN_3165668	240370
ILMN_3165687	4050528
ILMN_3165699	290433
ILMN_3165727	70474
ILMN_3165745	1400612
ILMN_3165757	6560370
ILMN_3165768	2070379
ILMN_3165829	20678
ILMN_3165877	780201
ILMN_3165896	3890619
ILMN_3165903	540114
ILMN_3165920	940086
ILMN_3165933	2710279
ILMN_3165993	360634
ILMN_3166057	1340064
ILMN_3166075	5960474
ILMN_3166098	1980026
ILMN_3166114	4590193
ILMN_3166132	6400259
ILMN_3166177	6220286
ILMN_3166194	5870615
ILMN_3166223	540228
ILMN_3166238	510202
ILMN_3166255	5570482
ILMN_3166311	4010240
ILMN_3166325	1450220
ILMN_3166368	670687
ILMN_3166404	6550369
ILMN_3166414	4780739
ILMN_3166430	1710435
ILMN_3166475	6350242
ILMN_3166491	7510242
ILMN_3166504	6060692
ILMN_3166519	2680349
ILMN_3166551	4050220
ILMN_3166569	4890220
ILMN_3166578	7320692
ILMN_3166596	380170
ILMN_3166630	2750053
ILMN_3166640	1660692
ILMN_3166655	6250202
ILMN_3166673	5550681
ILMN_3166687	5270161
ILMN_3166703	1440767
ILMN_3166721	1820564
ILMN_3166728	4780255
ILMN_3166775	1430162
ILMN_3166789	6590497
ILMN_3166804	4890520
ILMN_2377496	1450356
ILMN_1797172	3610474
ILMN_2277676	3840056
ILMN_1652369	7320343
ILMN_1815859	4260435
ILMN_1740216	6840040
ILMN_1662897	1850348
ILMN_2192394	3710767
ILMN_1795495	5820343
ILMN_1786882	520168
ILMN_2334205	3370424
ILMN_2334204	5050181
ILMN_1746661	160168
ILMN_1792107	1570242
ILMN_1665989	6380059
ILMN_2348146	6400209
ILMN_1657248	610170
ILMN_1652749	610678
ILMN_1768301	2320259
ILMN_1785486	2370347
ILMN_1727426	6110601
ILMN_1664068	830039
ILMN_1651499	2070138
ILMN_1778377	2630241
ILMN_1712766	6660674
ILMN_2359456	160669
ILMN_2359453	6200259
ILMN_1781795	1510131
ILMN_3245659	5360398
ILMN_3234735	4730026
ILMN_3197652	5490291
ILMN_3247882	4830747
ILMN_1704980	5130682
ILMN_2104696	650692
ILMN_1731001	5670717
ILMN_1730731	6110634
ILMN_1669729	870646
ILMN_2378664	3130048
ILMN_1700549	5570048
ILMN_1785387	2940176
ILMN_1715013	6770279
ILMN_1682298	2140202
ILMN_1736357	3870487
ILMN_1761023	4010253
ILMN_1751425	7380601
ILMN_1698404	3290008
ILMN_1731231	4900541
ILMN_1678899	1580392
ILMN_1744963	4780671
ILMN_1775211	2690672
ILMN_2229969	5690112
ILMN_1655261	940639
ILMN_2251184	830730
ILMN_2323048	4120333
ILMN_1772156	940286
ILMN_2115379	3170487
ILMN_1665510	7100639
ILMN_2118663	5720288
ILMN_1787676	6980279
ILMN_1785804	3890315
ILMN_2079991	6130053
ILMN_1668092	3800402
ILMN_1682233	2340750
ILMN_1792947	6590279
ILMN_1720285	2680471
ILMN_1669818	7160678
ILMN_1777555	3520326
ILMN_2212878	3420605
ILMN_1773262	3940427
ILMN_3307962	3360438
ILMN_3311175	6350441
ILMN_3311185	7560601
ILMN_1742145	540224
ILMN_1806710	3440630
ILMN_2115862	70465
ILMN_1814434	3140075
ILMN_1678535	3360095
ILMN_2390457	4010544
ILMN_1740045	6200291
ILMN_1729640	110202
ILMN_1774272	1660541
ILMN_2046896	4210647
ILMN_1707398	4810142
ILMN_1804064	150136
ILMN_1661994	5080136
ILMN_1717593	7400132
ILMN_1807726	4260343
ILMN_1761159	6550243
ILMN_1780996	5550228
ILMN_2222991	650315
ILMN_2222992	3170181
ILMN_1718924	4780743
ILMN_1684758	1070035
ILMN_1729374	6220242
ILMN_2300970	6770343
ILMN_1758034	580609
ILMN_1793267	7570008
ILMN_2244547	2600224
ILMN_2316778	3520056
ILMN_1696028	3890543
ILMN_1686937	7380746
ILMN_1800130	4560497
ILMN_1687538	240333
ILMN_2122103	6370435
ILMN_1720158	4220605
ILMN_1685891	1010324
ILMN_1803906	7040528
ILMN_1703180	4810343
ILMN_1702657	6380437
ILMN_1753830	70209
ILMN_2341661	990577
ILMN_1739222	770746
ILMN_1723260	1450519
ILMN_1789596	240064
ILMN_1700671	6370768
ILMN_1720941	3420309
ILMN_1671562	3870438
ILMN_1651878	6330168
ILMN_1762735	630114
ILMN_1803367	730544
ILMN_2369018	2680162
ILMN_1733579	4590224
ILMN_1662747	6100474
ILMN_2042651	3420564
ILMN_1763452	7050152
ILMN_1746314	4540176
ILMN_1747281	3610148
ILMN_1730622	6550754
ILMN_1727288	6840228
ILMN_1766888	610110
ILMN_1652291	2370408
ILMN_2045369	4210349
ILMN_1697735	670072
ILMN_1727041	3370291
ILMN_2413251	4890397
ILMN_1694772	6940524
ILMN_1771689	7160458
ILMN_1735463	6520438
ILMN_1673721	1770646
ILMN_2351916	2690458
ILMN_1719089	5390326
ILMN_1745583	1770438
ILMN_2347805	4150646
ILMN_2347807	7570603
ILMN_2065783	2640110
ILMN_1731180	2970390
ILMN_1789419	4730682
ILMN_2172735	7040392
ILMN_1670038	1240561
ILMN_1742827	2350215
ILMN_2394750	3180278
ILMN_1788625	4250181
ILMN_1667686	2850014
ILMN_1651628	7330196
ILMN_1679687	7570278
ILMN_3243431	6270477
ILMN_1815012	1470259
ILMN_1750011	2760692
ILMN_2083818	3170692
ILMN_1657662	7100059
ILMN_1709747	990491
ILMN_3246145	6400600
ILMN_1677483	1260753
ILMN_1701839	7150438
ILMN_2396648	7400719
ILMN_2402168	840358
ILMN_1670796	4890463
ILMN_1711189	7610468
ILMN_1697736	1440451
ILMN_1708936	1450131
ILMN_1734194	6130196
ILMN_1745271	7560253
ILMN_1659725	2810241
ILMN_1670218	6330025
ILMN_2055477	6450687
ILMN_1756162	5550356
ILMN_2312719	3520070
ILMN_1721713	6220142
ILMN_1712066	7650286
ILMN_2129927	4220431
ILMN_1679698	1980168
ILMN_1761259	6620682
ILMN_2328029	6760070
ILMN_1718783	6560682
ILMN_2388425	1770746
ILMN_1797950	2630215
ILMN_1778226	10184
ILMN_1747207	1260605
ILMN_1807554	5720040
ILMN_2322874	6040519
ILMN_2353129	2140717
ILMN_1669813	2650039
ILMN_1670715	3870070
ILMN_2322996	4290706
ILMN_1754077	6960612
ILMN_1790562	290541
ILMN_1720529	3060181
ILMN_1728353	3190441
ILMN_1671844	1260180
ILMN_2324734	2350139
ILMN_1693319	6760725
ILMN_3234936	270100
ILMN_1791436	5080022
ILMN_1652913	60639
ILMN_1708105	1710368
ILMN_2364529	4180524
ILMN_3272378	2100612
ILMN_1670708	5340358
ILMN_1764061	20180
ILMN_1807101	4480114
ILMN_2406532	50307
ILMN_2270053	2850398
ILMN_2342033	3850561
ILMN_1671766	3610735
ILMN_1717163	2230241
ILMN_1735489	6580519
ILMN_3249291	4560273
ILMN_1742866	4570398
ILMN_2221507	7160743
ILMN_2041190	1050068
ILMN_1673113	5810047
ILMN_2202894	60563
ILMN_1728923	1980730
ILMN_2127298	6250139
ILMN_1707127	7160154
ILMN_2129572	10079
ILMN_1797009	3120138
ILMN_1709233	7610767
ILMN_1740559	780100
ILMN_2358265	3190280
ILMN_2267025	6650170
ILMN_2370622	5220709
ILMN_1675083	5550193
ILMN_1691584	5670632
ILMN_1670229	6380349
ILMN_1790249	1110551
ILMN_3247893	1340674
ILMN_1748092	4260706
ILMN_1727984	7050195
ILMN_1810651	7560372
ILMN_1791531	1190524
ILMN_1810915	1990471
ILMN_1679158	130167
ILMN_1678965	4890280
ILMN_3248038	6400193
ILMN_1740479	3710091
ILMN_2136971	2510131
ILMN_1773006	150373
ILMN_2146766	2060601
ILMN_2146761	4150048
ILMN_1696302	5260047
ILMN_3266606	580358
ILMN_3178258	4540475
ILMN_2217574	2600386
ILMN_1661223	540746
ILMN_2392261	3130743
ILMN_1721559	6770259
ILMN_1745299	7040678
ILMN_2159172	730082
ILMN_1669540	870291
ILMN_1758658	1300674
ILMN_1670134	2360020
ILMN_2075065	380224
ILMN_2098643	1230132
ILMN_1704790	3440332
ILMN_1667016	3060615
ILMN_1666634	3840164
ILMN_1670472	6450703
ILMN_1781536	4060471
ILMN_2246661	450161
ILMN_1701457	650563
ILMN_1694593	1710332
ILMN_1741462	5090592
ILMN_1772409	3460059
ILMN_2102951	6020136
ILMN_2146657	5700309
ILMN_2351548	150747
ILMN_2242533	2640626
ILMN_1716679	3850301
ILMN_1723268	5900398
ILMN_1690101	6110575
ILMN_1803855	5270504
ILMN_1775542	5270520
ILMN_1712657	6290463
ILMN_1733863	1660086
ILMN_1775498	520278
ILMN_1675819	4780646
ILMN_1714418	580767
ILMN_1714065	6590369
ILMN_1745112	1850546
ILMN_2401779	3840215
ILMN_2291455	6350082
ILMN_1786789	5490184
ILMN_2151441	3930730
ILMN_1763365	7560746
ILMN_1807201	830309
ILMN_1705848	6380148
ILMN_1695711	5130661
ILMN_1790062	1070253
ILMN_1811644	4060243
ILMN_1714219	7610039
ILMN_1743445	5390463
ILMN_1758672	6040603
ILMN_2140623	4150463
ILMN_1679363	6650398
ILMN_3178529	4850452
ILMN_2239772	150154
ILMN_2307978	1690753
ILMN_2374362	2340056
ILMN_1668336	5960528
ILMN_1785661	6180470
ILMN_1660440	7510129
ILMN_1788416	4150519
ILMN_1743316	5890605
ILMN_1806487	6020632
ILMN_2098433	1170110
ILMN_2098437	3610348
ILMN_1726308	4050195
ILMN_1723114	620646
ILMN_2080158	670551
ILMN_1765633	5810364
ILMN_2248093	4590630
ILMN_2323944	6400402
ILMN_1679217	3800369
ILMN_2090641	6350176
ILMN_2410038	2680278
ILMN_1778845	3060458
ILMN_1762622	2230609
ILMN_1676302	290296
ILMN_1712431	4200541
ILMN_1694070	5700066
ILMN_1675701	1450768
ILMN_1805968	1660112
ILMN_2297069	4540600
ILMN_3194300	3290075
ILMN_3270756	6280487
ILMN_3184048	1170437
ILMN_3258875	5560048
ILMN_1713178	1740685
ILMN_1659029	6520241
ILMN_1745533	1400259
ILMN_1739942	3120292
ILMN_3244607	3140632
ILMN_1809147	5290382
ILMN_1690329	5700561
ILMN_2049364	1090646
ILMN_3251137	1940019
ILMN_3250243	3520440
ILMN_1762888	5360731
ILMN_1723846	870056
ILMN_1680231	3460414
ILMN_2163306	430519
ILMN_3238859	2630364
ILMN_1679641	7610121
ILMN_2118612	4260167
ILMN_1723353	6350154
ILMN_2117885	6480612
ILMN_2189605	4610577
ILMN_2145889	830711
ILMN_1810131	380433
ILMN_2394362	2760291
ILMN_2394366	4850274
ILMN_3237153	70192
ILMN_3178393	6480731
ILMN_1674827	7380411
ILMN_1749878	290189
ILMN_2121207	290309
ILMN_1652525	650619
ILMN_1702568	1170544
ILMN_2263312	6760739
ILMN_2075578	2570592
ILMN_1691980	5890561
ILMN_2076484	1570703
ILMN_1779486	4880110
ILMN_1708143	6040376
ILMN_2089340	1070347
ILMN_1686254	5810373
ILMN_3251536	1470368
ILMN_2106107	6450192
ILMN_1733035	1410463
ILMN_1717184	610280
ILMN_1810725	4230735
ILMN_2294989	2640356
ILMN_1661755	3180053
ILMN_2408576	4070711
ILMN_1664063	5870274
ILMN_1755674	7560082
ILMN_1764402	2190626
ILMN_1729217	3940564
ILMN_1652694	4760441
ILMN_1761527	4480021
ILMN_1812321	7320309
ILMN_1662949	2490563
ILMN_3178410	1170259
ILMN_1781742	2370646
ILMN_2405233	620100
ILMN_1777745	5130672
ILMN_3251572	3840427
ILMN_1654851	5080494
ILMN_1811330	270114
ILMN_2283597	3180661
ILMN_2387952	6420309
ILMN_1666449	2650010
ILMN_1804454	5820113
ILMN_2225608	6560131
ILMN_3239500	4860639
ILMN_1655307	3890671
ILMN_3241756	5360309
ILMN_1780798	2630544
ILMN_1652494	3190347
ILMN_1800267	1300017
ILMN_2401253	2470088
ILMN_2401258	4150255
ILMN_1752510	4540376
ILMN_2291092	5900242
ILMN_3245879	6860280
ILMN_3258795	3520324
ILMN_2409055	3130537
ILMN_2295280	5690220
ILMN_1752343	6620187
ILMN_1786278	50463
ILMN_3245452	3130035
ILMN_1709626	5080110
ILMN_1753933	3930064
ILMN_3247082	2570575
ILMN_2167259	3610600
ILMN_2167252	6280369
ILMN_1811450	70358
ILMN_2295387	1400669
ILMN_1663518	4050367
ILMN_2205470	4780121
ILMN_1765002	6840528
ILMN_2145914	7000209
ILMN_1764959	1980070
ILMN_2184884	430722
ILMN_2174658	240048
ILMN_1670076	4830008
ILMN_1652000	270414
ILMN_1658160	6290379
ILMN_3244110	240326
ILMN_1755677	4570014
ILMN_2185675	2030360
ILMN_3284331	2570242
ILMN_3207821	3930520
ILMN_3242248	780446
ILMN_1713402	5860243
ILMN_3231686	770392
ILMN_3231638	1340739
ILMN_3182275	5310711
ILMN_3245907	2190564
ILMN_1802971	2710601
ILMN_3238106	7610014
ILMN_1688031	1450138
ILMN_1803647	5310736
ILMN_1751326	6550347
ILMN_3245769	1690408
ILMN_1758599	5130100
ILMN_1762843	1110661
ILMN_2093072	5860653
ILMN_1789558	1990615
ILMN_2057981	5420487
ILMN_2354269	1030133
ILMN_1686043	4070079
ILMN_3238845	3710064
ILMN_1670923	4060767
ILMN_3240534	6330364
ILMN_3248511	2320615
ILMN_1659856	1050332
ILMN_2180773	3520148
ILMN_1677122	5270187
ILMN_1669566	2070358
ILMN_1764704	3850215
ILMN_1674608	1660243
ILMN_3239580	1170021
ILMN_1749868	5670706
ILMN_1653376	6060026
ILMN_3241099	7150739
ILMN_1773780	1470561
ILMN_1691946	7320368
ILMN_1712577	2060220
ILMN_2127722	6130440
ILMN_1652797	3800465
ILMN_3237177	990332
ILMN_1762615	510471
ILMN_3194638	3990341
ILMN_3271098	4070333
ILMN_1769092	7100561
ILMN_2394438	610112
ILMN_1763603	3990661
ILMN_2287276	4260561
ILMN_1770576	50647
ILMN_3189777	290735
ILMN_3232080	2570612
ILMN_3233135	7330563
ILMN_1804993	1440379
ILMN_3247182	6580403
ILMN_1778876	4890082
ILMN_3245418	520274
ILMN_1762696	4860427
ILMN_1735502	4730242
ILMN_3242758	5090458
ILMN_3234932	4560707
ILMN_3244033	3390240
ILMN_1696699	4490333
ILMN_3240888	580564
ILMN_1709367	6620324
ILMN_3236452	10646
ILMN_1739559	430193
ILMN_1725594	3060661
ILMN_1698038	7040608
ILMN_3240559	1850356
ILMN_1795026	1850047
ILMN_1702056	2060458
ILMN_2346769	4180132
ILMN_3241250	6250674
ILMN_1751492	60634
ILMN_1691431	4760050
ILMN_1661593	5690762
ILMN_1682823	2120372
ILMN_1700597	3130484
ILMN_1789407	5420356
ILMN_2129388	4920327
ILMN_1651504	610091
ILMN_1655626	2120193
ILMN_1654630	3170195
ILMN_1730601	840541
ILMN_1730523	5690132
ILMN_1733799	6480754
ILMN_2068522	5870079
ILMN_1702199	2230088
ILMN_1691876	3520114
ILMN_2172318	7400379
ILMN_1714271	1580673
ILMN_1764364	2100093
ILMN_2318885	3170053
ILMN_1658710	1820088
ILMN_1800705	4250692
ILMN_2415474	5050100
ILMN_1712065	2970736
ILMN_1812091	2810373
ILMN_1811373	7650414
ILMN_1703009	4830059
ILMN_1712684	4860646
ILMN_1757634	5570544
ILMN_1683165	5960376
ILMN_2191313	1010050
ILMN_1733736	2650672
ILMN_1703860	4200598
ILMN_1732699	4810270
ILMN_1777990	6560653
ILMN_1727249	1410678
ILMN_1672753	2750450
ILMN_1670189	4780243
ILMN_1691201	7040180
ILMN_3238452	3710270
ILMN_1766660	1980475
ILMN_1707694	4730500
ILMN_1674787	1780021
ILMN_1748809	5290170
ILMN_3249487	4760068
ILMN_3244487	6330097
ILMN_1683119	990707
ILMN_2198802	5860113
ILMN_3241149	3800020
ILMN_1776905	6220307
ILMN_1783969	6620707
ILMN_1659536	2100209
ILMN_2140799	6940181
ILMN_3183838	2970608
ILMN_3248127	4390551
ILMN_3249073	6130554
ILMN_1661022	6180450
ILMN_1679130	3290100
ILMN_2231436	2970273
ILMN_3236080	5720274
ILMN_2066849	6590646
ILMN_3248078	1660725
ILMN_1749083	2480398
ILMN_3187535	380390
ILMN_3237241	3780440
ILMN_1724309	1470192
ILMN_1761594	3310746
ILMN_1808584	1110315
ILMN_1752249	4590390
ILMN_1665686	2510753
ILMN_1785528	1240441
ILMN_1739199	1580053
ILMN_1768861	5080500
ILMN_1713406	6110609
ILMN_1723657	7560438
ILMN_1655952	7380026
ILMN_1808356	3440091
ILMN_1685767	1450164
ILMN_2355486	6270743
ILMN_1777261	780332
ILMN_2368773	1260767
ILMN_1720433	6100537
ILMN_1791217	3180088
ILMN_2161285	3180372
ILMN_2161286	6060577
ILMN_3308168	2470072
ILMN_1670352	5050615
ILMN_1706015	1690630
ILMN_1754921	4860743
ILMN_1695856	670431
ILMN_1716730	3780762
ILMN_1691760	990711
ILMN_1797116	1340719
ILMN_1740466	3940133
ILMN_1808011	4180324
ILMN_1713266	6860347
ILMN_2207726	1820113
ILMN_1779861	7610605
ILMN_2168903	290040
ILMN_1778940	4830672
ILMN_2071473	4830039
ILMN_1758171	6960161
ILMN_3237062	6590577
ILMN_1802376	4810040
ILMN_1669555	5700424
ILMN_1681553	6590086
ILMN_1653742	770292
ILMN_3309589	6280445
ILMN_3242997	3120692
ILMN_1794038	2510184
ILMN_2122374	2630703
ILMN_1809400	7160079
ILMN_1725130	7000014
ILMN_2153466	5570376
ILMN_1658452	4060112
ILMN_2053490	1690600
ILMN_1704571	6380079
ILMN_1744508	2650019
ILMN_2139827	70497
ILMN_1697998	4220544
ILMN_3264466	5360735
ILMN_2171481	5690021
ILMN_3307688	3060491
ILMN_1672264	6770367
ILMN_1814924	460487
ILMN_1806386	3140706
ILMN_2379920	4120050
ILMN_2278984	4230187
ILMN_1673899	5910600
ILMN_3236491	2750470
ILMN_1770623	1940228
ILMN_1787681	1510136
ILMN_1707553	6400079
ILMN_1707689	5360026
ILMN_1778844	3460019
ILMN_1758943	3460446
ILMN_2092589	6100221
ILMN_3272603	2940403
ILMN_3196019	6940343
ILMN_2057573	510762
ILMN_1745764	610634
ILMN_1755721	2000324
ILMN_1689552	2760156
ILMN_1774259	840255
ILMN_1728972	5870193
ILMN_1680037	6480092
ILMN_1726597	3450201
ILMN_3242330	6270471
ILMN_1756654	290072
ILMN_3307791	2970433
ILMN_1682577	5290646
ILMN_1669044	50121
ILMN_1757440	3450114
ILMN_1718446	4290152
ILMN_2180252	50270
ILMN_1699978	5220048
ILMN_1667437	1580551
ILMN_2343273	1580706
ILMN_1723300	3440563
ILMN_1792014	5390066
ILMN_1709472	360598
ILMN_3243991	6220605
ILMN_1705659	10086
ILMN_1798547	5890673
ILMN_1732717	1410470
ILMN_3232949	1690731
ILMN_3186401	4560386
ILMN_3232501	6940026
ILMN_1659464	840035
ILMN_1788806	2710497
ILMN_3238797	4250546
ILMN_3243986	1690437
ILMN_1719870	1090725
ILMN_3235790	3310224
ILMN_2123559	460564
ILMN_2123557	2320097
ILMN_1701940	5090603
ILMN_3237074	6020639
ILMN_3248190	4220204
ILMN_1709379	1300196
ILMN_2150446	5720095
ILMN_1788638	4050050
ILMN_3181927	6380685
ILMN_3258385	6620086
ILMN_3246786	5130326
ILMN_3194147	1340687
ILMN_3270493	2070129
ILMN_1772728	3370239
ILMN_3237067	4730372
ILMN_3273268	5290110
ILMN_3196798	6840427
ILMN_2133713	7040524
ILMN_2130514	6130273
ILMN_1801304	6250184
ILMN_1749960	7000674
ILMN_1749474	1980358
ILMN_1660819	3190398
ILMN_1661387	3390008
ILMN_1704134	6370722
ILMN_1780808	1240717
ILMN_1659862	3400767
ILMN_1720557	6590608
ILMN_1706664	6840619
ILMN_1681757	6960333
ILMN_1699623	7000494
ILMN_1759679	3840671
ILMN_1812302	6860600
ILMN_1727309	4730184
ILMN_1772973	7510274
ILMN_1752995	510082
ILMN_2239774	2510605
ILMN_1670158	3390692
ILMN_1782863	50196
ILMN_1673356	4230333
ILMN_1781943	150543
ILMN_1658301	2710739
ILMN_1683231	7560056
ILMN_2122848	1170273
ILMN_1751328	1300392
ILMN_2219199	6350291
ILMN_1670807	60014
ILMN_1780298	580026
ILMN_3249739	2350086
ILMN_2400250	6270201
ILMN_3250592	6480379
ILMN_1769532	1940670
ILMN_1655051	4050646
ILMN_1658861	7200414
ILMN_3186004	2760600
ILMN_3262462	4180072
ILMN_1753482	670446
ILMN_3236135	7040064
ILMN_3256471	4390632
ILMN_1754841	1050156
ILMN_1712859	650730
ILMN_1652677	4040242
ILMN_1710075	6280048
ILMN_2285817	7400747
ILMN_1804117	2000224
ILMN_1807448	4780768
ILMN_1696684	6040400
ILMN_1748555	1470246
ILMN_1751044	1070669
ILMN_1658938	4850427
ILMN_3240907	5900347
ILMN_3244051	1780630
ILMN_3240649	6220347
ILMN_3244382	2230240
ILMN_3244631	4070102
ILMN_3244244	2260707
ILMN_3244720	5900609
ILMN_1748539	4150609
ILMN_1664907	10709
ILMN_1793320	2490121
ILMN_1660797	4830243
ILMN_1805993	6960390
ILMN_1723953	7510193
ILMN_3240754	6660017
ILMN_3241066	3140220
ILMN_1725834	1030735
ILMN_1778220	1440521
ILMN_1699455	3990681
ILMN_1697056	5260603
ILMN_3238173	620470
ILMN_1717884	3840592
ILMN_3244808	6560475
ILMN_1777322	4920730
ILMN_1783097	830296
ILMN_1784465	4830730
ILMN_1748976	5690296
ILMN_1685856	2970301
ILMN_3235997	6450167
ILMN_1693071	5960673
ILMN_1761981	6130730
ILMN_2367428	6760202
ILMN_1779813	6510487
ILMN_1735453	2100161
ILMN_2242984	1710519
ILMN_1763997	2600300
ILMN_2313330	6770397
ILMN_1771870	6900400
ILMN_1670453	3400156
ILMN_1778039	580458
ILMN_2153936	5290632
ILMN_2153939	7040259
ILMN_2098705	670632
ILMN_1775240	2350600
ILMN_1799224	770398
ILMN_1769758	1980563
ILMN_1682747	6840360
ILMN_1726756	1170528
ILMN_1698252	6220736
ILMN_1683112	2190047
ILMN_2235137	2690240
ILMN_1657634	3610022
ILMN_1712122	6550215
ILMN_2043452	5720192
ILMN_1682724	5050451
ILMN_1758728	4220612
ILMN_1655642	3170066
ILMN_2188909	1500020
ILMN_1754045	6760110
ILMN_1811995	4610435
ILMN_1773126	50296
ILMN_2232854	5090626
ILMN_2143250	5090309
ILMN_1694596	2000768
ILMN_2202915	6560291
ILMN_2271584	2760743
ILMN_1712040	3780110
ILMN_1813982	5220689
ILMN_1678353	7210196
ILMN_2062687	4830468
ILMN_1793732	5690279
ILMN_1778255	2360167
ILMN_2055930	5080358
ILMN_1765696	5550463
ILMN_1808132	460438
ILMN_2319077	3420026
ILMN_1781824	4570612
ILMN_1784871	5310634
ILMN_2407464	770687
ILMN_1691861	2450390
ILMN_1664098	4760328
ILMN_1751362	4810546
ILMN_2053567	2750091
ILMN_2129859	580053
ILMN_1750160	3990465
ILMN_1733377	6650220
ILMN_1754795	4280100
ILMN_3247578	5390164
ILMN_2128931	2710075
ILMN_1780591	2340253
ILMN_1761551	1190338
ILMN_1720162	6200095
ILMN_1806914	450392
ILMN_1664614	6770025
ILMN_2290251	2810091
ILMN_1730882	6380278
ILMN_1719205	4880360
ILMN_1799471	4010653
ILMN_2353143	4120292
ILMN_1691249	7510768
ILMN_1710815	430088
ILMN_1700541	580739
ILMN_1672536	4830685
ILMN_1686952	5050131
ILMN_1722713	6040494
ILMN_1721769	780025
ILMN_2390919	6550762
ILMN_1774602	7330292
ILMN_2223941	4670441
ILMN_1664176	5690639
ILMN_1735743	5670154
ILMN_1783182	4480593
ILMN_1670899	3440204
ILMN_1719755	4670431
ILMN_1728799	6020224
ILMN_1804005	6560341
ILMN_3245236	380402
ILMN_1752559	1990273
ILMN_1658232	830273
ILMN_1794260	1190246
ILMN_3237966	2510750
ILMN_1693438	60768
ILMN_1791253	2120356
ILMN_1767441	2640608
ILMN_1663379	7160364
ILMN_1697561	6840390
ILMN_1715901	6290482
ILMN_3307782	990523
ILMN_1670920	6580743
ILMN_1671215	990224
ILMN_1688639	3850187
ILMN_1754489	4900240
ILMN_1717252	7610193
ILMN_2199362	4040575
ILMN_1794187	1470497
ILMN_2071405	2320768
ILMN_1671393	5960309
ILMN_1735051	110500
ILMN_1673370	450114
ILMN_2378100	6250497
ILMN_1799389	1470092
ILMN_2352216	1580215
ILMN_1705035	6980056
ILMN_1682037	2760093
ILMN_1716952	5820438
ILMN_2089616	6180632
ILMN_1733164	290037
ILMN_2285112	2100427
ILMN_1765711	2630196
ILMN_1678404	5080632
ILMN_1713682	7000468
ILMN_1755281	770044
ILMN_1715823	2690167
ILMN_1789274	1070019
ILMN_1714428	2140047
ILMN_1743898	4260709
ILMN_2368535	7100064
ILMN_1664779	2370739
ILMN_1729430	2470259
ILMN_1689380	1850519
ILMN_1803211	4540215
ILMN_2358647	1260164
ILMN_1745887	2480128
ILMN_1701869	2350520
ILMN_2252178	3840128
ILMN_1786469	4880685
ILMN_2166706	4280128
ILMN_1786304	4040315
ILMN_1686466	5870612
ILMN_2383893	6450241
ILMN_2367479	5810594
ILMN_2367477	7560008
ILMN_1721360	3370039
ILMN_1812776	3990767
ILMN_2045911	6040292
ILMN_1749641	2750427
ILMN_2273261	2760048
ILMN_1729175	5490707
ILMN_1672415	7100594
ILMN_1700232	2510048
ILMN_2168992	5290307
ILMN_1771139	7380327
ILMN_1652280	1430598
ILMN_1760830	1940154
ILMN_1703955	1990079
ILMN_1664826	5870202
ILMN_1765060	2350754
ILMN_1756358	650242
ILMN_1686697	2320224
ILMN_2362293	2710653
ILMN_1754811	7570139
ILMN_1814890	5870128
ILMN_1757355	770612
ILMN_1656691	1570075
ILMN_1755811	4230070
ILMN_1762155	2190039
ILMN_1880834	4640674
ILMN_1756874	6100551
ILMN_1670087	6250681
ILMN_2344907	6900039
ILMN_1732182	1010427
ILMN_2325625	5560451
ILMN_1651597	6980440
ILMN_3241510	6220681
ILMN_1747119	2360328
ILMN_2350266	3610452
ILMN_1797542	1770458
ILMN_1656342	2060609
ILMN_2102257	6520754
ILMN_1710676	4010097
ILMN_2121555	5670255
ILMN_1701455	3800398
ILMN_1667112	730121
ILMN_1715963	4670327
ILMN_1745962	4780048
ILMN_1672843	3420647
ILMN_1667120	3610056
ILMN_1717063	5290541
ILMN_1702928	6980577
ILMN_1777180	7000437
ILMN_1727393	6280438
ILMN_2394576	510253
ILMN_1735655	2070639
ILMN_1766983	2350687
ILMN_2394571	3460711
ILMN_1674756	6940014
ILMN_1775753	1660332
ILMN_3251567	3190390
ILMN_1671427	4390239
ILMN_1805662	290465
ILMN_1701375	1340427
ILMN_1702243	2900097
ILMN_1668634	1850504
ILMN_1655906	3930184
ILMN_1754279	5560661
ILMN_1770484	6450309
ILMN_1709056	1340437
ILMN_2342793	1470592
ILMN_1812359	3930397
ILMN_1750661	4480348
ILMN_1801743	2320220
ILMN_2206009	5490719
ILMN_2279367	4250193
ILMN_2379967	4560746
ILMN_2365091	5560471
ILMN_1688423	3360615
ILMN_2123743	3850440
ILMN_1662451	830152
ILMN_2189869	60307
ILMN_2189870	1990402
ILMN_1718984	130463
ILMN_2302757	130609
ILMN_1700156	630301
ILMN_2176063	520086
ILMN_2261600	2710709
ILMN_2391051	6620209
ILMN_3247506	5570398
ILMN_2289849	450762
ILMN_1666932	1990278
ILMN_1810687	4280392
ILMN_1706523	6590437
ILMN_1804174	2480717
ILMN_1660027	6650341
ILMN_2382403	7550215
ILMN_2331121	2710091
ILMN_1703679	3610431
ILMN_2112580	4050039
ILMN_1728639	1450139
ILMN_2134453	7210114
ILMN_1705302	4200176
ILMN_1654571	4120703
ILMN_1670322	5860064
ILMN_1783847	3460241
ILMN_2102702	5310408
ILMN_1815734	540440
ILMN_1668063	6660398
ILMN_1793504	3520113
ILMN_1714057	4040142
ILMN_1780060	1170274
ILMN_2349771	6980367
ILMN_2226183	6380301
ILMN_1761873	780008
ILMN_1791329	6770070
ILMN_1665152	7510750
ILMN_1699599	70754
ILMN_1797428	620167
ILMN_1691693	6180228
ILMN_1738517	3180156
ILMN_1684445	1660465
ILMN_2105223	2510053
ILMN_2074762	6220114
ILMN_1691071	3780193
ILMN_1782015	4730204
ILMN_1741096	2360630
ILMN_2144088	5700142
ILMN_1804248	6900398
ILMN_1699178	2650575
ILMN_2198812	7100180
ILMN_1744628	5090053
ILMN_3243529	1110553
ILMN_1811696	1400441
ILMN_2414302	2810278
ILMN_2364305	3440376
ILMN_1774091	7200315
ILMN_1719985	5890538
ILMN_1744239	1690746
ILMN_1703330	2000228
ILMN_1755834	1010719
ILMN_2160929	3370703
ILMN_1789618	510475
ILMN_1810289	3170273
ILMN_2370976	6510707
ILMN_2206722	4640039
ILMN_1809199	5080537
ILMN_1725220	1010484
ILMN_1690530	5870647
ILMN_3247266	3870377
ILMN_1721475	2810706
ILMN_1696585	5890347
ILMN_1695290	1820328
ILMN_2366330	6060315
ILMN_2366334	7050736
ILMN_1693650	4120689
ILMN_1685483	1440377
ILMN_1751460	2510187
ILMN_1727992	360427
ILMN_2263054	2350019
ILMN_1779071	3290458
ILMN_1794106	3930168
ILMN_2403946	360608
ILMN_1739586	6200053
ILMN_1813585	50528
ILMN_1750706	3460592
ILMN_1756285	1440332
ILMN_1797895	4920228
ILMN_1802735	5050338
ILMN_2280203	1470424
ILMN_1656487	2850703
ILMN_2381945	5130255
ILMN_1659947	5810577
ILMN_1779017	7400072
ILMN_2114972	5290630
ILMN_1678049	7210240
ILMN_1764314	6580048
ILMN_2115011	3140400
ILMN_2115005	7210717
ILMN_1772686	5270619
ILMN_1698728	1430403
ILMN_2104141	3710554
ILMN_2190598	4540484
ILMN_1753322	5270750
ILMN_2349982	6560358
ILMN_1699735	6980528
ILMN_2110110	2510044
ILMN_1719938	5900025
ILMN_1672229	3310068
ILMN_1677680	4070184
ILMN_1810283	4120521
ILMN_1653826	1090056
ILMN_1690984	3870180
ILMN_1671777	7380239
ILMN_1751495	4260025
ILMN_1732976	6370088
ILMN_1785564	5310392
ILMN_1781390	5560725
ILMN_1797030	4540739
ILMN_1693483	5810528
ILMN_1760909	670619
ILMN_2105919	290593
ILMN_1744693	4210593
ILMN_1788232	60446
ILMN_2153061	4730437
ILMN_1772789	5700594
ILMN_2056569	6200392
ILMN_2095633	6420564
ILMN_2071316	1050324
ILMN_1696488	2060333
ILMN_1723227	2030451
ILMN_1677456	4210398
ILMN_2399100	5050619
ILMN_1740871	5050653
ILMN_1764605	780414
ILMN_2188091	4780064
ILMN_1731240	5560138
ILMN_1812517	70091
ILMN_2345749	7200343
ILMN_1762531	6420746
ILMN_1785404	7650441
ILMN_1761945	10504
ILMN_1686961	3460670
ILMN_1729369	1050047
ILMN_2398261	6450471
ILMN_1796229	6770128
ILMN_2411116	2360255
ILMN_1657436	1340681
ILMN_1682270	2970008
ILMN_1651966	3370019
ILMN_1723123	6520139
ILMN_2410713	70520
ILMN_2241412	4120433
ILMN_1730355	6660240
ILMN_1795865	4480220
ILMN_2348367	5860112
ILMN_1703188	1980681
ILMN_2315044	2230008
ILMN_1737683	3180025
ILMN_3271630	4390647
ILMN_3182171	4480148
ILMN_1672872	240543
ILMN_2366192	2480228
ILMN_2326197	4480463
ILMN_1731222	5260241
ILMN_1803597	5670736
ILMN_1682828	6110022
ILMN_1693009	1430170
ILMN_1795158	360619
ILMN_2272519	6350551
ILMN_2368318	6660475
ILMN_1719392	1780348
ILMN_3236432	5420605
ILMN_1699206	3360349
ILMN_1766123	510452
ILMN_1805842	4640446
ILMN_2355831	990288
ILMN_1668411	6110025
ILMN_2265783	7040681
ILMN_1678643	7610632
ILMN_1703558	4210564
ILMN_1669023	5860333
ILMN_1651776	50129
ILMN_1761322	1300670
ILMN_1727135	3830743
ILMN_1716247	4730133
ILMN_1657797	6110008
ILMN_2411139	6590504
ILMN_1778064	3850687
ILMN_1800889	1990494
ILMN_1707612	4640672
ILMN_1801927	3310026
ILMN_1676307	6520288
ILMN_1778152	5890593
ILMN_2389114	6100372
ILMN_3249343	5910332
ILMN_1657039	6200600
ILMN_1738578	110307
ILMN_1730906	650458
ILMN_2391150	4490709
ILMN_1784407	6250433
ILMN_2190942	4070709
ILMN_1768743	5270039
ILMN_1662880	4920097
ILMN_1658351	6420242
ILMN_1764557	6660187
ILMN_2338593	7400195
ILMN_1781803	3120554
ILMN_1746465	6270437
ILMN_1659905	60681
ILMN_1787345	5860204
ILMN_2150294	4150753
ILMN_1665243	6100411
ILMN_1804863	3180382
ILMN_1702237	270292
ILMN_1683969	630010
ILMN_2333367	1940504
ILMN_1683658	5050427
ILMN_2303955	1690497
ILMN_3239766	360010
ILMN_1674337	1010068
ILMN_1678080	6510537
ILMN_1807563	7160491
ILMN_1654691	4150195
ILMN_2104784	6450523
ILMN_1782045	2100750
ILMN_1778444	2640341
ILMN_1815444	6250162
ILMN_1717737	1660014
ILMN_1685084	3610360
ILMN_1733947	1430368
ILMN_1666121	4260114
ILMN_2145143	5290086
ILMN_2089977	5700451
ILMN_1781585	6180438
ILMN_1791052	1820471
ILMN_2368617	2230189
ILMN_1753597	3520521
ILMN_1720928	1990343
ILMN_3238555	1980433
ILMN_2112673	2030377
ILMN_1814998	4880646
ILMN_2157932	6590543
ILMN_1776822	20703
ILMN_1709722	2060446
ILMN_2357386	1980301
ILMN_1784156	6620458
ILMN_1730325	3990372
ILMN_1663667	4290014
ILMN_1670008	1090075
ILMN_1683390	3710564
ILMN_1814952	5890113
ILMN_1655525	6980148
ILMN_2134130	4070356
ILMN_1743715	1980458
ILMN_2233229	5420730
ILMN_1665738	2100689
ILMN_1737170	1300167
ILMN_1652881	2350246
ILMN_1660982	2940608
ILMN_1756621	5130475
ILMN_1729323	6550730
ILMN_1745217	3800327
ILMN_3182000	3390037
ILMN_3259594	3800148
ILMN_1785277	770201
ILMN_2186877	3180324
ILMN_1712211	6590609
ILMN_2098297	770438
ILMN_1800911	4890754
ILMN_1705743	7320274
ILMN_1703430	2370601
ILMN_3273209	4540685
ILMN_3232161	2340114
ILMN_3185453	3520022
ILMN_3233739	4060373
ILMN_3232289	6180563
ILMN_1794490	6580400
ILMN_1793012	6510438
ILMN_2173294	3180719
ILMN_1737604	2650164
ILMN_1694269	2850392
ILMN_1689831	4610376
ILMN_1695562	4480671
ILMN_1679003	830445
ILMN_1798947	5340451
ILMN_3187206	4120092
ILMN_1775444	3130086
ILMN_1726952	1940142
ILMN_1775664	7570474
ILMN_1697115	3930082
ILMN_1680494	2360358
ILMN_2072622	3370377
ILMN_1718061	1260670
ILMN_2347748	5090747
ILMN_3270588	150523
ILMN_1678674	70228
ILMN_1664124	540035
ILMN_2120072	5870072
ILMN_2162135	5820132
ILMN_1748290	2760609
ILMN_1814967	2710768
ILMN_3185552	1260754
ILMN_3262015	5260324
ILMN_3307196	3830731
ILMN_1811608	7050154
ILMN_1763745	2260189
ILMN_1743483	6450239
ILMN_1697491	4610672
ILMN_1699275	2570010
ILMN_1664701	730471
ILMN_3307201	4590465
ILMN_2114894	3610239
ILMN_3264472	1850274
ILMN_1709725	2750681
ILMN_1745554	3190184
ILMN_1762506	5910722
ILMN_2120507	4640441
ILMN_1797406	1170341
ILMN_1765773	6330301
ILMN_2053377	3450709
ILMN_3236816	20379
ILMN_2184575	2630307
ILMN_1754114	5290678
ILMN_1814622	360376
ILMN_2179915	2710280
ILMN_1719386	5690129
ILMN_1716907	1240639
ILMN_1689046	7380626
ILMN_1658427	3830630
ILMN_1757978	2260736
ILMN_1656615	60438
ILMN_1775188	1820095
ILMN_1666753	2230719
ILMN_1737402	3460615
ILMN_1727226	7100152
ILMN_1811181	1770148
ILMN_1771144	5360333
ILMN_1723210	6980431
ILMN_1702757	6110402
ILMN_1778144	2900139
ILMN_3180895	60725
ILMN_3257361	2510577
ILMN_1667087	3130524
ILMN_1805147	4250139
ILMN_1706558	2490170
ILMN_1778318	1710039
ILMN_1790197	3610167
ILMN_1692464	1450309
ILMN_1779702	1070717
ILMN_1763663	5080746
ILMN_1668752	6130164
ILMN_1711928	1850164
ILMN_1652701	5270014
ILMN_2180885	6960086
ILMN_1770102	2100047
ILMN_1655196	670400
ILMN_1672800	2030706
ILMN_1778510	1570035
ILMN_1815366	430390
ILMN_1677038	7510551
ILMN_1765636	770719
ILMN_2387471	7550368
ILMN_1665289	2480026
ILMN_1672982	3440494
ILMN_1728115	610209
ILMN_1685465	1240653
ILMN_1705207	3450561
ILMN_1700098	380465
ILMN_1656149	2480682
ILMN_3247023	20168
ILMN_1702866	3800719
ILMN_1707286	2140288
ILMN_3183048	780703
ILMN_3259509	6660097
ILMN_2150802	5550445
ILMN_1696243	7000575
ILMN_1670317	360274
ILMN_1806305	4040129
ILMN_1684155	1660672
ILMN_1706699	5810475
ILMN_1716546	2600670
ILMN_1809817	5220139
ILMN_3274036	4880280
ILMN_2144162	4280328
ILMN_1711060	5690521
ILMN_1751587	7650022
ILMN_1791658	2970138
ILMN_1804175	4760372
ILMN_1656250	7100538
ILMN_1661004	2120471
ILMN_3260180	130162
ILMN_1655498	6220053
ILMN_1789807	4920411
ILMN_1710829	4760681
ILMN_1700068	4060450
ILMN_1665260	6760484
ILMN_1716729	2190360
ILMN_3307180	2100008
ILMN_1732860	7000711
ILMN_3270637	110209
ILMN_1797409	3180008
ILMN_1720004	5870196
ILMN_1815114	5270273
ILMN_1726048	1770328
ILMN_1760430	4760152
ILMN_1705466	5700095
ILMN_1724966	430673
ILMN_1726041	4260048
ILMN_1686712	6060445
ILMN_1745684	2680224
ILMN_3184067	670504
ILMN_3263341	4390242
ILMN_1745695	6280653
ILMN_3268232	4250719
ILMN_3191764	4670209
ILMN_1711772	1030673
ILMN_1788833	4070440
ILMN_1668152	2900020
ILMN_1799872	6660653
ILMN_1673270	6380292
ILMN_1719209	1070112
ILMN_3189585	650215
ILMN_3266054	5130193
ILMN_1654108	3360674
ILMN_1787100	6040639
ILMN_2113728	4250301
ILMN_1812549	5570193
ILMN_1655136	5570154
ILMN_1743256	3850543
ILMN_1791162	7150735
ILMN_1723834	1440725
ILMN_3191756	940647
ILMN_3268228	1500220
ILMN_1756918	5820286
ILMN_1671331	4120458
ILMN_1780637	670497
ILMN_1768646	1690612
ILMN_1794510	5670682
ILMN_1657603	3610014
ILMN_1722609	3440072
ILMN_1751897	5220129
ILMN_3266833	4900019
ILMN_1660007	4010601
ILMN_1792191	3290066
ILMN_1736479	4900709
ILMN_2109536	5390349
ILMN_1766316	5690538
ILMN_1728889	460192
ILMN_2135456	2810458
ILMN_1652243	6110743
ILMN_3191647	990593
ILMN_1776826	3120682
ILMN_1716991	4060161
ILMN_1762018	2100605
ILMN_1784879	2570600
ILMN_1664563	3170576
ILMN_1692874	2320630
ILMN_1755635	1230110
ILMN_1838357	4920315
ILMN_1717029	7570600
ILMN_3242977	5220706
ILMN_1746472	3420131
ILMN_1773383	5670240
ILMN_1671366	4590528
ILMN_1674795	7050400
ILMN_1737878	3190762
ILMN_1798911	6110431
ILMN_1675437	2060435
ILMN_3307149	7100397
ILMN_1676435	510364
ILMN_1691212	5700470
ILMN_1653615	1980162
ILMN_3243324	7050255
ILMN_1678705	160408
ILMN_1763891	840040
ILMN_1806862	7570056
ILMN_3187458	830332
ILMN_3258523	6900168
ILMN_3269655	1090377
ILMN_1800246	4060026
ILMN_1668671	2470324
ILMN_1738738	5080427
ILMN_1778408	5420647
ILMN_1726856	7570564
ILMN_1788008	1980736
ILMN_1730351	2680390
ILMN_1685640	1980372
ILMN_2163187	2810719
ILMN_3307940	3130332
ILMN_1757380	2070634
ILMN_1777040	5050433
ILMN_1768434	7320725
ILMN_1781225	2850553
ILMN_1805011	3780601
ILMN_1673642	3610746
ILMN_2085339	5050343
ILMN_1768919	1170241
ILMN_1697634	6560703
ILMN_1691966	1410372
ILMN_1675792	6620543
ILMN_1696029	6980128
ILMN_1691194	2690487
ILMN_1672818	3120044
ILMN_3249820	4590538
ILMN_1718770	4640328
ILMN_1668736	450241
ILMN_3181480	3290537
ILMN_3257941	4280215
ILMN_1735905	2370148
ILMN_1696193	5670446
ILMN_1659333	6760743
ILMN_1690843	1770220
ILMN_2162496	6860491
ILMN_1708686	2760070
ILMN_1910334	1850025
ILMN_1722825	6290639
ILMN_3241684	2650154
ILMN_1651259	6560392
ILMN_1717265	3170291
ILMN_1727099	2480259
ILMN_1809167	2940138
ILMN_1723320	7320241
ILMN_1771618	3450133
ILMN_1769571	4120041
ILMN_3237826	20368
ILMN_1674116	990088
ILMN_1654458	4850017
ILMN_3269324	2570500
ILMN_1786064	4810196
ILMN_3184599	3370025
ILMN_3232128	3850427
ILMN_2122153	4220242
ILMN_1656266	430601
ILMN_1739404	1470307
ILMN_1670886	5900762
ILMN_2189859	6020674
ILMN_3263520	1240564
ILMN_1771320	670136
ILMN_3306959	670411
ILMN_1782381	6330427
ILMN_1772626	3420184
ILMN_1700307	510743
ILMN_1668657	3390220
ILMN_2378404	4200468
ILMN_1692595	7050270
ILMN_1694168	1300661
ILMN_1769704	1400433
ILMN_1803559	1660341
ILMN_1662744	7200220
ILMN_1790412	6330315
ILMN_1666633	3780240
ILMN_1771696	3710246
ILMN_1772185	770750
ILMN_1731832	4540528
ILMN_1653369	5860692
ILMN_1750288	6590148
ILMN_1750051	5420400
ILMN_3231471	4200427
ILMN_3230623	6450349
ILMN_2162454	2320603
ILMN_1701624	3290092
ILMN_1740620	3450369
ILMN_1687850	5490373
ILMN_1713650	6650368
ILMN_1803357	6350196
ILMN_1800914	3390671
ILMN_2194980	1850730
ILMN_1664364	6040692
ILMN_1707318	1850390
ILMN_2284930	620328
ILMN_1670805	1940189
ILMN_1709738	4590411
ILMN_1787540	6900193
ILMN_1713676	5220403
ILMN_1746695	7610431
ILMN_1736217	7510474
ILMN_3249524	3420021
ILMN_3307134	6760463
ILMN_1764029	7550082
ILMN_1689807	5550551
ILMN_2129102	5900541
ILMN_1690532	4780767
ILMN_2041222	4880333
ILMN_1722537	6040543
ILMN_3268731	5890474
ILMN_3258024	1340564
ILMN_3181565	2000358
ILMN_1809892	4200521
ILMN_1740818	2190605
ILMN_1778202	6900437
ILMN_1745860	3130619
ILMN_1709006	1770296
ILMN_3262321	7330601
ILMN_1722632	2850022
ILMN_1694458	1500672
ILMN_1813427	1660403
ILMN_1701286	1430520
ILMN_1655489	4260458
ILMN_1759649	7100050
ILMN_1783743	830576
ILMN_1794611	4260168
ILMN_3253126	6520538
ILMN_3243223	7200592
ILMN_1795300	5900367
ILMN_1702812	6560022
ILMN_3307069	2030762
ILMN_1652178	6060133
ILMN_1713983	3360341
ILMN_1663052	4150612
ILMN_2150049	3710241
ILMN_1749266	2350593
ILMN_3244650	430681
ILMN_1789531	4850474
ILMN_2167961	6520563
ILMN_1747084	3420482
ILMN_1748952	4670152
ILMN_1703579	1500754
ILMN_2140455	6580445
ILMN_1697691	2490692
ILMN_3307113	2060162
ILMN_1727065	3170682
ILMN_1674060	2260719
ILMN_1705921	870091
ILMN_1676077	5570056
ILMN_3272299	5290372
ILMN_3238221	1850059
ILMN_1770269	4050010
ILMN_1657378	2810598
ILMN_1732000	2070273
ILMN_2067334	1820446
ILMN_1732143	1710477
ILMN_1674044	520543
ILMN_1783840	5090553
ILMN_3192548	2340102
ILMN_2123450	6450504
ILMN_1696554	3290121
ILMN_1769540	5910400
ILMN_3241505	3610445
ILMN_1794233	1850296
ILMN_3235148	830768
ILMN_1717726	6220241
ILMN_2123683	6860563
ILMN_2177823	7320273
ILMN_1676321	7160646
ILMN_3269339	460735
ILMN_3186578	1260594
ILMN_1659980	2970041
ILMN_1698060	4780736
ILMN_1663010	6480100
ILMN_1662091	6550176
ILMN_1729824	4890333
ILMN_1746292	2640546
ILMN_1731556	1500646
ILMN_1656779	2970576
ILMN_1718657	4260129
ILMN_1688020	4670139
ILMN_1741157	2350682
ILMN_1702613	1430608
ILMN_1763975	1770706
ILMN_1709900	5690754
ILMN_1688721	7050477
ILMN_3236599	7610553
ILMN_2055925	6280561
ILMN_1671981	4730639
ILMN_3242663	240050
ILMN_1708941	670743
ILMN_2230162	4860196
ILMN_1807691	4670053
ILMN_1778320	3610725
ILMN_1770065	1400075
ILMN_1721558	50180
ILMN_3265237	4180554
ILMN_1674559	3130369
ILMN_1789902	430537
ILMN_1914156	940609
ILMN_3236202	3060634
ILMN_1733037	3710274
ILMN_1682256	6400487
ILMN_1773735	4200348
ILMN_1775570	6220594
ILMN_3307178	1450746
ILMN_1686781	6040176
ILMN_1727670	380446
ILMN_1664351	2710561
ILMN_1694359	3450500
ILMN_1671997	2120274
ILMN_1709607	3830431
ILMN_1675335	1300091
ILMN_2170643	2120554
ILMN_1774211	5310491
ILMN_1754132	2600427
ILMN_1808018	4830209
ILMN_1807464	2680576
ILMN_1779497	3390309
ILMN_1764619	6330653
ILMN_1807093	2630202
ILMN_1665778	2470497
ILMN_2149952	2810037
ILMN_1695618	4280403
ILMN_1680388	6840066
ILMN_3249711	7570653
ILMN_1675282	5130768
ILMN_2187899	5490554
ILMN_1702241	4120014
ILMN_2131022	5820215
ILMN_1732584	4200292
ILMN_3187848	840132
ILMN_2121848	2570427
ILMN_1701645	3180370
ILMN_1701629	1340286
ILMN_1699216	4060615
ILMN_1774335	6580681
ILMN_1797431	5290088
ILMN_3271942	6940138
ILMN_2131528	6020673
ILMN_2150708	6400187
ILMN_1784492	7330431
ILMN_2179967	4730468
ILMN_1679767	6550372
ILMN_1777312	3370204
ILMN_1699072	4480343
ILMN_1786559	1990156
ILMN_1684193	6650609
ILMN_1774288	3130463
ILMN_1695254	6290382
ILMN_1732267	5340543
ILMN_1768430	1990010
ILMN_1731326	2480349
ILMN_1696852	6960246
ILMN_1772848	160717
ILMN_1675304	6760079
ILMN_1791596	780739
ILMN_1661303	4010156
ILMN_2194852	7200519
ILMN_1698769	1230273
ILMN_2233438	4730142
ILMN_2107344	940044
ILMN_1702164	3840047
ILMN_1719635	940437
ILMN_1717717	3420201
ILMN_1807007	7040273
ILMN_1709314	1820193
ILMN_1727916	6350592
ILMN_3262976	4490377
ILMN_3262439	6100730
ILMN_3307121	2000379
ILMN_1670215	6660402
ILMN_1770385	4830347
ILMN_1773553	3940050
ILMN_3197549	2140497
ILMN_1795567	1240491
ILMN_1751351	7150575
ILMN_1789048	5960326
ILMN_1731912	6940180
ILMN_1810159	6400754
ILMN_1664926	6040220
ILMN_1758642	6130300
ILMN_1687335	6250242
ILMN_1664922	5220767
ILMN_1715748	580491
ILMN_1661439	3780181
ILMN_1726222	2450129
ILMN_1685056	1990044
ILMN_1769615	4610056
ILMN_1805665	2320626
ILMN_1782750	2350487
ILMN_1752307	3130047
ILMN_1766363	2850451
ILMN_2091412	830324
ILMN_1794741	940056
ILMN_2390427	2690356
ILMN_1741673	3890195
ILMN_1661596	1940280
ILMN_2204876	1510026
ILMN_1656792	1450445
ILMN_1690035	3390661
ILMN_1805796	4920162
ILMN_3248672	6180504
ILMN_1764795	4210681
ILMN_1782748	240121
ILMN_1710116	1500630
ILMN_1730491	2710605
ILMN_2395214	150551
ILMN_1692678	2940615
ILMN_1657955	3440504
ILMN_1684401	2060041
ILMN_1732158	4290603
ILMN_2344283	4850647
ILMN_1808657	5220379
ILMN_1677885	540544
ILMN_1811632	2350243
ILMN_2078124	1090603
ILMN_1672564	6060736
ILMN_1771544	6550102
ILMN_1789639	1710484
ILMN_1666097	6270400
ILMN_1657141	7040445
ILMN_1778237	4040592
ILMN_1675646	5670228
ILMN_2366463	6180528
ILMN_1801588	1690196
ILMN_1652333	4010021
ILMN_1797342	5270435
ILMN_1809895	1010471
ILMN_1754600	4560092
ILMN_2108938	7650091
ILMN_1734653	2340309
ILMN_2163873	6900097
ILMN_2362581	1660113
ILMN_2269380	4670301
ILMN_1705111	7200358
ILMN_3253456	4250736
ILMN_3178302	6060440
ILMN_1663032	150162
ILMN_1761084	3390739
ILMN_1742179	1300475
ILMN_1682221	4590497
ILMN_1796523	1580068
ILMN_1737343	2450563
ILMN_3237329	3850519
ILMN_1746494	5810274
ILMN_2374191	6130019
ILMN_1721704	6550341
ILMN_1728517	5820240
ILMN_1681651	4830086
ILMN_1735115	7040519
ILMN_1677866	2710722
ILMN_1661733	3840709
ILMN_1712582	6180041
ILMN_2346339	6650068
ILMN_1698608	7100291
ILMN_1745963	4480364
ILMN_1730454	4010181
ILMN_3243846	4850019
ILMN_2279217	5560669
ILMN_1665902	7150670
ILMN_1669523	4280017
ILMN_1751607	7160239
ILMN_1771841	6960332
ILMN_1725175	1470543
ILMN_1766650	830056
ILMN_1763712	2230086
ILMN_1678728	3780731
ILMN_1668052	4610592
ILMN_1792733	630341
ILMN_1799734	1300377
ILMN_2224569	1990326
ILMN_1765014	4900692
ILMN_1738401	2760079
ILMN_1705201	7560523
ILMN_1704418	3870500
ILMN_1789400	510180
ILMN_1737435	3850139
ILMN_2173524	290377
ILMN_1786473	4040041
ILMN_1781867	3390563
ILMN_2085441	7100753
ILMN_1705550	540561
ILMN_1698938	3850523
ILMN_2188390	5310376
ILMN_2093508	7050497
ILMN_3238576	5900270
ILMN_3237169	5890576
ILMN_3244100	1770301
ILMN_1668651	3450692
ILMN_2186925	6250309
ILMN_1815599	510730
ILMN_1719934	2360475
ILMN_1680973	3800554
ILMN_1674934	1660470
ILMN_2149946	4200458
ILMN_1798808	5130180
ILMN_1736936	4050433
ILMN_1651437	6370561
ILMN_1808388	2450437
ILMN_3245306	2260184
ILMN_1802190	3170204
ILMN_1731648	4900332
ILMN_2128668	5700259
ILMN_1812893	6380168
ILMN_2082244	6860544
ILMN_2310685	1570561
ILMN_2241317	4890347
ILMN_1784341	6660474
ILMN_1741692	6900541
ILMN_1714280	1510241
ILMN_1776596	2510162
ILMN_1681456	4230750
ILMN_1796851	5270091
ILMN_2344971	540053
ILMN_1716400	2650364
ILMN_1666363	3870435
ILMN_1736510	6020612
ILMN_1783954	1770408
ILMN_1665304	5340102
ILMN_1719069	6840291
ILMN_1738816	6770719
ILMN_1844692	2630546
ILMN_1687940	4920138
ILMN_1712515	5260162
ILMN_1681703	6200692
ILMN_1712095	4480575
ILMN_3307977	1690364
ILMN_3311135	3520347
ILMN_3311155	5900142
ILMN_2250923	20162
ILMN_1682495	2760224
ILMN_1768248	6100220
ILMN_1738179	7510019
ILMN_1695355	990301
ILMN_2357701	5560168
ILMN_1768049	1340167
ILMN_1773809	50053
ILMN_2316740	1400402
ILMN_1669046	4640086
ILMN_2298171	1980678
ILMN_1707985	2650338
ILMN_1685779	2970270
ILMN_1770460	5490022
ILMN_1711758	830253
ILMN_1762312	1240309
ILMN_2130635	160181
ILMN_1772957	6180487
ILMN_1811790	3610102
ILMN_1713948	380168
ILMN_1681724	6480441
ILMN_1659576	6650066
ILMN_1727878	2470133
ILMN_2092118	1030270
ILMN_2392569	3400392
ILMN_1740875	4150543
ILMN_2203271	5310402
ILMN_1755405	3710612
ILMN_1769031	1410243
ILMN_1806667	270358
ILMN_1683453	2570195
ILMN_1672151	5050435
ILMN_1671318	7160528
ILMN_1781416	70343
ILMN_1736180	3400646
ILMN_1788213	7330026
ILMN_1715452	1940358
ILMN_2091978	3390047
ILMN_1703174	5390386
ILMN_1686928	2970451
ILMN_1756784	7160142
ILMN_1734696	2470519
ILMN_3236543	4760291
ILMN_1760475	1400554
ILMN_2182262	5340301
ILMN_1689120	2940039
ILMN_2203266	6660176
ILMN_3243065	1240168
ILMN_1727605	1090682
ILMN_1742390	4230348
ILMN_1698725	6840767
ILMN_1678961	1770008
ILMN_1663948	1450278
ILMN_1700143	3420360
ILMN_1746420	3850114
ILMN_1794885	610348
ILMN_1727592	5890687
ILMN_2330787	5420070
ILMN_1769282	7510309
ILMN_2251759	7650646
ILMN_1792419	3930156
ILMN_3241870	6510408
ILMN_1754580	5870639
ILMN_1658081	380593
ILMN_1660879	510167
ILMN_2265985	2060358
ILMN_1710203	2190523
ILMN_2356273	3830382
ILMN_1661282	6520372
ILMN_2235531	1090162
ILMN_2274605	3400494
ILMN_2300526	5340280
ILMN_2309733	1470554
ILMN_2283094	5260209
ILMN_1776569	6060598
ILMN_2240811	6110088
ILMN_1739631	7400088
ILMN_1753507	1710288
ILMN_1754018	1780615
ILMN_2214734	1030079
ILMN_1735488	3840343
ILMN_1703222	2070482
ILMN_2335893	4060577
ILMN_2254562	4890180
ILMN_1772605	4210717
ILMN_1678437	4070553
ILMN_2204332	2970066
ILMN_1665024	6370112
ILMN_1747223	6480743
ILMN_1798467	6840048
ILMN_1716246	3370113
ILMN_1711339	6660326
ILMN_2048683	1190041
ILMN_1756721	4010328
ILMN_1808707	4560328
ILMN_2364901	50097
ILMN_1713247	3400066
ILMN_1689635	2140424
ILMN_1694755	1510176
ILMN_2376980	1580156
ILMN_1813490	3170019
ILMN_1669450	5080706
ILMN_1733781	7320059
ILMN_1689646	7330619
ILMN_1677572	3850274
ILMN_1679678	770646
ILMN_3307738	5340008
ILMN_1751084	5670441
ILMN_2415393	1400471
ILMN_1718877	6480682
ILMN_1661616	650082
ILMN_2333449	5080414
ILMN_1716925	5220424
ILMN_1718172	830706
ILMN_1712896	1260068
ILMN_1700081	6020286
ILMN_2201678	2650220
ILMN_1730670	2360356
ILMN_1712308	3930521
ILMN_1661566	6330333
ILMN_1737981	1070162
ILMN_1663569	6200367
ILMN_1679646	6280070
ILMN_1683146	5220240
ILMN_2134538	460164
ILMN_1706013	6180070
ILMN_1750278	3190133
ILMN_2073235	4730181
ILMN_3257030	1660669
ILMN_3176403	3850204
ILMN_1735439	60754
ILMN_3233968	2260097
ILMN_2091846	4060561
ILMN_1746525	4120039
ILMN_2173835	6450139
ILMN_2234016	2970431
ILMN_1681871	4040246
ILMN_1696911	1980594
ILMN_2233401	2000592
ILMN_1740429	4920767
ILMN_1814823	5810328
ILMN_1702498	2630646
ILMN_2288070	2900129
ILMN_2401822	1110605
ILMN_1802347	3440307
ILMN_2401826	6510148
ILMN_1735918	1710162
ILMN_1815933	2030243
ILMN_1811692	4210600
ILMN_1814573	5570615
ILMN_3246953	2940059
ILMN_1776552	20201
ILMN_2353033	2370494
ILMN_1792190	7570088
ILMN_1752728	2060121
ILMN_2085362	4480433
ILMN_1744914	6450768
ILMN_1704195	6180204
ILMN_1728540	4260192
ILMN_1669118	1940039
ILMN_1790228	3870706
ILMN_2306066	6130161
ILMN_3180722	5260092
ILMN_3268031	5420047
ILMN_1712894	4850382
ILMN_1725683	460037
ILMN_2163906	1500328
ILMN_1678862	70553
ILMN_1794659	830082
ILMN_1653358	940487
ILMN_1792072	7160373
ILMN_1773310	6290411
ILMN_2312228	5420373
ILMN_1761275	5820671
ILMN_1724236	5340324
ILMN_1741422	3870497
ILMN_1693152	7160181
ILMN_1878007	130523
ILMN_1705352	460520
ILMN_1748836	5900414
ILMN_2154053	160537
ILMN_2154052	1740242
ILMN_1773850	3780164
ILMN_2342515	10132
ILMN_1774826	6760088
ILMN_1679640	520356
ILMN_1704335	3520048
ILMN_2389273	4180577
ILMN_1738699	5690280
ILMN_1764022	1400091
ILMN_2345292	3850500
ILMN_1789463	5860022
ILMN_1781045	2710348
ILMN_1715301	6420592
ILMN_2398572	6550044
ILMN_2289593	6860154
ILMN_1791580	2060687
ILMN_1665372	5390240
ILMN_2376050	6760440
ILMN_1725597	7100040
ILMN_1704286	1470332
ILMN_2235975	3400278
ILMN_2309848	7380546
ILMN_1768812	160270
ILMN_1786118	6380110
ILMN_2280548	3310341
ILMN_1796537	5890414
ILMN_1709032	6900278
ILMN_1686555	610164
ILMN_2380801	840025
ILMN_1781207	4860050
ILMN_2249920	6290725
ILMN_1683786	1470050
ILMN_1670439	3180465
ILMN_2389935	6290608
ILMN_1696546	3520066
ILMN_2222065	4230674
ILMN_2105539	2260192
ILMN_1653711	5720180
ILMN_1703408	1470121
ILMN_1743367	620255
ILMN_1798971	4890102
ILMN_1659297	2190553
ILMN_2108823	460670
ILMN_1804351	1570709
ILMN_1729368	3290301
ILMN_1704398	6200132
ILMN_1753207	2370338
ILMN_3306993	6560553
ILMN_1691846	6180427
ILMN_2344455	5720300
ILMN_2357809	6520730
ILMN_1759622	2370754
ILMN_2381753	4150037
ILMN_2381758	4540647
ILMN_1720422	7100156
ILMN_1738414	4780431
ILMN_2079890	5550482
ILMN_2394421	2070070
ILMN_2287257	2640035
ILMN_1661703	5050139
ILMN_2127477	380242
ILMN_1697559	430465
ILMN_2347949	4200450
ILMN_2261122	6520095
ILMN_2410783	1190634
ILMN_1765801	2490452
ILMN_1666910	840086
ILMN_2405534	4890307
ILMN_1781672	6660470
ILMN_1665964	540368
ILMN_1815758	3120537
ILMN_1728746	7160300
ILMN_1805979	6130754
ILMN_1716182	620192
ILMN_2050109	3840332
ILMN_2151281	6420465
ILMN_2046315	20091
ILMN_1796458	3120520
ILMN_2395373	270014
ILMN_1658965	4120544
ILMN_2395375	7550328
ILMN_1660718	4780563
ILMN_1750029	270053
ILMN_2175562	610156
ILMN_1682403	3290184
ILMN_1683173	4590088
ILMN_1685881	5690435
ILMN_1685239	6770274
ILMN_1882938	7000576
ILMN_3195401	150753
ILMN_3272074	3830326
ILMN_2161007	1170706
ILMN_1668713	1470400
ILMN_2331701	1690215
ILMN_1761147	7200431
ILMN_1802633	6900332
ILMN_1659678	20152
ILMN_1715551	2340093
ILMN_1801408	1410014
ILMN_1707571	510438
ILMN_2215730	2070386
ILMN_1798681	540162
ILMN_2159730	6130692
ILMN_1667362	110192
ILMN_1798046	1300020
ILMN_1687090	1710528
ILMN_1673493	3400435
ILMN_1660608	4250349
ILMN_1767503	5090431
ILMN_1709681	5390669
ILMN_1779742	2450524
ILMN_2324202	2760403
ILMN_1742195	3780520
ILMN_1784706	6060102
ILMN_1670606	5390471
ILMN_1800270	2120600
ILMN_2413964	6020326
ILMN_1725808	2000487
ILMN_1689146	4810209
ILMN_1793523	830195
ILMN_1760431	5080722
ILMN_1676870	5390639
ILMN_1700949	70382
ILMN_1812859	840059
ILMN_1660973	1440477
ILMN_2292646	3840192
ILMN_1728301	7210736
ILMN_1694075	670255
ILMN_2052208	4880673
ILMN_1718977	4920110
ILMN_1651498	5570114
ILMN_1751530	3780112
ILMN_1700703	270286
ILMN_3211339	1450465
ILMN_3294254	6110398
ILMN_3178368	4250075
ILMN_3253598	840605
ILMN_1777424	450446
ILMN_2396551	4490070
ILMN_1757915	7200253
ILMN_2288639	7330497
ILMN_3239440	5050424
ILMN_3243856	460707
ILMN_3243851	2000673
ILMN_3236667	620278
ILMN_3237846	5670743
ILMN_3242920	6620326
ILMN_1664660	3930500
ILMN_3244090	3390039
ILMN_2233576	4830561
ILMN_1691563	4900021
ILMN_3243333	4590487
ILMN_3244168	5490647
ILMN_3245682	3610544
ILMN_2203976	4860102
ILMN_3236963	6220592
ILMN_1715638	50220
ILMN_2195385	1990519
ILMN_1738450	1050373
ILMN_2127767	4290324
ILMN_1782705	6900328
ILMN_1764225	70075
ILMN_1700918	1300692
ILMN_1783832	7570189
ILMN_1770467	3400477
ILMN_2104486	1170601
ILMN_1701042	10095
ILMN_1731268	130286
ILMN_1700760	1780202
ILMN_1672906	2970187
ILMN_1813775	7210767
ILMN_1682015	60452
ILMN_1729905	1260468
ILMN_1714478	6580010
ILMN_1904786	3780367
ILMN_1697081	7610196
ILMN_1693452	4180603
ILMN_2415572	2070647
ILMN_1799744	3440491
ILMN_1714157	5690338
ILMN_1792168	6980162
ILMN_1777523	7160368
ILMN_1730660	1660647
ILMN_1803194	3520278
ILMN_1659682	10692
ILMN_1723124	4070706
ILMN_1732514	5670121
ILMN_1671482	2480450
ILMN_1737949	2850136
ILMN_2082035	510450
ILMN_1803977	4920201
ILMN_1662556	2060301
ILMN_1681984	3610202
ILMN_1655985	5690056
ILMN_1651819	4480669
ILMN_1735157	4880544
ILMN_1738869	6480575
ILMN_1722524	5310270
ILMN_2076429	1850154
ILMN_1814606	5690500
ILMN_1671039	2600114
ILMN_1739297	7320717
ILMN_1658575	4010138
ILMN_1677574	4490164
ILMN_1670748	1010292
ILMN_1782978	3440279
ILMN_1653687	5340136
ILMN_1749379	5360056
ILMN_1796575	5870386
ILMN_1708925	6980553
ILMN_1799903	240746
ILMN_2077952	6560458
ILMN_1813104	1980379
ILMN_1673773	130148
ILMN_1738212	2940008
ILMN_3243773	2650195
ILMN_1746352	5490114
ILMN_2151012	1770441
ILMN_1763309	4180424
ILMN_1733847	1510008
ILMN_2110857	2190735
ILMN_1758100	2630382
ILMN_1697760	5390743
ILMN_1657475	5690750
ILMN_1706005	6520669
ILMN_1756469	5290593
ILMN_1764355	6620474
ILMN_1794595	6980593
ILMN_3307901	460600
ILMN_1708103	6400673
ILMN_1739441	2650446
ILMN_1812256	6420722
ILMN_1794552	4670204
ILMN_1802252	2640048
ILMN_2038778	2640091
ILMN_1343295	4490161
ILMN_3267451	5270541
ILMN_2200153	1190653
ILMN_1794117	1240131
ILMN_1675191	6480079
ILMN_3242271	7570541
ILMN_1671221	1570433
ILMN_1708954	130326
ILMN_3263329	1010544
ILMN_2412549	1340647
ILMN_1779347	4880343
ILMN_1666832	1740307
ILMN_2041236	2850291
ILMN_1771026	5700278
ILMN_1679476	20544
ILMN_1793220	3780435
ILMN_1800020	3830102
ILMN_1772910	360047
ILMN_2062701	6270411
ILMN_1804569	2900338
ILMN_1652852	7650605
ILMN_1724059	5910326
ILMN_2370535	6280735
ILMN_1792777	6620431
ILMN_2045576	10193
ILMN_1711712	1240041
ILMN_2211003	6400356
ILMN_1754378	5290075
ILMN_1779558	70730
ILMN_1781614	4050592
ILMN_1784749	4280632
ILMN_1768260	4570181
ILMN_1687018	610446
ILMN_1745994	1070435
ILMN_1790080	1300725
ILMN_2274571	4670477
ILMN_1783798	6860291
ILMN_1712721	4670291
ILMN_1797251	3400291
ILMN_2102670	4010196
ILMN_2406656	5910719
ILMN_1749866	3440239
ILMN_1760153	6250403
ILMN_1695041	2490594
ILMN_1710863	1770360
ILMN_1673682	1570373
ILMN_1766359	2370576
ILMN_1809034	3840750
ILMN_1729180	3940292
ILMN_1699631	2190541
ILMN_1755123	580048
ILMN_2364110	4780133
ILMN_1674560	2030438
ILMN_1656846	7650139
ILMN_2181064	4900341
ILMN_1664350	5080670
ILMN_1741837	3400576
ILMN_1778611	270376
ILMN_1789702	6280176
ILMN_2157544	6510192
ILMN_1652906	4490687
ILMN_2148785	2190148
ILMN_1701114	6840035
ILMN_1774077	1940162
ILMN_1725314	2350189
ILMN_1771385	1980524
ILMN_2114568	1510364
ILMN_1756953	3780047
ILMN_2121568	7380400
ILMN_2052172	4850026
ILMN_3240441	1660475
ILMN_1680320	2450491
ILMN_1736162	4780278
ILMN_1800602	4230619
ILMN_1724437	7560164
ILMN_1682206	1570280
ILMN_1678831	6280538
ILMN_1654195	7320438
ILMN_2408730	7320500
ILMN_1797482	4060731
ILMN_2296843	6660201
ILMN_1667449	2510082
ILMN_1685948	3840403
ILMN_2388254	7200711
ILMN_1724396	7560450
ILMN_1725311	6100095
ILMN_1812759	240053
ILMN_2335813	1010360
ILMN_1788802	1740382
ILMN_1694780	5670475
ILMN_1706775	270554
ILMN_1676437	5080152
ILMN_1694472	7610639
ILMN_1815530	6960059
ILMN_2215194	3840537
ILMN_1730575	4730670
ILMN_1788547	1990577
ILMN_2225974	4480053
ILMN_1695135	1050176
ILMN_1728449	2650689
ILMN_1734312	6270450
ILMN_1666545	870600
ILMN_2225135	3180091
ILMN_1653174	1940615
ILMN_1666986	3130753
ILMN_1680390	6660369
ILMN_1807970	7200735
ILMN_1712082	4610520
ILMN_3236182	2140390
ILMN_3266787	3060224
ILMN_3190324	5960100
ILMN_3249296	7000370
ILMN_1795702	1780674
ILMN_1693716	1980377
ILMN_2402581	3440468
ILMN_2272857	3450626
ILMN_1674151	3610707
ILMN_1746635	6520707
ILMN_2090782	60196
ILMN_1666403	3190551
ILMN_2090786	4830309
ILMN_1812494	4060347
ILMN_1674949	4560471
ILMN_2276933	2510296
ILMN_1721801	4120577
ILMN_1760208	290168
ILMN_1789059	7320661
ILMN_1728698	6520075
ILMN_3236437	3990180
ILMN_1662280	2940092
ILMN_1685319	4860619
ILMN_1728642	6450121
ILMN_1678191	5690095
ILMN_1745132	5310521
ILMN_2188862	5090671
ILMN_1760363	7550279
ILMN_2210111	2070632
ILMN_1796471	2690168
ILMN_3264684	4640068
ILMN_3188215	7210626
ILMN_1757441	3130097
ILMN_2150175	4060072
ILMN_1803881	1500528
ILMN_1738783	1300373
ILMN_1734153	830653
ILMN_1754178	6180538
ILMN_1674882	4760619
ILMN_1705019	5340438
ILMN_1662492	6350411
ILMN_1729599	4280634
ILMN_2106265	4780403
ILMN_1726549	5270390
ILMN_1774901	5390121
ILMN_1731870	6510309
ILMN_1742040	6840768
ILMN_1701643	1010176
ILMN_1651536	610075
ILMN_2388965	4050131
ILMN_1741027	4670112
ILMN_2367883	1170246
ILMN_1677092	1440408
ILMN_1678968	4560706
ILMN_1770206	6450300
ILMN_1663383	6110484
ILMN_1707484	5080164
ILMN_2327181	110605
ILMN_1673384	4390474
ILMN_2364088	1260035
ILMN_1748116	4850682
ILMN_2206282	1580044
ILMN_1680220	2810408
ILMN_3249840	7000195
ILMN_1697176	3190167
ILMN_1768055	6940689
ILMN_1690420	4120379
ILMN_1742548	7200386
ILMN_1657682	3440195
ILMN_2378696	4150424
ILMN_1686668	7320452
ILMN_1778240	5720059
ILMN_1744006	2970050
ILMN_2220187	2350053
ILMN_2220184	4920156
ILMN_1709674	5130563
ILMN_2253805	1430504
ILMN_2334359	5220022
ILMN_1725678	6110270
ILMN_1656300	4490072
ILMN_1810716	6060458
ILMN_1779047	4070315
ILMN_1662378	4560474
ILMN_1708710	240497
ILMN_1691742	6520475
ILMN_1681668	130102
ILMN_1708174	670482
ILMN_2278908	2570156
ILMN_2403851	4260593
ILMN_1658175	6250414
ILMN_1686152	2190121
ILMN_2402972	1050367
ILMN_1675982	1570102
ILMN_1751135	6380382
ILMN_1745005	620187
ILMN_2101526	3780056
ILMN_1758232	5360241
ILMN_2195914	160615
ILMN_1681754	2510338
ILMN_1691719	5820577
ILMN_3270462	380524
ILMN_1725620	4900639
ILMN_2346856	1030360
ILMN_1692276	1260520
ILMN_1686531	830224
ILMN_1669393	4260092
ILMN_2274240	5290184
ILMN_1652604	5860639
ILMN_2368585	6940341
ILMN_3192867	5720524
ILMN_3269395	6400541
ILMN_3235704	7160685
ILMN_2190486	4760274
ILMN_1749372	670538
ILMN_1788942	1340154
ILMN_1737036	7150537
ILMN_3237246	7150504
ILMN_2212780	1070324
ILMN_1786186	2680161
ILMN_1715051	4560360
ILMN_1680730	60735
ILMN_1692188	2000192
ILMN_3306988	4490201
ILMN_1651236	4760411
ILMN_2403896	840475
ILMN_1781261	1340706
ILMN_2328874	5090162
ILMN_2296450	2190092
ILMN_1659354	3830221
ILMN_2413473	5550706
ILMN_1661113	6650274
ILMN_1746378	2030754
ILMN_1728467	4850754
ILMN_1775814	5050470
ILMN_1794372	2810288
ILMN_1714884	940692
ILMN_2275060	4810093
ILMN_1740186	5340730
ILMN_1696380	7320193
ILMN_3256106	1090324
ILMN_1717492	5570047
ILMN_1806691	6040026
ILMN_1731547	4920014
ILMN_1815639	6450020
ILMN_3268924	6130301
ILMN_1757186	6420671
ILMN_1689371	5890661
ILMN_2135272	6110747
ILMN_1748473	4880626
ILMN_1769383	5360079
ILMN_2329429	6330615
ILMN_1757785	6760142
ILMN_1776678	3170091
ILMN_2133316	3420687
ILMN_1747305	1190040
ILMN_3249235	3390382
ILMN_1697751	1850347
ILMN_1809590	6020735
ILMN_1754272	3060192
ILMN_1807501	3060433
ILMN_1673805	6550392
ILMN_2342903	4850088
ILMN_1796177	6380427
ILMN_1672545	610615
ILMN_2075476	2680093
ILMN_1722826	5860047
ILMN_2082005	1850382
ILMN_1733155	2640601
ILMN_1760922	2810327
ILMN_2355776	4540626
ILMN_2368575	1470553
ILMN_2272708	6200008
ILMN_2407605	1030224
ILMN_1664993	4540707
ILMN_1727087	6940017
ILMN_2200210	3370551
ILMN_1876266	1580128
ILMN_1731516	5490619
ILMN_1671106	2480546
ILMN_1702972	60762
ILMN_1722753	990646
ILMN_1686867	2760328
ILMN_1710161	2350114
ILMN_1799535	1410152
ILMN_1769388	5260095
ILMN_1789575	450524
ILMN_2334531	3420446
ILMN_1731525	7200204
ILMN_1718268	3850341
ILMN_1735365	6400017
ILMN_2226223	2260563
ILMN_1718671	3120113
ILMN_1801454	2140039
ILMN_1687023	1230739
ILMN_2397484	6370270
ILMN_1723048	6520356
ILMN_1757629	4290241
ILMN_1712396	1030215
ILMN_1691743	5890189
ILMN_1654742	4200132
ILMN_1725471	940274
ILMN_2393296	4150369
ILMN_1722330	6020431
ILMN_1673892	6180543
ILMN_1736972	6840750
ILMN_1760103	6330477
ILMN_1813688	5670020
ILMN_1766637	60630
ILMN_2397721	1340634
ILMN_2289111	2120491
ILMN_1735155	4560064
ILMN_2217513	2490360
ILMN_2144401	3940014
ILMN_3248891	3060475
ILMN_1781431	5290079
ILMN_1714349	2350524
ILMN_1806754	4210397
ILMN_1704376	5860402
ILMN_1754912	2140630
ILMN_1694323	3390437
ILMN_1772261	2030376
ILMN_1779989	1410369
ILMN_1727577	5290427
ILMN_1771962	110424
ILMN_1782751	2750209
ILMN_1769245	6220746
ILMN_1768975	870681
ILMN_1769559	7400204
ILMN_1652631	830278
ILMN_1736101	50767
ILMN_1710985	60239
ILMN_1747386	1500095
ILMN_1664099	3140494
ILMN_2291871	4070209
ILMN_1693427	4880767
ILMN_2402600	6560017
ILMN_1749448	2850609
ILMN_1739397	7570240
ILMN_1702177	6770619
ILMN_1738656	5910543
ILMN_2236440	6900019
ILMN_1787257	6020450
ILMN_1770675	4120537
ILMN_1764797	580192
ILMN_1788786	4120402
ILMN_1787085	2230414
ILMN_2354287	5270048
ILMN_3241921	940411
ILMN_1669631	60603
ILMN_1737308	4590228
ILMN_2258268	1240414
ILMN_1737912	4810576
ILMN_1680727	6980274
ILMN_3247462	580129
ILMN_1796165	2030484
ILMN_2188722	5570427
ILMN_1677439	3800035
ILMN_1706070	4390095
ILMN_1656327	1850373
ILMN_1727043	7380279
ILMN_1736742	6840600
ILMN_1736060	6560687
ILMN_1713290	430400
ILMN_1652727	780431
ILMN_2386891	1710551
ILMN_1796341	1740722
ILMN_1802654	10561
ILMN_1764380	4490017
ILMN_2234310	110132
ILMN_1727195	1980093
ILMN_1782829	7050746
ILMN_1703565	3610286
ILMN_1713756	2320289
ILMN_1777521	510017
ILMN_1765208	130392
ILMN_2269977	6650725
ILMN_1653496	7550392
ILMN_1757477	5810053
ILMN_1668510	6350324
ILMN_1811345	7380112
ILMN_1769032	1570021
ILMN_2161820	270170
ILMN_1681123	5550139
ILMN_2161910	2360113
ILMN_1663620	2810358
ILMN_1702202	4390075
ILMN_1791222	4920682
ILMN_1721365	5290746
ILMN_2221046	4280273
ILMN_1670532	110095
ILMN_2194627	3290717
ILMN_1778105	3520273
ILMN_1711227	6840156
ILMN_1727761	380468
ILMN_2383419	4900279
ILMN_1683204	2100437
ILMN_2093674	5260044
ILMN_1711617	3370452
ILMN_1805693	1070044
ILMN_1654479	4220689
ILMN_1720114	4830373
ILMN_1804476	830242
ILMN_1693878	5910102
ILMN_2412927	4830458
ILMN_1773645	6020228
ILMN_1720207	6250176
ILMN_1729487	3840400
ILMN_1677919	2490600
ILMN_1754788	4220646
ILMN_2365595	5090392
ILMN_3242205	2480630
ILMN_1802397	7650246
ILMN_2216157	670082
ILMN_1692191	4070259
ILMN_1699358	7150465
ILMN_1758906	3800730
ILMN_2176037	6650161
ILMN_1686227	2340608
ILMN_1773963	5670424
ILMN_1742044	1070603
ILMN_2131467	4260528
ILMN_1775762	1300730
ILMN_1696003	6060592
ILMN_1669271	3310554
ILMN_1746027	4200709
ILMN_2258897	4250671
ILMN_1730546	4010204
ILMN_1742704	5490133
ILMN_1800381	6580092
ILMN_1659923	6110494
ILMN_1804283	2350181
ILMN_1785637	5270220
ILMN_1769191	6100075
ILMN_3239955	3850162
ILMN_1750901	6020142
ILMN_1697315	6130450
ILMN_1745537	1230577
ILMN_1706176	1470180
ILMN_1654354	7380259
ILMN_1766182	4640609
ILMN_1760320	2710114
ILMN_1761044	4230719
ILMN_1658928	3370451
ILMN_1736500	7650152
ILMN_2115336	2120324
ILMN_1733249	1660246
ILMN_2129545	2940484
ILMN_2412294	2230408
ILMN_1698395	3390682
ILMN_1712348	5820017
ILMN_1729417	6060209
ILMN_1757074	450348
ILMN_1652003	6370717
ILMN_1782419	1580025
ILMN_1673380	5890025
ILMN_1730256	4880681
ILMN_1807925	2190020
ILMN_1806147	450632
ILMN_1804357	4050671
ILMN_1701854	10170
ILMN_1728107	1300139
ILMN_1693269	2490019
ILMN_2091100	2360397
ILMN_1671237	2760138
ILMN_1789457	6370068
ILMN_1761113	520196
ILMN_1806106	3850414
ILMN_2324056	5270167
ILMN_1790659	6940491
ILMN_1708414	5900746
ILMN_3251251	7610408
ILMN_2256295	4920612
ILMN_1790692	5360064
ILMN_1708779	6580041
ILMN_1736238	7380286
ILMN_1699859	1580343
ILMN_1784709	2600059
ILMN_2079488	3170577
ILMN_1691567	7550639
ILMN_1686235	6330739
ILMN_1736757	2490670
ILMN_2110206	2600544
ILMN_1764230	7210397
ILMN_1745991	2340553
ILMN_2354285	3310050
ILMN_1697845	4880678
ILMN_2385918	5420274
ILMN_2224619	520097
ILMN_1744517	6110392
ILMN_1807152	2570246
ILMN_1738821	4040292
ILMN_1726505	4120452
ILMN_2091113	2000435
ILMN_3235780	380286
ILMN_1733511	6250093
ILMN_1776297	2940070
ILMN_1773741	6760717
ILMN_1737359	1500692
ILMN_2110057	3290647
ILMN_1750447	840154
ILMN_2144791	1450600
ILMN_1713936	5290739
ILMN_1805221	610292
ILMN_1778673	1300750
ILMN_2268921	2100037
ILMN_3247945	770711
ILMN_1717887	1710333
ILMN_1712469	6660050
ILMN_1803385	2260743
ILMN_2103547	5690671
ILMN_1773111	1190377
ILMN_2192351	1770348
ILMN_1747854	6450196
ILMN_1669302	2570082
ILMN_1790740	2810440
ILMN_1775716	3830241
ILMN_1797503	4590546
ILMN_3241725	2060093
ILMN_1747935	3130768
ILMN_3245116	1820451
ILMN_1766405	4180364
ILMN_1737011	6250398
ILMN_1708841	2320068
ILMN_1706764	7050192
ILMN_2186216	5870221
ILMN_1795344	6100168
ILMN_1738989	2690411
ILMN_2137208	460082
ILMN_1767837	2100368
ILMN_1661138	1440091
ILMN_1740770	2650347
ILMN_2388585	1410170
ILMN_1716821	6380086
ILMN_1748018	3390592
ILMN_1798816	270019
ILMN_2401033	2360673
ILMN_1807072	1050403
ILMN_1656293	2600288
ILMN_1722812	3850747
ILMN_1656145	5690373
ILMN_1778726	5670327
ILMN_1801348	6980048
ILMN_1753575	5810296
ILMN_2311873	1740630
ILMN_1780622	130452
ILMN_2223772	2350445
ILMN_1732269	6020129
ILMN_1743290	1050292
ILMN_1729170	670348
ILMN_1769702	2480288
ILMN_2178855	3840026
ILMN_1758213	7040372
ILMN_2137625	50458
ILMN_1655230	6370402
ILMN_1655625	3400202
ILMN_1786036	6480243
ILMN_1686929	4230053
ILMN_2281069	1580341
ILMN_2383305	1820544
ILMN_2383306	4610136
ILMN_1764617	2260280
ILMN_1727709	2940068
ILMN_2316386	5560079
ILMN_2233493	1090692
ILMN_1711792	6480315
ILMN_1662719	70678
ILMN_2076250	2650601
ILMN_1801516	7160504
ILMN_1651642	3390328
ILMN_2051972	1340593
ILMN_1789502	6330270
ILMN_1688886	5910491
ILMN_1805216	2370593
ILMN_1764175	6590612
ILMN_1694106	2450187
ILMN_1723139	4390332
ILMN_2105643	5700433
ILMN_2384056	270593
ILMN_1795298	520463
ILMN_1665435	3120647
ILMN_1766204	4180392
ILMN_1788650	1820050
ILMN_1677962	1110544
ILMN_1723607	6250494
ILMN_2173451	4220064
ILMN_1726210	770736
ILMN_1734076	1990411
ILMN_2307150	4730377
ILMN_1684197	7200475
ILMN_1765419	3180379
ILMN_1733564	4860528
ILMN_1711312	380376
ILMN_2397646	650064
ILMN_1716869	2690008
ILMN_1735438	2630279
ILMN_1704665	3870202
ILMN_1670308	5340465
ILMN_1772719	7560327
ILMN_2205245	5270270
ILMN_1704943	4150431
ILMN_3239426	6980736
ILMN_2407389	1570154
ILMN_1801205	6840164
ILMN_2107004	3870386
ILMN_1655348	6860369
ILMN_1796431	7560332
ILMN_2221336	7200400
ILMN_1811048	130431
ILMN_2396571	5390682
ILMN_1750497	3830228
ILMN_1677693	3180220
ILMN_1791138	3420753
ILMN_1782237	6420102
ILMN_1672559	2030575
ILMN_1744299	6650202
ILMN_2241124	6960367
ILMN_1787932	7000255
ILMN_1715390	2370326
ILMN_2115534	5090601
ILMN_1762897	3830097
ILMN_1666902	7380273
ILMN_1684653	5270437
ILMN_1728785	3780603
ILMN_1684931	7400408
ILMN_1703765	160053
ILMN_1755942	3180097
ILMN_1733541	4640255
ILMN_1773059	6040736
ILMN_1787648	2060707
ILMN_1722316	4290767
ILMN_1674181	5260369
ILMN_1696558	5700543
ILMN_2367010	830523
ILMN_2125395	50162
ILMN_1808078	6270612
ILMN_1811171	5870692
ILMN_1682487	5290603
ILMN_1658265	840592
ILMN_2054271	3290328
ILMN_1804332	5310088
ILMN_2121816	1240392
ILMN_1741224	2640300
ILMN_1803218	6290767
ILMN_2092333	1440360
ILMN_1656818	5050647
ILMN_1669626	6330682
ILMN_1756261	7040619
ILMN_1798488	3780026
ILMN_1684227	7100092
ILMN_1703183	1240484
ILMN_2122076	5270056
ILMN_1673712	5560612
ILMN_2192779	4540538
ILMN_1708428	5570541
ILMN_1811039	3830427
ILMN_1659982	50259
ILMN_2146495	1300110
ILMN_1709194	4210538
ILMN_1709925	5860753
ILMN_1731498	7560494
ILMN_1654703	4210408
ILMN_1727093	2710367
ILMN_1762188	70390
ILMN_1662846	7510367
ILMN_1753680	360437
ILMN_1773940	2230386
ILMN_1730816	3520598
ILMN_1686095	6100274
ILMN_1668779	6560543
ILMN_1721672	4490397
ILMN_2041577	2140528
ILMN_1683492	7510452
ILMN_1676447	10671
ILMN_2298028	2320706
ILMN_1774813	6220703
ILMN_2055609	2320661
ILMN_1715404	5910070
ILMN_1804938	2360626
ILMN_1748890	1990484
ILMN_1660549	1570441
ILMN_2283325	4250711
ILMN_2399769	6130136
ILMN_1753913	6220075
ILMN_1671260	6940280
ILMN_1731294	2480736
ILMN_1780368	4120224
ILMN_1738712	3180563
ILMN_1696810	50474
ILMN_3235514	5670437
ILMN_2102201	1710634
ILMN_1805973	6200072
ILMN_1704464	4490653
ILMN_1789696	3120497
ILMN_1684865	6380273
ILMN_1761766	450026
ILMN_1653267	6290528
ILMN_1744034	2030551
ILMN_1725271	5130538
ILMN_1679962	5390364
ILMN_1651457	2140521
ILMN_1778660	2340110
ILMN_1701947	2510270
ILMN_1807613	7100168
ILMN_1710221	6520328
ILMN_2218935	7210377
ILMN_1782944	2690731
ILMN_1688768	1710307
ILMN_2074477	6580634
ILMN_2135898	1410452
ILMN_1703326	940519
ILMN_2052487	1170678
ILMN_1694483	3120524
ILMN_1671929	430598
ILMN_2204280	6280687
ILMN_1723274	2350546
ILMN_1697228	4780528
ILMN_2352097	4890241
ILMN_2384122	5490768
ILMN_1796475	3360239
ILMN_1671225	6520768
ILMN_1756807	1580167
ILMN_1653648	3420528
ILMN_1751885	2230072
ILMN_2349071	2510088
ILMN_1734740	6550273
ILMN_2232121	7570367
ILMN_1671142	5270674
ILMN_1772727	5360709
ILMN_1669317	830026
ILMN_1729932	2810128
ILMN_2161848	290286
ILMN_1811272	2370678
ILMN_1763500	4920246
ILMN_2070375	5360706
ILMN_2174341	110398
ILMN_1740146	6860603
ILMN_1785345	2070646
ILMN_1748338	2120301
ILMN_1656422	3140343
ILMN_1812946	1660184
ILMN_2116594	160142
ILMN_1804539	4570600
ILMN_1696510	2120682
ILMN_1689869	6040072
ILMN_1798977	1470470
ILMN_1765941	4230441
ILMN_1815054	5260424
ILMN_1731161	5960246
ILMN_1690621	3360750
ILMN_2407564	4050138
ILMN_1787627	620273
ILMN_1754727	3130128
ILMN_2337618	7570386
ILMN_1682599	5690270
ILMN_1786034	3440445
ILMN_1724211	1170477
ILMN_1774528	4150209
ILMN_2352090	7510634
ILMN_1781145	5550019
ILMN_1732807	4040736
ILMN_1653263	1470609
ILMN_3241501	6110072
ILMN_1776435	6250010
ILMN_1769960	1570113
ILMN_1795876	1990520
ILMN_2309228	2600279
ILMN_1815158	4900170
ILMN_1751666	460692
ILMN_1667064	6100603
ILMN_1709307	6280100
ILMN_2139816	1070292
ILMN_1662799	6420386
ILMN_1795257	6130682
ILMN_1684158	5290148
ILMN_1749662	60647
ILMN_1787412	5720600
ILMN_2133205	5090278
ILMN_1726666	5490019
ILMN_1734353	2600382
ILMN_2378952	6520128
ILMN_2385416	1340348
ILMN_2385410	3890093
ILMN_1775871	5810326
ILMN_1740990	5820070
ILMN_1726030	4200543
ILMN_3242038	4730138
ILMN_1737157	3140438
ILMN_3237376	6220739
ILMN_2052717	6860246
ILMN_1661443	5720619
ILMN_2065690	4890451
ILMN_1723706	6380112
ILMN_2353023	1190370
ILMN_1656472	2260286
ILMN_2353027	4730431
ILMN_2264011	5270544
ILMN_1751386	5490674
ILMN_2353030	6250079
ILMN_1778143	1580184
ILMN_1705210	20470
ILMN_1667771	2230523
ILMN_1669617	2810615
ILMN_1652662	3120735
ILMN_2340919	5960725
ILMN_1793832	1660689
ILMN_2413816	2120326
ILMN_1700037	4590014
ILMN_1764749	5490037
ILMN_1742521	940039
ILMN_1748797	7380725
ILMN_1740762	450368
ILMN_1798582	1110762
ILMN_2405254	5900243
ILMN_1736956	1980102
ILMN_1791188	2900672
ILMN_1715984	4730379
ILMN_1721170	5700014
ILMN_2124585	70504
ILMN_1752965	2650379
ILMN_1678816	3440068
ILMN_1651286	2030053
ILMN_1769934	4250131
ILMN_1795767	7160092
ILMN_2060145	6110338
ILMN_1782141	50168
ILMN_1662961	1470670
ILMN_2388874	1820685
ILMN_1664798	7650615
ILMN_2203299	1190592
ILMN_1660372	6220750
ILMN_1767393	1780424
ILMN_1782043	5420228
ILMN_2388669	6220369
ILMN_2322100	4040497
ILMN_1692094	4920113
ILMN_1701993	7100048
ILMN_1797331	5720543
ILMN_1773114	1260370
ILMN_1651817	2260110
ILMN_1682583	6280682
ILMN_2396697	1030240
ILMN_1661376	3390148
ILMN_2396702	3840246
ILMN_1666934	7210615
ILMN_1776666	1570164
ILMN_1799073	6450382
ILMN_1679595	1660369
ILMN_1659199	60445
ILMN_1805404	3130192
ILMN_2321301	4220521
ILMN_1798104	6040142
ILMN_3307714	130091
ILMN_1784792	1660494
ILMN_2227790	1300678
ILMN_1740655	1570356
ILMN_1758400	3400632
ILMN_1699854	2640168
ILMN_1796490	70070
ILMN_2370872	3800392
ILMN_1660403	5310037
ILMN_1675188	5360075
ILMN_1670956	6770338
ILMN_2368145	6860184
ILMN_1809511	6980154
ILMN_1699314	520253
ILMN_2304289	3180040
ILMN_1686416	2360438
ILMN_2406897	2690053
ILMN_1693827	5310154
ILMN_1768435	5670161
ILMN_1761176	540678
ILMN_1719857	3450414
ILMN_1724704	4560754
ILMN_2235745	6370682
ILMN_2216438	2060025
ILMN_1688843	1070176
ILMN_2405400	2490343
ILMN_2375739	2510564
ILMN_1762181	6550471
ILMN_1728830	1710523
ILMN_2096719	3190239
ILMN_2357015	5700519
ILMN_1681802	7570717
ILMN_1767827	940497
ILMN_1696845	2260128
ILMN_1658145	6280064
ILMN_1687362	7160162
ILMN_1670547	10131
ILMN_1693604	4230673
ILMN_2078975	3180730
ILMN_1679532	4040707
ILMN_1752843	6840255
ILMN_1688614	5720687
ILMN_1715977	3780204
ILMN_1696060	770328
ILMN_1791500	4760670
ILMN_1716680	7210468
ILMN_1729212	6040431
ILMN_1724250	1940021
ILMN_1811702	6840184
ILMN_2413323	160500
ILMN_1777199	1400053
ILMN_1670817	1510468
ILMN_1721138	5080487
ILMN_2119123	3850364
ILMN_1813851	4900139
ILMN_1707055	940689
ILMN_2116299	1710270
ILMN_1806601	1230358
ILMN_2142353	360706
ILMN_1745068	3830044
ILMN_1742166	670554
ILMN_1793305	5870463
ILMN_2304020	7330687
ILMN_3236728	7400491
ILMN_3268295	6510747
ILMN_1655849	7050364
ILMN_1734951	5900639
ILMN_2115974	3130347
ILMN_1776115	5290719
ILMN_2347193	5390608
ILMN_2260756	6040598
ILMN_1666206	6270615
ILMN_1721732	4220189
ILMN_1665428	610148
ILMN_2363988	2370022
ILMN_1805063	3930341
ILMN_1651693	4280646
ILMN_1671055	4150538
ILMN_1709085	2900692
ILMN_1757569	2640451
ILMN_1779376	6480661
ILMN_1801043	2370482
ILMN_1787518	3940204
ILMN_1750130	830259
ILMN_1730101	7610754
ILMN_2127416	4540392
ILMN_1775182	5220762
ILMN_1683462	110474
ILMN_2113470	1090561
ILMN_3251497	2900050
ILMN_1701831	5260176
ILMN_2168747	2120743
ILMN_1655613	2490520
ILMN_3251540	3390315
ILMN_1769083	4250674
ILMN_2227817	6020050
ILMN_1771964	130561
ILMN_1788122	2370594
ILMN_1691430	580408
ILMN_2242068	5360487
ILMN_1704313	7200685
ILMN_1725241	5900692
ILMN_1762255	50672
ILMN_1668134	3610139
ILMN_2391861	6400392
ILMN_2218637	1510497
ILMN_1713162	5550735
ILMN_2201580	6130168
ILMN_1736184	7150598
ILMN_1716979	4060707
ILMN_1651800	6900592
ILMN_1750790	2940554
ILMN_2227573	4900070
ILMN_1808196	6770730
ILMN_1740234	2260730
ILMN_1679809	830047
ILMN_1730054	7400537
ILMN_2355549	2360215
ILMN_1789418	7570762
ILMN_3240433	6980504
ILMN_1666167	2680768
ILMN_2321150	2570327
ILMN_1714128	4210162
ILMN_2246548	5690400
ILMN_1661588	5870747
ILMN_1743441	6480553
ILMN_1684168	840474
ILMN_2381296	3450273
ILMN_1711642	7040044
ILMN_1691467	1510576
ILMN_1710727	1190088
ILMN_1762741	1820170
ILMN_1762167	3180037
ILMN_1660971	4860445
ILMN_1732040	1430452
ILMN_2249552	1570739
ILMN_1725247	5910133
ILMN_1681616	5220154
ILMN_1716041	5260619
ILMN_1682943	6580463
ILMN_1753719	2450368
ILMN_1737857	4880215
ILMN_1655921	3800068
ILMN_1664931	1570538
ILMN_1748616	5810452
ILMN_1745798	2360184
ILMN_2157957	3420719
ILMN_1726693	7570343
ILMN_1691485	6760044
ILMN_3242603	1510138
ILMN_3242688	6660722
ILMN_1725666	1240736
ILMN_1800308	1500609
ILMN_1739497	6900215
ILMN_1673917	4570736
ILMN_1653189	5560309
ILMN_2350240	7210064
ILMN_1815668	10470
ILMN_2208158	6380286
ILMN_1712628	4200577
ILMN_1669717	4900187
ILMN_1809577	4830619
ILMN_2180997	4860328
ILMN_1680501	5560026
ILMN_1760011	6200746
ILMN_2088234	60050
ILMN_1746403	6770201
ILMN_1658464	270619
ILMN_1789839	2750296
ILMN_1746457	2140064
ILMN_2356574	2640437
ILMN_1789508	3830156
ILMN_1733964	1240014
ILMN_1723895	1510438
ILMN_2074880	580386
ILMN_1691578	4200110
ILMN_1811378	1470020
ILMN_1696118	1010332
ILMN_2383754	6760538
ILMN_1694475	650441
ILMN_1777156	520035
ILMN_1686587	780671
ILMN_1748894	2710431
ILMN_1742577	1090437
ILMN_1769014	1990097
ILMN_1776080	4570494
ILMN_2286514	940168
ILMN_2393243	6620176
ILMN_1660698	7000411
ILMN_1708004	4260372
ILMN_1771039	6980382
ILMN_2069632	6290554
ILMN_1812548	3930687
ILMN_1690537	7320202
ILMN_1662086	4230139
ILMN_2211728	2320608
ILMN_1689264	4860162
ILMN_1787360	6590601
ILMN_1763749	7100181
ILMN_1735578	3830332
ILMN_1720496	7000626
ILMN_2131177	990131
ILMN_1808590	4860681
ILMN_1652166	240647
ILMN_1782567	2230259
ILMN_2144663	2940494
ILMN_1795842	2370687
ILMN_1656429	3120328
ILMN_1723686	2230195
ILMN_3190029	5900037
ILMN_1696330	5890338
ILMN_1758398	4280471
ILMN_1802690	3870072
ILMN_1669878	3610553
ILMN_1705991	60722
ILMN_1720857	4280630
ILMN_1667551	5670672
ILMN_1780700	6660563
ILMN_1657288	3370673
ILMN_1668526	1740050
ILMN_1747183	7330131
ILMN_2085844	1450437
ILMN_2230862	670528
ILMN_2319424	4070241
ILMN_2245686	4780445
ILMN_1684017	4830750
ILMN_1697916	1850435
ILMN_1799708	7330019
ILMN_1683093	3780187
ILMN_1672626	1090392
ILMN_1682332	7000577
ILMN_1668039	7210398
ILMN_2266962	990487
ILMN_1812163	3520300
ILMN_1815908	4050376
ILMN_1695187	6940086
ILMN_1711289	5570270
ILMN_1807745	1780037
ILMN_1763328	2850450
ILMN_1779324	3420612
ILMN_2109489	1850523
ILMN_1731233	2370010
ILMN_1710734	1260482
ILMN_1690561	1710279
ILMN_2148527	5340017
ILMN_1757467	630278
ILMN_1756125	3400181
ILMN_1749108	6770195
ILMN_1773964	7610538
ILMN_1742123	2350398
ILMN_1784556	5890541
ILMN_2226763	6350056
ILMN_1692715	3140347
ILMN_2253065	2570561
ILMN_1708728	5310411
ILMN_1706784	3460193
ILMN_2200331	6980497
ILMN_1746171	2360471
ILMN_2275437	3710072
ILMN_1674034	3930154
ILMN_2373495	4260414
ILMN_1705570	2900041
ILMN_1707858	2710292
ILMN_1675025	4610093
ILMN_1660283	840161
ILMN_2234730	130242
ILMN_1656082	2030553
ILMN_1699015	2850026
ILMN_2106331	3460477
ILMN_1695706	1440296
ILMN_2198823	2470168
ILMN_1721136	5420066
ILMN_1715125	4070086
ILMN_1737041	4060427
ILMN_1792384	5360736
ILMN_2107991	6510689
ILMN_1740217	7050403
ILMN_1723414	460047
ILMN_1719906	6290709
ILMN_1691926	620414
ILMN_1712751	5690553
ILMN_2197846	6620152
ILMN_2379520	1780356
ILMN_1772731	4900333
ILMN_2298860	430392
ILMN_1706262	2710274
ILMN_1793201	6900431
ILMN_2074748	6840468
ILMN_1719988	6960274
ILMN_1729188	1050414
ILMN_1680987	3420035
ILMN_2064902	4640563
ILMN_1667823	6350546
ILMN_2211546	1740131
ILMN_1674588	7610403
ILMN_1740402	460066
ILMN_1767474	4040520
ILMN_2358272	2850605
ILMN_1791533	3140228
ILMN_1776861	6040722
ILMN_2210519	1850397
ILMN_1678812	2060202
ILMN_1678788	4150133
ILMN_1654319	4900086
ILMN_2165463	6510114
ILMN_1847602	1990594
ILMN_3240360	2850408
ILMN_2163051	4390600
ILMN_1759828	4880300
ILMN_1763523	3940551
ILMN_1715113	3170519
ILMN_1754716	6270300
ILMN_2243036	610132
ILMN_1792978	840204
ILMN_1700935	1780280
ILMN_1777562	5670184
ILMN_3241254	4890138
ILMN_1668760	380504
ILMN_1794501	6980612
ILMN_1725244	3420068
ILMN_1693905	4250500
ILMN_1771003	4810112
ILMN_3247504	450170
ILMN_1653332	3140164
ILMN_1664139	4760615
ILMN_3176989	650307
ILMN_3253579	1400358
ILMN_2365528	2970754
ILMN_1768020	6280674
ILMN_3253901	4880692
ILMN_1693826	5220093
ILMN_1750658	4260377
ILMN_2289775	5310110
ILMN_2398903	6770494
ILMN_3240144	3460164
ILMN_2127842	2640286
ILMN_1667796	6620170
ILMN_2100437	3440739
ILMN_1653814	6330184
ILMN_1815527	1450358
ILMN_1651358	4830541
ILMN_2121408	1820594
ILMN_1796678	7400113
ILMN_2084825	4010040
ILMN_3310085	5870753
ILMN_2091454	4480730
ILMN_1685415	1940647
ILMN_2160764	3780270
ILMN_1696183	4040170
ILMN_2218024	10520
ILMN_1659495	5390209
ILMN_1795779	3800026
ILMN_2220518	6860653
ILMN_1713458	6980192
ILMN_1706273	2640706
ILMN_1707236	2970762
ILMN_2128923	3440544
ILMN_1732705	4850296
ILMN_2318568	50088
ILMN_1757877	5420347
ILMN_1674297	1050044
ILMN_1683995	4540196
ILMN_1667229	840398
ILMN_3236741	5360240
ILMN_1746436	3800358
ILMN_1654987	1660452
ILMN_2091123	4780470
ILMN_2122081	2000687
ILMN_1660923	2690390
ILMN_1723323	4890477
ILMN_2203729	6040187
ILMN_1752182	6040131
ILMN_3242420	4760711
ILMN_1814611	5960541
ILMN_1791771	6270022
ILMN_1727402	1300408
ILMN_1687404	4010047
ILMN_1659150	580544
ILMN_2182101	5720440
ILMN_1787256	6480674
ILMN_1790810	380626
ILMN_1803945	780600
ILMN_3252608	6480129
ILMN_2179739	380196
ILMN_1660217	5420196
ILMN_1678065	7000646
ILMN_1699931	1580088
ILMN_2396991	2260113
ILMN_1727458	3140056
ILMN_2102787	6370520
ILMN_1684690	4220669
ILMN_3251283	6330767
ILMN_1767747	6900750
ILMN_1772455	2060452
ILMN_1764396	5900468
ILMN_2388166	6100497
ILMN_1810856	6620692
ILMN_1798546	130370
ILMN_3189715	4900181
ILMN_3266186	5420050
ILMN_1794485	1740059
ILMN_1728521	2690463
ILMN_1651544	4760241
ILMN_2408885	2000156
ILMN_1781173	2480605
ILMN_1673708	3130112
ILMN_1715241	6290762
ILMN_1803563	7150068
ILMN_1792323	6280326
ILMN_1753745	2260132
ILMN_1781638	3710673
ILMN_1765621	6110474
ILMN_1681927	6840373
ILMN_2325978	6900037
ILMN_2189314	3370692
ILMN_1779673	5890543
ILMN_1784256	3460296
ILMN_1710136	130228
ILMN_1702265	6370477
ILMN_1726466	3190338
ILMN_1678252	3060136
ILMN_1756426	4480246
ILMN_1699797	5810706
ILMN_1801891	4830551
ILMN_1787762	3460242
ILMN_1806647	3930243
ILMN_1732537	5290037
ILMN_1808219	4850440
ILMN_1666082	5570338
ILMN_1765198	3520162
ILMN_3249669	5360129
ILMN_1810805	360577
ILMN_2187487	3290079
ILMN_1791106	2000220
ILMN_3262345	450441
ILMN_3185707	1410441
ILMN_3242934	2810164
ILMN_1719283	7400176
ILMN_1802557	360689
ILMN_1755077	3940026
ILMN_1770667	610367
ILMN_1706094	7320066
ILMN_1668876	610176
ILMN_1790530	4890142
ILMN_1726636	6250082
ILMN_1656902	150280
ILMN_1790645	4210010
ILMN_1775268	6290475
ILMN_1666122	3290347
ILMN_1707945	7320132
ILMN_1783610	4540768
ILMN_2202423	7040161
ILMN_1720440	4150397
ILMN_1693843	2630390
ILMN_1762835	2710324
ILMN_1680094	6100424
ILMN_1689675	6290377
ILMN_2413537	7320246
ILMN_1731014	3420767
ILMN_2138019	4830414
ILMN_1659316	7050333
ILMN_2388263	1300427
ILMN_1804593	4290465
ILMN_2283772	4560619
ILMN_1714523	1850349
ILMN_1663683	4920239
ILMN_3241132	5050136
ILMN_3246881	6560731
ILMN_1786211	1820274
ILMN_1813475	6130674
ILMN_1654170	4610487
ILMN_1653127	4860661
ILMN_1754880	5910278
ILMN_1666485	7510433
ILMN_1665136	2260332
ILMN_2058327	6400382
ILMN_1741032	4540273
ILMN_1770665	520753
ILMN_2370160	2630050
ILMN_1678922	3830040
ILMN_1729749	5720482
ILMN_1654639	6860482
ILMN_2374159	4570458
ILMN_2374164	4610189
ILMN_1785158	1050682
ILMN_2066348	3370554
ILMN_1755392	6520255
ILMN_1710284	1010528
ILMN_1709870	5080037
ILMN_2094266	7100136
ILMN_1696055	7040328
ILMN_1653466	5260070
ILMN_1794742	6590300
ILMN_1694268	610201
ILMN_2061768	3310114
ILMN_1742929	7550242
ILMN_1813911	6650240
ILMN_1806692	3800139
ILMN_1741180	3840370
ILMN_1685115	4490286
ILMN_1701006	1070358
ILMN_2407308	2570678
ILMN_1788203	3840753
ILMN_1682034	2350685
ILMN_1654324	1070114
ILMN_2263236	1580368
ILMN_1683345	2000112
ILMN_1743537	5390300
ILMN_2302632	7400367
ILMN_2367694	2000280
ILMN_1760985	2900136
ILMN_2324584	3180154
ILMN_1796572	6250376
ILMN_1747285	6370131
ILMN_1737541	730672
ILMN_2198239	2100358
ILMN_1757838	780634
ILMN_1790149	2340292
ILMN_1801586	3130451
ILMN_1701468	4490243
ILMN_1715994	5130253
ILMN_1711465	990544
ILMN_1662413	6370519
ILMN_1693853	2360639
ILMN_1691355	7400008
ILMN_1680322	3190747
ILMN_1762712	5130750
ILMN_1675453	5820039
ILMN_2204215	7510743
ILMN_1657972	4860598
ILMN_1800101	2060575
ILMN_1746386	2600142
ILMN_3307074	5870500
ILMN_1737076	4150187
ILMN_1802338	2230703
ILMN_2410347	4260630
ILMN_2295957	5270349
ILMN_1763007	270601
ILMN_2231189	1850544
ILMN_1664371	2370082
ILMN_1737964	4640427
ILMN_1703229	5570563
ILMN_1777058	5960092
ILMN_3235410	2070598
ILMN_1804150	2480136
ILMN_1656977	4640750
ILMN_1738825	20477
ILMN_1652762	5820672
ILMN_2379788	2680722
ILMN_1681283	4900010
ILMN_1763260	6220543
ILMN_1681812	2070095
ILMN_1808409	1110520
ILMN_2287061	1780341
ILMN_1792799	2680066
ILMN_2265623	2970692
ILMN_1663015	3130441
ILMN_1687481	3830072
ILMN_1674522	3780019
ILMN_1661799	7100164
ILMN_2230016	7550341
ILMN_1675936	7040088
ILMN_3249482	6330082
ILMN_1774334	7510315
ILMN_1711021	1010286
ILMN_2051563	1940468
ILMN_1686435	3060647
ILMN_1776480	990390
ILMN_2353697	1690324
ILMN_1667453	2450192
ILMN_1807710	7000475
ILMN_1697820	1570370
ILMN_1779076	20692
ILMN_2211630	610576
ILMN_3251662	2140279
ILMN_1701403	580484
ILMN_1757910	2450670
ILMN_1787845	2680592
ILMN_2396148	4260204
ILMN_2288402	6840433
ILMN_1782954	1300482
ILMN_2174702	6960091
ILMN_1661188	290019
ILMN_1690951	2710189
ILMN_1660786	4480333
ILMN_2412768	5360092
ILMN_1687440	10332
ILMN_1746941	3060730
ILMN_2337551	5490092
ILMN_1715659	4810156
ILMN_1813664	5420431
ILMN_1678037	1770717
ILMN_1785520	1300681
ILMN_2333766	1690333
ILMN_2278686	5340592
ILMN_1703507	5900278
ILMN_1692831	70292
ILMN_1653251	6770438
ILMN_1757406	5570279
ILMN_1749789	2680450
ILMN_1746435	1030017
ILMN_1733684	20228
ILMN_1694166	1110273
ILMN_1753524	5720521
ILMN_1792689	6590594
ILMN_1742143	4890259
ILMN_1756849	3870678
ILMN_2184602	5700494
ILMN_1686478	6580187
ILMN_2188451	1300504
ILMN_1663453	2340370
ILMN_1755318	5820754
ILMN_1694699	7380162
ILMN_3246993	20136
ILMN_1756022	3120114
ILMN_2108779	5080424
ILMN_1750180	5290053
ILMN_1680937	450753
ILMN_1651496	290730
ILMN_1758623	6200669
ILMN_1777405	6960403
ILMN_1687947	1450484
ILMN_1779373	5080246
ILMN_1716195	430546
ILMN_1688666	1690392
ILMN_1775925	5340204
ILMN_1658702	6290685
ILMN_1813314	5050402
ILMN_1796179	6110630
ILMN_1652998	7610349
ILMN_1736820	2750291
ILMN_1808907	6450315
ILMN_1739076	2900180
ILMN_1776845	3120711
ILMN_2222163	2600376
ILMN_1712184	6520424
ILMN_1721127	2140524
ILMN_3235949	4200333
ILMN_1788489	2100528
ILMN_1726815	510441
ILMN_1749368	1690706
ILMN_2207865	5870162
ILMN_1707257	6100711
ILMN_1723111	5420497
ILMN_2165369	1440747
ILMN_2075334	3890349
ILMN_1676580	7400402
ILMN_1681542	2230619
ILMN_2119320	5260201
ILMN_1712808	7570468
ILMN_1751120	2970019
ILMN_1670033	5420242
ILMN_2224990	5260397
ILMN_1662359	610014
ILMN_1782329	1430017
ILMN_1659047	610451
ILMN_2144426	1820592
ILMN_3242900	4290148
ILMN_1747589	2030678
ILMN_1768973	6100022
ILMN_1732071	4230678
ILMN_1670093	20048
ILMN_3243527	5860575
ILMN_1666179	1500674
ILMN_3249188	1260717
ILMN_2115340	4890279
ILMN_3238233	4610471
ILMN_1779648	1500192
ILMN_1764986	1440433
ILMN_1707173	1230142
ILMN_2053992	4180360
ILMN_1659265	380112
ILMN_1735548	4670500
ILMN_1745447	6590730
ILMN_1751596	4480768
ILMN_1703906	3180367
ILMN_2382990	1660196
ILMN_1761829	2350678
ILMN_1755548	3850577
ILMN_2280871	4280414
ILMN_2156172	6060730
ILMN_1723486	7150661
ILMN_1670302	3060612
ILMN_1752502	870301
ILMN_1675150	6400753
ILMN_1671054	2350066
ILMN_2203950	3400438
ILMN_2165753	5080692
ILMN_1778401	5310168
ILMN_2150787	7150630
ILMN_1721113	7200398
ILMN_1695311	540563
ILMN_1761733	4900731
ILMN_1659075	4200452
ILMN_1700428	3450338
ILMN_1772218	1190039
ILMN_1749070	1050360
ILMN_2205405	5490446
ILMN_1730521	6400594
ILMN_1808405	780403
ILMN_1680144	4670731
ILMN_1661266	7160474
ILMN_1741648	6860189
ILMN_1689655	270168
ILMN_2157441	2570564
ILMN_1715169	5260484
ILMN_1717261	1770504
ILMN_1752592	510079
ILMN_2159694	7330398
ILMN_1697499	6370315
ILMN_2066060	620544
ILMN_2066066	4200725
ILMN_1765258	1030747
ILMN_1762861	5220070
ILMN_2186806	7330053
ILMN_1656670	2070088
ILMN_1666078	1980592
ILMN_2130441	5870521
ILMN_2191402	1850114
ILMN_1792669	6330400
ILMN_1722829	540706
ILMN_1798588	4250041
ILMN_1673820	4480520
ILMN_2087646	1050309
ILMN_1686862	4230753
ILMN_1697812	4780300
ILMN_1766269	270039
ILMN_1687833	770239
ILMN_1807833	1050746
ILMN_2236655	7210110
ILMN_1720059	160446
ILMN_1694476	4730403
ILMN_1685954	6060278
ILMN_1726306	7320021
ILMN_1677308	2900471
ILMN_1678290	6250180
ILMN_1651315	5670110
ILMN_1693560	1440114
ILMN_1673241	2570608
ILMN_1742699	3290408
ILMN_2311537	7400286
ILMN_1666236	3440246
ILMN_1671547	3610097
ILMN_2344662	5260091
ILMN_1791466	1820600
ILMN_2231242	4230097
ILMN_2211800	3990202
ILMN_3239336	5260471
ILMN_1809439	6330039
ILMN_2219712	5900482
ILMN_1654268	7610537
ILMN_1733519	7570050
ILMN_2103343	290279
ILMN_1785655	1260041
ILMN_2348031	2750215
ILMN_2122420	7380608
ILMN_2339192	3170082
ILMN_2256482	4280142
ILMN_1716377	5810703
ILMN_1657395	6550603
ILMN_1797728	5270112
ILMN_1815203	4260575
ILMN_1652123	4390195
ILMN_2151579	6220300
ILMN_1776879	2000184
ILMN_3251232	3930577
ILMN_2058141	4050541
ILMN_1731984	3370014
ILMN_2355004	4180167
ILMN_1700518	5270689
ILMN_1758333	70576
ILMN_2300636	450243
ILMN_3257884	2750100
ILMN_3181420	6400722
ILMN_1811392	6380022
ILMN_1709173	730719
ILMN_2409220	4050400
ILMN_1781942	4060064
ILMN_1800512	6660601
ILMN_1658807	4230347
ILMN_1728803	5340577
ILMN_3242763	5080091
ILMN_1811022	4290647
ILMN_1671619	6960484
ILMN_1765911	4810544
ILMN_2384591	4540435
ILMN_1706118	430437
ILMN_3238132	3940369
ILMN_3235709	6550747
ILMN_2372124	4040646
ILMN_1739886	4780025
ILMN_1698546	6370070
ILMN_1743394	2900088
ILMN_1790881	3870102
ILMN_1751789	4220168
ILMN_1705984	6840286
ILMN_2284744	7100121
ILMN_1713685	7160689
ILMN_1753279	1660170
ILMN_1663447	10209
ILMN_1815882	4260398
ILMN_1736894	1050736
ILMN_2387742	1450326
ILMN_1688230	4220019
ILMN_3273854	1570722
ILMN_3178792	5490739
ILMN_1761083	1440592
ILMN_2174574	3830709
ILMN_1696485	1820398
ILMN_2335718	3370487
ILMN_1651262	5810440
ILMN_2334587	5670487
ILMN_2154186	1430348
ILMN_1773881	2630328
ILMN_1751368	4180576
ILMN_2321451	6580577
ILMN_1668179	5570639
ILMN_3246409	5270754
ILMN_2362245	3180678
ILMN_1781764	4150059
ILMN_3270641	3130280
ILMN_3260017	1230465
ILMN_3179371	7000463
ILMN_2389582	2360608
ILMN_3192791	2360669
ILMN_3269405	6510437
ILMN_3177285	3060035
ILMN_3265895	6650762
ILMN_2370135	1410400
ILMN_1743677	4250112
ILMN_3257430	2710255
ILMN_3180966	7570750
ILMN_2072091	6860131
ILMN_2220283	7320424
ILMN_1690586	1820093
ILMN_2369682	4230091
ILMN_1695588	1500201
ILMN_1730572	2570358
ILMN_1653432	6860678
ILMN_2101920	540725
ILMN_2101928	6350343
ILMN_1654920	4390022
ILMN_2341645	5820370
ILMN_1712357	610494
ILMN_2378048	5820619
ILMN_1791575	6560451
ILMN_1805371	6290246
ILMN_1745385	6450646
ILMN_2175894	6560672
ILMN_2395728	1780681
ILMN_1690268	5890156
ILMN_1674763	3190594
ILMN_1810327	4480736
ILMN_1804568	5290050
ILMN_2346479	1570767
ILMN_1671486	3850630
ILMN_1811579	7160709
ILMN_1765550	1980554
ILMN_1790917	1780286
ILMN_1658114	5910669
ILMN_1741406	3120053
ILMN_1682147	1710520
ILMN_2062001	3390561
ILMN_1741464	3440241
ILMN_1735570	1230369
ILMN_1766643	1400068
ILMN_2316236	3850246
ILMN_2215025	3390154
ILMN_1769849	3460608
ILMN_1679139	6040161
ILMN_3239700	4570168
ILMN_1680740	1990239
ILMN_1700382	2810139
ILMN_1689336	510097
ILMN_1770247	3290427
ILMN_1682110	5270537
ILMN_1738132	6020364
ILMN_3249281	5570768
ILMN_1731349	3450189
ILMN_2107068	2060471
ILMN_1799836	4260692
ILMN_1652807	2750026
ILMN_1760647	2900048
ILMN_1678051	4640044
ILMN_1689426	6580598
ILMN_3251370	450142
ILMN_1677018	7160553
ILMN_1753613	6620437
ILMN_1815570	610563
ILMN_1706478	5690307
ILMN_1739582	2810673
ILMN_1702479	6420020
ILMN_1718079	270767
ILMN_1742677	4280592
ILMN_1810274	3460097
ILMN_1689874	2350575
ILMN_1654331	2120008
ILMN_1674908	1470500
ILMN_1667831	430403
ILMN_1673885	1030326
ILMN_1768101	6220189
ILMN_1702125	2470328
ILMN_1798496	870524
ILMN_1720406	430296
ILMN_1725899	6250022
ILMN_1697342	3170521
ILMN_1760029	870598
ILMN_1759676	2370296
ILMN_1757184	6860253
ILMN_1719975	6860717
ILMN_1803907	3120626
ILMN_2396039	1450022
ILMN_1740104	2630647
ILMN_1794492	4920523
ILMN_1787334	6180768
ILMN_1718285	4640059
ILMN_1718898	2360484
ILMN_1717381	3890735
ILMN_1714691	6940064
ILMN_1746158	5290142
ILMN_1783500	650731
ILMN_1706901	6660370
ILMN_1798076	4670689
ILMN_1672091	2060669
ILMN_1714988	4640224
ILMN_1659792	2940097
ILMN_1812433	6590131
ILMN_1701169	2710725
ILMN_1815033	3460333
ILMN_2240457	270674
ILMN_1764850	520184
ILMN_1715672	780327
ILMN_1736976	5220524
ILMN_1745688	670736
ILMN_1697703	6480026
ILMN_2166457	4250364
ILMN_1713753	1070482
ILMN_2358760	20274
ILMN_1704089	4220670
ILMN_1687235	6480066
ILMN_2155452	3440408
ILMN_1809212	3840608
ILMN_2056975	6400270
ILMN_1736940	7610286
ILMN_1741483	1570139
ILMN_2267787	2570131
ILMN_2411658	4670494
ILMN_1762224	2190403
ILMN_2282718	1430367
ILMN_1727862	3170504
ILMN_1808919	6280189
ILMN_1699937	6620398
ILMN_1721994	7100411
ILMN_1720994	7570445
ILMN_2411731	1030259
ILMN_1688033	4280246
ILMN_1655312	4760521
ILMN_1718537	2940301
ILMN_1779547	520162
ILMN_2092850	630619
ILMN_1732035	5870370
ILMN_3242847	150736
ILMN_1668593	2140196
ILMN_3309940	5560554
ILMN_1780625	830333
ILMN_1657505	1170612
ILMN_1773751	1770753
ILMN_1699798	7160093
ILMN_1655867	2350037
ILMN_1809259	4250059
ILMN_1667711	2510593
ILMN_1674349	1050286
ILMN_2196734	1500341
ILMN_1792497	6200736
ILMN_1738773	1580037
ILMN_2189675	940138
ILMN_1800315	3400706
ILMN_2193936	940538
ILMN_1807339	990091
ILMN_1673953	2510040
ILMN_1722411	1070730
ILMN_1694273	2600097
ILMN_1810424	3400731
ILMN_1809145	4880332
ILMN_2193706	2260747
ILMN_1705324	4900037
ILMN_1687510	5570484
ILMN_2057220	6290537
ILMN_1807633	6420373
ILMN_1854469	270762
ILMN_1869106	2510025
ILMN_1896741	160372
ILMN_1898023	4670482
ILMN_1867588	4200301
ILMN_1911196	3780253
ILMN_1851020	1300632
ILMN_1855386	6480025
ILMN_1851376	10600
ILMN_1899018	1030681
ILMN_1905053	2690092
ILMN_1843585	4050296
ILMN_1838310	6350747
ILMN_1840316	6100446
ILMN_1839647	5340762
ILMN_1839051	620603
ILMN_1865735	1690162
ILMN_1819256	6060075
ILMN_1858289	4830523
ILMN_1843198	1940563
ILMN_1888335	1570689
ILMN_1831111	2600132
ILMN_1909247	290500
ILMN_1912366	2350148
ILMN_1846444	5260725
ILMN_1830837	1710615
ILMN_1840493	3460519
ILMN_1867418	5310600
ILMN_1819536	620437
ILMN_1904242	1690722
ILMN_1853599	270411
ILMN_1903670	60110
ILMN_1900604	3800440
ILMN_1818479	4060059
ILMN_1865630	3440593
ILMN_1871216	2140348
ILMN_1826285	6040471
ILMN_1894279	510369
ILMN_1906678	6900240
ILMN_1859160	6110121
ILMN_1816582	4590253
ILMN_1878644	1710431
ILMN_1855976	2760040
ILMN_1894822	1580056
ILMN_1857113	1260048
ILMN_1898662	3940228
ILMN_1851063	5720037
ILMN_1855868	650129
ILMN_1852461	4560102
ILMN_1831943	1300343
ILMN_1880905	3850564
ILMN_1820014	2680376
ILMN_1869034	830021
ILMN_1832086	6250048
ILMN_1828161	7000471
ILMN_1903077	3460114
ILMN_1833324	7320673
ILMN_1900650	6200445
ILMN_1893204	6580767
ILMN_1831421	6450086
ILMN_1840252	4830162
ILMN_1831009	4610133
ILMN_1827396	1410066
ILMN_1879087	270102
ILMN_1864467	4560445
ILMN_1858006	580022
ILMN_1882112	670037
ILMN_1847202	3400220
ILMN_1891368	6290523
ILMN_1869354	3120553
ILMN_1834569	4490561
ILMN_1845076	7330768
ILMN_1823732	3460528
ILMN_1840508	4250022
ILMN_1892495	4040402
ILMN_1856229	5700601
ILMN_1900275	2060369
ILMN_1839481	6130609
ILMN_1896699	6580630
ILMN_1893228	5090102
ILMN_1846499	5490041
ILMN_1842319	70164
ILMN_1861772	2140608
ILMN_1905075	4260086
ILMN_1860194	4850626
ILMN_1913676	3170524
ILMN_1861380	1780670
ILMN_1880062	5570349
ILMN_1844755	6560184
ILMN_1838261	4540189
ILMN_1836543	1470048
ILMN_1873496	5340746
ILMN_1877068	4890431
ILMN_1820645	1230608
ILMN_1862521	3170201
ILMN_1835092	3990010
ILMN_1818677	4050014
ILMN_1906957	130296
ILMN_1850892	6860270
ILMN_1852151	290372
ILMN_1917103	6060725
ILMN_1846026	730408
ILMN_1823752	7610725
ILMN_1879880	2140044
ILMN_1848556	3710292
ILMN_1825159	3360484
ILMN_1847402	2450736
ILMN_1830634	5290452
ILMN_1901616	6370082
ILMN_1853612	1570091
ILMN_1860820	5490059
ILMN_1825822	2070398
ILMN_1905711	6660372
ILMN_1877939	1740259
ILMN_1883928	290193
ILMN_1847645	2140731
ILMN_1894922	5720431
ILMN_1863228	6510102
ILMN_1893511	4200463
ILMN_1898223	5900113
ILMN_1821397	60523
ILMN_1851553	7570040
ILMN_1888558	2810553
ILMN_1907812	2140722
ILMN_1839844	5860564
ILMN_1874577	2570647
ILMN_1826141	2370647
ILMN_1835451	4560392
ILMN_1910919	7200441
ILMN_1823020	2510010
ILMN_1859946	4180612
ILMN_1825443	1570181
ILMN_1904378	3850253
ILMN_1882844	1570554
ILMN_1832809	2690687
ILMN_1844128	50020
ILMN_1883094	2760154
ILMN_1878928	4900544
ILMN_1899549	6400059
ILMN_1910784	4150435
ILMN_1895443	7050750
ILMN_1893523	6130445
ILMN_1821279	1820041
ILMN_1867014	1570068
ILMN_1859393	6100280
ILMN_1893858	4830368
ILMN_1816092	4040372
ILMN_1839956	5670524
ILMN_1831098	510706
ILMN_1903900	6060022
ILMN_1877912	6980224
ILMN_1824807	1580376
ILMN_1893335	6060300
ILMN_1869130	4220465
ILMN_1833964	4490139
ILMN_1842426	5700228
ILMN_1916313	3290273
ILMN_1901769	870026
ILMN_1822220	6980068
ILMN_1899404	4070630
ILMN_1900520	6520427
ILMN_1825421	1010609
ILMN_1856009	2570554
ILMN_1870085	4900082
ILMN_1906794	610187
ILMN_1825773	5080598
ILMN_1844611	7100619
ILMN_1855116	240563
ILMN_1890821	3830014
ILMN_1869318	4060609
ILMN_1880350	7330239
ILMN_1909135	1400692
ILMN_1915752	2810102
ILMN_1916931	3170369
ILMN_1904843	1570142
ILMN_1899026	2510524
ILMN_1841485	5260139
ILMN_1819488	6020095
ILMN_1861767	5720324
ILMN_1903159	1240333
ILMN_1884146	1110646
ILMN_1821724	4920242
ILMN_1832209	2650243
ILMN_1885475	4730068
ILMN_1888658	60739
ILMN_1893960	630021
ILMN_1866314	4830360
ILMN_1906681	4230059
ILMN_1842468	610240
ILMN_1900123	240240
ILMN_1901646	2140152
ILMN_1846567	2030634
ILMN_1863284	2710291
ILMN_1881348	2060132
ILMN_1886595	3180474
ILMN_1911059	6590689
ILMN_1822990	3290202
ILMN_1916292	2000682
ILMN_1872967	270484
ILMN_1854861	6370167
ILMN_1866491	6980369
ILMN_1871155	7200291
ILMN_1819223	2070762
ILMN_1833027	2480433
ILMN_1834147	270139
ILMN_1867575	1850286
ILMN_1888224	2480553
ILMN_1832920	1660678
ILMN_1858105	4250040
ILMN_1892652	2370470
ILMN_1883399	7000725
ILMN_1844496	6550041
ILMN_1829484	5810341
ILMN_1826046	5130463
ILMN_1830031	4860739
ILMN_1860354	3610577
ILMN_1839354	6250167
ILMN_1863858	7000112
ILMN_1879480	4480537
ILMN_1843388	5080196
ILMN_1887617	1980035
ILMN_1912287	2710020
ILMN_1816953	1980343
ILMN_1872564	3170681
ILMN_1862001	2600041
ILMN_1833376	3460689
ILMN_1819304	1990176
ILMN_1823698	7200189
ILMN_1884050	5860538
ILMN_1916182	6270196
ILMN_1835052	430162
ILMN_1889468	5080397
ILMN_1823034	5340296
ILMN_1864988	2350402
ILMN_1880251	4150681
ILMN_1872605	3450025
ILMN_1816384	1070338
ILMN_1909702	6200754
ILMN_1845201	2120349
ILMN_1821473	5260021
ILMN_1916599	6020059
ILMN_1876912	3390091
ILMN_1916786	1300292
ILMN_1822971	4480241
ILMN_1862689	6650671
ILMN_1916702	5860189
ILMN_1829768	4220450
ILMN_1900615	2470471
ILMN_1884357	3780035
ILMN_1876951	5720086
ILMN_1865069	730746
ILMN_1897741	6020692
ILMN_1822823	2030561
ILMN_1870529	3800064
ILMN_1902630	2470056
ILMN_1818534	4290392
ILMN_1850115	50612
ILMN_1902949	4480424
ILMN_1898022	520709
ILMN_1824362	5290433
ILMN_1900181	4060079
ILMN_1852793	6180592
ILMN_1892417	5900349
ILMN_1842738	4570403
ILMN_1817715	4610736
ILMN_1911043	2850397
ILMN_1871306	360040
ILMN_1850613	780397
ILMN_1894895	4890725
ILMN_1884754	6860209
ILMN_1882262	1450035
ILMN_1886026	3400670
ILMN_1874172	3190528
ILMN_1900661	5870605
ILMN_1824297	60139
ILMN_1866856	6760431
ILMN_1820295	1510280
ILMN_1839719	1260014
ILMN_1873534	6040671
ILMN_1888690	4290059
ILMN_1876151	2570040
ILMN_1905821	3460040
ILMN_1891694	770240
ILMN_1847793	2230370
ILMN_1835172	3520050
ILMN_1816948	7650228
ILMN_1912438	2100739
ILMN_1902861	6280730
ILMN_1888949	4290041
ILMN_1881481	7400162
ILMN_1825449	2000400
ILMN_1890063	7200730
ILMN_1885705	5090685
ILMN_1867321	1850474
ILMN_1872769	1990408
ILMN_1833876	3610168
ILMN_1911047	6660543
ILMN_1900159	1580328
ILMN_1895417	3710427
ILMN_1828747	6110349
ILMN_1873215	6770273
ILMN_1864989	4180370
ILMN_1904561	6560369
ILMN_1915480	7650719
ILMN_1892172	3370411
ILMN_1872600	1450215
ILMN_1840283	3310670
ILMN_1877421	2060736
ILMN_1898605	630221
ILMN_1870857	4540753
ILMN_1818446	7560343
ILMN_1862939	4810554
ILMN_1824465	1430133
ILMN_1852040	3710577
ILMN_1854132	240138
ILMN_1887735	4280609
ILMN_1853193	2650181
ILMN_1900146	7200273
ILMN_1888330	4250025
ILMN_1907467	1710273
ILMN_1832263	7100754
ILMN_1824784	4830563
ILMN_1834252	4480619
ILMN_1902123	70288
ILMN_1859334	4780564
ILMN_1826717	1260070
ILMN_1872408	7100672
ILMN_1909610	3360356
ILMN_1865559	1410670
ILMN_1907215	3850035
ILMN_1839740	1580070
ILMN_1871162	5570164
ILMN_1897867	5080209
ILMN_1879767	3440300
ILMN_1880446	2230551
ILMN_1838655	5090743
ILMN_1861749	7560091
ILMN_1891233	5690010
ILMN_1880937	4730358
ILMN_1875763	6130563
ILMN_1855746	7040731
ILMN_1828034	4890746
ILMN_1830069	2630739
ILMN_1917315	7320133
ILMN_1831907	510646
ILMN_1887357	2190333
ILMN_1864580	7510279
ILMN_1850991	3290192
ILMN_1848499	1070138
ILMN_1850372	4260376
ILMN_1882482	5670491
ILMN_1891324	5090047
ILMN_1899461	2480427
ILMN_1858245	3440653
ILMN_1850795	60441
ILMN_1886750	3850736
ILMN_1885774	2320431
ILMN_1913759	2900309
ILMN_1824666	6900601
ILMN_1880184	5490630
ILMN_1882849	1050484
ILMN_1850875	2510148
ILMN_1849430	160139
ILMN_1893395	1440603
ILMN_1851972	1570097
ILMN_1818617	1580538
ILMN_1895686	380273
ILMN_1864749	5050674
ILMN_1895518	4490326
ILMN_1901555	1980435
ILMN_1887505	770093
ILMN_1864565	2510601
ILMN_1893608	6650255
ILMN_1839531	3190332
ILMN_1893697	5260161
ILMN_1825529	4730022
ILMN_1823533	6900768
ILMN_1892498	1500181
ILMN_1874613	6480112
ILMN_1844882	6290273
ILMN_1912662	5340719
ILMN_1872973	3360170
ILMN_1883445	130114
ILMN_1889878	6040020
ILMN_1891673	7200112
ILMN_1859662	5260647
ILMN_1895935	1260537
ILMN_1848815	4060670
ILMN_1861982	730220
ILMN_1832155	6450088
ILMN_1857239	6510041
ILMN_1905850	5390156
ILMN_1873261	6400612
ILMN_1869193	3190477
ILMN_1857335	4060242
ILMN_1905788	1690129
ILMN_1893367	270577
ILMN_1869140	6270064
ILMN_1903312	4200020
ILMN_1874806	6250575
ILMN_1834592	6420148
ILMN_1882284	1740014
ILMN_1902060	3310707
ILMN_1832879	2060608
ILMN_1866929	2230093
ILMN_1867060	4860349
ILMN_1843101	4890446
ILMN_1898938	7320678
ILMN_1872450	4540706
ILMN_1872568	5090630
ILMN_1898096	4860474
ILMN_1874566	2940333
ILMN_1822378	3990768
ILMN_1881514	3400326
ILMN_1868124	4760671
ILMN_1881212	1570431
ILMN_1832543	6770491
ILMN_1868866	1660056
ILMN_1902998	2600543
ILMN_1887267	4560408
ILMN_1842237	2100221
ILMN_1901089	2750093
ILMN_1866043	3440176
ILMN_1856274	7550019
ILMN_1826921	3840390
ILMN_1909276	4490768
ILMN_1897142	6370239
ILMN_1885006	2070041
ILMN_1855278	6560072
ILMN_1883050	5550181
ILMN_1850501	650341
ILMN_1824196	110242
ILMN_1905829	4880075
ILMN_1880341	3830711
ILMN_1833008	3460524
ILMN_1897333	5810059
ILMN_1833478	110523
ILMN_1862070	5960327
ILMN_1870747	3440291
ILMN_1859127	1260356
ILMN_1835657	1010762
ILMN_1835562	2640347
ILMN_1831106	360291
ILMN_1823555	6900390
ILMN_1855325	2750327
ILMN_1882354	6960288
ILMN_1856480	4780187
ILMN_1890614	4730711
ILMN_1917341	2450114
ILMN_1903914	3830070
ILMN_1845086	3290609
ILMN_1847123	4250379
ILMN_1843949	3360446
ILMN_1841133	840463
ILMN_1849907	7200630
ILMN_1915222	5290594
ILMN_1883901	1980037
ILMN_1893675	4060379
ILMN_1910292	4670692
ILMN_1864527	240092
ILMN_1834186	2900519
ILMN_1834323	2650037
ILMN_1859446	4280082
ILMN_1907947	3390672
ILMN_1826226	1740019
ILMN_1861437	6420634
ILMN_1892050	270048
ILMN_1857265	7380091
ILMN_1904054	1740735
ILMN_1913060	1440064
ILMN_1849318	6860672
ILMN_1909542	7040026
ILMN_1890902	7560768
ILMN_1902044	3130037
ILMN_1847461	2060619
ILMN_1908840	4730762
ILMN_1848095	1030600
ILMN_1820327	4670332
ILMN_1886642	7510577
ILMN_1853160	5870292
ILMN_1886604	1580020
ILMN_1858321	150646
ILMN_1911487	5080646
ILMN_1875096	7200328
ILMN_1871903	1570253
ILMN_1839469	5290338
ILMN_1883267	6840187
ILMN_1827259	1770050
ILMN_1822439	380053
ILMN_1895223	1430184
ILMN_1889811	2760360
ILMN_1915777	4060537
ILMN_1858599	7610309
ILMN_1878029	240392
ILMN_1883997	580452
ILMN_1835454	1440240
ILMN_1895227	150735
ILMN_1824554	2760379
ILMN_1867355	1050398
ILMN_1863668	940524
ILMN_1896051	6020121
ILMN_1884319	610433
ILMN_1902455	2450278
ILMN_1867439	1300626
ILMN_1848906	620037
ILMN_1897516	3460021
ILMN_1868908	3400341
ILMN_1863962	5890594
ILMN_1836531	6060114
ILMN_1876778	3360017
ILMN_1899183	6760411
ILMN_1881122	5700129
ILMN_1913510	1990064
ILMN_1866180	3420092
ILMN_1839439	7050279
ILMN_1828337	2760192
ILMN_1842448	150341
ILMN_1860954	6040497
ILMN_1889752	6580674
ILMN_1914343	5490075
ILMN_1851299	6840367
ILMN_1884160	150408
ILMN_1828012	3290136
ILMN_1827968	380440
ILMN_1824858	6550433
ILMN_1869109	150343
ILMN_1830483	360438
ILMN_1886412	3780433
ILMN_1900330	4280184
ILMN_1826531	2940452
ILMN_1854031	2120056
ILMN_1899435	4760307
ILMN_1897650	1980397
ILMN_1882018	6330594
ILMN_1836758	1170296
ILMN_1851843	7160068
ILMN_1884195	5090022
ILMN_1864587	7100025
ILMN_1826820	1010639
ILMN_1863994	6380010
ILMN_1840934	1400193
ILMN_1913232	6980333
ILMN_1843690	5340133
ILMN_1879879	6940273
ILMN_1831566	4830195
ILMN_1821671	4880373
ILMN_1832151	2260102
ILMN_1911721	4830709
ILMN_1839793	4260500
ILMN_1867134	6270601
ILMN_1843403	2850088
ILMN_1831763	5080056
ILMN_1831081	7560369
ILMN_1898453	5340020
ILMN_1847804	990209
ILMN_1832047	7550142
ILMN_1904135	4070228
ILMN_1829553	380338
ILMN_1873562	6020292
ILMN_1888252	4860072
ILMN_1906541	3520100
ILMN_1888925	6550270
ILMN_1878225	2510609
ILMN_1888609	6220193
ILMN_1904661	4860112
ILMN_1909871	2640746
ILMN_1893548	6650184
ILMN_1901304	6100240
ILMN_1899960	6560176
ILMN_1869897	5690341
ILMN_1849117	1400753
ILMN_1822368	630615
ILMN_1828732	6220544
ILMN_1852041	4730487
ILMN_1894624	3850424
ILMN_1901367	2630440
ILMN_1916228	6290309
ILMN_1846162	6660440
ILMN_1903135	610672
ILMN_1914129	5130341
ILMN_1834780	4890767
ILMN_1819067	6290438
ILMN_1832656	1240239
ILMN_1858762	2650725
ILMN_1887013	4390307
ILMN_1882646	6480113
ILMN_1847965	4830014
ILMN_1844691	4200528
ILMN_1829720	4900121
ILMN_1861177	4250487
ILMN_1871823	4760379
ILMN_1837428	7040682
ILMN_1856983	6760128
ILMN_1865604	2650048
ILMN_1849342	2490037
ILMN_1882500	1400709
ILMN_1874016	1030608
ILMN_1852089	1580452
ILMN_1913336	5360315
ILMN_1894821	20441
ILMN_1913494	1570402
ILMN_1906655	2710139
ILMN_1872864	4120450
ILMN_1907182	1260053
ILMN_1892511	5270592
ILMN_1913477	4540408
ILMN_1896431	7510725
ILMN_1853157	130288
ILMN_1816822	450148
ILMN_1915501	2490608
ILMN_1902112	870576
ILMN_1879857	6860474
ILMN_1898124	3130358
ILMN_1849418	6940706
ILMN_1895889	4120730
ILMN_1854384	1030274
ILMN_1897864	70059
ILMN_1851760	5490020
ILMN_1890008	5390241
ILMN_1878305	4890576
ILMN_1888165	2510521
ILMN_1874678	2640577
ILMN_1827068	1410100
ILMN_1899638	4490047
ILMN_1899886	2000709
ILMN_1846768	870703
ILMN_1887831	7160408
ILMN_1846072	4900035
ILMN_1823078	5810152
ILMN_1852384	5220086
ILMN_1851610	2360296
ILMN_1857894	4150603
ILMN_1879496	5310653
ILMN_1842533	4640167
ILMN_1840273	3930519
ILMN_1850086	1780333
ILMN_1869278	6450386
ILMN_1821176	540747
ILMN_1891901	6960021
ILMN_1870940	4180440
ILMN_1860216	5570475
ILMN_1878019	5570424
ILMN_1888685	3780687
ILMN_1863738	6940632
ILMN_1816410	6760193
ILMN_1856685	2510767
ILMN_1901198	6960300
ILMN_1902563	2600195
ILMN_1896838	6550152
ILMN_1851107	4250142
ILMN_1826101	4230747
ILMN_1860487	6370373
ILMN_1838836	7210112
ILMN_1868503	6770458
ILMN_1896447	1440338
ILMN_1873107	5820273
ILMN_1875138	270608
ILMN_1832949	6270626
ILMN_1827413	2600064
ILMN_1864422	3290632
ILMN_1825300	6270209
ILMN_1827840	5890358
ILMN_1889229	1690273
ILMN_1864370	10372
ILMN_1863647	2650008
ILMN_1902359	1940161
ILMN_1833010	780706
ILMN_1819590	2370369
ILMN_1824566	1230133
ILMN_1854349	7610296
ILMN_1913639	7610156
ILMN_1909183	5700369
ILMN_1906300	1770193
ILMN_1905548	4070193
ILMN_1817545	360113
ILMN_1870783	2000092
ILMN_1827050	1500367
ILMN_1853505	5490575
ILMN_1872493	510086
ILMN_1867149	6940424
ILMN_1840334	2940220
ILMN_1844068	4050612
ILMN_1820767	3290661
ILMN_1866887	2030048
ILMN_1903568	5550768
ILMN_1827736	4150102
ILMN_1863621	2140341
ILMN_1826471	3830661
ILMN_1834538	6770646
ILMN_1905593	6200059
ILMN_1826572	3990347
ILMN_1880513	2690154
ILMN_1880721	4490541
ILMN_1866935	780113
ILMN_1878763	7380369
ILMN_1916335	4560465
ILMN_1831142	4890730
ILMN_1826853	6100470
ILMN_1821321	5720601
ILMN_1881865	2940601
ILMN_1894172	3460129
ILMN_1859584	2490315
ILMN_1887977	4730632
ILMN_1867946	6370524
ILMN_1891944	1820689
ILMN_1889624	1990240
ILMN_1851396	6060673
ILMN_1837348	1570445
ILMN_1905045	630441
ILMN_1915013	3830541
ILMN_1840806	5900328
ILMN_1843361	5270593
ILMN_1869913	7650689
ILMN_1883239	1450528
ILMN_1872400	1110612
ILMN_1873677	2970592
ILMN_1915629	7380440
ILMN_1894057	7150112
ILMN_1890253	5720286
ILMN_1917338	3420392
ILMN_1860789	4850634
ILMN_1899387	1710348
ILMN_1817476	460224
ILMN_1823468	360521
ILMN_1820550	870300
ILMN_1902658	2060014
ILMN_1898268	6330707
ILMN_1820267	1030722
ILMN_1836003	1710470
ILMN_1864512	2370717
ILMN_1903851	4570022
ILMN_1816603	2490564
ILMN_1866337	7380593
ILMN_1898627	5290368
ILMN_1891380	2810546
ILMN_1836469	3420494
ILMN_1853116	5340189
ILMN_1816744	1820735
ILMN_1914645	3370609
ILMN_1836309	4220184
ILMN_1895334	4590066
ILMN_1891725	6560161
ILMN_1899842	610674
ILMN_1866460	610504
ILMN_1847825	3990113
ILMN_1891885	6650040
ILMN_1891130	3710576
ILMN_1854620	3930131
ILMN_1859942	240014
ILMN_1845444	630672
ILMN_1848606	7550196
ILMN_1845778	150601
ILMN_1817003	4730719
ILMN_1863574	5570414
ILMN_1850374	160497
ILMN_1890575	3940102
ILMN_1869781	6270152
ILMN_1826462	1820154
ILMN_1843135	1470458
ILMN_1914891	3190333
ILMN_1855198	2900671
ILMN_1869651	770465
ILMN_1911605	3800424
ILMN_1822491	2450543
ILMN_1848474	2850671
ILMN_1854359	2570274
ILMN_1865056	2030242
ILMN_1904931	4610202
ILMN_1844030	2340523
ILMN_1863592	6770487
ILMN_1906299	360736
ILMN_1880994	290356
ILMN_1905310	1740709
ILMN_1823273	2350692
ILMN_1872759	7100402
ILMN_1871361	20348
ILMN_1863230	6650739
ILMN_1890120	7330082
ILMN_1838830	2490707
ILMN_1877270	5220039
ILMN_1909156	4180747
ILMN_1848913	7380240
ILMN_1909770	1260066
ILMN_1876838	5090692
ILMN_1846110	6620333
ILMN_1840294	7560152
ILMN_1912620	4670154
ILMN_1832208	1980088
ILMN_1886877	6620706
ILMN_1915188	7560520
ILMN_1849285	60296
ILMN_1889472	7160465
ILMN_1828197	4290021
ILMN_1879066	4290047
ILMN_1907705	3610376
ILMN_1850594	1570044
ILMN_1821915	5570709
ILMN_1846517	1050100
ILMN_1879832	2750373
ILMN_1916390	1430433
ILMN_1915076	520747
ILMN_1875342	2120450
ILMN_1853818	4900110
ILMN_1913937	2100064
ILMN_1816774	6480338
ILMN_1890516	4830465
ILMN_1903858	1940717
ILMN_1874569	50100
ILMN_1819854	2940228
ILMN_1831834	70128
ILMN_1873793	3310184
ILMN_1834802	1050435
ILMN_1903487	830646
ILMN_1846306	3870025
ILMN_1881313	6550400
ILMN_1871373	7330373
ILMN_1906333	1430398
ILMN_1905527	3390114
ILMN_1844064	240215
ILMN_1906851	3120356
ILMN_1837891	4290022
ILMN_1849146	870079
ILMN_1891878	4480196
ILMN_1854544	2900431
ILMN_1899351	1990754
ILMN_1891857	3940678
ILMN_1885849	2630139
ILMN_1852367	3780523
ILMN_1817275	1450577
ILMN_1832252	1510187
ILMN_1857067	1980674
ILMN_1848552	7000193
ILMN_1873863	6480398
ILMN_1894053	6200368
ILMN_1911415	2120332
ILMN_1899903	5360296
ILMN_1861609	5870368
ILMN_1836132	3940367
ILMN_1865764	1510608
ILMN_1860760	610296
ILMN_1902094	4180372
ILMN_1901532	5670685
ILMN_1829989	990600
ILMN_1895378	2140450
ILMN_1862684	5670270
ILMN_1823714	3610682
ILMN_1861270	1230521
ILMN_1825640	5910646
ILMN_1860638	5960079
ILMN_1851492	3460020
ILMN_1827287	6420092
ILMN_1863233	5360253
ILMN_1839609	130356
ILMN_1877778	4180136
ILMN_1889708	2630736
ILMN_1867517	4860280
ILMN_1857510	7320022
ILMN_1823112	4250730
ILMN_1908547	1580192
ILMN_1893728	6060020
ILMN_1873112	3850201
ILMN_1856634	4050025
ILMN_1888474	540064
ILMN_1846807	6330372
ILMN_1887553	3610037
ILMN_1901455	240259
ILMN_1897013	450746
ILMN_1894367	5670519
ILMN_1823769	6960753
ILMN_1840957	7040192
ILMN_1836182	6060093
ILMN_1864558	5900687
ILMN_1881668	4280138
ILMN_1833840	6020369
ILMN_1886092	770475
ILMN_1864228	7200072
ILMN_1915553	460689
ILMN_1851912	3520685
ILMN_1896277	7050292
ILMN_1820643	520315
ILMN_1917206	1570088
ILMN_1829664	1070066
ILMN_1824032	610168
ILMN_1883745	5490592
ILMN_1909695	6770022
ILMN_1848843	1030100
ILMN_1873545	270072
ILMN_1898518	1570114
ILMN_1872456	5310553
ILMN_1886537	3440193
ILMN_1846771	6660717
ILMN_1851540	1030626
ILMN_1831833	270008
ILMN_1906423	5310327
ILMN_1887349	610484
ILMN_1851639	6330255
ILMN_1847027	3440056
ILMN_1821064	4860136
ILMN_1847047	4670491
ILMN_1913991	3120059
ILMN_1833004	2360703
ILMN_1912737	6840475
ILMN_1818368	3940114
ILMN_1830334	4730195
ILMN_1848893	6900056
ILMN_1903021	1980204
ILMN_1882248	4590379
ILMN_1895164	4590047
ILMN_1862737	2510445
ILMN_1908220	6060273
ILMN_1869087	1940082
ILMN_1895853	7560519
ILMN_1888615	2370452
ILMN_1864166	5260328
ILMN_1875354	2570369
ILMN_1894796	240553
ILMN_1819494	5340521
ILMN_1882512	580326
ILMN_1818859	7610075
ILMN_1849842	6900519
ILMN_1913678	5720768
ILMN_1880864	4250176
ILMN_1910948	6770615
ILMN_1832114	5560431
ILMN_1882495	5700110
ILMN_1895690	4120156
ILMN_1915616	510392
ILMN_1873540	1770288
ILMN_1817228	4830286
ILMN_1880406	4760504
ILMN_1909312	290113
ILMN_1819783	2680670
ILMN_1906520	4730162
ILMN_1851771	3440520
ILMN_1900795	6900082
ILMN_1882348	4250253
ILMN_1829362	6940747
ILMN_1846430	60487
ILMN_1859743	2120685
ILMN_1827517	6330370
ILMN_1896630	3120670
ILMN_1819876	2190021
ILMN_1819805	3400273
ILMN_1881003	3420279
ILMN_1843591	2570632
ILMN_1915987	1470162
ILMN_1896149	2030112
ILMN_1900235	3130739
ILMN_1852387	1050494
ILMN_1897310	6520553
ILMN_1907266	2710133
ILMN_1867214	1990093
ILMN_1882569	2070471
ILMN_1869288	5080707
ILMN_1915805	4250187
ILMN_1826300	2850554
ILMN_1868808	7610192
ILMN_1825027	1660707
ILMN_1893010	5900075
ILMN_1849186	1820743
ILMN_1865723	4040348
ILMN_1875373	6060671
ILMN_1912745	5820372
ILMN_1870668	4900048
ILMN_1882270	7400440
ILMN_1818850	4640301
ILMN_1849041	5220553
ILMN_1906256	5270209
ILMN_1901974	1940356
ILMN_1818856	4880035
ILMN_1914013	6400041
ILMN_1900270	1450504
ILMN_1876581	4540187
ILMN_1904785	2640095
ILMN_1816625	3400743
ILMN_1844361	3290601
ILMN_1857897	50398
ILMN_1906438	3190719
ILMN_1820605	1070390
ILMN_1823906	1260050
ILMN_1849997	1440079
ILMN_1879041	1410338
ILMN_1904228	6250195
ILMN_1911361	3990576
ILMN_1913498	4880739
ILMN_1818248	2470273
ILMN_1846776	6580703
ILMN_1850588	2570753
ILMN_1911115	3170600
ILMN_1900457	1340615
ILMN_1816070	2260601
ILMN_1851060	5220743
ILMN_1900782	6220554
ILMN_1905244	2030066
ILMN_1887008	6330722
ILMN_1851453	270521
ILMN_1899760	4040300
ILMN_1837102	6060554
ILMN_1874901	3290082
ILMN_1880113	2070445
ILMN_1859036	2710128
ILMN_1826420	1030598
ILMN_1865817	6290326
ILMN_1896462	6370497
ILMN_1816713	3060239
ILMN_1914855	6350577
ILMN_1836550	3520021
ILMN_1860741	5560441
ILMN_1845475	4670594
ILMN_1876729	1990619
ILMN_1872266	1030671
ILMN_1845757	6380450
ILMN_1846874	70491
ILMN_1895801	3840524
ILMN_1892506	840612
ILMN_1857775	2060689
ILMN_1851451	130196
ILMN_1896892	1470619
ILMN_1825880	1440519
ILMN_1884723	780682
ILMN_1886847	240762
ILMN_1917089	6220706
ILMN_1822333	7160369
ILMN_1911503	7100544
ILMN_1854472	1230360
ILMN_1891109	3140307
ILMN_1860288	4220059
ILMN_1884193	5670196
ILMN_1834842	5690632
ILMN_1858668	6510458
ILMN_1899762	2850240
ILMN_1884069	3460338
ILMN_1913413	3140215
ILMN_1887090	6110273
ILMN_1885199	4810037
ILMN_1841566	1710100
ILMN_1863196	2000050
ILMN_1912185	450754
ILMN_1901113	3520520
ILMN_1826637	4860338
ILMN_1839941	3360564
ILMN_1905087	160719
ILMN_1827930	1820102
ILMN_1854383	2510349
ILMN_1858624	1740706
ILMN_1881960	160152
ILMN_1863979	5550162
ILMN_1907756	1570324
ILMN_1882315	2680674
ILMN_1898454	6510739
ILMN_1866216	6620440
ILMN_1856861	6940487
ILMN_1865568	240465
ILMN_1847870	70241
ILMN_1833009	2140025
ILMN_1869943	5340519
ILMN_1911717	3060270
ILMN_1871124	4540253
ILMN_1846451	6760601
ILMN_1872122	6250152
ILMN_1823229	150167
ILMN_1907042	4920437
ILMN_1826447	2630541
ILMN_1867069	7380070
ILMN_1825369	4210068
ILMN_1828584	5130397
ILMN_1866389	3890441
ILMN_1866504	4920338
ILMN_1852078	2940161
ILMN_1874506	2850465
ILMN_1868805	6860129
ILMN_1911677	110332
ILMN_1857507	7610601
ILMN_1896967	2230082
ILMN_1820437	7510487
ILMN_1899338	2510671
ILMN_1820226	5720242
ILMN_1895763	7560240
ILMN_1821388	6040373
ILMN_1878885	7200379
ILMN_1901272	1430070
ILMN_1890263	2690523
ILMN_1907861	2000671
ILMN_1839532	450730
ILMN_1884775	4920068
ILMN_1907556	1510204
ILMN_1900263	20433
ILMN_1860196	4880753
ILMN_1825249	6980445
ILMN_1869442	20278
ILMN_1902728	4670253
ILMN_1876629	4880707
ILMN_1895548	1770390
ILMN_1904791	4570491
ILMN_1861985	3850086
ILMN_1869348	4230020
ILMN_1851487	240403
ILMN_1912997	7210671
ILMN_1894500	830129
ILMN_1886637	520136
ILMN_1860010	4570202
ILMN_1855355	3870278
ILMN_1879983	6350102
ILMN_1873925	1820626
ILMN_1827966	6370544
ILMN_1880425	2630372
ILMN_1832720	3710739
ILMN_1917045	2900215
ILMN_1827623	6580477
ILMN_1917001	3460154
ILMN_1845157	4070242
ILMN_1902594	1580594
ILMN_1820572	2650767
ILMN_1855163	6560452
ILMN_1843387	5960338
ILMN_1885273	2030475
ILMN_1897405	730731
ILMN_1893850	730681
ILMN_1856315	2370168
ILMN_1832425	4250286
ILMN_1909784	4010370
ILMN_1833504	6650768
ILMN_1824498	2810379
ILMN_1907451	380326
ILMN_1847308	2630601
ILMN_1846732	4760315
ILMN_1873893	2060142
ILMN_1894484	5900215
ILMN_1856538	6370403
ILMN_1859300	3120593
ILMN_1872404	6520100
ILMN_1900344	3710747
ILMN_1906110	1500639
ILMN_1836218	2760068
ILMN_1854765	4730154
ILMN_1909990	1400431
ILMN_1870041	840156
ILMN_1880997	1340270
ILMN_1843932	5290768
ILMN_1904282	3390050
ILMN_1854833	2360494
ILMN_1870021	7560088
ILMN_1868572	4280484
ILMN_1908872	2030136
ILMN_1889874	240241
ILMN_1851169	6560189
ILMN_1912827	2900253
ILMN_1849494	3420356
ILMN_1845037	6940605
ILMN_1824665	6220653
ILMN_1873967	4490468
ILMN_1817983	2070438
ILMN_1825625	290653
ILMN_1844919	3460735
ILMN_1839781	610685
ILMN_1854913	6960066
ILMN_1874108	1030128
ILMN_1829330	6060156
ILMN_1914927	5050671
ILMN_1916094	4830681
ILMN_1911026	1570451
ILMN_1870621	6590678
ILMN_1870111	6330215
ILMN_1892345	6250402
ILMN_1898771	2030348
ILMN_1880342	7650121
ILMN_1831489	6960328
ILMN_1862198	4860037
ILMN_1842602	4730273
ILMN_1895042	6560670
ILMN_1859374	4570154
ILMN_1865736	1510601
ILMN_1838863	50543
ILMN_1817427	4050204
ILMN_1911213	2680504
ILMN_1816244	2230382
ILMN_1889555	6590113
ILMN_1822117	4590376
ILMN_1861916	7210356
ILMN_1823207	2320646
ILMN_1872488	1090168
ILMN_1891705	7650671
ILMN_1827779	5820102
ILMN_1847950	5910730
ILMN_1821280	510332
ILMN_1817651	380431
ILMN_1914073	6510070
ILMN_1900456	7200553
ILMN_1821517	6550386
ILMN_1863099	2760307
ILMN_1837082	6290446
ILMN_1895128	6760072
ILMN_1870360	730431
ILMN_1838184	4590500
ILMN_1848464	6450279
ILMN_1887011	3990435
ILMN_1824766	6330681
ILMN_1916904	4540609
ILMN_1890134	4850132
ILMN_1871233	1470736
ILMN_1866244	6380358
ILMN_1833941	1430221
ILMN_1890734	4860041
ILMN_1884150	240551
ILMN_1900998	6770504
ILMN_1832123	6250369
ILMN_1868510	2810397
ILMN_1834317	3930468
ILMN_1830690	2320019
ILMN_1836776	1070470
ILMN_1844851	4920671
ILMN_1878672	1170209
ILMN_1885762	1010026
ILMN_1915913	1990524
ILMN_1835080	4730465
ILMN_1853738	6860504
ILMN_1859707	5420288
ILMN_1907679	2190672
ILMN_1903347	2060309
ILMN_1916260	2680743
ILMN_1835601	5310022
ILMN_1817973	4780601
ILMN_1843621	3290709
ILMN_1841334	730341
ILMN_1846242	6450170
ILMN_1858126	1710619
ILMN_1818833	2750433
ILMN_1846177	5310546
ILMN_1909118	4670296
ILMN_1912611	10465
ILMN_1830598	4610463
ILMN_1849670	3830008
ILMN_1885603	2100494
ILMN_1896284	5820484
ILMN_1895120	3190050
ILMN_1855587	830753
ILMN_1908530	3930544
ILMN_1861556	3400689
ILMN_1897682	7570136
ILMN_1864204	1340543
ILMN_1832033	4850706
ILMN_1878459	20519
ILMN_1855286	6980500
ILMN_1913782	7560441
ILMN_1824102	6770546
ILMN_1857413	730008
ILMN_1851677	5260373
ILMN_1902689	650747
ILMN_1858947	990465
ILMN_1862270	6040093
ILMN_1904138	2600494
ILMN_1854170	4810470
ILMN_1888349	7320164
ILMN_1836079	3120066
ILMN_1832334	3840681
ILMN_1830606	2320379
ILMN_1824016	2190088
ILMN_1913002	5490653
ILMN_1849941	150392
ILMN_1894911	2570039
ILMN_1857861	3930193
ILMN_1825955	670672
ILMN_1911012	7380537
ILMN_1859665	4590189
ILMN_1857833	1580193
ILMN_1841970	4880538
ILMN_1911845	2710551
ILMN_1843259	2140767
ILMN_1870363	3400465
ILMN_1883769	5910088
ILMN_1874557	2570128
ILMN_1905546	1410022
ILMN_1825360	7210324
ILMN_1900513	6200575
ILMN_1908695	2360538
ILMN_1833831	7050725
ILMN_1868594	7570112
ILMN_1830064	460184
ILMN_1830955	7150543
ILMN_1823245	1690110
ILMN_1817524	2470176
ILMN_1874735	4490767
ILMN_1882045	2190487
ILMN_1820657	1570315
ILMN_1914851	4220020
ILMN_1914637	4050168
ILMN_1903049	2070280
ILMN_1835958	3870368
ILMN_1899105	4390465
ILMN_1845347	4830367
ILMN_1893798	3180762
ILMN_1828216	6650554
ILMN_1837220	3420338
ILMN_1912333	160296
ILMN_1902738	6060753
ILMN_1844905	1440246
ILMN_1841002	3370646
ILMN_1884026	4610452
ILMN_1854109	2480609
ILMN_1826521	2000561
ILMN_1889767	3290131
ILMN_1825426	5570598
ILMN_1909615	5870400
ILMN_1852279	3140730
ILMN_1856609	830193
ILMN_1821588	1110546
ILMN_1891851	6550630
ILMN_1836958	3180338
ILMN_1849228	7570601
ILMN_1821681	3850709
ILMN_1858153	2710554
ILMN_1847771	1300646
ILMN_1868668	6980674
ILMN_1869316	3310112
ILMN_1863212	2120138
ILMN_1883298	7200286
ILMN_1824151	4200040
ILMN_1899940	160706
ILMN_1897296	2970711
ILMN_1891482	520373
ILMN_1817377	5490475
ILMN_1838575	1440390
ILMN_1913059	7210452
ILMN_1877446	2850719
ILMN_1882590	3400709
ILMN_1890587	7160176
ILMN_1870499	6940110
ILMN_1831151	6220020
ILMN_1898561	5130050
ILMN_1862217	3940762
ILMN_1834180	5690020
ILMN_1835697	3460047
ILMN_1842436	6620102
ILMN_1889633	5690564
ILMN_1816342	1230164
ILMN_1844464	5870008
ILMN_1821270	4640561
ILMN_1916256	2750575
ILMN_1851316	7160397
ILMN_1855673	6550397
ILMN_1894087	990324
ILMN_1879067	4180373
ILMN_1871457	2510403
ILMN_1856669	10138
ILMN_1889547	1240458
ILMN_1857768	4490575
ILMN_1896703	2100520
ILMN_1890788	5720546
ILMN_1886493	5960095
ILMN_1904238	4280600
ILMN_1820244	6180068
ILMN_1823130	1690082
ILMN_1867188	2940341
ILMN_1826342	4810088
ILMN_1914405	2810189
ILMN_1859843	6620193
ILMN_1839335	1450762
ILMN_1872472	4010576
ILMN_1821199	6580706
ILMN_1849192	2350719
ILMN_1887994	6350167
ILMN_1859787	3130445
ILMN_1827170	1710241
ILMN_1846249	6060601
ILMN_1910085	6280768
ILMN_1908989	1510139
ILMN_1873934	2510300
ILMN_1910126	1050605
ILMN_1904578	2750202
ILMN_1917290	5720292
ILMN_1890710	450685
ILMN_1889864	4060411
ILMN_1874748	6660397
ILMN_1893201	5870519
ILMN_1870947	1990133
ILMN_1913478	4850010
ILMN_1818536	1570524
ILMN_1906815	6560196
ILMN_1885051	3440709
ILMN_1859259	2900598
ILMN_1835951	4060022
ILMN_1861865	6940241
ILMN_1865368	3890576
ILMN_1912288	2370181
ILMN_1832804	5690243
ILMN_1867361	1470577
ILMN_1901666	7380072
ILMN_1891677	870397
ILMN_1841301	5340739
ILMN_1906239	4480392
ILMN_1816870	4730338
ILMN_1863470	1470021
ILMN_1828179	3370209
ILMN_1906907	3460195
ILMN_1916025	5870682
ILMN_1842887	6520037
ILMN_1912067	7100019
ILMN_1868047	2690521
ILMN_1906785	1300594
ILMN_1838667	520722
ILMN_1850842	2360523
ILMN_1896187	5220239
ILMN_1905488	7200154
ILMN_1890521	7400075
ILMN_1902121	5860259
ILMN_1896121	4920735
ILMN_1860051	6980133
ILMN_1834456	2070670
ILMN_1875541	150132
ILMN_1877442	2570619
ILMN_1914284	6110039
ILMN_1838891	6370626
ILMN_1908274	1500575
ILMN_1828064	5260487
ILMN_1826215	3710008
ILMN_1894990	6760131
ILMN_1887508	4640154
ILMN_1892666	780372
ILMN_1915698	1400681
ILMN_1858293	4640458
ILMN_1866901	1850386
ILMN_1882047	1260768
ILMN_1871229	6180037
ILMN_1817124	5690161
ILMN_1861477	3610189
ILMN_1838313	4890324
ILMN_1879488	6220465
ILMN_1850711	3710398
ILMN_1831575	7320403
ILMN_1846419	1440491
ILMN_1888055	2570739
ILMN_1846543	70609
ILMN_1903713	4390019
ILMN_1915910	2370133
ILMN_1857588	6130500
ILMN_1835352	6520240
ILMN_1865206	3170553
ILMN_1849503	6130102
ILMN_1859109	6560437
ILMN_1858272	1010039
ILMN_1908996	2490717
ILMN_1875887	3390681
ILMN_1858700	2190114
ILMN_1841564	270154
ILMN_1859293	7560504
ILMN_1911370	1400131
ILMN_1816861	4880025
ILMN_1816646	6200687
ILMN_1856058	4050730
ILMN_1876842	770333
ILMN_1843303	4860576
ILMN_1917257	4290408
ILMN_1906685	1430538
ILMN_1914034	5860438
ILMN_1901903	1570019
ILMN_1833175	4560400
ILMN_1906020	2450348
ILMN_1817198	2030521
ILMN_1880086	5290687
ILMN_1878882	1990020
ILMN_1892638	4180450
ILMN_1848529	4850544
ILMN_1898311	2140615
ILMN_1911072	4010154
ILMN_1910594	6200021
ILMN_1859392	7000440
ILMN_1898451	6220576
ILMN_1896496	4640494
ILMN_1853775	6180672
ILMN_1821883	290632
ILMN_1872049	4180398
ILMN_1824232	3120040
ILMN_1901394	610100
ILMN_1874273	1230221
ILMN_1871883	4560553
ILMN_1898004	2030719
ILMN_1844823	5260167
ILMN_1905330	4810484
ILMN_1867345	1710246
ILMN_1880195	2900070
ILMN_1849789	2230092
ILMN_1854941	1050601
ILMN_1823582	1430154
ILMN_1852785	580167
ILMN_1848202	4200154
ILMN_1820887	1820408
ILMN_1900929	1110500
ILMN_1842578	2850037
ILMN_1880310	780026
ILMN_1887709	1570408
ILMN_1834509	5700598
ILMN_1831751	50372
ILMN_1884675	6350338
ILMN_1845875	5290139
ILMN_1848820	6550338
ILMN_1910316	5690025
ILMN_1877226	1710603
ILMN_1909683	3890438
ILMN_1911457	1260349
ILMN_1909377	4290372
ILMN_1883176	6220047
ILMN_1841069	4760465
ILMN_1880612	7100369
ILMN_1916877	4040408
ILMN_1911608	1940521
ILMN_1904606	3390176
ILMN_1877663	4640164
ILMN_1840469	7570754
ILMN_1910732	7100609
ILMN_1898325	6330706
ILMN_1894710	4260521
ILMN_1847133	3120154
ILMN_1829448	1570521
ILMN_1851949	2370519
ILMN_1900888	4060215
ILMN_1866427	1070132
ILMN_1878860	5390050
ILMN_1875980	1780110
ILMN_1862524	3460072
ILMN_1885808	830112
ILMN_1909461	270121
ILMN_1892762	240202
ILMN_1891311	2450369
ILMN_1910322	5270221
ILMN_1838581	6180239
ILMN_1884165	2750398
ILMN_1835466	1430646
ILMN_1882868	1070500
ILMN_1845933	6900577
ILMN_1901051	2600725
ILMN_1852539	2650500
ILMN_1895976	4670470
ILMN_1856238	1010072
ILMN_1891312	6200678
ILMN_1875581	4040079
ILMN_1855291	360398
ILMN_1851891	1990634
ILMN_1876456	4590689
ILMN_1897149	6660324
ILMN_1875223	2230021
ILMN_1836486	5290497
ILMN_1858271	5720709
ILMN_1829030	2230364
ILMN_1900276	5900446
ILMN_1916462	3930725
ILMN_1902378	7650465
ILMN_1877281	6650021
ILMN_1916642	1500474
ILMN_1892519	4590093
ILMN_1876250	6250470
ILMN_1868410	4830292
ILMN_1850734	6590519
ILMN_1910817	3520296
ILMN_1910319	2000408
ILMN_1910608	1570243
ILMN_1892243	2450079
ILMN_1817062	6330411
ILMN_1878350	4200373
ILMN_1824052	6660026
ILMN_1842593	6450209
ILMN_1916588	4220673
ILMN_1881262	5860161
ILMN_1905226	2600603
ILMN_1866984	6520341
ILMN_1905197	2970037
ILMN_1916636	3780639
ILMN_1826631	5900719
ILMN_1846547	3520561
ILMN_1883919	3120435
ILMN_1905094	7320025
ILMN_1827572	70598
ILMN_1825067	1470364
ILMN_1860168	6560743
ILMN_1877756	2760326
ILMN_1898394	2070241
ILMN_1911044	4850066
ILMN_1858783	6370437
ILMN_1879811	6290121
ILMN_1899147	1990121
ILMN_1910178	2600653
ILMN_1848996	4590338
ILMN_1891880	7510139
ILMN_1897254	7100475
ILMN_1905751	3710441
ILMN_1906966	4200603
ILMN_1881538	2570626
ILMN_1820606	6450707
ILMN_1893852	6480193
ILMN_1892765	580520
ILMN_1868983	1450424
ILMN_1834901	6550241
ILMN_1844203	5090338
ILMN_1861090	3710538
ILMN_1864782	2190722
ILMN_1833150	1850187
ILMN_1894915	2600484
ILMN_1844612	940608
ILMN_1826609	5570026
ILMN_1876787	610730
ILMN_1839229	3840189
ILMN_1869343	4060408
ILMN_1828556	2760278
ILMN_1858247	2320397
ILMN_1819884	70537
ILMN_1843616	4830392
ILMN_1906625	4640653
ILMN_1832274	4220368
ILMN_1890884	5260465
ILMN_1848374	7100746
ILMN_1893915	5310576
ILMN_1825265	1990164
ILMN_1904243	5900010
ILMN_1899116	3130376
ILMN_1884220	6200477
ILMN_1859007	3370068
ILMN_1917316	6840386
ILMN_1854131	2480750
ILMN_1817396	5860598
ILMN_1823128	6290113
ILMN_1857726	3060753
ILMN_1897536	1400544
ILMN_1902635	5690189
ILMN_1816501	6660661
ILMN_1874362	7000241
ILMN_1836827	6840161
ILMN_1869119	240184
ILMN_1886969	870240
ILMN_1884828	5890612
ILMN_1846537	2070132
ILMN_1880796	4830743
ILMN_1896474	2030128
ILMN_1849294	5570014
ILMN_1877455	6510441
ILMN_1816432	5900743
ILMN_1873090	510037
ILMN_1872988	3780075
ILMN_1877250	4010538
ILMN_1837842	6660441
ILMN_1832529	6200564
ILMN_1821541	6650289
ILMN_1903070	5220402
ILMN_1836193	2650577
ILMN_1828245	4730671
ILMN_1914263	3360240
ILMN_1873823	520170
ILMN_1858589	7210491
ILMN_1856010	7610102
ILMN_1895039	5700326
ILMN_1904188	6480132
ILMN_1893098	5910246
ILMN_1877561	5690692
ILMN_1864360	150500
ILMN_1890825	4860324
ILMN_1857703	5910561
ILMN_1910366	4220288
ILMN_1881287	6290255
ILMN_1863939	5860288
ILMN_1904400	2350743
ILMN_1858833	4230639
ILMN_1866319	4260717
ILMN_1853450	3780397
ILMN_1835730	3140754
ILMN_1875967	7610577
ILMN_1888546	6660672
ILMN_1885323	1070280
ILMN_1915471	840142
ILMN_1872104	6180605
ILMN_1880075	3850082
ILMN_1891136	270086
ILMN_1862655	4610465
ILMN_1819158	4880243
ILMN_1895897	6110241
ILMN_1887808	6250243
ILMN_1915996	2350474
ILMN_1908878	5890491
ILMN_1901765	620706
ILMN_1887410	7320086
ILMN_1864016	3170056
ILMN_1854361	2570735
ILMN_1917334	4860632
ILMN_1834241	7560358
ILMN_1873394	10711
ILMN_1887367	2000711
ILMN_1867705	4290274
ILMN_1908463	3180519
ILMN_1871488	7050754
ILMN_1882881	5670008
ILMN_1885583	1030243
ILMN_1877209	3310519
ILMN_1850443	5560743
ILMN_1902467	1450037
ILMN_1857264	160438
ILMN_1916504	4390035
ILMN_1913021	2850711
ILMN_1904980	6590082
ILMN_1852349	5820156
ILMN_1821712	7320754
ILMN_1888042	6650497
ILMN_1889329	4920270
ILMN_1881831	6590326
ILMN_1903466	1980398
ILMN_1843007	2810184
ILMN_1880430	2480491
ILMN_1900347	4210037
ILMN_1917079	4670356
ILMN_1837271	7160541
ILMN_1869823	1580273
ILMN_1846742	7510458
ILMN_1817180	2760296
ILMN_1878265	5670066
ILMN_1903825	6520373
ILMN_1830367	2450754
ILMN_1830728	730240
ILMN_1907052	130184
ILMN_1883153	6650709
ILMN_1887099	6550538
ILMN_1897160	1010685
ILMN_1862873	2640047
ILMN_1892184	6560431
ILMN_1907919	2640739
ILMN_1909073	4280059
ILMN_1911885	6290730
ILMN_1870888	4880575
ILMN_1842913	7610358
ILMN_1893667	3170079
ILMN_1895384	7210465
ILMN_1822571	5720435
ILMN_1861128	3390356
ILMN_1870659	6040019
ILMN_1862889	2690162
ILMN_1857101	1260332
ILMN_1853344	5700678
ILMN_1860095	3180561
ILMN_1902053	4880494
ILMN_1868404	4810626
ILMN_1878129	1050093
ILMN_1839138	3190180
ILMN_1831440	7200138
ILMN_1880245	1740437
ILMN_1897230	6100170
ILMN_1827907	4860228
ILMN_1860733	5360187
ILMN_1914143	2140253
ILMN_1870097	3940706
ILMN_1843478	4250091
ILMN_1902494	1300451
ILMN_1852659	2140445
ILMN_1890754	4200102
ILMN_1833115	4540274
ILMN_1886900	110300
ILMN_1882543	6110491
ILMN_1884168	1780386
ILMN_1874302	2450291
ILMN_1842191	6590047
ILMN_1906948	6380538
ILMN_1889447	7510390
ILMN_1896737	6060136
ILMN_1892895	430452
ILMN_1859931	240634
ILMN_1819384	6840477
ILMN_1897285	4490301
ILMN_1878778	510504
ILMN_1911501	130692
ILMN_1854905	6330056
ILMN_1832072	160273
ILMN_1856498	1510369
ILMN_1864157	1940671
ILMN_1835443	6330619
ILMN_1907054	240056
ILMN_1847612	1110189
ILMN_1884886	2030537
ILMN_1869066	5360133
ILMN_1892306	6560408
ILMN_1911087	5290445
ILMN_1878016	4200671
ILMN_1833131	7330692
ILMN_1905413	5260445
ILMN_1826591	630239
ILMN_1862365	4250348
ILMN_1904844	6130279
ILMN_1857569	2350161
ILMN_1831214	5390465
ILMN_1853210	3140600
ILMN_1916352	20370
ILMN_1823261	6660692
ILMN_1908153	7100553
ILMN_1835896	6200192
ILMN_1865411	2640553
ILMN_1907268	840524
ILMN_1881290	1780349
ILMN_1858507	6200047
ILMN_1904682	4390519
ILMN_1866840	6770196
ILMN_1903750	4890497
ILMN_1884969	510437
ILMN_1827887	2650403
ILMN_1838488	7200228
ILMN_1819515	6480020
ILMN_1849124	10471
ILMN_1880402	7400397
ILMN_1865698	2140730
ILMN_1823606	7200113
ILMN_1881561	5700544
ILMN_1823270	6450220
ILMN_1839905	4560315
ILMN_1897635	1690672
ILMN_1816781	5130307
ILMN_1832173	1710445
ILMN_1911594	2370477
ILMN_1874761	4670341
ILMN_1849238	830477
ILMN_1908998	1690136
ILMN_1901506	2230291
ILMN_1893033	5130707
ILMN_1852756	4670408
ILMN_1866706	2030369
ILMN_1898040	4860246
ILMN_1854412	620315
ILMN_1886816	520021
ILMN_1860632	620673
ILMN_1866152	780064
ILMN_1868037	5960273
ILMN_1886127	5050564
ILMN_1888492	2070603
ILMN_1907700	990093
ILMN_1904897	870673
ILMN_1872419	2030020
ILMN_1915949	2060242
ILMN_1894709	6560097
ILMN_1915432	2480408
ILMN_1877996	3360600
ILMN_1859672	7560392
ILMN_1913480	5570086
ILMN_1823314	2450673
ILMN_1906721	4900255
ILMN_1902872	2060376
ILMN_1874126	2030164
ILMN_1823347	6290019
ILMN_1868735	4890332
ILMN_1911873	1410601
ILMN_1830602	1990543
ILMN_1874904	6450341
ILMN_1855727	6760082
ILMN_1861414	7150095
ILMN_1888613	4250300
ILMN_1879800	6250653
ILMN_1874253	2360441
ILMN_1846630	380022
ILMN_1877647	6060603
ILMN_1907218	6770739
ILMN_1854241	7380044
ILMN_1825179	4880241
ILMN_1888015	6270458
ILMN_1817201	4210474
ILMN_1867156	3800239
ILMN_1902278	110133
ILMN_1893972	4120632
ILMN_1916404	1030056
ILMN_1817048	4210594
ILMN_1867777	3780379
ILMN_1880885	2000035
ILMN_1832006	3460156
ILMN_1891277	650468
ILMN_1914641	6330446
ILMN_1875466	2190292
ILMN_1828360	6560044
ILMN_1850574	6370161
ILMN_1880142	6110465
ILMN_1888195	160100
ILMN_1899942	6350730
ILMN_1849148	1980053
ILMN_1875380	2650270
ILMN_1860839	240670
ILMN_1891711	5870332
ILMN_1868623	7320445
ILMN_1842394	4250576
ILMN_1879078	4810465
ILMN_1861972	4480189
ILMN_1826520	5090707
ILMN_1826771	3850369
ILMN_1867211	5290152
ILMN_1900949	2370189
ILMN_1865317	840093
ILMN_1867964	830220
ILMN_1907240	3870035
ILMN_1912552	3940243
ILMN_1867352	60543
ILMN_1880704	5550280
ILMN_1838498	4280025
ILMN_1833914	7400154
ILMN_1840685	5130445
ILMN_1826738	6510209
ILMN_1891681	380035
ILMN_1859701	1570008
ILMN_1837152	5700653
ILMN_1875332	70735
ILMN_1827261	1470725
ILMN_1833851	3930474
ILMN_1910676	6940095
ILMN_1842140	5720427
ILMN_1849134	7330288
ILMN_1823952	7510100
ILMN_1908824	1660437
ILMN_1897107	2750370
ILMN_1903267	1260397
ILMN_1881526	3060358
ILMN_1856222	3120300
ILMN_1893344	6060224
ILMN_1902005	670725
ILMN_1829412	1710537
ILMN_1887858	1570768
ILMN_1861915	4730750
ILMN_1859461	5960470
ILMN_1904240	1050692
ILMN_1818620	6370021
ILMN_1909790	5290092
ILMN_1838504	50707
ILMN_1847836	6200338
ILMN_1899673	4830402
ILMN_1816055	2600450
ILMN_1847886	3830360
ILMN_1895825	7160576
ILMN_1830484	630671
ILMN_1915670	4810475
ILMN_1895006	2810086
ILMN_1842039	6330020
ILMN_1902927	290133
ILMN_1855996	6290646
ILMN_1860084	2120019
ILMN_1896420	1660670
ILMN_1844132	6220670
ILMN_1881478	3940273
ILMN_1827739	730050
ILMN_1856374	4210441
ILMN_1872250	4860047
ILMN_1886646	7560446
ILMN_1907870	510095
ILMN_1883034	1500332
ILMN_1863656	2340669
ILMN_1886254	2030168
ILMN_1894521	5270482
ILMN_1829148	2760703
ILMN_1848916	1710408
ILMN_1872539	1440576
ILMN_1829510	6550468
ILMN_1880223	6270072
ILMN_1873034	6860240
ILMN_1884922	7560553
ILMN_1901887	6060041
ILMN_1908918	2030100
ILMN_1908650	6900121
ILMN_1839190	5390315
ILMN_1894712	4540324
ILMN_1856031	7380332
ILMN_1895945	240411
ILMN_1827083	3360037
ILMN_1864148	6650673
ILMN_1913655	7650411
ILMN_1872457	3780152
ILMN_1910805	5890754
ILMN_1828721	4810711
ILMN_1830314	2490735
ILMN_1912387	4010220
ILMN_1898362	2570670
ILMN_1910893	2360450
ILMN_1911344	3520575
ILMN_1867663	1740278
ILMN_1897251	6980706
ILMN_1823172	2120746
ILMN_1827632	2760484
ILMN_1898826	1050338
ILMN_1838702	1820634
ILMN_1865361	4810519
ILMN_1893053	5050594
ILMN_1817113	3800100
ILMN_1819640	6980735
ILMN_1911994	1050717
ILMN_1865639	2230327
ILMN_1861091	4220348
ILMN_1908133	2760450
ILMN_1850240	6060180
ILMN_1830824	1010382
ILMN_1906933	1940070
ILMN_1862648	3780538
ILMN_1846043	5720603
ILMN_1829322	7380433
ILMN_1856044	2340176
ILMN_1877039	1570053
ILMN_1829253	7200332
ILMN_1892582	5570619
ILMN_1853213	3180433
ILMN_1901977	2070711
ILMN_1888935	1570132
ILMN_1819982	4810707
ILMN_1916823	5290315
ILMN_1887305	6250168
ILMN_1901779	7160463
ILMN_1875031	4810095
ILMN_1846799	5910129
ILMN_1834568	4260193
ILMN_1850456	2510414
ILMN_1911569	1780541
ILMN_1880280	1500309
ILMN_1828140	1940372
ILMN_1911713	2140471
ILMN_1825389	1500397
ILMN_1880784	5690494
ILMN_1884983	1980673
ILMN_1860518	7510044
ILMN_1868999	2600487
ILMN_1827211	3890414
ILMN_1901233	460022
ILMN_1884878	150598
ILMN_1855107	5260491
ILMN_1870717	6450544
ILMN_1834233	4250746
ILMN_1874589	2810279
ILMN_1853122	2850044
ILMN_1857793	3170343
ILMN_1855412	6510411
ILMN_1907100	1510129
ILMN_1833680	6940414
ILMN_1888570	6520398
ILMN_1835033	1050731
ILMN_1910511	5260411
ILMN_1894089	4730424
ILMN_1836870	3360358
ILMN_1856818	4780520
ILMN_1873766	2060026
ILMN_1880321	4280465
ILMN_1855549	2480292
ILMN_1887170	6330762
ILMN_1863114	6290154
ILMN_1845811	6060017
ILMN_1850338	2750022
ILMN_1894780	3290553
ILMN_1828967	240397
ILMN_1844593	5900246
ILMN_1894653	6220370
ILMN_1853631	4920451
ILMN_1833212	4180484
ILMN_1859207	6960075
ILMN_1886422	3420465
ILMN_1836936	1030176
ILMN_1877890	6480328
ILMN_1862105	2480240
ILMN_1847159	3930347
ILMN_1905072	2320022
ILMN_1833142	4570544
ILMN_1837492	5360192
ILMN_1898071	2060176
ILMN_1903069	4830653
ILMN_1866300	6100017
ILMN_1866868	50438
ILMN_1907956	6250519
ILMN_1857017	5560544
ILMN_1881877	4590181
ILMN_1847948	3140605
ILMN_1891042	3710672
ILMN_1818577	3130152
ILMN_1896163	380445
ILMN_1909886	1710437
ILMN_1881052	4730440
ILMN_1854978	240189
ILMN_1838472	1470022
ILMN_1829840	2350288
ILMN_1868851	6220110
ILMN_1857118	4250647
ILMN_1894388	3390367
ILMN_1864685	2070053
ILMN_1835610	4120349
ILMN_1828225	4150706
ILMN_1844522	1710176
ILMN_1831734	3060367
ILMN_1818177	60424
ILMN_1909417	110315
ILMN_1883937	7200450
ILMN_1893047	1400273
ILMN_1829064	6660646
ILMN_1881408	4640739
ILMN_1831404	7570612
ILMN_1892599	1030398
ILMN_1914340	6480102
ILMN_1859544	2030133
ILMN_1830833	2070524
ILMN_1836570	5960369
ILMN_1851092	6290196
ILMN_1890741	580477
ILMN_1856081	4230390
ILMN_1830411	430092
ILMN_1884001	6220435
ILMN_1865013	1690524
ILMN_1835658	5090551
ILMN_1851906	1690575
ILMN_1869243	5870735
ILMN_1879031	2340661
ILMN_1889527	1190484
ILMN_1856851	4610368
ILMN_1882560	3940537
ILMN_1907292	1410008
ILMN_1898691	1470450
ILMN_1828515	5870465
ILMN_1874673	3390070
ILMN_1905482	4490458
ILMN_1914054	1510725
ILMN_1887017	1260286
ILMN_1913284	3360215
ILMN_1891067	6620390
ILMN_1863484	940750
ILMN_1869874	6180646
ILMN_1907597	2060059
ILMN_1847029	3800382
ILMN_1904111	160021
ILMN_1829845	1010082
ILMN_1895827	7320279
ILMN_1875338	3610634
ILMN_1860125	650477
ILMN_1904853	3940609
ILMN_1819258	6250070
ILMN_1853632	4250086
ILMN_1859905	7050240
ILMN_1833524	4640332
ILMN_1879591	6590014
ILMN_1894480	2030072
ILMN_1848029	1570750
ILMN_1877372	1260685
ILMN_1838767	5130706
ILMN_1860911	7210451
ILMN_1833563	5690154
ILMN_1825229	1690246
ILMN_1818835	3780176
ILMN_1863308	1690202
ILMN_1886655	580102
ILMN_1911696	2760161
ILMN_1817076	5090280
ILMN_1898190	7550370
ILMN_1903120	2490162
ILMN_1888057	510671
ILMN_1906098	4810315
ILMN_1874689	6370228
ILMN_1871601	6900753
ILMN_1849726	6370328
ILMN_1912201	4830093
ILMN_1882485	4290167
ILMN_1816063	4570431
ILMN_1907648	5550242
ILMN_1896145	6200543
ILMN_1836848	4290240
ILMN_1854030	6650072
ILMN_1830028	4560025
ILMN_1903565	3060307
ILMN_1876532	7610475
ILMN_1828754	3930427
ILMN_1878712	1030138
ILMN_1859863	4280040
ILMN_1909743	6060292
ILMN_1879135	60475
ILMN_1838166	2480500
ILMN_1838375	3440470
ILMN_1818149	520451
ILMN_1860722	6200646
ILMN_1896406	1500386
ILMN_1866524	4180593
ILMN_1906579	3120433
ILMN_1876371	1990082
ILMN_1821228	3170367
ILMN_1847979	3290440
ILMN_1898682	6350093
ILMN_1859908	5810598
ILMN_1886515	5090221
ILMN_1913420	5700072
ILMN_1817168	840221
ILMN_1910146	5340360
ILMN_1842653	6350136
ILMN_1880457	1440601
ILMN_1876466	2350070
ILMN_1899400	6590288
ILMN_1892129	5340528
ILMN_1832180	4590187
ILMN_1852159	1340367
ILMN_1845108	6280519
ILMN_1847758	6250392
ILMN_1902571	2060706
ILMN_1861567	7200196
ILMN_1889602	7560390
ILMN_1877911	1990376
ILMN_1861057	540279
ILMN_1882000	4570576
ILMN_1903143	7650092
ILMN_1816599	2360735
ILMN_1866480	830008
ILMN_1915989	7150653
ILMN_1901009	780131
ILMN_1843100	7400037
ILMN_1885771	870551
ILMN_1912834	5490170
ILMN_1900471	6520400
ILMN_1886487	7560132
ILMN_1907326	4560176
ILMN_1849218	730601
ILMN_1835017	2120328
ILMN_1912083	2030180
ILMN_1887644	4880048
ILMN_1868407	4070152
ILMN_1839665	1030367
ILMN_1849784	7320189
ILMN_1817234	1710608
ILMN_1859657	5290653
ILMN_1912807	6060274
ILMN_1880611	3850113
ILMN_1886792	5260689
ILMN_1857439	1820537
ILMN_1838039	3060671
ILMN_1869915	1990184
ILMN_1910028	2600270
ILMN_1822985	2480187
ILMN_1821483	4480634
ILMN_1875080	3190754
ILMN_1907847	4670465
ILMN_1824490	5260743
ILMN_1839980	780209
ILMN_1849420	730239
ILMN_1830806	20711
ILMN_1897448	2140739
ILMN_1837249	2850670
ILMN_1879150	2060500
ILMN_1832712	5290022
ILMN_1849046	5090494
ILMN_1905577	2680465
ILMN_1892793	3360612
ILMN_1844074	4590445
ILMN_1817816	2850379
ILMN_1862909	6400564
ILMN_1821127	7550600
ILMN_1857081	5820180
ILMN_1881005	2000719
ILMN_1915971	520110
ILMN_1889942	6590431
ILMN_1856179	5700246
ILMN_1855791	1070168
ILMN_1856298	6400047
ILMN_1913355	4900528
ILMN_1885367	1580605
ILMN_1899048	4670754
ILMN_1908258	1430370
ILMN_1827449	7100358
ILMN_1883982	7610670
ILMN_1901289	6040435
ILMN_1860540	4640541
ILMN_1818204	4830088
ILMN_1886221	4880064
ILMN_1879482	1500291
ILMN_1863919	3520605
ILMN_1887928	7320730
ILMN_1911007	3290148
ILMN_1902209	4250332
ILMN_1825275	5960072
ILMN_1848576	5810431
ILMN_1871413	4280050
ILMN_1855130	7380326
ILMN_1840031	3450181
ILMN_1834324	2450687
ILMN_1857523	2140296
ILMN_1885891	1570112
ILMN_1861874	510408
ILMN_1915090	3400039
ILMN_1890829	3830079
ILMN_1861652	3140612
ILMN_1877353	4180154
ILMN_1871107	510296
ILMN_1885233	2190682
ILMN_1864001	4730100
ILMN_1856775	2490025
ILMN_1905436	1690653
ILMN_1907537	1300170
ILMN_1847473	1510315
ILMN_1830259	4830133
ILMN_1861651	7380468
ILMN_1901023	3610176
ILMN_1910330	3370102
ILMN_1864631	4670725
ILMN_1843648	1300114
ILMN_1884015	4280719
ILMN_1882185	2000296
ILMN_1867859	830707
ILMN_1832672	3930504
ILMN_1911968	130195
ILMN_1877317	6130707
ILMN_1837019	7610347
ILMN_1832406	4830706
ILMN_1893532	6220121
ILMN_1855869	7040703
ILMN_1896012	4480270
ILMN_1884750	7610402
ILMN_1894072	3370037
ILMN_1842262	2360142
ILMN_1913095	2340136
ILMN_1891267	7320014
ILMN_1818632	6940047
ILMN_1872323	5420187
ILMN_1832876	6370465
ILMN_1830984	3850682
ILMN_1890924	1030538
ILMN_1874446	1820164
ILMN_1895504	4260240
ILMN_1902186	7100347
ILMN_1853742	380221
ILMN_1892764	5360673
ILMN_1914579	3360541
ILMN_1824767	6590102
ILMN_1838385	150037
ILMN_1906842	6960465
ILMN_1876308	2070326
ILMN_1881780	7560259
ILMN_1901419	5960086
ILMN_1871846	780458
ILMN_1855212	7000131
ILMN_1881893	4200689
ILMN_1848879	940743
ILMN_1916497	4010326
ILMN_1840036	2000397
ILMN_1847220	4780753
ILMN_1829472	7160091
ILMN_1898880	4200133
ILMN_1874323	520491
ILMN_1855346	2490102
ILMN_1825848	2120414
ILMN_1895915	6450437
ILMN_1876315	4730576
ILMN_1830601	160110
ILMN_1896071	1070403
ILMN_1882158	430594
ILMN_1848166	160131
ILMN_1877599	2630674
ILMN_1853239	1570670
ILMN_1827057	2230520
ILMN_1850243	1940601
ILMN_1915783	1450088
ILMN_1890819	5220288
ILMN_1857662	2120477
ILMN_1858084	150379
ILMN_1887639	1030093
ILMN_1875984	3360010
ILMN_1885981	3400594
ILMN_1838113	160338
ILMN_1915722	4540445
ILMN_1868513	5910307
ILMN_1888988	5870626
ILMN_1910308	7610445
ILMN_1816157	4070632
ILMN_1878191	6380195
ILMN_1861045	1010438
ILMN_1912511	2570424
ILMN_1903083	4850288
ILMN_1823486	3390593
ILMN_1865043	1190736
ILMN_1846654	4490670
ILMN_1865098	2100619
ILMN_1850629	4490291
ILMN_1880449	6480048
ILMN_1873204	770458
ILMN_1869146	1940392
ILMN_1822408	7560142
ILMN_1890005	4210682
ILMN_1846002	7400487
ILMN_1875691	270273
ILMN_1862509	6760368
ILMN_1836766	610438
ILMN_1893231	2140132
ILMN_1894969	4120497
ILMN_1915637	7320446
ILMN_1837979	1440066
ILMN_1890756	7050025
ILMN_1903552	1980367
ILMN_1916543	150619
ILMN_1883589	7320050
ILMN_1825182	2360497
ILMN_1824251	4850259
ILMN_1849859	3870142
ILMN_1843855	70324
ILMN_1877102	4860039
ILMN_1841178	360646
ILMN_1843384	2190561
ILMN_1857247	6330288
ILMN_1896550	5080059
ILMN_1893466	2230102
ILMN_1879556	5310730
ILMN_1823462	1340435
ILMN_1838300	5720554
ILMN_1819181	3060674
ILMN_1831787	7200092
ILMN_1826616	4570487
ILMN_1884728	770195
ILMN_1890359	3890086
ILMN_1905832	6620180
ILMN_1843784	7320037
ILMN_1893443	3360538
ILMN_1916999	2360373
ILMN_1903877	1710563
ILMN_1840573	2450176
ILMN_1912805	4880653
ILMN_1854607	2510491
ILMN_1857425	6550653
ILMN_1856751	3370132
ILMN_1837692	4670538
ILMN_1890314	1780468
ILMN_1870681	1660491
ILMN_1889595	7200746
ILMN_1818224	2940133
ILMN_1891922	240349
ILMN_1893555	5690619
ILMN_1908807	7650743
ILMN_1900318	4230241
ILMN_1881284	1820435
ILMN_1821352	6660112
ILMN_1896082	10544
ILMN_1899696	7050554
ILMN_1865290	7560402
ILMN_1912808	1260608
ILMN_1887128	5910576
ILMN_1862305	3780091
ILMN_1907221	4830348
ILMN_1843804	270369
ILMN_1862424	5720187
ILMN_1877332	1030730
ILMN_1840464	6580687
ILMN_1894900	2120576
ILMN_1828160	4830598
ILMN_1875269	5360452
ILMN_1898692	4220608
ILMN_1882899	7200193
ILMN_1864920	450370
ILMN_1853167	3140273
ILMN_1910307	5560463
ILMN_1879928	4490494
ILMN_1817609	940133
ILMN_1854165	7380215
ILMN_1912513	2470289
ILMN_1890985	4230575
ILMN_1900657	5700341
ILMN_1902836	5910468
ILMN_1848915	5270369
ILMN_1897091	3930524
ILMN_1893075	5910575
ILMN_1897911	3840576
ILMN_1819043	1260292
ILMN_1879739	4120397
ILMN_1857296	2320739
ILMN_1875833	2760767
ILMN_1894894	6650544
ILMN_1890598	4390279
ILMN_1830842	5390706
ILMN_1834869	4590022
ILMN_1892501	10162
ILMN_1904701	2260452
ILMN_1846480	2320687
ILMN_1888621	2630471
ILMN_1829052	6270746
ILMN_1880516	2630592
ILMN_1855592	6220445
ILMN_1843277	3800338
ILMN_1818935	4010273
ILMN_1830474	70136
ILMN_1861059	7150220
ILMN_1822542	1990647
ILMN_1854924	3780477
ILMN_1825289	5260400
ILMN_1816990	6560332
ILMN_1916137	6330678
ILMN_1912310	4280121
ILMN_1894862	2070673
ILMN_1892010	1850037
ILMN_1876837	5810379
ILMN_1816338	450519
ILMN_1856662	5270348
ILMN_1915498	5420020
ILMN_1837344	7160072
ILMN_1825842	2350609
ILMN_1901867	4390554
ILMN_1913241	1400014
ILMN_1861766	7000162
ILMN_1901774	1070113
ILMN_1838372	7200121
ILMN_1885147	1340768
ILMN_1876189	6840041
ILMN_1856270	4040064
ILMN_1901100	6760609
ILMN_1837298	3310075
ILMN_1873593	1450520
ILMN_1897796	7000687
ILMN_1855510	2450598
ILMN_1889394	630193
ILMN_1829310	730278
ILMN_1865935	430246
ILMN_1854015	10020
ILMN_1838000	3870093
ILMN_1857295	2070491
ILMN_1899777	830347
ILMN_1896808	1940079
ILMN_1891871	5960634
ILMN_1875919	70040
ILMN_1881783	3190725
ILMN_1909296	6770471
ILMN_1902202	620475
ILMN_1823013	6200139
ILMN_1905027	3610441
ILMN_1868532	7650736
ILMN_1827880	6270240
ILMN_1877816	7150364
ILMN_1839258	2370008
ILMN_1838659	1440167
ILMN_1884441	4810647
ILMN_1822327	870561
ILMN_1830394	5720689
ILMN_1843974	7400646
ILMN_1898818	6980707
ILMN_1909290	2140168
ILMN_1872974	1500541
ILMN_1890907	1500424
ILMN_1916160	4860082
ILMN_1900982	3420706
ILMN_1878889	4490707
ILMN_1871612	4280360
ILMN_1905489	6590133
ILMN_1891247	6130112
ILMN_1845398	520328
ILMN_1841930	840037
ILMN_1869761	6590411
ILMN_1893026	1070056
ILMN_1854938	6370446
ILMN_1876039	1090021
ILMN_1847914	240161
ILMN_1842797	2000278
ILMN_1916616	4860095
ILMN_1908679	2650132
ILMN_1878800	2030113
ILMN_1846412	5690379
ILMN_1853881	1780162
ILMN_1894882	4810152
ILMN_1903590	3060026
ILMN_1885054	4050450
ILMN_1862900	3870307
ILMN_1880849	4830762
ILMN_1854029	510014
ILMN_1878795	5670056
ILMN_1888639	6760537
ILMN_1853708	1230372
ILMN_1859614	3190392
ILMN_1912078	4120112
ILMN_1905938	2000315
ILMN_1915365	6130397
ILMN_1852526	240253
ILMN_1914826	940634
ILMN_1893939	3120202
ILMN_1824029	2850446
ILMN_1880103	6770037
ILMN_1906743	1070082
ILMN_1863439	5290156
ILMN_1835035	6650367
ILMN_1821510	6960681
ILMN_1878326	3830187
ILMN_1884579	5700184
ILMN_1894186	4640450
ILMN_1850366	4250050
ILMN_1911846	7560397
ILMN_1885165	6560025
ILMN_1877156	3170142
ILMN_1858367	7510056
ILMN_1821975	3930537
ILMN_1868912	3370053
ILMN_1822458	3390386
ILMN_1902146	5670220
ILMN_1912197	50300
ILMN_1887177	7570523
ILMN_1853876	1820768
ILMN_1863859	2570133
ILMN_1912619	5560037
ILMN_1855797	6180373
ILMN_1904301	380768
ILMN_1817479	4830538
ILMN_1849653	3310040
ILMN_1897725	2070121
ILMN_1870062	1940044
ILMN_1891455	7650730
ILMN_1913475	3290750
ILMN_1861756	6590626
ILMN_1860156	5050079
ILMN_1904508	4070224
ILMN_1893741	1260609
ILMN_1893375	2120228
ILMN_1891310	4610647
ILMN_1857637	3130243
ILMN_1842740	60730
ILMN_1916609	6660609
ILMN_1904628	5820026
ILMN_1869359	1770709
ILMN_1871154	240609
ILMN_1846922	2450435
ILMN_1873620	2340414
ILMN_1887656	830246
ILMN_1821769	6560037
ILMN_1902027	5050692
ILMN_1856998	4830196
ILMN_1898130	5340598
ILMN_1819028	240372
ILMN_1819608	6860593
ILMN_1917221	510494
ILMN_1844290	1400736
ILMN_1822687	6510112
ILMN_1906437	5550458
ILMN_1897279	2640056
ILMN_1821531	3120685
ILMN_1917095	2370500
ILMN_1866255	6350139
ILMN_1891920	5420100
ILMN_1824192	4010246
ILMN_1855682	4200202
ILMN_1894983	4570402
ILMN_1877818	3420619
ILMN_1837522	5340446
ILMN_1849618	1400047
ILMN_1828625	7610022
ILMN_1873536	4880592
ILMN_1822133	2320039
ILMN_1864691	1660524
ILMN_1849090	150195
ILMN_1915098	5910608
ILMN_1874519	4490438
ILMN_1874003	2370184
ILMN_1867423	5810240
ILMN_1838942	2000424
ILMN_1885448	6250441
ILMN_1877721	1510768
ILMN_1876620	70500
ILMN_1879787	380367
ILMN_1871449	4760402
ILMN_1873075	3840228
ILMN_1883921	1710750
ILMN_1839217	2690553
ILMN_1821887	4010692
ILMN_1889144	2000612
ILMN_1878670	1990608
ILMN_1848863	6280075
ILMN_1895917	1710400
ILMN_1820146	4730228
ILMN_1824589	1990424
ILMN_1865255	2340273
ILMN_1831258	4250440
ILMN_1908488	7150139
ILMN_1866708	150068
ILMN_1873838	7050201
ILMN_1823226	3800477
ILMN_1911484	6290398
ILMN_1860308	3780209
ILMN_1900110	3830209
ILMN_1909895	6200307
ILMN_1861123	7330603
ILMN_1902251	2680343
ILMN_1912121	1400390
ILMN_1854201	3520292
ILMN_1860117	2000670
ILMN_1875729	430338
ILMN_1893948	7100195
ILMN_1859573	3420600
ILMN_1822921	2570706
ILMN_1914949	5810113
ILMN_1835609	4590017
ILMN_1908085	2690326
ILMN_1896935	1740132
ILMN_1913537	4230546
ILMN_1859428	620309
ILMN_1845693	780612
ILMN_1890362	1570296
ILMN_1886719	7550241
ILMN_1911042	5960021
ILMN_1817484	2900014
ILMN_1826566	6110603
ILMN_1834721	6590382
ILMN_1870303	6980592
ILMN_1853705	5860014
ILMN_1834696	7210348
ILMN_1853093	3310162
ILMN_1912822	4830142
ILMN_1849013	4010100
ILMN_1908074	5910014
ILMN_1840719	3120739
ILMN_1888074	5670132
ILMN_1897890	6520315
ILMN_1823477	1260044
ILMN_1908898	6130072
ILMN_1853711	1300301
ILMN_1848659	20315
ILMN_1895313	4290670
ILMN_1856564	6330392
ILMN_1890002	7200632
ILMN_1881081	7210333
ILMN_1866395	4540731
ILMN_1902604	6250333
ILMN_1849794	2320594
ILMN_1901432	5490156
ILMN_1873300	6980142
ILMN_1901341	2750239
ILMN_1901305	1570292
ILMN_1841246	4390719
ILMN_1821139	6590070
ILMN_1902353	1030767
ILMN_1909191	2060332
ILMN_1888498	2940445
ILMN_1850685	2000746
ILMN_1876124	1110066
ILMN_1853748	6900474
ILMN_1822180	2030056
ILMN_1915816	20682
ILMN_1823231	7100367
ILMN_1826057	5390630
ILMN_1818562	670017
ILMN_1849966	70632
ILMN_1848214	1050504
ILMN_1870923	1510348
ILMN_1815993	780066
ILMN_1915345	4210440
ILMN_1829707	2970400
ILMN_1870457	6060402
ILMN_1830015	290059
ILMN_1830913	1740707
ILMN_1823809	4610184
ILMN_1824307	50390
ILMN_1861896	3870296
ILMN_1913259	6380398
ILMN_1823750	7210500
ILMN_1895745	1230338
ILMN_1892955	7200504
ILMN_1907187	780091
ILMN_1879326	730369
ILMN_1880256	1090240
ILMN_1829537	5260220
ILMN_1830423	780326
ILMN_1883404	20471
ILMN_1868058	4830398
ILMN_1889135	6290561
ILMN_1896455	3830433
ILMN_1875123	4200753
ILMN_1842662	580546
ILMN_1821055	7510639
ILMN_1853920	2120095
ILMN_1824953	3390750
ILMN_1833146	1500615
ILMN_1839019	2760309
ILMN_1894034	990753
ILMN_1907834	630121
ILMN_1902929	20279
ILMN_1886769	3400301
ILMN_1878603	3120291
ILMN_1828111	5390014
ILMN_1841620	7320068
ILMN_1822307	6280750
ILMN_1853798	5550349
ILMN_1842228	6220274
ILMN_1852224	2260315
ILMN_1884041	2640102
ILMN_1862612	4200168
ILMN_1916513	6350575
ILMN_1822442	2810066
ILMN_1906397	870020
ILMN_1911872	2900025
ILMN_1854169	1260470
ILMN_1865680	1340019
ILMN_1878179	6560397
ILMN_1891413	1400162
ILMN_1850583	3520142
ILMN_1867546	2320242
ILMN_1863972	7560672
ILMN_1850816	5310670
ILMN_1888359	2600707
ILMN_1882999	4390451
ILMN_1912424	2750390
ILMN_1855809	7000414
ILMN_1911964	840538
ILMN_1883473	1500369
ILMN_1849268	3370463
ILMN_1820787	290273
ILMN_1913786	3400653
ILMN_1903693	1740397
ILMN_1893686	4280753
ILMN_1871688	6350253
ILMN_1884758	2600400
ILMN_1880521	3460215
ILMN_1820053	4490328
ILMN_1851356	2690653
ILMN_1873492	4050465
ILMN_1911960	3850671
ILMN_1873946	5080553
ILMN_1892573	5890240
ILMN_1917174	4150717
ILMN_1914249	460594
ILMN_1913407	2810537
ILMN_1903651	2940379
ILMN_1905710	5820093
ILMN_1887618	1260224
ILMN_1865188	160072
ILMN_1884453	5080079
ILMN_1866286	7570452
ILMN_1817239	4220114
ILMN_1898785	4200184
ILMN_1904618	1660102
ILMN_1889441	5810164
ILMN_1872491	6900382
ILMN_1890061	6840669
ILMN_1835789	2750754
ILMN_1865268	4060521
ILMN_1897243	620709
ILMN_1886395	2650632
ILMN_1816259	7210402
ILMN_1859439	5870484
ILMN_1912130	5490326
ILMN_1842065	510066
ILMN_1915958	2190348
ILMN_1887646	6960167
ILMN_1886639	4810746
ILMN_1855586	1580494
ILMN_1860939	160609
ILMN_1844299	2350528
ILMN_1857823	4780367
ILMN_1883377	1570671
ILMN_1859524	7330161
ILMN_1835631	2370528
ILMN_1818538	6130022
ILMN_1832211	5080291
ILMN_1897187	4880082
ILMN_1863401	4670438
ILMN_1876203	3130008
ILMN_1900356	6290615
ILMN_1887935	650551
ILMN_1854948	1260382
ILMN_1889852	3870546
ILMN_1859661	6380653
ILMN_1829158	4890474
ILMN_1840311	3460445
ILMN_1885170	1340129
ILMN_1906482	3610307
ILMN_1910180	5900364
ILMN_1883432	4250682
ILMN_1903345	1430255
ILMN_1840894	4480195
ILMN_1904987	2480671
ILMN_1879978	5550192
ILMN_1909965	1300026
ILMN_1860645	6040315
ILMN_1818192	6510273
ILMN_1888373	1450315
ILMN_1834190	4830332
ILMN_1895008	4900600
ILMN_1912756	7150477
ILMN_1852651	2710040
ILMN_1881987	5050746
ILMN_1821876	4560195
ILMN_1822193	2070075
ILMN_1915734	1410717
ILMN_1824136	4250632
ILMN_1880052	2470450
ILMN_1862963	6660551
ILMN_1911806	3710326
ILMN_1884442	6940504
ILMN_1837167	2370372
ILMN_1843756	7200682
ILMN_1840705	2450433
ILMN_1849068	5860082
ILMN_1838398	4860397
ILMN_1831826	7160332
ILMN_1837739	2140110
ILMN_1903512	6200152
ILMN_1872542	4830673
ILMN_1874770	450768
ILMN_1857546	1300243
ILMN_1856051	2680324
ILMN_1886656	540739
ILMN_1846282	4290551
ILMN_1901723	4920195
ILMN_1916457	4670132
ILMN_1904256	4640544
ILMN_1825357	780192
ILMN_1906187	3990553
ILMN_1904192	6290746
ILMN_1852842	6060021
ILMN_1842305	7550661
ILMN_1823160	1260500
ILMN_1910294	4900180
ILMN_1911287	6200022
ILMN_1866952	5890056
ILMN_1849762	7550706
ILMN_1852827	360632
ILMN_1870671	2570445
ILMN_1844328	4250132
ILMN_1881779	7550020
ILMN_1916311	6180746
ILMN_1835925	5960458
ILMN_1885629	5700133
ILMN_1883159	1990209
ILMN_1846763	1580598
ILMN_1846825	6860435
ILMN_1830720	5890369
ILMN_1870658	4250192
ILMN_1902558	6560386
ILMN_1911963	3520722
ILMN_1880215	6550739
ILMN_1901934	1240544
ILMN_1873411	2140161
ILMN_1820879	7560474
ILMN_1842568	4890095
ILMN_1834488	2940717
ILMN_1831563	2680201
ILMN_1912710	610725
ILMN_1846277	7200692
ILMN_1914657	1990241
ILMN_1822775	1990215
ILMN_1828083	5720019
ILMN_1866563	4890392
ILMN_1819225	1400128
ILMN_1860490	2510538
ILMN_1901947	4260600
ILMN_1914266	7510504
ILMN_1855519	430543
ILMN_1817220	3140468
ILMN_1873508	6840672
ILMN_1826351	2750605
ILMN_1913214	1300180
ILMN_1878066	4610187
ILMN_1915065	2900059
ILMN_1896158	5860086
ILMN_1843068	770673
ILMN_1911171	2350239
ILMN_1831363	4060500
ILMN_1887063	6200288
ILMN_1841361	5820022
ILMN_1907469	3930373
ILMN_1825186	7570646
ILMN_1859030	6660736
ILMN_1882573	2060279
ILMN_1900628	510707
ILMN_1857995	1030544
ILMN_1900671	5220561
ILMN_1847849	7560386
ILMN_1838187	1430021
ILMN_1825712	2360017
ILMN_1895723	510056
ILMN_1854580	70544
ILMN_1861294	450338
ILMN_1895670	3140446
ILMN_1885611	240079
ILMN_1903082	1990129
ILMN_1846985	7330093
ILMN_1912106	4230202
ILMN_1845776	270441
ILMN_1864819	290544
ILMN_1842010	2900008
ILMN_1884255	3420500
ILMN_1882015	3870446
ILMN_1892996	3780482
ILMN_1916655	6860551
ILMN_1819784	6560706
ILMN_1881192	1410059
ILMN_1854196	5080470
ILMN_1848440	650114
ILMN_1816395	7560563
ILMN_1913927	3290554
ILMN_1890421	1340332
ILMN_1867119	150520
ILMN_1907685	7040576
ILMN_1846829	6590743
ILMN_1857476	7510546
ILMN_1898368	6620082
ILMN_1893566	2510653
ILMN_1882652	1050674
ILMN_1880359	2100102
ILMN_1823100	6270292
ILMN_1892161	4220315
ILMN_1817772	2070626
ILMN_1901382	1570360
ILMN_1877025	1340576
ILMN_1837643	4120543
ILMN_1913281	1690615
ILMN_1833062	6980270
ILMN_1839193	1440427
ILMN_1862853	2710468
ILMN_1854557	290139
ILMN_1873948	1690414
ILMN_1882708	6060112
ILMN_1849512	7040332
ILMN_1889669	1090553
ILMN_1824721	2190593
ILMN_1848461	4060129
ILMN_1890877	4260064
ILMN_1869836	4670646
ILMN_1894166	4670037
ILMN_1817251	4180674
ILMN_1858486	6130240
ILMN_1898727	130243
ILMN_1823375	4250072
ILMN_1888264	2100168
ILMN_1885908	2470682
ILMN_1858820	1470671
ILMN_1898107	4210201
ILMN_1865601	4640706
ILMN_1842582	990719
ILMN_1863899	7560500
ILMN_1881909	3520168
ILMN_1904023	4900056
ILMN_1844706	4480678
ILMN_1862399	1990392
ILMN_1838238	6060487
ILMN_1898985	3940554
ILMN_1874933	2120139
ILMN_1884277	5670681
ILMN_1893083	6180307
ILMN_1888026	7400661
ILMN_1896471	730070
ILMN_1849206	2900706
ILMN_1835521	2100164
ILMN_1842180	110475
ILMN_1861230	4290338
ILMN_1897557	2070021
ILMN_1888444	4610519
ILMN_1855966	2570372
ILMN_1845221	3440273
ILMN_1842286	4830605
ILMN_1900371	2630047
ILMN_1872351	4560296
ILMN_1824611	1740445
ILMN_1883780	2970373
ILMN_1836810	3520053
ILMN_1909403	3610020
ILMN_1846128	5080170
ILMN_1886992	5820154
ILMN_1914436	4900246
ILMN_1819503	2750131
ILMN_1909197	1780364
ILMN_1853693	7650239
ILMN_1849744	5670411
ILMN_1905581	6100575
ILMN_1896448	990181
ILMN_1821997	2030689
ILMN_1914707	4730678
ILMN_1914770	2140114
ILMN_1828438	150634
ILMN_1901399	6760397
ILMN_1888358	6860703
ILMN_1854257	5490497
ILMN_1862731	6020296
ILMN_1914318	6980095
ILMN_1900734	4010014
ILMN_1878213	4890711
ILMN_1904169	4210291
ILMN_1845894	3190722
ILMN_1874095	2120543
ILMN_1908043	4210121
ILMN_1914874	840661
ILMN_1894470	5570360
ILMN_1908944	6270576
ILMN_1888495	3290598
ILMN_1897914	6620605
ILMN_1853280	4040603
ILMN_1908986	1030092
ILMN_1857651	4290577
ILMN_1899093	510440
ILMN_1899917	6100491
ILMN_1905564	6370301
ILMN_1880340	4050440
ILMN_1881844	2360398
ILMN_1887654	1570678
ILMN_1911278	5550301
ILMN_1912881	6270632
ILMN_1828426	1690482
ILMN_1840742	4880273
ILMN_1872781	4900678
ILMN_1907966	3930112
ILMN_1880761	3170240
ILMN_1889404	4120735
ILMN_1886117	1500593
ILMN_1861067	5870709
ILMN_1836910	6250239
ILMN_1842908	1570192
ILMN_1913235	7560477
ILMN_1838137	1660288
ILMN_1818181	4280397
ILMN_1844057	7210768
ILMN_1870186	6250021
ILMN_1910165	3450021
ILMN_1826130	4850475
ILMN_1859493	2070128
ILMN_1903524	7550221
ILMN_1859885	6450019
ILMN_1889508	6060544
ILMN_1898350	6250743
ILMN_1908780	6860279
ILMN_1830463	1510626
ILMN_1859531	1450017
ILMN_1903822	1990470
ILMN_1826190	2900066
ILMN_1871756	6290020
ILMN_1858791	3310372
ILMN_1899601	3610497
ILMN_1854348	3710692
ILMN_1821360	2140324
ILMN_1860665	5870411
ILMN_1869135	2190280
ILMN_1862572	520739
ILMN_1849363	6100674
ILMN_1910550	3170037
ILMN_1881075	1260706
ILMN_1818542	780307
ILMN_1836172	3120754
ILMN_1828687	3520615
ILMN_1851137	870465
ILMN_1890699	6200451
ILMN_1836060	3780736
ILMN_1833695	1010136
ILMN_1856810	110114
ILMN_1829933	4010743
ILMN_1890404	4830452
ILMN_1896761	7400288
ILMN_1831590	4760242
ILMN_1873373	6940441
ILMN_1824454	3120019
ILMN_1850093	3130279
ILMN_1912505	150369
ILMN_1839369	5960280
ILMN_1865663	3440564
ILMN_1887823	4280541
ILMN_1831072	4260113
ILMN_1831176	4290220
ILMN_1886023	2640563
ILMN_1866217	2690110
ILMN_1916146	4570497
ILMN_1902705	7160132
ILMN_1892708	620670
ILMN_1822281	1820465
ILMN_1907620	1070202
ILMN_1863639	7560411
ILMN_1833300	4010017
ILMN_1882327	5490088
ILMN_1913624	5870731
ILMN_1821171	270735
ILMN_1839994	1450546
ILMN_1819939	4830300
ILMN_1871395	160687
ILMN_1859435	5260300
ILMN_1844424	5090598
ILMN_1818205	6580673
ILMN_1903577	7610307
ILMN_1891927	1850131
ILMN_1892766	1990138
ILMN_1837710	1030066
ILMN_1869292	7320168
ILMN_1841432	3190343
ILMN_1896653	1410634
ILMN_1876064	1030653
ILMN_1852914	6040041
ILMN_1894412	2470010
ILMN_1892598	2750372
ILMN_1818981	1400609
ILMN_1909000	3180551
ILMN_1855171	3780593
ILMN_1842917	5560368
ILMN_1910778	6590273
ILMN_1885944	4070739
ILMN_1886559	5560259
ILMN_1851667	50639
ILMN_1904641	4920626
ILMN_1819923	4490435
ILMN_1864421	1440670
ILMN_1842435	5270050
ILMN_1829846	110671
ILMN_1844925	7570202
ILMN_1887987	5130296
ILMN_1914495	4640601
ILMN_1915308	5890152
ILMN_1858388	780605
ILMN_1851326	6040300
ILMN_1874091	6940040
ILMN_1856039	1850537
ILMN_1892391	6060743
ILMN_1905725	1430494
ILMN_1913042	3830259
ILMN_1880743	6650050
ILMN_1876177	3800504
ILMN_1869712	4040132
ILMN_1895836	160678
ILMN_1818218	3940753
ILMN_1864714	2470504
ILMN_1911420	4250209
ILMN_1816458	6250524
ILMN_1871136	7320615
ILMN_1866116	1770092
ILMN_1881472	7210707
ILMN_1893287	10010
ILMN_1866370	1580646
ILMN_1915586	4480156
ILMN_1917142	7330086
ILMN_1870609	2340221
ILMN_1881333	7210279
ILMN_1908135	1510379
ILMN_1851244	7040424
ILMN_1880983	4540161
ILMN_1886775	7330433
ILMN_1879388	5490193
ILMN_1916224	6130553
ILMN_1916822	5360491
ILMN_1889215	7200433
ILMN_1893788	6650689
ILMN_1906158	1740192
ILMN_1827277	2060092
ILMN_1829555	4860440
ILMN_1875510	5360612
ILMN_1849399	6900370
ILMN_1817438	1410519
ILMN_1833858	870632
ILMN_1856185	7610021
ILMN_1840175	1980538
ILMN_1877738	2030095
ILMN_1880064	380164
ILMN_1866954	4230167
ILMN_1910908	6760286
ILMN_1867457	2810008
ILMN_1826914	2140451
ILMN_1882860	1940711
ILMN_1863185	6400390
ILMN_1892608	2630100
ILMN_1842850	7050553
ILMN_1860963	2340725
ILMN_1860753	4180048
ILMN_1844176	5490736
ILMN_1842320	2570056
ILMN_1851547	650180
ILMN_1906682	6280288
ILMN_1908167	4810372
ILMN_1913641	4250725
ILMN_1847494	1430682
ILMN_1861392	2760139
ILMN_1898235	1300121
ILMN_1890175	7560670
ILMN_1872106	6660022
ILMN_1898723	1990022
ILMN_1817255	1340669
ILMN_1853242	4610367
ILMN_1903407	3400347
ILMN_1854918	5860379
ILMN_1859652	1260711
ILMN_1855058	3370626
ILMN_1841019	2570521
ILMN_1882317	6060435
ILMN_1885478	4280750
ILMN_1860116	4560259
ILMN_1872496	4890184
ILMN_1850238	380301
ILMN_1852179	2650333
ILMN_1855230	2190041
ILMN_1866290	3120577
ILMN_1910185	610450
ILMN_1914025	7610427
ILMN_1820317	3140315
ILMN_1821522	3850152
ILMN_1914714	4810086
ILMN_1820505	4060598
ILMN_1914648	2650050
ILMN_1858001	2260575
ILMN_1855401	3180167
ILMN_1849745	5810601
ILMN_1834803	4730128
ILMN_1848328	1340142
ILMN_1861376	2470730
ILMN_1738237	870653
ILMN_1738987	1110102
ILMN_2228035	4560632
ILMN_1712475	5870435
ILMN_1692056	1500139
ILMN_1761163	3360709
ILMN_1665998	2470392
ILMN_1802523	3140093
ILMN_1710416	7000035
ILMN_1759987	150192
ILMN_2415583	830491
ILMN_1739429	6100494
ILMN_2298755	6270048
ILMN_1721429	2450747
ILMN_1667030	5130139
ILMN_2184789	2030433
ILMN_1771921	6400300
ILMN_1811370	50746
ILMN_2389501	5810132
ILMN_2389506	6220133
ILMN_2317457	4480019
ILMN_1708987	5220520
ILMN_1813350	840176
ILMN_1773623	3610129
ILMN_2355971	6100056
ILMN_1675117	6280008
ILMN_1735367	6580487
ILMN_1702168	3420341
ILMN_2094106	6280050
ILMN_2204576	1450646
ILMN_1683844	4070722
ILMN_1809483	2230133
ILMN_1808713	6980458
ILMN_1765954	3890768
ILMN_1673795	4220088
ILMN_1779855	4040441
ILMN_1671661	3420328
ILMN_1760506	7610142
ILMN_1715324	5700056
ILMN_1780693	3390433
ILMN_1733462	3780575
ILMN_1653042	1500608
ILMN_2112755	5270747
ILMN_1787843	1340128
ILMN_1667060	6220639
ILMN_1800311	130121
ILMN_2135756	7610079
ILMN_2399827	4180289
ILMN_1704101	4890274
ILMN_2346841	110176
ILMN_2346836	4220343
ILMN_2168215	2680196
ILMN_1657572	6290192
ILMN_1683214	3840673
ILMN_2288142	6760692
ILMN_2401946	240273
ILMN_1672935	1070128
ILMN_2291538	1300152
ILMN_2291534	4120477
ILMN_1688833	4880564
ILMN_3239912	5670224
ILMN_1714850	5690075
ILMN_1788017	6040647
ILMN_1788711	6770358
ILMN_1691097	3390544
ILMN_1687546	4610095
ILMN_2373515	7050332
ILMN_1673711	4830100
ILMN_2175764	1440671
ILMN_1698735	2450575
ILMN_2127098	1170487
ILMN_1783303	2370730
ILMN_1696289	6860168
ILMN_2096116	2480326
ILMN_2092516	1230484
ILMN_2081087	1400044
ILMN_1760110	5870019
ILMN_1800700	7320113
ILMN_1688005	7400189
ILMN_1676897	6330575
ILMN_1670565	1500044
ILMN_2231985	5290673
ILMN_3249645	5490139
ILMN_1797318	6660497
ILMN_1789074	6380717
ILMN_1660436	3850433
ILMN_1654566	6280471
ILMN_1766499	2940577
ILMN_2153916	6270274
ILMN_1734814	430142
ILMN_1755134	2140711
ILMN_2395043	5090368
ILMN_1732468	610408
ILMN_1773865	870131
ILMN_1806165	160092
ILMN_1658383	1710553
ILMN_3235964	7200079
ILMN_2413084	430672
ILMN_1686367	2650619
ILMN_1679209	430630
ILMN_1674236	7200608
ILMN_1671046	1570288
ILMN_1720710	6560577
ILMN_1721283	2600154
ILMN_2200836	4560523
ILMN_1791280	6180259
ILMN_1666596	1190347
ILMN_1797031	6420142
ILMN_3236821	5420474
ILMN_1804791	160600
ILMN_1769902	1340228
ILMN_1678949	5360220
ILMN_1726678	1780372
ILMN_1692646	4760746
ILMN_1704055	380370
ILMN_3194087	3460022
ILMN_3272768	7550427
ILMN_1673548	1740435
ILMN_1700419	5820255
ILMN_2078547	1240576
ILMN_1655080	3130100
ILMN_1700810	6330047
ILMN_2381397	70605
ILMN_1774410	2140338
ILMN_1784367	4250577
ILMN_1766713	6960072
ILMN_2092536	110110
ILMN_1803775	2680170
ILMN_1787548	5050706
ILMN_1712888	160598
ILMN_2256359	5220041
ILMN_3242063	2360465
ILMN_1664303	4670575
ILMN_2120575	4920184
ILMN_1662481	6960202
ILMN_2049909	6450091
ILMN_1752648	6770674
ILMN_1813690	2120014
ILMN_1814206	830161
ILMN_1804886	1780010
ILMN_1794095	1190400
ILMN_1685285	540327
ILMN_1715496	7400091
ILMN_1735764	6940037
ILMN_1660097	1230379
ILMN_1801357	2100307
ILMN_2371079	2640731
ILMN_1681492	6620743
ILMN_1662070	6840128
ILMN_1762210	4290563
ILMN_1739275	1110301
ILMN_1711883	4860491
ILMN_2093203	7610255
ILMN_1778277	3360519
ILMN_2410905	1010278
ILMN_1808258	2600372
ILMN_1676350	2760575
ILMN_1786080	4900296
ILMN_1721147	2470343
ILMN_1800989	4040465
ILMN_1744217	3780390
ILMN_1652732	6180164
ILMN_2164522	2360278
ILMN_1676563	730612
ILMN_1747204	1820091
ILMN_1785574	6940209
ILMN_1812669	4060703
ILMN_2099277	1440446
ILMN_1675584	1580639
ILMN_3239435	3990612
ILMN_3241495	3170403
ILMN_2224171	6130066
ILMN_1670462	5820136
ILMN_2136615	7400079
ILMN_1706410	5900187
ILMN_1790987	6980332
ILMN_2365248	3460239
ILMN_1815168	3800735
ILMN_1739813	1070400
ILMN_2314417	1980300
ILMN_1693230	3130390
ILMN_1712620	5360014
ILMN_1665916	2230768
ILMN_1668283	4120133
ILMN_1713840	4610020
ILMN_1667432	2680202
ILMN_1704598	4570703
ILMN_3247059	2060553
ILMN_1842717	450270
ILMN_2286379	1070307
ILMN_2297526	1170484
ILMN_1912334	1710315
ILMN_1743138	1740292
ILMN_1654063	1780682
ILMN_1750633	3170010
ILMN_1697764	3390255
ILMN_1913853	3450215
ILMN_1658413	4050068
ILMN_1733287	4220435
ILMN_1816391	4610309
ILMN_1685870	5050630
ILMN_1691217	5900168
ILMN_1703599	6840398
ILMN_2413212	7160554
ILMN_1677326	7550360
ILMN_1706660	130445
ILMN_1747078	1710397
ILMN_1686530	4390358
ILMN_2141790	520189
ILMN_1673649	5700041
ILMN_1662809	4810634
ILMN_2217329	1300743
ILMN_1679527	290717
ILMN_1733956	5390100
ILMN_1801639	6420397
ILMN_1671207	2340731
ILMN_1719194	6110142
ILMN_1675669	6200647
ILMN_1694399	1410768
ILMN_2365569	1710019
ILMN_1812567	3780273
ILMN_1814787	4050121
ILMN_2270909	5270678
ILMN_2290877	1230253
ILMN_2400854	3610059
ILMN_1766366	7320541
ILMN_1812226	130044
ILMN_1786823	730156
ILMN_2212763	5550278
ILMN_1681296	730554
ILMN_1734660	2190519
ILMN_2393067	3870392
ILMN_1802524	4610021
ILMN_1792620	1780064
ILMN_1706154	3400592
ILMN_2325998	4070035
ILMN_1709882	4570524
ILMN_1744500	460528
ILMN_1723021	5550348
ILMN_1669927	2070037
ILMN_1675671	5690603
ILMN_2182198	1820189
ILMN_1665832	580692
ILMN_1664861	670386
ILMN_1793990	1260086
ILMN_2086095	1660296
ILMN_1658904	4280008
ILMN_1732296	7570324
ILMN_1721758	460364
ILMN_1769883	2650523
ILMN_1696432	3180048
ILMN_2091347	6270670
ILMN_1751753	4880433
ILMN_1698533	3360100
ILMN_1721669	510228
ILMN_1810400	2070731
ILMN_2373632	3290246
ILMN_1682762	1090136
ILMN_1802706	6220367
ILMN_1755075	2640670
ILMN_1727756	990180
ILMN_3239965	5570711
ILMN_1670572	1190703
ILMN_3237462	2600528
ILMN_1758626	130360
ILMN_1798448	2600138
ILMN_1815445	3610162
ILMN_1703041	7400259
ILMN_1700584	6480615
ILMN_1682717	1190367
ILMN_1763539	6860681
ILMN_1721833	650241
ILMN_1755620	2710142
ILMN_1694547	1190136
ILMN_2348268	6620050
ILMN_3236367	4900653
ILMN_1710937	3870594
ILMN_2058782	3990170
ILMN_3272500	460379
ILMN_1740319	1940274
ILMN_3238560	6940561
ILMN_1807277	2000300
ILMN_1745374	2510220
ILMN_1760062	2570300
ILMN_1723912	3870338
ILMN_2347798	1010246
ILMN_1687384	5090215
ILMN_1781373	4570441
ILMN_1707695	2000148
ILMN_1699331	2690435
ILMN_1759155	3780452
ILMN_1739428	2600747
ILMN_2239754	520408
ILMN_1701789	1500280
ILMN_1664543	6510170
ILMN_1696654	4890327
ILMN_1801246	5360156
ILMN_1673352	1230767
ILMN_1805750	6650242
ILMN_1770071	1030347
ILMN_1694058	2480451
ILMN_1711032	380220
ILMN_1725833	3290437
ILMN_1688663	610047
ILMN_1769988	3990563
ILMN_1664595	160594
ILMN_2193942	2690673
ILMN_1742328	5390446
ILMN_2129202	6290368
ILMN_1733136	5960575
ILMN_1652376	3460088
ILMN_1698186	3890762
ILMN_1675192	4590301
ILMN_2202096	150703
ILMN_1782448	160762
ILMN_1660195	460255
ILMN_1684538	940561
ILMN_1776023	1230626
ILMN_2186745	3190519
ILMN_1678574	1050491
ILMN_2110561	6940291
ILMN_1752923	7550181
ILMN_1791057	450397
ILMN_2347999	3060669
ILMN_1765146	6550056
ILMN_1682245	1510669
ILMN_3245702	6370136
ILMN_1734781	6380541
ILMN_2097997	6840441
ILMN_2207291	630725
ILMN_1675939	2470358
ILMN_1764964	2570291
ILMN_1676704	2260047
ILMN_1781057	4050037
ILMN_2176225	4540669
ILMN_1703005	5290482
ILMN_1667561	2340082
ILMN_1687390	4200646
ILMN_1742031	4200152
ILMN_1806093	6350255
ILMN_1720724	1010646
ILMN_2366177	1570687
ILMN_1742379	4210463
ILMN_1666593	5390554
ILMN_1687037	6960376
ILMN_1784178	130070
ILMN_3235216	5900494
ILMN_2063500	520367
ILMN_1673172	3420270
ILMN_1811636	5700224
ILMN_1777449	3170722
ILMN_2156115	60113
ILMN_1760617	730064
ILMN_2254123	610167
ILMN_1655504	1090491
ILMN_1743753	7040706
ILMN_2373755	3610537
ILMN_1666560	4490253
ILMN_1669366	5670288
ILMN_1717165	6270427
ILMN_1744635	4920131
ILMN_3245650	6250482
ILMN_1784083	3710500
ILMN_2139396	6480014
ILMN_2056087	3310400
ILMN_1709613	4060332
ILMN_1675048	3130056
ILMN_1699867	620386
ILMN_2298035	840563
ILMN_2413956	3420682
ILMN_1764120	4060162
ILMN_1733807	1050670
ILMN_1702447	7040709
ILMN_1807423	1770243
ILMN_1807662	2810156
ILMN_2188966	2230598
ILMN_2387385	3290368
ILMN_1728445	7400497
ILMN_1725193	4200674
ILMN_1746085	6590132
ILMN_2396875	6840372
ILMN_1665865	7510414
ILMN_2132982	2120524
ILMN_1750324	2190674
ILMN_1669362	7380719
ILMN_2062468	3400538
ILMN_1677158	6770056
ILMN_1743950	6020605
ILMN_1790227	4730523
ILMN_1679897	4150682
ILMN_1717695	5700239
ILMN_1702740	840128
ILMN_1801909	2100050
ILMN_2105441	2680605
ILMN_1656713	1260309
ILMN_2393765	4730747
ILMN_1815840	7200524
ILMN_2083066	450609
ILMN_1781255	670170
ILMN_1679299	4120161
ILMN_1704675	6200044
ILMN_1657316	6380519
ILMN_1682100	5960647
ILMN_1672693	1400482
ILMN_1753502	5270102
ILMN_1781735	5890021
ILMN_1799278	1400369
ILMN_1730039	7550156
ILMN_1759757	670762
ILMN_1704353	2900674
ILMN_2396546	4230608
ILMN_2344221	6550681
ILMN_1653498	3850202
ILMN_1730432	5390273
ILMN_1693941	7650767
ILMN_1660204	1240180
ILMN_1801953	4390056
ILMN_1738268	4050427
ILMN_1803911	7200671
ILMN_1699362	3120576
ILMN_2324994	1410706
ILMN_1701402	3170605
ILMN_2324989	6620370
ILMN_1809890	2970129
ILMN_2211189	5870154
ILMN_1727142	1260438
ILMN_2172588	6660373
ILMN_1755024	2450762
ILMN_1707308	520358
ILMN_1676575	730482
ILMN_1893909	610239
ILMN_1807425	1440358
ILMN_2242921	7200091
ILMN_2300695	6380411
ILMN_1669692	6900091
ILMN_1741334	5550608
ILMN_3307796	2360424
ILMN_1674024	6480372
ILMN_2073307	3990703
ILMN_1674167	6180093
ILMN_1652825	4490053
ILMN_1767360	5050368
ILMN_2230892	5670719
ILMN_1788107	3400048
ILMN_1720024	2570646
ILMN_1664912	2760148
ILMN_1653459	7160204
ILMN_1671353	4120114
ILMN_1681132	2900603
ILMN_1789645	3520519
ILMN_1699908	4810333
ILMN_1815890	6400370
ILMN_1761921	3930019
ILMN_2052511	2320017
ILMN_1768505	1260341
ILMN_1688722	5420386
ILMN_1724181	870408
ILMN_2369221	1470091
ILMN_1785312	3400228
ILMN_2273053	4570050
ILMN_1665682	940356
ILMN_1693910	4200653
ILMN_1759958	6580356
ILMN_2290628	1450008
ILMN_1813572	5080615
ILMN_1774983	4780019
ILMN_1766707	1190102
ILMN_1788109	6580056
ILMN_1753823	6510519
ILMN_2188247	5360682
ILMN_1728724	3710221
ILMN_1767523	1070152
ILMN_1710747	5560097
ILMN_2369919	1500411
ILMN_1798790	3450228
ILMN_1690458	3830703
ILMN_1689357	4480414
ILMN_1666226	6290333
ILMN_1728663	3450091
ILMN_2407851	4060017
ILMN_2294542	4890193
ILMN_1689718	1450110
ILMN_2409876	3120368
ILMN_1752089	5080088
ILMN_1722282	6900068
ILMN_1778457	4810474
ILMN_1654402	540736
ILMN_2253759	1850471
ILMN_2334296	2190717
ILMN_1725809	5270440
ILMN_1653575	5670463
ILMN_1781700	1570367
ILMN_1721762	6520180
ILMN_1799575	3180068
ILMN_1682592	6330070
ILMN_1658483	1980672
ILMN_1775501	840685
ILMN_1790556	4890162
ILMN_2359733	6350593
ILMN_1759141	940082
ILMN_1804901	1240528
ILMN_1704000	7380735
ILMN_1718275	1570070
ILMN_1697710	3990450
ILMN_2353936	6660537
ILMN_1799519	520719
ILMN_1761927	1470240
ILMN_1754002	5960348
ILMN_2158713	5890689
ILMN_1810584	240274
ILMN_1758371	240441
ILMN_1772131	1740451
ILMN_2251766	3990040
ILMN_2357062	940615
ILMN_1793870	3800427
ILMN_1686884	4880632
ILMN_2160428	4670653
ILMN_1767413	270719
ILMN_1697444	3390497
ILMN_1788623	4200095
ILMN_2242900	5420754
ILMN_2313672	6020300
ILMN_1762810	2060328
ILMN_1806249	1260747
ILMN_1689734	2470601
ILMN_1774874	3060735
ILMN_1704321	4290356
ILMN_3248857	7150546
ILMN_1695107	6450482
ILMN_1765668	3400095
ILMN_1772674	6450577
ILMN_1798204	10630
ILMN_1786609	1570392
ILMN_1661687	2000474
ILMN_1722209	7330242
ILMN_1735208	730753
ILMN_2100046	6590332
ILMN_1666175	1050170
ILMN_1653324	2370088
ILMN_2307721	4810458
ILMN_1805385	6550068
ILMN_1715603	6510026
ILMN_1734937	3140088
ILMN_2223663	6650722
ILMN_2407799	1660746
ILMN_1774685	4290201
ILMN_1725814	6520347
ILMN_1720243	1990538
ILMN_2401883	2640673
ILMN_2401884	4050707
ILMN_2123182	6550008
ILMN_1753758	6520523
ILMN_1688152	4250735
ILMN_1662302	2630131
ILMN_1768900	1980546
ILMN_2405324	3520398
ILMN_1680805	5810019
ILMN_2149624	3290743
ILMN_1684570	7510753
ILMN_1683774	130021
ILMN_2108699	4060221
ILMN_1684349	290402
ILMN_1794386	6450390
ILMN_1766320	6040332
ILMN_2201866	4040201
ILMN_1667575	2470626
ILMN_1778010	1400274
ILMN_2368530	3440754
ILMN_1809099	270681
ILMN_2052924	6330717
ILMN_1713686	60328
ILMN_1747344	7570292
ILMN_1669174	3840377
ILMN_2389080	4260289
ILMN_1659960	540670
ILMN_1797631	2640367
ILMN_1691881	540025
ILMN_1652185	5910609
ILMN_2207190	4830327
ILMN_1709300	7040605
ILMN_1756455	830519
ILMN_2327812	2450544
ILMN_1699651	4040576
ILMN_1696394	1780603
ILMN_1754753	5870685
ILMN_1746604	3830048
ILMN_1797861	4260333
ILMN_2059744	3850768
ILMN_1705769	4920367
ILMN_2342579	3830349
ILMN_1691341	3890523
ILMN_1666733	1570553
ILMN_2184373	1980309
ILMN_1680397	2900327
ILMN_1691507	6420707
ILMN_2151676	2120167
ILMN_1653704	4180600
ILMN_1794686	6480056
ILMN_2043079	2680241
ILMN_3239036	3450382
ILMN_1814703	5690048
ILMN_1745172	5690437
ILMN_1698463	1450075
ILMN_1789018	1780053
ILMN_1669584	3360689
ILMN_1732827	3140519
ILMN_2364376	4230132
ILMN_2358980	5720487
ILMN_1684647	580114
ILMN_1687655	1990091
ILMN_1759419	4890382
ILMN_1769451	7320750
ILMN_1671355	1820397
ILMN_1788665	3390296
ILMN_2234515	5820360
ILMN_3236536	1940639
ILMN_1809292	5870487
ILMN_1782579	3190059
ILMN_1733696	2120544
ILMN_2156982	6560041
ILMN_1744094	4260035
ILMN_1758811	6350360
ILMN_2094061	2340241
ILMN_2043845	6200204
ILMN_1668432	6620435
ILMN_1696311	1110367
ILMN_3306977	360162
ILMN_1676515	3120431
ILMN_2388363	4640092
ILMN_1690343	4810041
ILMN_1705737	4590026
ILMN_2226973	3520609
ILMN_1722369	3800494
ILMN_1679690	6110286
ILMN_1673704	1230538
ILMN_1747318	2320678
ILMN_1724666	2340632
ILMN_1748984	2360435
ILMN_1773312	7000121
ILMN_1704380	1010209
ILMN_1698171	1050593
ILMN_2355738	1110538
ILMN_1656310	380259
ILMN_1770344	2350113
ILMN_3238420	7100332
ILMN_1729596	2140360
ILMN_1727248	4920474
ILMN_1730817	3130433
ILMN_1662243	5090040
ILMN_1655537	5670092
ILMN_1735022	6660184
ILMN_2085722	6960382
ILMN_1671265	7160025
ILMN_2381603	1240050
ILMN_1683666	2710458
ILMN_1783170	5570204
ILMN_2237746	7550707
ILMN_1744126	70594
ILMN_1809141	1430767
ILMN_2292748	2120433
ILMN_1660701	2140376
ILMN_1755911	4290327
ILMN_2404374	4640114
ILMN_2196287	6250273
ILMN_1756443	6660553
ILMN_1719547	2900608
ILMN_1685714	50446
ILMN_1765986	2350093
ILMN_1811767	2100762
ILMN_1781149	6400463
ILMN_3248343	3170538
ILMN_1799387	3400148
ILMN_1678362	3890048
ILMN_1779040	460221
ILMN_1730294	3990382
ILMN_3240685	2140438
ILMN_1724406	580037
ILMN_1667239	6660315
ILMN_1693709	1740468
ILMN_1652647	5860343
ILMN_1655283	6420035
ILMN_2198878	4860762
ILMN_1664608	510739
ILMN_1749269	580451
ILMN_1719273	4570523
ILMN_1810116	4010348
ILMN_1744212	3130609
ILMN_1811301	3370255
ILMN_1779917	780097
ILMN_1811718	6100753
ILMN_1813650	7650445
ILMN_3241087	3360164
ILMN_3258628	1710438
ILMN_1728426	2470367
ILMN_1666966	870626
ILMN_1756070	5910288
ILMN_2340643	6650373
ILMN_1793474	360192
ILMN_1686989	1820332
ILMN_1676629	2070039
ILMN_2250521	3290605
ILMN_2328463	7320575
ILMN_2226271	5390093
ILMN_1720540	4850224
ILMN_2060578	3180605
ILMN_2081673	2900301
ILMN_1724254	7000180
ILMN_1797668	4040474
ILMN_1795388	1300521
ILMN_1670918	6650440
ILMN_1715374	1580711
ILMN_1793854	2260541
ILMN_2317463	6100040
ILMN_1679483	3310441
ILMN_1725169	4860553
ILMN_1686553	2000608
ILMN_1756086	7200719
ILMN_1676233	990037
ILMN_1653738	1660441
ILMN_1660844	2810121
ILMN_1796968	4810288
ILMN_1655557	1820341
ILMN_2312304	7400717
ILMN_1718354	6220010
ILMN_1759084	6660286
ILMN_1777118	6560468
ILMN_2183728	1300048
ILMN_1716564	6380575
ILMN_1763137	1090730
ILMN_2360184	1980192
ILMN_1683766	2600332
ILMN_1656434	4860187
ILMN_2392286	6040064
ILMN_1700231	6130537
ILMN_3187328	6980114
ILMN_3185709	460719
ILMN_1683328	3370246
ILMN_2328835	6250594
ILMN_3262348	6660682
ILMN_3261111	3290102
ILMN_3184843	4220598
ILMN_1742993	2360372
ILMN_1724346	5900739
ILMN_1684746	6770202
ILMN_1651229	2510494
ILMN_1798172	4830500
ILMN_2166384	1440632
ILMN_1652378	5720538
ILMN_1753164	460411
ILMN_1723117	5090541
ILMN_1789106	2100519
ILMN_1732873	3390136
ILMN_3246604	830474
ILMN_1654598	5050561
ILMN_2080684	7320064
ILMN_1657818	610288
ILMN_2316104	4490403
ILMN_1774589	5270343
ILMN_1651710	7210255
ILMN_1689220	1340041
ILMN_1786570	3830753
ILMN_1681576	6370575
ILMN_1675018	1570187
ILMN_1802377	70551
ILMN_1736223	990739
ILMN_1714960	4610121
ILMN_3234179	1980561
ILMN_3195537	5390619
ILMN_1662852	6290563
ILMN_2081883	7320291
ILMN_1803819	6520646
ILMN_1769433	4220440
ILMN_1695418	4010242
ILMN_1808299	4890743
ILMN_1658513	4120056
ILMN_2282366	2900468
ILMN_1758928	6180138
ILMN_1682616	5570341
ILMN_2379130	4040564
ILMN_1779639	4040382
ILMN_2228538	5810224
ILMN_1745964	3930750
ILMN_1661695	2360719
ILMN_1692352	3310491
ILMN_1726554	6840240
ILMN_1708375	6250064
ILMN_1765547	580722
ILMN_2090607	1450246
ILMN_1751171	450521
ILMN_2394561	3290224
ILMN_1671005	6660768
ILMN_1765649	150397
ILMN_1754507	6980370
ILMN_2312606	2230431
ILMN_1670576	4260373
ILMN_2072357	240300
ILMN_1725946	2760368
ILMN_2349061	1470382
ILMN_1674646	6380164
ILMN_1798181	6400176
ILMN_1666594	150072
ILMN_1745471	2000022
ILMN_3193271	1770072
ILMN_1789446	610162
ILMN_1687277	3450187
ILMN_1792955	5820014
ILMN_1759232	1710091
ILMN_2083469	6110736
ILMN_1712774	1710487
ILMN_1735353	5550270
ILMN_1782412	6040634
ILMN_1811468	5690408
ILMN_1684108	7000167
ILMN_2140559	1230477
ILMN_1757736	3310022
ILMN_1758705	1990593
ILMN_1715931	1850193
ILMN_2219556	5960221
ILMN_1672024	2000086
ILMN_2341711	6980373
ILMN_2136635	1580397
ILMN_2409062	780168
ILMN_1735432	6620397
ILMN_2054019	2100196
ILMN_1659913	6330132
ILMN_1814282	4480288
ILMN_2090397	2690224
ILMN_1763390	4760553
ILMN_1731086	610670
ILMN_1747593	940427
ILMN_1673609	2600551
ILMN_1711009	6110551
ILMN_1692739	7400184
ILMN_3239288	2760086
ILMN_1772869	5550092
ILMN_3269849	1740017
ILMN_1764861	4670451
ILMN_1769158	6650692
ILMN_1756502	4040612
ILMN_1662128	4670435
ILMN_1781099	7200162
ILMN_1747934	520014
ILMN_1752283	7560538
ILMN_1693310	4670019
ILMN_2064926	6550446
ILMN_1701244	6550195
ILMN_1810055	6250553
ILMN_1802411	460220
ILMN_1700144	10433
ILMN_2406084	520670
ILMN_1651343	1770561
ILMN_1665792	3890541
ILMN_1721888	5340468
ILMN_1654074	1430196
ILMN_1685397	2000368
ILMN_1747052	7200768
ILMN_1792679	6330338
ILMN_2359287	2140678
ILMN_1687974	5390201
ILMN_2267488	7570608
ILMN_1791409	3400537
ILMN_1660306	5720075
ILMN_1813117	4250315
ILMN_1681945	3390424
ILMN_1683927	4120341
ILMN_1749591	4180494
ILMN_1685009	1710070
ILMN_2169439	2690209
ILMN_1726175	4220010
ILMN_2254635	4490500
ILMN_1730176	7040592
ILMN_1714820	110440
ILMN_1723467	610452
ILMN_2383934	650066
ILMN_2244108	2070296
ILMN_1784454	4040491
ILMN_1754233	5910139
ILMN_1665107	3870647
ILMN_1690099	6180019
ILMN_1671871	6580670
ILMN_1776850	2810192
ILMN_1656812	6250541
ILMN_2175912	3890373
ILMN_1654396	7200156
ILMN_1733324	1470685
ILMN_1692790	5890253
ILMN_2317543	1570598
ILMN_2334210	3940132
ILMN_2253707	4490367
ILMN_1653965	6550379
ILMN_2387636	7210273
ILMN_2311166	2490411
ILMN_1668374	2650114
ILMN_1761674	3450301
ILMN_1796755	5360243
ILMN_1701619	6380142
ILMN_1789846	650437
ILMN_1777519	3990379
ILMN_1732921	2690689
ILMN_1653719	5570129
ILMN_1755251	3120068
ILMN_1808494	730722
ILMN_1757461	6560678
ILMN_1718525	3710343
ILMN_1731862	770193
ILMN_2235707	1170609
ILMN_2335557	2510711
ILMN_1793695	5050121
ILMN_1663213	5420292
ILMN_1709177	6200376
ILMN_1699160	7560632
ILMN_2165993	7610170
ILMN_2118129	840187
ILMN_2076600	1580576
ILMN_2076602	6450129
ILMN_2207720	540347
ILMN_1751708	6380315
ILMN_1680453	1110669
ILMN_2366041	2650762
ILMN_2407482	360445
ILMN_1718334	6350086
ILMN_1715674	6110731
ILMN_1776516	6560546
ILMN_1700432	4830239
ILMN_1714945	6330204
ILMN_1789505	3990646
ILMN_1736103	6330037
ILMN_1815500	6180133
ILMN_1805192	2690324
ILMN_3239181	2970347
ILMN_1798373	50324
ILMN_1788240	3190403
ILMN_1772383	6380156
ILMN_1751034	1190739
ILMN_1718769	4610070
ILMN_1672741	4850470
ILMN_1651848	6420291
ILMN_1714372	4590687
ILMN_2317739	4920180
ILMN_1724207	6020398
ILMN_1775883	4120646
ILMN_2397750	4280228
ILMN_1717877	5560338
ILMN_1715133	6760671
ILMN_1747241	4070289
ILMN_1754491	6960563
ILMN_1664165	5860678
ILMN_1691376	5720735
ILMN_1764729	4670343
ILMN_1658925	6040437
ILMN_2399523	6560056
ILMN_3238036	2100441
ILMN_1793384	1740543
ILMN_1683178	3940189
ILMN_1739667	460632
ILMN_1784141	3870075
ILMN_1702320	2100253
ILMN_3244738	4850468
ILMN_1672350	840278
ILMN_1769575	1400689
ILMN_1786920	730068
ILMN_1798224	1660546
ILMN_1685690	5870739
ILMN_1764177	2320286
ILMN_1682727	3520463
ILMN_2121774	3370215
ILMN_3249142	6550066
ILMN_1747205	1410543
ILMN_3238369	5420433
ILMN_1722532	1240504
ILMN_1677589	2340278
ILMN_1764970	2490687
ILMN_2410742	6960523
ILMN_1736650	670392
ILMN_1720531	1580348
ILMN_1681979	5420746
ILMN_1661770	5340328
ILMN_1692896	4210300
ILMN_1657838	3890040
ILMN_1666068	4060477
ILMN_2412024	4220743
ILMN_3236838	7160446
ILMN_1687921	7160246
ILMN_3249366	7650315
ILMN_3251620	2030286
ILMN_1762080	2630554
ILMN_1668535	1500711
ILMN_2169025	2650092
ILMN_1693985	5490025
ILMN_1802434	1300088
ILMN_1676247	4040722
ILMN_1717519	6250128
ILMN_1688801	290703
ILMN_1758829	7100129
ILMN_1661307	1410368
ILMN_1839422	5340689
ILMN_1696503	6590440
ILMN_1739726	6020037
ILMN_2206716	70044
ILMN_1687275	2000167
ILMN_1811535	4280187
ILMN_1661372	4900360
ILMN_1806023	6510367
ILMN_2086077	7550500
ILMN_1810214	620280
ILMN_2366864	110634
ILMN_1741970	2570551
ILMN_1733811	4880370
ILMN_1774565	3400609
ILMN_1750373	6620008
ILMN_1804661	620241
ILMN_2241750	4260259
ILMN_1812233	6660403
ILMN_1706031	610202
ILMN_1777727	2850131
ILMN_1773427	7000397
ILMN_1716089	3120400
ILMN_3241744	770608
ILMN_3241554	3060364
ILMN_1777584	5340291
ILMN_1782247	4830301
ILMN_3243142	7200703
ILMN_2414366	990692
ILMN_1724138	1410411
ILMN_1759789	6130521
ILMN_2198393	4070026
ILMN_1663234	1820438
ILMN_1722533	2470600
ILMN_1786895	6510653
ILMN_1745826	3060482
ILMN_1656200	5130372
ILMN_1735735	3190022
ILMN_1684755	1450202
ILMN_2218604	4060100
ILMN_1690866	6960487
ILMN_1784630	5050093
ILMN_1713523	3190402
ILMN_1784540	4920372
ILMN_1769382	1740661
ILMN_1743662	5910274
ILMN_1668000	2060544
ILMN_1687524	5700017
ILMN_1687092	6330176
ILMN_1754048	3310458
ILMN_2049063	150039
ILMN_1658104	7200731
ILMN_1730303	5050025
ILMN_2044293	7210280
ILMN_1716272	6370523
ILMN_1802109	510703
ILMN_1778928	6040100
ILMN_3245098	1170037
ILMN_1711585	630402
ILMN_1779480	1940327
ILMN_1669669	3290360
ILMN_1711958	4610563
ILMN_1839052	4670168
ILMN_1670954	1690309
ILMN_1872462	5050019
ILMN_1811380	1740626
ILMN_1792125	830240
ILMN_1702604	770053
ILMN_1651900	3830039
ILMN_1790508	7320349
ILMN_1681916	50315
ILMN_1715088	610035
ILMN_1744968	2970279
ILMN_1811072	3120240
ILMN_1793236	4480187
ILMN_1696189	6130739
ILMN_2342762	1340196
ILMN_1725496	5270082
ILMN_1755531	1740255
ILMN_1711092	6900196
ILMN_1668236	6960739
ILMN_1752412	4880114
ILMN_2303010	940626
ILMN_1657440	2070022
ILMN_1692156	3830091
ILMN_1747613	4780092
ILMN_1792382	840315
ILMN_1727850	840519
ILMN_2284013	2320333
ILMN_2388716	3610564
ILMN_1668586	4640411
ILMN_1748755	7210180
ILMN_1752012	2030703
ILMN_1727438	2600367
ILMN_2337856	3440242
ILMN_2047618	2470554
ILMN_1711650	2260468
ILMN_1769143	3310053
ILMN_1789387	990239
ILMN_1703110	1850072
ILMN_1671392	4610161
ILMN_1673769	1400427
ILMN_1670833	1570241
ILMN_2293363	7210288
ILMN_1780373	450703
ILMN_1735062	5670128
ILMN_2377957	3870753
ILMN_2335319	5390435
ILMN_1651330	3800008
ILMN_1768511	7320474
ILMN_1745529	2370433
ILMN_2299862	5690040
ILMN_1722831	2100475
ILMN_1700798	2630358
ILMN_1739987	4060192
ILMN_2338809	6900050
ILMN_1704063	6220309
ILMN_1800396	4860025
ILMN_1700199	1340397
ILMN_1729963	3930528
ILMN_1804152	5260402
ILMN_1677815	5490711
ILMN_2235785	7000064
ILMN_1656577	2060072
ILMN_1687219	5390162
ILMN_1788664	6450100
ILMN_1775348	3120129
ILMN_2289533	2000274
ILMN_2368856	4390291
ILMN_1744387	6960259
ILMN_1657643	1850358
ILMN_2325534	4260367
ILMN_1744403	1260669
ILMN_2262644	4640360
ILMN_2350823	6940463
ILMN_1787948	150025
ILMN_1699469	380332
ILMN_2285648	1660088
ILMN_1679580	3290471
ILMN_1800059	3420754
ILMN_2387865	3890711
ILMN_2270802	2360553
ILMN_1749415	5090168
ILMN_2357944	7200528
ILMN_1808272	4480110
ILMN_1699057	2000433
ILMN_1794200	4920010
ILMN_1709847	3290050
ILMN_1706207	5570161
ILMN_1717327	7000598
ILMN_1669446	7560347
ILMN_1675756	1050215
ILMN_2396903	2190349
ILMN_1659770	5390328
ILMN_1813741	3370544
ILMN_1736045	4900367
ILMN_1780334	60719
ILMN_1684945	2600148
ILMN_1800179	60398
ILMN_1697620	3370593
ILMN_1703667	6590414
ILMN_1772224	1260484
ILMN_2137312	2900181
ILMN_1805376	3130711
ILMN_1735779	60273
ILMN_2177928	4610128
ILMN_1718863	4810703
ILMN_2071641	6660671
ILMN_1790885	2350088
ILMN_1709253	2370121
ILMN_1695341	2900605
ILMN_2268529	5130446
ILMN_1711988	1940193
ILMN_1659352	990112
ILMN_1788421	4810424
ILMN_1792186	580292
ILMN_1717702	2320296
ILMN_1766103	5290070
ILMN_2277334	2640468
ILMN_2376953	2680215
ILMN_1666656	3400343
ILMN_1765990	5870220
ILMN_1768483	7100603
ILMN_1686791	240037
ILMN_1721027	2940747
ILMN_1801467	4050187
ILMN_1680212	5810021
ILMN_1766918	3990739
ILMN_2074773	3870041
ILMN_1701173	6650278
ILMN_2304577	1340465
ILMN_1712776	1500142
ILMN_1664919	4040309
ILMN_1794282	2680424
ILMN_2297765	5550452
ILMN_1740508	7210367
ILMN_1652065	2480544
ILMN_1687331	2030259
ILMN_2237601	3120603
ILMN_2332440	4390471
ILMN_1792959	5490040
ILMN_1747629	1050333
ILMN_1733430	4490762
ILMN_1712197	6400703
ILMN_1727466	870468
ILMN_1674488	4250064
ILMN_1749996	610538
ILMN_1685636	5360685
ILMN_1744897	1570184
ILMN_1801608	5570068
ILMN_1709937	3610730
ILMN_1656079	2510059
ILMN_1806150	3180148
ILMN_2409520	3890437
ILMN_1688569	4810091
ILMN_1757119	1940195
ILMN_3248707	7380392
ILMN_1666776	1510075
ILMN_1703500	2970470
ILMN_1788663	5900273
ILMN_2300894	6480133
ILMN_1775004	5960386
ILMN_2415447	2490050
ILMN_1740650	5690332
ILMN_2298683	6860121
ILMN_1770014	7100370
ILMN_2060268	1340220
ILMN_1690833	3940082
ILMN_2404589	380341
ILMN_1688938	6860634
ILMN_1761903	6620259
ILMN_2067596	360647
ILMN_2175112	540204
ILMN_2175114	5080259
ILMN_1702255	990086
ILMN_1793919	2970722
ILMN_2053345	3140259
ILMN_3244673	2970180
ILMN_1736303	4780241
ILMN_3248932	6380577
ILMN_1692365	70025
ILMN_1759984	430386
ILMN_1719064	5390754
ILMN_1777513	2760008
ILMN_2229649	2850471
ILMN_1742332	5560500
ILMN_1786843	2100189
ILMN_1731044	2940632
ILMN_1786326	3130196
ILMN_1793378	5550315
ILMN_1798619	4590044
ILMN_2150187	3140048
ILMN_1759260	730360
ILMN_1810115	1300241
ILMN_1718900	2630521
ILMN_1769235	6350424
ILMN_1803476	7000086
ILMN_1809708	7100743
ILMN_2134555	4250246
ILMN_1800220	4590554
ILMN_1724893	6330669
ILMN_1652331	2630747
ILMN_1672728	7550064
ILMN_1800942	5130168
ILMN_2146372	5290193
ILMN_1769207	4010446
ILMN_1754570	1980079
ILMN_1653612	1430626
ILMN_1712505	160209
ILMN_1651557	6110301
ILMN_2130411	2510209
ILMN_1724293	1500102
ILMN_1713901	540129
ILMN_1722820	3360053
ILMN_1798952	4390593
ILMN_1781537	4220112
ILMN_1651464	1780528
ILMN_1706539	2120086
ILMN_1669468	1850048
ILMN_2244257	6110639
ILMN_1755727	5870482
ILMN_2397521	3520239
ILMN_1686405	5270452
ILMN_3241164	4860671
ILMN_2410771	3420497
ILMN_1711787	3930646
ILMN_2410772	4570598
ILMN_1738468	6040468
ILMN_1653480	130577
ILMN_1732678	290075
ILMN_2151304	4890390
ILMN_1713823	160044
ILMN_1676520	6940100
ILMN_3238752	7400609
ILMN_2163070	3130735
ILMN_3239950	940241
ILMN_2076640	2570110
ILMN_1658237	3170192
ILMN_1727790	6020482
ILMN_1691747	6270273
ILMN_1706690	540164
ILMN_1717888	630427
ILMN_1678173	5050022
ILMN_1654392	4640639
ILMN_1673936	7000470
ILMN_1665483	1500603
ILMN_1797191	1990446
ILMN_2227133	4780427
ILMN_3247375	1440520
ILMN_2153280	6660047
ILMN_1718206	5420204
ILMN_2285996	5090754
ILMN_1732150	6770253
ILMN_2412521	7550470
ILMN_3248882	4150110
ILMN_1707491	3780647
ILMN_1696556	7050075
ILMN_1762990	7510086
ILMN_1887174	130301
ILMN_1740351	2940196
ILMN_1807767	4390382
ILMN_3250585	2850743
ILMN_1694686	4860291
ILMN_2059211	380743
ILMN_1728676	1430601
ILMN_1763637	3850066
ILMN_1795704	4490735
ILMN_1696127	3420450
ILMN_2226917	3170093
ILMN_1703969	3180309
ILMN_1658033	4180121
ILMN_1705063	7650463
ILMN_1697000	3890215
ILMN_1693668	3440672
ILMN_1664960	4180086
ILMN_1688106	3170376
ILMN_1657497	4920112
ILMN_1656042	630397
ILMN_1809585	1430039
ILMN_1683277	4050475
ILMN_2260500	4900630
ILMN_1659845	7570195
ILMN_1815502	1820020
ILMN_1652246	6590156
ILMN_1810628	3940392
ILMN_1847822	110678
ILMN_2261882	6400240
ILMN_1701512	6560427
ILMN_1741398	4810220
ILMN_1661519	510242
ILMN_2083559	1570685
ILMN_1655563	730273
ILMN_1793371	7000142
ILMN_1705733	6650634
ILMN_1701315	4610167
ILMN_1745841	2480309
ILMN_1697597	1090072
ILMN_2090040	3450056
ILMN_1693233	5870301
ILMN_1803217	3800215
ILMN_1723505	4830408
ILMN_1670469	3520242
ILMN_1750413	5900095
ILMN_1682572	1240661
ILMN_1753426	1450376
ILMN_2228453	6650288
ILMN_2339006	4850414
ILMN_1808260	5670470
ILMN_1688455	5860369
ILMN_1664965	650332
ILMN_1714915	3290612
ILMN_1694662	3520360
ILMN_1668929	7160356
ILMN_1651684	990129
ILMN_1677968	3840193
ILMN_1730930	6620079
ILMN_1770719	7400711
ILMN_2065022	110575
ILMN_1677979	730717
ILMN_1667305	1690739
ILMN_1675146	1770494
ILMN_1667873	4280673
ILMN_1729081	4560037
ILMN_1729248	5420541
ILMN_1764615	5860239
ILMN_1772663	6400523
ILMN_1754271	6650519
ILMN_1779969	5050528
ILMN_1690139	3830471
ILMN_1680010	3830082
ILMN_1661495	3310039
ILMN_1736127	730386
ILMN_1752280	6960133
ILMN_2058975	4150564
ILMN_1705562	7330673
ILMN_1678808	4560154
ILMN_1763732	3830554
ILMN_1747547	240376
ILMN_1674663	3120224
ILMN_1723735	4900576
ILMN_1685631	7400243
ILMN_1690484	3890164
ILMN_3244987	580463
ILMN_2176755	4560066
ILMN_1670752	2060482
ILMN_1669433	5890136
ILMN_1668469	1010152
ILMN_1763297	2760576
ILMN_1678544	4220273
ILMN_1772658	4570170
ILMN_1664622	4040193
ILMN_1781174	1980338
ILMN_1796240	3990504
ILMN_1692394	1740121
ILMN_3270834	450079
ILMN_1658187	1400382
ILMN_1680399	1850672
ILMN_1770927	1990427
ILMN_1798458	4640184
ILMN_1813590	6040411
ILMN_1782222	7650376
ILMN_3246625	2100162
ILMN_1716426	520736
ILMN_1793435	4180382
ILMN_1694357	2650017
ILMN_1742124	2190224
ILMN_2043360	4920471
ILMN_1752273	5810609
ILMN_1885728	990044
ILMN_2355033	1050082
ILMN_1857069	6760470
ILMN_1785857	130544
ILMN_1664102	6550504
ILMN_1741971	6580524
ILMN_1749405	3610088
ILMN_2376133	7570465
ILMN_1813704	110181
ILMN_1763442	430243
ILMN_1732962	870025
ILMN_1735617	780328
ILMN_1708709	2120398
ILMN_1772326	3290288
ILMN_1706960	1450731
ILMN_1669276	4730048
ILMN_1695679	6520377
ILMN_1813100	1470053
ILMN_1655564	1940682
ILMN_1676829	3450035
ILMN_1708247	4640296
ILMN_1668016	6020240
ILMN_1805735	7050441
ILMN_1747277	1190731
ILMN_1651865	3120414
ILMN_2200636	1580338
ILMN_1678235	1850079
ILMN_1800152	3420402
ILMN_1796751	2100201
ILMN_1760403	650184
ILMN_1745813	5420110
ILMN_2211583	6330161
ILMN_1749583	5860240
ILMN_3187852	6020014
ILMN_1771482	520609
ILMN_1652371	2650753
ILMN_1745389	7560022
ILMN_1680643	2850364
ILMN_1785036	4890543
ILMN_2102960	4180142
ILMN_1700733	4850142
ILMN_1768951	1780500
ILMN_1784175	6270577
ILMN_2095273	3140689
ILMN_1727526	3800438
ILMN_1688227	290097
ILMN_1695061	5700703
ILMN_1741841	1470068
ILMN_1813635	4560577
ILMN_3244574	1110370
ILMN_1689965	60059
ILMN_1675417	2570537
ILMN_1668619	1580333
ILMN_1798346	5270491
ILMN_1781890	4250484
ILMN_1700384	1570064
ILMN_2099045	130598
ILMN_1728225	6280719
ILMN_1793347	4050754
ILMN_1677695	990689
ILMN_1728490	2470593
ILMN_1810225	5910026
ILMN_1729827	6060161
ILMN_1732609	4880392
ILMN_1809208	6040356
ILMN_2273609	6290017
ILMN_1760305	870736
ILMN_1728060	460681
ILMN_1726642	990068
ILMN_1740711	2650634
ILMN_1722034	4290332
ILMN_1805992	5340162
ILMN_1752927	5220672
ILMN_1763640	1990762
ILMN_3251516	620110
ILMN_1668465	3360563
ILMN_1707128	4060465
ILMN_1674891	770253
ILMN_2289093	7400743
ILMN_1762608	3780709
ILMN_1838885	4810079
ILMN_1652188	5870176
ILMN_1696497	4050201
ILMN_1661507	4060554
ILMN_1754975	4230110
ILMN_1699521	4570075
ILMN_1758386	2970398
ILMN_1728885	3190592
ILMN_3272681	3930327
ILMN_1796029	3610181
ILMN_1732988	3990544
ILMN_1757425	6380615
ILMN_1772821	3120474
ILMN_2158003	3850754
ILMN_1784436	4850300
ILMN_1749676	2320164
ILMN_2092160	3710209
ILMN_1731453	1470181
ILMN_2213199	5690181
ILMN_2055760	4900068
ILMN_1695087	6100477
ILMN_3235104	2480735
ILMN_2097858	380379
ILMN_1788347	7050204
ILMN_1687100	1510463
ILMN_1763521	5130070
ILMN_1794528	5420168
ILMN_2415979	5570593
ILMN_1689651	460431
ILMN_1805177	3390348
ILMN_1807177	50544
ILMN_1719876	460743
ILMN_2174380	3290411
ILMN_1801124	7200161
ILMN_1735063	7320543
ILMN_1689601	1340181
ILMN_1776631	6350017
ILMN_3251237	1030129
ILMN_1789500	1510731
ILMN_1852022	2810692
ILMN_1717923	7040255
ILMN_3248764	4730156
ILMN_1691916	2230670
ILMN_1792432	1710670
ILMN_1811030	1850491
ILMN_1732967	7560037
ILMN_1653155	7400220
ILMN_1769140	130048
ILMN_1804789	5050047
ILMN_1786345	5690162
ILMN_1699473	7050092
ILMN_1667263	3370689
ILMN_1700203	3390450
ILMN_1678097	2100746
ILMN_1803254	3130523
ILMN_1803483	2710672
ILMN_1675445	6480161
ILMN_1788400	990326
ILMN_1674486	4860092
ILMN_2106227	6860612
ILMN_1679232	1400377
ILMN_2143155	1110022
ILMN_1794539	4060176
ILMN_2105960	4490358
ILMN_1796108	7040274
ILMN_1686562	5290209
ILMN_1808071	2810201
ILMN_1753063	5360386
ILMN_2152828	2900370
ILMN_1772786	3610592
ILMN_1666625	1090131
ILMN_2132161	2470035
ILMN_1779153	6040189
ILMN_2250048	3400451
ILMN_2327655	6330692
ILMN_1727833	540477
ILMN_3307850	2190079
ILMN_1759330	6520440
ILMN_1659444	3450452
ILMN_1743034	5490743
ILMN_1735552	7040707
ILMN_1796749	3850142
ILMN_1695658	1050195
ILMN_1712452	5900433
ILMN_1681249	1660593
ILMN_1692060	160356
ILMN_1800670	3180487
ILMN_2163819	4490025
ILMN_3234884	10326
ILMN_1716553	2850474
ILMN_1811472	4120278
ILMN_1689866	240176
ILMN_1694126	2370546
ILMN_1676679	50181
ILMN_1665903	870112
ILMN_3242725	2570746
ILMN_1673620	2810239
ILMN_2055330	7150603
ILMN_1678810	1260215
ILMN_2366795	2000725
ILMN_1747353	2120176
ILMN_1692572	4730341
ILMN_1743870	6550746
ILMN_1734476	6550209
ILMN_1652181	4230349
ILMN_2135537	6400202
ILMN_1685916	1470647
ILMN_1653385	3940253
ILMN_1702279	450398
ILMN_2081398	2450037
ILMN_1797277	2450202
ILMN_1799667	1430129
ILMN_3238717	2940358
ILMN_2227120	4480735
ILMN_1812254	6650243
ILMN_1788160	2710017
ILMN_2212999	2570402
ILMN_1773837	6650113
ILMN_1673716	4730609
ILMN_1654916	4670192
ILMN_1762192	2810689
ILMN_2327186	3190370
ILMN_2119224	1940482
ILMN_2222008	7330674
ILMN_1803018	4210561
ILMN_1710354	2570438
ILMN_3238213	50242
ILMN_1670298	730435
ILMN_1678882	4210458
ILMN_1786810	7200025
ILMN_3244588	1010491
ILMN_2402106	1340670
ILMN_1667232	3140242
ILMN_1693207	2140719
ILMN_1739756	2900360
ILMN_2390197	6290152
ILMN_1685843	380463
ILMN_2415653	1740328
ILMN_1808800	3140142
ILMN_2415650	3460427
ILMN_2298795	3840601
ILMN_1793451	3190630
ILMN_1685629	5550017
ILMN_1722506	3290110
ILMN_2166812	5670291
ILMN_1686831	5390400
ILMN_2175715	3450202
ILMN_1793525	4150156
ILMN_1772787	4050093
ILMN_1691803	2070561
ILMN_1733245	3930398
ILMN_2131828	4640553
ILMN_2190842	5560731
ILMN_2082593	2100725
ILMN_1733426	3780020
ILMN_2229913	3930309
ILMN_3242156	6100246
ILMN_1768819	4290553
ILMN_1742781	2100673
ILMN_1760728	2320201
ILMN_2382245	4250347
ILMN_2299440	6940133
ILMN_1674541	3180152
ILMN_1669404	5820189
ILMN_1673521	4120131
ILMN_1790160	360128
ILMN_2229379	5080576
ILMN_1808508	3990670
ILMN_2341595	5090500
ILMN_1746232	6900296
ILMN_2352077	1190392
ILMN_1731688	5550292
ILMN_1654653	1510736
ILMN_1726901	4250706
ILMN_1653470	830181
ILMN_1774493	3440278
ILMN_1779064	6290673
ILMN_1702738	2340500
ILMN_1805027	3440639
ILMN_1803507	5570220
ILMN_1727199	4120072
ILMN_2371152	4570605
ILMN_2258363	4590746
ILMN_1687873	4760497
ILMN_1707304	3390338
ILMN_2411897	2190470
ILMN_1667594	3990292
ILMN_1659122	5720184
ILMN_1673207	3360731
ILMN_1751656	5700088
ILMN_1782983	5870673
ILMN_1714444	1430711
ILMN_1797375	3830497
ILMN_1762801	6770017
ILMN_1679929	2320114
ILMN_1681168	6520167
ILMN_1683133	2570577
ILMN_1770451	3170301
ILMN_1744220	2230632
ILMN_1735930	3850692
ILMN_1670245	580594
ILMN_2048507	870066
ILMN_1779857	510044
ILMN_2137789	2810059
ILMN_1770293	2230026
ILMN_1737406	360110
ILMN_1700727	2340215
ILMN_1735014	4040097
ILMN_1662023	3290142
ILMN_1788793	610427
ILMN_1778523	3390292
ILMN_2055036	2190100
ILMN_2055043	3830553
ILMN_1702635	2340348
ILMN_2115591	7160082
ILMN_1741204	2810364
ILMN_1730940	4250372
ILMN_1748034	4180176
ILMN_1727134	4490273
ILMN_1754312	6060097
ILMN_1661314	2350452
ILMN_1757288	7380452
ILMN_1695246	7560114
ILMN_1701918	3870100
ILMN_2405470	7160402
ILMN_1809760	5700687
ILMN_1715424	5080041
ILMN_2049423	240224
ILMN_1752416	4810133
ILMN_2164081	6660152
ILMN_1676075	6840500
ILMN_1719919	6550328
ILMN_2140510	7380142
ILMN_1748123	780300
ILMN_2168564	6250523
ILMN_1701648	2190750
ILMN_1705602	3850504
ILMN_1749751	6450706
ILMN_1655608	4050239
ILMN_1701837	1070593
ILMN_1756525	130408
ILMN_1692785	1240386
ILMN_1705390	5290259
ILMN_1732550	460441
ILMN_1678671	6620201
ILMN_1804494	6510356
ILMN_1805330	580446
ILMN_3251605	3610358
ILMN_1693401	7330575
ILMN_3253471	620333
ILMN_3178406	4590327
ILMN_1770641	2810400
ILMN_1780663	3940066
ILMN_1805522	1660201
ILMN_1751279	3440392
ILMN_3187410	4920161
ILMN_3273620	4920500
ILMN_1662886	5700253
ILMN_1693471	510632
ILMN_1703314	2000767
ILMN_3237761	3840176
ILMN_1758978	1050072
ILMN_1701700	1510767
ILMN_2258234	580577
ILMN_1706687	1410161
ILMN_2342437	1570349
ILMN_1768814	2470338
ILMN_1674458	150672
ILMN_1653666	160670
ILMN_1760792	3290164
ILMN_1714083	2000019
ILMN_2189222	7100349
ILMN_1664466	6550170
ILMN_1696450	650561
ILMN_1802246	540605
ILMN_1688205	5960192
ILMN_1775529	5700136
ILMN_1695924	5900008
ILMN_1725912	4050398
ILMN_2411511	7050047
ILMN_1666191	940327
ILMN_1750850	3610253
ILMN_1729482	2450372
ILMN_2260715	3140681
ILMN_2347097	4200445
ILMN_2335583	1030132
ILMN_2371917	5960524
ILMN_1663787	460202
ILMN_1748981	3780491
ILMN_1655426	5050301
ILMN_1792363	5290707
ILMN_2353054	3170687
ILMN_2264029	6620427
ILMN_1718731	6660274
ILMN_1780255	2970154
ILMN_1777541	6520022
ILMN_2395496	4230221
ILMN_1745570	6020139
ILMN_1705252	3140079
ILMN_1735700	3840010
ILMN_2124425	3840240
ILMN_1800468	7400240
ILMN_2400360	830020
ILMN_2223618	6980538
ILMN_1795431	4810427
ILMN_3271092	3940242
ILMN_2079655	6200019
ILMN_1752647	2940427
ILMN_2384140	3830575
ILMN_2384139	5550341
ILMN_1707328	360328
ILMN_2059357	2360164
ILMN_1691287	290204
ILMN_2386790	1070487
ILMN_1781897	3130468
ILMN_1719093	4010278
ILMN_1799134	1770598
ILMN_1797988	3390594
ILMN_2386453	7570377
ILMN_2055781	60619
ILMN_1685521	4250630
ILMN_2124920	3520681
ILMN_1658399	4880193
ILMN_2224657	2450487
ILMN_2222443	4490204
ILMN_1730917	2470743
ILMN_3247552	940376
ILMN_1716963	3060687
ILMN_1702789	4830594
ILMN_1663944	6180390
ILMN_1753729	1450619
ILMN_1732516	3190524
ILMN_1676005	1170053
ILMN_1721868	4230196
ILMN_1708160	6250609
ILMN_1708427	2760451
ILMN_1664756	2850128
ILMN_1669700	2360370
ILMN_1696021	5340021
ILMN_3256550	4120079
ILMN_1703949	6840577
ILMN_1780649	1690008
ILMN_2143671	1500592
ILMN_1679543	2630167
ILMN_1728071	2470050
ILMN_1652104	4540100
ILMN_3239060	6270139
ILMN_1685202	6620132
ILMN_1745620	2370538
ILMN_2091375	5340703
ILMN_1772697	3390301
ILMN_1788936	4290731
ILMN_1700994	5310445
ILMN_2411935	1580379
ILMN_2382290	3940195
ILMN_1761321	7560341
ILMN_1751395	1660168
ILMN_2323418	2070706
ILMN_1811261	5960446
ILMN_2323413	7610477
ILMN_1767579	6650044
ILMN_1735712	2450647
ILMN_1716093	5560682
ILMN_1781884	870433
ILMN_1700344	2490048
ILMN_1686165	3130195
ILMN_1721218	2230035
ILMN_1665035	4900458
ILMN_1770612	3710671
ILMN_1736760	450551
ILMN_2228162	4540246
ILMN_1666845	3840445
ILMN_3195198	1260474
ILMN_3265423	6650048
ILMN_1803408	110431
ILMN_1730848	6280128
ILMN_3263974	6110026
ILMN_3187508	6110300
ILMN_3194291	540370
ILMN_3252936	1090674
ILMN_3267748	7050367
ILMN_3262193	3290035
ILMN_3185725	6350010
ILMN_3178307	2260068
ILMN_3231334	2650440
ILMN_3188425	4010128
ILMN_3259275	3800564
ILMN_3254848	430128
ILMN_3178386	6980731
ILMN_3269112	4830041
ILMN_3192645	6760242
ILMN_3263428	4560537
ILMN_3188731	4050753
ILMN_1730777	6060630
ILMN_1669299	1240315
ILMN_2219867	160184
ILMN_1794729	5290674
ILMN_1801090	7160056
ILMN_1791545	630152
ILMN_1726409	4250703
ILMN_1770663	2850372
ILMN_1704497	7650110
ILMN_2074671	1260301
ILMN_1723404	6450367
ILMN_1680828	3520524
ILMN_1666887	2750528
ILMN_1695621	4890202
ILMN_3238902	2060414
ILMN_1807249	6250521
ILMN_1731800	270392
ILMN_2129312	6620341
ILMN_1770015	6450148
ILMN_1770228	3710168
ILMN_3245113	6200504
ILMN_1790252	6660392
ILMN_1740813	5810255
ILMN_1741544	3170341
ILMN_2114137	520348
ILMN_1727626	3450451
ILMN_1744765	540546
ILMN_2201768	460722
ILMN_1801632	5860289
ILMN_2219002	3830681
ILMN_1669820	2000114
ILMN_1721354	2350196
ILMN_1698772	6760341
ILMN_1754576	5820626
ILMN_2163723	3800161
ILMN_1716136	3450128
ILMN_1695812	2600369
ILMN_1672120	5220026
ILMN_1713272	940161
ILMN_1721247	6370309
ILMN_1755786	50609
ILMN_1801428	2570180
ILMN_1737653	2370564
ILMN_2204940	6900376
ILMN_1753584	3370056
ILMN_2366445	2340193
ILMN_1705814	4830520
ILMN_1801442	430446
ILMN_1676086	2360242
ILMN_1677586	5550273
ILMN_1806284	270142
ILMN_1765072	3370328
ILMN_2178226	4280672
ILMN_3272307	1500450
ILMN_3191922	1410097
ILMN_1792568	5820291
ILMN_1771174	3420129
ILMN_1688334	3290327
ILMN_2135306	6060615
ILMN_1710929	6280239
ILMN_1776412	2260594
ILMN_1754009	1030068
ILMN_1797201	360725
ILMN_1707273	780093
ILMN_2206732	5670022
ILMN_1762711	5390072
ILMN_1657191	620131
ILMN_1677392	3710050
ILMN_1793716	6510097
ILMN_2125829	4920736
ILMN_1794879	6960088
ILMN_1798206	5490544
ILMN_2173797	7380220
ILMN_1697704	4830110
ILMN_1714028	3310468
ILMN_1780422	6220577
ILMN_2209260	2350348
ILMN_1791951	4900739
ILMN_2055638	6250326
ILMN_1758039	1090358
ILMN_1780411	2640079
ILMN_1761119	5130390
ILMN_1707652	5050523
ILMN_1684526	460326
ILMN_1713715	4180564
ILMN_1801138	2710008
ILMN_1775879	1770209
ILMN_1763883	4490450
ILMN_1656051	2030037
ILMN_1805469	1940220
ILMN_1784216	670309
ILMN_1748852	1190563
ILMN_1719105	6480270
ILMN_1740258	7560424
ILMN_3309114	430736
ILMN_1658448	6020382
ILMN_1806253	6620551
ILMN_2195721	610048
ILMN_1791721	2070079
ILMN_3310940	520445
ILMN_1780344	290521
ILMN_1676146	6350731
ILMN_1678828	4010215
ILMN_3310638	4390204
ILMN_1666823	4810347
ILMN_1908490	520368
ILMN_1786908	6760300
ILMN_1675546	360301
ILMN_2067052	2640427
ILMN_1652439	2350484
ILMN_1655251	4850113
ILMN_2108025	3940594
ILMN_1662497	4890541
ILMN_1662081	6580215
ILMN_1780326	4540129
ILMN_2079059	2100392
ILMN_1698584	6330332
ILMN_2059165	1580634
ILMN_1746434	6840437
ILMN_1714010	1190397
ILMN_1659475	4890129
ILMN_1680432	2570475
ILMN_1718202	5490609
ILMN_1684885	3870240
ILMN_2191003	3170021
ILMN_1703708	2710403
ILMN_1749989	2060487
ILMN_1802360	3780500
ILMN_1701525	6480564
ILMN_1744383	2060296
ILMN_2159203	5290377
ILMN_2180380	620520
ILMN_1791777	3120397
ILMN_2197990	1050397
ILMN_1766565	7400706
ILMN_2112942	3840121
ILMN_1722755	5860056
ILMN_1728440	3390494
ILMN_1730562	3610433
ILMN_1694419	2710470
ILMN_1693976	940438
ILMN_2209088	4490411
ILMN_1696738	5910593
ILMN_1715753	3310437
ILMN_1710314	1260209
ILMN_1652175	1780523
ILMN_1716822	6020551
ILMN_1658802	6110605
ILMN_1700728	290435
ILMN_1752548	290767
ILMN_1659230	5810639
ILMN_1811984	5720053
ILMN_1754798	2630500
ILMN_1885628	3420646
ILMN_1873592	4260020
ILMN_1794514	6520136
ILMN_1774800	3850161
ILMN_1811104	6550288
ILMN_1703226	4610767
ILMN_2339202	4730148
ILMN_1740523	5080162
ILMN_1704916	3390463
ILMN_1748178	3400128
ILMN_1746517	3460685
ILMN_1737514	7040142
ILMN_1739238	1230735
ILMN_2362341	5890471
ILMN_1769839	5490358
ILMN_1723211	7040433
ILMN_1774258	630132
ILMN_1802804	2190026
ILMN_1658277	6370253
ILMN_2400940	7610685
ILMN_3307786	450670
ILMN_1710600	2190347
ILMN_2336109	5870646
ILMN_1727495	770128
ILMN_2400448	2190309
ILMN_1741994	3440605
ILMN_3307954	730433
ILMN_1775646	6280392
ILMN_2203987	870484
ILMN_1739375	380474
ILMN_1765132	460373
ILMN_1703335	1570669
ILMN_1693830	5900524
ILMN_1660635	4050711
ILMN_1782389	1170349
ILMN_1750798	1510491
ILMN_1701581	3130082
ILMN_1664065	3990139
ILMN_1728215	5820450
ILMN_1813338	2680189
ILMN_1708151	1240482
ILMN_1768598	4150184
ILMN_2389211	4280307
ILMN_1807491	50278
ILMN_2323933	6180743
ILMN_1728255	2570224
ILMN_1664574	610037
ILMN_1696434	2190113
ILMN_1770038	5360110
ILMN_1788019	360181
ILMN_2339266	1470296
ILMN_1688892	2650612
ILMN_2293594	4120358
ILMN_1704247	4670553
ILMN_2406035	6480592
ILMN_2140059	5130435
ILMN_1795442	7160253
ILMN_1773567	4040176
ILMN_2214790	1510392
ILMN_1658709	2630746
ILMN_1752968	7650189
ILMN_3242152	3780612
ILMN_1715684	730040
ILMN_1800142	4590739
ILMN_1680054	6350243
ILMN_1792301	1710669
ILMN_1810852	4120086
ILMN_1653824	2230594
ILMN_1706519	4150725
ILMN_1701424	4390100
ILMN_1688642	6280541
ILMN_1782292	6270100
ILMN_2279961	780041
ILMN_1673282	3060292
ILMN_1752351	3120743
ILMN_1659753	3890563
ILMN_2243687	6480142
ILMN_2170813	520059
ILMN_2170814	7320546
ILMN_1703697	2450612
ILMN_2081988	4150138
ILMN_1708009	7560301
ILMN_2091753	540168
ILMN_2091755	620021
ILMN_1683792	3290292
ILMN_1745110	7050494
ILMN_2101832	580132
ILMN_1680196	6650348
ILMN_1772359	5360376
ILMN_1662038	10768
ILMN_2408430	4570242
ILMN_1803412	6220471
ILMN_1812395	3310035
ILMN_1681590	4040376
ILMN_1765212	150475
ILMN_1808636	1510082
ILMN_1685535	4760494
ILMN_1733390	5910164
ILMN_1675365	2650504
ILMN_2347888	3840360
ILMN_1766222	6100619
ILMN_1752810	4830433
ILMN_1663401	5810687
ILMN_2392717	5700739
ILMN_1756104	6450450
ILMN_1757317	940020
ILMN_1700168	4280767
ILMN_1774890	240661
ILMN_1665909	620300
ILMN_1673232	3840204
ILMN_2400500	3370121
ILMN_1726108	6380154
ILMN_1743142	6510187
ILMN_1748057	6590139
ILMN_2208495	6330356
ILMN_1767662	5690064
ILMN_2404625	460259
ILMN_1691539	3610288
ILMN_2281320	4480255
ILMN_1750188	5080608
ILMN_1651328	6760445
ILMN_2326953	2810162
ILMN_1803560	3060092
ILMN_2249720	3290692
ILMN_1696921	5340300
ILMN_2108029	5390255
ILMN_1703412	3450192
ILMN_1769782	580411
ILMN_1716397	5690475
ILMN_1750321	150400
ILMN_2244009	840369
ILMN_1684834	1740369
ILMN_2315979	2810246
ILMN_1811507	4230112
ILMN_1670369	5130753
ILMN_1660794	6940164
ILMN_1732538	1850564
ILMN_1810418	4880224
ILMN_1768969	5080524
ILMN_2285480	6510561
ILMN_2202133	4230367
ILMN_2202134	5810669
ILMN_1808731	6860221
ILMN_1670595	1170433
ILMN_2052686	4250093
ILMN_1665657	7200689
ILMN_2067453	150255
ILMN_1792031	2760110
ILMN_1815102	1170112
ILMN_1679960	1110347
ILMN_1736655	50725
ILMN_3236932	580253
ILMN_1718420	3400324
ILMN_1689849	130097
ILMN_1769684	2510619
ILMN_1668386	2710577
ILMN_1716471	6380626
ILMN_1653282	2510379
ILMN_1795711	830538
ILMN_1709708	5690224
ILMN_1656706	4280274
ILMN_1756522	1660414
ILMN_1787260	2190653
ILMN_1728632	2480632
ILMN_1718395	2360026
ILMN_1808220	6590524
ILMN_3234941	2450609
ILMN_1743296	2900592
ILMN_3238649	3850408
ILMN_2377109	130161
ILMN_2279844	130274
ILMN_1699991	5570180
ILMN_2277426	7510376
ILMN_1724191	1190228
ILMN_3262936	2120148
ILMN_3186473	6520369
ILMN_1708081	7040546
ILMN_2312709	2810669
ILMN_2336186	3930376
ILMN_1688452	6550082
ILMN_1667577	5310332
ILMN_1721011	2600215
ILMN_1688646	4610576
ILMN_1769116	3370240
ILMN_2172933	6940646
ILMN_1803862	3140427
ILMN_3245845	6100689
ILMN_1692223	4390398
ILMN_1792800	1710364
ILMN_1761917	6560692
ILMN_1769993	6770386
ILMN_1747800	3520136
ILMN_1689817	6760364
ILMN_2062381	7150554
ILMN_2194882	1940669
ILMN_1730085	6060286
ILMN_1662932	6350161
ILMN_1658962	4810307
ILMN_2046073	520465
ILMN_1749026	2680711
ILMN_1763537	4780347
ILMN_1811347	2140148
ILMN_1800697	4830148
ILMN_2305599	2900646
ILMN_1713534	3190278
ILMN_2241825	4210193
ILMN_2238389	5310608
ILMN_3249748	770326
ILMN_1807106	3190092
ILMN_3251145	6520386
ILMN_1758812	4880253
ILMN_2151698	3800400
ILMN_1719788	5340671
ILMN_1728132	1400240
ILMN_2326324	110291
ILMN_1727748	1990161
ILMN_1745043	6060470
ILMN_1722771	2340021
ILMN_2407346	3370301
ILMN_2053415	1440736
ILMN_1731343	5550544
ILMN_1734125	5870075
ILMN_2129563	2030612
ILMN_1809040	1030768
ILMN_1788250	1400484
ILMN_1691425	2760441
ILMN_2124361	4570546
ILMN_1752574	6020603
ILMN_2375786	4560626
ILMN_1722527	5890215
ILMN_1717557	1570148
ILMN_1679185	2810601
ILMN_2213136	4570255
ILMN_1660317	5860528
ILMN_1781256	6450291
ILMN_1684492	4830240
ILMN_1810321	2940661
ILMN_1785444	3180615
ILMN_1680860	4780446
ILMN_1727361	6520402
ILMN_2183938	6580349
ILMN_1736447	3710242
ILMN_1679238	5260414
ILMN_1654890	2000142
ILMN_1732720	5860341
ILMN_1801553	2970674
ILMN_1804451	3060470
ILMN_2207505	840309
ILMN_2207504	3840458
ILMN_2330570	1940156
ILMN_1731966	1940196
ILMN_2234956	2680382
ILMN_1696391	3400747
ILMN_1676265	6480348
ILMN_1664294	1240739
ILMN_1657373	4280524
ILMN_1705682	6760632
ILMN_1661537	6980255
ILMN_1752591	6370164
ILMN_1677932	3780368
ILMN_1710668	130270
ILMN_1714223	2630408
ILMN_1782743	1850379
ILMN_2264681	2570435
ILMN_1754149	4150575
ILMN_2360401	3450082
ILMN_2268156	6060070
ILMN_1663080	6620392
ILMN_1723978	1450193
ILMN_1776283	4180338
ILMN_1794842	1740113
ILMN_2397223	3800315
ILMN_1698318	5260035
ILMN_1687306	6280086
ILMN_1803788	5420377
ILMN_1659688	4290730
ILMN_1694034	6840209
ILMN_1661708	6420440
ILMN_3243690	5810707
ILMN_2353358	540020
ILMN_1669930	1070592
ILMN_2266214	3420286
ILMN_2356654	6270554
ILMN_2412214	840431
ILMN_1715760	5090632
ILMN_1656869	610682
ILMN_2113333	1440192
ILMN_2080342	1010731
ILMN_2171023	4150068
ILMN_1788728	4850524
ILMN_1767900	5390128
ILMN_1737162	380253
ILMN_1716461	6980121
ILMN_2332964	1300452
ILMN_2253017	4250681
ILMN_1698019	4560129
ILMN_1710408	4560609
ILMN_1702310	7150403
ILMN_1703081	1240546
ILMN_1713550	3610154
ILMN_1677464	3870414
ILMN_1662362	5090332
ILMN_1679152	6560639
ILMN_2143427	6510403
ILMN_1742620	7150451
ILMN_1712487	5340414
ILMN_1765187	3710161
ILMN_1788098	1470168
ILMN_1767448	1010139
ILMN_1725031	6840735
ILMN_1747744	360132
ILMN_1663718	5260750
ILMN_1841495	4120093
ILMN_1788291	1070187
ILMN_1752199	2230091
ILMN_1683405	630452
ILMN_1807016	5550142
ILMN_2390435	1570615
ILMN_1806395	4290470
ILMN_2284893	6180161
ILMN_1665011	6270754
ILMN_1701340	7550056
ILMN_1674366	2710445
ILMN_1754815	160050
ILMN_1683752	5340274
ILMN_1715189	7550193
ILMN_1794818	2900343
ILMN_1769385	1030682
ILMN_1754266	6860762
ILMN_2393341	3710189
ILMN_1736077	5910397
ILMN_1738725	2650390
ILMN_1709094	430079
ILMN_1706779	5050113
ILMN_1694582	290048
ILMN_2373335	630047
ILMN_1660582	3460431
ILMN_1680714	2070093
ILMN_2373073	3520196
ILMN_1693758	4050537
ILMN_1734748	3780093
ILMN_1716983	3370594
ILMN_1661631	6110037
ILMN_1786303	6200370
ILMN_1702385	4760364
ILMN_1726545	620136
ILMN_2266595	2470162
ILMN_2357419	5890095
ILMN_1651404	2260520
ILMN_2058841	3290196
ILMN_1694243	6060053
ILMN_3251658	7000546
ILMN_1708248	20246
ILMN_2316974	6840435
ILMN_2312340	540671
ILMN_1734234	5700408
ILMN_1695744	7610136
ILMN_1784884	2470017
ILMN_2406132	7380349
ILMN_2355953	1820114
ILMN_1778974	2810259
ILMN_2339294	4610010
ILMN_1732919	7050468
ILMN_1680826	1300438
ILMN_1668521	1500427
ILMN_1704369	4880537
ILMN_2139761	1770754
ILMN_1764747	1030088
ILMN_1673867	3940494
ILMN_2183687	6420450
ILMN_1797362	1980400
ILMN_1698649	6020767
ILMN_2367671	2140020
ILMN_1687960	3390048
ILMN_1660624	4120561
ILMN_2270443	5220142
ILMN_1733176	990358
ILMN_1675387	1090739
ILMN_1751644	5690561
ILMN_2381037	7040491
ILMN_1760493	4280010
ILMN_1714880	4540056
ILMN_1748903	1340551
ILMN_1748697	4220482
ILMN_1656886	4390066
ILMN_1797055	10102
ILMN_1724062	3440301
ILMN_1806293	5890075
ILMN_1663444	2360689
ILMN_1691849	5700243
ILMN_2184708	6520010
ILMN_2137084	6420703
ILMN_2235851	580678
ILMN_1756755	1660121
ILMN_1695978	1110291
ILMN_3237058	4590324
ILMN_2056815	1570747
ILMN_2338197	1010315
ILMN_1669624	5890220
ILMN_1748258	5890524
ILMN_1718063	5360148
ILMN_1812700	270113
ILMN_2218002	2350044
ILMN_1670693	1170059
ILMN_1781517	5260672
ILMN_1689037	2600440
ILMN_2189027	7210681
ILMN_1729433	2630292
ILMN_1805609	4010373
ILMN_1784302	6060605
ILMN_2204467	1230368
ILMN_1712141	1410215
ILMN_2176693	3890026
ILMN_1808443	1410386
ILMN_1678628	270632
ILMN_1674338	7560026
ILMN_3248304	3830707
ILMN_3243466	1780192
ILMN_2343105	1780161
ILMN_1717524	2970088
ILMN_2297997	4120142
ILMN_1713934	3180672
ILMN_1691848	6650070
ILMN_1708098	3940097
ILMN_1798212	2470608
ILMN_1669575	290397
ILMN_1797588	2630296
ILMN_1652674	2690129
ILMN_2413615	4280468
ILMN_1699544	5090477
ILMN_1707283	5700040
ILMN_3240177	3190274
ILMN_1715814	830564
ILMN_1783566	5960520
ILMN_1776963	3850092
ILMN_1755221	1190673
ILMN_1764522	4590612
ILMN_1757165	4120332
ILMN_1652128	2510592
ILMN_2075829	5900477
ILMN_1810652	6560142
ILMN_1754969	3830093
ILMN_1668249	2320088
ILMN_1716056	1740576
ILMN_1815716	4540047
ILMN_1737394	2630768
ILMN_1696749	6020424
ILMN_2126706	3420593
ILMN_1708101	7570148
ILMN_1662917	6980543
ILMN_1800078	3850059
ILMN_1764231	2120240
ILMN_1694913	3060437
ILMN_1813295	5360301
ILMN_1703487	5910523
ILMN_2117171	7210450
ILMN_1770479	1580475
ILMN_1680948	6760246
ILMN_1668451	7560400
ILMN_1785703	1850561
ILMN_1724315	1240270
ILMN_1668194	6980632
ILMN_1671898	160458
ILMN_2298830	870093
ILMN_1705678	4280768
ILMN_2391683	4730253
ILMN_1652866	4610148
ILMN_1704166	6760181
ILMN_1798433	150372
ILMN_1814737	2690544
ILMN_1758661	6510349
ILMN_1713841	3460593
ILMN_1702124	3400523
ILMN_3243593	3180609
ILMN_1733559	6280504
ILMN_3251587	6290142
ILMN_3237156	870750
ILMN_3259652	5810195
ILMN_3255389	2600471
ILMN_3239689	5700139
ILMN_3246344	4280161
ILMN_3249050	5130131
ILMN_3242975	3520369
ILMN_1767355	3440202
ILMN_1658405	940017
ILMN_1691662	6450193
ILMN_3243914	7000091
ILMN_3262250	1820452
ILMN_3185784	3370669
ILMN_3268883	1780204
ILMN_3176875	5390048
ILMN_3273383	2630072
ILMN_3255673	3870132
ILMN_3271785	990307
ILMN_3183806	2690113
ILMN_3243616	990113
ILMN_3187497	6100156
ILMN_3271204	630520
ILMN_3188806	4070373
ILMN_3185204	270722
ILMN_3261668	1030059
ILMN_3257995	1190168
ILMN_3193736	6290576
ILMN_3273078	1400370
ILMN_3181333	6130494
ILMN_3179038	840546
ILMN_3177122	830497
ILMN_3269572	6370400
ILMN_3258772	1500114
ILMN_3188005	2760543
ILMN_3176771	5080735
ILMN_3253235	5720193
ILMN_3252941	4610754
ILMN_3270511	3450296
ILMN_3270661	2370242
ILMN_3187869	5080739
ILMN_3194949	4290068
ILMN_3271412	5130403
ILMN_3273317	6960497
ILMN_3258262	3310722
ILMN_3179946	3840315
ILMN_3183383	150161
ILMN_3273890	6450035
ILMN_3191780	6280403
ILMN_3259920	1010632
ILMN_3230370	4860592
ILMN_3273286	2470630
ILMN_3258283	5490386
ILMN_3190604	2640685
ILMN_3267074	3460113
ILMN_3269797	1070437
ILMN_3253857	730066
ILMN_3184894	3060553
ILMN_3177974	4290326
ILMN_3187425	3310349
ILMN_3270378	870279
ILMN_3193911	6480367
ILMN_3193142	630026
ILMN_3273885	6510685
ILMN_3187619	2070008
ILMN_3263363	7050564
ILMN_3272465	3990044
ILMN_3181457	6620091
ILMN_3264164	2940598
ILMN_3187694	6270184
ILMN_3262025	630369
ILMN_3252771	4260326
ILMN_3186410	2760670
ILMN_3262876	4230291
ILMN_3235239	1450091
ILMN_3180807	3370435
ILMN_3257273	6220524
ILMN_3179891	3990056
ILMN_3261273	6180025
ILMN_3187894	270097
ILMN_3187545	3450019
ILMN_3184512	4730239
ILMN_3255903	4860452
ILMN_3187254	1170025
ILMN_3265783	6350162
ILMN_3267024	840440
ILMN_3184664	2060632
ILMN_3187698	4570678
ILMN_3179823	520397
ILMN_3255735	6270431
ILMN_3178680	7210563
ILMN_3179562	4260408
ILMN_3256024	6650369
ILMN_3260337	1510324
ILMN_3191940	5910768
ILMN_3260281	7320224
ILMN_3195372	2640201
ILMN_3262454	5420475
ILMN_3188076	1050678
ILMN_3264543	2710377
ILMN_3260286	2900719
ILMN_3271706	5870427
ILMN_3182034	3850725
ILMN_3272545	3130019
ILMN_3267523	290446
ILMN_3182877	2030379
ILMN_3180855	730280
ILMN_3192813	5810360
ILMN_3268414	2810220
ILMN_3187612	4280309
ILMN_3260618	620026
ILMN_3180196	2320743
ILMN_3261576	5670564
ILMN_3269191	1400470
ILMN_3273252	4830735
ILMN_3268938	6100152
ILMN_3179148	6330450
ILMN_3184978	1190242
ILMN_3261439	3610427
ILMN_3194797	7040364
ILMN_3178585	5340075
ILMN_3252901	5550754
ILMN_3242507	6380270
ILMN_3271081	4250278
ILMN_3178553	380497
ILMN_3269812	1430451
ILMN_3257482	5700553
ILMN_3254515	3420681
ILMN_3178058	3440180
ILMN_3262413	10524
ILMN_3175669	5910040
ILMN_3272977	2260022
ILMN_3179358	4890196
ILMN_3271300	3360204
ILMN_3263656	2650307
ILMN_3182893	6040576
ILMN_3257564	6560435
ILMN_3237165	7150593
ILMN_3258594	5700372
ILMN_3270248	6480047
ILMN_3259096	3890575
ILMN_3255699	2350341
ILMN_3266399	4200681
ILMN_3239920	10553
ILMN_3176746	2810113
ILMN_3266964	2850709
ILMN_3255679	50102
ILMN_3193299	3440131
ILMN_3266666	70176
ILMN_3189518	1510446
ILMN_3269310	6940370
ILMN_3263393	2350376
ILMN_3252724	1410431
ILMN_3193238	4570338
ILMN_3270429	4150445
ILMN_3189621	5360139
ILMN_3265824	1770280
ILMN_3266506	4290008
ILMN_3175358	4850324
ILMN_3188655	3830377
ILMN_3264651	2120386
ILMN_3188180	7550037
ILMN_3184980	3310020
ILMN_3268403	3140114
ILMN_3255805	4280494
ILMN_3253646	840719
ILMN_3193186	2190746
ILMN_3269652	4290138
ILMN_3182017	630703
ILMN_3176840	4070402
ILMN_3259251	5130026
ILMN_3260070	10152
ILMN_3191695	520427
ILMN_3232823	4850639
ILMN_3233698	7400386
ILMN_3176790	2710086
ILMN_3259829	6900598
ILMN_3184457	110093
ILMN_3260920	2100180
ILMN_3253787	50075
ILMN_3244821	2140474
ILMN_3181284	4610181
ILMN_3231433	6450519
ILMN_3235637	2630246
ILMN_3258027	2490110
ILMN_3249338	6760014
ILMN_3263384	5090725
ILMN_3192493	6650309
ILMN_3252969	6590487
ILMN_3191149	1570270
ILMN_3267612	5720279
ILMN_3190417	3450132
ILMN_3195497	940482
ILMN_3270922	6100377
ILMN_3191971	1300100
ILMN_3270021	540528
ILMN_3257496	5340326
ILMN_3234291	1430270
ILMN_3183620	5570465
ILMN_3182005	2230301
ILMN_3259726	3180114
ILMN_3258951	50561
ILMN_3256986	2710246
ILMN_3192482	5090139
ILMN_3268954	5130402
ILMN_3188467	1110414
ILMN_3256789	2070465
ILMN_3265761	4010484
ILMN_3257233	4890424
ILMN_3192102	5670358
ILMN_3268165	2970739
ILMN_3273431	6040564
ILMN_3259741	2630608
ILMN_3272826	160349
ILMN_3270760	4230154
ILMN_3262960	150333
ILMN_3186497	7330328
ILMN_3193560	6060072
ILMN_3271065	6250592
ILMN_3273788	4850220
ILMN_3273990	4150470
ILMN_3187133	4490746
ILMN_3260388	3140474
ILMN_3185087	5340647
ILMN_3267162	540324
ILMN_3185045	6350026
ILMN_3181473	6450338
ILMN_3265228	2750576
ILMN_3265147	4230022
ILMN_3189113	450066
ILMN_3248207	2690465
ILMN_3184148	5340176
ILMN_3232048	7150315
ILMN_3261122	1770427
ILMN_3192446	990242
ILMN_3268914	1230209
ILMN_3264462	1070349
ILMN_3266492	2710167
ILMN_3176959	3130273
ILMN_3263081	1190577
ILMN_3177354	6650390
ILMN_3247606	6200170
ILMN_3262768	3180592
ILMN_3184010	4150653
ILMN_3260469	4210168
ILMN_3191655	6660504
ILMN_3268195	7400138
ILMN_3176243	5560220
ILMN_3187283	1340403
ILMN_3179324	4220735
ILMN_3264262	1340333
ILMN_3187792	4540343
ILMN_3249506	6480187
ILMN_3256693	5360209
ILMN_3259081	4780017
ILMN_3192419	3450044
ILMN_3256674	5720541
ILMN_3176902	5310193
ILMN_3231008	7100600
ILMN_3256184	2760474
ILMN_3255792	780170
ILMN_3233071	1690017
ILMN_3268152	6510224
ILMN_3262849	460452
ILMN_3186390	5670431
ILMN_3253854	7000477
ILMN_3188062	4060709
ILMN_3262840	4290739
ILMN_3186437	20743
ILMN_3262895	2490528
ILMN_3183789	2230349
ILMN_3270542	7210474
ILMN_3193791	6040164
ILMN_3266159	5080703
ILMN_3268475	2600082
ILMN_3192003	3850132
ILMN_3262011	5310484
ILMN_3234197	150673
ILMN_3185278	5860326
ILMN_3259174	1440025
ILMN_3182712	5090170
ILMN_3252093	5260100
ILMN_3271849	2340333
ILMN_3269291	5870376
ILMN_3255765	4040537
ILMN_3179304	4250615
ILMN_3269369	2710398
ILMN_3267085	6220707
ILMN_3254685	4890020
ILMN_3237079	4570452
ILMN_3258678	1450692
ILMN_3182215	1820017
ILMN_3185495	5900386
ILMN_3261963	7400360
ILMN_3264481	6480576
ILMN_3175415	6660687
ILMN_3251868	7550609
ILMN_3189652	3780202
ILMN_3190442	290711
ILMN_3271625	5310731
ILMN_3192687	1820437
ILMN_3269154	3890050
ILMN_3182402	5360152
ILMN_3254306	2480484
ILMN_3253038	3440255
ILMN_3268752	460671
ILMN_3182189	2190202
ILMN_3257162	1570682
ILMN_3181452	7380437
ILMN_3179067	3710360
ILMN_3251776	5870689
ILMN_3235727	2850519
ILMN_3183475	6250711
ILMN_3254040	7330202
ILMN_3190570	7650044
ILMN_3263243	20008
ILMN_3186782	20592
ILMN_3273399	1440523
ILMN_3177689	5130491
ILMN_3254147	7050341
ILMN_3253310	7550390
ILMN_3185313	1580176
ILMN_3261175	2190768
ILMN_3251837	2630075
ILMN_3234152	1430482
ILMN_3232908	3120349
ILMN_3188342	3990220
ILMN_3257342	4900494
ILMN_3272723	1740095
ILMN_3181828	3800356
ILMN_3178298	7510324
ILMN_3176954	3800138
ILMN_3268083	7380133
ILMN_3271711	870100
ILMN_3193231	360739
ILMN_3259973	7160537
ILMN_3270368	1510477
ILMN_3193903	4180075
ILMN_3255555	7550170
ILMN_3183065	5270192
ILMN_3179628	3140370
ILMN_3268398	6760348
ILMN_3258717	2710181
ILMN_3261747	3940544
ILMN_3247452	5130142
ILMN_3271218	1090538
ILMN_3194755	3170148
ILMN_3177323	2750068
ILMN_3184595	5390044
ILMN_3182822	3930753
ILMN_3259283	7330348
ILMN_3190337	1780609
ILMN_3266802	6560278
ILMN_3256636	6290682
ILMN_3261554	990360
ILMN_3185092	1230674
ILMN_3238411	4260241
ILMN_3187530	4730202
ILMN_3232912	6420484
ILMN_3185130	5560035
ILMN_3261594	7610095
ILMN_3187231	4390528
ILMN_3263694	5900241
ILMN_3271179	130487
ILMN_3191636	510523
ILMN_3255978	3800767
ILMN_3267674	2970048
ILMN_3258313	2760167
ILMN_3268028	2070193
ILMN_3185020	6450615
ILMN_3266711	940215
ILMN_3190247	6980239
ILMN_3187763	770279
ILMN_3266894	1340482
ILMN_3177615	6130398
ILMN_3249147	6770482
ILMN_3195658	1340451
ILMN_3272129	1690639
ILMN_3191893	110537
ILMN_3270559	5420468
ILMN_3195954	110360
ILMN_3272424	6420228
ILMN_3181507	1500437
ILMN_3270629	2350180
ILMN_3253755	2190600
ILMN_3181881	4490619
ILMN_3252338	450274
ILMN_3186503	6420706
ILMN_3255668	6900678
ILMN_3181310	1190671
ILMN_3256228	3440433
ILMN_3258657	6660148
ILMN_3188196	6860598
ILMN_3178826	5130279
ILMN_3255720	1010112
ILMN_3181783	1780519
ILMN_3265356	3360142
ILMN_3263702	6760674
ILMN_3176832	5220600
ILMN_3258356	2190192
ILMN_3262020	6020403
ILMN_3177454	7560537
ILMN_3191393	1770100
ILMN_3178013	5820541
ILMN_3254481	7550671
ILMN_3269225	6840070
ILMN_3269484	6380725
ILMN_3252158	4120242
ILMN_3179994	4540019
ILMN_3268238	6400440
ILMN_3191192	6560102
ILMN_3190192	5260296
ILMN_3266851	7320475
ILMN_3259884	4880474
ILMN_3184670	6960474
ILMN_3187648	1470220
ILMN_3274006	4210576
ILMN_3182863	4570619
ILMN_3259761	3390670
ILMN_3272347	7050672
ILMN_3270473	460546
ILMN_3176146	6860523
ILMN_3267831	5390521
ILMN_3259909	2680152
ILMN_3253031	130767
ILMN_3194493	3420315
ILMN_3267760	3610053
ILMN_3274024	2000543
ILMN_3273247	3990398
ILMN_3272764	6220204
ILMN_3196296	6900338
ILMN_3191588	7000673
ILMN_3192439	6660215
ILMN_3268911	6960240
ILMN_3254108	3610131
ILMN_3191831	3890487
ILMN_3264549	3610086
ILMN_3185144	650162
ILMN_3247434	5860725
ILMN_3267275	2570681
ILMN_3268547	4830528
ILMN_3182304	3060762
ILMN_3262300	580437
ILMN_3180294	650411
ILMN_3190167	3180228
ILMN_3256009	4220685
ILMN_3194711	3310270
ILMN_3234254	3800669
ILMN_3253692	1260639
ILMN_3186462	2600563
ILMN_3256029	3140025
ILMN_3179565	5550364
ILMN_3184502	990452
ILMN_3267429	3130670
ILMN_3191918	7210053
ILMN_3193858	830669
ILMN_3197504	2360092
ILMN_3263423	110097
ILMN_3267017	2900500
ILMN_3256725	290066
ILMN_3252750	5960315
ILMN_3256478	6590349
ILMN_3259977	2030435
ILMN_3180843	3170743
ILMN_3260101	1050594
ILMN_3269995	70082
ILMN_3185118	5820519
ILMN_3267076	7510241
ILMN_3189463	6980315
ILMN_3238491	5550609
ILMN_3176268	4480379
ILMN_3269108	7550543
ILMN_3268932	1300767
ILMN_3192377	4640546
ILMN_3191369	2030040
ILMN_3176561	4900390
ILMN_3235051	4540086
ILMN_3188174	450433
ILMN_3187836	1090673
ILMN_3264308	3840019
ILMN_3234081	2690438
ILMN_3189972	7040743
ILMN_3247743	3520091
ILMN_3192780	1090095
ILMN_3269245	1190747
ILMN_3187554	3460674
ILMN_3262263	6290274
ILMN_3187758	6860167
ILMN_3236481	4760397
ILMN_3191239	2680653
ILMN_3263601	2060673
ILMN_3187470	5130722
ILMN_3176937	4480131
ILMN_3259148	5310452
ILMN_3266304	4880228
ILMN_3269351	4670632
ILMN_3194581	4640619
ILMN_3255144	5560324
ILMN_3254973	6380279
ILMN_3268199	4560563
ILMN_3258424	1690021
ILMN_3181963	3710181
ILMN_3269377	4070039
ILMN_3178471	5810438
ILMN_3181833	7610458
ILMN_3232519	3400376
ILMN_3183143	4610370
ILMN_3258046	6590563
ILMN_3270676	460324
ILMN_3187873	4260541
ILMN_3272996	6270131
ILMN_3253891	5360564
ILMN_3192046	6400601
ILMN_3193999	670438
ILMN_3273996	7320192
ILMN_3177833	4230594
ILMN_3254292	6130187
ILMN_3183318	2100195
ILMN_3266482	2570368
ILMN_3271724	20255
ILMN_3264711	1770066
ILMN_3191541	780037
ILMN_3272441	1170242
ILMN_3268023	1300181
ILMN_3272518	4900164
ILMN_3262156	4260670
ILMN_3265193	4050538
ILMN_3187210	7510278
ILMN_3252359	3390035
ILMN_3178830	450332
ILMN_3264753	5490735
ILMN_3266669	2350577
ILMN_3192289	4570113
ILMN_3263099	5810494
ILMN_3265014	3360730
ILMN_3267304	1690754
ILMN_3263918	6330750
ILMN_3261514	2600687
ILMN_3185052	2900615
ILMN_3262669	4860026
ILMN_3238053	4210551
ILMN_3253120	730437
ILMN_3255642	1050441
ILMN_3269123	2120010
ILMN_3184315	4010563
ILMN_3178278	1820707
ILMN_3181759	7570731
ILMN_3268832	5390242
ILMN_3191263	1710327
ILMN_3261387	110544
ILMN_3191668	430280
ILMN_3192316	1690075
ILMN_3268784	5390678
ILMN_3260721	5340014
ILMN_3259774	2570711
ILMN_3267476	6480463
ILMN_3253850	4490075
ILMN_3259236	1440544
ILMN_3260982	2000736
ILMN_3184518	6110450
ILMN_3191227	5270551
ILMN_3265208	5550411
ILMN_3263940	1500092
ILMN_3260111	4040577
ILMN_3180420	7570546
ILMN_3238067	270324
ILMN_3272227	2760356
ILMN_3253314	3870626
ILMN_3176853	7550717
ILMN_3187273	3290039
ILMN_3265183	6760215
ILMN_3177042	3440609
ILMN_3256017	6620376
ILMN_3187741	2060484
ILMN_3178397	1170563
ILMN_3270813	7200646
ILMN_3244041	6180519
ILMN_3255931	1070671
ILMN_3255569	630414
ILMN_3191988	6330390
ILMN_3273363	1470139
ILMN_3268707	6040273
ILMN_3259213	1510754
ILMN_3272356	3290450
ILMN_3176064	6130594
ILMN_3187362	1570136
ILMN_3255598	4050273
ILMN_3261601	6020367
ILMN_3256748	780121
ILMN_3191902	6960360
ILMN_3273456	3310762
ILMN_3270846	360360
ILMN_3181916	1820121
ILMN_3180628	3520017
ILMN_3243603	1030075
ILMN_3268214	3140278
ILMN_3252621	650086
ILMN_3264112	290095
ILMN_3258546	3780070
ILMN_3265021	5670086
ILMN_3263076	7380438
ILMN_3181136	7560050
ILMN_3178252	4250133
ILMN_3183573	3180598
ILMN_3255260	7200669
ILMN_3272436	6520762
ILMN_3236965	2340286
ILMN_3259124	4560615
ILMN_3193687	4220196
ILMN_3267568	5570408
ILMN_3182996	6270026
ILMN_3235690	1990463
ILMN_3178295	2570047
ILMN_3258698	150685
ILMN_3179396	2850093
ILMN_3190392	2260273
ILMN_3252072	6770328
ILMN_3181221	150168
ILMN_3187843	540187
ILMN_3270043	5290112
ILMN_3268962	6220215
ILMN_3194217	150521
ILMN_3270683	2320131
ILMN_3179844	2000463
ILMN_3254413	6510082
ILMN_3270479	1030537
ILMN_3273185	840468
ILMN_3183896	4490601
ILMN_3256894	1030019
ILMN_3178544	6040239
ILMN_3182020	2490619
ILMN_3185234	6110278
ILMN_3240773	6060270
ILMN_3177250	6520070
ILMN_3267852	2650296
ILMN_3190465	3120376
ILMN_3251901	1110193
ILMN_3176214	1850707
ILMN_3256751	1770139
ILMN_3180291	3450152
ILMN_3182868	3780497
ILMN_3259809	380487
ILMN_3183346	460703
ILMN_3265505	6510138
ILMN_3180960	1410220
ILMN_3257429	6420187
ILMN_3254519	6200274
ILMN_3255741	4070653
ILMN_3252167	160767
ILMN_3187744	4730095
ILMN_3269342	4230551
ILMN_3269141	2810711
ILMN_3261342	4200066
ILMN_3259138	6840687
ILMN_3266294	4280619
ILMN_3181397	4830537
ILMN_3265143	520192
ILMN_3257178	2000639
ILMN_3272658	6400343
ILMN_3181723	7000021
ILMN_3187903	4880326
ILMN_3270993	6020500
ILMN_3191416	3940176
ILMN_3251910	6270438
ILMN_3182735	3400059
ILMN_3272096	6580546
ILMN_3182120	6620575
ILMN_3271952	1980025
ILMN_3251820	2850070
ILMN_3273222	7330088
ILMN_3248132	610687
ILMN_3255336	7210370
ILMN_3181543	6020484
ILMN_3194248	1940152
ILMN_3269373	5420056
ILMN_3272733	1820553
ILMN_3269052	6370347
ILMN_3252446	7570768
ILMN_3270833	1410577
ILMN_3255511	6760575
ILMN_3236239	7000328
ILMN_3232254	2810021
ILMN_3188722	3170731
ILMN_3190596	5700615
ILMN_3266128	4390167
ILMN_3259176	430021
ILMN_3264822	270528
ILMN_3188357	2630465
ILMN_3266471	5700367
ILMN_3185263	10762
ILMN_3234410	2490326
ILMN_3184741	2510273
ILMN_3267012	3520132
ILMN_3193918	6650647
ILMN_3267777	7380187
ILMN_3177271	6100626
ILMN_3256868	6550093
ILMN_3269852	3180711
ILMN_3252960	2510128
ILMN_3266944	5290220
ILMN_3257145	1660131
ILMN_3263007	6550736
ILMN_3259899	3710279
ILMN_3260859	3120026
ILMN_3184950	2450523
ILMN_3188541	3710112
ILMN_3272546	1230050
ILMN_3259185	3990369
ILMN_3191898	6100025
ILMN_3268119	5810082
ILMN_3264989	6040059
ILMN_3269021	4050520
ILMN_3186902	4120274
ILMN_3236732	940369
ILMN_3258171	4730008
ILMN_3177654	2120241
ILMN_3270804	7000020
ILMN_3255971	1820593
ILMN_3254492	2850142
ILMN_3182451	1450494
ILMN_3258914	3990209
ILMN_3271138	5130048
ILMN_3270430	1240373
ILMN_3193623	580626
ILMN_3251876	2680707
ILMN_3254278	6840296
ILMN_3183794	6980273
ILMN_3264387	1340112
ILMN_3259374	1010273
ILMN_3182912	6130647
ILMN_3263968	2760746
ILMN_3241692	1430288
ILMN_3179620	4040343
ILMN_3268717	6020709
ILMN_3252033	270707
ILMN_3193094	450307
ILMN_3259146	5820424
ILMN_3182762	6620730
ILMN_3259223	7560215
ILMN_3270528	360088
ILMN_3194067	4480184
ILMN_3182069	3800592
ILMN_3263290	4590672
ILMN_3252185	3400561
ILMN_3268919	4880270
ILMN_3187595	6900451
ILMN_3183003	3890112
ILMN_3189252	7570431
ILMN_3255269	4590735
ILMN_3259553	3290201
ILMN_3188631	6510242
ILMN_3260133	4810113
ILMN_3235196	4260487
ILMN_3264629	110131
ILMN_3188162	4540438
ILMN_3180831	1510273
ILMN_3264066	1940168
ILMN_3187628	3130717
ILMN_3187435	3290762
ILMN_3268507	2100523
ILMN_3192034	2850296
ILMN_3190226	4230114
ILMN_3271122	2490341
ILMN_3269006	3870019
ILMN_3271581	20215
ILMN_3195119	1240500
ILMN_3188449	5560274
ILMN_3254819	5560332
ILMN_3254322	540598
ILMN_3254984	6980482
ILMN_3269460	1820717
ILMN_3187754	6840332
ILMN_3185223	1430612
ILMN_3273069	6420717
ILMN_3262761	5560113
ILMN_3273229	1940427
ILMN_3260546	2650291
ILMN_3266783	1050066
ILMN_3176709	6330162
ILMN_3273144	380735
ILMN_3180498	5340554
ILMN_3270310	2900376
ILMN_3183755	5870601
ILMN_3267232	4390653
ILMN_3252785	1030307
ILMN_3181347	1030669
ILMN_3272714	4390598
ILMN_3182422	4810014
ILMN_3253560	6220609
ILMN_3176828	4490170
ILMN_3254666	1340204
ILMN_3185429	6590066
ILMN_3262645	1440328
ILMN_3184682	3120273
ILMN_3189005	1050673
ILMN_3254046	5870717
ILMN_3259180	6250725
ILMN_3249161	290202
ILMN_3176202	2810161
ILMN_3273198	5220092
ILMN_3257475	1230064
ILMN_3181011	6110612
ILMN_3268304	7570152
ILMN_3184582	1260671
ILMN_3255770	4830703
ILMN_3179309	5670689
ILMN_3268697	1170575
ILMN_3178621	2360368
ILMN_3270411	1010193
ILMN_3188593	3460403
ILMN_3256742	6420563
ILMN_3259736	2100326
ILMN_3187403	1470639
ILMN_3263864	1510619
ILMN_3261022	2760392
ILMN_3271587	5080630
ILMN_3190019	5310156
ILMN_3262217	5360369
ILMN_3194432	1440392
ILMN_3270896	5270026
ILMN_3270315	940196
ILMN_3181356	2230180
ILMN_3263585	2510537
ILMN_3187713	3610504
ILMN_3269904	1260414
ILMN_3266725	4490427
ILMN_3177840	4050482
ILMN_3188800	1740609
ILMN_3270626	1430300
ILMN_3252395	6590128
ILMN_3272374	290553
ILMN_3195903	5910707
ILMN_3253637	3800082
ILMN_3177176	6620280
ILMN_3255826	450259
ILMN_3267309	4230288
ILMN_3259687	6450441
ILMN_3259712	6450010
ILMN_3263533	2120382
ILMN_3182942	1050300
ILMN_3263018	3390064
ILMN_3191030	2750767
ILMN_3255035	5890438
ILMN_3187300	1170414
ILMN_3272590	6520242
ILMN_3261875	6660246
ILMN_3193796	670168
ILMN_3271858	7000538
ILMN_3187479	5390746
ILMN_3188132	1400730
ILMN_3255202	4120706
ILMN_3258499	3370477
ILMN_3234948	2000360
ILMN_3256004	270397
ILMN_3267286	3440719
ILMN_3268067	1240463
ILMN_3191596	6020411
ILMN_3258346	2060750
ILMN_3187586	2510747
ILMN_3269005	4050035
ILMN_3258730	70626
ILMN_3179802	730441
ILMN_3238031	2340022
ILMN_3248460	460400
ILMN_3187379	7320142
ILMN_3261345	4890519
ILMN_3194394	6370114
ILMN_3270859	7400441
ILMN_3252903	4610605
ILMN_3270442	3170307
ILMN_3264073	290370
ILMN_3187429	520475
ILMN_3178284	1430095
ILMN_3259560	5870092
ILMN_3182981	5860685
ILMN_3260465	2640333
ILMN_3269076	6330292
ILMN_3239684	4590053
ILMN_3195563	7400563
ILMN_3195376	270270
ILMN_3273493	4760309
ILMN_3180409	7040561
ILMN_3262355	3990575
ILMN_3175715	5720239
ILMN_3267319	1190450
ILMN_3258887	3450482
ILMN_3252113	1770372
ILMN_3175662	3420468
ILMN_3262691	3190187
ILMN_3189188	60538
ILMN_3272267	7050739
ILMN_3271872	6420546
ILMN_3260148	4810360
ILMN_3238283	4540168
ILMN_3267559	1090019
ILMN_3183936	6580161
ILMN_3266014	4220671
ILMN_3273706	510639
ILMN_3189339	4260463
ILMN_3231667	5390332
ILMN_3233050	5570411
ILMN_3257864	3870672
ILMN_3181400	5360114
ILMN_3272613	2570072
ILMN_3179392	6580471
ILMN_3181439	4890653
ILMN_3263443	2900189
ILMN_3187317	4010722
ILMN_3247621	2340196
ILMN_3261938	2370167
ILMN_3188156	1070167
ILMN_3269119	6290577
ILMN_3272595	670626
ILMN_3256375	6760427
ILMN_3183544	5960646
ILMN_3266197	160324
ILMN_3259479	3310743
ILMN_3183990	5720259
ILMN_3178698	6180372
ILMN_3267820	4860377
ILMN_3181695	1510180
ILMN_3231979	2190398
ILMN_3181328	2360543
ILMN_3252795	5560292
ILMN_3253527	1470152
ILMN_3230403	450402
ILMN_3188099	2030224
ILMN_3233787	4900736
ILMN_3192398	380619
ILMN_3196109	990402
ILMN_3267333	5550161
ILMN_3188477	1470682
ILMN_3188976	1980253
ILMN_3237196	610612
ILMN_3244571	5960601
ILMN_3194276	1300653
ILMN_3231935	4180039
ILMN_3270706	4880398
ILMN_3244638	7330424
ILMN_3183470	5700682
ILMN_3272081	6770088
ILMN_3233132	10445
ILMN_3233091	2370324
ILMN_3189504	7650600
ILMN_3244833	6420139
ILMN_3272702	1300273
ILMN_3274045	2360390
ILMN_3272109	3400437
ILMN_3253990	6100167
ILMN_3186853	6980288
ILMN_3195138	3440050
ILMN_3248619	540369
ILMN_3255996	4390376
ILMN_3265833	830088
ILMN_3187770	1570041
ILMN_3273909	3870259
ILMN_3265338	6380520
ILMN_3270866	5050468
ILMN_3191861	50484
ILMN_3268329	3800414
ILMN_3274014	1820110
ILMN_3249566	5900070
ILMN_3188269	4760403
ILMN_3273365	7570441
ILMN_3253105	1710471
ILMN_3267800	2510446
ILMN_3184433	1710133
ILMN_3271128	110673
ILMN_3178320	620435
ILMN_3256445	6960070
ILMN_3190972	2760100
ILMN_3267438	5220364
ILMN_3248018	6220280
ILMN_3182487	6420762
ILMN_3190482	4220136
ILMN_3270853	7400634
ILMN_3181344	1770450
ILMN_3244935	4540181
ILMN_3183069	1770347
ILMN_3273768	4920609
ILMN_3237372	5720400
ILMN_3273829	2370309
ILMN_3188500	5220463
ILMN_3272522	6770047
ILMN_3231804	3190086
ILMN_3182898	4760687
ILMN_3273491	4590519
ILMN_3191789	4610092
ILMN_3269331	5550201
ILMN_3190283	6130689
ILMN_3263451	6760753
ILMN_3180071	240315
ILMN_3273017	4040670
ILMN_3259120	1430228
ILMN_3231538	20138
ILMN_3183750	7380753
ILMN_3272237	1660100
ILMN_3261837	2070475
ILMN_3262298	1770768
ILMN_3262629	4150022
ILMN_3175634	6480672
ILMN_3186408	7510465
ILMN_3258190	1660440
ILMN_3273065	4060044
ILMN_3256970	450482
ILMN_3260026	540575
ILMN_3180343	1940386
ILMN_3239757	6130709
ILMN_3258136	4180504
ILMN_3259593	6960634
ILMN_3181361	70563
ILMN_3265391	6060204
ILMN_3253404	3400113
ILMN_3269402	1090128
ILMN_3192934	4830192
ILMN_3242709	4570220
ILMN_3273499	3850037
ILMN_3188165	6370605
ILMN_3272101	1230326
ILMN_3269951	2190747
ILMN_3249311	2850739
ILMN_3176532	4890356
ILMN_3260932	5900576
ILMN_3192591	7550553
ILMN_3232282	2320382
ILMN_3193517	3190575
ILMN_3176040	5220047
ILMN_3176545	540538
ILMN_3268048	3940402
ILMN_3176916	430707
ILMN_3257283	6590241
ILMN_3191821	6040091
ILMN_3273898	7510730
ILMN_3271555	840722
ILMN_3187799	6480685
ILMN_3261982	1770682
ILMN_3268840	6960672
ILMN_3182936	4070477
ILMN_3270597	6960064
ILMN_3257004	520494
ILMN_3237022	3840209
ILMN_3273238	1940564
ILMN_3179762	2060168
ILMN_3258439	6960224
ILMN_3188190	4060156
ILMN_3266764	3130341
ILMN_3188869	6760521
ILMN_3247885	2810129
ILMN_3271000	6620154
ILMN_3251881	4610537
ILMN_3195456	6110397
ILMN_3263225	6110441
ILMN_3249553	20458
ILMN_3188124	130706
ILMN_3266775	5890431
ILMN_3231944	6380037
ILMN_3262337	6040474
ILMN_3261382	4210092
ILMN_3182768	430328
ILMN_3272741	7050639
ILMN_3177333	2850332
ILMN_3230723	3120424
ILMN_3246590	4060376
ILMN_3269944	2810370
ILMN_3255028	380477
ILMN_3234406	5220270
ILMN_3182885	7210735
ILMN_3188417	1500392
ILMN_3259164	4260181
ILMN_3191201	3140133
ILMN_3267670	4060224
ILMN_3252597	6480286
ILMN_3246360	6060523
ILMN_3252339	630719
ILMN_3268993	840136
ILMN_3244693	1570390
ILMN_3195815	1030762
ILMN_3265797	2120377
ILMN_3192836	3610373
ILMN_3269537	7150296
ILMN_3265401	4390767
ILMN_3264100	5090113
ILMN_3262542	6620110
ILMN_3263295	5270403
ILMN_3267638	6400075
ILMN_3271312	1770021
ILMN_3180456	3170138
ILMN_3264813	1740102
ILMN_3251944	3190682
ILMN_3185094	6060372
ILMN_3263375	650546
ILMN_3254978	20468
ILMN_3188772	5700706
ILMN_3263469	240343
ILMN_3181296	7150392
ILMN_3178890	5870451
ILMN_3272476	7210593
ILMN_3265343	1110707
ILMN_3177564	840615
ILMN_3254022	1400368
ILMN_3234813	7050397
ILMN_3259610	2450224
ILMN_3272689	4250608
ILMN_3186439	4780497
ILMN_3267739	5860768
ILMN_3269520	3370088
ILMN_3180780	4880427
ILMN_3236530	4590156
ILMN_3273257	2370563
ILMN_3177104	4850397
ILMN_3175797	4200632
ILMN_3272434	630746
ILMN_3175815	840019
ILMN_3252273	3850040
ILMN_3268246	5870161
ILMN_3192801	2030047
ILMN_3271831	2750730
ILMN_3187939	6250471
ILMN_3242551	6200154
ILMN_3189889	460075
ILMN_3193266	1940445
ILMN_3269956	6400471
ILMN_3238962	7570333
ILMN_3243419	1340575
ILMN_3230351	460500
ILMN_3231609	1070142
ILMN_3182102	5900671
ILMN_3181244	2600722
ILMN_3181379	2350709
ILMN_3183760	5090270
ILMN_3176894	6550021
ILMN_3187357	2260441
ILMN_3256540	3890100
ILMN_3254152	2750619
ILMN_3177691	4010541
ILMN_3262573	940292
ILMN_3188054	6520672
ILMN_3264828	4070753
ILMN_3188360	4730300
ILMN_3188517	4120435
ILMN_3256926	4670593
ILMN_3184334	2640280
ILMN_3273047	7000010
ILMN_3266027	3890184
ILMN_3186458	6770241
ILMN_3271244	4570301
ILMN_3273340	460189
ILMN_3181489	4060368
ILMN_3188094	1500121
ILMN_3266745	6860161
ILMN_3272243	5890575
ILMN_3189151	3310465
ILMN_3256723	7400242
ILMN_3252383	5080241
ILMN_3188023	6330431
ILMN_3256958	7040040
ILMN_3238312	770097
ILMN_3187378	4880577
ILMN_3252349	730161
ILMN_3184109	6200523
ILMN_3261449	6330240
ILMN_3266265	6370064
ILMN_3238353	4060377
ILMN_3264713	4230689
ILMN_3188245	7100327
ILMN_3188151	4560414
ILMN_3272576	3190736
ILMN_3189286	5420554
ILMN_3191166	1030091
ILMN_3267631	4730707
ILMN_3256712	1580750
ILMN_3238471	3520477
ILMN_3241675	1070201
ILMN_3265742	4900273
ILMN_3183517	770307
ILMN_3255087	1980048
ILMN_3187571	4670333
ILMN_3191913	1710626
ILMN_3268380	5560047
ILMN_3253606	6900358
ILMN_3192430	460315
ILMN_3232447	4230408
ILMN_3186158	6770521
ILMN_3190707	430612
ILMN_3230388	6020538
ILMN_3178273	3940037
ILMN_3258781	540026
ILMN_3268492	610088
ILMN_3246479	4200639
ILMN_3268675	2360279
ILMN_3192203	2600520
ILMN_3231108	1110053
ILMN_3259723	7210537
ILMN_3268590	7610132
ILMN_3183170	2570474
ILMN_3257335	5870047
ILMN_3241091	2120754
ILMN_3255029	1090408
ILMN_3187238	5220603
ILMN_3195253	5270735
ILMN_3266411	6180722
ILMN_3272838	3840615
ILMN_3271398	1580470
ILMN_3274119	130315
ILMN_3177991	3870685
ILMN_3269131	6940192
ILMN_3261611	1090458
ILMN_3185147	3460048
ILMN_3177167	240754
ILMN_3253627	6370110
ILMN_3255965	160133
ILMN_3183139	4880630
ILMN_3176090	2760719
ILMN_3182317	7040228
ILMN_3270823	7510280
ILMN_3235987	360672
ILMN_3258321	2570379
ILMN_3192156	5860619
ILMN_3268813	130520
ILMN_3254992	3290615
ILMN_3257856	6290037
ILMN_3177280	2340634
ILMN_3267609	4210356
ILMN_3261101	7320154
ILMN_3190666	7210561
ILMN_3181910	4670050
ILMN_3266517	4920482
ILMN_3185593	2120403
ILMN_3254462	2100181
ILMN_3266005	5570156
ILMN_3267142	4780035
ILMN_3267345	6760196
ILMN_3191502	6280358
ILMN_3262376	6510543
ILMN_3217332	1260242
ILMN_3199916	4640056
ILMN_3201192	160431
ILMN_3294119	2320048
ILMN_3238904	4610017
ILMN_3293007	870482
ILMN_3216496	3930471
ILMN_3283463	540687
ILMN_3206951	2230324
ILMN_3212616	2360047
ILMN_3296436	4010376
ILMN_3207366	780301
ILMN_3285446	2640148
ILMN_3248399	4570653
ILMN_3275595	10554
ILMN_3204874	2470138
ILMN_3284823	780112
ILMN_3200060	2370750
ILMN_3275026	2120367
ILMN_3211199	6840239
ILMN_3293210	5360377
ILMN_3216699	7040427
ILMN_3290446	3390086
ILMN_3286444	2900564
ILMN_3286470	6370072
ILMN_3286265	4200079
ILMN_3291320	3310528
ILMN_3290323	7550189
ILMN_3199483	4780500
ILMN_3280238	7050408
ILMN_3288242	3060333
ILMN_3274344	6520445
ILMN_3201960	6760048
ILMN_3213104	630300
ILMN_3280359	4010575
ILMN_3204720	240382
ILMN_3292970	4780368
ILMN_3293346	380730
ILMN_3199736	1410053
ILMN_3276203	6980681
ILMN_3200450	460079
ILMN_3276713	3780088
ILMN_3200234	4760181
ILMN_3296943	1780441
ILMN_3216365	6590136
ILMN_3217960	2510709
ILMN_3294484	4560168
ILMN_3288280	2260768
ILMN_3198679	4560224
ILMN_3287871	2810577
ILMN_3201334	6480044
ILMN_3279585	2850326
ILMN_3203729	3610468
ILMN_3202062	3990333
ILMN_3278538	4730441
ILMN_3285332	510537
ILMN_3200261	7400022
ILMN_3203609	1850671
ILMN_3291578	3520280
ILMN_3210304	1240408
ILMN_3286809	4480528
ILMN_3213406	1090612
ILMN_3293284	3290180
ILMN_3211833	5890228
ILMN_3294126	4830189
ILMN_3285762	10681
ILMN_3217354	460328
ILMN_3294405	6620717
ILMN_3211746	4760110
ILMN_3288245	6100201
ILMN_3204305	5690039
ILMN_3205258	7560689
ILMN_3205217	610671
ILMN_3281719	3890685
ILMN_3203059	2640370
ILMN_3200203	7160358
ILMN_3280860	2100424
ILMN_3235188	2970333
ILMN_3282740	520674
ILMN_3244698	3460044
ILMN_3202673	3140709
ILMN_3214477	4260037
ILMN_3276909	6280600
ILMN_3230973	2710162
ILMN_3214532	650735
ILMN_3283775	5690369
ILMN_3282726	6380253
ILMN_3206217	7400255
ILMN_3209220	290192
ILMN_3247582	4210487
ILMN_3287483	3180280
ILMN_3210986	4560333
ILMN_3203724	6900735
ILMN_3283782	7000075
ILMN_3232057	620608
ILMN_3202942	3420209
ILMN_3231183	7650274
ILMN_3287144	6270270
ILMN_3203550	4120575
ILMN_3295503	5860070
ILMN_3275729	6250286
ILMN_3202301	380187
ILMN_3293258	3180270
ILMN_3199772	6590762
ILMN_3286845	2000730
ILMN_3294028	3440722
ILMN_3278357	2140215
ILMN_3202353	2490010
ILMN_3289262	4850307
ILMN_3204040	6770685
ILMN_3294612	240292
ILMN_3218084	1780746
ILMN_3248076	4490672
ILMN_3199628	2230445
ILMN_3276095	4730477
ILMN_3286523	3850554
ILMN_3282495	3140674
ILMN_3289297	2710010
ILMN_3209477	4250424
ILMN_3199697	940167
ILMN_3294339	4250039
ILMN_3286403	1980307
ILMN_3295917	450767
ILMN_3205353	4670598
ILMN_3200106	4150427
ILMN_3278208	6270441
ILMN_3200652	2480707
ILMN_3283455	6980296
ILMN_3201163	1340341
ILMN_3279881	3190653
ILMN_3211343	1450747
ILMN_3287840	6980438
ILMN_3287488	10288
ILMN_3282382	1820475
ILMN_3215992	4780594
ILMN_3203625	1740138
ILMN_3280126	7100400
ILMN_3294071	2030239
ILMN_3246783	3710070
ILMN_3239357	990681
ILMN_3290715	1510411
ILMN_3214213	6980368
ILMN_3278070	1850050
ILMN_3203815	6770021
ILMN_3212737	5420500
ILMN_3283996	150411
ILMN_3208344	5420138
ILMN_3218721	6350433
ILMN_3285343	430370
ILMN_3208833	3130161
ILMN_3278835	3610524
ILMN_3234605	1690382
ILMN_3215367	1940025
ILMN_3296087	2690112
ILMN_3219558	6960343
ILMN_3242572	3930465
ILMN_3209156	6510682
ILMN_3282387	5490192
ILMN_3274578	360538
ILMN_3247380	4560703
ILMN_3293676	580170
ILMN_3293127	4730307
ILMN_3216902	6560168
ILMN_3289764	3180139
ILMN_3278879	2000333
ILMN_3237897	2320138
ILMN_3284545	540497
ILMN_3282263	3870609
ILMN_3209755	6760390
ILMN_3280695	2750021
ILMN_3204189	6620674
ILMN_3287874	5550670
ILMN_3293749	7040138
ILMN_3213444	4540767
ILMN_3296811	7160482
ILMN_3202832	3460603
ILMN_3279320	7200026
ILMN_3215552	1440010
ILMN_3283695	6520348
ILMN_3285159	1110441
ILMN_3236294	4860414
ILMN_3282632	6940743
ILMN_3294268	5870240
ILMN_3247190	3370114
ILMN_3204908	1430674
ILMN_3292853	5870343
ILMN_3294011	2320349
ILMN_3291673	3930463
ILMN_3283114	5890670
ILMN_3201138	3800609
ILMN_3239930	10088
ILMN_3289779	6380546
ILMN_3280926	6350519
ILMN_3240502	1190014
ILMN_3275071	4480020
ILMN_3213761	4390296
ILMN_3296040	7650753
ILMN_3206986	7160367
ILMN_3244723	5720719
ILMN_3287153	5960403
ILMN_3219534	4280152
ILMN_3288731	4260719
ILMN_3238425	7560167
ILMN_3292114	1190369
ILMN_3291063	380095
ILMN_3214558	1400189
ILMN_3230517	3060576
ILMN_3215392	6510730
ILMN_3235685	4670739
ILMN_3287324	5420082
ILMN_3241715	2640152
ILMN_3280496	2900022
ILMN_3213727	1010204
ILMN_3290232	1500537
ILMN_3295075	7610259
ILMN_3291556	2810433
ILMN_3215047	3610044
ILMN_3276071	6550577
ILMN_3218305	6290364
ILMN_3285162	1440577
ILMN_3205910	2100491
ILMN_3201183	3850195
ILMN_3294114	5890079
ILMN_3291614	2350608
ILMN_3199538	1780044
ILMN_3211262	3800180
ILMN_3232926	4860110
ILMN_3239475	360451
ILMN_3293734	6650528
ILMN_3282578	6960180
ILMN_3208191	3060551
ILMN_3207087	2070452
ILMN_3286594	2260706
ILMN_3289171	6350440
ILMN_3274247	4540142
ILMN_3200281	6480437
ILMN_3211707	290092
ILMN_3288210	4180543
ILMN_3287855	5570377
ILMN_3209330	4070093
ILMN_3282061	4150088
ILMN_3289057	5270202
ILMN_3238869	2260167
ILMN_3283866	450022
ILMN_3202242	2370086
ILMN_3278345	3360682
ILMN_3202306	2450746
ILMN_3232389	1190092
ILMN_3208780	4730259
ILMN_3230845	5270397
ILMN_3292224	1710192
ILMN_3215712	4280044
ILMN_3234910	2120291
ILMN_3283225	4730097
ILMN_3246525	7320128
ILMN_3293949	620746
ILMN_3289182	110725
ILMN_3288183	6980537
ILMN_3202576	2940315
ILMN_3288525	7000730
ILMN_3278287	3450474
ILMN_3280382	7050520
ILMN_3290870	1260259
ILMN_3287722	3140554
ILMN_3296076	360189
ILMN_3219542	3520646
ILMN_3217577	7650170
ILMN_3279210	580039
ILMN_3202729	770220
ILMN_3211472	4250754
ILMN_3275137	4590309
ILMN_3287219	3400400
ILMN_3203126	3940300
ILMN_3242349	4120204
ILMN_3279863	3140195
ILMN_3279144	3610411
ILMN_3200539	3930370
ILMN_3294637	2230348
ILMN_3212007	4120523
ILMN_3279927	1340754
ILMN_3284036	3120703
ILMN_3203878	4210672
ILMN_3280459	4590747
ILMN_3274973	5050142
ILMN_3211641	7000487
ILMN_3275337	7320184
ILMN_3210464	1070026
ILMN_3296840	6350450
ILMN_3284078	1850224
ILMN_3289302	270041
ILMN_3200555	1470131
ILMN_3245748	4860053
ILMN_3292711	3460717
ILMN_3216195	7510669
ILMN_3199743	3140035
ILMN_3245738	6450270
ILMN_3295946	2000598
ILMN_3219340	7210026
ILMN_3236304	4590136
ILMN_3231550	3780494
ILMN_3204668	4390424
ILMN_3281383	3310100
ILMN_3204878	6290647
ILMN_3235180	2480685
ILMN_3292990	5960307
ILMN_3292155	3450376
ILMN_3214579	5340239
ILMN_3208818	4180253
ILMN_3208233	3830246
ILMN_3280294	3290072
ILMN_3206827	7380053
ILMN_3210604	6330543
ILMN_3200885	6450114
ILMN_3293244	510593
ILMN_3280331	2940128
ILMN_3200560	6420072
ILMN_3289897	6180471
ILMN_3205523	1400327
ILMN_3282034	4920114
ILMN_3277152	2360170
ILMN_3200673	4730327
ILMN_3281365	6020131
ILMN_3206679	1570475
ILMN_3244949	1110148
ILMN_3289287	450709
ILMN_3207073	6860360
ILMN_3291828	2370491
ILMN_3286286	3800187
ILMN_3244300	2510398
ILMN_3288587	4200056
ILMN_3285742	3930647
ILMN_3199974	4830377
ILMN_3214384	1240204
ILMN_3290889	4640685
ILMN_3288840	770576
ILMN_3212340	4880722
ILMN_3209832	5260360
ILMN_3281470	3290678
ILMN_3282745	3850653
ILMN_3212051	6940411
ILMN_3209563	60068
ILMN_3233254	5670204
ILMN_3289079	1710086
ILMN_3201840	7040370
ILMN_3292013	1660326
ILMN_3202521	4570010
ILMN_3209734	2230753
ILMN_3282897	5360286
ILMN_3215006	1300484
ILMN_3280998	6100292
ILMN_3243568	2320301
ILMN_3292528	2100674
ILMN_3236284	5720215
ILMN_3247797	7560626
ILMN_3204808	1710110
ILMN_3281309	3390349
ILMN_3204903	1690292
ILMN_3281855	6560095
ILMN_3241127	2760632
ILMN_3284000	5080176
ILMN_3204275	4640093
ILMN_3286490	5890037
ILMN_3208014	3610215
ILMN_3275106	4890358
ILMN_3239799	6290209
ILMN_3216684	2970010
ILMN_3230315	4290523
ILMN_3218364	130482
ILMN_3282517	1340392
ILMN_3239907	6290521
ILMN_3203636	6020189
ILMN_3232869	7050307
ILMN_3248795	1470156
ILMN_3203507	1660202
ILMN_3274299	1470167
ILMN_3201876	6040482
ILMN_3293229	3310689
ILMN_3216720	5720196
ILMN_3296181	3310138
ILMN_3214230	730328
ILMN_3284420	1990692
ILMN_3204346	20722
ILMN_3244733	4810215
ILMN_3200189	4220008
ILMN_3277082	5360722
ILMN_3275489	6650603
ILMN_3282245	830070
ILMN_3198715	6020730
ILMN_3296509	4180414
ILMN_3242137	360468
ILMN_3235373	2480474
ILMN_3290699	3180390
ILMN_3275696	360612
ILMN_3208216	6130605
ILMN_3290743	6110164
ILMN_3233354	3850609
ILMN_3279611	2970678
ILMN_3208811	6130719
ILMN_3203116	60195
ILMN_3243356	3460482
ILMN_3249613	4830369
ILMN_3244014	5270154
ILMN_3239084	2750397
ILMN_3240490	3420563
ILMN_3291511	3310241
ILMN_3239455	990292
ILMN_3274646	4200609
ILMN_3238377	6450112
ILMN_3238291	4920128
ILMN_3241350	4570477
ILMN_3239803	5560553
ILMN_3239846	7560066
ILMN_3245093	5690136
ILMN_3276933	460377
ILMN_3216811	5220156
ILMN_3215461	4890239
ILMN_3235449	1580288
ILMN_3246864	6940326
ILMN_3248747	5820019
ILMN_3290635	2350100
ILMN_3235446	1070468
ILMN_3235021	6510551
ILMN_3248157	840274
ILMN_3246599	50554
ILMN_3278809	4780543
ILMN_3247979	4920592
ILMN_3246789	4390341
ILMN_3246051	2190095
ILMN_3290340	4670136
ILMN_3242953	2810301
ILMN_3283664	1110343
ILMN_3237734	2690377
ILMN_3244314	6130010
ILMN_3248049	4390093
ILMN_3285568	6900653
ILMN_3243821	3180121
ILMN_3237649	2350736
ILMN_3244611	4480176
ILMN_3248904	6280497
ILMN_3238643	4540711
ILMN_3208428	3460286
ILMN_3284939	4200563
ILMN_3238462	5820605
ILMN_3287058	1030370
ILMN_3201895	6200608
ILMN_3242777	4280563
ILMN_3239073	510131
ILMN_3236784	3830064
ILMN_3248164	3840682
ILMN_3237483	2970605
ILMN_3247050	5570019
ILMN_3241607	2970228
ILMN_3238694	2260392
ILMN_3274324	5810239
ILMN_3244841	1070041
ILMN_3238001	4560021
ILMN_3208264	3780184
ILMN_3296690	1340201
ILMN_3239598	6480228
ILMN_3247657	5420678
ILMN_3236694	2230612
ILMN_3248608	2640672
ILMN_3292297	3120674
ILMN_3248406	4810528
ILMN_3287784	7380494
ILMN_3236922	4850368
ILMN_3206290	5900301
ILMN_3247123	6350241
ILMN_3248273	3420280
ILMN_3245978	3130373
ILMN_3244333	830487
ILMN_3208347	3780086
ILMN_3236746	4670687
ILMN_3289730	290743
ILMN_3247529	780451
ILMN_3248423	4070072
ILMN_3239990	1030739
ILMN_3235932	6100528
ILMN_3200157	3400026
ILMN_3239004	1240348
ILMN_3219248	2120605
ILMN_3284009	2570215
ILMN_3238235	3060370
ILMN_3244856	3130491
ILMN_3242223	7200327
ILMN_3211028	5340634
ILMN_3284109	7610414
ILMN_3274206	1440561
ILMN_3215156	2320438
ILMN_3237712	2760327
ILMN_3237363	5260017
ILMN_3275206	650554
ILMN_3203196	3850288
ILMN_3246766	6060014
ILMN_3234788	5690541
ILMN_3292072	7510398
ILMN_3249262	6200538
ILMN_3246092	150324
ILMN_3249555	3930619
ILMN_3200972	5220630
ILMN_3282561	7610154
ILMN_3245654	5700438
ILMN_3240875	5690612
ILMN_3249210	7050753
ILMN_3234783	7100703
ILMN_3290546	460307
ILMN_2069322	5690017
ILMN_3247608	2260674
ILMN_3275345	7150414
ILMN_3246747	4590180
ILMN_3235617	240095
ILMN_3249261	780022
ILMN_3235031	6400575
ILMN_3238442	6660110
ILMN_3237655	5390086
ILMN_3200101	2360068
ILMN_3290288	6370608
ILMN_3236065	3800528
ILMN_3239307	1400685
ILMN_3241912	510072
ILMN_3238192	6560348
ILMN_3284020	1580239
ILMN_3245194	3930670
ILMN_3247781	1300358
ILMN_3249193	4280037
ILMN_3203688	2630039
ILMN_3237662	5080762
ILMN_3200688	6040047
ILMN_3249520	5220687
ILMN_3247857	5260577
ILMN_3238735	3930102
ILMN_3247390	4830768
ILMN_3276395	360180
ILMN_3199920	1300209
ILMN_3235046	4920220
ILMN_3205988	1110386
ILMN_3282496	6250279
ILMN_3279282	1190538
ILMN_3238516	1190114
ILMN_3201715	4880176
ILMN_3295101	4880768
ILMN_3247492	3170632
ILMN_3248260	1690138
ILMN_3241431	6100148
ILMN_3287312	5310215
ILMN_3200212	4010600
ILMN_3239135	6130576
ILMN_3249578	4670634
ILMN_3235003	2260504
ILMN_3245033	7400736
ILMN_3217625	270220
ILMN_3294146	2450475
ILMN_3245733	620598
ILMN_3239541	5860577
ILMN_3248180	290017
ILMN_3202448	780564
ILMN_3242357	5870754
ILMN_3275724	4390097
ILMN_3284177	6100082
ILMN_3240397	4070754
ILMN_3240038	150468
ILMN_3248541	2000326
ILMN_3280605	1070543
ILMN_3199172	5870050
ILMN_3248057	240386
ILMN_3249199	150632
ILMN_3247045	1260278
ILMN_3213640	4200326
ILMN_3241240	580603
ILMN_3242673	3400021
ILMN_3239339	430343
ILMN_3279219	5080600
ILMN_3240510	1740053
ILMN_3230464	6560259
ILMN_3278893	2680091
ILMN_3202418	2710241
ILMN_3236391	6040010
ILMN_3203534	2490039
ILMN_3247482	940368
ILMN_3240403	4760333
ILMN_3238921	1980731
ILMN_3241783	7320286
ILMN_3288161	3460537
ILMN_3238203	3710403
ILMN_3279130	150360
ILMN_3202653	1190189
ILMN_3236752	240626
ILMN_3284631	840739
ILMN_3201852	6350601
ILMN_3288268	2750066
ILMN_3241237	4890612
ILMN_3245586	1780220
ILMN_3293996	4390086
ILMN_3280402	5570553
ILMN_3281627	3120594
ILMN_3242800	4210528
ILMN_3241296	1010113
ILMN_3236079	6560554
ILMN_3246885	3120112
ILMN_3238401	4490646
ILMN_3279575	1450541
ILMN_3211677	2710138
ILMN_3288178	5720437
ILMN_3234436	4760754
ILMN_3219197	6330670
ILMN_3284503	840041
ILMN_3279757	2480097
ILMN_3203444	5340201
ILMN_3283032	5670142
ILMN_3246448	5050739
ILMN_3247297	5810369
ILMN_3236130	5910196
ILMN_3236325	70328
ILMN_3241335	2570403
ILMN_3241679	70564
ILMN_3220265	70711
ILMN_3296793	2230451
ILMN_3236507	4610279
ILMN_3248371	3990709
ILMN_3294158	5700047
ILMN_3243644	3780767
ILMN_3205289	6370280
ILMN_3247928	1440731
ILMN_3236893	5220564
ILMN_3288157	4810253
ILMN_3239537	620491
ILMN_3237404	1240669
ILMN_3200918	510343
ILMN_3206866	1030113
ILMN_3244880	5550730
ILMN_3243766	3710377
ILMN_3282549	2360731
ILMN_3243283	3420707
ILMN_3236618	460162
ILMN_3246585	6480072
ILMN_3277608	2480332
ILMN_3245997	2900630
ILMN_3283203	360452
ILMN_3240023	840162
ILMN_3249374	5090292
ILMN_3207537	540673
ILMN_3232122	1190156
ILMN_3200042	6110113
ILMN_3235896	2680554
ILMN_3241527	2490431
ILMN_3279166	5690682
ILMN_3201523	1030717
ILMN_3278004	1980551
ILMN_3237895	5490328
ILMN_3278245	4670128
ILMN_3201060	6510541
ILMN_3279531	5700427
ILMN_3202976	1400564
ILMN_3295735	1410040
ILMN_3212312	3290070
ILMN_3280628	4230064
ILMN_3210511	670544
ILMN_3287009	5340564
ILMN_3236628	630129
ILMN_3294222	4150615
ILMN_3239984	430064
ILMN_3248487	620477
ILMN_3204472	1090189
ILMN_3247965	3850382
ILMN_3274563	990520
ILMN_3290213	1030192
ILMN_3245046	3450441
ILMN_3235954	5960170
ILMN_3231439	1510730
ILMN_3204136	4390343
ILMN_3230337	6580500
ILMN_3199513	5220128
ILMN_3211935	4290692
ILMN_3288437	5900059
ILMN_3281023	3940110
ILMN_3248403	650044
ILMN_3291501	4640014
ILMN_3200465	6280703
ILMN_3243175	3390397
ILMN_3242196	7510347
ILMN_3249491	2640376
ILMN_3238916	3440768
ILMN_3213167	1340524
ILMN_3239548	3060601
ILMN_3279306	4390709
ILMN_3202734	6580017
ILMN_3239806	2680671
ILMN_3200758	6580328
ILMN_3214893	3890577
ILMN_3294581	6580142
ILMN_3204661	3140392
ILMN_3281165	5390192
ILMN_3217074	2850008
ILMN_3293159	4920142
ILMN_3246839	4810356
ILMN_3238339	2970215
ILMN_3205012	2350689
ILMN_3281517	4880192
ILMN_3198545	1570609
ILMN_3275021	6960477
ILMN_3289172	5490520
ILMN_3284424	630551
ILMN_3201609	5690008
ILMN_3243562	6350408
ILMN_3235677	1660639
ILMN_3294800	5810315
ILMN_3247232	2690242
ILMN_3201530	6760020
ILMN_3237286	4230246
ILMN_3280019	2600373
ILMN_3201986	5090326
ILMN_3284845	990053
ILMN_3208330	3830139
ILMN_3246195	5310273
ILMN_3242715	7550288
ILMN_3249093	430131
ILMN_3292244	3130309
ILMN_3201600	6480070
ILMN_3295874	4260598
ILMN_3219344	6760563
ILMN_3293215	3850681
ILMN_3244125	6620348
ILMN_3278626	1240082
ILMN_3198837	5390370
ILMN_3275305	5560470
ILMN_3239876	5130504
ILMN_3275267	7570438
ILMN_3247877	3060431
ILMN_3237873	70332
ILMN_3243506	6020762
ILMN_3239198	5860475
ILMN_3249275	1010615
ILMN_3240438	4390189
ILMN_3202231	4480601
ILMN_3238331	10014
ILMN_3292685	2350050
ILMN_3200438	5890148
ILMN_3203615	2350463
ILMN_3289484	6620093
ILMN_3240938	580608
ILMN_3235246	4670762
ILMN_3248645	2100360
ILMN_3292190	460059
ILMN_3247110	2370743
ILMN_3235556	2230674
ILMN_3276751	3190114
ILMN_3205271	450546
ILMN_3282529	5390176
ILMN_3242312	4590039
ILMN_3240134	450324
ILMN_3214117	2760035
ILMN_3290622	7650136
ILMN_3245531	3290561
ILMN_3240564	10328
ILMN_3239395	380630
ILMN_3284463	6220678
ILMN_3216345	7610100
ILMN_3242772	3930091
ILMN_3243002	2030431
ILMN_3248208	1010717
ILMN_3203916	630242
ILMN_3280416	4070110
ILMN_3235833	6450348
ILMN_3216744	3060348
ILMN_3201290	5890017
ILMN_3240705	4200341
ILMN_3240258	4060082
ILMN_3246102	3780040
ILMN_3236346	3780079
ILMN_3242896	1980725
ILMN_3276444	2750682
ILMN_3199970	6860059
ILMN_3289144	3890224
ILMN_3216377	4640731
ILMN_3294100	4900025
ILMN_3236120	4210520
ILMN_3288830	3130504
ILMN_3288102	6840093
ILMN_3217295	7400463
ILMN_3248063	2340112
ILMN_3246742	2490273
ILMN_3245865	2320497
ILMN_3204434	2120390
ILMN_3235606	2650044
ILMN_3239900	5560333
ILMN_3235817	5260050
ILMN_3294197	6940347
ILMN_3210460	2060725
ILMN_3232785	4490110
ILMN_3234349	5310372
ILMN_3198090	2490647
ILMN_3232995	6980022
ILMN_3293843	7570274
ILMN_3246984	1050241
ILMN_3236570	650768
ILMN_3235891	3940546
ILMN_3242615	5490242
ILMN_3242734	2350632
ILMN_3233263	3890128
ILMN_3246130	4760343
ILMN_3236457	5960059
ILMN_3241201	2630435
ILMN_3215886	5130309
ILMN_3293981	6250747
ILMN_3279875	3170408
ILMN_3239416	3890280
ILMN_3214985	290129
ILMN_3291594	1690332
ILMN_3283434	6040685
ILMN_3274246	4810630
ILMN_3206475	2470112
ILMN_3282983	2760209
ILMN_3238823	5390431
ILMN_3246380	5690209
ILMN_3239730	4880121
ILMN_3247816	7400097
ILMN_3238137	1450059
ILMN_3240003	4290468
ILMN_3291492	6650468
ILMN_3199585	4810092
ILMN_3248334	4070064
ILMN_3240557	2230477
ILMN_3201643	3170220
ILMN_3246771	2000215
ILMN_3247520	6620619
ILMN_3237109	360093
ILMN_3238012	5820274
ILMN_3249400	1170369
ILMN_3247201	5360170
ILMN_3245441	540142
ILMN_3296633	1780561
ILMN_3203186	6020092
ILMN_3295967	2230482
ILMN_3242591	2230639
ILMN_3239401	7040075
ILMN_3240147	380475
ILMN_3235420	840504
ILMN_3244043	3440059
ILMN_3199911	1030037
ILMN_3238915	5260192
ILMN_3244560	4060315
ILMN_3243502	1410672
ILMN_3207563	70113
ILMN_3202710	2900242
ILMN_3293885	4810743
ILMN_3238281	990170
ILMN_3243414	4860470
ILMN_3287106	1050136
ILMN_3201775	3060053
ILMN_3235358	3140746
ILMN_3239117	2690079
ILMN_3237887	2600730
ILMN_3237461	620669
ILMN_3246781	1450296
ILMN_3235732	240521
ILMN_3244982	6060309
ILMN_3241411	2120739
ILMN_3237808	1050474
ILMN_3246419	2470377
ILMN_3275522	2360500
ILMN_3199052	7610376
ILMN_3247033	4890594
ILMN_3285532	6100021
ILMN_3237529	940132
ILMN_3281327	6960736
ILMN_3237277	3140671
ILMN_3210806	4890091
ILMN_3249629	5090128
ILMN_3248586	4900451
ILMN_3235061	4210685
ILMN_3241182	780687
ILMN_3217771	2450632
ILMN_3244929	5260477
ILMN_3246988	1190767
ILMN_3244925	3940288
ILMN_3291203	3130438
ILMN_3212013	6660458
ILMN_3293730	7510338
ILMN_3244876	2970647
ILMN_3286235	3460544
ILMN_3245486	5700554
ILMN_3278683	2450059
ILMN_3218193	3870133
ILMN_3294235	4260112
ILMN_3239588	240398
ILMN_3247691	2360075
ILMN_3239326	2190433
ILMN_3239662	4230170
ILMN_3243887	6770743
ILMN_3246688	5340039
ILMN_3283015	610767
ILMN_3218258	840279
ILMN_3236524	2190471
ILMN_3240715	3710376
ILMN_3235549	2320725
ILMN_3246078	6560092
ILMN_3294965	3460139
ILMN_3295894	4260608
ILMN_3209771	7330576
ILMN_3238652	5270092
ILMN_3276409	5490136
ILMN_3292892	160022
ILMN_3216382	4610747
ILMN_3296884	610390
ILMN_3277365	770689
ILMN_3210416	3830392
ILMN_3291253	5390477
ILMN_3240617	6900709
ILMN_3240082	2760142
ILMN_3282892	60747
ILMN_3243032	2100041
ILMN_3292122	2260088
ILMN_3288760	770192
ILMN_3212262	4810278
ILMN_3242837	4540521
ILMN_3236330	6980598
ILMN_3239667	540669
ILMN_3248278	7150113
ILMN_3292678	6980397
ILMN_3204667	3940019
ILMN_3234746	7000349
ILMN_3275936	1850634
ILMN_3249085	2630079
ILMN_3218529	870746
ILMN_3274528	1190196
ILMN_3291287	1820239
ILMN_3211055	150717
ILMN_3274814	4480524
ILMN_3238099	6840673
ILMN_3243370	5560551
ILMN_3239361	3360128
ILMN_3248462	6510181
ILMN_3212016	5270477
ILMN_3246556	1710291
ILMN_3203821	1400349
ILMN_3280323	2320044
ILMN_3274380	520156
ILMN_3205264	6620373
ILMN_3249333	7570435
ILMN_3277511	770435
ILMN_3201034	5220722
ILMN_3287266	7210544
ILMN_3235357	4780477
ILMN_3238852	7550195
ILMN_3247769	6940750
ILMN_3241768	1690523
ILMN_3241117	7200088
ILMN_3243291	2340703
ILMN_3242386	5050201
ILMN_3243006	2940156
ILMN_3286685	7040692
ILMN_3241818	1770475
ILMN_3246653	6650706
ILMN_3248237	4860682
ILMN_3203162	2030097
ILMN_3279657	6560296
ILMN_3248717	1850202
ILMN_3238466	7160113
ILMN_3240783	7320070
ILMN_3239121	60608
ILMN_3241928	3850598
ILMN_3243320	2060427
ILMN_3236704	6400450
ILMN_3237400	7610224
ILMN_3244496	7320689
ILMN_3245894	50066
ILMN_3248654	2900086
ILMN_3244868	6860398
ILMN_3245919	3930669
ILMN_3238148	6580746
ILMN_3237187	4210743
ILMN_3237281	4920255
ILMN_3249473	2640717
ILMN_3241322	270670
ILMN_3277282	2510543
ILMN_3200806	6250088
ILMN_3249054	6330382
ILMN_3242265	2900463
ILMN_3238721	1260300
ILMN_3238893	240278
ILMN_3243209	5360647
ILMN_3243549	1260161
ILMN_3236801	6380070
ILMN_3287464	3830168
ILMN_3242053	2970427
ILMN_3242638	2070192
ILMN_3249618	3390072
ILMN_3285616	3830577
ILMN_3209106	6760112
ILMN_3211187	4200707
ILMN_3287687	6550348
ILMN_3249331	4120301
ILMN_3235525	650014
ILMN_3296208	6270128
ILMN_3237584	870367
ILMN_3288238	610711
ILMN_3211739	4880347
ILMN_3245218	2750400
ILMN_3244816	4640600
ILMN_3237698	5860440
ILMN_3246875	2230762
ILMN_3244085	4890452
ILMN_3240308	4180041
ILMN_3246255	1190259
ILMN_3237534	2850424
ILMN_3246237	4230576
ILMN_3198636	4880414
ILMN_3232806	1410689
ILMN_3210565	3990376
ILMN_3249583	4760603
ILMN_3245778	3190576
ILMN_3236833	5490307
ILMN_3244224	130047
ILMN_3237729	540092
ILMN_3243534	6130133
ILMN_3285768	1400161
ILMN_3209255	6200050
ILMN_3244079	6550524
ILMN_3245264	6760278
ILMN_3235126	6060176
ILMN_3238813	7040575
ILMN_3242912	1030369
ILMN_3239610	5340279
ILMN_3245292	1230494
ILMN_3242535	2600767
ILMN_3236831	2630762
ILMN_3246470	5390601
ILMN_3248546	4490088
ILMN_3248640	4570047
ILMN_3246330	1940750
ILMN_3235308	2480377
ILMN_3243583	1300563
ILMN_3214389	3450736
ILMN_3241008	6480347
ILMN_3235409	1780692
ILMN_3235266	2070717
ILMN_3249197	430358
ILMN_3203189	3290730
ILMN_3231236	6980326
ILMN_3237358	6400653
ILMN_3249035	5910750
ILMN_3237868	2320240
ILMN_3233395	2260390
ILMN_3290293	5340086
ILMN_3246424	730397
ILMN_3245048	1190435
ILMN_3243938	5340445
ILMN_3274470	5090341
ILMN_3237270	780672
ILMN_3247080	60343
ILMN_3242642	160379
ILMN_3244476	7550102
ILMN_3245507	2570494
ILMN_3245255	60162
ILMN_3237217	7570288
ILMN_3241421	3870615
ILMN_3240658	2030753
ILMN_3236725	3360594
ILMN_3246663	2490709
ILMN_3246190	4230079
ILMN_3249230	1570059
ILMN_3247952	7570520
ILMN_3240993	2190497
ILMN_3242782	4900468
ILMN_3245959	130152
ILMN_3238417	6280646
ILMN_3246004	4640017
ILMN_3242473	7400754
ILMN_3203238	6280315
ILMN_3235867	6590671
ILMN_3242320	2340138
ILMN_3249667	5310224
ILMN_3245492	1740678
ILMN_3238402	1580100
ILMN_3245635	1780292
ILMN_3248877	5290280
ILMN_3243069	4670561
ILMN_3209098	2070102
ILMN_3285607	4060739
ILMN_3246150	1850121
ILMN_3246315	4290671
ILMN_3247291	7510152
ILMN_3247101	2760288
ILMN_3239312	7380370
ILMN_3235716	6040491
ILMN_3238605	5490487
ILMN_3248923	3120288
ILMN_3235875	3990327
ILMN_3247074	2370343
ILMN_3241977	1030437
ILMN_3238699	1090309
ILMN_3280579	780553
ILMN_3206884	1410154
ILMN_3236685	1780722
ILMN_3248635	2030192
ILMN_3248613	580605
ILMN_3236695	2260500
ILMN_3247573	5860008
ILMN_3246474	2230471
ILMN_3248828	2030156
ILMN_3246005	5700347
ILMN_3235088	1050341
ILMN_3244784	1090328
ILMN_3239811	1770180
ILMN_3292690	7160020
ILMN_3246845	5260048
ILMN_3243999	5310382
ILMN_3240943	450561
ILMN_3241426	3830626
ILMN_3236950	5910370
ILMN_3212045	7510519
ILMN_3247129	3460612
ILMN_3235462	150537
ILMN_3236056	4760475
ILMN_3243139	6200403
ILMN_3239969	6290736
ILMN_3235938	7000358
ILMN_3287952	6760056
ILMN_3241882	4880156
ILMN_3220331	4640373
ILMN_3234547	5560747
ILMN_3248768	4610482
ILMN_3238640	4120209
ILMN_3249700	2680669
ILMN_3248152	770446
ILMN_3238534	2470594
ILMN_3236675	70180
ILMN_3230374	2140703
ILMN_3198338	4590681
ILMN_3236580	7400474
ILMN_3245199	2690301
ILMN_3214945	2690491
ILMN_3215206	4590397
ILMN_3291715	7510168
ILMN_3235884	2710689
ILMN_3247533	5870437
ILMN_3234969	940328
ILMN_3249113	7510437
ILMN_3248256	10687
ILMN_3236546	290044
ILMN_3239098	620215
ILMN_3236187	5310017
ILMN_3248433	4560136
ILMN_3234959	4760414
ILMN_3247765	5340731
ILMN_3236575	2060762
ILMN_3246756	5910634
ILMN_3246538	3520044
ILMN_3237878	6330612
ILMN_3202483	6040397
ILMN_3244142	3450246
ILMN_3243316	3940731
ILMN_3247410	2320095
ILMN_3235503	7570341
ILMN_3249006	1660008
ILMN_3249018	1990373
ILMN_3237114	2120092
ILMN_3242340	2900021
ILMN_3237204	4920021
ILMN_3242229	3290128
ILMN_3244209	3520433
ILMN_3242647	6020148
ILMN_3246815	4730328
ILMN_3234818	2680692
ILMN_3240043	2030181
ILMN_3242494	7510609
ILMN_3249321	1410639
ILMN_3242888	6060609
ILMN_3239155	4390500
ILMN_3242608	3990156
ILMN_3241332	2750382
ILMN_3246159	110609
ILMN_3234989	3870564
ILMN_3236021	3060187
ILMN_3235482	5560717
ILMN_3241957	5260500
ILMN_3245403	150112
ILMN_3247960	5700368
ILMN_3243782	6250377
ILMN_3239762	6770019
ILMN_3245053	4670433
ILMN_3241931	3440561
ILMN_3249267	3120242
ILMN_3239388	4180180
ILMN_3238521	2370598
ILMN_3242116	5360360
ILMN_3238828	3460746
ILMN_3243949	2650072
ILMN_3247910	5820066
ILMN_3245038	5670273
ILMN_3245526	4780296
ILMN_3242743	380538
ILMN_3246855	2690730
ILMN_3244779	990196
ILMN_3240583	4010626
ILMN_3235101	2490546
ILMN_3234860	160025
ILMN_3290052	2100072
ILMN_3239087	1300168
ILMN_3239317	70445
ILMN_3240916	5420246
ILMN_3241304	830414
ILMN_3245314	540441
ILMN_3241904	3400239
ILMN_3237008	6840646
ILMN_3279169	430750
ILMN_3202697	5890373
ILMN_3242522	5290017
ILMN_3244515	2000161
ILMN_3245752	2190279
ILMN_3235303	4830037
ILMN_3242234	7560292
ILMN_3248104	2630524
ILMN_3238928	1110044
ILMN_3239321	4490138
ILMN_3242702	1690743
ILMN_3241481	3310193
ILMN_3245521	5960088
ILMN_3243349	4040445
ILMN_3242035	3850220
ILMN_3247872	4230471
ILMN_3247788	5890180
ILMN_3245992	3060170
ILMN_3239895	4480750
ILMN_3244687	5090239
ILMN_3239841	160450
ILMN_3248693	60026
ILMN_3241847	1090114
ILMN_3235799	1340240
ILMN_3238709	1580315
ILMN_3245179	50703
ILMN_3242105	3170338
ILMN_3235959	380408
ILMN_3241292	1230193
ILMN_3242967	5340270
ILMN_3283869	6900333
ILMN_3243034	6840647
ILMN_3241076	4200687
ILMN_3239885	7000653
ILMN_3248453	4230274
ILMN_3240058	6590390
ILMN_3238299	6020577
ILMN_3246634	5340168
ILMN_3238007	4890286
ILMN_3245385	5720025
ILMN_3244456	3780242
ILMN_3237946	3450288
ILMN_3249276	1410112
ILMN_3238063	3870544
ILMN_3200136	3180274
ILMN_3276510	6520224
ILMN_3248649	5340088
ILMN_3246042	7380184
ILMN_3241568	620671
ILMN_3242476	6520195
ILMN_3241056	5050332
ILMN_3244728	3930039
ILMN_3241612	2600689
ILMN_3248490	1780328
ILMN_3238884	6770356
ILMN_3242466	5570022
ILMN_3244405	3120630
ILMN_3236314	6480768
ILMN_3243436	6620687
ILMN_3234974	1230463
ILMN_3245217	2710482
ILMN_3246514	630326
ILMN_3244920	290121
ILMN_3232219	830674
ILMN_3232234	4560132
ILMN_3208140	5360576
ILMN_3236812	3360288
ILMN_3244907	7610678
ILMN_3243042	3990386
ILMN_3244338	3120315
ILMN_3246630	6350040
ILMN_3237765	7560521
ILMN_3240549	5720326
ILMN_3238657	5360270
ILMN_3242612	3440543
ILMN_3239714	6060497
ILMN_3244309	1570152
ILMN_3246279	6980053
ILMN_3241173	1570368
ILMN_3235667	2680468
ILMN_3242384	2810750
ILMN_3247774	1030612
ILMN_3246163	6860692
ILMN_3244415	3170026
ILMN_3242201	1170017
ILMN_3248948	5310520
ILMN_3247092	130564
ILMN_3247134	3940377
ILMN_3237951	6250228
ILMN_3246502	1450450
ILMN_3242442	2480369
ILMN_3237094	380719
ILMN_3239397	4590382
ILMN_3235158	2630767
ILMN_3246722	6980411
ILMN_3238945	6220598
ILMN_3235379	770133
ILMN_3248970	3930167
ILMN_3241433	4540474
ILMN_3237334	6060373
ILMN_3240495	5810048
ILMN_3245517	4480128
ILMN_3243343	2190170
ILMN_3239679	3370598
ILMN_3237863	5560379
ILMN_3235547	5090358
ILMN_3247983	4200647
ILMN_3248737	6380246
ILMN_3249560	1660209
ILMN_3236775	6270309
ILMN_3238960	6510167
ILMN_3247006	2120026
ILMN_3241856	6280382
ILMN_3247448	7040593
ILMN_3239785	870209
ILMN_3239520	3400519
ILMN_3240824	4780451
ILMN_3243088	1470010
ILMN_3241204	6330746
ILMN_3238159	5310403
ILMN_3238608	5810717
ILMN_3246565	7330121
ILMN_3241541	1940148
ILMN_3244669	4920689
ILMN_3249079	1450324
ILMN_3243573	2490132
ILMN_3236892	5310187
ILMN_3239273	6370066
ILMN_3243485	780400
ILMN_3247618	4610630
ILMN_3246798	1170593
ILMN_3239606	4390544
ILMN_3246519	4760156
ILMN_3243817	10564
ILMN_3241081	2000521
ILMN_3236122	5700356
ILMN_3246805	2630347
ILMN_3237344	3190328
ILMN_3236179	5900408
ILMN_3246871	4260470
ILMN_3239748	3370601
ILMN_3238018	780497
ILMN_3236041	3990484
ILMN_3242618	4860593
ILMN_3247633	2570497
ILMN_3241491	5270010
ILMN_3246459	7160608
ILMN_3247370	6940228
ILMN_3246155	4220427
ILMN_3236680	4060086
ILMN_3239619	240100
ILMN_3247538	7610541
ILMN_3240567	4920433
ILMN_3243829	7510138
ILMN_3235576	5270719
ILMN_3234896	2650187
ILMN_3239465	670347
ILMN_3242299	2690669
ILMN_3248848	5670039
ILMN_3239490	1740037
ILMN_3239694	6960368
ILMN_3242577	3460470
ILMN_3235511	5220328
ILMN_3234905	130601
ILMN_3242902	7400390
ILMN_3240626	6290471
ILMN_3243111	4640632
ILMN_3240265	1710767
ILMN_3245360	1710008
ILMN_3245148	2060504
ILMN_3243709	5870259
ILMN_3245270	2900286
ILMN_3246135	2490630
ILMN_3247920	6940746
ILMN_3243876	380647
ILMN_3245084	5310255
ILMN_3237739	2570064
ILMN_3236129	1230743
ILMN_3239673	6450360
ILMN_3245431	6840338
ILMN_3246975	3610184
ILMN_3240485	2260717
ILMN_3234471	6040328
ILMN_3219289	6400767
ILMN_3241834	7050451
ILMN_3249704	3890403
ILMN_3235542	6480224
ILMN_3235128	3400328
ILMN_3243081	460554
ILMN_3246430	5080220
ILMN_3248536	6660762
ILMN_3235800	2100564
ILMN_3249327	1030707
ILMN_3241469	2360082
ILMN_3248282	6040386
ILMN_3244855	4050280
ILMN_3243410	1010750
ILMN_3239406	4890632
ILMN_3245031	1570452
ILMN_3248146	1430100
ILMN_3240033	2850373
ILMN_3247665	50408
ILMN_3247197	2360332
ILMN_3241598	4010364
ILMN_3248109	4570079
ILMN_3244483	4570274
ILMN_3238093	6840136
ILMN_3247118	2120022
ILMN_3240986	6770192
ILMN_3240981	3120131
ILMN_3248472	110520
ILMN_3244794	3780064
ILMN_3239014	830050
ILMN_3241409	7330767
ILMN_3235289	4880102
ILMN_3243797	7200053
ILMN_3242428	6650315
ILMN_3248247	5960240
ILMN_3248746	4560653
ILMN_3235254	1090091
ILMN_3231558	3940750
ILMN_3231577	4880411
ILMN_3204734	7570228
ILMN_3242485	1690300
ILMN_3242654	1400437
ILMN_3247039	7050044
ILMN_3246132	6280523
ILMN_3247661	7610750
ILMN_3238237	6370521
ILMN_3242946	70647
ILMN_3247477	6650192
ILMN_3246087	4120196
ILMN_3245792	4670280
ILMN_3248250	6380274
ILMN_3243801	2350343
ILMN_3241780	450372
ILMN_3235984	3870746
ILMN_3245571	4540286
ILMN_3247748	20735
ILMN_3247283	5130025
ILMN_3245130	7510739
ILMN_3247957	3370520
ILMN_3237806	4150685
ILMN_3237608	110373
ILMN_3246949	6290324
ILMN_3245505	670328
ILMN_3240905	6520403
ILMN_3240900	2000239
ILMN_3247597	6860711
ILMN_3243407	4570068
ILMN_3247341	5690059
ILMN_3244304	6560202
ILMN_3244004	2340242
ILMN_3238208	7040113
ILMN_3246179	870377
ILMN_3239820	5270424
ILMN_3235931	3190132
ILMN_3249384	1470438
ILMN_3236627	2570113
ILMN_3241965	5690465
ILMN_3244917	7000717
ILMN_3240094	1450154
ILMN_3247866	7050703
ILMN_3244484	5670730
ILMN_3243084	10241
ILMN_3247286	6550280
ILMN_3235435	1300382
ILMN_3241831	2230142
ILMN_3248836	2970307
ILMN_3241345	1300307
ILMN_3244798	2510307
ILMN_3237099	7150228
ILMN_3236760	6130468
ILMN_3247514	3440682
ILMN_3240690	5690356
ILMN_3239734	1230671
ILMN_3248599	6400133
ILMN_3249658	3930746
ILMN_3236215	6380348
ILMN_3246405	5420615
ILMN_3247792	6400561
ILMN_3238814	5860669
ILMN_3240072	3710333
ILMN_3249175	1010707
ILMN_3248583	4250672
ILMN_3294106	5260132
ILMN_3247325	1850324
ILMN_3247177	3130427
ILMN_3246910	1660044
ILMN_3238898	5890307
ILMN_3243514	540397
ILMN_3245282	1030300
ILMN_3239576	4830019
ILMN_3247329	4570056
ILMN_3247853	1050382
ILMN_1803673	6580047
ILMN_1667330	6220600
ILMN_1663005	6660408
ILMN_1796922	6380181
ILMN_1807440	630482
ILMN_1773183	2480647
ILMN_3234418	5050682
ILMN_3219097	5900138
ILMN_3245250	2060368
ILMN_1669682	3370161
ILMN_1672614	7380594
ILMN_1658318	4760634
ILMN_1774017	3460373
ILMN_1723171	4040634
ILMN_1720707	6270661
ILMN_3218219	2350307
ILMN_3277420	5870703
ILMN_3296096	1400717
ILMN_1680101	1660408
ILMN_3288204	990133
ILMN_3204575	110603
ILMN_3284673	6620735
ILMN_1699965	5690615
ILMN_1726845	6060228
ILMN_1705578	6660039
ILMN_1708351	620142
ILMN_2091707	6660041
ILMN_3200867	730347
ILMN_1754517	6350379
ILMN_1656380	7380639
ILMN_1753139	1470014
ILMN_1764323	6580504
ILMN_1723824	630661
ILMN_2271699	1430296
ILMN_3200484	3310709
ILMN_1762151	5910494
ILMN_2228132	4760575
ILMN_1663791	2750524
ILMN_1812867	6860546
ILMN_1701475	4570180
ILMN_3201325	670523
ILMN_1677956	2490347
ILMN_1784634	1850102
ILMN_1736400	4730296
ILMN_1744347	540451
ILMN_1678043	290154
ILMN_1705177	1710403
ILMN_1652365	2340592
ILMN_1677805	3360088
ILMN_1694043	3520576
ILMN_1720981	4760347
ILMN_1775655	5860121
ILMN_3214256	2260053
ILMN_1747389	4540209
ILMN_1661559	7100735
ILMN_1724247	7330707
ILMN_1672009	3830593
ILMN_3288258	4810296
ILMN_1738858	4010102
ILMN_3294623	460097
ILMN_3218273	6180615
ILMN_3290562	7510674
ILMN_1815679	7150040
ILMN_3279904	3310187
ILMN_1714711	2710168
ILMN_1701247	4200551
ILMN_1742843	5420551
ILMN_1681747	5700138
ILMN_1792347	5310619
ILMN_1718030	4260255
ILMN_1780605	2190068
ILMN_1715644	3140639
ILMN_1704255	870368
ILMN_1681631	3420709
ILMN_1770080	3710093
ILMN_1782447	3440619
ILMN_2145044	4640687
ILMN_1692200	4860520
ILMN_3281591	3710445
ILMN_1735643	1690301
ILMN_2205211	870537
ILMN_1668228	4760431
ILMN_1815905	630561
ILMN_1744919	3310300
ILMN_1659395	7570048
ILMN_1761536	990608
ILMN_1671372	1780338
ILMN_1727489	5820731
ILMN_3232943	70373
ILMN_3211305	2570440
ILMN_1789609	4590601
ILMN_1737247	3850739
ILMN_1726435	5670209
ILMN_3278608	2070544
ILMN_3202134	2690600
ILMN_1805855	5270180
ILMN_1717377	450593
ILMN_1812604	620600
ILMN_1701230	20280
ILMN_1772739	3800240
ILMN_2119421	3520470
ILMN_1664602	5700681
ILMN_1651296	2600136
ILMN_1690877	870288
ILMN_1673563	3780392
ILMN_1724628	2230561
ILMN_3239113	4150167
ILMN_1699188	2480528
ILMN_1788499	6760075
ILMN_3237296	3060731
ILMN_1653833	7650039
ILMN_1754032	430653
ILMN_1724233	1690520
ILMN_1679780	1690543
ILMN_1701924	5080202
ILMN_1688228	4050674
ILMN_1780134	4180632
ILMN_1655311	7150280
ILMN_1658266	4040743
ILMN_1807556	3370168
ILMN_1803889	7560376
ILMN_3198425	5420241
ILMN_3288213	6110255
ILMN_1764186	1110286
ILMN_1726682	1430242
ILMN_1765979	5220133
ILMN_3289522	6900102
ILMN_1814552	4670576
ILMN_1736295	4230646
ILMN_1671865	620152
ILMN_3235597	5340653
ILMN_1761801	6860615
ILMN_1688121	6550491
ILMN_1659508	5550692
ILMN_1692947	5560546
ILMN_1701820	4900162
ILMN_3244323	2060541
ILMN_3211079	870196
ILMN_3278506	2480041
ILMN_3277119	4120020
ILMN_1680580	7050767
ILMN_1712837	4150491
ILMN_1776052	3310392
ILMN_1771636	3400102
ILMN_1813823	6980711
ILMN_1741506	3450086
ILMN_1679470	6380487
ILMN_1761283	1240626
ILMN_1815141	6040338
ILMN_3289631	1470484
ILMN_3214522	4830035
ILMN_3211986	1340682
ILMN_3280842	2260037
ILMN_1782691	1740156
ILMN_1732955	520148
ILMN_1665740	4540204
ILMN_1696038	2760273
ILMN_3245928	240324
ILMN_1676287	5290435
ILMN_1796617	6660064
ILMN_1670124	6330465
ILMN_1810185	2360747
ILMN_1787288	6130768
ILMN_3235567	4220497
ILMN_1728327	1240370
ILMN_1790717	5390114
ILMN_1721765	7550309
ILMN_2041176	1230332
ILMN_3251464	4210386
ILMN_1735172	520626
ILMN_3238058	1440437
ILMN_3200648	1510487
ILMN_1678720	3060593
ILMN_3289895	1740327
ILMN_3199961	5270626
ILMN_3203390	240204
ILMN_3282285	2370634
ILMN_3249231	2490386
ILMN_1666384	7050132
ILMN_3230885	1570180
ILMN_3200882	5360136
ILMN_3283369	5910008
ILMN_1728446	1450576
ILMN_1802482	1410722
ILMN_1695242	4920341
ILMN_1716468	1190167
ILMN_3248614	5690170
ILMN_3282764	6290201
ILMN_1676550	7040390
ILMN_1772092	870452
ILMN_1744538	4670075
ILMN_1771070	4850068
ILMN_2135740	6980139
ILMN_1843138	7160427
ILMN_3201577	540152
ILMN_3275929	7320739
ILMN_1746952	2340132
ILMN_2194678	4760180
ILMN_1767377	3060524
ILMN_1666746	4640286
ILMN_1782753	5820482
ILMN_1762305	10192
ILMN_3237627	3180360
ILMN_3237689	7380541
ILMN_3285206	2640639
ILMN_1779698	5870167
ILMN_1688435	7200360
ILMN_1761210	4880019
ILMN_1668932	5310709
ILMN_3242710	4850546
ILMN_1728048	2030672
ILMN_1677834	240020
ILMN_1767263	780717
ILMN_3251432	3140458
ILMN_1797579	5890026
ILMN_1685538	3890747
ILMN_1851865	2570296
ILMN_1755920	6220376
ILMN_1762545	1580082
ILMN_1672339	5310594
ILMN_1671901	4040156
ILMN_1695601	2070097
ILMN_3251600	3890369
ILMN_2219246	1240095
ILMN_3246453	620528
ILMN_1773236	2970082
ILMN_1771292	3360075
ILMN_2065383	7330025
ILMN_1775062	2600095
ILMN_1805396	5340292
ILMN_1658190	630154
ILMN_3251653	3440736
ILMN_1713736	4220445
ILMN_1677910	2710717
ILMN_1803743	150224
ILMN_1749054	840047
ILMN_1768551	4230056
ILMN_1789871	3830301
ILMN_1855430	5960735
ILMN_1682381	3850528
ILMN_1675916	430482
ILMN_2177090	1410309
ILMN_3238116	4780279
ILMN_1673158	610017
ILMN_1774369	4250400
ILMN_1677374	3940072
ILMN_1712597	3850626
ILMN_1705124	6420474
ILMN_1656361	7330070
ILMN_1667298	6400577
ILMN_3204975	430528
ILMN_3281480	5550494
ILMN_1792712	4730397
ILMN_1769478	6980050
ILMN_1656232	160280
ILMN_1798557	1450471
ILMN_1780083	6940546
ILMN_1736819	7040669
ILMN_1652689	7150730
ILMN_1719546	3990427
ILMN_1727331	6020392
ILMN_3291344	5080376
ILMN_1764650	2070176
ILMN_3282121	4050722
ILMN_3218292	6280102
ILMN_1662491	3930021
ILMN_1655659	1580754
ILMN_1682694	7550743
ILMN_1693685	4180431
ILMN_1718755	4570750
ILMN_3240048	6400273
ILMN_3292004	4070398
ILMN_1799980	1580377
ILMN_2184525	2750014
ILMN_1675930	7160619
ILMN_1740449	3440687
ILMN_2193195	2640187
ILMN_1795243	6200747
ILMN_1704295	5820100
ILMN_1674768	4480753
ILMN_1701392	4010360
ILMN_1711845	5260543
ILMN_3249620	5220136
ILMN_1749607	5810427
ILMN_1809012	3450358
ILMN_1753411	2000553
ILMN_1796130	4670703
ILMN_1762360	1170646
ILMN_1653057	6040154
ILMN_1657832	460372
ILMN_1780613	1770619
ILMN_2297662	2030440
ILMN_1698103	2470435
ILMN_2413377	3060113
ILMN_1725881	1710221
ILMN_1659692	1780086
ILMN_1709326	2320441
ILMN_1652982	2340307
ILMN_1801940	2680333
ILMN_1656868	2850400
ILMN_1702085	4230433
ILMN_1749836	4250037
ILMN_1779752	5310563
ILMN_3236498	5390553
ILMN_3278745	1820551
ILMN_1748277	150138
ILMN_1716719	5890731
ILMN_1690928	6550497
ILMN_1760651	7650608
ILMN_1732497	1820148
ILMN_1744906	2350255
ILMN_1658937	1070086
ILMN_1666220	650333
ILMN_1697767	6110653
ILMN_1778787	6250086
ILMN_1674442	2810717
ILMN_3206804	4670563
ILMN_3283316	6270435
ILMN_1805540	6220041
ILMN_1753877	3180059
ILMN_1677880	4070484
ILMN_1740223	5960131
ILMN_1721102	1990750
ILMN_1664736	940372
ILMN_3291741	1110747
ILMN_1807114	580575
ILMN_1654522	7040196
ILMN_1703703	4040184
ILMN_1764244	6130110
ILMN_1703316	1300369
ILMN_1728392	4480056
ILMN_1735513	3170673
ILMN_1666263	6660075
ILMN_3246909	6620064
ILMN_3292834	2480392
ILMN_3238143	1740246
ILMN_1730828	3190324
ILMN_3215374	6580730
ILMN_3239925	1260064
ILMN_2096442	1660739
ILMN_1692258	6130315
ILMN_1714895	6420328
ILMN_3295970	5130315
ILMN_3199489	1050255
ILMN_3201026	110379
ILMN_3277501	6180021
ILMN_1729306	7000152
ILMN_1768553	4570100
ILMN_1743040	7650687
ILMN_1787481	380246
ILMN_1759504	1070424
ILMN_3250110	2360546
ILMN_3251161	4180746
ILMN_3285302	1340187
ILMN_1796626	1010020
ILMN_3286239	2230154
ILMN_3214761	4640128
ILMN_1814009	6760333
ILMN_1682463	4640369
ILMN_1710128	520424
ILMN_1660108	7380209
ILMN_3244521	6760386
ILMN_1692294	5810161
ILMN_3296705	360315
ILMN_3199608	70020
ILMN_1672738	4890128
ILMN_2096031	1500296
ILMN_1727116	1050301
ILMN_1675460	4250392
ILMN_1737230	5810128
ILMN_1659959	4230131
ILMN_3274671	6840053
ILMN_1714176	3520037
ILMN_1714739	360253
ILMN_3218138	1230364
ILMN_3234202	4890121
ILMN_1661461	1230563
ILMN_1715209	3870739
ILMN_1686833	840167
ILMN_1797568	1070110
ILMN_3207230	1400445
ILMN_3295651	2480193
ILMN_3236036	7570184
ILMN_1786657	3190615
ILMN_1659327	3420577
ILMN_1748434	6350477
ILMN_1714604	6110176
ILMN_1777687	6110092
ILMN_1701267	460196
ILMN_1773095	4280543
ILMN_1712170	6280025
ILMN_1783057	6350142
ILMN_1768909	6860468
ILMN_1651980	1050577
ILMN_1728933	3170465
ILMN_1730369	4210523
ILMN_1757555	5670131
ILMN_1705444	940403
ILMN_3250374	2230669
ILMN_3250345	5560523
ILMN_3243657	4260040
ILMN_1766090	1340494
ILMN_1695395	4050176
ILMN_1659543	4200048
ILMN_1720902	7570451
ILMN_1679558	1820546
ILMN_1676545	7650148
ILMN_1768901	1070273
ILMN_3199507	4260491
ILMN_1710954	1660220
ILMN_1667418	5290136
ILMN_1699211	1850403
ILMN_1694431	4040681
ILMN_1807593	1170079
ILMN_1790896	160392
ILMN_1739325	4220241
ILMN_1721290	3890767
ILMN_1725456	5700114
ILMN_1709767	5090441
ILMN_3293049	5130161
ILMN_1864588	6450743
ILMN_3274904	450411
ILMN_1677852	4760500
ILMN_1686628	4010468
ILMN_1660653	1500484
ILMN_2054382	4760541
ILMN_3242130	3060296
ILMN_1725650	4730463
ILMN_1717727	6650553
ILMN_1660913	5860255
ILMN_3290428	840477
ILMN_3283073	1850626
ILMN_1744395	7210368
ILMN_1718076	5420372
ILMN_2083137	7550681
ILMN_3204210	2340400
ILMN_3285323	6650180
ILMN_3219596	3850164
ILMN_3296124	4120139
ILMN_1774375	7320377
ILMN_1779195	2060349
ILMN_1749755	3170161
ILMN_2108150	6180424
ILMN_1785180	7050762
ILMN_3279619	6280577
ILMN_3286751	1990706
ILMN_1690137	580082
ILMN_3275531	4890440
ILMN_3292042	1240465
ILMN_1661158	520010
ILMN_1776184	1410753
ILMN_1703100	4050327
ILMN_3296219	1190543
ILMN_1752144	540753
ILMN_1657398	2320452
ILMN_1722640	1010326
ILMN_1680208	7050661
ILMN_1756131	5220427
ILMN_1743853	1030594
ILMN_3292034	2190706
ILMN_1804213	1260709
ILMN_1726457	2350202
ILMN_1719505	620739
ILMN_1733453	5960167
ILMN_1680902	6110709
ILMN_2089752	130128
ILMN_2115453	4060520
ILMN_1740601	6660364
ILMN_1764801	5260187
ILMN_1660832	870593
ILMN_1729269	730626
ILMN_2278433	2810093
ILMN_1809998	3290433
ILMN_1775584	510427
ILMN_1694327	290162
ILMN_1695261	2480711
ILMN_3246484	6110504
ILMN_3244060	5670433
ILMN_1765670	6960136
ILMN_3236463	7150082
ILMN_1700903	2650541
ILMN_1750482	1990687
ILMN_3295146	6520050
ILMN_1675878	3180347
ILMN_2128623	6980059
ILMN_1669715	580612
ILMN_3251120	1260554
ILMN_3249835	1430600
ILMN_3277134	1410630
ILMN_1686646	160056
ILMN_1691220	510259
ILMN_1699076	5290041
ILMN_1801116	6450735
ILMN_2102752	1410500
ILMN_1779796	2370367
ILMN_1738847	4180037
ILMN_1710591	1050685
ILMN_1786838	240681
ILMN_3245954	4390437
ILMN_1687845	7200372
ILMN_3237884	1170184
ILMN_1675803	730608
ILMN_1717485	3850133
ILMN_1783547	6370670
ILMN_1738535	630736
ILMN_3245495	510750
ILMN_3281845	4260170
ILMN_3214276	6130176
ILMN_1720238	7210056
ILMN_1693932	6280039
ILMN_2176625	3310482
ILMN_3216336	2070324
ILMN_3284404	3460300
ILMN_1708492	540086
ILMN_3232138	630279
ILMN_3215138	5080309
ILMN_1657612	2480403
ILMN_1733103	1660762
ILMN_1790173	1500014
ILMN_1730340	2320538
ILMN_3208576	460768
ILMN_3277209	4890692
ILMN_3274543	1980373
ILMN_1684114	7560053
ILMN_1664089	630528
ILMN_1728125	5090349
ILMN_3241104	2320437
ILMN_3292551	4850021
ILMN_1723788	1300161
ILMN_2215153	6420014
ILMN_1657011	3180468
ILMN_3249162	770577
ILMN_1661864	110026
ILMN_1712171	460626
ILMN_1671922	5560017
ILMN_1682126	5670079
ILMN_1751410	160347
ILMN_1679381	6370020
ILMN_3236656	7040349
ILMN_1699113	240170
ILMN_1766757	1230471
ILMN_3293685	630128
ILMN_3217172	4590576
ILMN_3283550	5870278
ILMN_3200702	7200100
ILMN_1701966	780040
ILMN_1808290	4760187
ILMN_1721905	2900176
ILMN_3274596	770187
ILMN_1808687	7610332
ILMN_1748596	150445
ILMN_1676990	6400484
ILMN_1803591	7400180
ILMN_1655421	3060338
ILMN_1674648	6270561
ILMN_3236026	5910376
ILMN_3248668	870142
ILMN_3250204	3610161
ILMN_1773558	4730280
ILMN_3251061	5690551
ILMN_3296816	6660220
ILMN_1658058	1440382
ILMN_1677577	240379
ILMN_1795835	6650035
ILMN_1738631	450021
ILMN_2098947	780348
ILMN_1788887	2970338
ILMN_1807704	5390563
ILMN_1652786	3940093
ILMN_1687276	4280500
ILMN_3294074	1170441
ILMN_3289407	6940754
ILMN_1685136	650767
ILMN_1669574	1010095
ILMN_1765031	1240382
ILMN_1778929	3930437
ILMN_1763685	6860035
ILMN_1663298	7150577
ILMN_1666642	7650563
ILMN_3289508	1230026
ILMN_1689350	2230347
ILMN_1727005	1850438
ILMN_2185022	2370608
ILMN_3236970	3450615
ILMN_3289745	6580091
ILMN_3290174	2340300
ILMN_1699320	10615
ILMN_1726649	2900682
ILMN_3240843	4730451
ILMN_3241333	2490022
ILMN_1695799	2490047
ILMN_1798043	5670671
ILMN_1741740	4670373
ILMN_1658363	4570167
ILMN_1686845	4640273
ILMN_1710925	4860253
ILMN_1809513	3940608
ILMN_1651288	6130021
ILMN_1764457	1300195
ILMN_1740463	70446
ILMN_1694220	2030768
ILMN_3238102	3830561
ILMN_1795356	5310441
ILMN_1678141	580139
ILMN_1754501	4260609
ILMN_1703727	110296
ILMN_3200906	1690291
ILMN_3276016	5670168
ILMN_1661997	5130575
ILMN_1739744	3060743
ILMN_1681516	2650438
ILMN_3217522	6130685
ILMN_3294033	6280707
ILMN_1660509	3850707
ILMN_1722916	2640605
ILMN_1767344	7610743
ILMN_1794866	4280176
ILMN_1673535	4040735
ILMN_1789600	5560377
ILMN_3291654	3060368
ILMN_3215146	4560280
ILMN_1657476	2690373
ILMN_3199157	160187
ILMN_3276047	5900470
ILMN_1668490	2480056
ILMN_1800795	6960097
ILMN_1675520	3850372
ILMN_3275388	1070121
ILMN_3198918	1240121
ILMN_3239103	1430736
ILMN_3248566	6660477
ILMN_1801925	1780382
ILMN_1668427	160167
ILMN_1784596	1990202
ILMN_1728334	4880541
ILMN_1745409	3170041
ILMN_1760138	4480138
ILMN_1806387	4150128
ILMN_3286287	460068
ILMN_1672324	650523
ILMN_3278453	2320360
ILMN_3287125	6620241
ILMN_1687369	3850050
ILMN_3285580	1410491
ILMN_3209070	2690538
ILMN_3201221	870609
ILMN_1680776	4730603
ILMN_1767452	1780431
ILMN_3296700	6760047
ILMN_1688127	4730025
ILMN_1653787	730682
ILMN_1703719	4880100
ILMN_3291664	1090397
ILMN_3202984	4150594
ILMN_3296923	4780692
ILMN_3207548	50039
ILMN_3284063	2190474
ILMN_3208430	6560528
ILMN_1706213	4010672
ILMN_3280711	20025
ILMN_3202594	5690746
ILMN_1750081	2630136
ILMN_1716153	360563
ILMN_1783808	290551
ILMN_1727825	7200164
ILMN_1703088	290689
ILMN_1805439	4150382
ILMN_1717059	6860494
ILMN_1757749	1570278
ILMN_1657235	6110274
ILMN_3244755	1780092
ILMN_1677141	7400767
ILMN_3274601	650377
ILMN_1741339	3610408
ILMN_1743660	2350072
ILMN_3289011	1170086
ILMN_1786483	4780672
ILMN_1763352	1070521
ILMN_1669671	1850753
ILMN_1658972	2450646
ILMN_1726940	4900221
ILMN_3290627	2260091
ILMN_3213854	2600598
ILMN_1752938	4210639
ILMN_1704704	540202
ILMN_2275583	7510360
ILMN_3283563	1500736
ILMN_3203130	1410041
ILMN_3279628	4230209
ILMN_1696701	2750593
ILMN_1686463	7510445
ILMN_1663813	1500577
ILMN_1759302	3420224
ILMN_3210914	4060010
ILMN_1708214	780484
ILMN_3204890	1510484
ILMN_3283680	7100376
ILMN_1811453	6350767
ILMN_1789744	2750615
ILMN_1722969	4280537
ILMN_1767274	5910209
ILMN_1683497	6480180
ILMN_3218538	160241
ILMN_3290640	4570400
ILMN_3291053	6200725
ILMN_1699758	5890008
ILMN_3277559	70370
ILMN_3205812	6020750
ILMN_1714741	7150491
ILMN_1786359	3930707
ILMN_1747474	3390431
ILMN_3277499	670327
ILMN_3204361	3190241
ILMN_1654445	150750
ILMN_1737430	770600
ILMN_1704385	3940364
ILMN_1689432	4070095
ILMN_1843081	5420180
ILMN_1729965	1170743
ILMN_1801795	2570286
ILMN_1712555	3290041
ILMN_1757535	6760092
ILMN_1792437	4040240
ILMN_1681751	6040619
ILMN_3240425	1450630
ILMN_3233716	520504
ILMN_3215627	3990129
ILMN_3283904	2710164
ILMN_3207387	6860470
ILMN_1656318	6940148
ILMN_3219380	3830333
ILMN_3234496	4540605
ILMN_1733757	1780678
ILMN_1708905	4010681
ILMN_1673969	1780253
ILMN_2183424	5220601
ILMN_1793440	6980634
ILMN_1748823	270091
ILMN_1772903	6620482
ILMN_1711711	5360403
ILMN_1714882	3120482
ILMN_1685943	4560475
ILMN_1652628	6220725
ILMN_1674782	6940059
ILMN_1794162	4290253
ILMN_1685279	4640008
ILMN_3241309	2570021
ILMN_1805348	6330598
ILMN_3243554	990561
ILMN_1786771	2510468
ILMN_1679150	670132
ILMN_1776685	1780113
ILMN_1762189	4760446
ILMN_1751389	4180066
ILMN_1715600	3870215
ILMN_3290380	2850356
ILMN_1662123	4050309
ILMN_1768576	7200241
ILMN_3208980	5130743
ILMN_3289489	6580368
ILMN_1661648	520730
ILMN_1673273	2120154
ILMN_1723908	7150332
ILMN_1747366	2100324
ILMN_1677402	2710064
ILMN_1667995	3840170
ILMN_3289793	1410494
ILMN_3206792	7200672
ILMN_1721430	1690390
ILMN_3200322	6550672
ILMN_1652946	7100452
ILMN_1784665	5090121
ILMN_1690844	6580189
ILMN_3233442	2230767
ILMN_3214087	3400020
ILMN_1768162	4040280
ILMN_1674983	1940296
ILMN_1660376	2480379
ILMN_1672121	4850189
ILMN_1779428	5550259
ILMN_1656617	6550121
ILMN_1710885	620609
ILMN_1687928	1990670
ILMN_1748891	6400689
ILMN_3219443	1400639
ILMN_1716382	5810743
ILMN_1663991	6350538
ILMN_1683426	2680243
ILMN_1672049	3830674
ILMN_3201419	4780161
ILMN_3290681	7150064
ILMN_1813259	2650427
ILMN_3279277	60358
ILMN_1771483	730446
ILMN_1779852	830682
ILMN_1778211	1510274
ILMN_1710111	6770072
ILMN_1815932	1580291
ILMN_1710222	5340164
ILMN_1656218	430497
ILMN_3206132	940653
ILMN_3238120	2470152
ILMN_1746683	4860170
ILMN_1781762	5720240
ILMN_1669777	4860398
ILMN_1804766	6420370
ILMN_1775470	580274
ILMN_1734149	1820619
ILMN_3246242	3830292
ILMN_1683555	3610079
ILMN_1790727	2340546
ILMN_1656981	5570192
ILMN_1721984	3870139
ILMN_1672108	7000768
ILMN_1669180	3450386
ILMN_1755506	3120255
ILMN_1660358	4860022
ILMN_1720477	1940626
ILMN_1738217	4250450
ILMN_1702809	5900026
ILMN_1702341	6960221
ILMN_1811715	630075
ILMN_1704135	4780356
ILMN_3235383	2140465
ILMN_1759287	3800364
ILMN_1764967	870068
ILMN_1676091	2940066
ILMN_1670866	5090433
ILMN_3240698	3870349
ILMN_1741188	5360022
ILMN_1653801	6130040
ILMN_1729660	4900372
ILMN_1799031	20390
ILMN_1804278	2190044
ILMN_1794987	7550278
ILMN_1733466	1230551
ILMN_3279675	6330408
ILMN_1777286	7400047
ILMN_1814256	2030301
ILMN_1678312	4880037
ILMN_3290417	6130735
ILMN_3213244	6770288
ILMN_3236535	2260279
ILMN_1719851	2230280
ILMN_3237428	2070672
ILMN_1805654	1740091
ILMN_1682873	3400487
ILMN_1719340	7510270
ILMN_1709221	5490082
ILMN_1704987	50541
ILMN_2057408	670670
ILMN_1707433	3460435
ILMN_2057409	4760196
ILMN_3294277	4210497
ILMN_1667114	460050
ILMN_2050112	4250750
ILMN_1697121	5960204
ILMN_1656292	2900470
ILMN_3217473	3170358
ILMN_3282917	4280554
ILMN_3207020	1030139
ILMN_3285611	7550750
ILMN_1783835	6250687
ILMN_1748827	5860050
ILMN_1671114	770367
ILMN_3205603	580347
ILMN_3294156	1580451
ILMN_1652098	6590521
ILMN_1749834	1510017
ILMN_1677262	730379
ILMN_1799043	3370296
ILMN_1777905	7320736
ILMN_1659550	2190546
ILMN_1772646	6980376
ILMN_2199554	3830615
ILMN_3198247	4250446
ILMN_3289257	6420537
ILMN_1754990	1940050
ILMN_1783690	3170349
ILMN_1753766	5310148
ILMN_1671573	1510292
ILMN_1659737	7550088
ILMN_1803953	650605
ILMN_3201134	1740274
ILMN_3287646	6350491
ILMN_3235326	4850390
ILMN_1688661	2320685
ILMN_1729831	4200328
ILMN_3200242	4490066
ILMN_1783425	1940292
ILMN_1676043	6550110
ILMN_1683149	6020358
ILMN_1698291	1110181
ILMN_1733341	290598
ILMN_1695080	6480653
ILMN_3294282	4780114
ILMN_3207694	7380242
ILMN_1697373	1660164
ILMN_1718382	7380364
ILMN_1655462	7210315
ILMN_1762235	1850112
ILMN_1706865	6020020
ILMN_3279964	3360592
ILMN_1739134	5890639
ILMN_1776175	2750445
ILMN_1681062	2710102
ILMN_1752257	5050288
ILMN_1784824	6760735
ILMN_2163315	5090600
ILMN_1771299	6940470
ILMN_1785922	1410619
ILMN_1679771	4390037
ILMN_3241109	3780328
ILMN_1717825	3830369
ILMN_3291329	4900059
ILMN_1793529	3060424
ILMN_1679632	6290138
ILMN_1671566	2190008
ILMN_1792461	3360079
ILMN_1736882	5910368
ILMN_3210491	4390367
ILMN_3283569	1170138
ILMN_1695369	4040598
ILMN_3201517	1450026
ILMN_3277993	6620010
ILMN_1702727	1300128
ILMN_1760737	3870097
ILMN_1662603	5550523
ILMN_1678714	5260482
ILMN_1902172	6400040
ILMN_1748927	1510048
ILMN_1784535	4780575
ILMN_1806486	7000246
ILMN_3202626	520338
ILMN_3276990	5900373
ILMN_1800019	2510431
ILMN_1721916	3440592
ILMN_3280943	2340736
ILMN_3210171	2680612
ILMN_3286823	3840646
ILMN_3210917	3060148
ILMN_3285198	3190450
ILMN_1805447	4780603
ILMN_1787063	1110079
ILMN_1652763	6280386
ILMN_1787488	5700300
ILMN_3279017	6290349
ILMN_1814647	1940471
ILMN_1726312	1580414
ILMN_2170625	6180445
ILMN_1675421	7160139
ILMN_1808715	6860431
ILMN_1723417	1410458
ILMN_3217285	2760564
ILMN_3282773	5390368
ILMN_3283180	2030102
ILMN_3206672	4640139
ILMN_3239643	6370008
ILMN_1710772	430274
ILMN_3199798	2320634
ILMN_3280565	5090484
ILMN_1666215	2120278
ILMN_1701893	3120753
ILMN_3289699	460215
ILMN_1669804	4810397
ILMN_3215715	4570164
ILMN_3295494	4780044
ILMN_1671615	4610491
ILMN_1743111	2000309
ILMN_3200661	3130324
ILMN_3277137	5290035
ILMN_1814429	6180280
ILMN_1656492	2750082
ILMN_1704315	380491
ILMN_1793836	2140187
ILMN_1771905	50021
ILMN_2054938	6840403
ILMN_3202855	620474
ILMN_3278735	1090152
ILMN_3295235	4830259
ILMN_1665390	160471
ILMN_1660600	610347
ILMN_1656233	2600113
ILMN_1699912	3370368
ILMN_1787931	4040324
ILMN_2066296	5290195
ILMN_1719237	5690669
ILMN_1700466	6480626
ILMN_1662391	7400059
ILMN_1698757	2360114
ILMN_1714765	1770133
ILMN_1794131	870520
ILMN_3307102	5560176
ILMN_1726394	2360746
ILMN_1800380	2450471
ILMN_1770055	6330193
ILMN_1713141	670494
ILMN_3233626	2640477
ILMN_3202863	4760544
ILMN_1651281	1500523
ILMN_1661843	6250437
ILMN_1679700	3180131
ILMN_1745851	1690220
ILMN_3248296	2480463
ILMN_1682931	2970626
ILMN_1729076	4640681
ILMN_3235198	4540411
ILMN_1697445	3610703
ILMN_3294134	1190121
ILMN_3274187	4210296
ILMN_3219550	4290187
ILMN_1652740	3800390
ILMN_1665823	160047
ILMN_1746309	2940192
ILMN_2373137	5700358
ILMN_2249018	2140541
ILMN_1722054	2230685
ILMN_1769771	6220564
ILMN_2144295	1500717
ILMN_1661514	6590307
ILMN_1685008	5960138
ILMN_1659851	3390167
ILMN_1672526	1740239
ILMN_1804923	5960040
ILMN_1672806	5270133
ILMN_3296855	3710468
ILMN_3277715	2340053
ILMN_3201239	5550164
ILMN_1654279	2650551
ILMN_1803308	4180553
ILMN_1747423	770358
ILMN_1775367	7650102
ILMN_1771554	6130286
ILMN_1760434	3890612
ILMN_1674925	5910037
ILMN_1667236	4570706
ILMN_1706027	6330403
ILMN_3199598	4890019
ILMN_1676925	3360561
ILMN_3280429	2850132
ILMN_3292572	360154
ILMN_3199929	4730368
ILMN_1733692	130722
ILMN_1754441	3440632
ILMN_1696990	6130192
ILMN_3205914	4610059
ILMN_1732096	6040520
ILMN_3207217	3140341
ILMN_3285216	4900315
ILMN_1666310	4250010
ILMN_1657147	460762
ILMN_3275799	3060369
ILMN_3204838	7550725
ILMN_1652967	3310768
ILMN_3284584	2810050
ILMN_1783864	110491
ILMN_1676765	510397
ILMN_1752146	2340020
ILMN_1784901	4490156
ILMN_1751023	6940672
ILMN_1708049	5570243
ILMN_1692982	270433
ILMN_1785462	5090129
ILMN_1694331	7050246
ILMN_3294919	7330204
ILMN_1727153	2630477
ILMN_3283977	5080541
ILMN_1656636	1710762
ILMN_1723855	4610025
ILMN_1665781	3710471
ILMN_1656527	7610435
ILMN_1691366	5690088
ILMN_1780711	3800202
ILMN_1722171	630471
ILMN_1805403	5260446
ILMN_1690954	20128
ILMN_3295030	4590242
ILMN_3233930	6270193
ILMN_1662550	840328
ILMN_1734580	380048
ILMN_1653995	5090390
ILMN_3287309	450010
ILMN_1681308	3990110
ILMN_1667507	3990400
ILMN_3284597	3450494
ILMN_3204590	1990148
ILMN_3241354	6480414
ILMN_1692243	1050048
ILMN_3285753	7510747
ILMN_1780904	7400731
ILMN_2130477	4260524
ILMN_1722801	1980414
ILMN_1671292	6400524
ILMN_1656882	6280136
ILMN_1672729	7320369
ILMN_3202396	650685
ILMN_1718278	2680379
ILMN_1796785	3610400
ILMN_2254943	4120070
ILMN_1722484	7510438
ILMN_3291418	870634
ILMN_3216080	2650739
ILMN_1685906	6590403
ILMN_1740784	4730735
ILMN_3286875	4920603
ILMN_1802827	6040661
ILMN_1700436	2190379
ILMN_3243519	3450465
ILMN_1787469	5490026
ILMN_1666477	6900139
ILMN_1800875	6840019
ILMN_1722154	2370113
ILMN_1682350	4860360
ILMN_1717770	6370709
ILMN_3284433	870270
ILMN_3293681	2640082
ILMN_1718997	5570451
ILMN_1691243	3610674
ILMN_1788170	3400162
ILMN_1733925	1240092
ILMN_1656867	110541
ILMN_1659370	3450070
ILMN_3286813	2190630
ILMN_1688757	4250324
ILMN_1721342	7560064
ILMN_1774109	2100403
ILMN_3290248	5690497
ILMN_3291437	4220240
ILMN_3215771	4480369
ILMN_1806015	430019
ILMN_3290177	4250121
ILMN_3205656	6550092
ILMN_3289437	2600482
ILMN_1656637	1440228
ILMN_1770854	3360692
ILMN_3275447	3930239
ILMN_3205762	4730279
ILMN_3282570	1580600
ILMN_3207139	990021
ILMN_3296870	2470274
ILMN_1802963	6550594
ILMN_3291324	1580075
ILMN_1738158	1450152
ILMN_3283090	2940309
ILMN_3286353	1450601
ILMN_1792622	5890309
ILMN_1789148	990400
ILMN_1732760	2940639
ILMN_1702780	4260626
ILMN_1767047	1770039
ILMN_1653566	2120070
ILMN_1798664	6590162
ILMN_3201747	2490392
ILMN_3283244	4150121
ILMN_1654185	1070161
ILMN_1812600	2140435
ILMN_1776716	6650286
ILMN_3284222	2710202
ILMN_3293367	3390674
ILMN_1738174	6330291
ILMN_1798573	780470
ILMN_1764308	4590592
ILMN_1793300	6100519
ILMN_3200179	4210333
ILMN_1793486	6400181
ILMN_3292163	2450255
ILMN_1721393	2640382
ILMN_3277826	2360504
ILMN_1654871	2450309
ILMN_3286067	3310681
ILMN_3288659	780274
ILMN_3206661	5570301
ILMN_1724113	4180040
ILMN_3294217	3060209
ILMN_3274339	7150750
ILMN_1706117	6770315
ILMN_3219808	6060259
ILMN_3275540	7550703
ILMN_1743207	7000239
ILMN_1795309	5570441
ILMN_1657991	6860725
ILMN_1662239	6510326
ILMN_1778852	2260605
ILMN_1692245	4860202
ILMN_3244121	4810672
ILMN_3244233	6400743
ILMN_1656853	6770452
ILMN_3202648	520056
ILMN_3289679	1850088
ILMN_1705779	3830474
ILMN_1746692	4730689
ILMN_3278627	6130075
ILMN_1808793	2350519
ILMN_1656720	7570594
ILMN_3280952	1240427
ILMN_3199994	3940400
ILMN_1746252	6020669
ILMN_1715747	5900128
ILMN_3277297	670646
ILMN_3290577	520672
ILMN_1792651	460242
ILMN_3203976	1740358
ILMN_3199818	1110059
ILMN_1674758	1260427
ILMN_3293070	4180719
ILMN_2092496	1070438
ILMN_1701526	2510095
ILMN_1652876	830743
ILMN_1740724	2710356
ILMN_1703109	2970136
ILMN_3239408	7560685
ILMN_1737191	6020711
ILMN_3277321	6100039
ILMN_1736171	4180114
ILMN_1761268	4810332
ILMN_1668069	7380475
ILMN_3201975	2680095
ILMN_3202373	1400328
ILMN_3233881	7100100
ILMN_3279652	1990372
ILMN_3235133	110035
ILMN_1730590	5310039
ILMN_3276676	4120678
ILMN_1662506	1710201
ILMN_1775007	1450398
ILMN_3293065	2940162
ILMN_3211831	6770725
ILMN_3202024	2260196
ILMN_3288717	2750685
ILMN_1662627	2810341
ILMN_1709501	5820612
ILMN_3280827	6480255
ILMN_3296741	3400068
ILMN_1668646	6280280
ILMN_1767653	510626
ILMN_1738367	990746
ILMN_3274711	6220048
ILMN_1693465	5700022
ILMN_3284084	5090634
ILMN_1697979	3370259
ILMN_1765878	3710102
ILMN_1726011	5270612
ILMN_1687913	6350022
ILMN_3245390	7000762
ILMN_1661389	4920259
ILMN_1710323	6370121
ILMN_3294642	6330139
ILMN_1690856	2450370
ILMN_1689634	2760128
ILMN_1669713	4920333
ILMN_3241522	4560673
ILMN_1807126	1690767
ILMN_1771251	270333
ILMN_3206270	270360
ILMN_3282783	5390348
ILMN_3246247	4250224
ILMN_1708023	6620445
ILMN_1744832	2650445
ILMN_1797954	3800072
ILMN_1795467	6770064
ILMN_1724822	5670091
ILMN_1706287	2900202
ILMN_3284114	4280202
ILMN_1775337	3800411
ILMN_1659318	4180646
ILMN_1768112	5890433
ILMN_1715696	7510142
ILMN_3284119	160091
ILMN_3207605	5550376
ILMN_1793686	4490224
ILMN_1661288	1400022
ILMN_3290393	830327
ILMN_3206111	7320392
ILMN_1778154	1740647
ILMN_1736860	5560615
ILMN_1701314	4490594
ILMN_3245156	2070259
ILMN_1660099	2360010
ILMN_1702303	5420484
ILMN_1753619	6400241
ILMN_1681848	430626
ILMN_3210549	150215
ILMN_3233838	3390601
ILMN_1765701	1740673
ILMN_3244176	1580246
ILMN_3209399	3520333
ILMN_1746502	6380221
ILMN_3289721	4670392
ILMN_3200330	4850136
ILMN_3204679	580017
ILMN_3284361	5910747
ILMN_3199609	6330343
ILMN_3284768	7040438
ILMN_1711385	2230474
ILMN_1780773	6650164
ILMN_3207454	150368
ILMN_3283965	5860228
ILMN_3287986	3440390
ILMN_3211488	3990048
ILMN_1708243	2970192
ILMN_1656939	7200148
ILMN_1797526	3440519
ILMN_3284771	830703
ILMN_3208259	3800152
ILMN_1811227	6200056
ILMN_1708929	7400477
ILMN_1683552	3990291
ILMN_1674068	1440041
ILMN_1779832	4890079
ILMN_1776956	3890091
ILMN_1806892	20739
ILMN_1782924	2260368
ILMN_1728091	150253
ILMN_1784090	5050215
ILMN_1748374	6180497
ILMN_3294263	5490154
ILMN_3285238	1010674
ILMN_3218223	4560504
ILMN_1667366	5310326
ILMN_3205364	2630482
ILMN_3232377	1030465
ILMN_3199718	2850546
ILMN_1772239	1660228
ILMN_3274405	3830468
ILMN_3287996	580553
ILMN_3202109	7040021
ILMN_1754865	7000228
ILMN_1699020	3850196
ILMN_1730768	6560014
ILMN_1782399	6980392
ILMN_3307611	2760435
ILMN_2320480	5260605
ILMN_1786168	5870020
ILMN_2215355	1570541
ILMN_1728338	4060717
ILMN_1783712	4760113
ILMN_1670371	6180386
ILMN_3204016	2260195
ILMN_3230752	6220392
ILMN_3209750	5560093
ILMN_3281877	6250450
ILMN_1713813	610025
ILMN_1738546	2970152
ILMN_1729680	60279
ILMN_1671190	510348
ILMN_1775473	1340639
ILMN_1725528	2120280
ILMN_1754678	6660059
ILMN_1759579	6770433
ILMN_1759989	1660110
ILMN_2083595	4250403
ILMN_1675165	6660494
ILMN_1773367	1510465
ILMN_1745933	2850224
ILMN_1700182	830326
ILMN_1700410	6100181
ILMN_3294196	3290397
ILMN_3289247	7570021
ILMN_1690382	1340279
ILMN_1782487	620403
ILMN_1704065	7100626
ILMN_1803473	5090142
ILMN_1805408	5570685
ILMN_3247269	3450048
ILMN_1754156	3360050
ILMN_1686847	6130546
ILMN_1790036	1990414
ILMN_3203098	2120487
ILMN_3275897	4070441
ILMN_1813362	610646
ILMN_1729197	1820288
ILMN_1655755	4010441
ILMN_1658950	4540358
ILMN_1684704	4590731
ILMN_1786423	3180047
ILMN_1756634	2100451
ILMN_1739335	5860608
ILMN_1680513	630563
ILMN_1680888	6280017
ILMN_1651846	7510301
ILMN_1754042	510600
ILMN_1661416	3830767
ILMN_1688749	770554
ILMN_1767303	3840746
ILMN_1702309	5810338
ILMN_1778507	2260301
ILMN_1811117	6130458
ILMN_3239077	3370753
ILMN_1686852	3180670
ILMN_3209921	4640246
ILMN_3294968	6110619
ILMN_2137499	510274
ILMN_1651341	1300341
ILMN_1656962	3610646
ILMN_2046856	5490603
ILMN_1791423	5310014
ILMN_1690870	1660138
ILMN_1668672	5080296
ILMN_2097358	4210020
ILMN_1813179	5130246
ILMN_3281155	580092
ILMN_3199780	4920379
ILMN_1749177	730609
ILMN_1813055	6960689
ILMN_1736471	940541
ILMN_3294213	5490632
ILMN_1813714	5390598
ILMN_1668629	6280167
ILMN_3276859	3360327
ILMN_3200378	6220537
ILMN_1665334	4200349
ILMN_1701891	1660068
ILMN_2231546	4010408
ILMN_2051684	1980369
ILMN_1740942	270064
ILMN_1656925	610224
ILMN_1658548	1010593
ILMN_1792528	4860309
ILMN_1699451	4760647
ILMN_1796353	3140433
ILMN_1752740	2320746
ILMN_3307276	450102
ILMN_1674285	4570451
ILMN_1656131	1470546
ILMN_1675946	6480390
ILMN_1683054	4390017
ILMN_2125590	1090524
ILMN_1722966	3440373
ILMN_1790572	2690220
ILMN_1655980	1240292
ILMN_1805911	3130386
ILMN_3307132	270095
ILMN_1784493	5570753
ILMN_1724282	1570632
ILMN_1688901	4560070
ILMN_1801122	6060678
ILMN_1751227	4860685
ILMN_1768286	1230692
ILMN_1672445	6770010
ILMN_1800520	540209
ILMN_2072598	3370762
ILMN_1688168	5390133
ILMN_2123478	2370274
ILMN_1857915	5570519
ILMN_2142255	4890608
ILMN_1738009	4920608
ILMN_1745884	3840095
ILMN_2067682	5080010
ILMN_3207086	1990059
ILMN_3279640	5900088
ILMN_1667104	4540386
ILMN_1744445	990132
ILMN_1672474	6550646
ILMN_3242368	940546
ILMN_3248480	4880072
ILMN_1767980	160129
ILMN_1798037	2350639
ILMN_1671510	5720647
ILMN_1761834	1340438
ILMN_3219969	380142
ILMN_3294652	5570632
ILMN_3219643	520603
ILMN_3274271	3800630
ILMN_3288966	160201
ILMN_3212469	650056
ILMN_3247311	5670541
ILMN_1722851	1740202
ILMN_2127451	4730332
ILMN_1705527	7510288
ILMN_3289074	3610594
ILMN_1809550	70066
ILMN_1660568	150491
ILMN_1815447	6590338
ILMN_1658060	6220364
ILMN_1762573	5810463
ILMN_3290385	2320102
ILMN_3287814	1010687
ILMN_3211314	3290520
ILMN_3244025	2690241
ILMN_3292008	610577
ILMN_1669233	6960452
ILMN_1740760	4070181
ILMN_3203515	2710639
ILMN_3285095	4760743
ILMN_1777759	4760097
ILMN_3207459	3450609
ILMN_3287459	6110136
ILMN_1656251	6840445
ILMN_3281438	3610008
ILMN_3204933	6580398
ILMN_3274586	3610598
ILMN_1653579	1400093
ILMN_3212126	4070468
ILMN_3232159	4730164
ILMN_1784900	7380687
ILMN_3213916	780707
ILMN_3281539	2640592
ILMN_1667785	5890132
ILMN_1766600	4640097
ILMN_1720499	3850612
ILMN_3292188	6400347
ILMN_1658868	6290167
ILMN_1687990	2490348
ILMN_1721802	1660747
ILMN_1712177	990709
ILMN_1659602	2490136
ILMN_3275585	2940114
ILMN_2407235	3610475
ILMN_1664610	6660433
ILMN_1655754	510519
ILMN_1694818	6660273
ILMN_1802542	3610270
ILMN_1681069	3800209
ILMN_1667443	1690634
ILMN_3289650	1170500
ILMN_3213568	6520035
ILMN_3218851	70131
ILMN_3234371	6330041
ILMN_2386631	4120669
ILMN_1743857	50482
ILMN_1726942	2850228
ILMN_1739318	6250356
ILMN_3291709	520468
ILMN_1723909	580364
ILMN_1676591	5870025
ILMN_1673808	2320156
ILMN_3244846	460053
ILMN_1695343	1070039
ILMN_1811909	2340739
ILMN_1767560	4850692
ILMN_1687080	3440670
ILMN_3250606	290753
ILMN_1690423	6370598
ILMN_1753125	6550239
ILMN_1810345	510026
ILMN_3201604	6020138
ILMN_3279354	6270497
ILMN_1704789	770110
ILMN_1773826	7570072
ILMN_1735392	990605
ILMN_1699131	3060402
ILMN_1693276	7570674
ILMN_1727049	1570167
ILMN_1674685	3440382
ILMN_1769288	6480240
ILMN_1693822	4560674
ILMN_1669819	6620612
ILMN_1782286	4250152
ILMN_1708542	7550736
ILMN_1656921	3130411
ILMN_1696781	2900367
ILMN_1780218	4060152
ILMN_1658768	4560630
ILMN_1686811	6130259
ILMN_1685785	2450035
ILMN_1710195	2260014
ILMN_1690638	2940307
ILMN_1801032	1740524
ILMN_1690629	1660445
ILMN_1738356	2650026
ILMN_1681464	630605
ILMN_1668473	1010553
ILMN_1683798	6020494
ILMN_2198893	730195
ILMN_1688124	730743
ILMN_3244276	2030138
ILMN_1774608	1030521
ILMN_1691994	3940180
ILMN_1701515	4040431
ILMN_1893633	4560088
ILMN_3283960	1070369
ILMN_1694707	7210332
ILMN_3213792	2100112
ILMN_3290298	3890360
ILMN_1699714	2140564
ILMN_1666200	4150082
ILMN_2139740	4200279
ILMN_1671045	2760438
ILMN_3218306	290491
ILMN_1684298	1740470
ILMN_1688434	4070286
ILMN_1749546	5220327
ILMN_1684709	6420064
ILMN_3243639	6520541
ILMN_3232605	1450170
ILMN_3200511	7100246
ILMN_3276794	6590768
ILMN_1664154	4220491
ILMN_3200739	4780598
ILMN_3279365	5810181
ILMN_3202883	6330609
ILMN_3212187	630064
ILMN_3280594	4490482
ILMN_3201115	4180278
ILMN_2084912	4890148
ILMN_1700316	3460553
ILMN_1721812	4210468
ILMN_3284127	10128
ILMN_3207615	5720750
ILMN_3208715	10441
ILMN_1813978	4210673
ILMN_1652218	520768
ILMN_1661055	1430747
ILMN_1721478	5490338
ILMN_1734536	7510402
ILMN_1709004	2340086
ILMN_1769705	3180541
ILMN_2061979	5560414
ILMN_1652687	460309
ILMN_1676238	3290274
ILMN_3202378	2480246
ILMN_3274882	6550634
ILMN_3232061	3930634
ILMN_1810330	6130706
ILMN_1759374	4480762
ILMN_1809662	60369
ILMN_2226415	1660181
ILMN_2082893	4280093
ILMN_1715693	3850367
ILMN_3199846	2320682
ILMN_3276319	4900441
ILMN_3276504	2970440
ILMN_1667052	10202
ILMN_3250421	3840372
ILMN_1742200	4280626
ILMN_3250491	5220487
ILMN_1672355	3420112
ILMN_1792396	6660301
ILMN_3241535	7560743
ILMN_1680614	10309
ILMN_1695865	3710482
ILMN_1684875	4890132
ILMN_1691163	6180612
ILMN_1656110	7380482
ILMN_1796538	6770193
ILMN_1759422	6450750
ILMN_1799069	2850068
ILMN_1766211	3440154
ILMN_1671091	130612
ILMN_1751969	6550142
ILMN_1719993	3190577
ILMN_3245809	3780309
ILMN_1705869	4150092
ILMN_3214684	3310360
ILMN_1686160	2370379
ILMN_3288706	3440577
ILMN_3202591	3520603
ILMN_1749984	2510561
ILMN_3307107	4150301
ILMN_3240669	770491
ILMN_3283146	3460050
ILMN_1676577	5290113
ILMN_3284429	5220148
ILMN_1687568	4670025
ILMN_1803087	2340435
ILMN_1673933	870037
ILMN_1787746	730215
ILMN_1694887	1500091
ILMN_1774955	1710274
ILMN_1710192	2450070
ILMN_1669657	3780594
ILMN_2147105	1230278
ILMN_1667169	2490187
ILMN_1761422	4590097
ILMN_2098726	5090164
ILMN_1685305	4900403
ILMN_3243664	270747
ILMN_1782377	3610612
ILMN_2184007	5550615
ILMN_1717129	2360364
ILMN_1706434	5870307
ILMN_1716275	6620671
ILMN_3233445	270246
ILMN_3199438	840382
ILMN_1797612	4150154
ILMN_1668531	2030356
ILMN_3250752	3420215
ILMN_3249902	6760093
ILMN_1730136	6560707
ILMN_2191759	3400441
ILMN_1723017	7160630
ILMN_1703460	4210484
ILMN_1731749	4180241
ILMN_1722479	6020689
ILMN_3287849	830017
ILMN_1795520	4050162
ILMN_1700048	2490280
ILMN_1666881	4590750
ILMN_1656402	1410349
ILMN_1717554	1740368
ILMN_1741095	2120041
ILMN_1740112	2510309
ILMN_1700427	4810500
ILMN_1779572	6420138
ILMN_3281195	360242
ILMN_3204686	6760010
ILMN_3296002	130129
ILMN_3278132	580367
ILMN_1797098	4860564
ILMN_1690909	3130189
ILMN_1791467	3290482
ILMN_1657086	2230435
ILMN_1684407	6110156
ILMN_1703557	2850017
ILMN_1662409	5810092
ILMN_1746240	4610709
ILMN_1708558	4890025
ILMN_1770795	4210328
ILMN_3245015	5550097
ILMN_1664289	270731
ILMN_3287157	5090711
ILMN_1726762	670601
ILMN_1777170	110333
ILMN_1652768	130224
ILMN_1737074	5870328
ILMN_3218248	2030008
ILMN_3279414	3990672
ILMN_1760133	6650156
ILMN_1754955	5860328
ILMN_1673421	830390
ILMN_1810252	130468
ILMN_1683250	4010270
ILMN_1671217	5310494
ILMN_1683447	10370
ILMN_3307247	1090632
ILMN_1654365	3360162
ILMN_1756637	1450382
ILMN_1708145	3830594
ILMN_1676440	1470093
ILMN_1722913	2650360
ILMN_1772650	3190139
ILMN_1751509	7320242
ILMN_1799485	5390424
ILMN_1713750	3420220
ILMN_1672074	1430458
ILMN_1738867	5130037
ILMN_3242043	5390047
ILMN_1683417	7550398
ILMN_1731085	1690368
ILMN_1706536	50082
ILMN_1769703	5900102
ILMN_3249846	1660372
ILMN_1704761	1990131
ILMN_1799569	5080612
ILMN_3250389	5090577
ILMN_1747112	5130711
ILMN_1746362	5310575
ILMN_3250403	5560709
ILMN_1804885	5700661
ILMN_1678440	770100
ILMN_1770994	6280129
ILMN_1815953	430730
ILMN_1677764	1580326
ILMN_1742607	5270594
ILMN_1679545	1440136
ILMN_1773952	3370286
ILMN_1657421	5690288
ILMN_1709065	270435
ILMN_1663081	1660133
ILMN_2402930	840296
ILMN_2402936	2360136
ILMN_1689712	3190348
ILMN_1713764	1340100
ILMN_1741507	2690228
ILMN_1701112	6550463
ILMN_1769644	4610358
ILMN_3245869	540240
ILMN_1698043	780059
ILMN_1698578	5960048
ILMN_1715536	2350470
ILMN_3283449	4880195
ILMN_1673296	770139
ILMN_1765032	3060341
ILMN_1809146	6980450
ILMN_1803749	4260370
ILMN_1788951	2260240
ILMN_3294322	2850161
ILMN_3200384	2370114
ILMN_3276861	3610333
ILMN_1791597	1990162
ILMN_3201965	5560356
ILMN_3278438	6660082
ILMN_1761281	6860162
ILMN_1768298	4070041
ILMN_1716601	2120347
ILMN_1683498	6550139
ILMN_1693523	3420091
ILMN_1711492	1090181
ILMN_1705148	150470
ILMN_1774390	4200180
ILMN_1662569	2030167
ILMN_1730616	450373
ILMN_1714808	5820594
ILMN_1670832	4200114
ILMN_3213692	450382
ILMN_3290199	1240035
ILMN_1750893	2000470
ILMN_1664103	6200280
ILMN_1719579	6350193
ILMN_1809404	2360725
ILMN_1742163	7100307
ILMN_3244506	6660086
ILMN_1714286	6350523
ILMN_1766345	1690471
ILMN_1796268	7610497
ILMN_1681076	2470167
ILMN_1807579	3060079
ILMN_2146233	3290240
ILMN_1778111	2850437
ILMN_1682912	4060014
ILMN_1697123	610541
ILMN_1758205	6520519
ILMN_3289920	2320674
ILMN_3200414	3870184
ILMN_1684730	290100
ILMN_1778980	5420682
ILMN_1743755	5820634
ILMN_1777650	5890270
ILMN_3200597	2710100
ILMN_1722733	510465
ILMN_1767514	2510100
ILMN_1681638	4060463
ILMN_1721733	7100142
ILMN_1790162	7200474
ILMN_3204997	2850561
ILMN_1737346	3290097
ILMN_1742967	730546
ILMN_1696600	3170121
ILMN_1763202	540019
ILMN_1781886	5550632
ILMN_1715546	240463
ILMN_1788439	270474
ILMN_1652646	5340706
ILMN_3248980	6980136
ILMN_1676200	5890128
ILMN_1667452	3060739
ILMN_1747466	1850070
ILMN_3218786	2000273
ILMN_1663962	6370564
ILMN_1732644	3440626
ILMN_1710200	2190767
ILMN_1749907	4040563
ILMN_3277402	6840008
ILMN_1788742	580717
ILMN_1672113	2510195
ILMN_2144352	6100605
ILMN_3205175	5550563
ILMN_3281684	6520521
ILMN_2171597	1090279
ILMN_2171596	2940491
ILMN_1662397	4290113
ILMN_1675258	3610192
ILMN_1763999	1850484
ILMN_2231608	3290156
ILMN_1764697	5290725
ILMN_1658018	5890142
ILMN_1664629	1570377
ILMN_1669532	6550414
ILMN_1664937	1740400
ILMN_1675099	3520373
ILMN_1784891	270138
ILMN_1762215	5810193
ILMN_1761361	990253
ILMN_1779713	1170376
ILMN_1771723	160653
ILMN_2159290	1980349
ILMN_1677697	830484
ILMN_1654452	6270392
ILMN_1741079	840307
ILMN_1659273	4390504
ILMN_3279358	840246
ILMN_3220268	2510142
ILMN_3248688	1510288
ILMN_1724398	3060451
ILMN_1665210	3170471
ILMN_1793430	6980519
ILMN_1762977	7510601
ILMN_1683158	1030470
ILMN_3199590	1190639
ILMN_3289934	1260324
ILMN_3200854	4040110
ILMN_3277332	6020685
ILMN_1718034	6840270
ILMN_3278170	940014
ILMN_1733360	6130170
ILMN_1702496	5270414
ILMN_3285621	3370470
ILMN_3213925	3840474
ILMN_3292274	1710301
ILMN_3215759	5810519
ILMN_3277722	4280463
ILMN_1814007	2470747
ILMN_3204134	3060324
ILMN_3249349	730669
ILMN_3274435	4670673
ILMN_3201750	6100131
ILMN_3280020	1690435
ILMN_3219764	2370192
ILMN_1674201	6860592
ILMN_1703881	4880523
ILMN_3213930	610161
ILMN_1699059	6400100
ILMN_1781275	4850358
ILMN_3201216	110435
ILMN_1781490	270370
ILMN_1716935	6980682
ILMN_1730744	6380739
ILMN_2221063	7510564
ILMN_1731707	3360072
ILMN_2129734	6380408
ILMN_1761445	3870491
ILMN_1660824	5550605
ILMN_3197732	1260433
ILMN_3290204	7050039
ILMN_1677416	4250475
ILMN_1653207	1090040
ILMN_1720242	6510671
ILMN_3239709	3140201
ILMN_1723702	270040
ILMN_3289499	630113
ILMN_1725455	2900647
ILMN_1783959	1710112
ILMN_3219695	2120563
ILMN_3292585	3890068
ILMN_3291778	770706
ILMN_3215268	5670402
ILMN_1800562	4010026
ILMN_3199499	1580364
ILMN_3275972	5720653
ILMN_3197823	4560286
ILMN_3242567	770215
ILMN_3203360	580070
ILMN_3286112	1470338
ILMN_1743943	460278
ILMN_2110829	70286
ILMN_1799920	4780424
ILMN_1718166	450239
ILMN_1657285	4280379
ILMN_1703337	5870678
ILMN_3275258	450646
ILMN_3198790	1690181
ILMN_1677076	780082
ILMN_1771757	630484
ILMN_1695598	5720747
ILMN_1810803	1850750
ILMN_1689036	3170528
ILMN_1689420	380093
ILMN_1667062	5490047
ILMN_3296640	5260093
ILMN_1681049	4560491
ILMN_1669647	3130553
ILMN_1741701	7000445
ILMN_1682454	4610286
ILMN_1683604	7560170
ILMN_1813239	150711
ILMN_1708608	1980041
ILMN_1685353	5720332
ILMN_1652799	5290609
ILMN_1796285	4040112
ILMN_1713394	6280021
ILMN_3207490	1090647
ILMN_3284003	1580731
ILMN_1672320	7050259
ILMN_1711072	2760180
ILMN_1804455	2070612
ILMN_1719826	2640259
ILMN_1736408	5570079
ILMN_1762170	7570168
ILMN_3199529	6550592
ILMN_3276002	7000497
ILMN_1685988	6660450
ILMN_1700230	3370044
ILMN_1813284	2680356
ILMN_1653506	160327
ILMN_1752367	2510400
ILMN_1671200	3400471
ILMN_3203801	1570647
ILMN_3280308	6580114
ILMN_1675765	6130307
ILMN_1677797	5390452
ILMN_1712689	3940113
ILMN_1724391	6550615
ILMN_3289346	3610520
ILMN_1729385	1770414
ILMN_3284994	2690767
ILMN_3208487	3440706
ILMN_1672365	1090376
ILMN_1709036	3400154
ILMN_1782116	4250326
ILMN_3292840	7210014
ILMN_1765487	5310450
ILMN_3199896	4850328
ILMN_3289364	460152
ILMN_3275224	4050095
ILMN_1674138	6840431
ILMN_3207722	3310086
ILMN_1700713	780039
ILMN_1656073	4610743
ILMN_1669427	6580181
ILMN_1654673	5390286
ILMN_3274944	6560551
ILMN_1728450	150687
ILMN_3279987	2260681
ILMN_3201365	7400427
ILMN_3213586	1660040
ILMN_3290096	5310433
ILMN_2193761	1400307
ILMN_3213964	380307
ILMN_3290470	2760440
ILMN_1725208	7200048
ILMN_1724119	4670039
ILMN_3293503	5910682
ILMN_1769151	6200435
ILMN_1710876	2470709
ILMN_3248008	1230446
ILMN_1702316	1240735
ILMN_3197896	5130685
ILMN_3274364	5890377
ILMN_1695814	3370670
ILMN_1666718	2140747
ILMN_3243093	1580471
ILMN_1677166	5900563
ILMN_1660985	1770349
ILMN_1742357	830202
ILMN_1709175	5700154
ILMN_1785452	5050209
ILMN_1705577	1470193
ILMN_3217062	4540553
ILMN_3287809	540341
ILMN_3294007	5490746
ILMN_1692889	1710082
ILMN_1804654	520487
ILMN_1711729	5890176
ILMN_3235907	2900541
ILMN_1791875	4070497
ILMN_1731957	6330148
ILMN_1805051	2060768
ILMN_1721614	110377
ILMN_1700616	160576
ILMN_1681884	4810170
ILMN_1754532	5910725
ILMN_1693077	2030241
ILMN_1754249	780504
ILMN_3247813	4280209
ILMN_1654049	4860477
ILMN_1667789	2600592
ILMN_1690224	7550647
ILMN_1663173	5050164
ILMN_1684897	1170731
ILMN_1655842	2710121
ILMN_1665150	6200491
ILMN_3200018	1990341
ILMN_3283592	4050414
ILMN_3204822	870035
ILMN_3234157	430435
ILMN_3201380	6900575
ILMN_1679779	1240347
ILMN_1655428	4590414
ILMN_1708048	2320520
ILMN_3291472	4640022
ILMN_1790114	1030706
ILMN_2159471	4880044
ILMN_1682711	510768
ILMN_1767665	5720438
ILMN_3292784	6590092
ILMN_1717565	2470086
ILMN_1786564	6400445
ILMN_1788803	6400164
ILMN_1682607	5570707
ILMN_1708015	1190148
ILMN_1709312	5960600
ILMN_1772064	5810450
ILMN_1702797	2000674
ILMN_1696846	5550575
ILMN_3288752	2760762
ILMN_1745071	4260358
ILMN_1798472	830592
ILMN_1808053	2810477
ILMN_3247645	1440753
ILMN_3237507	7000338
ILMN_3235775	3360040
ILMN_2054070	3890646
ILMN_1766867	3520035
ILMN_1703678	4250592
ILMN_1704431	2480132
ILMN_1690036	2570397
ILMN_3294499	1940202
ILMN_1693645	4590431
ILMN_1781236	3170646
ILMN_1770410	5560243
ILMN_1769636	6840722
ILMN_1749341	840762
ILMN_1801641	7100398
ILMN_1757747	1110221
ILMN_1764714	1430689
ILMN_3247400	7330209
ILMN_1705508	6660291
ILMN_2200562	290196
ILMN_1731804	3420053
ILMN_2125747	5670372
ILMN_1696843	2760189
ILMN_2070052	4180563
ILMN_3239783	6480719
ILMN_1725157	6350435
ILMN_1702183	6270315
ILMN_2214947	1410754
ILMN_1764782	6110370
ILMN_1753973	6960520
ILMN_3249624	2810670
ILMN_1765124	4210402
ILMN_3239625	7150524
ILMN_3208464	840129
ILMN_1707904	450435
ILMN_1702167	5090148
ILMN_2141030	4050603
ILMN_1698164	4210722
ILMN_1698136	2940519
ILMN_1806215	380678
ILMN_1771747	4590201
ILMN_1705630	6040280
ILMN_1761865	2600364
ILMN_1766542	60682
ILMN_1670410	150626
ILMN_1671701	5130554
ILMN_1739531	7000452
ILMN_1665168	10035
ILMN_1672112	6020537
ILMN_1722929	5270376
ILMN_1695694	6650154
ILMN_3241118	4010619
ILMN_1653768	2750010
ILMN_1679208	670066
ILMN_1657163	7400382
ILMN_1670165	2810324
ILMN_1683742	5960220
ILMN_1664008	1690020
ILMN_3200421	7510148
ILMN_1692249	2810270
ILMN_1663415	5270114
ILMN_1691592	780048
ILMN_1733707	2850280
ILMN_3236861	4060689
ILMN_1692198	20746
ILMN_1812049	540358
ILMN_1678886	5310601
ILMN_3242288	4540441
ILMN_1664410	2710035
ILMN_1678145	3940129
ILMN_1772057	5570097
ILMN_3242111	630025
ILMN_1764095	5270458
ILMN_3238297	6270129
ILMN_1669096	6040128
ILMN_1780502	2750307
ILMN_1660241	6200707
ILMN_1685559	1940240
ILMN_1787717	1240053
ILMN_1780772	4640280
ILMN_1681300	7330626
ILMN_3205604	7150605
ILMN_3292243	7200075
ILMN_1656325	5820196
ILMN_3243297	6900608
ILMN_1668541	60451
ILMN_1697626	6480288
ILMN_1658022	3890037
ILMN_1789314	1050376
ILMN_1660357	6620576
ILMN_1668334	2600709
ILMN_2234526	2030463
ILMN_1716579	6760382
ILMN_3243011	7330491
ILMN_1652079	990156
ILMN_1679025	2640255
ILMN_1745900	3850278
ILMN_1652927	6760292
ILMN_1762624	6450601
ILMN_1668397	3870725
ILMN_1808754	4180220
ILMN_1749481	6860358
ILMN_1721312	3460382
ILMN_1689093	4230082
ILMN_1739822	1850142
ILMN_1715075	2970450
ILMN_1674538	1050437
ILMN_1777671	4850022
ILMN_3278642	6380594
ILMN_1661032	4590348
ILMN_1669418	2810736
ILMN_1662164	1990192
ILMN_1666278	4860497
ILMN_1690981	2140458
ILMN_1680840	7210132
ILMN_2188405	520088
ILMN_1727230	2070292
ILMN_1684714	6550523
ILMN_1683853	840743
ILMN_1787547	3120100
ILMN_1653650	4010500
ILMN_1654672	2230131
ILMN_1697232	7380050
ILMN_1667529	1990746
ILMN_1686759	6960670
ILMN_1655624	6840279
ILMN_1801867	6350725
ILMN_1700932	4920358
ILMN_1803968	6100678
ILMN_1783427	770082
ILMN_1790759	160037
ILMN_1726186	3140576
ILMN_1770831	1820670
ILMN_1744497	7320553
ILMN_1805251	380347
ILMN_1737951	6940142
ILMN_1695858	10301
ILMN_1652113	4880674
ILMN_3243476	6330142
ILMN_1695872	270519
ILMN_1712289	2900601
ILMN_1671589	6900471
ILMN_1773390	4560368
ILMN_1685520	2680377
ILMN_1656448	290347
ILMN_1656019	5670176
ILMN_1666848	1260114
ILMN_3287972	870047
ILMN_3207902	3390242
ILMN_1766663	2850053
ILMN_1678159	5890682
ILMN_1804970	7550619
ILMN_1799576	290047
ILMN_1701641	20736
ILMN_2201573	4290703
ILMN_1655694	6770091
ILMN_1655162	2070328
ILMN_1673753	3710682
ILMN_1657996	4040086
ILMN_1672360	160477
ILMN_1807971	1500209
ILMN_1679819	2450326
ILMN_1737172	3440274
ILMN_1807182	4810682
ILMN_1720255	20674
ILMN_3243714	3060520
ILMN_3243871	1990102
ILMN_1656579	6180008
ILMN_1672830	7040239
ILMN_1680772	6550440
ILMN_1705874	3830242
ILMN_1717406	2350014
ILMN_1693995	1690048
ILMN_1712999	5890386
ILMN_1772669	6220475
ILMN_1715838	510324
ILMN_1783975	1440373
ILMN_1664955	4040553
ILMN_1654378	4280070
ILMN_1748235	110358
ILMN_1681053	3290528
ILMN_1652199	6450102
ILMN_1736817	3360577
ILMN_1770596	2850181
ILMN_1659639	770048
ILMN_1658942	1580064
ILMN_3286154	2360129
ILMN_1715165	2850427
ILMN_3212395	2360739
ILMN_3233110	6400110
ILMN_1791084	4260743
ILMN_1742867	5720209
ILMN_1667166	1780477
ILMN_1799693	3870427
ILMN_1730138	430661
ILMN_1736415	3830722
ILMN_1786892	6350524
ILMN_1733235	6270692
ILMN_1810780	20639
ILMN_1770842	3120167
ILMN_1681189	5900086
ILMN_1665007	3140593
ILMN_1671320	2450497
ILMN_1674153	7050452
ILMN_1651403	3520327
ILMN_1662956	2600719
ILMN_1686052	3610632
ILMN_1711969	3130402
ILMN_1722447	7400136
ILMN_1815251	1260196
ILMN_1745862	1300564
ILMN_1661289	6760296
ILMN_1800169	3890204
ILMN_1681411	70398
ILMN_1660674	4070414
ILMN_1802115	7550561
ILMN_1796181	4610601
ILMN_1671258	3440221
ILMN_1737215	650360
ILMN_1699027	1510577
ILMN_1800588	6660669
ILMN_1783469	2000138
ILMN_1733374	5130601
ILMN_1815303	6620739
ILMN_1691062	5820047
ILMN_1704204	3850403
ILMN_1744618	6940131
ILMN_1715926	6510753
ILMN_1655510	1770673
ILMN_1702030	270630
ILMN_1748626	1030035
ILMN_1724508	3400022
ILMN_1685713	4210048
ILMN_1748483	2190576
ILMN_1813280	5720736
ILMN_1679169	6560243
ILMN_1657715	5080114
ILMN_1656182	1190615
ILMN_1757601	7210193
ILMN_1690970	4200369
ILMN_1724230	780255
ILMN_1793148	870010
ILMN_1705496	3930280
ILMN_1685125	6270736
ILMN_1797398	780164
ILMN_1792532	6620095
ILMN_1789690	7000092
ILMN_1751146	3400100
ILMN_1687112	1300612
ILMN_3209845	1090066
ILMN_3286350	6860402
ILMN_1771861	150743
ILMN_1663416	2470541
ILMN_1767929	360059
ILMN_1678318	4070767
ILMN_1719678	4610603
ILMN_1717264	4640025
ILMN_1665621	1410167
ILMN_1679371	2370037
ILMN_1679867	4730040
ILMN_1652745	50064
ILMN_1676596	3930192
ILMN_1766894	1050224
ILMN_1686514	460653
ILMN_1698519	2230575
ILMN_1652430	650703
ILMN_1718352	240619
ILMN_1721700	2650088
ILMN_1814909	2260170
ILMN_1754535	4640129
ILMN_1695960	4070685
ILMN_1658571	3440093
ILMN_1689604	3710593
ILMN_1752406	150259
ILMN_1684166	7650241
ILMN_1659038	3890021
ILMN_1677124	1430411
ILMN_1724394	3990632
ILMN_1656401	1050228
ILMN_1808218	5220390
ILMN_1810431	6020561
ILMN_1800701	2970546
ILMN_3230646	2470491
ILMN_3199454	4040259
ILMN_1711965	2760020
ILMN_1736461	5820706
ILMN_1775236	6560612
ILMN_1801104	5720010
ILMN_1658631	4220164
ILMN_1677732	3370196
ILMN_1712886	6130347
ILMN_1696027	5390148
ILMN_1789086	1260133
ILMN_1656772	2510113
ILMN_1768072	4250474
ILMN_1678325	6350156
ILMN_3201157	1770452
ILMN_1665086	2640020
ILMN_1704627	670427
ILMN_2042305	7380632
ILMN_1770818	2640671
ILMN_1709615	1410072
ILMN_1776386	6520368
ILMN_1653286	6330014
ILMN_3281128	2940605
ILMN_3204619	5420392
ILMN_1740644	2030021
ILMN_1758678	4250195
ILMN_1762995	50044
ILMN_1749716	1990139
ILMN_1789924	2470059
ILMN_1670716	4540762
ILMN_1685409	4050242
ILMN_3283155	1170309
ILMN_1778291	50523
ILMN_1653437	3890692
ILMN_1681996	1690592
ILMN_1697006	6130678
ILMN_2200799	1430440
ILMN_1765686	1710139
ILMN_1661853	2510608
ILMN_1667650	4390025
ILMN_1680799	7400349
ILMN_3292082	270398
ILMN_3215569	1580424
ILMN_1673397	6660519
ILMN_1786545	2850253
ILMN_1759698	60021
ILMN_1790984	1090022
ILMN_1702620	5420161
ILMN_1737297	6220056
ILMN_1675281	1820491
ILMN_1793460	5420273
ILMN_1679631	5810040
ILMN_1669443	7330577
ILMN_1677320	2570093
ILMN_1745214	2120435
ILMN_1811866	2260402
ILMN_1785455	990750
ILMN_1677959	1500370
ILMN_1686925	6060471
ILMN_1756407	20343
ILMN_1786382	630273
ILMN_1728798	3520301
ILMN_1773175	2190086
ILMN_1674953	7570730
ILMN_1764226	2760221
ILMN_3246497	3710100
ILMN_1666315	6590494
ILMN_1727365	610114
ILMN_1690846	1400176
ILMN_3244550	270349
ILMN_1790411	630450
ILMN_1664228	1070735
ILMN_1700453	7200064
ILMN_1735957	5050309
ILMN_1814575	7040041
ILMN_1796758	2940768
ILMN_1764886	2680286
ILMN_1776659	6330671
ILMN_1701521	150689
ILMN_1744754	4120246
ILMN_1780923	5810041
ILMN_1777901	160040
ILMN_1789957	1110292
ILMN_3248595	5670278
ILMN_1757084	2710301
ILMN_3278572	5260504
ILMN_3202093	6480497
ILMN_1671202	5890053
ILMN_1722012	6290504
ILMN_1773958	3370348
ILMN_1653865	360576
ILMN_2152028	6130278
ILMN_1713320	2970259
ILMN_1664254	3140615
ILMN_3286312	270390
ILMN_3209806	5890341
ILMN_1672000	610255
ILMN_1678280	3370241
ILMN_1652297	6510471
ILMN_1712405	7380300
ILMN_3276971	3440164
ILMN_3200492	6510202
ILMN_1668615	6900373
ILMN_1767318	2470201
ILMN_1672428	380047
ILMN_1794711	380519
ILMN_1738032	3180441
ILMN_1725872	7560070
ILMN_1757072	5260156
ILMN_1774242	460035
ILMN_1810900	4290707
ILMN_1779032	4640762
ILMN_1666024	3140482
ILMN_1808185	430471
ILMN_1664379	7040246
ILMN_1663935	6580070
ILMN_1712325	6650717
ILMN_3292320	160274
ILMN_3212461	2690504
ILMN_1693286	7160050
ILMN_1796419	2100487
ILMN_1667001	5220241
ILMN_1693223	3180593
ILMN_1654641	60008
ILMN_1710112	1190100
ILMN_1652319	3870440
ILMN_1666970	3520341
ILMN_1665365	2680392
ILMN_1702772	1070008
ILMN_1652611	5910520
ILMN_1700367	2140129
ILMN_3274226	580372
ILMN_3201556	1740152
ILMN_1810082	7400703
ILMN_3216275	2140592
ILMN_3289963	7160064
ILMN_1656176	3710520
ILMN_1668114	4290347
ILMN_1810567	7320019
ILMN_1679060	5820538
ILMN_1676011	1070131
ILMN_1750212	6110110
ILMN_1683460	4210450
ILMN_1667532	2900196
ILMN_3275771	5090382
ILMN_1657914	5860687
ILMN_1812043	1850279
ILMN_1672205	4610653
ILMN_1711599	1230711
ILMN_1705329	5130088
ILMN_1653314	4050564
ILMN_1658491	2120730
ILMN_1688380	5690348
ILMN_1662473	3930762
ILMN_3201658	6980292
ILMN_3278137	7040059
ILMN_1759913	6580333
ILMN_1767404	2480446
ILMN_3200921	5690291
ILMN_3279712	5690397
ILMN_1654226	2510377
ILMN_1779615	1710040
ILMN_1758259	6250343
ILMN_1652685	430221
ILMN_1676613	610382
ILMN_1662143	4180044
ILMN_1709910	7560131
ILMN_1664597	520441
ILMN_1693001	3780129
ILMN_1694382	240717
ILMN_1676335	1230138
ILMN_1729689	360692
ILMN_1784597	770397
ILMN_3239000	3370082
ILMN_1665574	3120343
ILMN_1805747	4670014
ILMN_2136989	360441
ILMN_3206537	6620736
ILMN_1799414	150386
ILMN_1721479	5570075
ILMN_1652206	6550575
ILMN_1700394	6100142
ILMN_1685399	1980181
ILMN_3294016	1010626
ILMN_3235588	6400341
ILMN_1661610	2750538
ILMN_1767810	60576
ILMN_1677372	3710634
ILMN_1808499	620367
ILMN_1771735	6420259
ILMN_1682335	7610068
ILMN_1681730	5340040
ILMN_1661292	6290687
ILMN_1755019	4730136
ILMN_1669193	2100020
ILMN_1680051	7050091
ILMN_1655479	4480386
ILMN_3237209	3800577
ILMN_1658983	830148
ILMN_1793239	6520736
ILMN_1769860	610707
ILMN_1661013	1400129
ILMN_1689970	1580609
ILMN_1690247	670575
ILMN_1760595	430762
ILMN_1702831	5870634
ILMN_1796206	2350121
ILMN_1682939	4220594
ILMN_1711114	3840546
ILMN_1700855	4860746
ILMN_1671780	1450014
ILMN_1660208	1660162
ILMN_1799207	5870341
ILMN_1773659	5550519
ILMN_1723373	2810196
ILMN_1676840	6960068
ILMN_1729591	3940202
ILMN_1717869	5340035
ILMN_1658608	6220647
ILMN_1777248	4900382
ILMN_1712137	2070221
ILMN_1670312	840731
ILMN_1684208	4860129
ILMN_1654922	580112
ILMN_1659421	6330300
ILMN_1726701	1400475
ILMN_1742269	4040168
ILMN_1658200	110703
ILMN_2096861	2900400
ILMN_1651507	7150692
ILMN_1686274	2000609
ILMN_1795077	2570241
ILMN_3285410	1470435
ILMN_3208229	3370390
ILMN_1756686	5910315
ILMN_3281599	2340471
ILMN_1718240	4120592
ILMN_1684818	4390270
ILMN_1692263	3130333
ILMN_1702278	670307
ILMN_1793287	1500619
ILMN_1655244	5860242
ILMN_1668976	870278
ILMN_1678411	6520544
ILMN_1813694	4780315
ILMN_1695251	7210328
ILMN_1691069	1510132
ILMN_1755489	2000040
ILMN_1701020	1510647
ILMN_1709768	6130673
ILMN_1778505	6520477
ILMN_1668554	60440
ILMN_1765640	5690458
ILMN_1695026	5690300
ILMN_1716431	5310743
ILMN_1658647	5860561
ILMN_1778128	940564
ILMN_1752798	2450392
ILMN_1666935	3610543
ILMN_1697157	6110424
ILMN_1740331	1940575
ILMN_1690689	5670239
ILMN_1777017	6020390
ILMN_3279960	6580647
ILMN_1674992	3990717
ILMN_1802358	5490543
ILMN_1656530	7570575
ILMN_1809870	6100068
ILMN_1769301	1940026
ILMN_3246199	4890687
ILMN_1654973	7380451
ILMN_1662271	5550504
ILMN_1676941	3890014
ILMN_3284296	5090167
ILMN_3217262	5670326
ILMN_1668359	4050286
ILMN_1749776	3190053
ILMN_1799137	3710328
ILMN_1678895	7000301
ILMN_1695034	1230022
ILMN_1810678	7560239
ILMN_1651221	2490538
ILMN_1810457	2750343
ILMN_3237785	580731
ILMN_3289352	7000059
ILMN_1673214	4060286
ILMN_1666418	150307
ILMN_1658621	7150523
ILMN_1686786	1660458
ILMN_3241563	1820519
ILMN_1654663	2070678
ILMN_1740282	6550100
ILMN_1732806	4050767
ILMN_1689040	3890546
ILMN_1688246	3060044
ILMN_1683886	7210386
ILMN_1733936	3800121
ILMN_1670058	2450386
ILMN_1724368	1660187
ILMN_1812100	6450400
ILMN_1678555	7400192
ILMN_1814186	2340010
ILMN_1807362	2680259
ILMN_1674837	3130286
ILMN_1690792	3890474
ILMN_1660836	6330136
ILMN_1672604	5900475
ILMN_1911374	580438
ILMN_1775568	2630156
ILMN_1654056	3930220
ILMN_1713838	520471
ILMN_1668891	7100719
ILMN_3291986	240088
ILMN_1658495	7000201
ILMN_1701077	5560253
ILMN_1703077	7210646
ILMN_1711466	2970487
ILMN_1792053	510717
ILMN_3204533	2230504
ILMN_3281039	4120273
ILMN_1749586	5260037
ILMN_1653394	1580441
ILMN_1674190	830239
ILMN_1703425	6110040
ILMN_1669057	3400327
ILMN_1693509	2450484
ILMN_3231203	4560524
ILMN_1797794	3400112
ILMN_1688976	6020180
ILMN_1653039	7040482
ILMN_3203765	1450343
ILMN_3280269	7510328
ILMN_1698909	1990136
ILMN_1703052	1500605
ILMN_1806599	2450408
ILMN_1785281	5810014
ILMN_1750368	2000601
ILMN_1668771	4010632
ILMN_1782178	5080201
ILMN_1653660	510170
ILMN_2049343	830673
ILMN_1804517	5690386
ILMN_1669543	20687
ILMN_1726723	2030692
ILMN_1775293	6580397
ILMN_3287239	630682
ILMN_3210741	990717
ILMN_1667110	1300577
ILMN_1653150	1580747
ILMN_1714399	7050608
ILMN_1679085	7210228
ILMN_1661598	4570246
ILMN_1736490	5340670
ILMN_1698304	4890070
ILMN_1808485	2000446
ILMN_3293146	780019
ILMN_1658375	6620709
ILMN_1691262	630338
ILMN_2079322	1230435
ILMN_1746369	7610626
ILMN_1703475	1990193
ILMN_1659493	2600474
ILMN_1671169	7040474
ILMN_1655710	6280446
ILMN_1702586	6290139
ILMN_1690568	670044
ILMN_1738931	780360
ILMN_1739042	1740537
ILMN_1744775	3940647
ILMN_3205395	6590301
ILMN_1784711	6270468
ILMN_1763003	5670133
ILMN_1745542	5340475
ILMN_1724295	7650220
ILMN_1690616	1010154
ILMN_1804470	1500278
ILMN_1729644	3180435
ILMN_1662823	4610521
ILMN_1813658	510678
ILMN_1719072	5420706
ILMN_1687202	5270487
ILMN_3199787	4260059
ILMN_3200565	830392
ILMN_3290172	2140017
ILMN_1713427	4670286
ILMN_1697292	780692
ILMN_1743078	4880477
ILMN_1696263	7550255
ILMN_1675894	6520446
ILMN_1720180	1770075
ILMN_1746716	4060382
ILMN_1806703	5390717
ILMN_1651396	380041
ILMN_1770934	7100427
ILMN_1735127	2710441
ILMN_1717232	830037
ILMN_1728925	7200722
ILMN_1699661	5390075
ILMN_1691149	6100187
ILMN_1727398	3060195
ILMN_1688996	6650551
ILMN_1735758	5820576
ILMN_1651641	2070497
ILMN_1689837	7040121
ILMN_1682505	4890373
ILMN_1805972	3390224
ILMN_1800385	3840739
ILMN_1789543	5390392
ILMN_1754310	6110594
ILMN_1742381	1410047
ILMN_1661676	2750121
ILMN_1728564	1230685
ILMN_1656379	3450504
ILMN_1813339	1170128
ILMN_1692045	3840382
ILMN_1661040	1710041
ILMN_1665535	2030603
ILMN_1701806	580093
ILMN_1814820	7610768
ILMN_1748052	2680673
ILMN_1690627	2260386
ILMN_1804772	5910348
ILMN_3212921	4120601
ILMN_1652254	2640646
ILMN_1747325	6250315
ILMN_1804011	3140243
ILMN_1752660	7380543
ILMN_1804223	1990673
ILMN_1802459	1940451
ILMN_1714400	3890053
ILMN_1717478	5720500
ILMN_1656052	1400608
ILMN_1706068	6110681
ILMN_1663273	2060730
ILMN_1791282	3800128
ILMN_1708646	4490132
ILMN_1669848	2260341
ILMN_1779858	2120750
ILMN_3275056	1170634
ILMN_3198581	4880286
ILMN_1800436	3840523
ILMN_1660280	6560224
ILMN_3294175	6220500
ILMN_1809783	6400735
ILMN_3278995	3870152
ILMN_3202519	5560435
ILMN_1661783	3190504
ILMN_1748666	3120082
ILMN_1669133	4890593
ILMN_1747380	7050037
ILMN_1712428	780474
ILMN_1789109	4920152
ILMN_1656600	70129
ILMN_3248621	5050392
ILMN_1670005	5810402
ILMN_1652808	3190632
ILMN_1693426	3610377
ILMN_1743362	1440735
ILMN_1797942	6270685
ILMN_1723774	840164
ILMN_1662988	2850647
ILMN_1656883	5340092
ILMN_1760033	6280020
ILMN_1652242	4040121
ILMN_1689131	2060292
ILMN_1811222	5080315
ILMN_1740878	2480356
ILMN_3206242	4210079
ILMN_3231415	6650491
ILMN_3208027	4590162
ILMN_1662052	6560273
ILMN_1802181	2360576
ILMN_1654317	2630154
ILMN_1668145	4570471
ILMN_1783705	60484
ILMN_1796611	6590471
ILMN_1694738	1240274
ILMN_1728295	2490424
ILMN_1754068	5560240
ILMN_1767084	730603
ILMN_1733469	5960689
ILMN_1664074	7510048
ILMN_1656879	7400082
ILMN_1748783	6280747
ILMN_1693966	5090546
ILMN_1745941	1440220
ILMN_1782243	6400139
ILMN_1807133	1110477
ILMN_1774446	4730717
ILMN_1764756	540626
ILMN_1662418	50762
ILMN_1752139	7380114
ILMN_3236084	2810561
ILMN_1803672	1260056
ILMN_1812364	3140221
ILMN_1681260	4040113
ILMN_1732098	4060601
ILMN_1657238	1190021
ILMN_1666984	2490681
ILMN_1707659	5290167
ILMN_1653092	6200605
ILMN_1708903	4670215
ILMN_1673607	3520450
ILMN_1739263	4570437
ILMN_1659817	7210307
ILMN_1656502	1780551
ILMN_1677906	730142
ILMN_1693459	70193
ILMN_1657874	2680204
ILMN_1707021	5310347
ILMN_1665592	4560093
ILMN_1757278	4850059
ILMN_1661348	5260348
ILMN_1669012	3170711
ILMN_1751551	2060703
ILMN_3278548	1070278
ILMN_1756139	510209
ILMN_1800488	6760184
ILMN_1731907	3370400
ILMN_1789965	6280301
ILMN_1691582	5890376
ILMN_1766539	5310632
ILMN_1809465	7200750
ILMN_1717494	510711
ILMN_1664212	360056
ILMN_1673294	5260039
ILMN_1725084	1300561
ILMN_1665201	7160296
ILMN_1681227	5720008
ILMN_1667517	7400709
ILMN_1683697	6110670
ILMN_1709179	5340482
ILMN_3202002	5360477
ILMN_1651199	1770632
ILMN_3282321	1710594
ILMN_1653829	4220678
ILMN_1727852	3130142
ILMN_2058369	3290484
ILMN_3282704	5870324
ILMN_1653991	6400746
ILMN_1674652	650253
ILMN_1711972	1980471
ILMN_1807538	4890088
ILMN_1699152	1660129
ILMN_1655789	2750743
ILMN_1760338	290326
ILMN_3201480	5260521
ILMN_1680357	5910253
ILMN_1792905	4610195
ILMN_1656842	360458
ILMN_1803371	1440128
ILMN_1707218	460360
ILMN_3289338	6770093
ILMN_1761301	4920022
ILMN_3293220	5910021
ILMN_1653193	4070040
ILMN_1757941	3370187
ILMN_1702042	6290669
ILMN_1778843	4640725
ILMN_3219806	4850494
ILMN_3281294	5810288
ILMN_1717880	5290661
ILMN_3200717	1660348
ILMN_3285346	1710136
ILMN_1684974	3840338
ILMN_1749304	160440
ILMN_1707700	20767
ILMN_3248320	6290170
ILMN_1809094	5360224
ILMN_1672954	6980215
ILMN_1700280	1690593
ILMN_1685833	4540270
ILMN_1658593	7610521
ILMN_1705749	1300593
ILMN_1658254	4260121
ILMN_1663128	6400725
ILMN_1796686	1580072
ILMN_1673694	2600037
ILMN_1730401	2190152
ILMN_1728768	3370682
ILMN_1800689	4760709
ILMN_1653667	1660653
ILMN_1719139	2750471
ILMN_1720944	3360368
ILMN_1704496	2230441
ILMN_1655250	2470373
ILMN_1718542	7160326
ILMN_1813131	4880440
ILMN_1749822	780273
ILMN_1661306	5390685
ILMN_1773743	1240445
ILMN_1660869	3180619
ILMN_1705484	2060408
ILMN_1684796	2900612
ILMN_1751558	3710474
ILMN_1804142	2760747
ILMN_3198533	3780685
ILMN_3282184	7100341
ILMN_1680302	130440
ILMN_1676503	290392
ILMN_1678242	1740719
ILMN_1680470	5050068
ILMN_1740166	6650615
ILMN_1666276	2760561
ILMN_1682736	1570347
ILMN_1672165	5910184
ILMN_1747946	2750452
ILMN_1682588	2000382
ILMN_1666780	4050292
ILMN_1667309	20360
ILMN_1702519	4150291
ILMN_1734932	1010372
ILMN_1779282	3290349
ILMN_1793597	2190402
ILMN_1766741	7650561
ILMN_1727932	6200364
ILMN_1716924	1050220
ILMN_3240291	6940373
ILMN_1799661	6620019
ILMN_1735684	3940519
ILMN_1713574	2750451
ILMN_1672044	6110196
ILMN_1675286	5420630
ILMN_1771469	1820445
ILMN_1740613	7610397
ILMN_1655771	780592
ILMN_3279297	4120300
ILMN_1681728	4780142
ILMN_3280735	7510017
ILMN_1665821	1510056
ILMN_1759872	5340154
ILMN_1751761	7200594
ILMN_1716266	1410241
ILMN_3291098	3840598
ILMN_1707420	3840168
ILMN_3281748	1260600
ILMN_3200070	4480164
ILMN_1662353	840075
ILMN_1680887	4590292
ILMN_1781916	830767
ILMN_1764969	3310070
ILMN_1678236	1820603
ILMN_1714068	4290376
ILMN_1675401	5960431
ILMN_1660377	7400241
ILMN_1741977	7560634
ILMN_1781403	3800056
ILMN_1661643	6860053
ILMN_1790589	1110131
ILMN_1680794	5550209
ILMN_1651584	5360538
ILMN_1711839	5670619
ILMN_1691704	3800687
ILMN_1693043	1400678
ILMN_1675836	6350187
ILMN_1791819	2650224
ILMN_1682214	3140136
ILMN_1689128	4590270
ILMN_1767932	2480598
ILMN_1664307	5270215
ILMN_2126265	7050674
ILMN_1694082	7040360
ILMN_1703682	290424
ILMN_1782197	5820543
ILMN_1673608	2260689
ILMN_1664073	4760706
ILMN_1787103	7400128
ILMN_1733156	6330280
ILMN_1746693	6040139
ILMN_1719530	4760717
ILMN_1674491	3460601
ILMN_1774673	6860433
ILMN_1670473	7570162
ILMN_1661149	5260128
ILMN_1800221	6590167
ILMN_1763751	2370161
ILMN_1803909	6660482
ILMN_1725075	290470
ILMN_1780966	4540368
ILMN_1680958	1070528
ILMN_1715180	1410280
ILMN_1664611	2450692
ILMN_1660989	3840468
ILMN_1707208	4480240
ILMN_1756081	4560152
ILMN_1737842	1030400
ILMN_1664118	5820730
ILMN_1813801	270692
ILMN_1721659	1410333
ILMN_1807492	6520161
ILMN_1658304	3120070
ILMN_1673980	6130195
ILMN_3249415	2650246
ILMN_1768217	6560736
ILMN_1799985	7210338
ILMN_3200211	520288
ILMN_1792747	1990332
ILMN_1780566	2690646
ILMN_1657959	1980440
ILMN_1698063	5420634
ILMN_1699087	6480273
ILMN_1662786	840021
ILMN_1683413	1430082
ILMN_1653198	2650279
ILMN_1668895	20079
ILMN_3251577	1510242
ILMN_1653347	3520482
ILMN_1750763	6450402
ILMN_1791420	1070647
ILMN_1736468	3710228
ILMN_1767862	7210475
ILMN_1700763	7570246
ILMN_1728603	2850246
ILMN_1666165	510689
ILMN_1653202	4120328
ILMN_1722974	7150398
ILMN_1668239	3890133
ILMN_1688812	6770347
ILMN_1709818	20504
ILMN_1652649	6350630
ILMN_1689190	2510280
ILMN_1666118	840338
ILMN_3290136	650072
ILMN_1783418	5890370
ILMN_1754186	1030110
ILMN_1688156	1400367
ILMN_1804752	4010458
ILMN_1777339	3360307
ILMN_1815804	3840286
ILMN_3240654	4120747
ILMN_1718699	6450132
ILMN_1669315	3780484
ILMN_1734031	6620400
ILMN_1774937	1450181
ILMN_1697476	6520044
ILMN_1673668	2640474
ILMN_3202568	1500039
ILMN_1752978	6480075
ILMN_1656847	4280372
ILMN_1725327	5050170
ILMN_1790190	2340678
ILMN_3291352	5390327
ILMN_3202315	3130403
ILMN_1664969	2100048
ILMN_1806774	7000400
ILMN_1747471	3120164
ILMN_1702198	1430605
ILMN_1731585	6130358
ILMN_1778223	4590086
ILMN_3288451	3060564
ILMN_3211954	6900468
ILMN_1664336	5310176
ILMN_1809297	6450711
ILMN_3206632	3290544
ILMN_3283141	3780356
ILMN_1717012	7550739
ILMN_1721560	60020
ILMN_1693382	150296
ILMN_1695048	1820202
ILMN_1693448	4590343
ILMN_1658155	7570100
ILMN_1805425	4640091
ILMN_1739301	2340746
ILMN_1689798	6520653
ILMN_1662020	1780743
ILMN_1707983	3930204
ILMN_1678022	7200605
ILMN_1665343	6250341
ILMN_1657728	1780131
ILMN_1768750	3780201
ILMN_1736017	4120504
ILMN_1689234	50202
ILMN_1718032	4730400
ILMN_1776137	5570382
ILMN_1742008	6330075
ILMN_1793351	6060575
ILMN_1701781	6100338
ILMN_1666985	2900717
ILMN_1688114	4920475
ILMN_1656407	3520014
ILMN_1758102	3190372
ILMN_1804861	7160736
ILMN_1668538	6350746
ILMN_3285819	1340152
ILMN_3202885	6960551
ILMN_1791127	1470564
ILMN_3290497	7320465
ILMN_1668008	7380093
ILMN_1667124	5870142
ILMN_1685263	3370152
ILMN_1782611	3400762
ILMN_1665630	5260255
ILMN_3206312	5860142
ILMN_3275672	6420524
ILMN_1652756	6400452
ILMN_1722891	1050112
ILMN_1746919	4200670
ILMN_1723478	7150192
ILMN_1686410	1400553
ILMN_1665060	1010543
ILMN_3208542	6370438
ILMN_1804170	1430438
ILMN_3239871	2940463
ILMN_1757453	5310291
ILMN_1651662	5270240
ILMN_1662680	670468
ILMN_1682674	2490056
ILMN_1680206	4670086
ILMN_1798205	4480092
ILMN_1662479	5910333
ILMN_1704043	670341
ILMN_1671819	60356
ILMN_1666820	2070463
ILMN_1671800	3780221
ILMN_3250268	4060209
ILMN_1694069	1580685
ILMN_1678568	6960348
ILMN_1674694	4070129
ILMN_1654474	6400091
ILMN_1771537	1240162
ILMN_1676793	160564
ILMN_2228749	1780358
ILMN_1660196	7610008
ILMN_3203712	5900646
ILMN_1653744	4120368
ILMN_1700180	430347
ILMN_1679922	7050465
ILMN_1670589	6200653
ILMN_1788272	290634
ILMN_1733655	50403
ILMN_1674365	2120438
ILMN_1797634	3610437
ILMN_1676009	2230064
ILMN_1735467	6770068
ILMN_1681881	7510300
ILMN_1692956	4290349
ILMN_1677857	1070608
ILMN_1686425	290626
ILMN_1659513	1940215
ILMN_3248500	130204
ILMN_1669634	3390102
ILMN_1759708	6940438
ILMN_3289655	4280670
ILMN_1660187	6590075
ILMN_1768996	1300414
ILMN_1754983	4280491
ILMN_1810696	6350129
ILMN_1680972	6580204
ILMN_3274775	5050097
ILMN_1745599	5340278
ILMN_1773472	2750739
ILMN_1777977	6520017
ILMN_3285483	6960711
ILMN_1805704	7650154
ILMN_1771311	7380441
ILMN_1746343	290128
ILMN_1806745	5270615
ILMN_1781677	5570148
ILMN_1773517	4900671
ILMN_1660393	6420220
ILMN_1746442	1510148
ILMN_1665290	6510239
ILMN_1679280	2510022
ILMN_1735065	5910168
ILMN_3236258	6860414
ILMN_1678246	6860376
ILMN_1652081	2030010
ILMN_1737543	6510494
ILMN_3287568	1820427
ILMN_3211068	6450762
ILMN_1747637	360286
ILMN_1661968	270148
ILMN_1722092	460470
ILMN_1652837	1050703
ILMN_1788391	2070017
ILMN_1743287	580646
ILMN_1768804	4120170
ILMN_1709583	160239
ILMN_1719949	460739
ILMN_1718727	1400487
ILMN_1687043	3140484
ILMN_1784202	3420369
ILMN_1736711	3890142
ILMN_1798853	1940528
ILMN_1655408	2510673
ILMN_1762424	20564
ILMN_1675974	2490653
ILMN_1808837	160575
ILMN_1659095	580088
ILMN_1686406	3940020
ILMN_1735955	3450722
ILMN_1682085	2260026
ILMN_1720140	4200288
ILMN_3211463	4810598
ILMN_3274351	6840520
ILMN_1769281	1780270
ILMN_1735274	5870477
ILMN_1661917	7000274
ILMN_1716717	6370452
ILMN_1677482	3450079
ILMN_1684767	2900296
ILMN_1733065	2320639
ILMN_1697331	5960427
ILMN_1681043	6840554
ILMN_1724269	5390634
ILMN_1745733	1780632
ILMN_1751113	2650561
ILMN_1670166	60181
ILMN_1662098	4220202
ILMN_1701753	1770470
ILMN_1770697	5570291
ILMN_1662401	650739
ILMN_1763769	1850044
ILMN_1664780	6760553
ILMN_1703735	2340593
ILMN_3203361	5390274
ILMN_1690601	3930066
ILMN_1664136	5310398
ILMN_1721680	6200048
ILMN_3200786	520181
ILMN_3294186	610364
ILMN_1677002	4070156
ILMN_1732716	2760730
ILMN_1759550	4010747
ILMN_1748444	6180136
ILMN_1739417	6660192
ILMN_1716533	5690593
ILMN_1806430	5890672
ILMN_1697526	1440524
ILMN_3294376	3440750
ILMN_1798038	4850520
ILMN_1798329	5050482
ILMN_1695583	4890739
ILMN_1805720	380398
ILMN_1785990	460181
ILMN_1759211	240129
ILMN_1663252	6250068
ILMN_1702960	3390082
ILMN_1750885	6960402
ILMN_3204898	5090524
ILMN_3282503	5960066
ILMN_1750308	730131
ILMN_1668366	7610709
ILMN_1759785	2450091
ILMN_1672349	6520333
ILMN_1769024	2360241
ILMN_1653945	7150195
ILMN_1718200	1440349
ILMN_1755806	1190133
ILMN_1776527	1780634
ILMN_1665960	6520091
ILMN_3237291	150594
ILMN_1708664	50674
ILMN_1734880	360615
ILMN_1795474	5820202
ILMN_1798940	7650424
ILMN_3237368	1510673
ILMN_1772538	5360603
ILMN_1789557	7320609
ILMN_1714831	4880088
ILMN_1765526	4070563
ILMN_1693513	160041
ILMN_1759636	460091
ILMN_3237750	1030377
ILMN_1651253	3830112
ILMN_1674149	6200020
ILMN_1695397	1690400
ILMN_2215103	5490450
ILMN_3234121	4290095
ILMN_3215008	4480154
ILMN_1666137	770678
ILMN_1721028	7380446
ILMN_1716492	4280682
ILMN_1691402	6280706
ILMN_1792592	940224
ILMN_1724354	2570367
ILMN_1751424	940253
ILMN_1665700	830402
ILMN_1655715	6550364
ILMN_1772603	240022
ILMN_1707887	5550022
ILMN_3294318	6250301
ILMN_1808102	70095
ILMN_1679781	1450068
ILMN_1779188	1230553
ILMN_3286411	5310593
ILMN_1700859	6980209
ILMN_1726374	2260356
ILMN_3278603	450523
ILMN_3286870	2000369
ILMN_3209193	6960373
ILMN_1724786	1230082
ILMN_1731144	2320092
ILMN_1731924	2260626
ILMN_1706513	5390224
ILMN_1698120	1580672
ILMN_1664314	6270687
ILMN_1813025	1990707
ILMN_1678718	6380468
ILMN_1682293	2340224
ILMN_1736630	6550156
ILMN_1792553	1090364
ILMN_3209117	2710088
ILMN_1703761	3940022
ILMN_1678553	4860523
ILMN_1654369	840414
ILMN_1692696	2900095
ILMN_1715849	1690093
ILMN_1689153	4780301
ILMN_1689701	2450551
ILMN_1747238	5220349
ILMN_1651488	380243
ILMN_3283772	7550592
ILMN_1719172	1710064
ILMN_1660839	4040379
ILMN_1678906	6110162
ILMN_1755200	3930598
ILMN_3199683	2350240
ILMN_3279707	5690706
ILMN_1654320	7160692
ILMN_1786654	3990634
ILMN_3245341	1470482
ILMN_1747924	6760747
ILMN_1661678	460538
ILMN_3286121	2640414
ILMN_3210817	3390095
ILMN_1772134	6110671
ILMN_1669430	3130767
ILMN_1684847	10431
ILMN_3282844	430164
ILMN_1700624	3450142
ILMN_1691189	5310750
ILMN_1673734	5390609
ILMN_1665417	2070446
ILMN_1784707	2470022
ILMN_1668014	5360053
ILMN_1686663	5270079
ILMN_1707181	2490451
ILMN_1802489	1230382
ILMN_1680984	7380564
ILMN_1668079	3140026
ILMN_1708533	730474
ILMN_1723249	3190435
ILMN_1712435	4070639
ILMN_1700387	6940593
ILMN_1722284	6900504
ILMN_1665585	60315
ILMN_1763626	1340672
ILMN_1655144	6940725
ILMN_1781016	4230148
ILMN_1694951	150086
ILMN_1693372	6110086
ILMN_1652215	3850452
ILMN_1652259	4070343
ILMN_1733185	7380097
ILMN_1798551	6840307
ILMN_3209676	3710603
ILMN_3288218	4060673
ILMN_1811539	7200309
ILMN_1740447	4920253
ILMN_1796895	7050243
ILMN_1704030	4180605
ILMN_1684922	6980220
ILMN_1654346	1570093
ILMN_1653864	6400037
ILMN_1790045	4040164
ILMN_3235622	3800328
ILMN_1764163	1940008
ILMN_1686388	5810709
ILMN_1676719	6180402
ILMN_1692322	1430220
ILMN_1654064	4040066
ILMN_1672041	3840603
ILMN_1767846	1710017
ILMN_1721895	520093
ILMN_3280042	3060164
ILMN_3211824	4210327
ILMN_1787140	7400632
ILMN_1656698	450053
ILMN_1658585	2710598
ILMN_1758196	6580162
ILMN_1693838	5870044
ILMN_1682606	5220519
ILMN_3248701	6370246
ILMN_1700160	3310687
ILMN_3214625	6110382
ILMN_3275580	6580128
ILMN_1663832	4920209
ILMN_1654187	3990255
ILMN_1674434	5900021
ILMN_1720437	2490246
ILMN_3295419	670577
ILMN_3201453	5670497
ILMN_1719542	4060392
ILMN_1652466	1770424
ILMN_1801173	2750458
ILMN_1815667	7400484
ILMN_1701857	3360315
ILMN_1654336	7380458
ILMN_1770896	7570164
ILMN_1731395	3310446
ILMN_1796099	6590750
ILMN_3202889	430504
ILMN_3274677	5090471
ILMN_1709803	3520184
ILMN_3200665	1090193
ILMN_3296783	6590138
ILMN_1722875	7400196
ILMN_1689180	520228
ILMN_1815495	5810349
ILMN_1715930	6250670
ILMN_3213820	5890711
ILMN_1671748	4210021
ILMN_1674187	3840195
ILMN_1664557	5550154
ILMN_1715407	6550717
ILMN_1694246	1430609
ILMN_1658770	4290112
ILMN_1706469	2600358
ILMN_1768911	4230731
ILMN_3283326	3850156
ILMN_1660955	2480008
ILMN_1656604	70538
ILMN_1712784	3360576
ILMN_1712347	380750
ILMN_1660757	4860373
ILMN_1708192	1510603
ILMN_1773121	6420433
ILMN_1723053	2650053
ILMN_1667433	3520010
ILMN_1770698	4610307
ILMN_1758899	2260753
ILMN_1742833	520703
ILMN_1693655	2710048
ILMN_1676126	4230494
ILMN_1715439	1190681
ILMN_3289307	7210025
ILMN_1678305	20026
ILMN_3283344	5820327
ILMN_1667580	1740465
ILMN_3278906	2340035
ILMN_3202432	3420368
ILMN_1751158	5820717
ILMN_1679113	6900187
ILMN_1793872	3710259
ILMN_1801158	3170414
ILMN_1801999	6280544
ILMN_1664183	5050286
ILMN_1805041	3140129
ILMN_1670053	1070364
ILMN_1666853	150292
ILMN_1790816	5490162
ILMN_1660898	1510156
ILMN_1714014	7550273
ILMN_3294741	290414
ILMN_3209232	7650612
ILMN_1779265	5360575
ILMN_1706554	7560176
ILMN_1680930	6520747
ILMN_1716652	1440626
ILMN_1770823	1500026
ILMN_1789809	1440398
ILMN_1748007	2100113
ILMN_1767149	160523
ILMN_3217276	5870445
ILMN_3231314	7610019
ILMN_3206565	290564
ILMN_1651532	3190341
ILMN_1672971	4670521
ILMN_3281727	3190673
ILMN_3204842	4070594
ILMN_1741380	1580039
ILMN_1779625	1570519
ILMN_1667444	4230543
ILMN_1692032	4210433
ILMN_1771172	2370465
ILMN_1683828	7150445
ILMN_1742093	2630458
ILMN_1696468	4150176
ILMN_1695537	520725
ILMN_1678942	4890458
ILMN_1677790	1190301
ILMN_1662862	7100521
ILMN_1663767	5570392
ILMN_3207122	4290102
ILMN_3291685	6560139
ILMN_1683849	2940259
ILMN_1669494	50356
ILMN_1673104	5910703
ILMN_1773530	7610437
ILMN_1769231	6840463
ILMN_1654588	4230424
ILMN_1712847	2600414
ILMN_1686972	3290452
ILMN_1679044	2030619
ILMN_1670524	670270
ILMN_3296607	3990128
ILMN_3202683	6180575
ILMN_3275499	830468
ILMN_3204010	6400296
ILMN_1664233	150437
ILMN_1710362	3140300
ILMN_1705073	6420167
ILMN_1669984	3710142
ILMN_1805241	7050356
ILMN_1661066	1240390
ILMN_1677082	3800541
ILMN_1676691	1470605
ILMN_1688595	150670
ILMN_3201843	6620563
ILMN_1657157	1470041
ILMN_1675519	6100438
ILMN_1658485	6020112
ILMN_1651292	2680739
ILMN_1784005	1110450
ILMN_1659583	2510035
ILMN_3280667	4150608
ILMN_3201088	4850402
ILMN_1780117	4640100
ILMN_1788605	1580040
ILMN_1759879	4220309
ILMN_1735484	4850717
ILMN_1681755	5420039
ILMN_1781663	160400
ILMN_1777359	2570356
ILMN_1653956	6940730
ILMN_1758077	7380397
ILMN_1663511	4810369
ILMN_1772071	160452
ILMN_1744426	6860064
ILMN_1652747	4860725
ILMN_3236774	1980121
ILMN_1776524	4010050
ILMN_1770739	5220626
ILMN_1763882	7050358
ILMN_1737777	450725
ILMN_3239485	2850692
ILMN_1788679	1110753
ILMN_1788142	2510372
ILMN_1704908	6450358
ILMN_1812250	1850754
ILMN_1753985	4760408
ILMN_1807882	1410364
ILMN_1659432	4540367
ILMN_1657589	3990491
ILMN_1776383	4890521
ILMN_1664353	5820296
ILMN_1713982	650139
ILMN_1776818	2680647
ILMN_1660020	2190162
ILMN_1680590	7610180
ILMN_1698638	1820463
ILMN_1734283	1050064
ILMN_3200430	2490164
ILMN_1673705	2360044
ILMN_1687123	450201
ILMN_1710177	1770164
ILMN_1652931	6270433
ILMN_1733174	4060088
ILMN_1653033	4880719
ILMN_1655100	50338
ILMN_1784070	3370678
ILMN_1686361	7570280
ILMN_1653240	1340735
ILMN_3201393	1940347
ILMN_3277872	6620382
ILMN_1765373	2450672
ILMN_1651737	2760097
ILMN_1754824	4290634
ILMN_1683354	5290129
ILMN_1725750	6130152
ILMN_1675687	4830288
ILMN_1712822	670471
ILMN_1760334	3170626
ILMN_1659023	6020056
ILMN_1677841	4830079
ILMN_1709285	1070193
ILMN_1658748	1770184
ILMN_1752415	5390097
ILMN_1684266	7380064
ILMN_1697857	5890408
ILMN_1673644	2190110
ILMN_1781984	3420064
ILMN_1728172	7510066
ILMN_1654626	6940543
ILMN_1738429	1740544
ILMN_1712518	730711
ILMN_1765341	620408
ILMN_1690899	3930554
ILMN_1691522	1820291
ILMN_1707957	780390
ILMN_1742903	270239
ILMN_1671837	3930022
ILMN_1660320	6770181
ILMN_1671971	20044
ILMN_1769187	7650221
ILMN_1661415	5220544
ILMN_3284366	6180301
ILMN_3219455	7320296
ILMN_1720536	7330020
ILMN_1664057	5570288
ILMN_1660644	6100465
ILMN_3279979	7150435
ILMN_1734679	580296
ILMN_1661743	290594
ILMN_3201629	2320241
ILMN_3290211	4490753
ILMN_1719606	6960717
ILMN_1667402	2340189
ILMN_1753199	940762
ILMN_1686883	1340605
ILMN_1669609	5080437
ILMN_1691336	1030647
ILMN_1757606	5340259
ILMN_1689475	3710121
ILMN_1688029	2690546
ILMN_1779258	6580544
ILMN_1809956	1090431
ILMN_1663321	2900114
ILMN_1759387	5820487
ILMN_1651380	1660735
ILMN_1776975	5700608
ILMN_1788608	1570600
ILMN_1657985	510113
ILMN_3290353	540280
ILMN_1675472	1980176
ILMN_1717870	4220563
ILMN_1811858	1010239
ILMN_1713342	7560102
ILMN_1652527	6110750
ILMN_1682664	7610452
ILMN_3237478	3940475
ILMN_1673372	6960093
ILMN_1745201	3420463
ILMN_1722409	5820630
ILMN_1708631	6290136
ILMN_1651495	6660592
ILMN_1671586	4640424
ILMN_1705581	3870524
ILMN_1664552	5290730
ILMN_1652151	6560382
ILMN_1707699	4180347
ILMN_1752320	2640041
ILMN_1692871	270669
ILMN_1775053	4040600
ILMN_1667535	7100184
ILMN_1741668	5270528
ILMN_1668377	2260358
ILMN_1661078	5960328
ILMN_1687184	3780377
ILMN_1653573	4670615
ILMN_1727165	1050477
ILMN_1804350	2060138
ILMN_1706232	6200136
ILMN_1790216	6350646
ILMN_1653636	4180332
ILMN_3216794	7050017
ILMN_1701696	5670445
ILMN_1735673	5690474
ILMN_1665571	1710202
ILMN_1762292	870392
ILMN_1708501	3140504
ILMN_3290261	1110242
ILMN_3214052	2970561
ILMN_3282768	3870452
ILMN_1717119	5550739
ILMN_1652488	5360437
ILMN_1664959	5290520
ILMN_1655211	2480019
ILMN_1798505	770064
ILMN_1653786	3520379
ILMN_1696186	290563
ILMN_1656630	4880152
ILMN_3275433	4280754
ILMN_1651395	6110390
ILMN_1674853	7210204
ILMN_1667905	4640537
ILMN_3241051	7150689
ILMN_1750276	5270370
ILMN_1803717	7510575
ILMN_3282587	4180402
ILMN_3206343	5080369
ILMN_1723213	6960112
ILMN_1786056	6290692
ILMN_1679106	6290397
ILMN_1679173	5420128
ILMN_1717018	4120364
ILMN_1791242	1780672
ILMN_1692242	4830671
ILMN_3248833	4480356
ILMN_1743246	730706
ILMN_1731922	1440129
ILMN_1678522	6270307
ILMN_1795856	2760424
ILMN_3235221	3850168
ILMN_3283470	5360307
ILMN_1674790	5690703
ILMN_1693420	6560446
ILMN_1814164	450520
ILMN_1815300	5260634
ILMN_3285828	6520719
ILMN_3209317	7100438
ILMN_1675830	380612
ILMN_1657812	7200458
ILMN_1658719	2750162
ILMN_1738912	6520343
ILMN_1677295	450541
ILMN_1684084	3830386
ILMN_1678879	2850307
ILMN_1792423	2850309
ILMN_1689136	1430164
ILMN_1727523	3850209
ILMN_1673802	840152
ILMN_1676118	870747
ILMN_1795574	6840315
ILMN_1722620	5560181
ILMN_1672631	4060746
ILMN_1653352	7510112
ILMN_1663797	160730
ILMN_1802661	3400719
ILMN_1680029	6280192
ILMN_1694878	2680035
ILMN_1699058	2940131
ILMN_1670674	990397
ILMN_1674027	2190025
ILMN_1676277	2650161
ILMN_3201485	50646
ILMN_1690419	1230681
ILMN_3294024	4850463
ILMN_3198379	5090523
ILMN_1665294	6180630
ILMN_1657886	7040082
ILMN_1688445	5340626
ILMN_1723881	3420170
ILMN_3296184	770470
ILMN_3280170	2350386
ILMN_3203666	5720110
ILMN_1664541	2100639
ILMN_1663141	3610747
ILMN_1768466	3440612
ILMN_1688557	3930364
ILMN_1691547	2480079
ILMN_1787954	7510735
ILMN_1760089	7320196
ILMN_3208440	650520
ILMN_1734039	730400
ILMN_1661232	1010121
ILMN_1655454	840646
ILMN_1674097	2350553
ILMN_1756599	7150576
ILMN_1705371	1780138
ILMN_1804833	6130392
ILMN_1737760	2940731
ILMN_1685710	2100372
ILMN_1685562	840201
ILMN_1684412	4390068
ILMN_1773616	4070167
ILMN_1742887	1980600
ILMN_1665952	6940630
ILMN_1723094	3120039
ILMN_1657125	4880154
ILMN_1782693	2100075
ILMN_1786630	5050612
ILMN_1653603	2690754
ILMN_3291921	620411
ILMN_3215411	5910671
ILMN_1729349	6400162
ILMN_1693273	510193
ILMN_1670219	4880504
ILMN_1674497	360750
ILMN_3209180	3850025
ILMN_1705919	2650463
ILMN_1667134	2900192
ILMN_1693131	6180192
ILMN_1685016	7560309
ILMN_1694569	6550441
ILMN_3294205	6480725
ILMN_1794617	1500521
ILMN_1796583	4540040
ILMN_1694630	10092
ILMN_1809879	5290682
ILMN_1725233	4180546
ILMN_1735416	4730414
ILMN_1776339	4060678
ILMN_1751814	3450307
ILMN_1776566	5560735
ILMN_3240966	6940349
ILMN_3240135	160463
ILMN_1676792	1500538
ILMN_1780559	5860364
ILMN_1711310	4070747
ILMN_1804808	2940458
ILMN_1741228	5960128
ILMN_3237860	2510682
ILMN_1755199	2120482
ILMN_1812728	6980465
ILMN_3290100	780364
ILMN_3237941	630072
ILMN_1771720	870435
ILMN_1683021	7550300
ILMN_1807430	290164
ILMN_1657041	4590192
ILMN_3237991	1090500
ILMN_1657210	7330017
ILMN_1680556	2320477
ILMN_1670874	3360521
ILMN_3211132	2120703
ILMN_3279322	1010411
ILMN_3215381	670184
ILMN_3280220	3060376
ILMN_1667715	5910450
ILMN_1661580	1780689
ILMN_1700823	4260164
ILMN_3217610	430382
ILMN_3294130	4050129
ILMN_1718636	5290685
ILMN_1688316	3370445
ILMN_3216755	1090341
ILMN_3293265	6020307
ILMN_1807258	1240603
ILMN_3296468	610669
ILMN_1721940	4920427
ILMN_1728681	940553
ILMN_1740041	1510022
ILMN_1804976	5130338
ILMN_1719111	6020521
ILMN_1714696	5490221
ILMN_3239752	4230605
ILMN_1777343	1850619
ILMN_1782037	1770465
ILMN_1762440	6040377
ILMN_1689749	4050594
ILMN_1722884	2450273
ILMN_1736104	10017
ILMN_1675082	4540653
ILMN_1659207	7380682
ILMN_1674752	1400039
ILMN_1734484	1690142
ILMN_3278146	50148
ILMN_3201663	3060408
ILMN_1773966	3930121
ILMN_3240721	3170040
ILMN_1728059	5870242
ILMN_1653368	2810735
ILMN_1671585	3140309
ILMN_1742790	5220465
ILMN_3275615	5870392
ILMN_3276119	1260091
ILMN_3199647	3140440
ILMN_1742256	3180056
ILMN_1683064	2810682
ILMN_1775990	2810681
ILMN_1666839	6100431
ILMN_3280442	2000678
ILMN_1735701	7330475
ILMN_1692030	5690722
ILMN_1653276	2370541
ILMN_3296272	830301
ILMN_1792603	6560367
ILMN_1692862	2810438
ILMN_1701773	2640609
ILMN_1705982	6650681
ILMN_1696403	6040706
ILMN_1811193	2750487
ILMN_1724109	2230333
ILMN_1696246	4220500
ILMN_1682520	6180601
ILMN_1722377	580195
ILMN_3234831	630035
ILMN_1790929	6560315
ILMN_1656208	5490564
ILMN_1761108	7100747
ILMN_1776523	1510397
ILMN_3251327	4610328
ILMN_1666408	6860674
ILMN_3277905	4850195
ILMN_3294302	6860497
ILMN_1815124	3140019
ILMN_1704291	5270086
ILMN_1667216	3400427
ILMN_1700747	4070092
ILMN_3276108	3710670
ILMN_3199634	5270288
ILMN_1814541	5310228
ILMN_3288018	2450521
ILMN_1802440	290403
ILMN_1768617	3370563
ILMN_3239168	1070180
ILMN_1679455	3390537
ILMN_1773909	2140184
ILMN_1803201	130017
ILMN_1689427	2650356
ILMN_3286498	6650167
ILMN_1679342	2320711
ILMN_1651279	6180274
ILMN_1665333	5260112
ILMN_1654779	1780639
ILMN_1656201	2320082
ILMN_1723935	3450672
ILMN_1787480	620348
ILMN_1731929	6280681
ILMN_1674733	2350164
ILMN_1739025	3610575
ILMN_1748309	4260110
ILMN_1784763	5960241
ILMN_1806044	1780209
ILMN_3201937	5050598
ILMN_1720745	2490445
ILMN_3295847	110736
ILMN_3218820	2470687
ILMN_3235763	650543
ILMN_1682600	3400711
ILMN_1763044	4120239
ILMN_1672846	5090468
ILMN_1658869	1400414
ILMN_1726758	630739
ILMN_1699961	990445
ILMN_3291764	5220367
ILMN_3211630	5890327
ILMN_1658467	670324
ILMN_1665563	70377
ILMN_1800416	4220730
ILMN_1737425	1300468
ILMN_1700998	2140010
ILMN_1725131	3190360
ILMN_1694487	7210021
ILMN_3279877	3930440
ILMN_3199955	4540114
ILMN_3237703	5080725
ILMN_1666891	3450731
ILMN_1743262	7610215
ILMN_1691611	4390315
ILMN_1658036	160487
ILMN_1776141	4060386
ILMN_1789677	6250035
ILMN_1778373	6250246
ILMN_1768411	4290630
ILMN_1801340	4290270
ILMN_1780100	6760446
ILMN_1659052	1230689
ILMN_1672680	1300056
ILMN_1727236	1570201
ILMN_1651388	7510246
ILMN_1683956	3850537
ILMN_1746857	2970446
ILMN_3213185	1230370
ILMN_3289685	3440482
ILMN_3291596	3460598
ILMN_3200335	4850441
ILMN_1746634	3940301
ILMN_1766875	2100504
ILMN_1671456	6180435
ILMN_1796256	1030041
ILMN_1726443	520068
ILMN_1811133	4590332
ILMN_1676333	5340091
ILMN_1712204	1010458
ILMN_1659253	3990707
ILMN_1660972	4570112
ILMN_1669901	3870747
ILMN_1685179	4260603
ILMN_1672962	1470279
ILMN_1692833	2120672
ILMN_1741591	1400494
ILMN_1744302	840064
ILMN_3281632	7210689
ILMN_1691123	2450397
ILMN_1677570	5260707
ILMN_1661275	5560358
ILMN_1777046	6660138
ILMN_3203313	510176
ILMN_3231250	2340255
ILMN_3285959	830097
ILMN_3204241	7560754
ILMN_1723732	2060474
ILMN_1661451	4830446
ILMN_1728872	1770131
ILMN_1696085	2630451
ILMN_1705648	3520279
ILMN_3246019	5220056
ILMN_1704858	3840368
ILMN_1793747	3800156
ILMN_1658072	6960280
ILMN_3289659	5490093
ILMN_1724634	5690403
ILMN_1712383	770010
ILMN_1675591	3400093
ILMN_1676712	6480471
ILMN_1675127	3990647
ILMN_1724782	4810050
ILMN_1702850	7050615
ILMN_1724197	6650445
ILMN_1653716	6520711
ILMN_1660133	7510136
ILMN_1720432	2480133
ILMN_1759282	4540427
ILMN_1756378	4070768
ILMN_1738957	20408
ILMN_1699182	1410477
ILMN_1794962	4290682
ILMN_1686618	1940091
ILMN_3237549	5260136
ILMN_1700590	1780575
ILMN_1721869	6330632
ILMN_1656865	4060274
ILMN_3207764	2030039
ILMN_1753925	6420626
ILMN_3243170	5720484
ILMN_1678817	2340379
ILMN_1715639	1010167
ILMN_1715497	3400634
ILMN_3288529	2450519
ILMN_1903406	3520725
ILMN_1662061	7380703
ILMN_1812578	6220431
ILMN_3200140	70121
ILMN_1651758	4180300
ILMN_1792882	4040148
ILMN_1699411	4480064
ILMN_1711098	4480082
ILMN_1691252	630731
ILMN_1655519	3190358
ILMN_1659511	5820040
ILMN_1656863	6510520
ILMN_1758025	3840402
ILMN_1714378	3290477
ILMN_1688683	1770711
ILMN_1755076	7550435
ILMN_1812806	2810181
ILMN_1651903	4290193
ILMN_1697922	20253
ILMN_1761266	1980139
ILMN_1767535	2230608
ILMN_1681688	3180221
ILMN_1666706	6450332
ILMN_1694363	6840152
ILMN_1708570	4010168
ILMN_1660709	4780754
ILMN_1659771	4230370
ILMN_3295558	10047
ILMN_1671856	110563
ILMN_1804804	10735
ILMN_1772888	3130736
ILMN_1706693	3140097
ILMN_1655551	1850209
ILMN_3279092	5050491
ILMN_3197767	6110673
ILMN_3288783	5360445
ILMN_3212284	5570634
ILMN_1858692	10082
ILMN_3210885	6180326
ILMN_1748060	6660424
ILMN_1800269	7650050
ILMN_1672975	50369
ILMN_1801962	2070364
ILMN_1673388	3940598
ILMN_3213573	4050435
ILMN_3293097	4730041
ILMN_1789983	1980114
ILMN_1670957	4010301
ILMN_1662751	3870731
ILMN_1706255	2450594
ILMN_1654526	1510167
ILMN_3276822	2120189
ILMN_1814571	5130747
ILMN_1662189	1030148
ILMN_1672656	50685
ILMN_1670932	4810408
ILMN_3294915	6420601
ILMN_1721115	4850110
ILMN_3293457	2710112
ILMN_3212729	7330382
ILMN_1666190	1410376
ILMN_1769329	2350717
ILMN_1689101	4860300
ILMN_1669611	4590400
ILMN_3243334	4480050
ILMN_1719028	840451
ILMN_1660873	1470047
ILMN_1815062	3170463
ILMN_1691030	5050632
ILMN_1793445	6380309
ILMN_1661608	6100368
ILMN_1652205	7550228
ILMN_1694995	3060315
ILMN_1666638	4490692
ILMN_1654726	4900608
ILMN_1759614	2120646
ILMN_1791164	4920187
ILMN_3292963	5960592
ILMN_3291543	2680608
ILMN_1682595	6420653
ILMN_1670485	3930719
ILMN_1676703	7150041
ILMN_3216298	7320767
ILMN_1705999	1580497
ILMN_1654721	6480487
ILMN_1780656	4180685
ILMN_1771813	520242
ILMN_1675560	3440020
ILMN_1655047	4260356
ILMN_1691405	2750438
ILMN_1665323	110367
ILMN_1704976	3130564
ILMN_1749068	4890072
ILMN_1657711	4670379
ILMN_1681326	6400368
ILMN_1659623	6960491
ILMN_1756914	380072
ILMN_1726024	780154
ILMN_1740538	2600193
ILMN_3290690	6200541
ILMN_1657010	4730600
ILMN_1665244	6330156
ILMN_1759520	5700398
ILMN_1715318	4390682
ILMN_1656534	7330528
ILMN_1658687	4280538
ILMN_1711156	1940709
ILMN_1746842	4920091
ILMN_1746485	2360139
ILMN_1681674	5420176
ILMN_1708512	7650010
ILMN_1784487	4260369
ILMN_1666875	730279
ILMN_1700105	2650133
ILMN_1660260	5260341
ILMN_1797193	4850056
ILMN_3291484	6020086
ILMN_1655096	3830639
ILMN_1807303	5340717
ILMN_1679042	3610669
ILMN_1803580	770332
ILMN_1666268	2060735
ILMN_3285356	1450270
ILMN_1705702	6040246
ILMN_1651576	1240364
ILMN_1711715	6760491
ILMN_1775698	3390164
ILMN_1660590	7650593
ILMN_1726080	430047
ILMN_1702903	150044
ILMN_3291477	6980026
ILMN_1660302	2070750
ILMN_1766280	3940671
ILMN_1781692	2350619
ILMN_1754533	4050577
ILMN_1696306	5910379
ILMN_1695370	1440121
ILMN_3210946	2750441
ILMN_3287443	7200039
ILMN_1654857	430066
ILMN_1688113	5860059
ILMN_3215195	2680546
ILMN_3291705	5050711
ILMN_3285153	5420301
ILMN_1734196	450504
ILMN_1660095	7050594
ILMN_1799826	5050450
ILMN_1717299	3120121
ILMN_3240077	1090224
ILMN_1671627	1780546
ILMN_1812773	2940719
ILMN_1667482	6980184
ILMN_1713811	4780685
ILMN_1774479	7210201
ILMN_1703570	1260682
ILMN_1699339	840376
ILMN_1671273	6110148
ILMN_1719133	360048
ILMN_1666214	1780072
ILMN_1690704	2140050
ILMN_3292026	1710497
ILMN_3215516	4060551
ILMN_1668353	6130670
ILMN_1684987	130575
ILMN_1652436	4900176
ILMN_3211963	1110070
ILMN_3288461	5700288
ILMN_1712789	7570239
ILMN_3290120	5910736
ILMN_3201614	6200438
ILMN_1764153	6770280
ILMN_1683641	2120553
ILMN_1715525	3390278
ILMN_1789998	5550047
ILMN_1802928	7000689
ILMN_1789346	1580630
ILMN_3209973	4730113
ILMN_1782533	4850411
ILMN_1695691	4670541
ILMN_3206558	1500408
ILMN_3231927	7610600
ILMN_3282937	6250095
ILMN_1714955	4850376
ILMN_1779788	1240048
ILMN_3278305	7050086
ILMN_3217450	520402
ILMN_3292168	5050296
ILMN_1691574	6660048
ILMN_3244188	3840241
ILMN_1803001	4490674
ILMN_3235602	1940703
ILMN_1781270	2100044
ILMN_1699722	1820204
ILMN_1723583	770717
ILMN_1732775	6760324
ILMN_1776887	1430192
ILMN_3287899	5810242
ILMN_1692902	580349
ILMN_1676150	4900563
ILMN_3281594	870722
ILMN_1679514	1300133
ILMN_1736346	4280097
ILMN_1720365	5390022
ILMN_1690158	4070707
ILMN_1676407	2640767
ILMN_1671935	2850242
ILMN_1776571	5340037
ILMN_1785588	6020048
ILMN_1661357	6620468
ILMN_1669659	6760040
ILMN_1672624	770243
ILMN_1762546	4260066
ILMN_1678265	870672
ILMN_1726469	6770075
ILMN_1740707	3800561
ILMN_3286655	7160209
ILMN_1667100	5900753
ILMN_1691565	460475
ILMN_1682357	4210136
ILMN_1683921	780128
ILMN_1685189	5810433
ILMN_1692916	2340091
ILMN_1656301	2370400
ILMN_1661647	380082
ILMN_1690672	730184
ILMN_1653601	6270132
ILMN_1777608	5130170
ILMN_1815571	5870520
ILMN_1662224	4890450
ILMN_1661128	2470326
ILMN_1748886	7650632
ILMN_1793819	6400435
ILMN_1746882	7100192
ILMN_1813297	110598
ILMN_1654496	1850400
ILMN_1736254	130026
ILMN_1671720	3940626
ILMN_1667204	4880672
ILMN_1726464	2810131
ILMN_1683084	4880358
ILMN_3210411	6520441
ILMN_1789044	4040470
ILMN_1752035	4210343
ILMN_1655863	5360019
ILMN_1803323	1580438
ILMN_1684258	4040008
ILMN_1776047	110195
ILMN_1786213	360541
ILMN_1732328	1050369
ILMN_3294380	1260343
ILMN_3211047	4590315
ILMN_1687536	1340025
ILMN_3284137	4900377
ILMN_3207627	6580209
ILMN_1693069	1050202
ILMN_1676041	870523
ILMN_3243351	4120044
ILMN_1685590	4010053
ILMN_1721423	3780114
ILMN_1718742	50670
ILMN_1688665	7560403
ILMN_1710333	6380072
ILMN_1686490	2480646
ILMN_1698791	3940075
ILMN_1745558	430035
ILMN_1685323	4780376
ILMN_1696909	4120519
ILMN_1668990	2490524
ILMN_1688788	7200349
ILMN_1697002	3140037
ILMN_1777491	5090348
ILMN_3286230	5390689
ILMN_3208632	7570201
ILMN_1795531	730095
ILMN_1660247	5340491
ILMN_1696939	6520358
ILMN_3290275	4640475
ILMN_3287178	5570066
ILMN_1730282	5550717
ILMN_1667653	3190739
ILMN_3250427	4210086
ILMN_3249965	6100608
ILMN_1777161	3870369
ILMN_1808721	6270242
ILMN_3204172	460019
ILMN_3280961	5560040
ILMN_1702450	6220068
ILMN_3294335	4590670
ILMN_3217815	6580605
ILMN_1694517	7100097
ILMN_1667338	4220100
ILMN_1771665	380762
ILMN_1685447	3940164
ILMN_3234967	4220292
ILMN_1726696	7380035
ILMN_1794407	2650168
ILMN_1793658	3850477
ILMN_1651582	5420543
ILMN_1711832	4880615
ILMN_1663438	4040626
ILMN_1699037	1780707
ILMN_3205781	1190593
ILMN_3282292	1260148
ILMN_1668971	4810221
ILMN_1682423	5690086
ILMN_1752746	5290349
ILMN_3213261	3180475
ILMN_3283253	6370292
ILMN_1675608	4830224
ILMN_1762528	2510326
ILMN_1809451	2690048
ILMN_1691672	1470674
ILMN_1738299	5270470
ILMN_3243019	7570372
ILMN_1707965	4730504
ILMN_3288154	6550458
ILMN_3198367	7510209
ILMN_1748425	5910044
ILMN_1738607	6130427
ILMN_3242685	3310347
ILMN_1682657	3420056
ILMN_1693404	4220056
ILMN_1726623	1070561
ILMN_1651329	1410747
ILMN_1667072	380300
ILMN_1689871	1050102
ILMN_2071898	2650670
ILMN_1798326	3180301
ILMN_1655170	6180291
ILMN_1710614	5810138
ILMN_1730289	2470750
ILMN_1665183	1260240
ILMN_1721465	4250543
ILMN_3203797	1570170
ILMN_3280299	2810292
ILMN_1784653	5570168
ILMN_1796465	1230102
ILMN_1673085	4850730
ILMN_1671043	3800682
ILMN_1689736	70220
ILMN_1672162	4890538
ILMN_1705125	7040291
ILMN_1667195	2060682
ILMN_3239826	2120470
ILMN_1711276	2600168
ILMN_1655758	2650731
ILMN_1657816	2510475
ILMN_1661466	3060014
ILMN_1699806	150608
ILMN_1667933	3870477
ILMN_1784685	10402
ILMN_1699682	7570615
ILMN_1660227	510184
ILMN_1729055	6550040
ILMN_3290862	830228
ILMN_3201944	3780066
ILMN_1686036	450224
ILMN_1681003	4150324
ILMN_1746923	10064
ILMN_1704143	6510193
ILMN_1689792	4210242
ILMN_3289016	4920504
ILMN_1739201	670162
ILMN_1696526	5550129
ILMN_1666212	7210608
ILMN_1711605	2490327
ILMN_1690859	870440
ILMN_1763380	5570500
ILMN_1739998	6550487
ILMN_1721651	6580402
ILMN_1669619	6900202
ILMN_1687708	5360519
ILMN_1806660	4780333
ILMN_3244240	7150343
ILMN_1774802	2940626
ILMN_1799102	4120739
ILMN_1673738	5810204
ILMN_1789334	3420148
ILMN_1755353	3850743
ILMN_1796756	6580180
ILMN_1739864	1510678
ILMN_1737519	1770762
ILMN_3245712	2100204
ILMN_1745617	940195
ILMN_1681332	1410327
ILMN_1723465	4150634
ILMN_1687170	5810768
ILMN_1682067	450364
ILMN_1659426	5570255
ILMN_1735265	130397
ILMN_1805833	3290603
ILMN_1714458	6520086
ILMN_1671132	3310129
ILMN_3202022	7150703
ILMN_1703642	130615
ILMN_1704856	1980327
ILMN_1679433	5570138
ILMN_3207738	6520273
ILMN_1706864	7040687
ILMN_1669424	3310301
ILMN_1707206	5860025
ILMN_1651760	6620202
ILMN_3211323	6280072
ILMN_3286204	2710433
ILMN_3294170	4040458
ILMN_3204682	7610523
ILMN_1667957	580338
ILMN_1799690	630639
ILMN_1784764	7320746
ILMN_1656187	2360180
ILMN_1664854	620095
ILMN_1739570	3440215
ILMN_1792979	4880593
ILMN_1665970	3400280
ILMN_1674816	650577
ILMN_1700950	7160324
ILMN_1748437	3450717
ILMN_1805585	4280594
ILMN_1789372	5310482
ILMN_3284521	4920491
ILMN_3213750	7200451
ILMN_1771049	1030095
ILMN_1660504	2900465
ILMN_1670879	3370324
ILMN_3288032	4200470
ILMN_1772594	3400075
ILMN_3211537	4050553
ILMN_1677435	6420053
ILMN_1656280	6860243
ILMN_1767369	7570020
ILMN_1701409	2940468
ILMN_1810582	4120612
ILMN_1653378	360136
ILMN_1772314	10072
ILMN_1763767	650039
ILMN_1660576	2970326
ILMN_1713401	270255
ILMN_1669605	3190195
ILMN_1776382	6220358
ILMN_1677925	4150673
ILMN_1716639	520343
ILMN_3199658	540097
ILMN_3230582	5130678
ILMN_1680753	5220528
ILMN_1773455	5270767
ILMN_1669051	3370438
ILMN_3289618	4760768
ILMN_1691449	2120066
ILMN_1714218	2900133
ILMN_1675999	2600139
ILMN_1714821	2640747
ILMN_3275919	20047
ILMN_3199450	2760246
ILMN_1813094	6280180
ILMN_1759861	3370504
ILMN_1793231	5700487
ILMN_1729542	6900132
ILMN_1685488	3290543
ILMN_1765612	5360068
ILMN_1696748	6620253
ILMN_1685704	3610240
ILMN_3291413	5080372
ILMN_3206064	6180452
ILMN_1745702	940446
ILMN_1814220	670139
ILMN_1701765	7650082
ILMN_1698294	7380201
ILMN_1670757	2100066
ILMN_3205162	5490202
ILMN_3282174	6280370
ILMN_1731500	4780348
ILMN_1759390	2760736
ILMN_1793949	7560270
ILMN_1749893	2470487
ILMN_3292376	3060392
ILMN_1684547	6020072
ILMN_1718140	520300
ILMN_1847415	1070743
ILMN_3288466	6100348
ILMN_1707686	4730192
ILMN_1670031	2480653
ILMN_1674870	4280324
ILMN_1651672	5260152
ILMN_1720353	1710170
ILMN_1751847	3520253
ILMN_1815765	1780193
ILMN_1694778	6580270
ILMN_1661509	3120360
ILMN_1677609	620563
ILMN_1795312	60402
ILMN_1667326	4200739
ILMN_1734775	6350364
ILMN_1694413	5570521
ILMN_1703529	6250678
ILMN_1777847	2850201
ILMN_1663227	1230168
ILMN_3290019	6250292
ILMN_3206531	4640709
ILMN_3283043	6110408
ILMN_1739681	6290193
ILMN_1698552	3180168
ILMN_1775243	2340326
ILMN_1741662	670441
ILMN_1676329	4230338
ILMN_1743031	2060379
ILMN_1796064	990201
ILMN_1706404	940228
ILMN_1698548	5870711
ILMN_1718502	2100364
ILMN_1755457	2940348
ILMN_1730791	2570465
ILMN_3199655	1780324
ILMN_3276525	2710372
ILMN_3210538	1170551
ILMN_3287033	6480402
ILMN_1654915	4290082
ILMN_3207233	2100328
ILMN_3283742	5420162
ILMN_1778139	6960554
ILMN_1687707	5820162
ILMN_1699136	7510349
ILMN_1668436	4070082
ILMN_3234241	3520435
ILMN_3240465	6520239
ILMN_1673598	1240301
ILMN_1654965	4880639
ILMN_3219843	5290612
ILMN_3296372	6180523
ILMN_1705264	3840133
ILMN_3215743	2970500
ILMN_3288755	4210392
ILMN_1756985	510601
ILMN_1696886	3060037
ILMN_1702585	4050315
ILMN_1663467	1500471
ILMN_3287093	70349
ILMN_3199755	610142
ILMN_1753600	5860537
ILMN_1790393	2140646
ILMN_1671985	7550373
ILMN_1730319	1110309
ILMN_3232557	1850653
ILMN_3209358	3310521
ILMN_3275033	1260553
ILMN_1664437	6620471
ILMN_1676836	2650343
ILMN_1692545	840577
ILMN_3201500	4070491
ILMN_1683017	4890605
ILMN_1738402	2370619
ILMN_1767147	7560619
ILMN_1679437	3400402
ILMN_1672332	4830082
ILMN_1658964	620482
ILMN_1692164	2140494
ILMN_1721314	6250328
ILMN_1674021	3940465
ILMN_1652507	2370544
ILMN_1652737	610102
ILMN_1680354	7000315
ILMN_1672562	1780703
ILMN_1663559	110369
ILMN_1743606	7560307
ILMN_1758680	1110097
ILMN_1746075	3710743
ILMN_1674283	4920026
ILMN_3276647	160538
ILMN_1701610	610026
ILMN_1805329	5080278
ILMN_1671433	830102
ILMN_1667582	7560682
ILMN_1693225	5310162
ILMN_1802906	3460162
ILMN_1797073	4540292
ILMN_1813167	7330356
ILMN_1662370	1820753
ILMN_1784566	1570470
ILMN_3279935	3990162
ILMN_3211302	4040131
ILMN_1675433	1030228
ILMN_1815210	3520577
ILMN_3245074	7380672
ILMN_1749525	2120424
ILMN_1807424	5220494
ILMN_1714499	4540110
ILMN_1759880	6770040
ILMN_1680398	3940487
ILMN_1655615	940341
ILMN_1671206	3400398
ILMN_3219929	940392
ILMN_3234624	2650097
ILMN_3282938	4560603
ILMN_3206429	5490259
ILMN_1799168	5220356
ILMN_1691701	6280255
ILMN_3200299	4290669
ILMN_3277850	6200301
ILMN_1662651	610603
ILMN_1755975	4210747
ILMN_1775368	3890497
ILMN_3216979	650246
ILMN_1713896	2260243
ILMN_1660166	6450465
ILMN_3200217	5130364
ILMN_3276697	5260523
ILMN_1674447	3370079
ILMN_3282395	2060280
ILMN_1668068	3840279
ILMN_1656722	6980402
ILMN_1658905	2100440
ILMN_1704208	5080736
ILMN_1701943	2470110
ILMN_1710458	6520209
ILMN_1668881	4390753
ILMN_3294365	3870373
ILMN_3247256	5810735
ILMN_1698541	6130142
ILMN_1671646	60368
ILMN_1704750	3170286
ILMN_1703692	3310288
ILMN_1704374	6330326
ILMN_1724840	4150315
ILMN_1657249	4560204
ILMN_1739045	1820209
ILMN_1716349	3990735
ILMN_3284530	150113
ILMN_3294556	4040551
ILMN_3212980	5860719
ILMN_1706591	6620767
ILMN_3200678	70685
ILMN_1768407	2680192
ILMN_1711756	4280446
ILMN_1774603	5900670
ILMN_3211906	290180
ILMN_2163025	5700673
ILMN_1750592	6580414
ILMN_1701878	2760468
ILMN_1761922	5700709
ILMN_1685759	2060634
ILMN_1782350	2760523
ILMN_1721992	4760088
ILMN_1776250	3290671
ILMN_1733175	1980296
ILMN_1685696	7160086
ILMN_1652666	5360035
ILMN_1669652	730470
ILMN_1784130	4290224
ILMN_3203656	5050048
ILMN_1691358	360196
ILMN_1652939	3710358
ILMN_1656181	7330364
ILMN_3286660	540292
ILMN_1709891	1740142
ILMN_1682565	5720717
ILMN_1697557	3830037
ILMN_3219631	1190482
ILMN_3290800	6370224
ILMN_1664318	3990286
ILMN_1654249	1030609
ILMN_3293972	6020703
ILMN_1773991	4890414
ILMN_1669620	3940100
ILMN_3246292	2350327
ILMN_1652700	2350671
ILMN_1684849	2230646
ILMN_1806612	6280195
ILMN_1803241	1450019
ILMN_1774206	1820273
ILMN_1774779	6350445
ILMN_1808864	3780259
ILMN_1725947	160451
ILMN_1668868	3850368
ILMN_1743592	6840259
ILMN_1696068	1940746
ILMN_1696705	5690767
ILMN_1658235	1340209
ILMN_1684634	4850228
ILMN_1734292	6330164
ILMN_1753692	6770605
ILMN_3294085	840181
ILMN_1724925	1980086
ILMN_1743526	3170114
ILMN_3207933	630360
ILMN_3284447	650189
ILMN_1805019	7510239
ILMN_1674186	6400736
ILMN_3235571	5290424
ILMN_1679524	4900092
ILMN_1784395	5260228
ILMN_1684928	990373
ILMN_1782937	7210392
ILMN_1719086	6040274
ILMN_1667826	650019
ILMN_1812904	4050189
ILMN_1690547	1050167
ILMN_3235750	380709
ILMN_3275611	4730521
ILMN_1670177	830343
ILMN_1784349	4050608
ILMN_1723642	430148
ILMN_1732313	5090373
ILMN_1785064	4880594
ILMN_1717794	3370458
ILMN_1771643	1260431
ILMN_1685584	2760504
ILMN_1757651	6040333
ILMN_1727977	7330059
ILMN_3236093	50092
ILMN_1667962	430414
ILMN_1654073	5960193
ILMN_2073409	4640162
ILMN_1693291	1450739
ILMN_3236279	1400754
ILMN_1698832	3940474
ILMN_1708625	5090369
ILMN_1778992	3120102
ILMN_1719774	5310102
ILMN_1658599	5390735
ILMN_1660103	3180138
ILMN_1663096	3130274
ILMN_1652368	6110202
ILMN_1796484	7210364
ILMN_1666323	4900598
ILMN_1731673	4120546
ILMN_1718613	6420136
ILMN_3246694	1050142
ILMN_1770358	160468
ILMN_1680230	6270341
ILMN_1810899	990446
ILMN_1653410	7160538
ILMN_1668317	7570543
ILMN_3207060	360653
ILMN_3283573	2810521
ILMN_1695421	4610564
ILMN_1692499	1400255
ILMN_1697287	1430441
ILMN_3289100	6040110
ILMN_1737434	7160019
ILMN_1697578	7650129
ILMN_3204768	1820026
ILMN_1800055	2850674
ILMN_1715709	6770092
ILMN_3275590	5550328
ILMN_1772277	2190692
ILMN_3285785	4260338
ILMN_1676565	1430541
ILMN_1788991	6620167
ILMN_1668297	7000681
ILMN_1671249	2640484
ILMN_1684318	6280753
ILMN_1804491	5820128
ILMN_1659627	290093
ILMN_1738780	7330458
ILMN_1770473	510630
ILMN_1687572	4810364
ILMN_1683491	2900634
ILMN_1814643	670674
ILMN_3245716	1770128
ILMN_1706277	6660167
ILMN_1766558	2260017
ILMN_1685672	5870026
ILMN_1680890	1660048
ILMN_1685774	360382
ILMN_3245834	6480148
ILMN_1669138	5550041
ILMN_1813381	2810452
ILMN_1758183	430020
ILMN_1738554	4860066
ILMN_1724881	6290474
ILMN_1665208	6620040
ILMN_1755986	6840037
ILMN_1658911	1980424
ILMN_1795718	2000044
ILMN_1729408	2690328
ILMN_1652660	4010390
ILMN_1807262	5860494
ILMN_1794020	2450204
ILMN_1652230	6840170
ILMN_1737849	4060369
ILMN_1762185	6180577
ILMN_1716827	7050348
ILMN_1706411	5220075
ILMN_1758343	7380722
ILMN_1706000	3830324
ILMN_1655871	4050086
ILMN_1686702	4260427
ILMN_1784554	2900079
ILMN_1806888	2710603
ILMN_1669304	3800685
ILMN_1799560	1710347
ILMN_1718739	5260398
ILMN_1678296	460402
ILMN_1713818	5080382
ILMN_1692996	5890243
ILMN_1717123	4670546
ILMN_1772998	2000367
ILMN_1662766	2230524
ILMN_1761950	1710605
ILMN_1775323	3420674
ILMN_1681930	2490020
ILMN_1668709	2490632
ILMN_1670297	4640524
ILMN_1653018	5420202
ILMN_1707954	5670474
ILMN_1758168	610673
ILMN_1699214	4220110
ILMN_1652015	5390484
ILMN_1757172	1300619
ILMN_1729198	6480364
ILMN_1790981	7330598
ILMN_1759402	110538
ILMN_1764310	3420095
ILMN_1793215	7400543
ILMN_1703369	610474
ILMN_1658067	3930079
ILMN_1687371	6560673
ILMN_1715425	6650400
ILMN_1687041	430477
ILMN_1663233	3390678
ILMN_1767595	3800593
ILMN_1680844	6290386
ILMN_1709707	1940209
ILMN_1679073	150427
ILMN_1699382	7400750
ILMN_3240375	3800021
ILMN_1652450	1430672
ILMN_1780669	4760546
ILMN_3202274	1820669
ILMN_3278753	4250541
ILMN_1657033	3130368
ILMN_1767546	4920196
ILMN_1700556	990519
ILMN_1697657	3130482
ILMN_1653572	3180202
ILMN_1795910	990348
ILMN_1663709	5390196
ILMN_1738948	3460372
ILMN_1681501	7610278
ILMN_1658556	3780543
ILMN_1800408	3310102
ILMN_1660980	6960463
ILMN_1655773	3610292
ILMN_1666464	1780414
ILMN_1671123	6960706
ILMN_1683367	1780390
ILMN_1709135	6960121
ILMN_1666055	4220487
ILMN_1668475	6760379
ILMN_1662688	5220082
ILMN_1696249	4120113
ILMN_1804538	4830463
ILMN_1664389	270468
ILMN_1652758	7320397
ILMN_1713788	2360458
ILMN_1788718	2650711
ILMN_1690356	2320435
ILMN_3248786	3460678
ILMN_1758649	670747
ILMN_1692635	4590598
ILMN_1748742	520286
ILMN_3247367	1990431
ILMN_1686316	1400202
ILMN_3208881	3130520
ILMN_3285387	5490468
ILMN_1804010	430255
ILMN_1705756	6250717
ILMN_1661301	4010349
ILMN_1697757	1740224
ILMN_1742455	5690091
ILMN_1711548	5130014
ILMN_1674108	3890209
ILMN_1674741	2140440
ILMN_1811714	2190719
ILMN_1751250	5090608
ILMN_1666469	5910270
ILMN_1805701	1570707
ILMN_1694462	540500
ILMN_1797038	4590041
ILMN_1801700	6180139
ILMN_1655140	6370047
ILMN_1773178	1440112
ILMN_1658618	5720411
ILMN_1757702	4220307
ILMN_1692978	5870017
ILMN_3283859	6250307
ILMN_1774799	2570341
ILMN_1652550	940008
ILMN_1657652	4200537
ILMN_1756998	4920768
ILMN_3285055	1770398
ILMN_3208546	4390082
ILMN_1693821	1240215
ILMN_1730012	5860270
ILMN_1770767	3930041
ILMN_1811960	1340474
ILMN_1659497	4070541
ILMN_1691691	6650678
ILMN_1776092	3850437
ILMN_1774044	5870253
ILMN_1665092	5910377
ILMN_1725963	460605
ILMN_1731457	1980450
ILMN_1723641	6220246
ILMN_1795159	5820382
ILMN_1725500	1980278
ILMN_1741586	6940091
ILMN_1708251	650504
ILMN_1682280	1050634
ILMN_1660036	2470278
ILMN_1678982	3400364
ILMN_1690201	2120221
ILMN_1659010	7400228
ILMN_1674710	380114
ILMN_1681898	2030273
ILMN_1793463	3190482
ILMN_1701636	3710575
ILMN_1704950	4200136
ILMN_1707344	2450333
ILMN_1807851	7210709
ILMN_1733436	7510646
ILMN_1812482	5670707
ILMN_1738497	6550296
ILMN_1661957	2940465
ILMN_1718376	5810131
ILMN_1735577	7560484
ILMN_1690309	450451
ILMN_1728260	7000039
ILMN_1693740	7000341
ILMN_1773201	3840274
ILMN_1661344	4560546
ILMN_1777347	610722
ILMN_1730097	2100167
ILMN_1666510	4010670
ILMN_1722093	450095
ILMN_1690463	6220138
ILMN_1807130	6520259
ILMN_1806548	730187
ILMN_1756130	5130519
ILMN_1731174	6040195
ILMN_1697504	270131
ILMN_1740571	6040546
ILMN_1804426	4230504
ILMN_1707794	6940592
ILMN_1674579	940717
ILMN_1662773	430010
ILMN_1788264	620209
ILMN_1684765	940136
ILMN_1740590	380427
ILMN_1696228	5820592
ILMN_3244019	4260440
ILMN_1658605	460133
ILMN_1661985	4220369
ILMN_1803531	6040687
ILMN_1809294	6590711
ILMN_1676659	6550017
ILMN_1723734	5270746
ILMN_1717013	7050601
ILMN_1792547	1190019
ILMN_1741352	2000332
ILMN_1740088	5870246
ILMN_1721017	3360221
ILMN_1672566	7550615
ILMN_1703280	3780037
ILMN_1705246	4830474
ILMN_1672468	3830484
ILMN_1773193	160707
ILMN_1747678	4540746
ILMN_1656767	4830215
ILMN_1806022	5260338
ILMN_1777668	4060184
ILMN_1687867	6420674
ILMN_1709395	2320717
ILMN_1654771	1450047
ILMN_1672540	4120241
ILMN_1692863	1820129
ILMN_1804157	5390184
ILMN_1791424	830605
ILMN_1786936	5270673
ILMN_1730565	3390598
ILMN_1655701	5490095
ILMN_1655026	2370689
ILMN_1712900	430075
ILMN_1777446	5820746
ILMN_3242238	2810672
ILMN_1758063	6110288
ILMN_1764654	6350280
ILMN_1782786	1030280
ILMN_1753736	2370392
ILMN_1667813	1570491
ILMN_1668663	160601
ILMN_1725702	7550154
ILMN_1665736	2000025
ILMN_1765678	1410687
ILMN_1691858	4540152
ILMN_1749175	1230528
ILMN_1669314	70056
ILMN_1678502	7380520
ILMN_1707930	2340504
ILMN_1656744	4150010
ILMN_1720249	4210255
ILMN_1697120	1430193
ILMN_1768392	770414
ILMN_1742277	510682
ILMN_1782349	3460719
ILMN_1675371	5560600
ILMN_1815629	160039
ILMN_1693330	3440537
ILMN_1715101	6450259
ILMN_1733879	7380008
ILMN_1672687	5420349
ILMN_1767236	3390475
ILMN_1661611	4060270
ILMN_1754848	870725
ILMN_1802936	1450201
ILMN_1684314	3870553
ILMN_1771000	1430392
ILMN_1696661	990706
ILMN_1761478	3310561
ILMN_1665733	6480022
ILMN_1729497	5260274
ILMN_1812620	5310246
ILMN_1797544	2470537
ILMN_1715650	3520767
ILMN_3239595	6420112
ILMN_1759660	2760546
ILMN_1656746	2030131
ILMN_1682911	4560431
ILMN_1704284	1510255
ILMN_1713436	4040072
ILMN_1660060	630059
ILMN_1727241	3610551
ILMN_1651520	630372
ILMN_1680189	1070020
ILMN_1707660	2140373
ILMN_1693293	2850243
ILMN_1689876	5130209
ILMN_1682968	450575
ILMN_1706600	270110
ILMN_1663724	4070327
ILMN_1661346	4760243
ILMN_1715947	6510246
ILMN_1732074	6900048
ILMN_1743358	610468
ILMN_1672991	5260193
ILMN_1666694	7100324
ILMN_3243184	4670349
ILMN_1802218	1030372
ILMN_1675732	1850152
ILMN_1805258	7330193
ILMN_1800695	4060452
ILMN_1698712	2260762
ILMN_1709054	7050427
ILMN_1656817	2370463
ILMN_1791141	6760358
ILMN_1665148	2650400
ILMN_1676219	3840451
ILMN_1814975	3520608
ILMN_1786831	7210445
ILMN_1656376	4230519
ILMN_1758106	4490364
ILMN_1661230	5860220
ILMN_1703488	2810386
ILMN_1657958	3400192
ILMN_1723407	6250452
ILMN_1695746	5310438
ILMN_1812988	650204
ILMN_1653420	5340156
ILMN_3284053	7210343
ILMN_3211365	130278
ILMN_3276005	430398
ILMN_1690031	5870170
ILMN_1796956	6860021
ILMN_1697702	2810685
ILMN_1720051	5550095
ILMN_3208056	2810626
ILMN_3284570	6550022
ILMN_1652469	1430273
ILMN_1741518	2060056
ILMN_1756404	2190307
ILMN_1766120	6330463
ILMN_1671678	3440458
ILMN_1690295	3370201
ILMN_1685927	3190471
ILMN_1787347	3460082
ILMN_1653527	6350273
ILMN_1743890	1850376
ILMN_1763400	1470730
ILMN_1673339	1440692
ILMN_1671072	7330609
ILMN_1755910	3310450
ILMN_1760020	6580358
ILMN_1663836	7210187
ILMN_1672367	3990706
ILMN_3287583	2650091
ILMN_1672185	990279
ILMN_1698047	3460452
ILMN_1664989	4670079
ILMN_1700880	6280521
ILMN_1681569	2060008
ILMN_1697308	6280156
ILMN_1734427	7610241
ILMN_1660151	2060692
ILMN_1673489	110600
ILMN_1723574	780521
ILMN_1735179	7210731
ILMN_1700743	630209
ILMN_1658019	360228
ILMN_1752150	2850717
ILMN_1695125	5570661
ILMN_1711678	2060626
ILMN_1654870	4900681
ILMN_1806109	2350039
ILMN_1704554	1450136
ILMN_1651727	1260220
ILMN_1764496	2640736
ILMN_1670522	3120189
ILMN_1779467	2100202
ILMN_1762482	5490398
ILMN_1721654	3310082
ILMN_1730239	6220156
ILMN_1710641	5910369
ILMN_1687058	240537
ILMN_1754970	5490110
ILMN_1804775	7510181
ILMN_1680245	3440372
ILMN_1696469	2970220
ILMN_1707690	290138
ILMN_1793413	3140398
ILMN_1711087	6590240
ILMN_1675923	6580343
ILMN_1656988	6770164
ILMN_1777903	5260273
ILMN_1667266	1850743
ILMN_1729587	6980195
ILMN_1696831	5270494
ILMN_1771036	4290747
ILMN_1747185	3390398
ILMN_1672103	510390
ILMN_1704868	6100088
ILMN_1654394	4880162
ILMN_1708047	770487
ILMN_1763374	4560112
ILMN_1678992	5560762
ILMN_1668466	6270215
ILMN_1815034	7510612
ILMN_1764936	2030500
ILMN_1677091	1300458
ILMN_1662141	1090010
ILMN_1696977	2260328
ILMN_1737574	2570400
ILMN_1773819	5560609
ILMN_1761160	5870168
ILMN_1812597	1240468
ILMN_1698992	5390491
ILMN_1811346	5550433
ILMN_1696901	5260102
ILMN_1652955	4050377
ILMN_1691473	5050639
ILMN_1699348	840368
ILMN_1702431	520564
ILMN_1684523	2640750
ILMN_1728102	5900528
ILMN_1726667	6650360
ILMN_1764301	4560398
ILMN_1746510	2100193
ILMN_1757892	620139
ILMN_1695899	630669
ILMN_3286925	1170452
ILMN_3208649	1580079
ILMN_1807889	2370681
ILMN_1783220	2630014
ILMN_1678726	2060196
ILMN_1776389	2450564
ILMN_1806205	430201
ILMN_1699011	6520470
ILMN_1700884	6590020
ILMN_1684582	4890386
ILMN_1666371	3420408
ILMN_1705018	4610762
ILMN_1783684	4860703
ILMN_1735043	2640458
ILMN_1752532	240082
ILMN_1799591	4850047
ILMN_1731248	7560278
ILMN_1768368	6590706
ILMN_3279561	6290259
ILMN_1710698	2690477
ILMN_1653622	2260544
ILMN_1653724	2650386
ILMN_1667631	7330181
ILMN_3246850	630424
ILMN_1792165	2230458
ILMN_1668588	6450747
ILMN_1666282	3610356
ILMN_1787630	520735
ILMN_3236904	2690747
ILMN_3242077	4180242
ILMN_1767063	1580484
ILMN_1769592	6350398
ILMN_1662371	7330411
ILMN_1671183	4250154
ILMN_1662103	2060685
ILMN_1716526	3440220
ILMN_1787662	6770475
ILMN_1758292	1110008
ILMN_1652721	1400241
ILMN_1750657	4880576
ILMN_1802762	2810441
ILMN_1664601	3710768
ILMN_3281563	3390170
ILMN_1669552	1410390
ILMN_1669358	2470731
ILMN_1800716	780075
ILMN_1710368	6110762
ILMN_1693109	2970274
ILMN_1697107	3930458
ILMN_1716234	1260026
ILMN_1764814	3840068
ILMN_1718316	2030372
ILMN_3275505	3460328
ILMN_1658044	7550025
ILMN_1652711	4150338
ILMN_1728308	3710128
ILMN_3280651	3780369
ILMN_3211857	6130239
ILMN_1787371	20014
ILMN_1672765	360255
ILMN_1674801	6840204
ILMN_1656015	3140736
ILMN_1705353	2810437
ILMN_1653458	3400136
ILMN_1705422	5290059
ILMN_1776915	270451
ILMN_1668776	7650156
ILMN_1677691	3310259
ILMN_1806075	5670053
ILMN_1726972	2450017
ILMN_1705330	4640136
ILMN_1762957	6520142
ILMN_1814304	6110403
ILMN_1692716	4670647
ILMN_1700543	4060372
ILMN_1739233	870259
ILMN_1752917	670692
ILMN_1770887	5570133
ILMN_1687397	1400670
ILMN_1673755	5720189
ILMN_1674584	6620192
ILMN_1663455	870358
ILMN_1655275	4070255
ILMN_1767661	770072
ILMN_1689482	4900253
ILMN_3236719	4560082
ILMN_3274790	2480286
ILMN_1682493	1230750
ILMN_3203874	3170075
ILMN_3274914	3870192
ILMN_1661470	1940754
ILMN_1651408	4920376
ILMN_1664508	2120561
ILMN_1723379	940768
ILMN_1809820	1260121
ILMN_1812865	4560598
ILMN_1657222	6960139
ILMN_1683717	630192
ILMN_1724271	780196
ILMN_1708647	3520474
ILMN_3275575	4850403
ILMN_1766965	2360575
ILMN_1663430	6840201
ILMN_1801254	6100379
ILMN_1778456	5960301
ILMN_1686807	5270020
ILMN_1660752	1980376
ILMN_1761387	3840152
ILMN_1683217	3170224
ILMN_1744382	3930706
ILMN_1660795	6400441
ILMN_1737497	6770300
ILMN_1689755	1660349
ILMN_1669367	4210603
ILMN_1750262	4640487
ILMN_1684377	240112
ILMN_3248579	2230747
ILMN_1659597	3060400
ILMN_1728374	3170612
ILMN_1699324	2570408
ILMN_1655190	5860458
ILMN_1753043	6650296
ILMN_1751726	4570475
ILMN_1709000	6960364
ILMN_1712366	2510327
ILMN_1708947	7550746
ILMN_1806365	1740564
ILMN_1668706	6550136
ILMN_1692131	6100048
ILMN_1736094	4670440
ILMN_3238818	3850762
ILMN_1815395	4540747
ILMN_1701716	1690605
ILMN_1728702	1030221
ILMN_1676706	7210670
ILMN_1690941	2260451
ILMN_1725361	5900324
ILMN_1789706	6450369
ILMN_1728645	6480246
ILMN_1795511	4540347
ILMN_1761201	3130270
ILMN_1682383	1300403
ILMN_1732407	70424
ILMN_1665052	5390040
ILMN_1664215	1500543
ILMN_1661731	5820041
ILMN_1782653	6620731
ILMN_1776249	2120546
ILMN_1743503	6580296
ILMN_1694313	1300615
ILMN_1815895	1010546
ILMN_1652342	3420437
ILMN_1707951	5860196
ILMN_1694136	630768
ILMN_1685985	780482
ILMN_1651680	4060446
ILMN_1696751	7510471
ILMN_2211910	830358
ILMN_1652170	4490113
ILMN_1716734	4730753
ILMN_1763960	540537
ILMN_1704343	4390246
ILMN_1654493	4250070
ILMN_1711371	5820435
ILMN_1787834	5910091
ILMN_1739609	6560040
ILMN_1760981	5570681
ILMN_1703724	4200519
ILMN_1739434	6040095
ILMN_1805486	2060243
ILMN_1654403	5670019
ILMN_1747004	4540524
ILMN_1728296	3180255
ILMN_1697599	4830097
ILMN_1653043	1240349
ILMN_1730795	5130324
ILMN_1770658	1710398
ILMN_1758559	6550167
ILMN_1783024	6110678
ILMN_1661781	4670324
ILMN_3250993	4830053
ILMN_1741259	4640148
ILMN_1678859	6900291
ILMN_1684976	3450008
ILMN_1800033	6060241
ILMN_1676938	6520286
ILMN_1698813	1940367
ILMN_1682044	1570546
ILMN_1665715	430554
ILMN_1728371	4900524
ILMN_1715479	1030273
ILMN_1734968	3710129
ILMN_1668256	3130044
ILMN_1800575	770348
ILMN_1710629	5340356
ILMN_1673778	770360
ILMN_1788784	2640162
ILMN_1667000	6520500
ILMN_1661106	5050554
ILMN_1738694	1340592
ILMN_1662525	7560491
ILMN_1775100	6110414
ILMN_1689897	4830482
ILMN_1718609	5960356
ILMN_3281767	4830164
ILMN_1813343	4590341
ILMN_3274143	510278
ILMN_1775267	7560408
ILMN_1798882	4900274
ILMN_1657948	60669
ILMN_1779765	110670
ILMN_1707578	3800450
ILMN_1668405	1430066
ILMN_1721685	2340097
ILMN_3244579	6450673
ILMN_1802629	6840114
ILMN_1791766	2070433
ILMN_1778801	3710047
ILMN_3208965	2340270
ILMN_3282786	4070458
ILMN_1657266	6220239
ILMN_1753780	4810195
ILMN_3282032	4260543
ILMN_1787594	2570458
ILMN_1808649	1500564
ILMN_1711223	1230148
ILMN_1738936	7380736
ILMN_1740675	6020242
ILMN_1782230	2600762
ILMN_1705587	4890368
ILMN_1663259	4040446
ILMN_1767592	5720671
ILMN_1791610	3290735
ILMN_1802730	6520647
ILMN_1790544	1070326
ILMN_3279996	6650022
ILMN_1673667	1980767
ILMN_1783827	240703
ILMN_1661236	5560386
ILMN_1690298	3840139
ILMN_1693831	4060397
ILMN_1675168	5820278
ILMN_1681605	5220673
ILMN_1681327	6960291
ILMN_1703908	4280278
ILMN_1709131	2260608
ILMN_1735061	6060707
ILMN_1775316	4570470
ILMN_1659693	70326
ILMN_1764867	6620053
ILMN_1706749	5690730
ILMN_1690407	460678
ILMN_1786068	3400047
ILMN_1666798	2470671
ILMN_3278754	4760132
ILMN_3218401	7320097
ILMN_1811063	5420750
ILMN_1680042	4560162
ILMN_1680033	6960347
ILMN_1705759	580110
ILMN_1794858	7040209
ILMN_1684693	1580220
ILMN_1770328	7610010
ILMN_1815474	130504
ILMN_1668570	4210725
ILMN_1672235	4150372
ILMN_3206931	1570612
ILMN_3283444	2690196
ILMN_1671970	5050747
ILMN_1749417	1690450
ILMN_1737689	580541
ILMN_1651508	5220468
ILMN_1708367	4900450
ILMN_1688588	5090112
ILMN_1699658	5490039
ILMN_1766371	7550709
ILMN_1694146	1740553
ILMN_1692762	6220259
ILMN_1678129	7320255
ILMN_1673630	2970468
ILMN_1697907	4250402
ILMN_1710790	1340747
ILMN_1672755	4390524
ILMN_3200830	1980239
ILMN_3277307	2640326
ILMN_1803799	2680102
ILMN_1671125	730598
ILMN_1757876	5270368
ILMN_1812659	6250719
ILMN_1702235	2450168
ILMN_1670442	2230743
ILMN_1660307	4640053
ILMN_1748974	6280465
ILMN_1687475	6370349
ILMN_1781753	3180041
ILMN_1811034	1850240
ILMN_1801435	4850093
ILMN_1661399	2060528
ILMN_1776574	840424
ILMN_1767367	1710195
ILMN_1686568	4060706
ILMN_1726144	7380754
ILMN_1659389	7150468
ILMN_1791121	6330347
ILMN_1783735	4880113
ILMN_1743454	2640692
ILMN_1651938	3830348
ILMN_1675173	1090044
ILMN_3245355	1850326
ILMN_1700679	4830601
ILMN_1812827	1450575
ILMN_1726049	4570097
ILMN_1812617	780241
ILMN_1702663	5810608
ILMN_1676036	6550274
ILMN_1695442	2710685
ILMN_1651608	2710333
ILMN_1747297	6020553
ILMN_1654137	6380605
ILMN_1723630	7000288
ILMN_1790459	6370609
ILMN_1795126	4480598
ILMN_1753048	5570450
ILMN_1737837	3840093
ILMN_1714466	1030154
ILMN_1776535	4850341
ILMN_2104693	5560477
ILMN_1695376	7050088
ILMN_1652990	3520593
ILMN_1657827	3370341
ILMN_1669644	3930292
ILMN_3239495	2630193
ILMN_1735176	2570601
ILMN_1729421	4560279
ILMN_1696720	4150719
ILMN_1716857	2030427
ILMN_1783556	5050091
ILMN_1786343	7210431
ILMN_1694709	3990390
ILMN_1716770	6510300
ILMN_1735829	1770521
ILMN_1670086	7650670
ILMN_1665920	1440414
ILMN_1715045	380605
ILMN_1680685	110070
ILMN_1697345	3890471
ILMN_1671152	3180463
ILMN_1717767	4220446
ILMN_1747015	7160241
ILMN_1793670	50632
ILMN_1678306	6280241
ILMN_1786242	6290592
ILMN_1680936	3830286
ILMN_1802460	5340152
ILMN_3246097	4230072
ILMN_1697377	6580088
ILMN_1673288	6590095
ILMN_1654900	620358
ILMN_1730328	2680524
ILMN_1726846	6560286
ILMN_1793982	620014
ILMN_1655909	2470754
ILMN_1725204	460367
ILMN_1749409	130594
ILMN_3203868	2480437
ILMN_3285314	3170735
ILMN_1795701	6760100
ILMN_1658634	4560725
ILMN_3235277	4880647
ILMN_1748753	430450
ILMN_2188822	2370356
ILMN_1802535	2630706
ILMN_1653500	5220193
ILMN_3243074	3940035
ILMN_1706750	5050661
ILMN_1720075	6960398
ILMN_1735811	2340482
ILMN_1778767	3710477
ILMN_3205424	580639
ILMN_1681305	4060524
ILMN_1804601	580445
ILMN_1742549	60471
ILMN_1671555	1030082
ILMN_1678262	5570537
ILMN_1735503	6560671
ILMN_3275199	1410497
ILMN_3232862	1990324
ILMN_1668717	4810324
ILMN_1656647	1300259
ILMN_1720968	2320632
ILMN_1652132	360414
ILMN_1673317	2710193
ILMN_2181241	6270605
ILMN_1804532	6560537
ILMN_1742309	70411
ILMN_1808747	6960187
ILMN_1697138	4120564
ILMN_1725407	6290156
ILMN_1724501	940408
ILMN_1746551	2340687
ILMN_1696444	4880424
ILMN_1805464	3800433
ILMN_1715476	630196
ILMN_1659028	3450767
ILMN_1731008	840441
ILMN_1730330	940605
ILMN_2165604	4850619
ILMN_1710146	4900301
ILMN_1756472	7200551
ILMN_1712989	4210292
ILMN_1775034	2340647
ILMN_1679471	6480445
ILMN_1706920	5560204
ILMN_1657056	20494
ILMN_1802834	4810681
ILMN_1691178	2600681
ILMN_1757275	6510538
ILMN_1678877	5050189
ILMN_1734201	130358
ILMN_1683863	5560440
ILMN_1786955	630390
ILMN_1660170	60458
ILMN_1696486	780347
ILMN_1758743	430397
ILMN_1748928	1580154
ILMN_1775479	3290497
ILMN_1778381	510132
ILMN_1760991	3290706
ILMN_1814853	1400050
ILMN_1661172	4560292
ILMN_1681402	2810403
ILMN_1696999	2230110
ILMN_1687763	6660703
ILMN_1688890	460608
ILMN_1673147	7200538
ILMN_1698941	3990468
ILMN_1696723	2680068
ILMN_1664146	6380592
ILMN_1656672	1660431
ILMN_1721504	1780435
ILMN_1828797	3190706
ILMN_1678132	4860056
ILMN_1716072	10040
ILMN_1736872	5080184
ILMN_1773153	4810717
ILMN_1662294	3990167
ILMN_1693949	4120164
ILMN_1679707	6580451
ILMN_1733126	3360047
ILMN_1685422	3520747
ILMN_1671992	20017
ILMN_1805300	6400563
ILMN_2103003	2030025
ILMN_1802701	7150148
ILMN_1810066	6280397
ILMN_1660865	1500128
ILMN_1661261	2360605
ILMN_1799357	4730475
ILMN_1722376	3400554
ILMN_1699413	6270121
ILMN_1660775	5420136
ILMN_1773323	5820288
ILMN_1658978	4250341
ILMN_3200374	3190259
ILMN_3287493	6550377
ILMN_1779795	1340079
ILMN_1689915	6380189
ILMN_1669796	1340646
ILMN_1662730	6770112
ILMN_1723335	3780255
ILMN_3207996	2450719
ILMN_1658825	3140189
ILMN_1658415	4900128
ILMN_1772168	130333
ILMN_1660104	6550564
ILMN_1667663	380615
ILMN_1812299	1430746
ILMN_1741597	150142
ILMN_1687094	6860403
ILMN_1676694	4570280
ILMN_1675657	6110600
ILMN_1673643	1430474
ILMN_1743711	6770563
ILMN_1806319	6660746
ILMN_1764436	50768
ILMN_1727668	6290164
ILMN_3292903	3060280
ILMN_3216394	5820411
ILMN_1710602	5390440
ILMN_1688195	3990364
ILMN_1674699	5340379
ILMN_1762079	1030491
ILMN_1729219	940142
ILMN_1750307	2060397
ILMN_1673844	2260086
ILMN_1712481	6370463
ILMN_1763529	7000719
ILMN_1706369	5670307
ILMN_1676055	3190243
ILMN_1729635	2060431
ILMN_3286737	5890167
ILMN_1671423	730563
ILMN_1773301	6760519
ILMN_1713655	840497
ILMN_1766514	6760066
ILMN_1687738	4150524
ILMN_1807912	450707
ILMN_1774228	780523
ILMN_1712742	2370521
ILMN_2079225	2570747
ILMN_1685813	5340682
ILMN_1700521	5310440
ILMN_1778098	6180576
ILMN_1737991	670010
ILMN_1808629	1090465
ILMN_1713800	20332
ILMN_1692116	4010167
ILMN_1669167	360630
ILMN_1680265	4830114
ILMN_1801536	2470725
ILMN_1779703	1430632
ILMN_1729791	2120215
ILMN_1735832	3310608
ILMN_1767620	1340309
ILMN_1664157	5700452
ILMN_1741521	7050524
ILMN_3245784	1780154
ILMN_1773252	3120209
ILMN_1684485	6480021
ILMN_3238977	1710722
ILMN_1683664	1690465
ILMN_1684499	430097
ILMN_2086210	5690128
ILMN_1731235	4390445
ILMN_1800227	6520114
ILMN_1799770	2850377
ILMN_3246299	6380471
ILMN_1699323	7210369
ILMN_1680587	6510220
ILMN_1788775	2510736
ILMN_1813116	7560168
ILMN_1723584	7050296
ILMN_1727430	6770445
ILMN_1690354	6550091
ILMN_1810880	3370553
ILMN_1732674	2750482
ILMN_1669691	580576
ILMN_1741557	610477
ILMN_1798968	7160523
ILMN_1705652	520020
ILMN_1752718	5910639
ILMN_3247173	7330224
ILMN_1764423	450731
ILMN_1669505	4150576
ILMN_1674415	2350040
ILMN_1853837	3520739
ILMN_1665870	50328
ILMN_1687943	5490661
ILMN_1730687	6220333
ILMN_1674136	1470491
ILMN_1743724	4010068
ILMN_1757183	2230193
ILMN_1653910	1990113
ILMN_1716905	4540008
ILMN_1709033	730056
ILMN_3287422	1690546
ILMN_3210921	7400601
ILMN_1653934	1470441
ILMN_1676194	3890079
ILMN_1667372	5220184
ILMN_1774088	5390470
ILMN_1675852	7650528
ILMN_1751802	2320703
ILMN_1661255	650026
ILMN_1726002	1070626
ILMN_1772791	5390079
ILMN_1790789	6980324
ILMN_1803231	3990524
ILMN_1676057	1820458
ILMN_1803479	4180148
ILMN_1814812	6400414
ILMN_1735813	670064
ILMN_1653077	6980338
ILMN_1677665	7150201
ILMN_1748248	3800615
ILMN_1725170	1190754
ILMN_1756579	5340196
ILMN_3288273	240332
ILMN_1694371	3060142
ILMN_1717733	5810259
ILMN_1808727	1740377
ILMN_1772137	3850019
ILMN_1736701	1770554
ILMN_1729815	2690148
ILMN_1745914	630451
ILMN_1808695	7100360
ILMN_1656509	2450482
ILMN_1707298	5820091
ILMN_1745107	2690010
ILMN_3241739	730450
ILMN_1655334	5550520
ILMN_1719362	5360279
ILMN_1671066	2320280
ILMN_1690481	5050446
ILMN_1685173	3610224
ILMN_1726647	6960195
ILMN_1729898	5360292
ILMN_1662341	3370674
ILMN_1739757	2120632
ILMN_1719688	2450414
ILMN_1686974	6350224
ILMN_1744102	3310553
ILMN_1651565	1050164
ILMN_1653106	2940411
ILMN_1698407	5810066
ILMN_1768933	2320026
ILMN_1781673	3710370
ILMN_1755795	3800543
ILMN_1677363	940402
ILMN_1739230	1770463
ILMN_3238967	6130551
ILMN_1760579	3290129
ILMN_1718133	2000626
ILMN_1723134	1450653
ILMN_1754772	5910674
ILMN_1754389	5270497
ILMN_1692852	5670670
ILMN_1803248	4590673
ILMN_1798938	290131
ILMN_1795552	5080465
ILMN_2158781	6020193
ILMN_1655938	6020753
ILMN_1747109	5270309
ILMN_1768389	580131
ILMN_1749646	1660398
ILMN_1694708	6250114
ILMN_1680578	6020241
ILMN_1812236	7000056
ILMN_1654950	5900356
ILMN_3212093	4670195
ILMN_1680668	3830543
ILMN_1689324	4230593
ILMN_1768165	60161
ILMN_1670331	4900192
ILMN_1656199	4200010
ILMN_1694127	6760681
ILMN_1798146	1010301
ILMN_1674341	2810603
ILMN_1682601	5360561
ILMN_1753341	2630082
ILMN_1747525	360564
ILMN_1767469	6840162
ILMN_1752646	1580632
ILMN_1680555	150332
ILMN_1716670	2710521
ILMN_1789682	6180707
ILMN_1790771	130661
ILMN_1786627	1990025
ILMN_1715436	70431
ILMN_1803510	4830068
ILMN_1697203	4890379
ILMN_1726363	7510192
ILMN_1684006	3190367
ILMN_1775273	5260475
ILMN_1691833	7100056
ILMN_1800147	5890725
ILMN_1717690	1230066
ILMN_1795289	1300278
ILMN_1734513	290671
ILMN_1783156	4010433
ILMN_3242022	2190328
ILMN_1683296	4920446
ILMN_1672664	5720739
ILMN_1681463	5080719
ILMN_1760842	6940170
ILMN_1674697	5550112
ILMN_1758556	5700619
ILMN_1751542	3930301
ILMN_1804217	5700338
ILMN_1764084	4830341
ILMN_1758424	6330241
ILMN_1663657	4150730
ILMN_3248777	940121
ILMN_1688776	1660114
ILMN_1695697	2680292
ILMN_1753686	4640647
ILMN_1772075	3130575
ILMN_1689188	3360379
ILMN_1891229	5700437
ILMN_1680248	5260301
ILMN_2175942	6450156
ILMN_1715309	2940242
ILMN_1703983	3870279
ILMN_1679493	4150328
ILMN_1774380	3440136
ILMN_3288726	2490482
ILMN_1707973	6980603
ILMN_1695844	2750564
ILMN_1657348	5420521
ILMN_1683596	1430731
ILMN_1681683	3460475
ILMN_1775831	3990195
ILMN_1675237	3710164
ILMN_1804792	3370070
ILMN_1737486	160095
ILMN_1698774	5270546
ILMN_1744666	4880451
ILMN_1755952	3930328
ILMN_1715588	7330484
ILMN_1767184	4780037
ILMN_1674053	130373
ILMN_1680360	1660338
ILMN_1686066	270193
ILMN_1686498	6580037
ILMN_1789383	2000544
ILMN_1695775	7200634
ILMN_1776986	1780301
ILMN_1673713	2710273
ILMN_1672623	7330154
ILMN_1674881	1430523
ILMN_1689246	270020
ILMN_1775296	6560538
ILMN_1664648	5960500
ILMN_1686995	2190053
ILMN_1711615	6420192
ILMN_1704754	1450538
ILMN_1678651	2370315
ILMN_1773222	7510593
ILMN_1702012	3130091
ILMN_1806930	5050754
ILMN_1691195	6100307
ILMN_1696218	2940524
ILMN_1805437	5670452
ILMN_1709305	990497
ILMN_1811177	7610110
ILMN_1766356	650243
ILMN_1782417	1230600
ILMN_1807872	1940379
ILMN_1791415	3460025
ILMN_1795897	1400653
ILMN_1684372	520095
ILMN_1755181	7380600
ILMN_1767852	2100630
ILMN_1683920	5670017
ILMN_1721224	7570739
ILMN_1680952	7650192
ILMN_1705534	5570528
ILMN_1679692	2190669
ILMN_1745490	2360224
ILMN_1670071	510292
ILMN_1714427	150008
ILMN_1666193	6220468
ILMN_1795720	4220762
ILMN_1814654	4900619
ILMN_1803191	290291
ILMN_1658108	10315
ILMN_1666087	6180327
ILMN_1728479	6290408
ILMN_1740855	3520240
ILMN_1806576	3610438
ILMN_1767857	4070504
ILMN_1704086	7100736
ILMN_1657656	2630520
ILMN_1690063	1710349
ILMN_1660439	6590446
ILMN_1704611	1850452
ILMN_1704133	3390239
ILMN_1751846	1570706
ILMN_1754210	2490762
ILMN_1665013	4610707
ILMN_1699769	4210053
ILMN_1775819	6580242
ILMN_1678148	7510187
ILMN_1809064	4150228
ILMN_1776995	3840538
ILMN_1798809	1410382
ILMN_1739128	4880435
ILMN_1686709	4880400
ILMN_3205924	2940167
ILMN_3282436	6280717
ILMN_1679587	6020066
ILMN_1699070	2450039
ILMN_1763673	5690195
ILMN_1690520	2940653
ILMN_1682257	2760025
ILMN_1685805	2470672
ILMN_1709322	4610440
ILMN_1673171	730102
ILMN_1656801	4670315
ILMN_1738262	6350328
ILMN_1712277	4780152
ILMN_1729753	7550424
ILMN_1713128	7560437
ILMN_1786729	3710438
ILMN_1712967	3800113
ILMN_1776906	2480411
ILMN_1787464	2900170
ILMN_1767471	4830170
ILMN_1714510	2120082
ILMN_1653567	5310220
ILMN_1742431	6900520
ILMN_1681358	5900064
ILMN_1721986	20482
ILMN_2091717	3390685
ILMN_1681092	7000093
ILMN_1768828	70341
ILMN_1718094	7320564
ILMN_1657595	6290092
ILMN_1789747	2900138
ILMN_1805776	3840551
ILMN_1784340	3190286
ILMN_1728555	6400458
ILMN_1731313	2030528
ILMN_1710237	4210438
ILMN_1686880	7150707
ILMN_1701241	2850477
ILMN_1651913	1430561
ILMN_1688676	4390731
ILMN_1793072	6130437
ILMN_1713218	5220020
ILMN_1757718	3830195
ILMN_1797025	3370360
ILMN_1660299	2680048
ILMN_1766614	6770400
ILMN_1681623	5310725
ILMN_3242166	5870653
ILMN_1722772	1980240
ILMN_1714324	1740315
ILMN_1672600	5390243
ILMN_1799640	2480382
ILMN_1788599	7210601
ILMN_1754347	7560608
ILMN_1782800	4010379
ILMN_1785000	670040
ILMN_1657273	6380435
ILMN_1653760	1690538
ILMN_1769277	2120040
ILMN_1730961	2760176
ILMN_1705423	10039
ILMN_3203672	6270167
ILMN_3280173	6420608
ILMN_1709948	4900402
ILMN_1653142	380025
ILMN_1651447	2750347
ILMN_1664513	4640482
ILMN_1662384	6580221
ILMN_1656907	6250347
ILMN_1707107	4220082
ILMN_1689365	6510768
ILMN_1738598	160093
ILMN_1791304	4120653
ILMN_1795728	6200639
ILMN_2123719	6760736
ILMN_1655860	4220402
ILMN_1654772	6650343
ILMN_1747492	6350286
ILMN_1791113	6900609
ILMN_1701871	3830441
ILMN_1753518	3170241
ILMN_1661043	5310356
ILMN_1691304	4540546
ILMN_1755299	3450497
ILMN_1786944	830025
ILMN_1684311	5290563
ILMN_1813633	7610041
ILMN_1669759	50059
ILMN_1677136	6560646
ILMN_1810205	6510291
ILMN_1678035	3140270
ILMN_1722230	3440450
ILMN_1760971	6040136
ILMN_1691361	4050605
ILMN_1709287	7040131
ILMN_1674859	4540440
ILMN_1672354	5490364
ILMN_1662538	2760215
ILMN_1714073	4730438
ILMN_1656993	770170
ILMN_1674437	5050730
ILMN_1689936	4920368
ILMN_1661536	7150646
ILMN_1734639	6180156
ILMN_1740535	3060707
ILMN_1763216	4260382
ILMN_1716200	2900168
ILMN_1763823	1580360
ILMN_1710570	3780703
ILMN_1709370	670768
ILMN_1717453	5900180
ILMN_1664398	630095
ILMN_1767701	5910100
ILMN_1760927	2810703
ILMN_1803208	6560039
ILMN_1787440	2970458
ILMN_1774111	5570762
ILMN_1801460	6760187
ILMN_1772399	4760037
ILMN_1671628	1440347
ILMN_1807756	2690682
ILMN_1672123	2900440
ILMN_1670273	5560524
ILMN_1796543	1240139
ILMN_1678398	1990242
ILMN_1676100	7570307
ILMN_1781754	6040594
ILMN_3280847	6760494
ILMN_1711588	4610750
ILMN_1698315	7160014
ILMN_3283335	4670639
ILMN_1814579	290681
ILMN_1752973	780561
ILMN_1809562	3840672
ILMN_1668740	4280386
ILMN_1656949	2140053
ILMN_1780274	2480270
ILMN_1713709	4220403
ILMN_1693851	2810356
ILMN_1661800	6940551
ILMN_1673625	6660008
ILMN_1674789	990470
ILMN_1815782	2850376
ILMN_1670800	5270685
ILMN_1807203	3170670
ILMN_1688541	6770735
ILMN_1674228	6660379
ILMN_1785074	4570221
ILMN_1763746	870162
ILMN_1761940	1500243
ILMN_1700112	5810392
ILMN_1702321	580072
ILMN_1787751	1010192
ILMN_3201503	4050092
ILMN_3289997	5270632
ILMN_1665948	2490753
ILMN_1767537	4150709
ILMN_1776275	6480524
ILMN_1695011	270753
ILMN_1751529	6280142
ILMN_1808307	6380451
ILMN_1717156	6590039
ILMN_1765895	520220
ILMN_1782637	4180497
ILMN_1761423	3390040
ILMN_1729115	1570746
ILMN_1738249	150088
ILMN_1749289	4010593
ILMN_1662953	7000170
ILMN_1692924	6040630
ILMN_1700891	2340615
ILMN_1787933	870097
ILMN_1682594	1050471
ILMN_1671378	2480603
ILMN_1748306	1660500
ILMN_1668080	6400682
ILMN_1753283	4850338
ILMN_1694864	3170554
ILMN_1732633	3450639
ILMN_3197759	1470440
ILMN_3278421	1580180
ILMN_1718358	10114
ILMN_1658801	160192
ILMN_1698007	1260138
ILMN_1674740	4490309
ILMN_1667171	6980520
ILMN_1767632	1770538
ILMN_1656137	1780754
ILMN_1679920	2710451
ILMN_1687805	3840722
ILMN_1794271	3830017
ILMN_1815652	4010615
ILMN_1693205	6760465
ILMN_1751280	2340068
ILMN_1755904	6520097
ILMN_1764469	5860202
ILMN_1684251	3310671
ILMN_1762808	5910685
ILMN_2138530	2230220
ILMN_1806967	290709
ILMN_1791945	3130521
ILMN_1736923	4670377
ILMN_1765066	6100463
ILMN_1747054	510358
ILMN_1737110	5560707
ILMN_1724555	1070164
ILMN_1799110	1170097
ILMN_1776713	5220064
ILMN_1784154	2100471
ILMN_1716498	5820546
ILMN_3235862	2600048
ILMN_1775525	6660438
ILMN_1770660	3450484
ILMN_1720566	2340373
ILMN_1669458	4920132
ILMN_1730972	5360463
ILMN_1669775	4780487
ILMN_1688928	5890050
ILMN_1689699	610215
ILMN_1656635	2370215
ILMN_1757146	6620520
ILMN_1671511	1450347
ILMN_1673316	6510064
ILMN_1699790	520100
ILMN_3238598	630019
ILMN_1730887	5080253
ILMN_1736200	70402
ILMN_1699046	5220537
ILMN_1725425	2000706
ILMN_1751266	380110
ILMN_1702941	3290064
ILMN_1748265	4040692
ILMN_1693195	540348
ILMN_1713281	1660743
ILMN_1709968	6450435
ILMN_1808991	730735
ILMN_1708706	3450475
ILMN_1729428	5130608
ILMN_1655940	1940446
ILMN_1688649	5050168
ILMN_1683597	2690020
ILMN_1696415	6840731
ILMN_1657079	1440327
ILMN_1787344	1440162
ILMN_1731124	360609
ILMN_1811286	6180162
ILMN_1772906	4570347
ILMN_1679274	1190309
ILMN_1719782	2470347
ILMN_1667979	2690138
ILMN_1777278	4610204
ILMN_1743797	60674
ILMN_1692015	3840187
ILMN_1665282	5050180
ILMN_1779915	5360050
ILMN_1756908	2030300
ILMN_1776014	1710673
ILMN_1679494	2350328
ILMN_1684494	6650020
ILMN_1781465	2370411
ILMN_1700729	3120010
ILMN_1719415	4920445
ILMN_1811945	10091
ILMN_1716187	990612
ILMN_1673306	130546
ILMN_1681109	650497
ILMN_1708515	3870037
ILMN_1791445	4890639
ILMN_1700366	3800255
ILMN_1737480	6290450
ILMN_1800555	4590114
ILMN_1807696	4210184
ILMN_1735804	4010639
ILMN_1744962	3990452
ILMN_1768744	2970681
ILMN_1708662	5290747
ILMN_1652639	6480280
ILMN_1660200	5090669
ILMN_1702530	4260301
ILMN_1778301	1450372
ILMN_1742853	1400300
ILMN_1815404	5270037
ILMN_1748860	3710136
ILMN_1652977	3440026
ILMN_1776081	6620296
ILMN_1780680	3360424
ILMN_1664724	1850689
ILMN_1664357	4180438
ILMN_1815851	7160017
ILMN_1778632	1260184
ILMN_1759332	3710110
ILMN_1739483	2030288
ILMN_1810528	2070333
ILMN_1773381	5960064
ILMN_1788072	6370259
ILMN_1672845	780288
ILMN_1789294	3190523
ILMN_1651477	1240170
ILMN_1759344	1570307
ILMN_1739092	5270176
ILMN_1814508	7560196
ILMN_1724488	3710541
ILMN_1755172	6290754
ILMN_1772136	4760673
ILMN_1805818	150014
ILMN_1656963	1090681
ILMN_1682343	3780438
ILMN_1682133	3940717
ILMN_1758287	20196
ILMN_1674689	1440468
ILMN_1733382	7040458
ILMN_1748736	3840088
ILMN_1762858	4730129
ILMN_1805083	4250242
ILMN_1768600	4880711
ILMN_1730236	20523
ILMN_1681360	2570095
ILMN_1783214	6220400
ILMN_1677353	2750440
ILMN_3243827	870255
ILMN_1654634	4810706
ILMN_1715467	240707
ILMN_1688213	4610523
ILMN_1740545	160300
ILMN_1717035	3840484
ILMN_1788362	1170504
ILMN_1729992	1440131
ILMN_3249064	4810242
ILMN_1797715	450014
ILMN_1681824	6760544
ILMN_1798596	2370524
ILMN_1651369	6060400
ILMN_1767702	1980136
ILMN_1669560	510521
ILMN_1793954	2060053
ILMN_1790971	5360168
ILMN_1692628	5560673
ILMN_1806789	7210168
ILMN_3205030	2320364
ILMN_3231654	5820707
ILMN_1794452	4280114
ILMN_1796743	2600241
ILMN_1748792	6580133
ILMN_1764369	1340255
ILMN_1699805	2600020
ILMN_3246055	780730
ILMN_1753295	6020128
ILMN_1671864	2750167
ILMN_1749117	2850445
ILMN_1808462	1230167
ILMN_1724908	3060575
ILMN_1691472	5820709
ILMN_1787244	940671
ILMN_1658945	1030050
ILMN_1695663	510019
ILMN_1721592	2320736
ILMN_1682696	7560333
ILMN_1808122	4180091
ILMN_1661269	2760551
ILMN_1775148	2850753
ILMN_1774659	5690068
ILMN_1687918	3710066
ILMN_1772430	380288
ILMN_1756960	2190343
ILMN_1672880	610471
ILMN_1675162	1990500
ILMN_1740678	2510047
ILMN_1814492	3310370
ILMN_1765651	3360477
ILMN_1815071	3130500
ILMN_1772305	5670634
ILMN_1783471	7570471
ILMN_1754198	2490129
ILMN_1748801	1230356
ILMN_1742468	4920452
ILMN_1713105	5360523
ILMN_1684567	2600608
ILMN_1790099	130458
ILMN_1671890	6620451
ILMN_1677837	7160470
ILMN_1704252	4590168
ILMN_1701688	4180288
ILMN_1679116	50112
ILMN_1812476	2140133
ILMN_1651543	6940575
ILMN_1674273	2490673
ILMN_1659443	1660239
ILMN_1744048	4830719
ILMN_1674878	110022
ILMN_1718353	3830520
ILMN_1791634	4280091
ILMN_1678559	2230672
ILMN_1731020	1940066
ILMN_1675529	3060441
ILMN_2163492	2450360
ILMN_1658093	3940259
ILMN_1800997	6290551
ILMN_1694395	6110626
ILMN_1717423	940053
ILMN_1701686	2070608
ILMN_1708605	4050270
ILMN_1712939	6560241
ILMN_1692597	2100615
ILMN_1666564	6650228
ILMN_1734922	6350735
ILMN_1777805	4860484
ILMN_1690021	5960047
ILMN_1739508	150609
ILMN_1722948	6660170
ILMN_1708618	2350403
ILMN_1716676	6650059
ILMN_1686885	6220035
ILMN_1789006	730519
ILMN_1743949	4040609
ILMN_1703297	4880484
ILMN_1707151	2340639
ILMN_1764528	7160039
ILMN_1655380	3800092
ILMN_1702581	1450561
ILMN_1698884	3830224
ILMN_1802152	4760136
ILMN_1696837	1510600
ILMN_1784445	7100348
ILMN_1755526	4260563
ILMN_1712077	1570259
ILMN_1759352	6350754
ILMN_1811699	5690468
ILMN_1662892	5360343
ILMN_1656589	5290180
ILMN_1654288	2100438
ILMN_1740685	2640463
ILMN_1699183	1710367
ILMN_1663980	5550689
ILMN_1670641	3440129
ILMN_1810433	1190070
ILMN_1792752	4540402
ILMN_1784195	4150750
ILMN_1813039	1440274
ILMN_1697262	1070154
ILMN_1656619	1230373
ILMN_1772147	7200440
ILMN_1793009	7050369
ILMN_1798352	4900100
ILMN_1747311	4880020
ILMN_1711603	610021
ILMN_1702721	3390717
ILMN_1722451	3440414
ILMN_1743288	1470328
ILMN_1768236	1240338
ILMN_1694932	2140259
ILMN_1718666	2490414
ILMN_1674590	630255
ILMN_1656169	4200193
ILMN_1733533	2190754
ILMN_1718258	4180128
ILMN_1666808	2230682
ILMN_1666963	6580523
ILMN_1716649	4290343
ILMN_1774477	2650392
ILMN_1654171	4230048
ILMN_1684696	3850241
ILMN_1702783	730689
ILMN_1772033	2710674
ILMN_1787973	4250019
ILMN_1790697	5670747
ILMN_1690644	2850411
ILMN_1678847	6380521
ILMN_1766196	6400315
ILMN_1660477	1740598
ILMN_1803419	4780722
ILMN_1675697	1990475
ILMN_2140008	5550382
ILMN_1773797	2570553
ILMN_1652680	2060411
ILMN_2050200	5560164
ILMN_1783535	2350634
ILMN_1744608	730670
ILMN_1672961	2120164
ILMN_1684584	940475
ILMN_3242582	2970369
ILMN_1751475	4830450
ILMN_1738609	5810102
ILMN_1698568	1500468
ILMN_1744472	7650356
ILMN_1805342	6100333
ILMN_1745028	5090672
ILMN_1773276	940114
ILMN_1764732	1050372
ILMN_1653628	4860075
ILMN_1786163	1190669
ILMN_1728532	6550112
ILMN_1708421	4670630
ILMN_1701919	290408
ILMN_1798530	4850768
ILMN_1750524	1070129
ILMN_1779446	4280079
ILMN_1734692	6330274
ILMN_1793920	4540035
ILMN_1804285	1990056
ILMN_1811880	7330669
ILMN_1676468	7510382
ILMN_1651453	3610050
ILMN_1689066	4850187
ILMN_3239373	5570554
ILMN_1746587	2680240
ILMN_1793458	1010563
ILMN_1695864	2060017
ILMN_1731771	4880524
ILMN_1805201	6840592
ILMN_1782685	6960020
ILMN_1696320	1660132
ILMN_1729929	1410326
ILMN_1693804	4810670
ILMN_1667005	3830307
ILMN_1722982	2680491
ILMN_1747120	6350220
ILMN_1702983	2230373
ILMN_1727533	3120551
ILMN_1714191	4850102
ILMN_1696731	3800692
ILMN_1775490	1820066
ILMN_1732171	6760707
ILMN_1812398	3360465
ILMN_1694767	4880605
ILMN_1755176	6980091
ILMN_1773525	6480327
ILMN_1680274	580136
ILMN_1755895	7650273
ILMN_1740117	6250240
ILMN_1785861	1850133
ILMN_1788768	1770367
ILMN_1679312	650673
ILMN_1751199	1710440
ILMN_1709688	3520376
ILMN_1754219	4210091
ILMN_1777457	6040349
ILMN_1806868	5560437
ILMN_1805541	3140086
ILMN_1713553	5050762
ILMN_1712601	4200600
ILMN_1661667	160162
ILMN_1708215	1400184
ILMN_3238359	5670047
ILMN_1667932	2340446
ILMN_1755366	2760402
ILMN_1665038	990554
ILMN_1730549	4220647
ILMN_1652343	4540170
ILMN_1658689	3450333
ILMN_3239367	1980615
ILMN_1702686	6350605
ILMN_1764495	7050411
ILMN_1739779	2320551
ILMN_1695035	2000170
ILMN_1665819	6480093
ILMN_2191790	4640170
ILMN_3247458	3060435
ILMN_3243839	1820598
ILMN_1697251	7570458
ILMN_1788237	110397
ILMN_1730514	5810537
ILMN_1753369	1770719
ILMN_1784979	3520348
ILMN_1712220	670390
ILMN_1744711	4780008
ILMN_1722804	4010605
ILMN_1669426	4280014
ILMN_1712902	3780646
ILMN_1736316	4070674
ILMN_1776870	1260400
ILMN_1782950	1500064
ILMN_1777299	150390
ILMN_1687526	2970100
ILMN_1710730	1980544
ILMN_1695891	7610348
ILMN_3240301	630681
ILMN_1801193	6980168
ILMN_1769198	7210408
ILMN_1660362	2490477
ILMN_1764541	6330687
ILMN_1770361	630379
ILMN_1740304	5810121
ILMN_1710834	6280373
ILMN_1708769	5910224
ILMN_1733783	6590239
ILMN_1792550	1940014
ILMN_1656545	7610753
ILMN_3242982	990673
ILMN_1808759	4150035
ILMN_1747396	4570730
ILMN_1721284	1260170
ILMN_1796919	4150398
ILMN_1748294	7000564
ILMN_1787443	1010594
ILMN_1751109	3420592
ILMN_1655529	6580538
ILMN_1779887	2320692
ILMN_1762100	5420221
ILMN_1795349	1090707
ILMN_1663165	3140692
ILMN_1744932	5050010
ILMN_1788506	2600468
ILMN_1779914	6130114
ILMN_1726816	5050026
ILMN_1709650	4150300
ILMN_1695006	6960762
ILMN_1702854	2490398
ILMN_1677803	6100369
ILMN_1675135	3310411
ILMN_1800131	6350148
ILMN_1775781	2900609
ILMN_1740910	7550129
ILMN_1696397	3370524
ILMN_3236355	2470523
ILMN_1672925	510050
ILMN_2074575	540433
ILMN_1674364	2360730
ILMN_1658468	6510341
ILMN_1734806	6290753
ILMN_1683115	6560719
ILMN_1791635	1450187
ILMN_1705105	5260129
ILMN_1799098	6420274
ILMN_1749336	5560161
ILMN_1682849	4610347
ILMN_1708538	730017
ILMN_1772899	460092
ILMN_1703285	6510392
ILMN_1655413	2360053
ILMN_1693363	3140020
ILMN_1673126	1240100
ILMN_1688818	770437
ILMN_3240600	3780014
ILMN_1759612	5810133
ILMN_1763479	2030458
ILMN_1802573	2060653
ILMN_1797897	6520204
ILMN_1815442	2000095
ILMN_1734172	3360474
ILMN_1787233	4060711
ILMN_1651249	2470482
ILMN_1800853	5570082
ILMN_1760796	4260445
ILMN_1714539	5360615
ILMN_1767762	2650630
ILMN_1728193	240554
ILMN_1668505	6370653
ILMN_1713107	4010520
ILMN_1784728	3890731
ILMN_1680500	3610026
ILMN_3242174	4280181
ILMN_1729157	2690091
ILMN_3293182	1430131
ILMN_1759063	2190592
ILMN_1736053	1780139
ILMN_2098418	4860500
ILMN_3213098	5360497
ILMN_3289594	6130026
ILMN_1682981	4060431
ILMN_1749832	5050154
ILMN_1656344	6760408
ILMN_3247975	4850128
ILMN_1667903	3360632
ILMN_1791525	70670
ILMN_1683170	1570731
ILMN_1746659	4120026
ILMN_1763209	4640538
ILMN_1703091	5490368
ILMN_1672867	430327
ILMN_1719828	830131
ILMN_1785471	2600438
ILMN_1705326	2650358
ILMN_1803712	4200706
ILMN_1737078	840470
ILMN_1722032	2810609
ILMN_1710989	3440327
ILMN_1759870	6200113
ILMN_1755514	520592
ILMN_1659365	6760343
ILMN_1711122	610465
ILMN_1660669	5090538
ILMN_3285591	870253
ILMN_3208995	2480538
ILMN_3215954	510053
ILMN_3289726	2350370
ILMN_1728098	70021
ILMN_1813191	4060685
ILMN_1660343	6980600
ILMN_1663534	4670400
ILMN_1677301	160735
ILMN_1814039	3400521
ILMN_1805078	3800360
ILMN_1760410	4150437
ILMN_1772012	6860386
ILMN_1667500	7040112
ILMN_1659675	7610544
ILMN_1780181	1580500
ILMN_1677552	1340767
ILMN_1709570	7610367
ILMN_1705810	520152
ILMN_1701770	4290370
ILMN_1678765	20039
ILMN_1746706	830138
ILMN_1733674	2710228
ILMN_1747867	6960445
ILMN_1790715	2320390
ILMN_1693886	3190414
ILMN_1796808	3610471
ILMN_1725609	460392
ILMN_1803313	3390332
ILMN_1655949	5420364
ILMN_1759493	5870209
ILMN_1785900	1400543
ILMN_1771504	3610561
ILMN_1661628	4920528
ILMN_1785209	2350673
ILMN_3251714	3890324
ILMN_1651232	1940544
ILMN_1701630	5820072
ILMN_1781251	4890008
ILMN_3216017	610719
ILMN_3292448	940379
ILMN_1724632	4060647
ILMN_1763955	6370669
ILMN_1753225	6520524
ILMN_1683163	6980408
ILMN_1732291	7160682
ILMN_1690042	3870176
ILMN_1732830	7330717
ILMN_1708729	2680348
ILMN_1798463	1780093
ILMN_1766190	6940156
ILMN_1703967	1400521
ILMN_1703409	3360259
ILMN_1741049	6270008
ILMN_1786026	1410162
ILMN_1656074	1450204
ILMN_1676804	3850735
ILMN_1653468	4730112
ILMN_1668774	4780324
ILMN_1656732	2900113
ILMN_1720438	5080768
ILMN_1662158	6250386
ILMN_1651435	3290095
ILMN_1662908	4810563
ILMN_1665315	6960608
ILMN_1659401	4640326
ILMN_3278157	4010180
ILMN_1665332	4050132
ILMN_1659490	1450349
ILMN_1665895	4070463
ILMN_1656553	7100678
ILMN_3285478	2490711
ILMN_3208973	6770689
ILMN_1716872	2900184
ILMN_1729090	6040730
ILMN_1739562	5360132
ILMN_1665081	4640543
ILMN_1715702	60341
ILMN_3245539	6770706
ILMN_1665581	4850367
ILMN_1767590	2810307
ILMN_1731521	6180546
ILMN_1718436	6180091
ILMN_1678204	670445
ILMN_1671733	4250184
ILMN_1729799	5900196
ILMN_3237812	7550044
ILMN_1660599	4280612
ILMN_1763628	7150088
ILMN_1729908	2320112
ILMN_1725901	5860746
ILMN_1717994	7210747
ILMN_1747595	2690615
ILMN_1682518	2480360
ILMN_1668577	670121
ILMN_1815104	4200241
ILMN_1670378	6250463
ILMN_1663054	6770180
ILMN_1812000	6860541
ILMN_1698523	1770563
ILMN_1652761	1940040
ILMN_1661715	2140672
ILMN_1688817	5550072
ILMN_1660976	5420519
ILMN_1740380	1820392
ILMN_1679556	6130377
ILMN_1651606	520270
ILMN_1658560	1300537
ILMN_1670201	6650025
ILMN_1750004	620397
ILMN_1656562	3190475
ILMN_1780942	2000196
ILMN_1790926	7320458
ILMN_1654427	4590286
ILMN_1782501	4390386
ILMN_1689315	3290243
ILMN_1763404	1940593
ILMN_1708627	5390037
ILMN_1787840	10148
ILMN_1698940	4780341
ILMN_1716014	5050541
ILMN_1804337	4810164
ILMN_1734553	5420059
ILMN_1662772	10121
ILMN_1804464	3120128
ILMN_1672484	6180747
ILMN_1700925	6860181
ILMN_1761457	7570286
ILMN_1809382	1050707
ILMN_3251398	4010725
ILMN_1665147	6770221
ILMN_1794805	3120048
ILMN_1658422	650053
ILMN_1660075	7150368
ILMN_1757115	7200288
ILMN_1797147	1300685
ILMN_1715157	2710632
ILMN_1720011	3140630
ILMN_1719735	1240326
ILMN_1770527	4570601
ILMN_1748251	3780376
ILMN_1787180	4040014
ILMN_1674293	4150735
ILMN_1683162	1980577
ILMN_1694280	1850563
ILMN_1663603	6560626
ILMN_1714155	1050148
ILMN_1693720	3460093
ILMN_1687169	4050523
ILMN_1770042	1770093
ILMN_1712272	3360487
ILMN_1790515	3870017
ILMN_1692652	1440138
ILMN_1664453	2070338
ILMN_1780365	2030246
ILMN_1672065	2630475
ILMN_1754439	1470372
ILMN_3246259	6350091
ILMN_1743803	1170373
ILMN_1774751	1570286
ILMN_1750879	6510612
ILMN_1803852	5670563
ILMN_1678636	240039
ILMN_1808874	1510519
ILMN_2227162	2900411
ILMN_1784206	2360110
ILMN_1728204	3460521
ILMN_1737220	290431
ILMN_2053546	870181
ILMN_1651899	2320494
ILMN_1733983	3850411
ILMN_1652248	730270
ILMN_1683113	7560204
ILMN_1746972	7570470
ILMN_1656898	2510138
ILMN_1781481	4610730
ILMN_1675181	1410471
ILMN_1806633	1190132
ILMN_1801184	10291
ILMN_1665501	6660072
ILMN_1722643	4780608
ILMN_3249496	610360
ILMN_1768753	6960286
ILMN_1693836	5310681
ILMN_1771410	2470066
ILMN_3240694	4640138
ILMN_1678217	780577
ILMN_1652890	1340450
ILMN_1686457	2970497
ILMN_1802139	160520
ILMN_1660942	290301
ILMN_1803834	3140332
ILMN_1755277	6250259
ILMN_1791585	7560193
ILMN_1674334	7040408
ILMN_1786628	3780592
ILMN_1681389	6550278
ILMN_1662792	7050324
ILMN_3281502	3370707
ILMN_3215212	6940674
ILMN_1772207	5890368
ILMN_1680773	4560692
ILMN_1692517	5720470
ILMN_3250132	7650075
ILMN_1693800	630376
ILMN_1703233	5670601
ILMN_1815056	7040747
ILMN_1806631	990017
ILMN_1728002	2120692
ILMN_1792124	4830180
ILMN_1777539	2810593
ILMN_1739893	3800066
ILMN_1765781	5700537
ILMN_1687240	380544
ILMN_1678631	2810333
ILMN_1673983	2710673
ILMN_1808583	1090164
ILMN_1689510	6270424
ILMN_1712715	1190646
ILMN_1777453	2000079
ILMN_1685069	610639
ILMN_1781601	5900072
ILMN_1710889	3120612
ILMN_1664083	940091
ILMN_1660071	3800594
ILMN_1705599	3780669
ILMN_1712188	580095
ILMN_1770025	6940440
ILMN_1767664	1410095
ILMN_1718890	1010021
ILMN_3219905	5570471
ILMN_1755714	2680367
ILMN_1699164	780746
ILMN_1751195	4010438
ILMN_1737950	990440
ILMN_1767131	3460762
ILMN_1750049	4730544
ILMN_1750178	2230041
ILMN_1658278	4900093
ILMN_1704029	3310221
ILMN_3235803	7320075
ILMN_1719604	360440
ILMN_1766832	1850056
ILMN_1880277	630687
ILMN_1713390	1340523
ILMN_1665144	110376
ILMN_1742600	630440
ILMN_1687273	2640482
ILMN_1678390	7380324
ILMN_1715654	540494
ILMN_1756899	7210195
ILMN_1811335	4610068
ILMN_1703301	1710280
ILMN_1713862	2340538
ILMN_1748009	6940372
ILMN_1687951	1070328
ILMN_1656624	6180370
ILMN_1792570	60176
ILMN_1691374	5860703
ILMN_1813950	6280139
ILMN_1739002	240196
ILMN_1710378	4920484
ILMN_1654200	5270561
ILMN_1711073	5870048
ILMN_1771123	5820739
ILMN_1651325	7610086
ILMN_1682772	3800112
ILMN_1810953	4230672
ILMN_1791283	3130176
ILMN_1782958	1740703
ILMN_2064860	4880050
ILMN_3242253	5260687
ILMN_1776260	4480707
ILMN_1780861	2030132
ILMN_1768107	6580341
ILMN_3237473	540767
ILMN_1783022	1450594
ILMN_1771286	5820167
ILMN_1685970	6180674
ILMN_1665732	3420397
ILMN_1764455	4040424
ILMN_1684280	2600661
ILMN_1798429	540070
ILMN_1728384	6580154
ILMN_1773326	6660639
ILMN_1782862	4920307
ILMN_1786597	2070519
ILMN_1698432	4640528
ILMN_1766458	3140647
ILMN_1656421	7610139
ILMN_1671329	1440646
ILMN_1665245	1710300
ILMN_1667176	3460709
ILMN_1654043	3830592
ILMN_1671465	5260368
ILMN_1764037	7550332
ILMN_1768018	2470040
ILMN_1806813	5910386
ILMN_3238130	5860370
ILMN_3238910	1440280
ILMN_1679157	6510451
ILMN_3218409	520538
ILMN_3233385	1450114
ILMN_1684633	1450300
ILMN_1656998	1470129
ILMN_3209194	1300390
ILMN_3295109	4280189
ILMN_1814311	6770066
ILMN_3248338	4290689
ILMN_1814229	730088
ILMN_1764944	5550040
ILMN_1682328	6560735
ILMN_1663121	3170768
ILMN_1780382	4210315
ILMN_1720819	6130189
ILMN_2408645	7040068
ILMN_1684180	1500739
ILMN_1652854	1940131
ILMN_1705004	4730725
ILMN_1716655	5080286
ILMN_1671674	6180270
ILMN_1730780	630347
ILMN_1669854	2230192
ILMN_1741729	1510341
ILMN_1656024	4640722
ILMN_1808149	160113
ILMN_1805853	1050754
ILMN_1665293	3420544
ILMN_1710701	5560719
ILMN_3203006	4590719
ILMN_1777680	7050377
ILMN_3235392	5910255
ILMN_1768261	7650681
ILMN_1685736	1050370
ILMN_1672987	1940753
ILMN_1807651	4920037
ILMN_1667738	6660040
ILMN_1699575	6450451
ILMN_1693262	770400
ILMN_1667867	4570176
ILMN_1720390	4230768
ILMN_1664706	4570725
ILMN_1793461	5570743
ILMN_1672854	2140692
ILMN_1771291	1050739
ILMN_1704925	3800181
ILMN_1695435	2320689
ILMN_1801417	5310129
ILMN_1794637	2350356
ILMN_1805127	1580209
ILMN_1806115	3140601
ILMN_1786290	4120468
ILMN_1712031	7200687
ILMN_1667147	4040220
ILMN_1761072	2070437
ILMN_1697405	2510050
ILMN_1658957	2650376
ILMN_1676693	4640577
ILMN_1737213	1070370
ILMN_1780143	6560349
ILMN_1708126	3120731
ILMN_1711352	6900484
ILMN_1651984	7150288
ILMN_1683903	4900601
ILMN_1773174	5420156
ILMN_1770861	7160044
ILMN_1795992	2100450
ILMN_1699443	130050
ILMN_1735165	2630112
ILMN_3237226	3310373
ILMN_1744773	7100605
ILMN_1652073	4610681
ILMN_1689565	3610458
ILMN_1719149	4490441
ILMN_1741324	6420494
ILMN_1654240	2100082
ILMN_1672197	3180768
ILMN_1741367	7550672
ILMN_1658346	5860382
ILMN_1709741	6960301
ILMN_1720364	2340719
ILMN_1680270	2940286
ILMN_1715797	2970246
ILMN_1815490	7000088
ILMN_1666324	380608
ILMN_1804163	450437
ILMN_3200795	4860750
ILMN_3280734	6900131
ILMN_1784267	2060670
ILMN_1706374	2000026
ILMN_3289128	3370376
ILMN_1794807	3130315
ILMN_1663759	110411
ILMN_1658531	7610608
ILMN_1657279	5550722
ILMN_3277442	2630066
ILMN_1724453	5900326
ILMN_3285265	2600347
ILMN_1689484	270626
ILMN_1812787	730014
ILMN_1662312	4920044
ILMN_1772938	6370431
ILMN_1723332	6040674
ILMN_1715376	6060110
ILMN_1670437	510187
ILMN_1702799	3190612
ILMN_1787208	6960707
ILMN_3213531	3940719
ILMN_3290035	6450524
ILMN_1764693	4900762
ILMN_1811362	540609
ILMN_1786509	2360008
ILMN_1726263	6660328
ILMN_1748175	4890288
ILMN_1652144	1510709
ILMN_1772292	6590022
ILMN_3208099	1070634
ILMN_3290161	7380253
ILMN_1799331	6280056
ILMN_1677946	1300010
ILMN_1689623	1010059
ILMN_1653031	4220047
ILMN_1659405	2230167
ILMN_1707434	830639
ILMN_1731816	5720132
ILMN_3234879	5050736
ILMN_1676992	2060598
ILMN_1730541	2630040
ILMN_3289037	1500161
ILMN_1749920	70274
ILMN_1685544	3450242
ILMN_1700627	5900050
ILMN_1651806	110564
ILMN_1808861	7100692
ILMN_1719807	2190070
ILMN_1727233	4230113
ILMN_1670376	6270332
ILMN_1660168	3940450
ILMN_1685396	4900735
ILMN_1805151	5090593
ILMN_1688294	2510315
ILMN_1701882	3440424
ILMN_1723433	3840358
ILMN_1742018	6760603
ILMN_1743476	840195
ILMN_1730272	3130170
ILMN_1678554	1430148
ILMN_1714813	5260131
ILMN_1690480	940296
ILMN_1779987	2450170
ILMN_1675748	2470440
ILMN_1655864	5270097
ILMN_1668985	1400538
ILMN_1694898	2320300
ILMN_1774191	4540670
ILMN_1745239	6370204
ILMN_1786172	3440474
ILMN_1759389	5870296
ILMN_2185576	6760328
ILMN_1678633	6650333
ILMN_1778543	7330301
ILMN_1758657	1570463
ILMN_3237414	5960593
ILMN_1674014	4590609
ILMN_1713182	5560195
ILMN_3248069	3610309
ILMN_1689861	3890386
ILMN_1802286	1980017
ILMN_1658460	290687
ILMN_1712446	610338
ILMN_1810104	4260601
ILMN_1729304	4060445
ILMN_1785709	5720307
ILMN_1804530	4860093
ILMN_1723601	2340070
ILMN_1661169	5690433
ILMN_1786551	3140360
ILMN_1811966	4480719
ILMN_1665751	2970328
ILMN_1766902	4610088
ILMN_1802249	4670767
ILMN_1711611	6520274
ILMN_1787716	1340315
ILMN_1673690	4570521
ILMN_3274929	3850670
ILMN_1687212	1240400
ILMN_1783313	4810240
ILMN_1690145	6350520
ILMN_1745274	5260678
ILMN_1698379	1450184
ILMN_1724283	7570091
ILMN_1663973	540731
ILMN_1729613	1740026
ILMN_1805121	6110047
ILMN_1695965	4260288
ILMN_1697665	6940678
ILMN_2186516	2490767
ILMN_1777792	3520349
ILMN_1686927	6560400
ILMN_1790042	4220139
ILMN_1785610	7320523
ILMN_1737586	130142
ILMN_1729832	4040048
ILMN_1666332	5700392
ILMN_1763556	6280110
ILMN_1658034	6900138
ILMN_1703973	540181
ILMN_1797565	4220093
ILMN_1742441	6860201
ILMN_1660991	4670367
ILMN_1665537	1240437
ILMN_1704812	4120451
ILMN_1800465	4010543
ILMN_1692894	4120129
ILMN_1692065	4480201
ILMN_1656655	2060307
ILMN_1676480	780079
ILMN_1742442	4480022
ILMN_1761790	4120288
ILMN_1800884	3440082
ILMN_1784104	5090246
ILMN_1805726	6110576
ILMN_1794150	4900706
ILMN_1655517	1580458
ILMN_1732329	2370554
ILMN_1741105	5420370
ILMN_1717093	460709
ILMN_1674256	3990470
ILMN_1696015	6520338
ILMN_1713384	5050538
ILMN_1752697	7380075
ILMN_1802808	7320707
ILMN_1800374	110201
ILMN_1738122	2680296
ILMN_1813114	130730
ILMN_1698835	430095
ILMN_1665603	2490270
ILMN_1760610	4260138
ILMN_1687506	6100376
ILMN_1772918	2000647
ILMN_1753892	1230554
ILMN_1807524	1190441
ILMN_1666939	4880441
ILMN_1660359	1070519
ILMN_1709571	1820554
ILMN_1705662	3190520
ILMN_1725294	6560086
ILMN_1684413	5050075
ILMN_1754415	1010390
ILMN_1663387	3940347
ILMN_1686735	1070075
ILMN_1704332	3830053
ILMN_1679617	5290326
ILMN_1753569	1240634
ILMN_1652459	3420427
ILMN_1737141	430377
ILMN_1678700	2640136
ILMN_1663495	6510687
ILMN_1658109	520180
ILMN_1745957	6200474
ILMN_1696946	6270367
ILMN_1657022	6580367
ILMN_1799699	6100270
ILMN_1761474	3850008
ILMN_1725981	5700671
ILMN_1762308	3990241
ILMN_1769309	7000095
ILMN_1755808	1260156
ILMN_1680412	4150129
ILMN_1671451	6580722
ILMN_1790384	150328
ILMN_1747709	3360025
ILMN_1786110	1030736
ILMN_1714851	830544
ILMN_1704216	2510370
ILMN_1725018	3710608
ILMN_1665743	1820609
ILMN_1794896	6110497
ILMN_1758694	1010220
ILMN_1697802	3190070
ILMN_1804299	5080142
ILMN_1677965	4200112
ILMN_1684977	730750
ILMN_1792635	2600056
ILMN_1734939	2320612
ILMN_1705342	3290653
ILMN_1701307	1980286
ILMN_1793916	6060301
ILMN_1763310	3130132
ILMN_2059238	4730347
ILMN_1761896	6400095
ILMN_1722730	5360037
ILMN_1717060	4860747
ILMN_1766184	840669
ILMN_3281651	3990431
ILMN_3198499	4480446
ILMN_3246060	2940743
ILMN_3231026	1090348
ILMN_3281342	4850240
ILMN_3237319	7320484
ILMN_3293173	3440328
ILMN_3205404	6220059
ILMN_2056002	5220279
ILMN_3237569	3130634
ILMN_3275685	3290220
ILMN_3239725	4070452
ILMN_1800786	5670600
ILMN_1694752	6020427
ILMN_1799628	1340554
ILMN_1806474	3450392
ILMN_1722995	1770671
ILMN_1726936	3180102
ILMN_1675329	4280519
ILMN_1679582	4610026
ILMN_1785717	6250102
ILMN_1653799	7210181
ILMN_1714050	2900195
ILMN_3203683	130553
ILMN_3237353	1030390
ILMN_1674316	10110
ILMN_1746456	940259
ILMN_3281387	4220176
ILMN_3248060	7150129
ILMN_3240636	1660092
ILMN_3282066	5220768
ILMN_3248379	3840270
ILMN_1805187	2510424
ILMN_1716445	6110470
ILMN_1732006	6550674
ILMN_1721719	1570400
ILMN_1668027	7210184
ILMN_3235662	4040487
ILMN_3237409	7000750
ILMN_3293694	2640010
ILMN_1677714	4860722
ILMN_1655093	5490435
ILMN_1731931	7330370
ILMN_1796836	1690747
ILMN_1762243	110241
ILMN_3248389	4540671
ILMN_1680056	3610541
ILMN_3249248	4070717
ILMN_3288981	1660609
ILMN_1845162	7050376
ILMN_3295838	6580440
ILMN_3241644	670452
ILMN_3212373	5290546
ILMN_3247710	780020
ILMN_1783165	6980132
ILMN_3206390	3890630
ILMN_1775856	1740356
ILMN_1675346	5390309
ILMN_1794799	1260681
ILMN_1691328	4290487
ILMN_3239188	730390
ILMN_1776327	460142
ILMN_3293114	2100056
ILMN_3211887	4260397
ILMN_1681325	1030373
ILMN_3274666	7100523
ILMN_3285276	5090575
ILMN_3220082	520537
ILMN_3296610	4890037
ILMN_3282835	1110474
ILMN_1709339	110400
ILMN_1744539	5690367
ILMN_3205837	3460494
ILMN_3290155	5820112
ILMN_3249044	2030092
ILMN_3240207	4220286
ILMN_1688444	6590598
ILMN_3208006	1770373
ILMN_3284517	2510465
ILMN_3281134	2450750
ILMN_3204630	5220291
ILMN_3199806	6370296
ILMN_3205929	2570414
ILMN_3292747	1190161
ILMN_3278851	3060093
ILMN_1768558	780072
ILMN_1799837	2940324
ILMN_1722178	4540377
ILMN_1806103	4640035
ILMN_1797281	4890482
ILMN_1681811	7560291
ILMN_1798875	5220113
ILMN_3283846	5270327
ILMN_3237011	4670537
ILMN_3244204	6760102
ILMN_3214077	3190327
ILMN_3199737	2510630
ILMN_3276209	7050079
ILMN_1670304	7550767
ILMN_3236164	6060450
ILMN_3285429	580288
ILMN_3203622	4760612
ILMN_3238244	4590600
ILMN_3275907	3940497
ILMN_3236249	5360544
ILMN_3294066	3400524
ILMN_3288682	6510110
ILMN_3242498	2760414
ILMN_3236381	4050743
ILMN_3202574	5340441
ILMN_3294149	3060504
ILMN_3233993	1260176
ILMN_3217149	2690280
ILMN_3294861	940192
ILMN_3207406	4780220
ILMN_3243578	460088
ILMN_3296663	6840446
ILMN_3201153	2470189
ILMN_3200362	7650195
ILMN_1776709	5390762
ILMN_3203774	4200097
ILMN_3282829	2490358
ILMN_3243813	110465
ILMN_3200080	380066
ILMN_3218421	2760682
ILMN_3283991	4890673
ILMN_1664522	2640328
ILMN_3235234	110164
ILMN_1753330	3370131
ILMN_3289195	3520307
ILMN_1857947	2000600
ILMN_1691616	6060192
ILMN_1775307	6940296
ILMN_1670937	1230092
ILMN_3274465	6520554
ILMN_3283936	3060500
ILMN_3201563	5270577
ILMN_1745473	6560114
ILMN_1881598	5270152
ILMN_3202552	5810246
ILMN_3277199	6370537
ILMN_3280312	1990722
ILMN_1787823	7510102
ILMN_3235613	2480608
ILMN_3243866	4760022
ILMN_1653745	3870367
ILMN_3282038	360241
ILMN_3212471	5270196
ILMN_3212424	1430739
ILMN_3275275	4150047
ILMN_3275422	4220228
ILMN_3214332	6110180
ILMN_3239603	3930068
ILMN_3202437	5820377
ILMN_3296267	1070707
ILMN_3219739	4670497
ILMN_3201877	1260152
ILMN_3277387	4560324
ILMN_3230382	630040
ILMN_3237419	1240154
ILMN_3244864	7560639
ILMN_3213581	540333
ILMN_3292056	7320722
ILMN_1655605	4250369
ILMN_1896830	3930092
ILMN_3251599	3520414
ILMN_1688137	3870270
ILMN_3274532	3890433
ILMN_3296519	1010064
ILMN_1785389	2230139
ILMN_3250642	3420273
ILMN_3249866	4590068
ILMN_1855478	3190605
ILMN_1651711	1500053
ILMN_1724854	6040288
ILMN_1692072	6350075
ILMN_1659209	4640593
ILMN_1655045	5900154
ILMN_1812721	3930326
ILMN_1711699	4760601
ILMN_3275354	2060524
ILMN_3243738	5090328
ILMN_3235036	4920754
ILMN_3231881	1990154
ILMN_3206101	5340181
ILMN_3217953	380128
ILMN_3287068	2230725
ILMN_1690611	5870544
ILMN_3249456	150193
ILMN_1814589	7380619
ILMN_1711145	6650427
ILMN_3276150	6270504
ILMN_3243809	1780725
ILMN_3209883	1300494
ILMN_3286389	2360343
ILMN_3279449	1340008
ILMN_3210217	6290601
ILMN_3232753	7320521
ILMN_1668053	3140414
ILMN_3212591	1580564
ILMN_3289090	4040519
ILMN_3209631	3610451
ILMN_3276019	5270538
ILMN_3204917	2100468
ILMN_3291387	2070242
ILMN_1701266	4260082
ILMN_1668743	5560279
ILMN_1751061	6290458
ILMN_3219008	2480414
ILMN_1741092	1770192
ILMN_1864813	3360528
ILMN_3235982	2360750
ILMN_3282972	6400102
ILMN_1821031	4060671
ILMN_3231554	3390097
ILMN_3219040	3870170
ILMN_1710558	2000750
ILMN_1667255	7650554
ILMN_3204729	2710014
ILMN_3282506	5310138
ILMN_3274443	4260577
ILMN_1835210	2680717
ILMN_3235006	6040592
ILMN_3282067	1070431
ILMN_3275637	2970706
ILMN_3202980	6960671
ILMN_3280618	5810544
ILMN_3204117	6510131
ILMN_1802896	2850121
ILMN_1824067	1710543
ILMN_1843425	1400291
ILMN_3237124	1190523
ILMN_3216125	1340608
ILMN_1698369	6180692
ILMN_1669981	7320209
ILMN_3296588	5260615
ILMN_3201445	5570431
ILMN_3284069	2940397
ILMN_3245462	60546
ILMN_3287244	7400156
ILMN_3214686	7570338
ILMN_3289331	1300070
ILMN_3212833	5860136
ILMN_3218003	2140674
ILMN_3296121	7160309
ILMN_3287889	2970743
ILMN_1838301	6110475
ILMN_3201900	4490086
ILMN_3285231	3780576
ILMN_3199958	5570551
ILMN_3201703	4150619
ILMN_1771048	580703
ILMN_3281988	6020634
ILMN_1667180	1980576
ILMN_1814769	5700360
ILMN_3213092	4150075
ILMN_3274572	6370491
ILMN_3236883	50441
ILMN_3213805	1300079
ILMN_3293025	3180546
ILMN_3283458	2320386
ILMN_3277072	3440554
ILMN_3286375	3940040
ILMN_3208305	6060100
ILMN_1849267	2570689
ILMN_1848311	6110669
ILMN_1767456	110554
ILMN_3247895	1980241
ILMN_3245897	2940148
ILMN_1781257	6590553
ILMN_3205133	1690707
ILMN_3280792	3180113
ILMN_3208918	380215
ILMN_3204312	460408
ILMN_3284607	2340195
ILMN_3200056	2850102
ILMN_3231050	3710338
ILMN_3230442	4830639
ILMN_3198464	5490438
ILMN_3219482	1190079
ILMN_3286131	5960402
ILMN_3245204	380193
ILMN_1740200	6860180
ILMN_3275605	3060360
ILMN_3203041	6290338
ILMN_1660700	5420608
ILMN_3206466	7000048
ILMN_1710264	4560767
ILMN_1753340	5910079
ILMN_1785919	5810289
ILMN_1906828	50471
ILMN_3238782	3190300
ILMN_3275012	610398
ILMN_1751990	650392
ILMN_3276656	5420324
ILMN_3280435	1500594
ILMN_3246658	4210152
ILMN_3291348	3710347
ILMN_3241303	6520575
ILMN_3295922	4490092
ILMN_3211615	50445
ILMN_3275129	2070133
ILMN_3213176	4610292
ILMN_3206352	510564
ILMN_3214395	450347
ILMN_3300991	830064
ILMN_1759380	70722
ILMN_3247705	1770356
ILMN_1660067	3940673
ILMN_3302223	1090161
ILMN_3210578	6370192
ILMN_3302625	7040598
ILMN_3299878	1850682
ILMN_3225462	6040528
ILMN_3248865	830092
ILMN_3229397	2470246
ILMN_3303087	7610612
ILMN_1781086	1940376
ILMN_3241578	6330600
ILMN_1674308	2810377
ILMN_3229038	3420735
ILMN_3306388	5890255
ILMN_3227226	7330372
ILMN_3301021	6060681
ILMN_3222076	2970386
ILMN_3301497	5340753
ILMN_3224662	4200278
ILMN_1743395	3130678
ILMN_3240267	7400593
ILMN_3304555	4900328
ILMN_3228639	5290162
ILMN_3225754	5860612
ILMN_1796999	6620546
ILMN_1689083	6350113
ILMN_3304505	7000541
ILMN_1675206	1050630
ILMN_1655490	2120273
ILMN_1708327	4250438
ILMN_1784552	4900543
ILMN_3303075	5560491
ILMN_3239744	4670326
ILMN_3222058	2360192
ILMN_3306336	5550110
ILMN_1723165	3930056
ILMN_1700026	6510504
ILMN_3225948	3440333
ILMN_3228369	240066
ILMN_3223148	1240433
ILMN_3248945	1990228
ILMN_3225941	460170
ILMN_3297947	2470706
ILMN_1729209	2340543
ILMN_1754640	2710056
ILMN_3221852	6330743
ILMN_3298384	6420360
ILMN_3301872	5720044
ILMN_3247700	4900646
ILMN_3237089	620468
ILMN_1658315	50291
ILMN_3237186	2370709
ILMN_3225143	1410632
ILMN_3301728	5130075
ILMN_1808923	2340088
ILMN_3237263	6420725
ILMN_3300902	830438
ILMN_3224340	4780711
ILMN_1770498	6130292
ILMN_3246339	6840278
ILMN_3234513	6420441
ILMN_3298671	7150136
ILMN_1665540	2570482
ILMN_1776483	6290672
ILMN_3247055	2100270
ILMN_3298585	240102
ILMN_3249463	3610095
ILMN_3299478	460736
ILMN_3225333	6100669
ILMN_3305849	4210376
ILMN_3306011	540593
ILMN_3229210	1500709
ILMN_1737387	4230075
ILMN_3249383	5420619
ILMN_3241378	7330291
ILMN_3241919	3170154
ILMN_3298505	4880372
ILMN_3220521	5890086
ILMN_1722223	6900300
ILMN_3298037	1190575
ILMN_1680965	580709
ILMN_3249419	6960192
ILMN_3305763	1980279
ILMN_3225246	620521
ILMN_3299441	3060088
ILMN_3249452	6590274
ILMN_3229083	2630037
ILMN_3233589	4850445
ILMN_1702678	1660600
ILMN_3301813	7200047
ILMN_1816925	4610041
ILMN_3306155	4480411
ILMN_3301974	3890672
ILMN_3227255	10450
ILMN_1700674	6900458
ILMN_3225121	6020754
ILMN_3228482	4060341
ILMN_1655444	2570463
ILMN_1724865	1440202
ILMN_3229839	840452
ILMN_1792344	4920041
ILMN_1709356	6860368
ILMN_1718934	7160008
ILMN_3227955	990403
ILMN_3299923	4050333
ILMN_1838660	7550114
ILMN_1802761	1430113
ILMN_3222592	4200239
ILMN_3305111	5900288
ILMN_1817193	70221
ILMN_3234841	4480242
ILMN_1681760	4280528
ILMN_1679620	6280470
ILMN_3297915	2650128
ILMN_3221388	5050095
ILMN_3225402	20333
ILMN_3225075	5260181
ILMN_3232551	870075
ILMN_3225492	5310687
ILMN_3232572	7650377
ILMN_3225300	6130400
ILMN_3299264	2190017
ILMN_3226045	2750220
ILMN_1726372	4670184
ILMN_3298511	160504
ILMN_3234852	6650441
ILMN_3304633	1690139
ILMN_3220765	620768
ILMN_3225505	3610563
ILMN_3299407	4040411
ILMN_1813246	670192
ILMN_1691949	1430093
ILMN_1688903	6350301
ILMN_1790819	6280187
ILMN_3245069	450255
ILMN_3301236	20747
ILMN_3227608	870356
ILMN_3250909	4260465
ILMN_1771734	5810465
ILMN_1682288	2060372
ILMN_3235368	5090360
ILMN_3305899	7380086
ILMN_3225034	5570202
ILMN_3304519	3940524
ILMN_3227912	6060129
ILMN_3229028	2900082
ILMN_3300212	7570398
ILMN_3227031	3140672
ILMN_3301065	770762
ILMN_3226875	4040026
ILMN_3301359	1780326
ILMN_3298230	3850475
ILMN_3221375	50477
ILMN_3230712	1070377
ILMN_3233058	6330114
ILMN_3298304	510168
ILMN_3226579	4490202
ILMN_1653583	3830356
ILMN_3305993	540711
ILMN_3226961	2190551
ILMN_3238767	6060520
ILMN_3297104	20189
ILMN_1690583	830541
ILMN_3297562	3890564
ILMN_3221032	4280411
ILMN_3238777	6860324
ILMN_3238941	1500520
ILMN_3233748	1510215
ILMN_3225490	2690274
ILMN_3232828	60753
ILMN_3226082	6900762
ILMN_2137382	3710446
ILMN_3301353	4540470
ILMN_3225571	4150707
ILMN_1842240	2260360
ILMN_3305788	4010482
ILMN_1676014	3990521
ILMN_3251582	3370307
ILMN_1770531	6180255
ILMN_1692466	5490504
ILMN_3304435	4480072
ILMN_3225406	5720491
ILMN_2125675	5390500
ILMN_3245923	2900349
ILMN_3249707	4610315
ILMN_3234615	2340202
ILMN_3234588	6200228
ILMN_3225471	6280451
ILMN_1824898	6180224
ILMN_1912721	4920364
ILMN_1756088	2120131
ILMN_3236476	1850377
ILMN_3297317	940528
ILMN_3220792	6350064
ILMN_1886050	1980465
ILMN_3228585	360731
ILMN_3300663	5550592
ILMN_3304175	1780100
ILMN_3223317	1110487
ILMN_3300744	7570156
ILMN_3243652	2650600
ILMN_1672527	4780181
ILMN_3304678	1340725
ILMN_3224907	7330689
ILMN_3234955	6110059
ILMN_3301812	2630735
ILMN_3248700	7380278
ILMN_3305628	5340349
ILMN_3301502	3360196
ILMN_3224922	6180315
ILMN_3222586	1450470
ILMN_3299134	2900392
ILMN_3247242	2850541
ILMN_1700723	3450541
ILMN_1725984	5900255
ILMN_3301688	20730
ILMN_3248332	7320121
ILMN_3228108	50615
ILMN_3304872	7650706
ILMN_3298191	3190270
ILMN_3298070	1660035
ILMN_3226012	3060086
ILMN_3227291	3450341
ILMN_3230617	5130592
ILMN_3302248	2000253
ILMN_1912354	7050100
ILMN_3229203	2710438
ILMN_1749875	6770746
ILMN_3233656	4880202
ILMN_3228056	6290133
ILMN_1692589	6180767
ILMN_3235880	2360154
ILMN_3226260	5080433
ILMN_3302350	6330711
ILMN_1674080	4120167
ILMN_3297996	1990328
ILMN_3225586	3930739
ILMN_1687571	1030136
ILMN_1758798	1940470
ILMN_1657286	2490301
ILMN_1706858	4730768
ILMN_3242139	3990367
ILMN_3225624	2470739
ILMN_3304670	5700730
ILMN_1686401	6350048
ILMN_3234920	830671
ILMN_3226637	450647
ILMN_1654389	5570039
ILMN_1711499	6250603
ILMN_3223536	5260379
ILMN_3228393	3780347
ILMN_3226214	5670280
ILMN_3297118	6480039
ILMN_2134855	730475
ILMN_1663578	990386
ILMN_1658563	1430102
ILMN_1791962	4150528
ILMN_3245336	5080743
ILMN_1760665	5700048
ILMN_3239677	1990711
ILMN_1807413	50619
ILMN_1791507	1470747
ILMN_1751941	7380243
ILMN_3300789	5220376
ILMN_3224977	6520148
ILMN_3298266	3610152
ILMN_3305508	3870332
ILMN_3234664	4050762
ILMN_3226919	5570600
ILMN_3225634	1260593
ILMN_3299187	3840471
ILMN_3249692	4070390
ILMN_3298824	3140358
ILMN_3221828	3460730
ILMN_1704779	6760682
ILMN_3234922	5270377
ILMN_3301052	5570630
ILMN_3240671	7380019
ILMN_3225485	6660523
ILMN_1794240	1010131
ILMN_3304195	1260328
ILMN_3230962	2120497
ILMN_3221721	2640131
ILMN_3230872	6770632
ILMN_3303048	2690139
ILMN_3226446	4070669
ILMN_3245395	4060750
ILMN_3306045	2490494
ILMN_3305169	4390053
ILMN_1740443	5080138
ILMN_3303305	6020041
ILMN_3298124	3440541
ILMN_3246294	2640327
ILMN_3226291	2320672
ILMN_3302896	4560669
ILMN_3296994	6840746
ILMN_1667970	7100014
ILMN_3235755	6220482
ILMN_3305261	7550259
ILMN_1683764	6270386
ILMN_1671682	7000128
ILMN_3235832	6560201
ILMN_3239739	7050148
ILMN_3228788	1740370
ILMN_3305397	2600187
ILMN_1676848	4850161
ILMN_3236988	4050551
ILMN_3225329	620427
ILMN_3247993	460482
ILMN_3236192	940112
ILMN_3305180	6450682
ILMN_3234142	4040653
ILMN_3229266	4540128
ILMN_3243863	4890326
ILMN_1698334	1510707
ILMN_3248117	2450373
ILMN_3298582	1400626
ILMN_3249203	7160754
ILMN_1901427	2360678
ILMN_3244395	3710079
ILMN_3231080	4830441
ILMN_3298870	6290491
ILMN_3227150	4040167
ILMN_1768311	1990553
ILMN_3236634	2900446
ILMN_1776838	6040180
ILMN_3232414	730075
ILMN_3236794	5550358
ILMN_3236898	4230600
ILMN_3306654	1260187
ILMN_3223500	3940521
ILMN_1866249	2630026
ILMN_3237395	6650470
ILMN_3236935	4230487
ILMN_1658569	6900743
ILMN_1740582	4920309
ILMN_1742345	7320639
ILMN_3297349	3440209
ILMN_1655819	3060544
ILMN_1774669	5130609
ILMN_3245968	6580241
ILMN_3298107	5550703
ILMN_3225983	5820349
ILMN_1690705	6290288
ILMN_3227060	4490487
ILMN_3243807	3310286
ILMN_3248758	4150148
ILMN_1803973	1570209
ILMN_3299955	2850592
ILMN_1679761	6270682
ILMN_3227213	2260369
ILMN_3301193	1740241
ILMN_1677530	1470523
ILMN_1665601	5820504
ILMN_3237788	240148
ILMN_1669119	60338
ILMN_3251708	1170035
ILMN_1657962	1580546
ILMN_3251711	520079
ILMN_1776354	1230113
ILMN_1711628	2650242
ILMN_3234384	6940259
ILMN_3229652	7560707
ILMN_3299465	610754
ILMN_3251718	770653
ILMN_1681558	940079
ILMN_3226871	7610543
ILMN_3220470	510333
ILMN_3230325	3830280
ILMN_3232029	610242
ILMN_3224359	4250220
ILMN_3233179	4590369
ILMN_3301607	1240707
ILMN_3305999	5890196
ILMN_1685378	3870470
ILMN_3306869	6040040
ILMN_3230241	6220743
ILMN_3303162	2100019
ILMN_3226561	6380544
ILMN_3243102	2630392
ILMN_1695097	2100338
ILMN_3299025	1300255
ILMN_3220802	4070646
ILMN_3300190	5420112
ILMN_1744216	1430615
ILMN_3299356	5090753
ILMN_1738648	2900356
ILMN_3227315	2810463
ILMN_3238392	2100458
ILMN_1679424	6370220
ILMN_3227136	2600446
ILMN_3299416	4180397
ILMN_1809173	2750678
ILMN_3301920	3460274
ILMN_1882041	1070040
ILMN_3300850	2100040
ILMN_3303920	870768
ILMN_1720192	2060747
ILMN_3305901	6760138
ILMN_3304917	1500133
ILMN_3225824	2120598
ILMN_1807078	5900424
ILMN_3304042	1510093
ILMN_3227440	2940093
ILMN_3239217	4760139
ILMN_3225870	4760731
ILMN_3237554	5090327
ILMN_3298200	1770121
ILMN_3225577	7320048
ILMN_3306472	4830278
ILMN_3305074	4210731
ILMN_3228662	3990138
ILMN_3221729	1240066
ILMN_3297082	6180343
ILMN_3229909	5700736
ILMN_3299383	7380017
ILMN_3297455	3400086
ILMN_1668219	6940681
ILMN_3230435	4480170
ILMN_3220718	5700091
ILMN_3244196	360193
ILMN_3224235	620424
ILMN_3300797	2900270
ILMN_1720469	270689
ILMN_1749612	5340332
ILMN_3304022	6280273
ILMN_3303988	6370142
ILMN_3298410	2260161
ILMN_3236316	1190743
ILMN_3221790	2630431
ILMN_3306187	4200433
ILMN_3229566	7610048
ILMN_3248727	5130086
ILMN_3248896	870450
ILMN_1722397	6380068
ILMN_3306628	3840500
ILMN_3229067	6250025
ILMN_3299579	1170348
ILMN_3230300	4120315
ILMN_3306752	4850193
ILMN_1675542	5670397
ILMN_3237795	1110021
ILMN_3220840	4180722
ILMN_3304725	4260474
ILMN_3221055	620463
ILMN_3297582	1470280
ILMN_3247217	1940463
ILMN_3298544	7210100
ILMN_3229415	3310180
ILMN_3300947	3400707
ILMN_1671338	4920554
ILMN_2120360	5560291
ILMN_3299424	1660427
ILMN_1874018	3420731
ILMN_3243233	7330324
ILMN_3303979	10112
ILMN_3229601	4490091
ILMN_1725180	4760735
ILMN_3238438	5340452
ILMN_3297099	1980195
ILMN_1671542	1990703
ILMN_1735229	2340554
ILMN_1663057	2710097
ILMN_3298065	2360162
ILMN_1652164	3930187
ILMN_1669350	4070059
ILMN_3304086	130292
ILMN_3227485	6400537
ILMN_3224972	4200286
ILMN_3301556	7650279
ILMN_3301451	1510050
ILMN_3224868	2190441
ILMN_3225839	6180382
ILMN_3304003	4640291
ILMN_3306632	3140255
ILMN_3227046	1980612
ILMN_3298873	5560538
ILMN_3301033	5820279
ILMN_3229467	6380259
ILMN_1697863	3440148
ILMN_3298447	2450593
ILMN_3224126	5900132
ILMN_3229889	1980390
ILMN_3297018	2370673
ILMN_3242930	380537
ILMN_3223813	5390132
ILMN_3298716	7210133
ILMN_3238428	4880142
ILMN_3304130	2320709
ILMN_3227529	7000040
ILMN_1680449	2760053
ILMN_3297867	6250056
ILMN_1815405	4200408
ILMN_3298549	1410360
ILMN_1797704	4760192
ILMN_1883255	540132
ILMN_3227563	6060438
ILMN_3226899	5860097
ILMN_3300810	6180739
ILMN_1693665	2570059
ILMN_3240621	6620358
ILMN_1744252	2650056
ILMN_1676239	5720475
ILMN_1735891	4540717
ILMN_1651811	6960468
ILMN_3240818	3170379
ILMN_3240398	4640603
ILMN_3240871	3310605
ILMN_3223541	4920551
ILMN_3300098	6590554
ILMN_3241396	3190035
ILMN_3240989	5290528
ILMN_3228294	20435
ILMN_3241123	7610270
ILMN_3299716	1690286
ILMN_3298560	20520
ILMN_3225944	3190041
ILMN_3301319	4670504
ILMN_3306725	4590091
ILMN_3225843	6270156
ILMN_3301324	5420133
ILMN_1874778	6250037
ILMN_3224982	50669
ILMN_3221807	3310328
ILMN_3298334	5360201
ILMN_3225162	3390403
ILMN_3301746	4060148
ILMN_1699253	990097
ILMN_3240921	1940370
ILMN_3301468	2320731
ILMN_3224888	6280452
ILMN_3225684	2690021
ILMN_3298047	4070170
ILMN_3227992	3420673
ILMN_1911500	5670360
ILMN_3234823	670553
ILMN_3241707	6220100
ILMN_3298215	5550113
ILMN_3227604	2900414
ILMN_3304203	6580292
ILMN_3241838	6100020
ILMN_3230260	3990102
ILMN_3227772	1110685
ILMN_3301334	5570719
ILMN_1664909	5390537
ILMN_3241196	3180291
ILMN_1750215	1850168
ILMN_3304413	50424
ILMN_3227805	2340044
ILMN_3236877	5550678
ILMN_3304691	6350722
ILMN_3248722	2940193
ILMN_3240062	2450044
ILMN_1757281	4860706
ILMN_3244137	3180669
ILMN_3244200	1990050
ILMN_1742679	7330386
ILMN_3221569	4060113
ILMN_3239946	3450037
ILMN_1896441	7330735
ILMN_3244433	7160242
ILMN_3244548	1660315
ILMN_3242226	60497
ILMN_3228007	2450240
ILMN_3244666	290102
ILMN_3228037	2630133
ILMN_3300555	1410093
ILMN_3229824	7210687
ILMN_3227582	3400348
ILMN_1767024	4920204
ILMN_3244750	6510626
ILMN_1662472	380333
ILMN_3224555	3990414
ILMN_3233032	5290154
ILMN_1679719	160161
ILMN_1718992	1470301
ILMN_3225386	1770240
ILMN_3301971	3290176
ILMN_3225938	580523
ILMN_3297130	1300215
ILMN_3298294	7320095
ILMN_3299365	3440064
ILMN_3229606	4670010
ILMN_1709313	3850706
ILMN_3301669	4590671
ILMN_3222295	6960458
ILMN_3302753	2470288
ILMN_3297872	840020
ILMN_3227515	4210156
ILMN_3299375	6130544
ILMN_3304887	1710228
ILMN_3227811	5360189
ILMN_3302560	5720014
ILMN_3302425	7380039
ILMN_3244001	4150181
ILMN_3222631	3780292
ILMN_3302054	6840762
ILMN_3297675	380059
ILMN_3228094	2600445
ILMN_3244192	3370356
ILMN_1697527	2190703
ILMN_1651351	2360347
ILMN_1663245	5130242
ILMN_3237016	6380360
ILMN_1699967	2470477
ILMN_1719694	6130368
ILMN_3221473	5290524
ILMN_3229447	1660142
ILMN_3306071	2190458
ILMN_3245245	6860619
ILMN_3237025	5130450
ILMN_3245327	4230315
ILMN_3235457	6590468
ILMN_3245433	2640022
ILMN_1809347	1230220
ILMN_3306691	1400064
ILMN_1667768	6480300
ILMN_3243307	7160280
ILMN_3225304	3780692
ILMN_3298637	6100053
ILMN_1838949	1500494
ILMN_1814153	130497
ILMN_1692893	580487
ILMN_1856986	5890441
ILMN_3302003	2320035
ILMN_3225422	7000347
ILMN_3225053	4480349
ILMN_3225358	4570541
ILMN_3297510	6860242
ILMN_3301060	5080440
ILMN_3224488	7210523
ILMN_3229570	4040307
ILMN_3304049	6250537
ILMN_3243492	4810541
ILMN_3298829	3400132
ILMN_3301300	650270
ILMN_3224722	2140170
ILMN_3245578	10373
ILMN_3222998	1660193
ILMN_3231178	3440228
ILMN_3247956	4780170
ILMN_3239507	4150441
ILMN_3223953	1050138
ILMN_3300516	2900673
ILMN_3297754	6020064
ILMN_3302701	1230136
ILMN_3226095	2350187
ILMN_3235842	3390753
ILMN_3230310	580398
ILMN_3305365	730504
ILMN_1780308	3120324
ILMN_3302156	5670647
ILMN_3306019	3610379
ILMN_3232966	50576
ILMN_3306154	580164
ILMN_3228335	5420079
ILMN_3242293	7050273
ILMN_3228248	2650646
ILMN_3298148	4120661
ILMN_1912160	2900762
ILMN_1716353	2320376
ILMN_1807136	3130041
ILMN_3226385	7610037
ILMN_3300202	1400195
ILMN_3221287	6330228
ILMN_1663696	7570605
ILMN_3297141	2750274
ILMN_3248935	6110537
ILMN_3300198	20450
ILMN_3224108	360767
ILMN_3249001	7210519
ILMN_3228320	540646
ILMN_3226453	5340544
ILMN_3297398	2810520
ILMN_3244011	6450242
ILMN_1819991	4780468
ILMN_1752832	7150471
ILMN_2180519	1500707
ILMN_3226392	6760600
ILMN_3249715	3290139
ILMN_3306457	2850209
ILMN_3245000	1470739
ILMN_3246174	3420382
ILMN_3246219	5270711
ILMN_3226737	1170367
ILMN_3297311	5690424
ILMN_3229227	6250647
ILMN_1655151	6290433
ILMN_3239480	5080438
ILMN_3228746	1090398
ILMN_3296958	5690477
ILMN_3226814	6020541
ILMN_1743673	4200356
ILMN_3300891	1230349
ILMN_3224384	3290189
ILMN_3240800	990682
ILMN_3225620	3360593
ILMN_3304821	4230273
ILMN_3224856	4540577
ILMN_3221751	6370647
ILMN_3226810	4920601
ILMN_3226618	670435
ILMN_3248213	580291
ILMN_3301763	1410707
ILMN_3227768	5420768
ILMN_1844779	1190730
ILMN_3225449	6620301
ILMN_3239629	4890433
ILMN_3248803	2850347
ILMN_3301878	3450438
ILMN_3298163	4920017
ILMN_3305025	6250703
ILMN_3226613	770209
ILMN_3304451	870152
ILMN_3302139	1110433
ILMN_1691106	6660575
ILMN_3244466	610372
ILMN_3244617	2970113
ILMN_3244654	510598
ILMN_3244717	1690491
ILMN_3226216	520142
ILMN_3244749	4250162
ILMN_3305475	7400193
ILMN_1911706	6020672
ILMN_3226251	5290494
ILMN_3234073	7210088
ILMN_3244977	940070
ILMN_3245028	240114
ILMN_1791297	630288
ILMN_3249449	7380551
ILMN_3227977	1260692
ILMN_3304584	5860398
ILMN_3225211	5910484
ILMN_1663065	540307
ILMN_1657274	1770692
ILMN_1795744	5900040
ILMN_1667207	4760195
ILMN_1767178	5720528
ILMN_1663598	5550082
ILMN_3222377	2370020
ILMN_1814241	2470048
ILMN_1679910	5890360
ILMN_3235118	1260647
ILMN_1786606	7330446
ILMN_1825242	2760039
ILMN_3228595	3990689
ILMN_3297898	4810725
ILMN_3306854	240010
ILMN_3228414	6220167
ILMN_3302484	1430209
ILMN_3225894	4220543
ILMN_1839750	1260360
ILMN_1686060	3400180
ILMN_3229057	3840326
ILMN_3305273	7560364
ILMN_3299682	4250722
ILMN_1791605	520497
ILMN_3227732	2510528
ILMN_1855975	1400148
ILMN_3302937	1260528
ILMN_3226301	4250068
ILMN_3302905	4760400
ILMN_3298800	1400671
ILMN_3226276	3120494
ILMN_3304012	7000136
ILMN_3305876	6400543
ILMN_3305575	4920646
ILMN_3226841	2450450
ILMN_3299917	2810445
ILMN_3232696	1850192
ILMN_1750299	2750689
ILMN_1697378	7380079
ILMN_3229818	5260576
ILMN_3306444	6620022
ILMN_3301662	2940019
ILMN_3298129	1170008
ILMN_3305417	1690372
ILMN_1713146	6590168
ILMN_3228852	1430088
ILMN_3305378	1940600
ILMN_3297577	3290390
ILMN_1746917	3890427
ILMN_3303673	6280678
ILMN_3222425	6840564
ILMN_3297472	3460128
ILMN_3301097	4780438
ILMN_3305751	1070619
ILMN_3227304	2030601
ILMN_3235539	2340437
ILMN_3301958	2490743
ILMN_3225978	5720022
ILMN_3301852	1300433
ILMN_3226056	7550544
ILMN_3301016	6480309
ILMN_3300140	2970520
ILMN_3305354	5910605
ILMN_1672427	2470372
ILMN_3306573	520347
ILMN_3301740	2470128
ILMN_3221760	6550465
ILMN_3247569	6860706
ILMN_3304136	5390441
ILMN_3305447	380192
ILMN_1775835	2750731
ILMN_3224952	4920224
ILMN_1661488	4230040
ILMN_3239659	70195
ILMN_3224830	6860128
ILMN_3239721	3390491
ILMN_3242786	7650707
ILMN_1659169	5360327
ILMN_3300353	70022
ILMN_3223871	7050592
ILMN_3229594	110470
ILMN_3306215	870019
ILMN_3297885	5870358
ILMN_3239293	730615
ILMN_3227250	430037
ILMN_3300505	2940338
ILMN_3299505	2100148
ILMN_3224815	2940592
ILMN_3306294	4540433
ILMN_3227086	2710154
ILMN_3230483	2850113
ILMN_3220861	6400093
ILMN_3229665	5340477
ILMN_3301528	5900370
ILMN_3234629	870347
ILMN_3230102	2470615
ILMN_1908012	3930608
ILMN_3299074	2640349
ILMN_3225886	6840138
ILMN_3220769	840048
ILMN_3299583	3940315
ILMN_1793367	2350075
ILMN_1868265	2350326
ILMN_3305942	6110093
ILMN_3303361	6380482
ILMN_1666918	4850360
ILMN_3234812	4880543
ILMN_3305988	2060019
ILMN_3304111	6980601
ILMN_3226514	2570392
ILMN_1710220	5360592
ILMN_3228430	10056
ILMN_3300717	6510280
ILMN_3226727	2060497
ILMN_3302508	780408
ILMN_3227994	2100577
ILMN_3225058	2690170
ILMN_3302300	770041
ILMN_3225704	3710433
ILMN_3224860	150242
ILMN_3301440	2710021
ILMN_3221928	1190154
ILMN_3298462	3310431
ILMN_3300646	290228
ILMN_3303993	3420520
ILMN_1658586	450717
ILMN_1684065	5490129
ILMN_3238511	1510520
ILMN_1659631	380097
ILMN_1674747	770136
ILMN_1778641	2680709
ILMN_3225784	2450301
ILMN_3302456	6180095
ILMN_1773725	6020349
ILMN_3225795	4640228
ILMN_3234230	7560646
ILMN_1692104	4780014
ILMN_3301590	4760561
ILMN_3228753	2230307
ILMN_3305361	6270066
ILMN_3221261	4810064
ILMN_3227005	2570097
ILMN_3299326	3390014
ILMN_1866040	1470136
ILMN_1736563	830709
ILMN_1724052	5550743
ILMN_3224290	6860292
ILMN_3301168	7150497
ILMN_3301677	50349
ILMN_3225673	2750112
ILMN_1698512	2760253
ILMN_3227407	110414
ILMN_3226769	3290025
ILMN_1738339	1510070
ILMN_1666522	2850279
ILMN_3225991	5550059
ILMN_3249425	1110392
ILMN_3223204	6770441
ILMN_1655403	6940167
ILMN_3225176	6590364
ILMN_3228977	2850019
ILMN_3297379	520193
ILMN_3225525	4180681
ILMN_1910120	4200719
ILMN_1778657	6040296
ILMN_3304850	160102
ILMN_3226838	6620424
ILMN_1809303	4230138
ILMN_3298554	2760482
ILMN_3305735	2260239
ILMN_3229424	4210240
ILMN_3306801	1580189
ILMN_3300301	6760598
ILMN_3306482	4900408
ILMN_3221072	5820021
ILMN_1688611	2630338
ILMN_1747715	5690014
ILMN_3226924	3390195
ILMN_3303528	3930685
ILMN_1889884	7380598
ILMN_3227542	4490022
ILMN_1725556	1710452
ILMN_1672874	6860348
ILMN_3226109	270682
ILMN_3302715	3450110
ILMN_3302615	4180682
ILMN_1725186	1740088
ILMN_3305768	7330072
ILMN_3234963	4390021
ILMN_3225066	3780747
ILMN_3305012	6860187
ILMN_3229008	2350064
ILMN_3305619	4540315
ILMN_3301372	130414
ILMN_3303101	4230044
ILMN_3226495	6840601
ILMN_3225309	270326
ILMN_3228832	2490041
ILMN_3298313	7050402
ILMN_3306028	6350181
ILMN_1835780	1400463
ILMN_3297503	3800372
ILMN_3296979	6770554
ILMN_1860662	2680017
ILMN_1680929	830014
ILMN_3299531	6840253
ILMN_3226467	5700750
ILMN_3303072	6770709
ILMN_3304396	3520259
ILMN_1829131	770497
ILMN_3301103	1260392
ILMN_3306064	620091
ILMN_3305597	3450279
ILMN_3231621	3460204
ILMN_3228269	2060075
ILMN_3299929	2070487
ILMN_1869390	1570095
ILMN_1897987	2450520
ILMN_1896111	4210730
ILMN_1803979	2510333
ILMN_3305949	1580746
ILMN_1838319	4670114
ILMN_3223966	6200519
ILMN_3298993	6290022
ILMN_3300471	6420603
ILMN_1704014	6220762
ILMN_3235737	4570332
ILMN_1665285	380377
ILMN_1745276	1570022
ILMN_3227026	4150112
ILMN_3299447	4730246
ILMN_1688790	7200543
ILMN_1728999	5050605
ILMN_1899628	3930228
ILMN_3229954	1190170
ILMN_3297912	3290626
ILMN_3241234	6770601
ILMN_3222462	6980463
ILMN_3222402	4540692
ILMN_3305772	6510333
ILMN_3235013	2640358
ILMN_3302476	1740403
ILMN_3221499	4730471
ILMN_3235074	6130414
ILMN_1707685	2690014
ILMN_3237656	6020743
ILMN_1662130	7550070
ILMN_3239514	1410615
ILMN_3238006	430048
ILMN_3238048	1850487
ILMN_3238150	1770739
ILMN_1865078	7150736
ILMN_1655404	2630192
ILMN_1703840	1500438
ILMN_1663884	5860131
ILMN_1729060	6590327
ILMN_1657443	7560112
ILMN_3220532	160753
ILMN_3302522	5720386
ILMN_1692481	1030072
ILMN_1882764	610068
ILMN_1700229	4540608
ILMN_3242833	3170039
ILMN_3224236	5050324
ILMN_3300802	5130328
ILMN_3243296	6040762
ILMN_3248051	2340209
ILMN_3234116	4610612
ILMN_3243943	1980068
ILMN_3248412	6400674
ILMN_3244130	6660095
ILMN_3246832	6860601
ILMN_3246970	7050360
ILMN_3241391	770598
ILMN_3241690	6380050
ILMN_1661714	2940520
ILMN_1812198	2230446
ILMN_1710410	6860315
ILMN_3233753	510201
ILMN_3228688	7210253
ILMN_1656139	270717
ILMN_1704302	6400286
ILMN_1773002	7200612
ILMN_1715802	7610719
ILMN_1765734	2340367
ILMN_1712038	2470685
ILMN_1696480	5050543
ILMN_3235683	1230576
ILMN_3246580	2570364
ILMN_1697024	2690300
ILMN_1763002	5820048
ILMN_1801864	6510075
ILMN_1695288	4610735
ILMN_3302233	4180021
ILMN_3224846	3290056
ILMN_3304941	4250088
ILMN_3228057	2510180
ILMN_3301572	3420048
ILMN_3236982	2490112
ILMN_1675746	4200072
ILMN_3243278	360326
ILMN_1799189	2060754
ILMN_3224939	5260066
ILMN_3299702	5420291
ILMN_1651610	730709
ILMN_1689327	1450674
ILMN_3223197	6040253
ILMN_3297679	7100095
ILMN_1750601	6980025
ILMN_3297965	50167
ILMN_3229781	6510010
ILMN_3236004	1340458
ILMN_1910660	1740347
ILMN_3220952	7380224
ILMN_3230521	7400338
ILMN_3305933	270471
ILMN_1909473	7050253
ILMN_1731134	6480603
ILMN_1827283	1990403
ILMN_1769220	2350092
ILMN_1697788	2360301
ILMN_1748767	6980685
ILMN_3247132	6130477
ILMN_1747771	6220327
ILMN_1679450	2260025
ILMN_3241462	4670170
ILMN_3246319	5870082
ILMN_1653807	7160170
ILMN_3246457	2600026
ILMN_1711685	1660768
ILMN_1857968	2650441
ILMN_1789187	2940289
ILMN_3244358	1570026
ILMN_1663129	5270706
ILMN_1719344	380327
ILMN_3248685	3060386
ILMN_1720695	580441
ILMN_3221821	2680626
ILMN_3298355	4290202
ILMN_1910645	4590563
ILMN_3229515	3140246
ILMN_3225712	3130382
ILMN_3299642	4010241
ILMN_1806683	5340253
ILMN_1833415	3370735
ILMN_3301343	4230670
ILMN_3230180	2640669
ILMN_3306852	3990348
ILMN_3224825	830110
ILMN_1707386	2760170
ILMN_1662667	6420086
ILMN_3238486	520524
ILMN_1903086	6520487
ILMN_1670625	7570746
ILMN_1658697	5130017
ILMN_3301715	3180066
ILMN_3225134	4730121
ILMN_3304421	5810093
ILMN_3223854	6660520
ILMN_3229128	1300598
ILMN_3232796	1440504
ILMN_3302499	2060170
ILMN_3225908	7570722
ILMN_3224999	7400670
ILMN_3301585	7550487
ILMN_1680774	3800273
ILMN_1654313	6480274
ILMN_1659752	2750088
ILMN_1732278	2970577
ILMN_1888644	990601
ILMN_1874814	3890435
ILMN_1716693	2680431
ILMN_1777499	1850402
ILMN_1661021	4610717
ILMN_1712230	6040450
ILMN_3297115	2640164
ILMN_3304149	6400468
ILMN_1862043	7000543
ILMN_1808591	4610608
ILMN_1872318	1010128
ILMN_1839962	5260435
ILMN_3249394	430113
ILMN_3224992	2490292
ILMN_3301576	6370689
ILMN_3235439	6350288
ILMN_1738671	4540148
ILMN_1680437	4730082
ILMN_1716298	6250138
ILMN_1734348	5900681
ILMN_3225648	4900463
ILMN_3225649	3840544
ILMN_3227210	2680075
ILMN_1676050	4260348
ILMN_1656123	1010148
ILMN_1654430	5490424
ILMN_1900154	670576
ILMN_1800103	3060243
ILMN_1653185	3830068
ILMN_1877620	6250673
ILMN_3234950	780242
ILMN_3245287	1410270
ILMN_1850130	2970300
ILMN_3231601	3450551
ILMN_3300226	5090520
ILMN_3301698	5700100
ILMN_1663988	3170619
ILMN_3229446	6220224
ILMN_3297779	5390369
ILMN_1785756	4120538
ILMN_1872037	7510400
ILMN_1656662	7000435
ILMN_1759691	2470332
ILMN_3246170	4830280
ILMN_1671721	4880601
ILMN_1810956	6900463
ILMN_3304120	2450133
ILMN_3242481	6420209
ILMN_1801680	460348
ILMN_1652209	4150095
ILMN_1881341	4010079
ILMN_1661645	2750484
ILMN_3225699	7150047
ILMN_3241245	1340730
ILMN_1656938	2490328
ILMN_3240475	6510639
ILMN_1880222	3310014
ILMN_1706065	3310168
ILMN_3304092	6840017
ILMN_3245569	2120575
ILMN_3227321	3520315
ILMN_3300051	7510372
ILMN_1771103	1570601
ILMN_3239433	4560240
ILMN_3243953	7160524
ILMN_3230286	460563
ILMN_3229113	4480630
ILMN_3305727	4730646
ILMN_1661174	2260168
ILMN_1854957	3520592
ILMN_3228508	6590059
ILMN_3301155	2190500
ILMN_1882519	150639
ILMN_1844813	4760201
ILMN_1791534	10333
ILMN_1857522	2850274
ILMN_3245914	6290195
ILMN_3301785	4490703
ILMN_1883492	2370736
ILMN_3235642	2000717
ILMN_1703102	5390070
ILMN_3235143	6960441
ILMN_3297605	110408
ILMN_3230024	6940168
ILMN_3233239	7100408
ILMN_3231300	3310594
ILMN_3225521	6330050
ILMN_1671276	940156
ILMN_1800800	2480142
ILMN_1871172	2120564
ILMN_1847363	1820711
ILMN_1663059	1010291
ILMN_3305839	7210553
ILMN_1791827	510672
ILMN_3247028	4860561
ILMN_1655623	5900066
ILMN_1873278	3710048
ILMN_1777537	6980037
ILMN_3237057	1090424
ILMN_3237161	4900647
ILMN_3227427	3310603
ILMN_3304028	5960717
ILMN_1753980	770674
ILMN_1792268	1300687
ILMN_3298400	6580019
ILMN_3237231	6380632
ILMN_3303295	360167
ILMN_3226694	6900035
ILMN_1814011	2760475
ILMN_1810945	7560653
ILMN_1660323	3610341
ILMN_1660277	4760600
ILMN_1700025	6130446
ILMN_1665115	2940634
ILMN_3302196	50750
ILMN_3225445	6380630
ILMN_1662942	3400152
ILMN_1788540	7000424
ILMN_1773346	3830435
ILMN_1765454	2760333
ILMN_3235044	1430471
ILMN_1859744	2060470
ILMN_1653182	2140209
ILMN_3225617	730537
ILMN_1878728	990408
ILMN_1670001	3460102
ILMN_1869776	6280711
ILMN_3240326	1260181
ILMN_1671196	1410682
ILMN_1769218	3800102
ILMN_1668861	3390639
ILMN_1893764	2450682
ILMN_3228171	6200372
ILMN_1752883	4480692
ILMN_3248309	3290278
ILMN_1897213	6620300
ILMN_3299604	3940767
ILMN_3248759	4150390
ILMN_1656257	3800605
ILMN_1669103	2630273
ILMN_1652236	830551
ILMN_1876539	2030121
ILMN_1708092	6330563
ILMN_3229033	3940274
ILMN_3305871	6180110
ILMN_1658028	1850463
ILMN_1724977	5870053
ILMN_3248171	1500097
ILMN_1784690	1940491
ILMN_1715185	5890598
ILMN_1687199	670730
ILMN_1661904	1710706
ILMN_1700516	4220128
ILMN_1782384	5270465
ILMN_3237314	5960497
ILMN_3246054	7330162
ILMN_1775334	5080092
ILMN_3241212	1450196
ILMN_1883024	4070291
ILMN_1675482	3930497
ILMN_3301457	2450181
ILMN_3248013	6130731
ILMN_3243055	6590010
ILMN_3240952	2340735
ILMN_3233804	20372
ILMN_3224787	1980215
ILMN_3301551	1110689
ILMN_3235345	5860338
ILMN_3247499	7320152
ILMN_3237574	830717
ILMN_3241145	3420458
ILMN_3306922	6940072
ILMN_1724017	6270711
ILMN_3247316	3780097
ILMN_3240226	4920706
ILMN_1796923	3060703
ILMN_1754332	3610753
ILMN_1689294	670181
ILMN_1748563	6580762
ILMN_1737561	1440452
ILMN_1756393	2650747
ILMN_1657673	2810392
ILMN_1769752	6200131
ILMN_3299162	520685
ILMN_3223843	670630
ILMN_1661052	830100
ILMN_2219618	7380390
ILMN_1709936	5900133
ILMN_1794927	4670113
ILMN_3235718	50594
ILMN_1720266	7320612
ILMN_1734445	4590561
ILMN_2133360	2370341
ILMN_1691053	2490450
ILMN_1671651	3610278
ILMN_1791642	4860541
ILMN_1815218	2490768
ILMN_1670539	1740541
ILMN_1780299	5550100
ILMN_3246900	50364
ILMN_1696670	4540017
ILMN_3235312	2810504
ILMN_3224758	1090470
ILMN_3304898	2140400
ILMN_3242362	7510343
ILMN_2187058	6660750
ILMN_3249088	7040673
ILMN_1777684	1090025
ILMN_1757038	1580682
ILMN_1797181	2630224
ILMN_1790943	5130196
ILMN_1723232	5220014
ILMN_1651268	5900035
ILMN_3236584	1780255
ILMN_2052135	6130148
ILMN_1766125	540717
ILMN_1691480	670639
ILMN_2216265	3450440
ILMN_1705953	5050768
ILMN_1820389	5720446
ILMN_1751016	6280379
ILMN_1720452	2450504
ILMN_1669380	3800377
ILMN_1718387	4570239
ILMN_1695880	3940017
ILMN_1801143	4040739
ILMN_1708363	1070093
ILMN_1701664	5420102
ILMN_1734950	5700458
ILMN_1656802	7320674
ILMN_1733515	7200706
ILMN_2179083	4150477
ILMN_2260643	610291
ILMN_1731670	2940086
ILMN_1741667	6450392
ILMN_2346987	6510358
ILMN_1766590	7330064
ILMN_1811544	1010243
ILMN_1676947	1500653
ILMN_1735479	2060523
ILMN_2312817	4060121
ILMN_2242345	4920685
ILMN_1701441	1050356
ILMN_1674984	3450470
ILMN_3236220	6650408
ILMN_3243253	4760672
ILMN_1670692	6550070
ILMN_2044453	2260241
ILMN_1702171	5960164
ILMN_1796335	4120367
ILMN_1805225	2370291
ILMN_1674759	5670669
ILMN_2151277	60070
ILMN_1687998	4640347
ILMN_1813175	770474
ILMN_2342630	6590008
ILMN_1697548	1240615
ILMN_1692623	1170739
ILMN_1711807	6620369
ILMN_1671554	6200670
ILMN_1670028	510224
ILMN_2133100	7650138
ILMN_1772834	4200315
ILMN_1786444	5560674
ILMN_1670767	5290754
ILMN_1651254	6350711
ILMN_1753026	10438
ILMN_1780576	4050598
ILMN_2234930	6020068
ILMN_1667319	4480221
ILMN_1722290	1580195
ILMN_2172497	4010114
ILMN_1662482	6480521
ILMN_2361742	840681
ILMN_1705187	7000181
ILMN_1742789	2350091
ILMN_3301042	5690543
ILMN_2123312	1010296
ILMN_1673491	610274
ILMN_1652160	4040059
ILMN_2153373	6020291
ILMN_1683692	940397
ILMN_2199614	7610364
ILMN_1720606	4730731
ILMN_1757336	7210059
ILMN_2157075	1510020
ILMN_1654518	3170431
ILMN_2406552	290736
ILMN_2400352	580242
ILMN_1774358	6550403
ILMN_3247653	5050703
ILMN_1758924	1740092
ILMN_2103919	3840288
ILMN_1809417	4490044
ILMN_2139125	520673
ILMN_1805228	6660162
ILMN_1681720	1580554
ILMN_1707342	2450367
ILMN_2128795	5090408
ILMN_1654099	5700541
ILMN_2075757	4540630
ILMN_1684339	1980148
ILMN_2115677	3420438
ILMN_1672255	4900241
ILMN_1804419	7150324
ILMN_1669772	2710286
ILMN_1670272	4760349
ILMN_1676197	240615
ILMN_2092441	2650497
ILMN_1696587	3120528
ILMN_1723443	3120730
ILMN_1792057	1110288
ILMN_2127605	730458
ILMN_1675268	1980609
ILMN_1702775	630066
ILMN_2075892	5310767
ILMN_1718633	540403
ILMN_1732913	2810180
ILMN_2302654	2850403
ILMN_1677765	4780411
ILMN_1660341	2650521
ILMN_1662417	6380064
ILMN_1793922	1710022
ILMN_1725680	2340575
ILMN_1755383	4220347
ILMN_1754558	5340273
ILMN_1678998	2810687
ILMN_2241252	6280484
ILMN_1709717	2640195
ILMN_1736730	6450022
ILMN_3244461	5220332
ILMN_3244860	6290162
ILMN_1652826	4480035
ILMN_1674793	5050102
ILMN_2406815	6110746
ILMN_1756683	2900221
ILMN_1740949	610739
ILMN_1755047	10754
ILMN_1748530	2650519
ILMN_1734552	830600
ILMN_1690523	6620379
ILMN_2408938	7160328
ILMN_1753404	10392
ILMN_2314244	10523
ILMN_1762290	3140301
ILMN_1766487	3850678
ILMN_2150196	5310397
ILMN_1680757	7150270
ILMN_2230789	1190427
ILMN_1794968	3140537
ILMN_1698140	650154
ILMN_1727704	5550576
ILMN_1795055	1010600
ILMN_1664253	1260561
ILMN_1803528	5310328
ILMN_2129161	1400592
ILMN_1746148	5220678
ILMN_1753568	5290519
ILMN_1774389	3830128
ILMN_1783673	3520672
ILMN_2229464	4180520
ILMN_1784578	1980438
ILMN_2393693	1990041
ILMN_2286783	3890041
ILMN_1673601	2940091
ILMN_1706248	3140497
ILMN_1777895	4200523
ILMN_1702078	6620220
ILMN_3245600	60292
ILMN_1803801	1990014
ILMN_1719309	5490050
ILMN_2131447	2370612
ILMN_1708861	3890044
ILMN_1794846	6550561
ILMN_2131756	4780020
ILMN_1732509	5220072
ILMN_1712755	6590088
ILMN_1688479	5570524
ILMN_2133125	610735
ILMN_1812949	3190161
ILMN_2275803	1500048
ILMN_1754827	3420440
ILMN_1742507	4780201
ILMN_1768818	6960204
ILMN_1668484	2000132
ILMN_2353862	1230162
ILMN_1693762	2510670
ILMN_1666631	4060470
ILMN_1754567	6940338
ILMN_1763941	7380445
ILMN_1652574	2340368
ILMN_2297196	2760445
ILMN_1663037	2940189
ILMN_1776967	5550035
ILMN_1712454	4540082
ILMN_1796950	4120672
ILMN_1759772	870669
ILMN_1777106	6760026
ILMN_3251467	1690161
ILMN_1652638	5340059
ILMN_1786259	5910411
ILMN_1739683	2350477
ILMN_1669722	3830047
ILMN_1808537	3130497
ILMN_1702413	650671
ILMN_3247111	3840044
ILMN_1810593	6370168
ILMN_3238216	7570347
ILMN_1739840	5890364
ILMN_1712128	2760059
ILMN_2094396	50201
ILMN_1763409	2650100
ILMN_2048633	630647
ILMN_1669052	5490164
ILMN_3298220	1340377
ILMN_1799999	1500093
ILMN_2384807	1500681
ILMN_2281881	6020465
ILMN_2214997	3400754
ILMN_1749239	1070397
ILMN_1707156	4150438
ILMN_1772329	7050619
ILMN_1655955	1940543
ILMN_3241661	5890709
ILMN_2233513	5960435
ILMN_1696004	510551
ILMN_1790832	2060326
ILMN_2226015	1820725
ILMN_1776649	3520291
ILMN_1720511	3870161
ILMN_1696657	1410403
ILMN_1689288	3310348
ILMN_1781841	3990349
ILMN_1773650	2230538
ILMN_2048591	2370041
ILMN_3240912	1500070
ILMN_1697054	770156
ILMN_2283216	4670364
ILMN_2179029	4200129
ILMN_1694078	5080035
ILMN_1748245	7150717
ILMN_2053334	3190240
ILMN_1751861	6380332
ILMN_1685472	3060131
ILMN_1774856	1410446
ILMN_1811102	3190437
ILMN_1683355	4050026
ILMN_1800302	7000600
ILMN_2190676	2030725
ILMN_3237645	1300437
ILMN_2185339	4230482
ILMN_1682368	7100546
ILMN_1739154	780435
ILMN_1705746	6660619
ILMN_2218450	6590196
ILMN_1751803	160255
ILMN_1702698	940221
ILMN_2092693	2750709
ILMN_1734428	3460491
ILMN_1661395	3830475
ILMN_2079803	2340328
ILMN_1777725	2360754
ILMN_2070300	4540349
ILMN_1719032	4260075
ILMN_2229242	7380554
ILMN_1788099	3840594
ILMN_1737947	1940164
ILMN_2116556	6650133
ILMN_1675462	5550070
ILMN_1678165	5670315
ILMN_1805590	770593
ILMN_1691131	6480184
ILMN_2355225	730632
ILMN_1798779	1510739
ILMN_1654778	4180068
ILMN_1791623	5270398
ILMN_1699836	6420403
ILMN_2363498	4730692
ILMN_2249677	6560064
ILMN_1749396	6860095
ILMN_1687863	4780176
ILMN_1658271	5890092
ILMN_1715024	6450154
ILMN_1718936	650112
ILMN_1717127	770471
ILMN_2345353	1470593
ILMN_1688373	4280435
ILMN_2050959	4230142
ILMN_1795464	1030743
ILMN_1690342	1430524
ILMN_2376205	5310053
ILMN_2376204	5420091
ILMN_1747251	4250136
ILMN_1775359	3890424
ILMN_1656321	2370044
ILMN_1785402	4150446
ILMN_3248591	1940692
ILMN_1737107	3360348
ILMN_1805395	3520093
ILMN_1792927	4640010
ILMN_1777121	5270274
ILMN_2352917	2000427
ILMN_1665219	4290315
ILMN_1667476	4640064
ILMN_1668247	1230286
ILMN_1813335	5860681
ILMN_1677920	5550367
ILMN_1799871	1440386
ILMN_1679290	6960326
ILMN_1805658	1230296
ILMN_2295506	1170327
ILMN_2295511	3120411
ILMN_1765371	3610100
ILMN_1747099	1340703
ILMN_1790529	2490364
ILMN_2167805	7400735
ILMN_1714159	3870484
ILMN_1727101	4120692
ILMN_1783905	4200630
ILMN_1669826	3840114
ILMN_3245756	2360736
ILMN_3246826	4250477
ILMN_1723962	60670
ILMN_1814270	5270246
ILMN_1695404	4890270
ILMN_1785527	5080747
ILMN_1763467	3520647
ILMN_1770209	6480730
ILMN_1722016	6860372
ILMN_1669352	1690685
ILMN_1696295	4490544
ILMN_1696567	4200164
ILMN_1783158	1300431
ILMN_1755694	60377
ILMN_1753415	1980692
ILMN_2237252	3990561
ILMN_1660501	6180706
ILMN_1738646	1340390
ILMN_1757011	430215
ILMN_1807825	6840408
ILMN_1812278	3170703
ILMN_1731928	5360692
ILMN_1756275	6040243
ILMN_1724533	70167
ILMN_2221564	5310369
ILMN_1764362	6220148
ILMN_1791838	6200070
ILMN_1691606	1570379
ILMN_2216582	3190288
ILMN_1781155	7320551
ILMN_1765614	1190241
ILMN_1722670	1850541
ILMN_1716278	7320487
ILMN_1668863	2760709
ILMN_2388397	6290341
ILMN_1724266	7000408
ILMN_1739605	2470524
ILMN_1809905	2340609
ILMN_1678176	830072
ILMN_2322597	2470039
ILMN_2247296	6100707
ILMN_1718033	6480554
ILMN_1776724	6840220
ILMN_1693119	3190121
ILMN_3245297	5810307
ILMN_1666713	70300
ILMN_2099798	4480451
ILMN_1764628	6480088
ILMN_1804306	1710114
ILMN_2128484	4250240
ILMN_1682935	2900035
ILMN_2142117	4730224
ILMN_1749244	6550315
ILMN_1703132	3440014
ILMN_1740927	1240487
ILMN_1744534	10435
ILMN_3238623	3850445
ILMN_1792931	3390273
ILMN_1724493	770538
ILMN_1766718	1940646
ILMN_2074401	6450082
ILMN_1769658	4920397
ILMN_2159859	7210487
ILMN_1675956	610601
ILMN_1669031	4150008
ILMN_1663131	7050711
ILMN_1808114	4850180
ILMN_1815205	1690056
ILMN_2162972	4810162
ILMN_2111445	1450379
ILMN_1787196	7570725
ILMN_2163482	5260202
ILMN_1747831	20600
ILMN_1750902	520762
ILMN_1661627	1300136
ILMN_1815705	6250154
ILMN_1805161	290086
ILMN_1677261	3520735
ILMN_1763524	2940671
ILMN_1802780	240220
ILMN_2084353	1070286
ILMN_1660021	620008
ILMN_1703980	2710435
ILMN_1789162	2600242
ILMN_1798663	4040731
ILMN_3236169	3940047
ILMN_1737935	4040278
ILMN_1718884	4610086
ILMN_2301624	6370739
ILMN_1740960	2370279
ILMN_1677485	5420114
ILMN_1725633	5860576
ILMN_2358069	2630370
ILMN_2358074	3400647
ILMN_1777564	870546
ILMN_2112460	1780576
ILMN_1809117	290025
ILMN_1798454	460193
ILMN_1694711	6330538
ILMN_1669550	2510278
ILMN_1767973	2650411
ILMN_1662824	6200279
ILMN_1671710	4280438
ILMN_2328224	4830484
ILMN_1743583	6650575
ILMN_2327090	150528
ILMN_1689257	2340671
ILMN_2211479	770224
ILMN_2211483	1710411
ILMN_1722206	2100215
ILMN_1719543	3610440
ILMN_1713985	1990255
ILMN_1661577	450280
ILMN_1764709	2060440
ILMN_1680139	1430138
ILMN_2241168	3370538
ILMN_2322375	5690411
ILMN_1700413	7550202
ILMN_1692260	6180148
ILMN_2412761	6290328
ILMN_1769103	6520020
ILMN_1705986	3440402
ILMN_1803773	1440196
ILMN_2380181	4280373
ILMN_2181593	6370754
ILMN_1722830	6980088
ILMN_1741430	2490541
ILMN_1708901	6760180
ILMN_2360047	1500452
ILMN_2267990	2710242
ILMN_2267131	3140192
ILMN_1686083	3140349
ILMN_1718107	4830739
ILMN_2231003	6650463
ILMN_2319919	630386
ILMN_1677269	4860626
ILMN_1684607	5090100
ILMN_1715393	990379
ILMN_1652276	1990039
ILMN_2153572	2450259
ILMN_1687400	4200619
ILMN_2361714	5910612
ILMN_1750777	3940070
ILMN_1685798	2600255
ILMN_1675651	4640414
ILMN_2372681	5490367
ILMN_2069912	70470
ILMN_2069915	5700333
ILMN_1693102	7200397
ILMN_2075292	1340131
ILMN_1670255	4390253
ILMN_2413231	1010524
ILMN_2413236	2900326
ILMN_2297555	4570414
ILMN_1703034	150746
ILMN_1710847	2710156
ILMN_1718448	7610630
ILMN_1688335	380129
ILMN_2078430	5340121
ILMN_1785114	110129
ILMN_1808418	6620195
ILMN_1675015	4050170
ILMN_1685572	730037
ILMN_2060449	4490681
ILMN_1780911	7400528
ILMN_1720041	10446
ILMN_1681293	2060270
ILMN_1666378	5890553
ILMN_2241627	7650731
ILMN_1757152	2750364
ILMN_2088876	4200722
ILMN_1659484	290746
ILMN_1658623	2750255
ILMN_1709296	3310377
ILMN_1750895	4120220
ILMN_1775522	460113
ILMN_2306189	3800600
ILMN_1762792	4230129
ILMN_2246382	7610484
ILMN_1789567	940612
ILMN_1684984	2320368
ILMN_1683576	3420487
ILMN_1661417	5490551
ILMN_3245611	1090762
ILMN_1788817	990274
ILMN_2316278	1820180
ILMN_2205032	2760689
ILMN_1722022	4760653
ILMN_1707066	1450092
ILMN_1730202	1090520
ILMN_2078226	1980685
ILMN_1659659	2490168
ILMN_1657478	2640703
ILMN_1775853	870402
ILMN_1670343	1070296
ILMN_1685792	7210091
ILMN_1715255	2260754
ILMN_1663986	770451
ILMN_1765451	6840458
ILMN_3301206	4010561
ILMN_1763884	6380220
ILMN_2215656	1450156
ILMN_1676058	110348
ILMN_1721349	3190626
ILMN_2209115	1440044
ILMN_1803984	5290100
ILMN_1810826	2470746
ILMN_2222651	5340053
ILMN_1777139	3060397
ILMN_2327860	4040398
ILMN_2320330	6330196
ILMN_1770653	3170594
ILMN_2141650	6480019
ILMN_2063168	620102
ILMN_1730986	1770386
ILMN_2387791	6040408
ILMN_1679391	1300470
ILMN_1740759	6270722
ILMN_1780748	1570592
ILMN_1767813	5900630
ILMN_1803060	6770053
ILMN_1765729	50491
ILMN_1795499	4890097
ILMN_1680856	2320343
ILMN_1742187	630014
ILMN_1755120	2360477
ILMN_2075507	5050373
ILMN_1771957	1780661
ILMN_3251428	4670240
ILMN_1713807	6280184
ILMN_2147435	3990608
ILMN_2147440	6180202
ILMN_1815148	3140288
ILMN_1759341	6330068
ILMN_1768510	4810438
ILMN_2111739	150241
ILMN_1800733	4230168
ILMN_1673944	1570110
ILMN_2252554	3390291
ILMN_2395926	6840022
ILMN_2269092	2360411
ILMN_1734702	3060767
ILMN_1699987	3840181
ILMN_1757026	4610091
ILMN_1805941	6350246
ILMN_1674975	990767
ILMN_1662147	1470603
ILMN_1709605	4880008
ILMN_1652490	150041
ILMN_2142752	1190528
ILMN_1663640	6550528
ILMN_1727360	4060433
ILMN_1701558	4920202
ILMN_1678337	1690068
ILMN_2377900	2710524
ILMN_1680154	7550685
ILMN_1740294	7040092
ILMN_1711986	1010079
ILMN_1772958	4640021
ILMN_1776188	5490240
ILMN_1703244	2490754
ILMN_3247613	4880136
ILMN_1711331	2750114
ILMN_1796336	150148
ILMN_2276461	1240367
ILMN_2388484	1770564
ILMN_1764201	6660735
ILMN_2283915	6900133
ILMN_1694240	1050600
ILMN_1659415	4480026
ILMN_1657968	4290736
ILMN_1680777	870280
ILMN_1771156	1770202
ILMN_1790534	3170017
ILMN_1740696	4200544
ILMN_1815238	4560739
ILMN_1668909	5910072
ILMN_1801175	7160711
ILMN_2100689	2680047
ILMN_2100693	3420358
ILMN_1718129	6330278
ILMN_2391891	6760703
ILMN_1710943	7550291
ILMN_1660964	110324
ILMN_1809844	650475
ILMN_1697729	4900017
ILMN_1781104	870241
ILMN_1723020	4230373
ILMN_1658152	1580110
ILMN_1651788	4890068
ILMN_1797189	4920300
ILMN_1673896	4880133
ILMN_1724070	6400369
ILMN_1671437	3180646
ILMN_1765122	3800762
ILMN_1696265	6180142
ILMN_2296697	1690689
ILMN_1779010	2970189
ILMN_1800171	6110068
ILMN_1678087	7320731
ILMN_1726547	5810600
ILMN_1694539	5080471
ILMN_2379326	360471
ILMN_1810176	1260288
ILMN_1772817	360168
ILMN_1709114	1500148
ILMN_1777980	2760343
ILMN_1672331	2470408
ILMN_1808322	5290201
ILMN_1748272	1340601
ILMN_1671351	5870438
ILMN_1741159	1470215
ILMN_1735553	1230176
ILMN_1708064	2340364
ILMN_1734695	4060603
ILMN_1788351	6550608
ILMN_1665943	4590477
ILMN_2365111	6660368
ILMN_1723625	6400386
ILMN_1813120	450019
ILMN_1681657	1050075
ILMN_2375003	4250307
ILMN_2375002	4860343
ILMN_2408908	2350451
ILMN_1759030	2690475
ILMN_1724671	1110280
ILMN_1712523	1260296
ILMN_1774132	7610220
ILMN_1688464	2680538
ILMN_2216815	3120475
ILMN_1712719	5820491
ILMN_3234997	4880735
ILMN_2080080	3390088
ILMN_1662557	5270682
ILMN_1789224	360170
ILMN_1756352	2230187
ILMN_1706677	2490446
ILMN_2235283	2570026
ILMN_1767320	3180398
ILMN_1815780	580019
ILMN_1748281	1440687
ILMN_2256907	4390139
ILMN_1766904	5260164
ILMN_2340131	6180521
ILMN_1735361	3780241
ILMN_1724715	6060703
ILMN_1797786	450082
ILMN_1749327	4280019
ILMN_1788002	110639
ILMN_1720656	3290634
ILMN_2388090	4860600
ILMN_1737627	5130767
ILMN_1768506	6480451
ILMN_3248961	3890241
ILMN_1667260	2060561
ILMN_2402341	3870601
ILMN_1685886	4810379
ILMN_2112128	4860403
ILMN_1757287	7160348
ILMN_2339655	1190300
ILMN_1709623	1780068
ILMN_2244699	4810010
ILMN_2364574	1300368
ILMN_2308806	4560390
ILMN_1680434	4150131
ILMN_2351262	1770019
ILMN_2262930	3130026
ILMN_1710762	3890291
ILMN_1785731	4560487
ILMN_2320377	1240612
ILMN_1811574	5270575
ILMN_2400292	1820360
ILMN_2400297	5360719
ILMN_2268068	60102
ILMN_1691526	1660280
ILMN_2360229	7210020
ILMN_1656144	2970537
ILMN_1774844	4260661
ILMN_1732452	1440440
ILMN_2322935	3140156
ILMN_1699082	6510725
ILMN_1658261	1300747
ILMN_3225432	4280671
ILMN_3301197	6580475
ILMN_1777721	6060731
ILMN_1695276	3400360
ILMN_1734290	6220026
ILMN_2298727	1190402
ILMN_2310814	2630176
ILMN_1800049	5890520
ILMN_1710903	6020341
ILMN_1681101	2000386
ILMN_2094942	4610113
ILMN_3305472	1990356
ILMN_3228863	6420131
ILMN_3234892	60731
ILMN_1703142	1470196
ILMN_2271336	4180736
ILMN_2337789	5670735
ILMN_1669592	6770360
ILMN_1735038	3290332
ILMN_1699644	4670255
ILMN_1655796	6760167
ILMN_1789991	3940044
ILMN_2047430	1300059
ILMN_1702764	6450324
ILMN_1757106	780544
ILMN_1717337	7560594
ILMN_1677318	430711
ILMN_2257749	620129
ILMN_2341626	2600634
ILMN_2336335	3170482
ILMN_1812607	5360435
ILMN_1748393	4890131
ILMN_1807042	6060484
ILMN_1714433	6770242
ILMN_1731503	3180392
ILMN_1779800	5080112
ILMN_1736747	1170438
ILMN_1789692	3140491
ILMN_2413572	4040136
ILMN_1704795	7570706
ILMN_1651604	3520309
ILMN_1714162	3180128
ILMN_1711949	6650110
ILMN_1656170	7200136
ILMN_1799819	2690707
ILMN_1679177	10440
ILMN_2136423	4760327
ILMN_3227782	6400538
ILMN_1711124	1940301
ILMN_2406267	2120110
ILMN_2293744	3990424
ILMN_1710644	2000270
ILMN_1716616	4070369
ILMN_2255256	4280615
ILMN_1788769	4070292
ILMN_1804758	4830020
ILMN_2240866	580360
ILMN_1809537	4050326
ILMN_1724300	4210711
ILMN_1801996	4670142
ILMN_1785892	5960438
ILMN_1727723	2640400
ILMN_1735260	5290458
ILMN_1709408	7040398
ILMN_1733366	6420114
ILMN_1690922	5290008
ILMN_1738749	4200475
ILMN_1738438	4260309
ILMN_1682336	20521
ILMN_2135984	580470
ILMN_1767657	4050112
ILMN_1737298	7150176
ILMN_1811367	3170398
ILMN_1680246	6250373
ILMN_1673960	7380673
ILMN_1803615	290538
ILMN_2319000	5670605
ILMN_1669321	7160164
ILMN_2061116	1400142
ILMN_1698685	670215
ILMN_1694840	5810746
ILMN_1663171	2320767
ILMN_1662126	270470
ILMN_1737503	6900170
ILMN_2370099	7380246
ILMN_2296369	1710731
ILMN_1815107	2360220
ILMN_1660179	2370110
ILMN_2411076	5220441
ILMN_1802457	2680577
ILMN_2363426	3180133
ILMN_1704236	4260497
ILMN_1706546	4640220
ILMN_1695633	4640521
ILMN_1677997	3850441
ILMN_2295620	4120603
ILMN_2409793	4830689
ILMN_2364864	2600019
ILMN_1766334	2970600
ILMN_1666109	4920561
ILMN_1748386	5560639
ILMN_2352580	2340445
ILMN_1683595	3390327
ILMN_1750395	1440100
ILMN_1785587	3390066
ILMN_2387452	4920291
ILMN_1717195	6840487
ILMN_1698491	610528
ILMN_1679822	4210278
ILMN_2076758	1030561
ILMN_3236231	2900437
ILMN_2055310	240364
ILMN_2217928	2630707
ILMN_1800731	7560368
ILMN_1746012	1770343
ILMN_2106818	5360411
ILMN_1664323	6480041
ILMN_1745141	630468
ILMN_1762464	4480538
ILMN_1791438	6760594
ILMN_1769449	580671
ILMN_2193752	7380463
ILMN_2313158	160253
ILMN_1807304	5220315
ILMN_1748358	7550093
ILMN_1684316	780554
ILMN_2364272	990128
ILMN_1658015	2450546
ILMN_2303170	2810576
ILMN_1765184	4210537
ILMN_2303166	6940736
ILMN_2278550	1030309
ILMN_1764082	5490414
ILMN_2347424	4560019
ILMN_1777853	5080468
ILMN_3237139	870543
ILMN_1722218	3800470
ILMN_2398939	1340678
ILMN_1672660	3780681
ILMN_2331544	4830204
ILMN_2101650	3170450
ILMN_2101651	4890703
ILMN_1651719	3390020
ILMN_1767256	5310114
ILMN_1798311	4850739
ILMN_1653319	520292
ILMN_1778521	3140437
ILMN_1667754	1030703
ILMN_1722445	6650471
ILMN_1779501	2120753
ILMN_1685275	1850678
ILMN_2198499	2480767
ILMN_1772492	6770286
ILMN_2186078	1510451
ILMN_1667233	6480500
ILMN_2152422	6650291
ILMN_1715745	6840402
ILMN_1745513	830215
ILMN_1767679	3460358
ILMN_1795503	2480669
ILMN_1760174	6420632
ILMN_1769264	7040114
ILMN_1763092	4590392
ILMN_1735347	5290408
ILMN_1752750	6590343
ILMN_1736584	1340736
ILMN_3307483	4040682
ILMN_2064355	610594
ILMN_1670217	1500348
ILMN_1761808	2640576
ILMN_2202790	6330672
ILMN_1685096	1450446
ILMN_1710322	4490050
ILMN_2383150	5670709
ILMN_1803988	610750
ILMN_1756806	7380100
ILMN_2413899	6580685
ILMN_2413898	7570181
ILMN_1681503	6770408
ILMN_1806818	6290494
ILMN_2224143	6650053
ILMN_1784766	110270
ILMN_2065822	6380438
ILMN_2412860	2630711
ILMN_1737205	6020170
ILMN_1815169	7330253
ILMN_1798654	5690274
ILMN_1704702	730274
ILMN_1663195	1470195
ILMN_1800654	2360528
ILMN_2407124	1190037
ILMN_1702221	2140446
ILMN_1798581	2370017
ILMN_3238762	6130367
ILMN_1800181	3780735
ILMN_1764383	6450056
ILMN_1660462	5490068
ILMN_1775962	20292
ILMN_2046611	6760706
ILMN_1753122	4590113
ILMN_1784227	1740504
ILMN_1713147	2600553
ILMN_1738097	1170470
ILMN_1654685	3360491
ILMN_1658920	6480326
ILMN_1792682	990349
ILMN_1751816	1690025
ILMN_1814122	5420520
ILMN_1782798	780519
ILMN_1717366	50332
ILMN_1720595	3800296
ILMN_1684447	4880026
ILMN_1656913	3390603
ILMN_1683377	870072
ILMN_2079004	6420369
ILMN_1723087	150458
ILMN_2261876	2850390
ILMN_2349393	4560717
ILMN_1706440	6350463
ILMN_1659142	7150437
ILMN_1674508	1740082
ILMN_1736460	4730546
ILMN_1655245	7150241
ILMN_1736829	630600
ILMN_1746493	1580370
ILMN_1814208	4150113
ILMN_2389851	6840438
ILMN_1746020	5420471
ILMN_1741260	3140731
ILMN_1662263	1260731
ILMN_3307897	380280
ILMN_1784582	2640689
ILMN_1736042	3390326
ILMN_2048636	6200408
ILMN_1675186	7550521
ILMN_1762445	1500743
ILMN_1793615	3800279
ILMN_1812362	6420156
ILMN_1727073	6130064
ILMN_1714854	5570131
ILMN_1702715	5130021
ILMN_1673457	3140634
ILMN_1683160	7100458
ILMN_3248122	6130088
ILMN_1707631	5720056
ILMN_1762639	7560075
ILMN_1793386	620504
ILMN_1663425	3890370
ILMN_1671067	5890110
ILMN_1806184	6220088
ILMN_1683959	3190717
ILMN_3246388	4540414
ILMN_1668748	5420243
ILMN_1706200	6770672
ILMN_1800451	2320187
ILMN_1790782	3180446
ILMN_1730307	5820598
ILMN_3240092	5360671
ILMN_1788528	1500347
ILMN_1754553	3450427
ILMN_1777526	3370671
ILMN_1773886	130672
ILMN_1792860	4860689
ILMN_1697218	6590661
ILMN_1674506	3370519
ILMN_1690999	4900474
ILMN_1662488	6330491
ILMN_2388272	1980382
ILMN_1711853	7400411
ILMN_1811823	1500470
ILMN_1718171	730468
ILMN_3251445	5220392
ILMN_1716876	5360446
ILMN_1759350	7100114
ILMN_1749821	6980010
ILMN_1728360	70168
ILMN_1671603	1230292
ILMN_1756041	1110164
ILMN_3251451	5130670
ILMN_1664641	1710132
ILMN_1654543	7200598
ILMN_3229552	2450681
ILMN_3306173	5690487
ILMN_2339705	430523
ILMN_1736847	3060619
ILMN_1659537	7330546
ILMN_1794108	2900477
ILMN_1661888	6400132
ILMN_3251100	6760711
ILMN_3249825	7510184
ILMN_2068202	1740711
ILMN_1742544	4040162
ILMN_1763228	3940484
ILMN_1804738	20451
ILMN_2115752	3390687
ILMN_2061435	3360113
ILMN_1671149	3710730
ILMN_3236808	5130709
ILMN_2146389	270201
ILMN_1652306	840601
ILMN_1787179	3170180
ILMN_3241441	6590220
ILMN_1714181	1340598
ILMN_2059996	6330435
ILMN_2290118	1260136
ILMN_1658798	6200184
ILMN_2073202	1340326
ILMN_1810254	4640102
ILMN_1755789	6250475
ILMN_2153825	1070520
ILMN_1708907	2140626
ILMN_1705685	4040753
ILMN_1695945	20358
ILMN_2398077	610246
ILMN_1792995	620154
ILMN_1664416	7510475
ILMN_2301677	2370162
ILMN_1779997	6370711
ILMN_2205896	4610280
ILMN_2212909	160097
ILMN_1731184	2340392
ILMN_1741599	5870736
ILMN_1721963	1410204
ILMN_2277877	2190164
ILMN_2340877	6770204
ILMN_1683298	7610619
ILMN_1657145	1230594
ILMN_1747948	3890332
ILMN_2414568	4920468
ILMN_1777263	240468
ILMN_1659984	1820176
ILMN_1734694	3780437
ILMN_2180827	2940576
ILMN_1786072	2600091
ILMN_1770610	4730315
ILMN_2138589	7550066
ILMN_1781565	1070156
ILMN_1719797	5050731
ILMN_1806603	4040438
ILMN_1751911	6980079
ILMN_2278590	990070
ILMN_1669479	3520338
ILMN_1742307	4290626
ILMN_3237149	520139
ILMN_1715175	4200504
ILMN_1785795	4070168
ILMN_1670420	4260520
ILMN_1712583	3120544
ILMN_1790014	10224
ILMN_1801610	50095
ILMN_2258004	1510168
ILMN_1688775	4150689
ILMN_2342066	5810504
ILMN_1693290	4670093
ILMN_1782257	1070288
ILMN_2276811	2650671
ILMN_2376152	5810292
ILMN_1738342	7330050
ILMN_3306997	650348
ILMN_1815190	1990358
ILMN_1676424	3460639
ILMN_1785438	6900066
ILMN_2055100	1980167
ILMN_1655780	6370075
ILMN_1776598	510634
ILMN_2170515	7650379
ILMN_3246612	4040689
ILMN_3239525	6760309
ILMN_1790575	2510463
ILMN_2343624	6520408
ILMN_2124523	5910706
ILMN_1745699	1240646
ILMN_1806314	6250632
ILMN_1735958	1090735
ILMN_1655635	6860524
ILMN_1738173	730110
ILMN_1691570	4050370
ILMN_1661998	1980470
ILMN_1656285	1820008
ILMN_2064725	5310142
ILMN_1653980	1440397
ILMN_2402629	1570743
ILMN_1726421	6620196
ILMN_3239177	4050228
ILMN_1658989	6940446
ILMN_1658182	6860445
ILMN_1669268	1980050
ILMN_1676799	7650458
ILMN_1659565	130528
ILMN_2245087	1990465
ILMN_1787981	5090615
ILMN_1708782	2710307
ILMN_1723277	2750332
ILMN_1809604	6900465
ILMN_1671118	7150025
ILMN_1766914	3060377
ILMN_1733415	2570154
ILMN_2198408	2100068
ILMN_1680171	3890348
ILMN_1756071	5560075
ILMN_1745686	4260243
ILMN_1811478	50497
ILMN_2259818	1240435
ILMN_1672876	4920575
ILMN_1708959	540253
ILMN_1664186	4920326
ILMN_1651385	5550253
ILMN_1764577	2000438
ILMN_1724355	1340528
ILMN_1789751	510288
ILMN_1674874	3870577
ILMN_1756152	3940593
ILMN_1789638	3840196
ILMN_2238383	2650131
ILMN_1718972	1510703
ILMN_2209238	4920102
ILMN_1667037	6960561
ILMN_1729734	7050315
ILMN_1702065	6900600
ILMN_3240524	1430026
ILMN_1710209	3870291
ILMN_1670611	3870347
ILMN_3241005	5050273
ILMN_1681310	5260113
ILMN_3251751	5080717
ILMN_2123119	7210762
ILMN_1730028	4880553
ILMN_2372379	3190364
ILMN_2372384	4780605
ILMN_1714643	2260725
ILMN_1683897	5720706
ILMN_1727177	6130280
ILMN_1761912	5900592
ILMN_2342240	870400
ILMN_2346831	2060079
ILMN_1739151	6550131
ILMN_1766475	1580008
ILMN_1853824	6420500
ILMN_1755643	6220593
ILMN_1722438	620066
ILMN_1809272	4060288
ILMN_1796106	4060364
ILMN_2117736	70437
ILMN_1704904	5820524
ILMN_1731049	6400491
ILMN_1692477	2470195
ILMN_2293631	7320040
ILMN_1750748	5910402
ILMN_1659563	3460092
ILMN_1708298	5810039
ILMN_3224987	5550446
ILMN_2147251	160079
ILMN_1737538	3850541
ILMN_3307982	2710494
ILMN_3311145	3120484
ILMN_3311160	6960450
ILMN_2144654	4590164
ILMN_3304802	3190168
ILMN_1780496	7330408
ILMN_1713235	2850468
ILMN_3309468	4810114
ILMN_1705605	450228
ILMN_1671226	4280477
ILMN_1787526	4900309
ILMN_1712588	6960400
ILMN_1720600	1070750
ILMN_1661440	7100343
ILMN_1768164	2190296
ILMN_1764770	3060278
ILMN_1785058	1430593
ILMN_1757561	5050152
ILMN_1780968	5900082
ILMN_1673409	4250678
ILMN_1769601	3940411
ILMN_1759186	4180669
ILMN_3248324	540484
ILMN_1652940	2470681
ILMN_2050434	6860661
ILMN_1744023	6400639
ILMN_1656189	1770129
ILMN_1743095	4260615
ILMN_3247783	2640364
ILMN_1675013	2470180
ILMN_1796832	6250187
ILMN_3245410	1300253
ILMN_3227119	2120296
ILMN_3233763	3930369
ILMN_3233272	4250653
ILMN_1811779	5050600
ILMN_1738751	5720711
ILMN_1724783	3870403
ILMN_3226663	3930255
ILMN_3300640	7150202
ILMN_1743785	4010537
ILMN_1690304	1770392
ILMN_1714172	3370279
ILMN_1806256	5700079
ILMN_1766706	4590678
ILMN_1660412	2340168
ILMN_1724064	5090192
ILMN_1679403	4220661
ILMN_1796793	3830113
ILMN_2193233	770682
ILMN_1656420	2690189
ILMN_1710413	2760497
ILMN_1722752	4760270
ILMN_1862180	4890278
ILMN_2263144	4290132
ILMN_1722674	6370367
ILMN_1656193	4590184
ILMN_1663068	1430634
ILMN_1788968	610050
ILMN_1749234	730452
ILMN_1658111	6200427
ILMN_1701376	70224
ILMN_3307505	1190494
ILMN_3307579	4390603
ILMN_1791461	5310010
ILMN_1670545	4780630
ILMN_1699449	1980370
ILMN_1660927	1990180
ILMN_1765287	4260685
ILMN_1759991	4390446
ILMN_3228954	5870441
ILMN_3305563	5960523
ILMN_1669122	5910152
ILMN_1708535	1510753
ILMN_1702739	7650546
ILMN_1747568	1190544
ILMN_1789995	6250424
ILMN_3306677	6510021
ILMN_1731640	70270
ILMN_1792433	1770437
ILMN_1740512	2000154
ILMN_1737283	4200070
ILMN_1664248	5670653
ILMN_1683809	4120630
ILMN_1773603	3940619
ILMN_1659110	70554
ILMN_1678300	3420400
ILMN_1667490	4590435
ILMN_1701289	4670605
ILMN_1768841	6270537
ILMN_1732841	1450564
ILMN_1652072	1740551
ILMN_3297934	840301
ILMN_1776121	1780224
ILMN_1716555	2190133
ILMN_1683520	10424
ILMN_1749414	3890458
ILMN_1678234	7040373
ILMN_3247306	3460136
ILMN_1810930	4830746
ILMN_1712916	3360441
ILMN_1798964	990259
ILMN_1787731	6040681
ILMN_1780400	2750152
ILMN_1665515	3130075
ILMN_1726153	5910546
ILMN_2143795	6350189
ILMN_1653461	4880278
ILMN_1787169	2060209
ILMN_1747269	4390608
ILMN_1711725	6860075
ILMN_1667804	5080671
ILMN_1660935	2450095
ILMN_1761068	2320463
ILMN_1770765	380437
ILMN_1677186	2190646
ILMN_1733412	4280376
ILMN_1784428	240152
ILMN_1747315	7320647
ILMN_1767086	2810209
ILMN_1682685	2810431
ILMN_2411384	3840037
ILMN_1711688	4180446
ILMN_1744623	5290072
ILMN_1801168	5560475
ILMN_1658847	3800482
ILMN_1768922	6650132
ILMN_1693862	7200647
ILMN_3250772	2570338
ILMN_1772081	3460541
ILMN_1654823	7400209
ILMN_3251288	1170392
ILMN_1716512	1780368
ILMN_1749867	6270333
ILMN_1715698	5670661
ILMN_2152502	1660703
ILMN_1688318	2810044
ILMN_1663575	6370364
ILMN_3302356	780576
ILMN_3225761	2320291
ILMN_1678007	4880687
ILMN_1686750	6840356
ILMN_1738589	160612
ILMN_1707310	3400546
ILMN_1657708	3830327
ILMN_1795639	6480494
ILMN_1651958	940735
ILMN_2071809	1430487
ILMN_1745697	1510414
ILMN_1687387	3180674
ILMN_1781952	3180731
ILMN_1803033	3890647
ILMN_2355168	5080131
ILMN_1802027	1510019
ILMN_1751956	7160400
ILMN_1745077	6980767
ILMN_2158665	1500100
ILMN_1656743	4540674
ILMN_1654129	4260475
ILMN_1672043	4850246
ILMN_2312906	6580692
ILMN_1864900	430438
ILMN_1788832	4810368
ILMN_2385178	2260619
ILMN_1752107	6330296
ILMN_2282077	6580753
ILMN_1797929	7650487
ILMN_1807972	3800551
ILMN_1785141	1430463
ILMN_1699634	6020162
ILMN_1743232	870670
ILMN_1815130	670296
ILMN_1664581	1400646
ILMN_1712291	4120593
ILMN_1708006	3170064
ILMN_1653453	1240537
ILMN_1761858	3870181
ILMN_2371433	6940392
ILMN_1668960	150438
ILMN_2165473	6580121
ILMN_2382648	450326
ILMN_2264597	1660324
ILMN_1760180	2450193
ILMN_1746408	940291
ILMN_2334322	4250669
ILMN_1682232	4490452
ILMN_1766159	1010240
ILMN_1805910	6100092
ILMN_1807074	4490671
ILMN_1743806	1110243
ILMN_1783843	7160750
ILMN_3237745	3400678
ILMN_1689624	3360544
ILMN_1799293	3710348
ILMN_1746025	5390025
ILMN_2322986	5420019
ILMN_2306692	540600
ILMN_1717101	1850450
ILMN_1664994	6370639
ILMN_1680644	2750544
ILMN_1674353	3420475
ILMN_1676490	380360
ILMN_1669070	6350356
ILMN_3307654	3170392
ILMN_1710684	6280309
ILMN_3309339	4560458
ILMN_3309473	6960500
ILMN_3308946	10678
ILMN_3309409	990278
ILMN_3310186	2450767
ILMN_3309779	940433
ILMN_3309064	7380189
ILMN_3309484	4120594
ILMN_3309614	3800195
ILMN_3309249	4830017
ILMN_3308205	540521
ILMN_3309104	4040370
ILMN_3310855	3830500
ILMN_3309164	990370
ILMN_3309859	4180653
ILMN_3309001	10647
ILMN_3309109	3990296
ILMN_3309904	4050224
ILMN_3309884	1850368
ILMN_3310391	2690180
ILMN_3310700	6250170
ILMN_3310890	4120767
ILMN_3308758	7150021
ILMN_3310673	3440600
ILMN_3309524	3190224
ILMN_3310306	70669
ILMN_3308931	5700164
ILMN_3309649	540167
ILMN_3308320	4860010
ILMN_3308663	1400228
ILMN_3310720	7550091
ILMN_3308520	4590095
ILMN_3308876	4590575
ILMN_3308475	1260092
ILMN_3309041	2510139
ILMN_3309304	3130377
ILMN_3309559	4780435
ILMN_3308545	6200730
ILMN_3308708	1090382
ILMN_3308355	6520292
ILMN_3309448	1230053
ILMN_3308773	7150328
ILMN_3308395	2360064
ILMN_3311035	6450468
ILMN_3308901	2120309
ILMN_3308828	4570709
ILMN_3308896	7380669
ILMN_3309046	2070500
ILMN_3311130	770347
ILMN_3309990	2340411
ILMN_3311055	6330022
ILMN_3310543	3940156
ILMN_3310865	3840577
ILMN_3308118	7320341
ILMN_3308743	5820192
ILMN_3308073	6220066
ILMN_3309729	1030554
ILMN_3310830	3930451
ILMN_3308658	240328
ILMN_3310528	2600192
ILMN_3310030	1740079
ILMN_3310251	7000441
ILMN_3308916	7650392
ILMN_3308315	2360327
ILMN_3309244	6550193
ILMN_3308986	1170603
ILMN_3310965	3460673
ILMN_3308098	3140762
ILMN_3309839	460521
ILMN_3308698	1940411
ILMN_3310730	4810411
ILMN_3309094	830373
ILMN_3308270	3140541
ILMN_3309419	4880128
ILMN_3310623	1450189
ILMN_3308225	2490543
ILMN_3308911	7200131
ILMN_3309499	6550605
ILMN_3309909	2450376
ILMN_3310093	1440161
ILMN_3308068	1990370
ILMN_3308535	990482
ILMN_3310960	3360097
ILMN_3308128	1500731
ILMN_3310421	3310327
ILMN_3308505	2570360
ILMN_3308220	6480400
ILMN_3309359	160739
ILMN_3309264	1940397
ILMN_3308133	4150347
ILMN_3310075	1510112
ILMN_3308783	6660300
ILMN_3310785	6270021
ILMN_3309374	5340022
ILMN_3310411	1170463
ILMN_3309789	2570563
ILMN_3309309	6100037
ILMN_3310196	3290673
ILMN_3308693	3990242
ILMN_3308991	3460100
ILMN_3308703	2690286
ILMN_3310603	10154
ILMN_3309119	4010255
ILMN_3308808	5360180
ILMN_3310221	3360414
ILMN_3308560	4560142
ILMN_3308103	7160070
ILMN_3308038	1710224
ILMN_3310775	6040561
ILMN_3310316	7150180
ILMN_3309433	7210220
ILMN_3308043	7610400
ILMN_3308460	5050020
ILMN_3308976	1990678
ILMN_3309284	4570626
ILMN_3309924	430487
ILMN_3310494	4150601
ILMN_3309644	1410224
ILMN_3309849	1170379
ILMN_3310346	3170324
ILMN_3309021	940026
ILMN_3309629	1110653
ILMN_3309274	290255
ILMN_3308123	7510110
ILMN_3310010	3610066
ILMN_3309389	2680053
ILMN_3308290	1190215
ILMN_3308627	3520731
ILMN_3308723	6330131
ILMN_3308260	5560689
ILMN_3308612	580647
ILMN_3311065	2940035
ILMN_3309684	4610441
ILMN_3309384	5260110
ILMN_3309834	380358
ILMN_3308833	4760114
ILMN_3248910	5860722
ILMN_3308305	7560019
ILMN_3311010	2650431
ILMN_3309594	7150048
ILMN_3310141	1240133
ILMN_3309289	4590753
ILMN_3309659	6130209
ILMN_3309199	2340025
ILMN_3308866	7400470
ILMN_3310201	1410546
ILMN_3309234	6130475
ILMN_3309560	6590528
ILMN_3308718	4060201
ILMN_3310088	5130333
ILMN_3310331	1260750
ILMN_3309934	4880039
ILMN_3311030	540040
ILMN_3310765	6580240
ILMN_3310880	1850010
ILMN_3310618	5700386
ILMN_3308015	1740554
ILMN_3310486	780541
ILMN_3308622	5260292
ILMN_3310151	3140253
ILMN_3310685	2450138
ILMN_3309174	1440068
ILMN_3308966	1110333
ILMN_3310216	730086
ILMN_3309819	6200110
ILMN_3308025	60564
ILMN_3308435	5080609
ILMN_3311075	4780204
ILMN_3308906	70133
ILMN_3308971	1450435
ILMN_3308048	2350521
ILMN_3309478	3400053
ILMN_3309955	130072
ILMN_3308210	7560021
ILMN_3308881	6270255
ILMN_3310461	4040647
ILMN_3309089	4850202
ILMN_3310755	540639
ILMN_3308961	2260349
ILMN_3308188	3460246
ILMN_3310491	770743
ILMN_3309714	2320167
ILMN_3310236	2370176
ILMN_3309754	3830717
ILMN_3309159	520541
ILMN_3309894	3460619
ILMN_3308803	3990687
ILMN_3308380	4490327
ILMN_3308951	460523
ILMN_3310920	2260463
ILMN_3310950	2360369
ILMN_3308738	2900491
ILMN_3308295	2000477
ILMN_3309379	2120187
ILMN_3309054	1110682
ILMN_3309549	6370327
ILMN_3311020	2120722
ILMN_3309814	4280270
ILMN_3310835	780438
ILMN_3310840	3420259
ILMN_3310171	7510427
ILMN_3309599	3420187
ILMN_3310850	1710138
ILMN_3310770	4900577
ILMN_3310499	1030291
ILMN_3310035	2750634
ILMN_3310025	4290246
ILMN_3311005	1850253
ILMN_3308597	6590246
ILMN_3309074	4050615
ILMN_3311045	620017
ILMN_3310613	6940112
ILMN_3310446	1010102
ILMN_3308565	2360093
ILMN_3310376	4900673
ILMN_3311015	4490064
ILMN_3308688	5420048
ILMN_3310326	5910059
ILMN_3308485	6560008
ILMN_3308936	1260348
ILMN_3309084	1710128
ILMN_3309529	6510670
ILMN_3309294	1980152
ILMN_3309224	5910717
ILMN_3308798	580551
ILMN_3310401	7050437
ILMN_3310573	5130717
ILMN_3309534	1340110
ILMN_3310985	840458
ILMN_3308981	3800274
ILMN_3308093	4060356
ILMN_3309031	770327
ILMN_3310356	2260408
ILMN_3309624	5910360
ILMN_3309679	2570270
ILMN_3310426	1690113
ILMN_3310695	7550296
ILMN_3310910	2760687
ILMN_3309699	110619
ILMN_3309664	1510403
ILMN_3308385	2340767
ILMN_3309579	4570072
ILMN_3308823	5820110
ILMN_3308768	2810286
ILMN_3308265	3990307
ILMN_3310558	6060008
ILMN_3310181	4180035
ILMN_3309939	4780471
ILMN_3308525	2490601
ILMN_3308370	240711
ILMN_3310815	3710717
ILMN_3310509	5360161
ILMN_3308996	630754
ILMN_3309569	6250593
ILMN_3308078	2490440
ILMN_3310070	4590754
ILMN_3309099	2230484
ILMN_3309364	6480017
ILMN_3308886	650725
ILMN_3311125	160341
ILMN_3310256	5080068
ILMN_3309774	5270184
ILMN_3309985	290148
ILMN_3310980	4890669
ILMN_3308173	6620113
ILMN_3308158	730181
ILMN_3308580	4590463
ILMN_3311110	160685
ILMN_3308415	3440286
ILMN_3311040	7150400
ILMN_3309189	2260711
ILMN_3308255	4560446
ILMN_3311070	2600626
ILMN_3309494	4070274
ILMN_3310301	430634
ILMN_3310386	6130037
ILMN_3308748	2750102
ILMN_3308455	2690681
ILMN_3308921	670524
ILMN_3310653	7040010
ILMN_3310206	2070112
ILMN_3309960	580300
ILMN_3309443	2850504
ILMN_3310366	6660386
ILMN_3310800	6270370
ILMN_3310000	4590544
ILMN_3308713	4590368
ILMN_3308956	5870598
ILMN_3309438	5820253
ILMN_3309829	5050133
ILMN_3308617	6960296
ILMN_3309539	7100653
ILMN_3311060	5570332
ILMN_3308465	4900189
ILMN_3309674	2510367
ILMN_3310598	4490026
ILMN_3310885	6620288
ILMN_3308763	6840563
ILMN_3309769	1580131
ILMN_3309463	2000097
ILMN_3310523	5810731
ILMN_3308575	3850181
ILMN_3309995	3360246
ILMN_3311050	1240220
ILMN_3309945	2470047
ILMN_3310045	4390577
ILMN_3310191	6760259
ILMN_3308678	3060653
ILMN_3310795	2690440
ILMN_3310396	1690064
ILMN_3308053	3420431
ILMN_3309804	4860138
ILMN_3310276	4050088
ILMN_3309133	3840273
ILMN_3309844	6280546
ILMN_3308005	5130079
ILMN_3309864	290328
ILMN_3310406	5690735
ILMN_3310336	1010709
ILMN_3309483	1340441
ILMN_3310935	2710609
ILMN_3308410	540044
ILMN_3309824	1070379
ILMN_3310725	70309
ILMN_3308926	7510630
ILMN_3309919	6420348
ILMN_3310810	2600577
ILMN_3309764	4830753
ILMN_3309609	1030494
ILMN_3309639	3370619
ILMN_3308340	1340138
ILMN_3308778	1030162
ILMN_3308365	6420709
ILMN_3311080	3990402
ILMN_3310261	50040
ILMN_3308430	1740309
ILMN_3309394	5700274
ILMN_3309209	4490390
ILMN_3308425	240451
ILMN_3308480	650292
ILMN_3309011	4070520
ILMN_3309619	1740056
ILMN_3309404	4860347
ILMN_3309869	2070431
ILMN_3310381	2070722
ILMN_3310246	2070709
ILMN_3311000	1410128
ILMN_3310476	4640671
ILMN_3309724	1710360
ILMN_3309214	2480196
ILMN_3310690	1450180
ILMN_3310845	1450487
ILMN_3310715	2360097
ILMN_3308871	4120128
ILMN_3308178	4480703
ILMN_3308230	2710224
ILMN_3308400	6290441
ILMN_3308035	5560678
ILMN_3310710	4760224
ILMN_3308657	6110138
ILMN_3310760	6620059
ILMN_3309414	2070681
ILMN_3310126	1820494
ILMN_3310930	4540154
ILMN_3308856	2940356
ILMN_3309158	7040050
ILMN_3308585	2350152
ILMN_3308245	2750669
ILMN_3308861	4890402
ILMN_3308108	2940102
ILMN_3308647	1440048
ILMN_3310975	4780670
ILMN_3310060	1400647
ILMN_3310211	4220438
ILMN_3309123	2260475
ILMN_3309669	2470390
ILMN_3308330	2340612
ILMN_3310683	5220021
ILMN_3309259	6350576
ILMN_3310020	7210427
ILMN_3309980	6280162
ILMN_3309006	3940039
ILMN_3308350	380372
ILMN_3310990	620632
ILMN_3309794	4070592
ILMN_3310241	4040333
ILMN_3310226	6400730
ILMN_3310945	3830438
ILMN_3310553	1050307
ILMN_3309565	4200685
ILMN_3308668	520435
ILMN_3308250	2360240
ILMN_3308540	6580632
ILMN_3308843	3140180
ILMN_3308285	5340376
ILMN_3308020	7160333
ILMN_3308495	5570717
ILMN_3308450	1660224
ILMN_3308300	6280673
ILMN_3309519	6270368
ILMN_3310266	380673
ILMN_3311120	3310706
ILMN_3310578	7200470
ILMN_3309899	1450592
ILMN_3307997	4120291
ILMN_3310668	380184
ILMN_3311090	4390132
ILMN_3308838	6400424
ILMN_3310900	6100242
ILMN_3309970	5310019
ILMN_3310231	6380368
ILMN_3309148	5860520
ILMN_3309269	6130343
ILMN_3308818	10021
ILMN_3309299	4890168
ILMN_3308652	3400129
ILMN_3309809	2640612
ILMN_3309489	360592
ILMN_3308490	5080242
ILMN_3310436	6760327
ILMN_3309324	6280349
ILMN_3309799	6200487
ILMN_3309889	1410646
ILMN_3310108	1780370
ILMN_3310466	3190309
ILMN_3310705	1030408
ILMN_3309514	6400687
ILMN_3309153	7380484
ILMN_3308602	4290438
ILMN_3310870	2140014
ILMN_3310995	4210070
ILMN_3310311	5290241
ILMN_3309734	2970477
ILMN_3310860	770403
ILMN_3308280	70156
ILMN_3308200	630564
ILMN_3308440	4060735
ILMN_3310538	4900368
ILMN_3310113	6380047
ILMN_3310471	2190435
ILMN_3309314	2640215
ILMN_3308083	580328
ILMN_3308345	130451
ILMN_3309069	2690736
ILMN_3310341	1340088
ILMN_3310176	1430326
ILMN_3309879	2140491
ILMN_3308215	4390377
ILMN_3308642	770377
ILMN_3310568	1470142
ILMN_3308813	650471
ILMN_3310518	4280367
ILMN_3310780	2710022
ILMN_3310820	6480594
ILMN_3309744	2030671
ILMN_3310136	110170
ILMN_3310563	7150286
ILMN_3308607	6520367
ILMN_3308235	4860148
ILMN_3309399	7320626
ILMN_3309169	6860086
ILMN_3308500	5560446
ILMN_3308148	7100296
ILMN_3310678	1110681
ILMN_3310080	1780121
ILMN_3308941	6900386
ILMN_3308632	4540193
ILMN_3308195	4070521
ILMN_3309239	130554
ILMN_3310588	5820437
ILMN_3308673	1850026
ILMN_3310805	1190010
ILMN_3310790	6510370
ILMN_3310161	1470274
ILMN_3309719	4230725
ILMN_3310121	6840376
ILMN_3308637	6900204
ILMN_3310015	4200615
ILMN_3309554	4900452
ILMN_3310925	5550669
ILMN_3310633	4040369
ILMN_3308728	1400424
ILMN_3308360	270438
ILMN_3309509	2510301
ILMN_3309128	150768
ILMN_3310514	6330259
ILMN_3309344	5720681
ILMN_3308190	7100068
ILMN_3308445	2600601
ILMN_3311095	520433
ILMN_3309950	6510497
ILMN_3310291	7000279
ILMN_3309574	6280762
ILMN_3309254	6480114
ILMN_3308848	430288
ILMN_3310895	1770274
ILMN_3310504	7610239
ILMN_3309369	1410292
ILMN_3309784	7550577
ILMN_3309026	730026
ILMN_3308470	270424
ILMN_3307992	3800184
ILMN_3310750	730133
ILMN_3310481	7550039
ILMN_3309749	5490747
ILMN_3309914	620224
ILMN_3311115	4260576
ILMN_3310663	4560608
ILMN_3309929	130424
ILMN_3310825	130762
ILMN_3310875	5360746
ILMN_3309975	670368
ILMN_3310740	5340523
ILMN_3310648	60332
ILMN_3310608	6220735
ILMN_3310040	4480059
ILMN_3310970	620368
ILMN_3310955	6350369
ILMN_3310533	3710674
ILMN_3310055	7330255
ILMN_3310118	5420044
ILMN_3308240	4780259
ILMN_3308570	2360674
ILMN_3308530	20095
ILMN_3308143	4050630
ILMN_3309604	5690594
ILMN_3308010	3310326
ILMN_3308405	6520193
ILMN_3310735	6180685
ILMN_3310431	1240689
ILMN_3310103	2350561
ILMN_3310005	5900768
ILMN_3309544	450328
ILMN_3309329	3460347
ILMN_3310643	4480685
ILMN_3308058	4890026
ILMN_3310456	630494
ILMN_3310548	4490519
ILMN_3309704	20300
ILMN_3310915	2970202
ILMN_3310286	2230717
ILMN_3309229	4060168
ILMN_3308390	5090066
ILMN_3309143	4290280
ILMN_3309184	10100
ILMN_3310628	6900110
ILMN_3308853	7550209
ILMN_3308733	2370048
ILMN_3309319	1090719
ILMN_3309059	5090482
ILMN_3308420	4670674
ILMN_3308550	3830424
ILMN_3308793	2340017
ILMN_3310296	20326
ILMN_3310098	4560358
ILMN_3310371	5390142
ILMN_3309219	5860484
ILMN_3308163	7050463
ILMN_3308063	2510202
ILMN_3310658	6060687
ILMN_3308587	3060189
ILMN_3310583	6250181
ILMN_3309504	6350685
ILMN_3308592	4900280
ILMN_3308891	6510615
ILMN_3310166	6380240
ILMN_3300937	4150468
ILMN_3311100	7330634
ILMN_3310131	4050546
ILMN_3309179	2360634
ILMN_3309739	2690630
ILMN_3310281	7040768
ILMN_3309423	3360440
ILMN_3309965	5900626
ILMN_3308153	240500
ILMN_3309204	1030288
ILMN_1718069	1050017
ILMN_1663793	5130553
ILMN_1677133	5050255
ILMN_1761324	2100026
ILMN_2304186	3190427
ILMN_1657854	5560066
ILMN_1668969	3800242
ILMN_1734827	20364
ILMN_1786189	1090327
ILMN_2274180	630753
ILMN_1718718	3830519
ILMN_1703916	4920136
ILMN_1651767	7210685
ILMN_1690807	4920095
ILMN_1742578	6110204
ILMN_1725738	2650424
ILMN_1750429	6450278
ILMN_2347068	940152
ILMN_1654060	5050553
ILMN_1671583	1980113
ILMN_2056760	360753
ILMN_3307668	870348
ILMN_1709267	6180040
ILMN_1737953	4260176
ILMN_1681780	6620017
ILMN_1710217	7330367
ILMN_1690589	450358
ILMN_1747725	2120762
ILMN_1751471	5490279
ILMN_1653783	7000736
ILMN_3243381	1780601
ILMN_1657495	1990546
ILMN_1684439	5870133
ILMN_1679438	2120678
ILMN_1671885	6400474
ILMN_1788363	4610164
ILMN_2282282	870333
ILMN_1693107	7560274
ILMN_1668928	1450414
ILMN_1715863	2710328
ILMN_1667825	4560541
ILMN_1737498	5810022
ILMN_1668683	2140349
ILMN_1802743	60673
ILMN_1736165	630201
ILMN_1725300	780102
ILMN_1698472	990670
ILMN_2408877	1010608
ILMN_2295183	2260291
ILMN_1702018	3840129
ILMN_1715968	4060608
ILMN_1783606	2100653
ILMN_1720491	2650593
ILMN_2344988	2710767
ILMN_2259633	3120050
ILMN_1706590	3520670
ILMN_1743538	3890170
ILMN_1751206	5550403
ILMN_2399310	6510600
ILMN_1759097	2630474
ILMN_1812473	2760066
ILMN_1651310	270021
ILMN_1746277	7000523
ILMN_1718734	4640392
ILMN_2394147	3290364
ILMN_1685858	7000519
ILMN_1742564	4210273
ILMN_1795342	2120452
ILMN_1789240	3710215
ILMN_1792207	2570768
ILMN_2401618	5220484
ILMN_1693987	4280458
ILMN_2399919	5560148
ILMN_1722073	5870010
ILMN_1651336	7330377
ILMN_1754315	4760209
ILMN_1689156	2140291
ILMN_1872276	4150768
ILMN_1803005	3610398
ILMN_3248966	1010537
ILMN_1733937	5550431
ILMN_1700240	270592
ILMN_1696162	2810450
ILMN_1751943	2970170
ILMN_1678170	5670674
ILMN_1786319	7610438
ILMN_1718488	2070246
ILMN_2151241	4900142
ILMN_3237986	240577
ILMN_1776216	6020445
ILMN_1655892	7560246
ILMN_1726448	3360224
ILMN_1741847	150180
ILMN_1655915	2370632
ILMN_2073758	4760626
ILMN_1768035	4780209
ILMN_1663873	650092
ILMN_1774739	5090070
ILMN_1718646	1170736
ILMN_1791796	460398
ILMN_1702361	1690376
ILMN_1718331	3990537
ILMN_1651470	240181
ILMN_1801146	2000180
ILMN_1700213	6370129
ILMN_1711062	730372
ILMN_1782953	7150551
ILMN_1762106	510736
ILMN_1803714	2480390
ILMN_2178116	2940326
ILMN_2160015	2490091
ILMN_1687950	6280743
ILMN_1790052	6480110
ILMN_2317701	6840379
ILMN_1665520	7160168
ILMN_2193325	2450110
ILMN_1808107	3710193
ILMN_1778333	2060201
ILMN_1699607	5290431
ILMN_1717207	6020630
ILMN_2206080	6250543
ILMN_1679694	4830326
ILMN_1752952	830685
ILMN_1791508	4810477
ILMN_2399016	7100338
ILMN_1784459	7400400
ILMN_1685403	2350537
ILMN_2192072	3800088
ILMN_1736026	6280594
ILMN_1796316	3180528
ILMN_1797471	1300736
ILMN_1660114	1050008
ILMN_1715788	7050291
ILMN_3237324	7380095
ILMN_2174394	2230528
ILMN_1732197	630546
ILMN_2111237	6480259
ILMN_2083243	2060564
ILMN_2148796	3870372
ILMN_1671906	7550730
ILMN_1738992	6290270
ILMN_1711462	150364
ILMN_2157240	1090338
ILMN_1792910	6760255
ILMN_3240365	4280333
ILMN_1804988	270224
ILMN_2125562	5960156
ILMN_1793349	6650487
ILMN_3242011	2360292
ILMN_1721344	10161
ILMN_1717046	940630
ILMN_1719677	6020373
ILMN_1798288	7560471
ILMN_1767171	7650181
ILMN_3229859	6510669
ILMN_3306168	6940307
ILMN_1768947	650048
ILMN_1750271	2030152
ILMN_2298464	6560730
ILMN_2414962	7330474
ILMN_1673522	4610632
ILMN_2247988	4540131
ILMN_1798624	6900343
ILMN_2323801	7560543
ILMN_1770087	3930114
ILMN_1797925	5550053
ILMN_2274923	7200437
ILMN_1766652	6900397
ILMN_2310001	5340463
ILMN_1765971	5960196
ILMN_1693891	4890291
ILMN_1694634	4180224
ILMN_1727642	4230309
ILMN_1696151	4560551
ILMN_1771651	5310674
ILMN_1697200	2640100
ILMN_1808970	5390390
ILMN_2103591	3060543
ILMN_1783702	240156
ILMN_1795463	840397
ILMN_1770553	4260224
ILMN_1760676	4900343
ILMN_1812726	6450347
ILMN_1666156	6510435
ILMN_1719763	1190609
ILMN_1655161	2030564
ILMN_1756826	4900114
ILMN_1777934	6040307
ILMN_1788878	4060605
ILMN_1748642	4390040
ILMN_1760479	2510328
ILMN_1799106	3370327
ILMN_1665775	2140167
ILMN_1727798	2680433
ILMN_1766094	450193
ILMN_2043569	1240072
ILMN_1805345	580133
ILMN_2356909	3850703
ILMN_1725700	6580484
ILMN_1756211	5390376
ILMN_1687501	3310520
ILMN_1761788	5310544
ILMN_3236116	1230014
ILMN_2070815	2710019
ILMN_1655654	4890403
ILMN_1707649	5270326
ILMN_1752355	5220338
ILMN_1757562	1850128
ILMN_2371251	2600189
ILMN_2297076	5720403
ILMN_2229950	1580142
ILMN_1652085	2350563
ILMN_1781360	2260703
ILMN_2054213	60370
ILMN_1654421	6590707
ILMN_1761262	4010041
ILMN_1776640	5050086
ILMN_2193214	2000551
ILMN_1705183	3520601
ILMN_1733675	5310554
ILMN_1654217	2510541
ILMN_1724754	6650711
ILMN_1705579	830452
ILMN_1750689	6250288
ILMN_1679995	3370280
ILMN_1721774	1410564
ILMN_1776515	360053
ILMN_1667744	3780487
ILMN_1716362	2450243
ILMN_1809385	3940240
ILMN_1801778	4490040
ILMN_2148193	430743
ILMN_1678692	3440053
ILMN_1774547	4880563
ILMN_1672879	1260736
ILMN_1764596	4570379
ILMN_1800096	7550735
ILMN_1691090	3520711
ILMN_1654722	2900040
ILMN_1757134	6370278
ILMN_1810937	2030341
ILMN_1739103	2490470
ILMN_2386008	7000431
ILMN_1775016	150202
ILMN_1752932	3890228
ILMN_1730007	4810026
ILMN_2387078	6940379
ILMN_1795739	6270082
ILMN_2167416	2900451
ILMN_1659769	1070010
ILMN_1705676	4070341
ILMN_3241451	2340390
ILMN_1748881	6940215
ILMN_2203926	1980324
ILMN_1810264	3290487
ILMN_1683806	3850048
ILMN_1783946	4050593
ILMN_1658636	1190753
ILMN_1760802	2350195
ILMN_1709483	5260731
ILMN_1713679	70468
ILMN_2055165	2340372
ILMN_1689774	50274
ILMN_1693702	5360202
ILMN_1764827	7210446
ILMN_1714980	7050121
ILMN_2195015	6110224
ILMN_2075603	240228
ILMN_3299421	1710450
ILMN_1773156	1850669
ILMN_2155932	650433
ILMN_1794589	1430414
ILMN_1773546	6620519
ILMN_1722227	1510128
ILMN_2410965	160736
ILMN_2296284	4230152
ILMN_1806828	4860402
ILMN_1732089	5560370
ILMN_1654016	4640376
ILMN_1793643	6350377
ILMN_1800874	4200093
ILMN_1774312	1770678
ILMN_2203807	7550452
ILMN_2076658	2680435
ILMN_2396002	6180154
ILMN_1695472	6180196
ILMN_1690371	1050187
ILMN_1676458	2230452
ILMN_2316540	4670424
ILMN_1699603	5080546
ILMN_1671158	4210239
ILMN_2072603	430196
ILMN_2103720	4760520
ILMN_1730685	5310537
ILMN_1797933	6660270
ILMN_1804479	2340026
ILMN_2230672	5900240
ILMN_1771149	2680541
ILMN_1763264	6420296
ILMN_2189424	520521
ILMN_1693352	2060646
ILMN_2348050	1300315
ILMN_1654250	5550056
ILMN_1744835	6250576
ILMN_1663220	3390468
ILMN_1748819	6580131
ILMN_1806123	4890427
ILMN_2398995	3800445
ILMN_1695576	7610747
ILMN_1753976	1570328
ILMN_1811327	2060612
ILMN_1727558	5900307
ILMN_1694950	6760288
ILMN_2230592	270025
ILMN_1713143	2710192
ILMN_1661039	450288
ILMN_1766154	7210072
ILMN_1749432	4480327
ILMN_1726417	2230626
ILMN_1706326	5570494
ILMN_1783681	5960114
ILMN_2341952	2360243
ILMN_1812777	5340100
ILMN_1753016	6760022
ILMN_1800197	20465
ILMN_2041327	6370196
ILMN_1719656	4220327
ILMN_1778730	4810246
ILMN_1726391	6940025
ILMN_1681230	610553
ILMN_2352042	1170121
ILMN_1804207	6220450
ILMN_1687403	5090414
ILMN_1705464	4780040
ILMN_2356895	70608
ILMN_2356890	5080239
ILMN_2042343	1340431
ILMN_2258774	3060184
ILMN_1652147	6620181
ILMN_1700477	6940521
ILMN_2141523	290390
ILMN_1671452	450468
ILMN_1748650	3710719
ILMN_1808301	7570315
ILMN_1722838	4210762
ILMN_1687036	5130300
ILMN_2391522	6100014
ILMN_1773369	730139
ILMN_1681324	620767
ILMN_1664833	2060152
ILMN_2097421	4780689
ILMN_1713966	1240360
ILMN_2311041	7000692
ILMN_1813682	2750309
ILMN_1658486	3710039
ILMN_1799289	1850670
ILMN_1813817	6760746
ILMN_2348090	7210725
ILMN_1773716	4010735
ILMN_1663664	2060082
ILMN_1722905	830379
ILMN_2405915	5860626
ILMN_2371964	1850370
ILMN_1810866	3520491
ILMN_1714515	5310465
ILMN_1754860	6980487
ILMN_1779423	3290296
ILMN_1680703	3400674
ILMN_1775744	4830577
ILMN_1804851	2690400
ILMN_1730391	3520072
ILMN_1721337	50056
ILMN_2121282	5340138
ILMN_1658416	1430639
ILMN_2085903	4640753
ILMN_1815043	5080347
ILMN_1655765	3830671
ILMN_1660292	3890500
ILMN_1655377	730605
ILMN_1687359	2680754
ILMN_1802553	2680767
ILMN_1798826	7150162
ILMN_1676026	3310445
ILMN_2138435	5390681
ILMN_1711414	6110561
ILMN_1718424	6450647
ILMN_1726743	7200670
ILMN_1654552	630403
ILMN_1741264	5690328
ILMN_1772722	7380491
ILMN_2210482	6110307
ILMN_2189993	7380270
ILMN_1807095	3420079
ILMN_1760441	10343
ILMN_1723874	6400195
ILMN_1813389	1580129
ILMN_1813207	4830731
ILMN_2415949	1980138
ILMN_1680675	3390577
ILMN_2298958	6110471
ILMN_1701306	7200059
ILMN_1778677	6480440
ILMN_3238254	2030373
ILMN_1689800	130220
ILMN_1766157	2320750
ILMN_1798493	7000253
ILMN_2401714	1190519
ILMN_1697830	1940010
ILMN_1776939	3190521
ILMN_1794921	160066
ILMN_1731529	4730240
ILMN_2233689	3180086
ILMN_1799504	4610259
ILMN_1726189	840689
ILMN_2382500	5810170
ILMN_1721088	3170167
ILMN_1806721	2360470
ILMN_1751625	1580681
ILMN_2374904	3930445
ILMN_1695530	5050544
ILMN_1741712	4010750
ILMN_1711550	5490400
ILMN_2370336	5890193
ILMN_1752169	3850497
ILMN_1721035	520360
ILMN_2359800	1770152
ILMN_1797731	2260129
ILMN_1759933	6660204
ILMN_2331082	990328
ILMN_2331087	3840564
ILMN_1808249	580243
ILMN_1741404	7510377
ILMN_1809435	5490605
ILMN_2203453	610377
ILMN_1737413	6290605
ILMN_1719471	150465
ILMN_2077130	2760753
ILMN_1653146	2900754
ILMN_1651787	3120762
ILMN_2325394	3130326
ILMN_1780292	3930414
ILMN_1675708	4780131
ILMN_1810834	6330440
ILMN_1729051	870148
ILMN_1739601	7200725
ILMN_2302075	2320132
ILMN_1713088	3520370
ILMN_1804448	7040369
ILMN_3245973	430551
ILMN_3236373	3930307
ILMN_2171102	4290402
ILMN_1766859	6020717
ILMN_3226505	50537
ILMN_1788196	1770669
ILMN_3232573	3120561
ILMN_2387285	4540561
ILMN_1670723	4590446
ILMN_1713156	1740433
ILMN_1678526	3140594
ILMN_2353161	1230228
ILMN_3242830	160524
ILMN_1658207	1770189
ILMN_1790906	3190110
ILMN_2376313	4150598
ILMN_1699243	5900368
ILMN_2115135	3450243
ILMN_1659895	730332
ILMN_2373285	2570520
ILMN_1743301	4060132
ILMN_1694400	4570193
ILMN_2228180	6220722
ILMN_1657977	2710646
ILMN_2332553	3400458
ILMN_1676088	4290088
ILMN_1779333	7160471
ILMN_1707464	3710202
ILMN_1688154	7100685
ILMN_2328776	2450152
ILMN_1676159	3940286
ILMN_1780516	1690541
ILMN_1707337	290554
ILMN_3238837	6350692
ILMN_2099259	5310746
ILMN_1777397	1010333
ILMN_1766951	5960243
ILMN_1688723	5130132
ILMN_2197647	7050735
ILMN_1691156	6200402
ILMN_1733758	1990189
ILMN_2173611	2070288
ILMN_1718968	2140682
ILMN_1718766	4220672
ILMN_1715401	1170300
ILMN_2124802	130093
ILMN_1683923	1580561
ILMN_3245209	2070554
ILMN_1674183	3460349
ILMN_1747409	5910477
ILMN_1657435	1400634
ILMN_2171396	1580491
ILMN_1775170	6620528
ILMN_1686664	450615
ILMN_1675947	3060273
ILMN_1745345	3170523
ILMN_1671911	1690521
ILMN_1773763	2000204
ILMN_1768751	2710471
ILMN_1753639	2600291
ILMN_1660222	6040079
ILMN_1703006	3460181
ILMN_1785218	70689
ILMN_1814230	990615
ILMN_1810838	3850154
ILMN_2136089	2760537
ILMN_2099249	2260070
ILMN_2099256	2600731
ILMN_2044617	4610411
ILMN_1782504	5050037
ILMN_1689899	2760669
ILMN_1680150	1940408
ILMN_2388517	3360671
ILMN_1763828	2030209
ILMN_1733615	2760255
ILMN_2175831	1940020
ILMN_1672884	3940215
ILMN_1774028	6770348
ILMN_1775328	3420088
ILMN_1785324	1660270
ILMN_1772521	6290437
ILMN_1674706	1300706
ILMN_2293322	3310132
ILMN_2405521	6620689
ILMN_1652434	5310161
ILMN_1734830	3990477
ILMN_1772302	6560066
ILMN_1797046	50681
ILMN_1765520	2230403
ILMN_1791403	2320470
ILMN_1718271	6560181
ILMN_2389528	2360121
ILMN_1661778	7550719
ILMN_1757867	4610289
ILMN_1686985	2320537
ILMN_1741556	2760605
ILMN_1715110	6510152
ILMN_3251728	3120452
ILMN_1778734	4810433
ILMN_1811064	6900112
ILMN_1698246	1030255
ILMN_1769299	3890138
ILMN_1802831	6590685
ILMN_1659240	1260373
ILMN_2410262	2470068
ILMN_2297864	4220121
ILMN_2152178	6980377
ILMN_2351029	3190768
ILMN_1659952	4150739
ILMN_1739641	460039
ILMN_1676254	1030634
ILMN_1803925	1500136
ILMN_2380605	5720577
ILMN_1771019	2120068
ILMN_1717180	160026
ILMN_1787658	840608
ILMN_2160140	1050603
ILMN_1710652	3170008
ILMN_1652521	6960014
ILMN_1708845	6860056
ILMN_1811678	7000133
ILMN_1748147	2760671
ILMN_2380740	5130605
ILMN_2372040	50608
ILMN_1657898	6450184
ILMN_2355665	7400025
ILMN_3251555	6130379
ILMN_2180682	4210128
ILMN_1791478	5890630
ILMN_1670801	4670711
ILMN_2181992	6510475
ILMN_2175474	5550564
ILMN_1786684	6770717
ILMN_1702684	2360711
ILMN_2377977	3120373
ILMN_1718932	5340487
ILMN_1676980	1510121
ILMN_2073289	3170300
ILMN_3240173	2480086
ILMN_1774742	3520746
ILMN_1685044	1030193
ILMN_1776493	3370471
ILMN_2346727	3800017
ILMN_1780763	5220703
ILMN_1663648	7320520
ILMN_1700817	3450241
ILMN_1677347	6840543
ILMN_1753169	7000044
ILMN_1719403	380725
ILMN_1667222	2750551
ILMN_2306565	460072
ILMN_1794046	2480044
ILMN_1799466	4540615
ILMN_1679071	1430653
ILMN_1677314	520128
ILMN_2371911	7200601
ILMN_1756992	7650026
ILMN_1799020	1850315
ILMN_1660658	2470156
ILMN_1651568	6940270
ILMN_1793537	3850451
ILMN_2125346	2490070
ILMN_1724375	7050162
ILMN_3224820	3460398
ILMN_2205622	360544
ILMN_1653278	3400097
ILMN_3240456	4060181
ILMN_3302813	1820139
ILMN_3226211	7610487
ILMN_1682224	2070327
ILMN_1657074	3520047
ILMN_2321153	110471
ILMN_1748632	2450072
ILMN_1792039	4260450
ILMN_2246555	4900014
ILMN_1727314	5260746
ILMN_1748303	1300240
ILMN_1693983	4390026
ILMN_1657932	2490400
ILMN_1727875	2650292
ILMN_1680070	4200156
ILMN_1683416	7320026
ILMN_1798931	6450370
ILMN_1652784	4390762
ILMN_1810978	6980762
ILMN_3237641	2510600
ILMN_2204297	4670743
ILMN_1741331	6220221
ILMN_3235168	4120487
ILMN_1764764	6100630
ILMN_2124241	270176
ILMN_1744293	2760598
ILMN_1724805	3850328
ILMN_1654854	7570070
ILMN_1780937	2850497
ILMN_1791190	5220598
ILMN_1773814	3940368
ILMN_1785113	5890703
ILMN_2078074	7320020
ILMN_1776352	3190164
ILMN_1670544	4220392
ILMN_2336970	290026
ILMN_1714438	5670037
ILMN_2277537	7150341
ILMN_1657550	1440020
ILMN_1786310	6620768
ILMN_2344373	160291
ILMN_1803277	3360646
ILMN_1662358	1690066
ILMN_2231928	5490470
ILMN_2214678	670086
ILMN_1711904	2970121
ILMN_1756541	3710647
ILMN_1670570	830093
ILMN_1794074	2490463
ILMN_1793915	3390241
ILMN_1663497	6900754
ILMN_1803213	4490020
ILMN_1796126	1820181
ILMN_1743836	3990403
ILMN_1692077	5550500
ILMN_2068257	1740209
ILMN_1682778	2750703
ILMN_1675345	2640253
ILMN_2350574	2970594
ILMN_2308849	2970730
ILMN_1737513	4120743
ILMN_1711894	7380670
ILMN_1806757	6250072
ILMN_3241046	6110564
ILMN_1709020	1850343
ILMN_1752075	840017
ILMN_1708957	4230563
ILMN_1812615	5890762
ILMN_2330170	5910056
ILMN_1799743	5270100
ILMN_1781184	6940768
ILMN_1705297	6860465
ILMN_1731215	5340220
ILMN_1680618	6270646
ILMN_2110908	6550600
ILMN_1659620	4040296
ILMN_1811972	6650451
ILMN_1668649	4730520
ILMN_1754541	1340246
ILMN_1795270	3420762
ILMN_1803650	6770437
ILMN_2219767	430204
ILMN_1653761	3450682
ILMN_3226059	2850292
ILMN_1750225	1740187
ILMN_2160906	6290706
ILMN_1738523	4560576
ILMN_1710329	520608
ILMN_2198413	6100360
ILMN_1791171	3450768
ILMN_2144753	870707
ILMN_1796281	2480452
ILMN_1805802	2120615
ILMN_2157717	5720497
ILMN_2051113	110768
ILMN_1798923	6290484
ILMN_1815154	1770685
ILMN_2368834	3190156
ILMN_1660086	6280133
ILMN_1767090	5360750
ILMN_1804461	2750240
ILMN_2392370	5490255
ILMN_1797164	50494
ILMN_2233334	3290280
ILMN_2233339	4200768
ILMN_1692638	7610451
ILMN_1795119	1070541
ILMN_1729251	3990577
ILMN_1784515	1500349
ILMN_1669714	6900360
ILMN_1784427	4010132
ILMN_1754244	2650382
ILMN_2087702	1510458
ILMN_1722872	6620136
ILMN_1655894	1440368
ILMN_1805526	4730435
ILMN_1700860	5890274
ILMN_1675848	4730392
ILMN_1688417	1260463
ILMN_2113807	4290333
ILMN_1798992	3890603
ILMN_1684255	1510612
ILMN_1716062	2690446
ILMN_1746948	3460010
ILMN_2203588	6110577
ILMN_2326071	1110338
ILMN_1809013	6770309
ILMN_1713450	6840056
ILMN_1681857	2070630
ILMN_1776953	2480327
ILMN_1675062	5310437
ILMN_1694389	4730427
ILMN_1656111	4830424
ILMN_2364768	1300286
ILMN_1663427	3710762
ILMN_1691476	7160343
ILMN_2050183	4290168
ILMN_1718193	2490026
ILMN_3239568	130437
ILMN_1759962	6840092
ILMN_2098571	1500274
ILMN_1672287	3420634
ILMN_2232712	4670131
ILMN_1756734	6450521
ILMN_1651563	610343
ILMN_1801889	1710692
ILMN_1780560	270093
ILMN_2330806	1170730
ILMN_1704245	5860762
ILMN_2386040	2490324
ILMN_1750711	5910020
ILMN_1753286	6510338
ILMN_1704861	6550609
ILMN_1797585	1500669
ILMN_2093027	5720598
ILMN_2329165	380086
ILMN_2250820	2100500
ILMN_1812616	3710605
ILMN_1805999	1400474
ILMN_1754943	650379
ILMN_1681239	5810471
ILMN_1692295	3450195
ILMN_3246821	6020609
ILMN_1765772	2570639
ILMN_1727490	2340187
ILMN_2096970	2940450
ILMN_1698225	1570056
ILMN_2341548	1440014
ILMN_1747314	2140088
ILMN_1808789	1980246
ILMN_1727080	1430497
ILMN_1811719	6860736
ILMN_2329667	2230600
ILMN_2173919	1690288
ILMN_1672547	3360408
ILMN_2052335	1940037
ILMN_2052331	5390576
ILMN_1680273	150725
ILMN_1740048	5570307
ILMN_3302919	4670592
ILMN_1784365	4200224
ILMN_1685645	4040767
ILMN_1680344	160692
ILMN_1716733	4050717
ILMN_1719581	1740349
ILMN_1656395	1400392
ILMN_1731157	5290240
ILMN_2041725	620056
ILMN_1774350	6550189
ILMN_1758272	2490603
ILMN_2191803	2640343
ILMN_1704793	3140202
ILMN_1668125	4220370
ILMN_1763083	4390368
ILMN_1787154	4670682
ILMN_1657230	6330113
ILMN_1765819	290524
ILMN_1804679	4060041
ILMN_1798187	1770468
ILMN_2095840	3930195
ILMN_1698441	5820064
ILMN_1721167	1450468
ILMN_1685582	2190358
ILMN_2223034	3420050
ILMN_1749838	1030053
ILMN_1670816	4880452
ILMN_1706225	70743
ILMN_2201966	2680561
ILMN_1782273	2650408
ILMN_2222101	5810367
ILMN_1799487	620112
ILMN_2259467	6270491
ILMN_2344650	6550133
ILMN_3229189	2810132
ILMN_3234226	6040192
ILMN_3234089	7200097
ILMN_1678531	620010
ILMN_2315569	1230280
ILMN_1754988	2570707
ILMN_1730260	3450739
ILMN_1668605	620639
ILMN_2391512	5130176
ILMN_2285568	5690390
ILMN_1740024	5490753
ILMN_1770963	4120626
ILMN_1808795	990537
ILMN_1774617	6250040
ILMN_1721922	6250440
ILMN_2167617	3610064
ILMN_2167616	6180066
ILMN_2158548	5490121
ILMN_3228470	2070139
ILMN_3305973	6450246
ILMN_2145250	3830136
ILMN_1658231	5420192
ILMN_3244960	6480722
ILMN_1809522	630706
ILMN_3242377	4220739
ILMN_1758963	6980753
ILMN_1779034	3370575
ILMN_1756308	3450671
ILMN_1689665	4010243
ILMN_2415439	6510619
ILMN_1679891	2490615
ILMN_1775627	1230475
ILMN_2090949	2230037
ILMN_1784651	2070523
ILMN_1716547	3450326
ILMN_1694980	540519
ILMN_1675266	6400630
ILMN_1758597	1690632
ILMN_3245620	3850594
ILMN_1684378	840543
ILMN_2345812	3060288
ILMN_1760189	5340240
ILMN_2260082	5390427
ILMN_1736317	6290689
ILMN_1814652	2230647
ILMN_1653871	2230379
ILMN_1753111	3060523
ILMN_1659013	5890170
ILMN_3307710	6280328
ILMN_2377829	2100367
ILMN_1752009	3180307
ILMN_1716469	6350079
ILMN_1694414	3190128
ILMN_1804007	6220373
ILMN_1667132	4040437
ILMN_2064132	6980097
ILMN_1815874	1510390
ILMN_1699208	3460167
ILMN_1705876	6590484
ILMN_2408815	7610682
ILMN_2046683	1400360
ILMN_1703684	5700382
ILMN_1785406	5270431
ILMN_1804327	70181
ILMN_1773307	6860400
ILMN_3221888	3140379
ILMN_3298418	3850079
ILMN_1713285	1580373
ILMN_2181125	2600491
ILMN_2118229	2120603
ILMN_1762033	4260403
ILMN_1788268	1430114
ILMN_1710752	3360131
ILMN_1784040	2100296
ILMN_1723043	2570176
ILMN_2109416	3290259
ILMN_2334693	2360491
ILMN_1813833	2970475
ILMN_1669142	3140524
ILMN_1801109	2140706
ILMN_1733523	3780279
ILMN_1685446	7150091
ILMN_2346460	1660687
ILMN_1718830	2480731
ILMN_1666610	6590576
ILMN_1732216	5220653
ILMN_1797332	5860592
ILMN_1764778	380368
ILMN_2348975	4260682
ILMN_1743055	1340056
ILMN_1708402	2350095
ILMN_1688071	6290452
ILMN_1705594	1170554
ILMN_2178244	1090187
ILMN_2128087	2230059
ILMN_2180606	6620368
ILMN_1784113	60537
ILMN_1813423	4590451
ILMN_1670903	620626
ILMN_1689097	1570414
ILMN_1692169	4390692
ILMN_2354140	6380082
ILMN_1765001	5910039
ILMN_1815480	5290544
ILMN_1691264	6560398
ILMN_3237830	1440053
ILMN_1776088	460129
ILMN_1703374	940685
ILMN_2399304	290239
ILMN_1801943	2570674
ILMN_3307221	3940095
ILMN_2399300	4230195
ILMN_1714600	360270
ILMN_1686392	2030474
ILMN_2048647	430070
ILMN_1705346	6450592
ILMN_1707968	870682
ILMN_1660629	4200743
ILMN_1789599	5090156
ILMN_2405009	7100010
ILMN_3241944	4780494
ILMN_1734833	3610343
ILMN_2358041	6110753
ILMN_1717016	6480706
ILMN_1796087	2000168
ILMN_2410421	2640519
ILMN_1693477	2940392
ILMN_2295987	6480561
ILMN_1715242	7380161
ILMN_2155719	1510681
ILMN_1759760	2600292
ILMN_1689012	3460671
ILMN_1730957	4050152
ILMN_1652991	4730528
ILMN_1779235	6770301
ILMN_3251361	4860538
ILMN_1662845	6220561
ILMN_1815777	4220075
ILMN_1698067	360482
ILMN_2204664	4860431
ILMN_1673883	1940768
ILMN_1675427	3710138
ILMN_2147133	5130494
ILMN_3242753	7040639
ILMN_1800414	3440040
ILMN_2115490	5310044
ILMN_3241634	4760719
ILMN_2265995	780626
ILMN_1782006	1690594
ILMN_1707244	2710376
ILMN_1771898	3370333
ILMN_1680348	5080431
ILMN_1809971	5860646
ILMN_1678208	3420102
ILMN_3238040	2350390
ILMN_3251351	4590037
ILMN_2320641	5870360
ILMN_3230608	450100
ILMN_3221156	2640681
ILMN_1794623	610544
ILMN_1721112	2360133
ILMN_1794015	3190554
ILMN_1712903	6900500
ILMN_1735333	4390347
ILMN_1672538	5860139
ILMN_1805266	7320427
ILMN_1666169	5900204
ILMN_1788538	60093
ILMN_2343097	520553
ILMN_2266184	6860521
ILMN_2398184	770731
ILMN_1702305	1010767
ILMN_1791588	3170397
ILMN_1676289	4040725
ILMN_1749962	5080292
ILMN_1683211	540326
ILMN_1775008	2680497
ILMN_1683441	1570551
ILMN_1751444	1450280
ILMN_2066756	1940632
ILMN_1657600	3180411
ILMN_1715908	2000661
ILMN_1712375	4120360
ILMN_1736005	6370242
ILMN_1777528	2600612
ILMN_1720442	1820025
ILMN_2297161	2810338
ILMN_2412564	5910189
ILMN_1713397	3840148
ILMN_3248032	4150093
ILMN_2359500	160390
ILMN_1704354	3120392
ILMN_1687316	5310458
ILMN_1697309	3940438
ILMN_2106725	830750
ILMN_2112988	3180681
ILMN_1796642	70008
ILMN_1785005	1940041
ILMN_1757361	6180168
ILMN_2335704	6480692
ILMN_1698001	3800544
ILMN_2356632	130075
ILMN_1724718	4230021
ILMN_2409451	3930615
ILMN_2322552	5960274
ILMN_1674250	7650538
ILMN_2334385	1340273
ILMN_2253822	5130349
ILMN_1809490	7400270
ILMN_2382271	5360703
ILMN_1736623	7320468
ILMN_2121437	2600035
ILMN_1695422	3120458
ILMN_3237632	4290687
ILMN_1669033	160411
ILMN_1785785	2190390
ILMN_2335198	2600086
ILMN_1769040	4890164
ILMN_2347693	1450669
ILMN_1708805	2760390
ILMN_1773906	1300671
ILMN_1770035	2690292
ILMN_1695797	3360086
ILMN_1651506	2100279
ILMN_1687768	630091
ILMN_2186369	270646
ILMN_1698419	4180204
ILMN_2340052	5490376
ILMN_2256868	7510189
ILMN_1750761	5080288
ILMN_1761364	2140411
ILMN_2044471	3800019
ILMN_3248428	460279
ILMN_3249356	4180025
ILMN_3226324	2810019
ILMN_3304405	4610022
ILMN_3247848	2350156
ILMN_3246515	1440431
ILMN_3246830	360497
ILMN_3249172	2360468
ILMN_3235335	380671
ILMN_3242091	430609
ILMN_3239236	6480343
ILMN_3242530	2510176
ILMN_3243673	2570484
ILMN_3240676	6760239
ILMN_3248193	4290719
ILMN_3237598	6370725
ILMN_3237300	4850601
ILMN_3239856	7160730
ILMN_3220934	1470707
ILMN_3230572	4760215
ILMN_3230508	5490017
ILMN_1779536	1300142
ILMN_3240428	10113
ILMN_3244775	6510039
ILMN_3247237	2630348
ILMN_3244329	5960333
ILMN_3230631	3610110
ILMN_3297789	5670215
ILMN_3243783	7510240
ILMN_3244888	7550711
ILMN_1712854	6520546
ILMN_3311165	3870528
ILMN_3311190	4290497
ILMN_3234888	5570010
ILMN_3243274	2810619
ILMN_3244583	4070376
ILMN_1735180	7210719
ILMN_1664511	1050470
ILMN_1739805	130347
ILMN_1705064	6420286
ILMN_2397199	6770639
ILMN_1751452	60553
ILMN_1677396	1030364
ILMN_1692058	60184
ILMN_1738622	540762
ILMN_1694344	3290500
ILMN_1794803	2320598
ILMN_1809931	1230070
ILMN_1670535	380228
ILMN_2361603	4210411
ILMN_1738229	6660400
ILMN_2385097	7200762
ILMN_2379063	50731
ILMN_1754105	1440253
ILMN_1690283	2100433
ILMN_2305225	7330739
ILMN_1807283	2470215
ILMN_2206344	110561
ILMN_1801769	670537
ILMN_2214117	5220170
ILMN_1784286	4590521
ILMN_2225698	510725
ILMN_1791119	6040291
ILMN_2175712	2140369
ILMN_1737738	5090050
ILMN_1767139	2320367
ILMN_3243890	6840189
ILMN_1784641	50240
ILMN_1751258	4180441
ILMN_1756573	4060438
ILMN_1759973	1030392
ILMN_3238269	6580132
ILMN_1675239	620615
ILMN_1759729	4560367
ILMN_1760741	4810224
ILMN_2179018	4860563
ILMN_1754421	6180598
ILMN_1682857	5720398
ILMN_1702120	20075
ILMN_2275560	1300025
ILMN_2354515	4570091
ILMN_1724367	5090037
ILMN_1811754	1820482
ILMN_1749709	5550377
ILMN_2117330	4150687
ILMN_2119937	520671
ILMN_2119945	1770102
ILMN_2081863	1340048
ILMN_1770589	6660451
ILMN_1807397	830762
ILMN_1763147	1010768
ILMN_2369924	6450050
ILMN_1813604	6290296
ILMN_1661170	1570131
ILMN_3243859	6660193
ILMN_1733603	1110575
ILMN_1694274	6590491
ILMN_1728810	5080687
ILMN_1789342	430717
ILMN_1756355	1710168
ILMN_1812312	580369
ILMN_1776104	6980398
ILMN_1794303	2190482
ILMN_1669966	70441
ILMN_1794132	1070538
ILMN_1786718	780487
ILMN_2086417	4050681
ILMN_2387731	3610332
ILMN_1765500	4050192
ILMN_1682831	4760040
ILMN_1808824	380561
ILMN_1675927	3870114
ILMN_1777251	5910193
ILMN_1695941	630092
ILMN_1663437	2690181
ILMN_1749738	50521
ILMN_1726359	2640114
ILMN_1749011	6100050
ILMN_2206151	130168
ILMN_1743208	1690735
ILMN_1807881	520138
ILMN_1751407	3120470
ILMN_1703140	5560576
ILMN_1733627	1570273
ILMN_2058070	4120307
ILMN_1785711	7000722
ILMN_1758719	1010328
ILMN_1743619	2100129
ILMN_2261076	6180048
ILMN_1726164	7400521
ILMN_1705153	1190719
ILMN_1659086	3140139
ILMN_2215989	1660767
ILMN_1697804	2810347
ILMN_1812622	4670709
ILMN_1715680	3180019
ILMN_1757697	1980039
ILMN_2114747	6900379
ILMN_2162234	4760674
ILMN_1800445	240047
ILMN_2295330	2850288
ILMN_1737681	4230711
ILMN_3307958	5360465
ILMN_1788149	3140168
ILMN_2365223	4010022
ILMN_1813645	6480427
ILMN_1653822	1570309
ILMN_2051373	4610669
ILMN_2238795	110370
ILMN_1695020	1190504
ILMN_2253145	3360520
ILMN_1721129	6370079
ILMN_2068093	5220228
ILMN_1660871	5860463
ILMN_1758548	6580364
ILMN_1755138	1090286
ILMN_1698386	4860609
ILMN_1665095	3140193
ILMN_1745817	1990731
ILMN_1725417	7550358
ILMN_2142554	3120139
ILMN_1696702	4260053
ILMN_1738147	670278
ILMN_1758311	1430735
ILMN_2267535	2970379
ILMN_2359345	6110279
ILMN_1684081	1010086
ILMN_2357086	3390341
ILMN_1783168	5690689
ILMN_2249578	5960195
ILMN_1760849	1580161
ILMN_1763144	4200692
ILMN_1752557	3930632
ILMN_1740524	5910192
ILMN_2219683	780224
ILMN_1672081	110458
ILMN_3245983	4610403
ILMN_1777113	7040170
ILMN_2407811	1990292
ILMN_1669425	2970291
ILMN_1908654	1980722
ILMN_1702217	7160451
ILMN_1677608	6380470
ILMN_1722559	4730278
ILMN_1791030	5260450
ILMN_1690993	7610746
ILMN_1765244	4180274
ILMN_1783276	2750187
ILMN_1726387	6940682
ILMN_1671267	1090605
ILMN_2412244	5130040
ILMN_1747580	5820168
ILMN_1676721	7200259
ILMN_1791925	2710553
ILMN_1715713	1470112
ILMN_1657009	2640647
ILMN_1809002	3780672
ILMN_1657199	4040128
ILMN_1780291	2650093
ILMN_1797594	3120136
ILMN_1655218	3930431
ILMN_1707051	940725
ILMN_2384188	3800253
ILMN_1769997	5270524
ILMN_1729663	5700026
ILMN_1675461	1740689
ILMN_1661083	7150553
ILMN_2278518	360082
ILMN_1725441	1440554
ILMN_1708510	2850189
ILMN_2278512	4670129
ILMN_1811602	6020220
ILMN_1802331	6380136
ILMN_2379080	6520201
ILMN_2360028	10474
ILMN_1677633	50747
ILMN_1800976	2260255
ILMN_1685810	3140386
ILMN_1755983	6510647
ILMN_1796018	3120521
ILMN_1711786	510468
ILMN_1739450	4210176
ILMN_1790909	2450064
ILMN_2049766	5820035
ILMN_1781810	6940452
ILMN_1758049	2320047
ILMN_1778991	5960133
ILMN_1675130	1850259
ILMN_2329263	3710097
ILMN_1814402	3800228
ILMN_1654942	5890768
ILMN_1707312	5420564
ILMN_1694325	5720129
ILMN_1714965	7400626
ILMN_1799062	1710504
ILMN_2390859	3310615
ILMN_2247868	3830239
ILMN_1773154	4280113
ILMN_1690473	2360537
ILMN_1712754	3180014
ILMN_1674152	7560414
ILMN_1763560	3120500
ILMN_1717313	540139
ILMN_2046344	7000215
ILMN_1781383	3060274
ILMN_1770260	50465
ILMN_1719695	2470348
ILMN_1718990	60408
ILMN_1703079	70369
ILMN_1761314	4280437
ILMN_1806931	4850603
ILMN_2406468	6380291
ILMN_1744959	2480494
ILMN_1698402	3390731
ILMN_1795025	3400279
ILMN_1804610	4060494
ILMN_1682197	1230731
ILMN_1690325	3870056
ILMN_1713726	6180072
ILMN_1668726	6100435
ILMN_1810488	3290475
ILMN_1800332	4540138
ILMN_2295879	940048
ILMN_1690049	2070730
ILMN_2324998	5910138
ILMN_1809613	1170450
ILMN_1716608	4230369
ILMN_1752658	6980021
ILMN_1770537	1440133
ILMN_1729208	5260349
ILMN_2370091	6860220
ILMN_1728779	3780670
ILMN_1691506	4260019
ILMN_1660345	5340768
ILMN_1673417	150553
ILMN_1724931	3610731
ILMN_1662768	240477
ILMN_1654766	2760528
ILMN_1696214	1740477
ILMN_1805457	6200377
ILMN_1787013	1230301
ILMN_2208777	1430446
ILMN_1796746	620220
ILMN_1698715	4480674
ILMN_1698365	2450753
ILMN_2393046	6510598
ILMN_1684312	630553
ILMN_3231390	130673
ILMN_1718672	2760673
ILMN_3226807	4570136
ILMN_2365544	6550291
ILMN_1763460	2230491
ILMN_1709809	2360445
ILMN_1697614	4230243
ILMN_1715864	2970020
ILMN_1713412	3450184
ILMN_1676102	4810564
ILMN_1801938	6270484
ILMN_1815644	3990438
ILMN_1748694	4590070
ILMN_1807211	3390722
ILMN_1674719	4780239
ILMN_1698706	1580709
ILMN_1777066	3420139
ILMN_2347541	1430376
ILMN_1750864	1740114
ILMN_1726392	2190196
ILMN_2256106	2190632
ILMN_1724753	5310717
ILMN_1815086	7380706
ILMN_1731745	6860278
ILMN_1789094	5130703
ILMN_2096604	7160575
ILMN_1704305	6280482
ILMN_1689274	1190288
ILMN_1685742	2510646
ILMN_1720344	4670020
ILMN_1811593	160703
ILMN_1774373	1570228
ILMN_2145708	2650609
ILMN_1713638	730484
ILMN_1691534	2710360
ILMN_1786377	770594
ILMN_1690136	2360112
ILMN_2264625	4150494
ILMN_1805916	5490131
ILMN_1700159	2490100
ILMN_2167709	3400255
ILMN_1786308	430289
ILMN_1735827	5960678
ILMN_1698330	1740280
ILMN_2200503	3830273
ILMN_1739374	4900743
ILMN_3249603	650632
ILMN_1723674	2640204
ILMN_1813639	7550603
ILMN_1675359	360202
ILMN_2067980	6110730
ILMN_2153581	610653
ILMN_1797408	4010403
ILMN_1692674	5570025
ILMN_1731206	7210647
ILMN_1682993	2450427
ILMN_1664216	4150630
ILMN_1699778	1410445
ILMN_1677481	1980427
ILMN_1653404	6980164
ILMN_2110338	630504
ILMN_1656933	4860278
ILMN_1707534	7550441
ILMN_2330994	2060400
ILMN_1721621	3170689
ILMN_1694477	20575
ILMN_1739416	3360435
ILMN_1688957	7150441
ILMN_1742725	2260592
ILMN_2394841	940242
ILMN_1728117	4060497
ILMN_1692280	7610441
ILMN_1796089	5360246
ILMN_1800058	7150348
ILMN_1766678	7320600
ILMN_1755547	2260040
ILMN_1667162	1110632
ILMN_1756254	5890035
ILMN_1786989	4880446
ILMN_2159339	6510086
ILMN_2404454	130671
ILMN_1724304	6510253
ILMN_1748751	5860093
ILMN_1752065	7100477
ILMN_1739521	1660037
ILMN_1764158	4830477
ILMN_1759700	3520039
ILMN_1728011	1050390
ILMN_2345119	7050110
ILMN_2259730	7160546
ILMN_2341067	7560139
ILMN_2210199	3450100
ILMN_1772814	6200242
ILMN_1742089	430209
ILMN_3234784	3990050
ILMN_1796976	1050020
ILMN_1716704	6100408
ILMN_1810045	2490669
ILMN_2313079	3800136
ILMN_1656992	3890706
ILMN_1790843	3780301
ILMN_1739815	430682
ILMN_1716105	520470
ILMN_1758735	7650008
ILMN_1739386	4760739
ILMN_1782651	2690364
ILMN_1664878	1510170
ILMN_2310896	1010035
ILMN_1712026	3420154
ILMN_1696933	4540390
ILMN_1746820	2630152
ILMN_3249687	6200079
ILMN_1702970	7150020
ILMN_1658632	4760041
ILMN_1652366	5670129
ILMN_1798063	6180600
ILMN_2075794	6770326
ILMN_1755027	7210494
ILMN_1698897	1710463
ILMN_1723768	430333
ILMN_1698752	6280022
ILMN_2347592	5670594
ILMN_1735704	270661
ILMN_2232430	4010048
ILMN_1727348	5360204
ILMN_1741133	1820504
ILMN_1713875	3060440
ILMN_2414399	7560673
ILMN_1693430	1510609
ILMN_1662905	2760358
ILMN_1694012	1050446
ILMN_2234873	3940736
ILMN_2414007	4590138
ILMN_1657884	5900397
ILMN_2111065	2030296
ILMN_1669456	6450424
ILMN_1800634	2320079
ILMN_1784783	5290463
ILMN_2229032	1850446
ILMN_1768279	3890240
ILMN_2369286	2900167
ILMN_1716583	6590296
ILMN_1739541	4050554
ILMN_1692413	1090129
ILMN_1803818	770070
ILMN_1707881	4830630
ILMN_1742968	5130220
ILMN_1665123	1980129
ILMN_2153485	6200382
ILMN_1709814	540524
ILMN_1679967	630343
ILMN_1762678	6280037
ILMN_1656378	3930382
ILMN_2062620	5860066
ILMN_2162253	7050220
ILMN_1729287	1400348
ILMN_1675009	3140131
ILMN_1707734	2810048
ILMN_1691413	4010709
ILMN_1715508	2940746
ILMN_2254994	1400296
ILMN_1806634	2060450
ILMN_1759396	4670088
ILMN_2336647	6020575
ILMN_1689110	1430544
ILMN_1748607	1070441
ILMN_2288219	2490253
ILMN_1792820	7570356
ILMN_2187727	7560201
ILMN_1703013	630253
ILMN_1733107	4570142
ILMN_1806068	4670307
ILMN_1717805	5270292
ILMN_2114422	7610390
ILMN_1762594	940220
ILMN_1740576	4780706
ILMN_1712537	630537
ILMN_1652287	6770603
ILMN_1775011	6760653
ILMN_1688971	2630161
ILMN_2151368	2060064
ILMN_2059797	70463
ILMN_1813925	430202
ILMN_2087629	4540736
ILMN_1756052	7510041
ILMN_2320250	3180706
ILMN_1665442	3370382
ILMN_1803853	1820470
ILMN_2062370	2120017
ILMN_1689747	4120722
ILMN_1761181	6220196
ILMN_1749752	4120465
ILMN_2184640	5960132
ILMN_1778316	3890047
ILMN_2110986	6900341
ILMN_1702114	1430450
ILMN_2126957	2650040
ILMN_1678730	3310056
ILMN_2399694	2340711
ILMN_1799856	7210017
ILMN_1663145	6370181
ILMN_2052790	4560056
ILMN_1740976	5560445
ILMN_3240247	6650703
ILMN_1815479	6940204
ILMN_3236358	2760377
ILMN_1750052	5560121
ILMN_3247723	4780561
ILMN_1723158	540221
ILMN_3226904	1010630
ILMN_1666960	4150224
ILMN_2328433	6960538
ILMN_1787628	5550220
ILMN_1705407	5560465
ILMN_2044832	5910154
ILMN_1748476	2190189
ILMN_1803030	2640044
ILMN_1710315	6420577
ILMN_3249361	2640202
ILMN_1747882	2570148
ILMN_2322831	4760324
ILMN_1748765	5690451
ILMN_1775224	2480195
ILMN_1759436	6180408
ILMN_1670099	7210113
ILMN_1729161	5080167
ILMN_1777758	360474
ILMN_1777845	1190176
ILMN_2405297	7210128
ILMN_1747730	150075
ILMN_1656254	520092
ILMN_1685445	1030356
ILMN_1658926	2340692
ILMN_1711157	7160390
ILMN_1656495	2710338
ILMN_1744455	3940709
ILMN_2166275	4860717
ILMN_1787186	4290037
ILMN_1721968	2630717
ILMN_1811363	3780402
ILMN_1788388	2370685
ILMN_1778077	1770315
ILMN_2319664	4180743
ILMN_1765355	4730092
ILMN_1738277	730246
ILMN_1735996	5900152
ILMN_3251346	7650161
ILMN_1775298	780142
ILMN_1799589	630181
ILMN_1708337	20338
ILMN_2363450	580270
ILMN_1693388	4230047
ILMN_2172174	6840075
ILMN_1703153	7100424
ILMN_1684210	5090739
ILMN_1747067	2900373
ILMN_1765558	6110167
ILMN_1808326	3870121
ILMN_1671398	5340386
ILMN_1752550	7320239
ILMN_1726459	2480102
ILMN_2120965	2940754
ILMN_1658758	2000136
ILMN_1752681	4210452
ILMN_1769358	2640465
ILMN_1713505	7570358
ILMN_1787556	1170670
ILMN_1716678	540075
ILMN_1780774	7150142
ILMN_2199313	1850554
ILMN_1724194	4670021
ILMN_2116127	670332
ILMN_1723815	5910161
ILMN_1680435	6480241
ILMN_1682503	3370338
ILMN_1783336	5390136
ILMN_2307851	450594
ILMN_1751493	3130392
ILMN_1739690	4260128
ILMN_1730796	160661
ILMN_1764127	3140372
ILMN_1784478	5220110
ILMN_2252300	6660500
ILMN_1730539	1820746
ILMN_1808417	4070048
ILMN_2219512	6280019
ILMN_1681116	2140543
ILMN_1748378	620593
ILMN_2208802	1070070
ILMN_1676986	7320170
ILMN_1782070	110653
ILMN_2149494	540243
ILMN_1807600	1470154
ILMN_2379762	6020192
ILMN_1775736	6760615
ILMN_2110252	1050619
ILMN_1735762	5910398
ILMN_1750386	6270739
ILMN_1763382	4290040
ILMN_1675343	5550450
ILMN_1779897	990433
ILMN_1681994	2190731
ILMN_1808898	2810372
ILMN_1665033	2120048
ILMN_3245281	4900546
ILMN_1654534	3190743
ILMN_1704206	4480458
ILMN_1720468	6510678
ILMN_1792997	430307
ILMN_1753975	430561
ILMN_2336982	830553
ILMN_1763750	780017
ILMN_1653879	5870670
ILMN_1814221	6100468
ILMN_1670660	6450463
ILMN_1685608	6420050
ILMN_1684143	3060446
ILMN_1717462	450544
ILMN_3246678	270563
ILMN_1731062	4880138
ILMN_1667947	4200561
ILMN_1660360	5870722
ILMN_2047914	160154
ILMN_1718198	6180669
ILMN_2065273	780246
ILMN_2354953	780452
ILMN_1720282	5360347
ILMN_1712918	2710682
ILMN_1800160	940731
ILMN_2220978	5220253
ILMN_1708249	2470369
ILMN_1676844	1740600
ILMN_1698668	2640707
ILMN_1678032	6180064
ILMN_1814022	3710450
ILMN_1708391	2000370
ILMN_2240109	940093
ILMN_2323338	2650113
ILMN_1806561	3870068
ILMN_1684106	130041
ILMN_2330697	5220730
ILMN_1728983	270544
ILMN_1734867	1470521
ILMN_2326675	2650554
ILMN_1774382	4180725
ILMN_3251303	20301
ILMN_1724479	7150382
ILMN_2135798	3060563
ILMN_2094294	1340376
ILMN_1738580	4260446
ILMN_1667906	3840630
ILMN_1791916	6370424
ILMN_1751882	6590379
ILMN_1786197	7150768
ILMN_1745785	6020458
ILMN_2094360	7380202
ILMN_1672080	1010692
ILMN_2389347	1740528
ILMN_1812384	6560402
ILMN_1668525	7560148
ILMN_2210934	1010672
ILMN_1661777	7050008
ILMN_1661178	50343
ILMN_2408566	3890102
ILMN_2410145	5260204
ILMN_2339955	650639
ILMN_1782305	6400364
ILMN_2382687	840348
ILMN_1807298	1940400
ILMN_1658163	3170433
ILMN_1781812	6200026
ILMN_1774586	6270398
ILMN_1815320	70142
ILMN_1688932	3140575
ILMN_1811303	4120408
ILMN_2366654	7330639
ILMN_2352881	510735
ILMN_1686832	4150392
ILMN_2312587	110646
ILMN_1711027	6650301
ILMN_1692733	2940386
ILMN_1697666	3830201
ILMN_1775759	6020280
ILMN_3237385	5290592
ILMN_1670096	430239
ILMN_1733248	4490142
ILMN_2411236	2750092
ILMN_1722809	6980301
ILMN_1800897	3290315
ILMN_2249551	2510189
ILMN_1656017	3360376
ILMN_2326578	4570646
ILMN_1731788	240093
ILMN_1657607	540360
ILMN_1737252	1940128
ILMN_1811954	2760372
ILMN_2298888	5900767
ILMN_2337880	1260452
ILMN_1742151	1850706
ILMN_1774945	1850291
ILMN_1804662	5890121
ILMN_1705686	6290747
ILMN_1718629	7510408
ILMN_1664607	3420255
ILMN_1759563	2630044
ILMN_1687392	3130471
ILMN_1740383	6580021
ILMN_1670809	5670059
ILMN_2150112	3130300
ILMN_1711359	60072
ILMN_1742547	4200435
ILMN_1699574	5720424
ILMN_1787190	110056
ILMN_2274306	1410402
ILMN_2376484	2650021
ILMN_1653762	6420113
ILMN_1770911	1940368
ILMN_1665319	5310468
ILMN_1673152	1980221
ILMN_1711504	3940278
ILMN_1781398	4150259
ILMN_1763047	450563
ILMN_1738684	3360678
ILMN_2338722	730494
ILMN_1700657	730692
ILMN_1658715	6620647
ILMN_3305980	6770228
ILMN_1694259	4390546
ILMN_1749799	3400315
ILMN_2105361	6380634
ILMN_1686136	110136
ILMN_1707175	7210661
ILMN_1692163	4260392
ILMN_1752606	290670
ILMN_1680687	1410484
ILMN_2251784	3420398
ILMN_2330845	4040279
ILMN_1680353	5260138
ILMN_1657624	5900441
ILMN_2366719	7320328
ILMN_2276820	1170746
ILMN_1830362	2260634
ILMN_2376160	4640370
ILMN_1844862	5490112
ILMN_1739210	6980747
ILMN_1716596	6770376
ILMN_1697962	2940020
ILMN_1693210	2480719
ILMN_1679134	6510025
ILMN_1680129	3450093
ILMN_1676280	6290086
ILMN_1716004	3120653
ILMN_1751958	450445
ILMN_2294878	4730132
ILMN_2408400	5340458
ILMN_1722450	60544
ILMN_2352448	4070367
ILMN_1718449	580181
ILMN_1688070	2970167
ILMN_1681899	4670427
ILMN_1664646	6220372
ILMN_2205882	2360563
ILMN_1767960	5870431
ILMN_1806432	6220070
ILMN_1815796	1570239
ILMN_1749827	2480020
ILMN_1756623	6980189
ILMN_1682165	1010253
ILMN_2352121	3940520
ILMN_1769734	7000398
ILMN_1750511	3400408
ILMN_2058347	290646
ILMN_1680673	6960129
ILMN_1708743	6840301
ILMN_1774281	3370433
ILMN_1756049	6330348
ILMN_3301622	2630300
ILMN_3226418	6130095
ILMN_1697220	5960398
ILMN_1675617	5050138
ILMN_1815552	5960477
ILMN_1765499	6420093
ILMN_1809364	2940441
ILMN_3237085	2570189
ILMN_1737208	7050707
ILMN_2227968	2070184
ILMN_1798379	770202
ILMN_2351466	1440376
ILMN_2263086	2340438
ILMN_1873621	150494
ILMN_1692927	2680221
ILMN_1656040	1510735
ILMN_3241653	3290538
ILMN_1757019	430603
ILMN_2113490	3190021
ILMN_3248035	1580270
ILMN_1767343	6980228
ILMN_1727778	4390333
ILMN_2189371	6940053
ILMN_1806448	150647
ILMN_1770307	730296
ILMN_1731777	4230709
ILMN_2326075	7050113
ILMN_2357855	430102
ILMN_1702822	620349
ILMN_1714067	3870246
ILMN_1734893	3850402
ILMN_1687967	6660136
ILMN_1764690	4220326
ILMN_2189366	6270296
ILMN_1778831	2750706
ILMN_1716724	150079
ILMN_1685719	1190095
ILMN_1761280	3130121
ILMN_1689318	1690156
ILMN_2079786	7210497
ILMN_1789793	380202
ILMN_2094952	840356
ILMN_2150661	1050184
ILMN_1665291	6200672
ILMN_1689342	4220026
ILMN_1657237	6960730
ILMN_2048811	1580725
ILMN_1722634	6520026
ILMN_1655913	60427
ILMN_1680692	4390564
ILMN_3251404	4880445
ILMN_2097546	6110477
ILMN_1678745	3360139
ILMN_1751589	610376
ILMN_2048822	670195
ILMN_1796900	4290273
ILMN_1654068	270259
ILMN_2330243	650347
ILMN_2111294	3180356
ILMN_1653274	6980014
ILMN_1717765	1990386
ILMN_2189668	7560100
ILMN_1745988	2030050
ILMN_1680420	2970687
ILMN_1669788	110092
ILMN_2172202	3450370
ILMN_1751403	3940136
ILMN_1781996	6620402
ILMN_1735415	2850180
ILMN_3239937	870647
ILMN_1787408	610369
ILMN_1787885	3170451
ILMN_1790282	6900719
ILMN_2349444	2510324
ILMN_1778347	2750035
ILMN_2133146	610736
ILMN_1798886	3170446
ILMN_1743582	1660674
ILMN_1724907	3850167
ILMN_1706378	4290255
ILMN_2353997	6960270
ILMN_2049228	2340152
ILMN_1794976	4210521
ILMN_3251356	5700240
ILMN_1711314	1470242
ILMN_1780659	3360743
ILMN_2366972	3710088
ILMN_1694311	5560056
ILMN_1665192	7150039
ILMN_3226181	4120768
ILMN_2175659	1430382
ILMN_2401761	270341
ILMN_1680239	5220132
ILMN_1729580	7650397
ILMN_2094351	7380747
ILMN_1658695	2000458
ILMN_2406724	6590458
ILMN_2166686	3130719
ILMN_1813800	3850521
ILMN_1765829	4890133
ILMN_2102693	5690113
ILMN_2160005	3890673
ILMN_1757085	4120338
ILMN_1705114	110445
ILMN_2331266	4230403
ILMN_1651538	4200121
ILMN_1815924	3990131
ILMN_1751338	1450369
ILMN_1705907	3840131
ILMN_1761772	5050452
ILMN_1768293	6060685
ILMN_1652989	5050670
ILMN_1715416	7550348
ILMN_1673962	1450524
ILMN_1784467	2320215
ILMN_1836217	830270
ILMN_1741055	5820131
ILMN_1666049	4850164
ILMN_1815723	2100452
ILMN_1701374	4850521
ILMN_1771903	3890544
ILMN_1762674	70593
ILMN_1661432	6580612
ILMN_1725612	1990674
ILMN_1657406	3990356
ILMN_1708132	5890291
ILMN_2061405	4810358
ILMN_1771835	6940201
ILMN_2323491	2510279
ILMN_1738681	4200068
ILMN_1756550	7100541
ILMN_1669635	1430402
ILMN_1734826	3800678
ILMN_2196569	5310068
ILMN_2326793	630162
ILMN_1732776	3440528
ILMN_1684074	4480767
ILMN_1685343	2260121
ILMN_1746317	4250066
ILMN_2378316	5290537
ILMN_2115154	1580735
ILMN_1789616	5340209
ILMN_2404688	4040181
ILMN_2089902	6860673
ILMN_1726720	1500553
ILMN_2409298	6350053
ILMN_1655046	3140563
ILMN_1740957	1710768
ILMN_1712636	2900551
ILMN_1721540	6280592
ILMN_2358652	4850497
ILMN_1705783	5490356
ILMN_2253537	670653
ILMN_2333829	4860333
ILMN_1718236	5290066
ILMN_1731280	7400592
ILMN_1674343	2350440
ILMN_1790043	4920687
ILMN_1754260	6590673
ILMN_1687265	1710593
ILMN_1791226	2140431
ILMN_1742917	2480180
ILMN_2130721	1690762
ILMN_1797660	2690309
ILMN_1764271	6840082
ILMN_1677624	840377
ILMN_1714000	110154
ILMN_1741214	1510382
ILMN_2237211	4540458
ILMN_1695893	5390605
ILMN_1696333	5720402
ILMN_1760280	4780398
ILMN_1785107	5270307
ILMN_3236858	6590735
ILMN_1745669	5670376
ILMN_1782274	4280259
ILMN_1668345	4200025
ILMN_1672606	1070767
ILMN_2410826	1090390
ILMN_1658247	3450180
ILMN_1675640	7040035
ILMN_1736729	240722
ILMN_1709333	1570156
ILMN_2248970	2230204
ILMN_1674063	7320561
ILMN_2184262	10360
ILMN_1745397	990768
ILMN_1681721	6280543
ILMN_1674811	7650097
ILMN_1654441	7040241
ILMN_2068747	7610561
ILMN_1773080	7100239
ILMN_3239460	1090753
ILMN_1681892	2650280
ILMN_1789186	4120750
ILMN_1785852	4260253
ILMN_1704672	270196
ILMN_1792607	3360707
ILMN_1700666	3450286
ILMN_1749667	1690040
ILMN_1732408	6620246
ILMN_2121958	5490309
ILMN_1746116	4250463
ILMN_1757388	3460253
ILMN_2330495	4810739
ILMN_1799604	6580239
ILMN_1772286	3310025
ILMN_1700306	6420392
ILMN_1668899	3450403
ILMN_2255088	450050
ILMN_1724149	520767
ILMN_1731729	2570121
ILMN_1651916	5260020
ILMN_1714476	5720349
ILMN_3240349	6940239
ILMN_1760855	60324
ILMN_2382121	6560576
ILMN_1729851	4570044
ILMN_1748591	4070017
ILMN_1708182	3120427
ILMN_1671288	770747
ILMN_1698653	1190066
ILMN_1730698	6330368
ILMN_2325028	730315
ILMN_1800517	2900482
ILMN_1702073	6840026
ILMN_3245811	2760324
ILMN_3241446	2710152
ILMN_2209614	6770132
ILMN_1758008	4230402
ILMN_1787831	6330639
ILMN_1783656	1190201
ILMN_1784817	5220017
ILMN_2285032	2690692
ILMN_2336094	7050066
ILMN_3239775	520474
ILMN_1732491	5340608
ILMN_1785266	3610519
ILMN_1783266	20066
ILMN_1747159	2230356
ILMN_1733869	5090189
ILMN_1714577	3400685
ILMN_1653834	780647
ILMN_1772690	2510731
ILMN_1677953	6330242
ILMN_1704019	6350128
ILMN_1728224	6860382
ILMN_1715809	2680079
ILMN_2095759	6840347
ILMN_1706652	1440482
ILMN_2352609	2760129
ILMN_2387105	2940280
ILMN_1688838	4010333
ILMN_1790098	4480152
ILMN_1697639	1070300
ILMN_2364828	1430176
ILMN_1808435	1710097
ILMN_1759277	3180484
ILMN_2196984	7000161
ILMN_1693939	3710528
ILMN_1795963	4010086
ILMN_1709075	150414
ILMN_1659820	4830021
ILMN_2348194	6550474
ILMN_1674696	3930551
ILMN_1729686	1340609
ILMN_1742025	2680072
ILMN_1714709	3800204
ILMN_2110271	580475
ILMN_1729617	840494
ILMN_1753954	4610333
ILMN_2116877	6770131
ILMN_1776151	130390
ILMN_1761425	4640209
ILMN_1765557	7150019
ILMN_1727532	3180070
ILMN_1666089	2030403
ILMN_1727567	1780239
ILMN_1717205	2510193
ILMN_1723035	7510132
ILMN_2094938	1260347
ILMN_1670079	4860435
ILMN_1749846	4610246
ILMN_1739235	2260487
ILMN_1660408	3930747
ILMN_1727970	730324
ILMN_2114812	2680300
ILMN_1892859	110189
ILMN_1867659	510360
ILMN_1907095	2480431
ILMN_1664462	6020114
ILMN_1838320	6350192
ILMN_1881711	7160497
ILMN_2067444	6650356
ILMN_3246793	1030576
ILMN_1729775	1510682
ILMN_2322458	1570403
ILMN_1652819	1450615
ILMN_1662432	2190048
ILMN_1734762	4730681
ILMN_2284591	6580386
ILMN_1666090	2260739
ILMN_2373236	6110341
ILMN_1741698	2970070
ILMN_1682301	5870630
ILMN_1706845	4810482
ILMN_1738539	2320204
ILMN_1711030	5050537
ILMN_1677153	4570577
ILMN_1698444	290082
ILMN_2199843	3840408
ILMN_3241647	130246
ILMN_1757379	7000670
ILMN_1716988	780021
ILMN_1670844	3140500
ILMN_2382717	4390615
ILMN_2394106	1440195
ILMN_1713029	3440646
ILMN_1665180	20167
ILMN_1784818	5260170
ILMN_1707368	4010162
ILMN_1714782	3400553
ILMN_2400922	1440754
ILMN_2400926	4860259
ILMN_1741689	6220463
ILMN_1713758	6940035
ILMN_1689129	630139
ILMN_1812641	1500382
ILMN_1803261	2070615
ILMN_2275199	3120719
ILMN_1739357	4390010
ILMN_2373155	7050634
ILMN_1716374	6590114
ILMN_1781459	6590360
ILMN_2381899	5260215
ILMN_1687046	4260605
ILMN_1716448	6620270
ILMN_1809520	5550091
ILMN_1704575	7320138
ILMN_1717125	4490184
ILMN_1738246	1470070
ILMN_1690389	4250255
ILMN_1695533	5560064
ILMN_1790706	6020176
ILMN_1748349	4730593
ILMN_1726523	2810554
ILMN_1810020	4610082
ILMN_1814562	1780452
ILMN_1731717	2650309
ILMN_1732251	3400746
ILMN_1787434	1070022
ILMN_1670144	1030577
ILMN_1731314	2140092
ILMN_2103768	3800224
ILMN_1727076	5080408
ILMN_2188384	840367
ILMN_1764050	1240619
ILMN_1809964	2260367
ILMN_2203858	2690050
ILMN_1688537	580259
ILMN_1779555	7570270
ILMN_1762634	240291
ILMN_1708982	2120593
ILMN_1759242	6290280
ILMN_1653073	730059
ILMN_1728121	2230289
ILMN_1768567	6110292
ILMN_1724873	3420722
ILMN_1759087	580356
ILMN_1748019	3310470
ILMN_2200853	5270017
ILMN_1799327	4260730
ILMN_1797393	6400026
ILMN_2101339	240044
ILMN_1785930	2030707
ILMN_1660978	3780463
ILMN_1669995	5690673
ILMN_2072401	6980414
ILMN_1679870	580554
ILMN_2342651	3850672
ILMN_1788855	5900292
ILMN_1752218	1300711
ILMN_1785650	1260653
ILMN_1771488	1990682
ILMN_2129831	1190280
ILMN_1703197	5560753
ILMN_1767244	1780465
ILMN_1665806	650609
ILMN_1735278	3060180
ILMN_1739763	1340553
ILMN_1720955	2100598
ILMN_1667388	7040097
ILMN_2159183	4120608
ILMN_1718588	6660121
ILMN_1807924	3830154
ILMN_1682330	3870379
ILMN_1803621	2490131
ILMN_1718219	6110722
ILMN_1753884	2510504
ILMN_1656724	5390021
ILMN_1674997	2940253
ILMN_1705745	6760520
ILMN_1713602	1400048
ILMN_1673466	4260360
ILMN_1791773	1190554
ILMN_1765615	1050431
ILMN_1813390	2850615
ILMN_1757546	2480255
ILMN_1701776	60692
ILMN_1774650	1580148
ILMN_2115073	3830706
ILMN_3235772	6100546
ILMN_1759521	4220451
ILMN_2107878	2470521
ILMN_1807079	6040162
ILMN_1710243	3940433
ILMN_1804907	5690142
ILMN_2180064	1240075
ILMN_1686659	1980519
ILMN_1705077	540072
ILMN_2085933	4670626
ILMN_1679973	10168
ILMN_1686250	6840167
ILMN_1716249	5820537
ILMN_1736142	610241
ILMN_1812850	870382
ILMN_2067813	130273
ILMN_1714635	5570274
ILMN_1762090	5420215
ILMN_1688504	650138
ILMN_1766401	5810593
ILMN_1739138	380161
ILMN_1797797	4250431
ILMN_1745651	650093
ILMN_2139523	1740048
ILMN_1652424	6270747
ILMN_1663913	520520
ILMN_2213693	6100403
ILMN_2074432	830204
ILMN_1663562	1300189
ILMN_1704859	4060725
ILMN_1714891	4050338
ILMN_1777638	1470463
ILMN_1738976	2350707
ILMN_2081269	4880754
ILMN_1743654	60626
ILMN_3240793	5390278
ILMN_2157141	1240088
ILMN_1744109	6020379
ILMN_1732024	360561
ILMN_2295747	520743
ILMN_1721967	4280475
ILMN_2203549	20594
ILMN_2203544	3610681
ILMN_1749168	50379
ILMN_1732467	7210672
ILMN_1657486	5960035
ILMN_1702889	6900593
ILMN_1779412	6510491
ILMN_1799282	4150440
ILMN_1730728	7040551
ILMN_2122014	2470301
ILMN_1748802	5260762
ILMN_1795448	4480291
ILMN_1744428	4250274
ILMN_1800595	3520139
ILMN_1744275	1300689
ILMN_1707351	1690528
ILMN_1728067	6380750
ILMN_1772073	4810373
ILMN_1772179	3130408
ILMN_2092987	20719
ILMN_1793403	6380730
ILMN_1766087	1340010
ILMN_1691962	1740725
ILMN_1812980	840754
ILMN_2227377	2340288
ILMN_1804722	5870592
ILMN_1745801	5050386
ILMN_2044061	1820228
ILMN_1701454	3840221
ILMN_2130158	870619
ILMN_1663925	1240768
ILMN_1680225	770288
ILMN_1754846	3370398
ILMN_2129658	3990543
ILMN_1741872	650368
ILMN_2194148	4060593
ILMN_1769374	3870239
ILMN_2140191	5870551
ILMN_1674543	7610360
ILMN_1795920	780377
ILMN_1699872	1240563
ILMN_1655713	7650348
ILMN_1801748	540523
ILMN_1772882	1340612
ILMN_1739168	6620470
ILMN_1760065	6330209
ILMN_1775467	2140414
ILMN_2167123	3800367
ILMN_1671386	1500204
ILMN_1777332	5420348
ILMN_1656221	5310669
ILMN_1663840	1260202
ILMN_1735906	6550242
ILMN_1738033	1090037
ILMN_1744834	3120386
ILMN_2148122	110494
ILMN_1795254	7560017
ILMN_1793151	4920349
ILMN_2228155	620138
ILMN_1720617	2140452
ILMN_1771209	4850040
ILMN_1686534	4480168
ILMN_1693487	3310255
ILMN_1811927	430356
ILMN_1758356	7330605
ILMN_1791587	3710414
ILMN_1779406	4860400
ILMN_1798534	6480438
ILMN_1719848	2750333
ILMN_1801987	870239
ILMN_1751645	3520445
ILMN_2129600	4590730
ILMN_1808683	1190315
ILMN_1797169	5700193
ILMN_1728894	780747
ILMN_2150123	3520538
ILMN_1756038	6420678
ILMN_1740816	70392
ILMN_2066904	1990035
ILMN_1777706	3780360
ILMN_1730984	6620204
ILMN_1707760	4480561
ILMN_2153547	7160544
ILMN_1691811	3870768
ILMN_1780041	3520497
ILMN_2174834	5700632
ILMN_1803291	3710709
ILMN_3251256	2060086
ILMN_1806791	2630537
ILMN_1718594	6350717
ILMN_1675425	5690192
ILMN_1800387	4780392
ILMN_2085258	5810754
ILMN_1779078	7100292
ILMN_2207960	3830300
ILMN_1807883	6220064
ILMN_1677270	3520059
ILMN_1813776	4810603
ILMN_1714841	50079
ILMN_1702807	2000414
ILMN_1799942	6250148
ILMN_1690796	4540563
ILMN_3236198	4290546
ILMN_2103646	2120358
ILMN_1690048	3440139
ILMN_3242693	6370056
ILMN_2200714	7330010
ILMN_1690200	1260465
ILMN_1758189	7160731
ILMN_1776601	3610128
ILMN_2200738	4670735
ILMN_1697349	6860338
ILMN_1696924	2970132
ILMN_1760287	4830066
ILMN_1769912	4810735
ILMN_2073115	520025
ILMN_1761294	2600121
ILMN_2045720	2030682
ILMN_1677954	7510095
ILMN_1690004	1980142
ILMN_2126461	7560020
ILMN_2123392	3440270
ILMN_1722496	780056
ILMN_2330310	2370427
ILMN_1800923	70255
ILMN_2064090	1580113
ILMN_1656554	2970725
ILMN_2206224	4260411
ILMN_1706649	6100086
ILMN_1735042	6770561
ILMN_1738700	1710309
ILMN_1804845	290008
ILMN_1737373	1030601
ILMN_2226403	5720328
ILMN_1670149	3440066
ILMN_1727352	3850338
ILMN_1764512	3120296
ILMN_1688825	4480239
ILMN_1797638	4760075
ILMN_1744033	1820367
ILMN_1679012	5220348
ILMN_1770306	1450209
ILMN_1779758	630400
ILMN_1657002	940025
ILMN_2063446	3140619
ILMN_1789826	540349
ILMN_1740031	6330601
ILMN_1750330	7210286
ILMN_1719298	6650091
ILMN_2193545	5890750
ILMN_1808825	6100044
ILMN_1783225	4120228
ILMN_2103977	4610240
ILMN_1659063	6660719
ILMN_1743203	1470541
ILMN_1815230	4560041
ILMN_1700540	7650224
ILMN_1697758	6180437
ILMN_1766270	6650392
ILMN_1765445	1780392
ILMN_1726969	6580390
ILMN_1755869	1260491
ILMN_1805062	1030672
ILMN_1750153	6350689
ILMN_1704241	3930224
ILMN_2178509	1410025
ILMN_1661839	7100088
ILMN_1786946	3450564
ILMN_1776846	4850039
ILMN_1811599	4280056
ILMN_1815548	1240189
ILMN_1708238	1470044
ILMN_1734306	5900458
ILMN_1760525	2060390
ILMN_1784834	3520600
ILMN_1764613	1110047
ILMN_1770701	6020601
ILMN_1743226	6590653
ILMN_1768064	620059
ILMN_1694774	2490370
ILMN_1757795	5570672
ILMN_1730441	2750326
ILMN_1765613	6760767
ILMN_1725686	3520082
ILMN_1770442	4220626
ILMN_1681975	4540014
ILMN_1669135	5810725
ILMN_1794767	4250603
ILMN_1762400	2000692
ILMN_1702824	3870653
ILMN_1667803	1400338
ILMN_1719083	6550202
ILMN_1705551	830307
ILMN_1724166	6100612
ILMN_1674659	4670348
ILMN_1730209	4200682
ILMN_1690696	4880187
ILMN_1787849	5420458
ILMN_1720756	240482
ILMN_1711929	4290296
ILMN_1780952	5490370
ILMN_2171733	2350170
ILMN_1758663	6960132
ILMN_1698894	4730561
ILMN_1790744	2450068
ILMN_1697466	6940286
ILMN_1740776	3460360
ILMN_1813882	5290671
ILMN_1708772	130484
ILMN_1724677	7560195
ILMN_1693693	2340095
ILMN_1795178	4070528
ILMN_1790238	4280112
ILMN_1801240	2140537
ILMN_2082903	2070538
ILMN_1809457	5390524
ILMN_1714449	2970075
ILMN_2107519	6980669
ILMN_1764216	2450474
ILMN_2070530	3800546
ILMN_1732901	3840070
ILMN_1716061	6400544
ILMN_1680886	6480369
ILMN_1777084	2750201
ILMN_1766438	6350215
ILMN_1664771	6270719
ILMN_1689611	4920370
ILMN_1790988	6510091
ILMN_1662735	6960646
ILMN_1687882	830241
ILMN_2196609	7650240
ILMN_2161166	4570270
ILMN_1727522	4670736
ILMN_2053439	6380598
ILMN_1692439	6580592
ILMN_2198850	6380113
ILMN_1708583	6760161
ILMN_3240726	5720068
ILMN_1710884	1510066
ILMN_2136737	4730220
ILMN_1792254	3460064
ILMN_1696355	1170040
ILMN_2199971	3310735
ILMN_1803873	4730722
ILMN_1761042	2710132
ILMN_2059464	770280
ILMN_1721578	7610711
ILMN_2140910	510286
ILMN_1774715	1470255
ILMN_1655449	4060239
ILMN_1766698	5090377
ILMN_1723322	5290202
ILMN_2079602	6510521
ILMN_1703749	4830131
ILMN_1683352	6650431
ILMN_1757164	3310661
ILMN_1686244	5270382
ILMN_1691080	2370471
ILMN_1672658	4040440
ILMN_1786267	5130056
ILMN_1799246	670039
ILMN_1800182	3840431
ILMN_1703910	2370592
ILMN_1708747	5820397
ILMN_1711517	1300201
ILMN_1763422	4290204
ILMN_1763728	6980093
ILMN_2208895	5960554
ILMN_1809148	4860482
ILMN_1737144	4730093
ILMN_1651940	6940079
ILMN_1758129	2360687
ILMN_1684901	610368
ILMN_1781025	3370647
ILMN_1714817	3440142
ILMN_1815093	50504
ILMN_1754929	2360717
ILMN_1724427	5390468
ILMN_3308088	7570593
ILMN_1686245	2640521
ILMN_1678150	2680719
ILMN_2101270	3390156
ILMN_1744886	6130017
ILMN_1715259	2940612
ILMN_2140895	6480156
ILMN_1756210	6020156
ILMN_2140034	6100563
ILMN_1683046	6450497
ILMN_1711557	3370221
ILMN_1704485	7510133
ILMN_1711353	3440411
ILMN_1729874	6110070
ILMN_1795018	5220025
ILMN_1722426	3450010
ILMN_1729020	5860435
ILMN_1802023	3120332
ILMN_2090351	3940201
ILMN_2231177	1430025
ILMN_1669988	3190451
ILMN_2199926	4920079
ILMN_1773621	1260689
ILMN_2134723	4830072
ILMN_1789666	4210014
ILMN_1694051	830041
ILMN_1797878	7040725
ILMN_1666148	6400142
ILMN_2123550	7040133
ILMN_1815849	6100440
ILMN_1719241	6650187
ILMN_1757259	1980072
ILMN_1720694	3190093
ILMN_1742753	2690201
ILMN_1745928	2810273
ILMN_1773278	6580563
ILMN_1768894	150382
ILMN_1787330	5420286
ILMN_1740409	130491
ILMN_2187002	10215
ILMN_1681457	2900128
ILMN_2157806	10674
ILMN_1660686	6290750
ILMN_1768161	4040274
ILMN_1755775	6370630
ILMN_1695940	3800326
ILMN_2191949	5090039
ILMN_2219038	5310500
ILMN_1795000	6760307
ILMN_1783643	240139
ILMN_1808262	1260674
ILMN_2195060	4490189
ILMN_1793962	6290538
ILMN_1690296	6960044
ILMN_2206041	6560288
ILMN_1722515	7150408
ILMN_1695366	5720181
ILMN_2102356	7330564
ILMN_1703883	2810041
ILMN_1739155	7160195
ILMN_1789395	6330010
ILMN_2089097	6350014
ILMN_1761987	2480162
ILMN_1750510	730538
ILMN_1734690	5260040
ILMN_1751432	6940474
ILMN_1741939	2680494
ILMN_1780762	5560528
ILMN_1724148	5700717
ILMN_1652928	6400113
ILMN_1736628	6840576
ILMN_1762549	4880053
ILMN_1727459	6660333
ILMN_2061452	6620475
ILMN_1784946	6770692
ILMN_1740083	2470431
ILMN_1705093	3800110
ILMN_1688094	4010201
ILMN_1686987	6330253
ILMN_2215061	2230296
ILMN_1731070	4830343
ILMN_1696584	2850315
ILMN_1731785	450020
ILMN_1698406	3170452
ILMN_2045975	7650341
ILMN_1774708	3830020
ILMN_1662174	1500112
ILMN_2361807	1030593
ILMN_1793025	1660673
ILMN_1706376	5550296
ILMN_1781966	3780100
ILMN_1669497	6760593
ILMN_1687410	5690041
ILMN_1773063	110743
ILMN_1697952	6560605
ILMN_2405602	7650243
ILMN_2349124	1570014
ILMN_1656482	4180717
ILMN_1735798	2360446
ILMN_2328378	6040181
ILMN_1802151	2190689
ILMN_2307032	2450246
ILMN_1763561	460553
ILMN_1756935	4590092
ILMN_1720865	1440575
ILMN_1751243	2000187
ILMN_2405078	3170274
ILMN_1782459	3940358
ILMN_2313856	3360685
ILMN_1680932	3780725
ILMN_2313851	7380470
ILMN_1741917	150762
ILMN_2367418	1820450
ILMN_2273572	3830400
ILMN_1719835	5420289
ILMN_1753393	150176
ILMN_1658909	2060603
ILMN_2047676	3840747
ILMN_2319588	620202
ILMN_2255877	4860669
ILMN_1757732	2070309
ILMN_1780546	7560593
ILMN_2205999	3370632
ILMN_2197128	3940500
ILMN_1654732	110079
ILMN_1687002	3870064
ILMN_1737715	5420452
ILMN_1789096	5560364
ILMN_1750312	5080279
ILMN_1776005	3450608
ILMN_3236156	4540446
ILMN_2056167	4610722
ILMN_3246544	4070075
ILMN_1742456	6380463
ILMN_1720303	4060575
ILMN_1735745	6370685
ILMN_1749114	1170615
ILMN_1654980	3400204
ILMN_1661862	5900615
ILMN_1779890	6660670
ILMN_1728705	1070630
ILMN_1663347	1440615
ILMN_2340886	1940307
ILMN_1815232	7560427
ILMN_2259155	7610520
ILMN_1758983	1980128
ILMN_1715612	4050619
ILMN_1662734	4210040
ILMN_1718124	3190703
ILMN_2223887	5690047
ILMN_1713274	6860097
ILMN_1752662	1940500
ILMN_1659270	2030477
ILMN_2265222	3890411
ILMN_1723871	4780707
ILMN_2354855	6180128
ILMN_1792012	130411
ILMN_1799198	2810487
ILMN_1684983	4570037
ILMN_1752008	20068
ILMN_1723141	7200561
ILMN_1779280	1580010
ILMN_1708203	3990201
ILMN_2287604	4670450
ILMN_2394975	5960341
ILMN_2088847	60463
ILMN_1730567	3180431
ILMN_1772703	1050450
ILMN_2215631	5550537
ILMN_1785146	1710255
ILMN_1718060	2810332
ILMN_2298160	2970224
ILMN_3239298	840112
ILMN_1691180	1740438
ILMN_1722959	1710088
ILMN_1688075	1820541
ILMN_2323465	3460546
ILMN_1677610	2320619
ILMN_1681194	1170491
ILMN_1728147	540463
ILMN_1734542	1820196
ILMN_1700371	830520
ILMN_1692936	840349
ILMN_1724832	6330201
ILMN_1739486	5550102
ILMN_2255001	2230543
ILMN_1805336	2750463
ILMN_1719909	3360209
ILMN_2336656	3800437
ILMN_1676594	6060528
ILMN_1731851	6900402
ILMN_1813544	1090768
ILMN_1653730	1400037
ILMN_1765061	520053
ILMN_1709091	1240255
ILMN_2163975	5890097
ILMN_3244030	6590739
ILMN_1737462	730291
ILMN_1683992	3710746
ILMN_1811489	4920669
ILMN_1735124	1850372
ILMN_1804929	7050768
ILMN_2095908	5690747
ILMN_2209180	270524
ILMN_1758529	10240
ILMN_2299450	1300600
ILMN_1706497	2470148
ILMN_1760226	6250400
ILMN_1669239	6330603
ILMN_1660816	6650142
ILMN_1654997	2120711
ILMN_1740263	2140468
ILMN_1806186	2640446
ILMN_1813846	2060605
ILMN_1677793	2900427
ILMN_1734964	6650754
ILMN_3243924	2340706
ILMN_2112744	3850347
ILMN_1759326	3370086
ILMN_1716335	3170661
ILMN_1772667	4880148
ILMN_2321578	1980184
ILMN_1784774	7400152
ILMN_1752226	3930379
ILMN_2320164	6450603
ILMN_1664094	520392
ILMN_1664525	2650300
ILMN_1744578	4210246
ILMN_2258409	1340364
ILMN_1764036	4610241
ILMN_2342835	4850592
ILMN_1690664	2940255
ILMN_1723535	4040762
ILMN_2372915	4150408
ILMN_2297854	7380343
ILMN_1721630	5890164
ILMN_1786429	2760112
ILMN_1790029	60521
ILMN_1660031	4390059
ILMN_1782275	5130291
ILMN_1768284	7100431
ILMN_1747442	60601
ILMN_1693334	4220731
ILMN_2381697	270408
ILMN_1795778	4010064
ILMN_2280135	7570379
ILMN_1690121	2810398
ILMN_1719303	2850333
ILMN_1672122	2760301
ILMN_2372136	5220398
ILMN_3300313	7000202
ILMN_1793950	7100392
ILMN_1734184	4640608
ILMN_1810560	4290189
ILMN_1728984	5270280
ILMN_2181748	2900497
ILMN_1652753	3290170
ILMN_2136133	3060040
ILMN_1761155	5820129
ILMN_3303612	5490301
ILMN_3235888	840687
ILMN_2322446	1400324
ILMN_2223293	1780377
ILMN_1718128	4220600
ILMN_1757343	5310278
ILMN_3241262	5090131
ILMN_2391245	1470452
ILMN_2285390	5130301
ILMN_1796926	6590753
ILMN_1759154	7610301
ILMN_1662878	940673
ILMN_2363744	4210746
ILMN_2280441	6380719
ILMN_2269900	6420754
ILMN_1802674	6580600
ILMN_3230157	770735
ILMN_3297013	4490192
ILMN_1716488	4540164
ILMN_1719864	5550025
ILMN_1751020	4290133
ILMN_3307772	3440477
ILMN_1702396	7550333
ILMN_1682957	6110487
ILMN_1732323	2480706
ILMN_1771223	4730746
ILMN_1758888	3890601
ILMN_1807529	2650035
ILMN_1748221	2190373
ILMN_2389069	1510161
ILMN_1748004	1580201
ILMN_1669508	5310768
ILMN_1722276	5670075
ILMN_1743319	1030196
ILMN_1748093	1510521
ILMN_1682919	610600
ILMN_1736806	1240228
ILMN_2055156	3610709
ILMN_1673640	7330296
ILMN_1778623	7160735
ILMN_1724213	1240195
ILMN_1706140	4850528
ILMN_1733722	1470356
ILMN_1782754	5560754
ILMN_2363141	2650075
ILMN_1695992	2850594
ILMN_1744656	5900608
ILMN_1662214	3190746
ILMN_2218104	6580110
ILMN_1773760	4050639
ILMN_2286106	4850181
ILMN_2392546	6420424
ILMN_2312386	1580097
ILMN_1716814	1690131
ILMN_1776398	4220349
ILMN_1784753	240725
ILMN_2267104	3990008
ILMN_1782094	5860743
ILMN_1761993	730091
ILMN_1767365	6250685
ILMN_2054145	1990575
ILMN_1726064	4280253
ILMN_1659878	3450402
ILMN_1712687	3460133
ILMN_1676385	6220403
ILMN_2130218	7570403
ILMN_2354673	460100
ILMN_1763187	2850215
ILMN_1728887	4490632
ILMN_1708223	2030735
ILMN_1803655	4260674
ILMN_1770938	6520300
ILMN_1723793	4120370
ILMN_1698732	3780053
ILMN_2283185	2630367
ILMN_2387214	3440037
ILMN_1812031	4540682
ILMN_2369403	3780022
ILMN_1698445	4260544
ILMN_2281225	1710632
ILMN_2383591	6040524
ILMN_1761206	2140082
ILMN_3307906	4290494
ILMN_2313901	4210670
ILMN_1788410	5670543
ILMN_1658356	7320669
ILMN_1658373	2490291
ILMN_1681304	3310674
ILMN_1783497	5080521
ILMN_1740292	6110324
ILMN_2316918	6620133
ILMN_1708095	1990438
ILMN_2373177	3130474
ILMN_1772058	3290504
ILMN_2195665	1940736
ILMN_1743910	7000553
ILMN_1697817	1940343
ILMN_1694810	4070300
ILMN_1811316	20112
ILMN_1765116	830315
ILMN_2363058	4850538
ILMN_2278265	5820242
ILMN_1742569	1660451
ILMN_1681845	10050
ILMN_1710571	520017
ILMN_1710495	5310364
ILMN_1798354	6940719
ILMN_1652088	1690148
ILMN_1786275	7380274
ILMN_1721770	730754
ILMN_1792002	4640040
ILMN_1708529	6900095
ILMN_1781819	130187
ILMN_2224103	1820528
ILMN_2410929	1690259
ILMN_1716071	6960019
ILMN_1660793	3460132
ILMN_2112474	160521
ILMN_1806434	1410255
ILMN_1689852	1300440
ILMN_2330382	5870397
ILMN_1737631	6550367
ILMN_1746618	4150017
ILMN_1694589	2070451
ILMN_1798327	6590541
ILMN_3245815	990215
ILMN_3248085	3310239
ILMN_3241803	7510523
ILMN_1710524	4760632
ILMN_1652461	3450601
ILMN_2324909	4260424
ILMN_1654112	460086
ILMN_2323848	4540240
ILMN_1745154	4610288
ILMN_1674344	110259
ILMN_1724877	6380603
ILMN_1689244	6450068
ILMN_1814393	2490088
ILMN_2410428	4210364
ILMN_3251521	4760484
ILMN_1714511	3360301
ILMN_2395692	3850575
ILMN_1744713	610193
ILMN_2341467	3390289
ILMN_2257665	4390594
ILMN_1731354	5270347
ILMN_1656560	1240037
ILMN_1724811	1440022
ILMN_1686871	4280692
ILMN_1721411	1090132
ILMN_2262044	2070059
ILMN_1724722	2510041
ILMN_1710844	3930601
ILMN_2129877	1050687
ILMN_1718558	2340072
ILMN_1691731	4150692
ILMN_1776778	6980576
ILMN_1812080	1770035
ILMN_1757995	1850612
ILMN_2354237	7550113
ILMN_1703411	290224
ILMN_2397954	1470598
ILMN_1796682	6130615
ILMN_1776464	2450148
ILMN_1813620	1170102
ILMN_1771832	4390360
ILMN_1662256	6110170
ILMN_1752791	240040
ILMN_1810299	5260327
ILMN_1669117	5670097
ILMN_1806651	6330341
ILMN_2053527	3140707
ILMN_1731224	5700735
ILMN_1696827	3400170
ILMN_1724265	2900064
ILMN_3307854	4050110
ILMN_1756408	1940390
ILMN_3307892	2030594
ILMN_1787919	1820386
ILMN_1667592	2140221
ILMN_1676173	3370719
ILMN_1695851	6200685
ILMN_1797295	5700187
ILMN_1754858	2140382
ILMN_1667022	4150100
ILMN_3235416	1440484
ILMN_1719033	2810497
ILMN_1765039	110482
ILMN_2133784	2060746
ILMN_3245849	2120300
ILMN_3238982	2650170
ILMN_1680782	5310427
ILMN_3306672	2970494
ILMN_3229046	4040367
ILMN_2401844	1240279
ILMN_1759297	2320521
ILMN_1660611	4120494
ILMN_1806907	6840546
ILMN_1682096	3520274
ILMN_1734365	3360338
ILMN_1739400	4830136
ILMN_2353490	6450767
ILMN_1707314	990674
ILMN_1757053	1430768
ILMN_1724061	6940577
ILMN_2320932	7610092
ILMN_1793101	3800292
ILMN_1687052	7380056
ILMN_2314140	1740100
ILMN_1789905	2690575
ILMN_1761061	6620020
ILMN_1708534	1090451
ILMN_2319292	4850070
ILMN_1656563	5560593
ILMN_1731506	6350138
ILMN_1680193	3830372
ILMN_1737126	4060349
ILMN_1673673	3420554
ILMN_1699684	450209
ILMN_1760748	2370661
ILMN_2304404	4210164
ILMN_1789653	5570050
ILMN_2067303	4230537
ILMN_1729864	4860241
ILMN_1723822	620338
ILMN_1659470	1470072
ILMN_2385239	4390020
ILMN_1784678	620494
ILMN_1682699	5820681
ILMN_1810100	2470634
ILMN_1700762	2760544
ILMN_1814315	6650605
ILMN_1736689	10682
ILMN_1734568	3990088
ILMN_2340347	5490196
ILMN_1671489	5890435
ILMN_3239648	3170437
ILMN_1733802	2750070
ILMN_1786105	3140021
ILMN_1813456	3850600
ILMN_1795906	4860184
ILMN_3307832	3120450
ILMN_1651364	6100594
ILMN_1673215	1500164
ILMN_2312296	1580537
ILMN_3251155	3310427
ILMN_1724825	6480411
ILMN_3249963	6660309
ILMN_1687216	3390747
ILMN_1679021	2640133
ILMN_1667267	2850598
ILMN_2358842	3170537
ILMN_1702700	4050563
ILMN_1728498	5690743
ILMN_1714384	4730309
ILMN_1761010	540056
ILMN_1659823	3840379
ILMN_1716758	5570053
ILMN_1715458	1580753
ILMN_2248632	5390373
ILMN_1688500	5910093
ILMN_1663300	1770136
ILMN_2285952	1770736
ILMN_1720983	2710537
ILMN_2285951	4290369
ILMN_2329625	5080300
ILMN_1742460	5490300
ILMN_2249769	7560398
ILMN_2254722	1050348
ILMN_2336306	3180376
ILMN_1688861	4180470
ILMN_1673129	7510369
ILMN_1745398	4880603
ILMN_1781514	2970370
ILMN_2229877	5960762
ILMN_1799026	6480753
ILMN_1805132	7150397
ILMN_1703572	5900376
ILMN_1663716	2370307
ILMN_1718173	4590692
ILMN_1710544	360367
ILMN_1670383	4850373
ILMN_1722890	6060082
ILMN_1766668	6400291
ILMN_2275711	4120121
ILMN_1740623	4180348
ILMN_1668147	160427
ILMN_2379626	1340709
ILMN_1752294	6660707
ILMN_2393077	4040050
ILMN_1666659	4390768
ILMN_1716109	6330433
ILMN_1675737	6590348
ILMN_1669474	2600253
ILMN_1682112	3460433
ILMN_1740494	4730079
ILMN_2338687	380577
ILMN_2288582	5900653
ILMN_1789146	4540451
ILMN_2410449	5360711
ILMN_1656033	270537
ILMN_1672326	6760136
ILMN_2290893	460138
ILMN_1796787	630500
ILMN_2400884	5420333
ILMN_1675822	2630343
ILMN_1702205	1400458
ILMN_1799335	2650537
ILMN_2364414	6940601
ILMN_2283895	10743
ILMN_2388461	1820615
ILMN_1713024	5860397
ILMN_1757303	6200411
ILMN_2296101	10670
ILMN_1702420	1850411
ILMN_1784316	5360608
ILMN_1791833	4220301
ILMN_2359078	7510463
ILMN_1777024	2120674
ILMN_2266936	2750626
ILMN_1659773	6100070
ILMN_2373592	6760156
ILMN_1744863	1050541
ILMN_1723685	2630243
ILMN_2041483	4730286
ILMN_2095114	1510398
ILMN_1747596	2120504
ILMN_1783671	1940279
ILMN_1766950	730192
ILMN_1778327	160465
ILMN_1740857	6660528
ILMN_2100258	2760280
ILMN_1771066	3420598
ILMN_1750376	1770138
ILMN_2185866	3520719
ILMN_2170476	6180736
ILMN_1690237	1300270
ILMN_1683942	4900750
ILMN_2227757	7570753
ILMN_2128048	3610482
ILMN_1745213	6350504
ILMN_1722673	6290008
ILMN_1814710	4860441
ILMN_2205588	940707
ILMN_1766377	1770626
ILMN_1738252	6420593
ILMN_1801051	540112
ILMN_1769859	1770735
ILMN_2047885	7210156
ILMN_2404516	1710725
ILMN_1717967	5260072
ILMN_1737523	6450228
ILMN_1761646	450220
ILMN_2356331	5550184
ILMN_1671403	1430324
ILMN_2386379	4050750
ILMN_1653040	4730255
ILMN_1815131	510458
ILMN_2349366	6370681
ILMN_1654228	2570136
ILMN_1696513	5420154
ILMN_2393775	6840180
ILMN_1674774	1010008
ILMN_1717168	3850717
ILMN_2305416	3990070
ILMN_2251961	4610546
ILMN_2251963	5310671
ILMN_2411480	7210678
ILMN_1748889	2480129
ILMN_1724386	4480193
ILMN_1793965	1170397
ILMN_1711283	4180259
ILMN_2296644	7510243
ILMN_1709824	6560450
ILMN_2391959	2340376
ILMN_1746708	7000392
ILMN_1719533	60364
ILMN_1811103	6020435
ILMN_2274355	630050
ILMN_1701644	3610521
ILMN_1737940	1090445
ILMN_1681598	6960575
ILMN_1803296	3520286
ILMN_1656955	670259
ILMN_2345824	4810767
ILMN_1675428	6590435
ILMN_1742538	2900341
ILMN_1714858	7320240
ILMN_1767649	780086
ILMN_1655171	4670041
ILMN_1688126	2810243
ILMN_1798602	430639
ILMN_3243375	3310711
ILMN_1757956	5260386
ILMN_1809859	3830296
ILMN_1803454	2000291
ILMN_1788059	3440377
ILMN_1656574	630364
ILMN_2401701	1780437
ILMN_1810181	6520014
ILMN_1788024	730541
ILMN_2232368	3890139
ILMN_1731948	70681
ILMN_2197381	6270364
ILMN_1760649	1510114
ILMN_1671791	1780446
ILMN_1802699	7320682
ILMN_3230160	2710041
ILMN_3234654	5490280
ILMN_1690487	1440259
ILMN_2042595	6180022
ILMN_1671621	6220487
ILMN_1737426	3290187
ILMN_1767848	730673
ILMN_1685682	1410524
ILMN_1706958	2510348
ILMN_1694177	6900079
ILMN_1807994	6510546
ILMN_1810922	1510014
ILMN_1740010	7050626
ILMN_1751793	3290674
ILMN_1660541	5700603
ILMN_2295918	6550475
ILMN_1783350	580273
ILMN_1707070	4120386
ILMN_1746888	4810445
ILMN_3306362	770563
ILMN_3229736	4590240
ILMN_1720093	5260376
ILMN_1682326	6200148
ILMN_1681643	60520
ILMN_2081813	520176
ILMN_1710859	7200609
ILMN_1755582	4210678
ILMN_1695003	7040019
ILMN_1769018	1710538
ILMN_1767934	1740343
ILMN_1676595	1070259
ILMN_1710070	3180703
ILMN_1768577	3940196
ILMN_2292592	4540487
ILMN_1676384	4570184
ILMN_1802550	6060255
ILMN_1699545	2900731
ILMN_1668850	4070619
ILMN_1714569	2480725
ILMN_1803870	7320259
ILMN_1780824	630524
ILMN_1784110	1660025
ILMN_2389218	4570682
ILMN_2284222	5420139
ILMN_1668067	7200491
ILMN_1802257	1300075
ILMN_2113535	840392
ILMN_1679725	3450725
ILMN_1815951	4560435
ILMN_1658310	4120598
ILMN_1811597	5550050
ILMN_2202930	1990279
ILMN_1652846	4070379
ILMN_1693683	1010601
ILMN_2397178	2070546
ILMN_1779037	3450575
ILMN_1712457	4200017
ILMN_1806725	6280170
ILMN_1709396	20706
ILMN_2269002	4890047
ILMN_1766024	6420324
ILMN_2365196	6840274
ILMN_3236503	1030022
ILMN_2159272	3170246
ILMN_1758915	4010546
ILMN_1797684	6860452
ILMN_1706149	4590424
ILMN_2396272	2570433
ILMN_1768004	3130168
ILMN_2228710	1240685
ILMN_1733931	3130615
ILMN_1693259	5860605
ILMN_2111323	6900142
ILMN_2148290	6220220
ILMN_1772959	7320307
ILMN_1694041	5550343
ILMN_3251264	1190097
ILMN_1762409	3460332
ILMN_1667925	460750
ILMN_1702806	3870646
ILMN_1801215	2570239
ILMN_1752197	3420730
ILMN_1782955	130279
ILMN_2121272	4780026
ILMN_2364600	2480347
ILMN_1813325	2510632
ILMN_2278246	6860670
ILMN_1660305	3060154
ILMN_1775163	730348
ILMN_2376847	4180707
ILMN_1805564	5420037
ILMN_1778924	5900189
ILMN_1805098	130156
ILMN_1667225	7200367
ILMN_1681356	6900543
ILMN_1805415	5860750
ILMN_2131381	5130471
ILMN_1785768	1430753
ILMN_2340259	2480577
ILMN_1782922	2680543
ILMN_2296439	2810739
ILMN_2288976	6590452
ILMN_2117613	5570722
ILMN_1761277	6900669
ILMN_1791483	1770114
ILMN_1659430	160288
ILMN_1739674	1410291
ILMN_2246134	1780605
ILMN_2291407	5900091
ILMN_1749639	6960703
ILMN_2282729	290497
ILMN_1810836	1770333
ILMN_2408024	5290044
ILMN_1723230	6350044
ILMN_2294653	6450630
ILMN_2195319	3130113
ILMN_3251409	3390576
ILMN_1655974	3850474
ILMN_1730851	1570717
ILMN_1660094	5810025
ILMN_1790680	1500491
ILMN_1718299	2760626
ILMN_1702965	5910131
ILMN_2278819	3450397
ILMN_2262444	4890592
ILMN_2379675	5700440
ILMN_1806533	1240068
ILMN_1657686	1940035
ILMN_1699767	2070450
ILMN_2408946	5270228
ILMN_2295213	7160450
ILMN_2301725	110246
ILMN_2301722	580187
ILMN_1691692	50678
ILMN_2306540	830563
ILMN_1683063	1470431
ILMN_1767176	2260528
ILMN_1698912	580154
ILMN_2159044	580563
ILMN_2342695	1170653
ILMN_1685982	3840112
ILMN_1782661	6130333
ILMN_1737695	3450528
ILMN_1775822	4040397
ILMN_2394305	5390615
ILMN_1683023	4850327
ILMN_2376859	4480445
ILMN_1803094	5690139
ILMN_1681949	3130240
ILMN_2086470	6940609
ILMN_1815057	5960068
ILMN_1680339	7200168
ILMN_1772369	6450372
ILMN_2068951	1820630
ILMN_1665458	3190543
ILMN_1739274	4540725
ILMN_1652357	7050706
ILMN_1804444	870743
ILMN_1669753	3180075
ILMN_2075436	780603
ILMN_2075440	780632
ILMN_1815261	4060068
ILMN_1695763	3170491
ILMN_1680626	10463
ILMN_1806328	5820427
ILMN_1729203	730025
ILMN_1670256	2370630
ILMN_1705397	4230377
ILMN_1776582	110347
ILMN_1684982	3310504
ILMN_1788955	1410010
ILMN_1770248	5870398
ILMN_1669667	7380674
ILMN_1695299	770463
ILMN_2230025	6330008
ILMN_1663976	1660438
ILMN_2412281	380523
ILMN_1692864	3930767
ILMN_2361478	6040608
ILMN_1814985	770639
ILMN_1690125	4560164
ILMN_2396639	5870546
ILMN_1797965	940600
ILMN_2164978	3390368
ILMN_1810554	840110
ILMN_1773758	2570343
ILMN_1653793	3990682
ILMN_2387799	5270768
ILMN_1718306	7650193
ILMN_1670490	3420288
ILMN_2404903	5270707
ILMN_1778013	110364
ILMN_1667034	1940167
ILMN_1736856	6280148
ILMN_1731720	1770519
ILMN_1670931	3290242
ILMN_1746696	870167
ILMN_1675695	5220575
ILMN_1703324	430192
ILMN_2080611	3120086
ILMN_1662331	6380327
ILMN_3249216	4120427
ILMN_3243705	4590725
ILMN_1780777	1300356
ILMN_3251217	1400102
ILMN_1671820	3710487
ILMN_1672504	5890131
ILMN_1736441	3180273
ILMN_1747019	3060050
ILMN_2103133	2760411
ILMN_1690376	7160600
ILMN_1729095	3710035
ILMN_1722869	4040377
ILMN_1708916	4260632
ILMN_1712660	6280131
ILMN_1696962	2340008
ILMN_1656084	1340424
ILMN_1694535	2060554
ILMN_1708341	6020202
ILMN_1708580	3170270
ILMN_3243598	1070598
ILMN_1717722	130095
ILMN_1742949	520082
ILMN_1690131	3370176
ILMN_2406304	3370484
ILMN_1699552	3440681
ILMN_1703511	4050113
ILMN_1682987	6420240
ILMN_1707323	7380129
ILMN_1771376	3610228
ILMN_2407669	4480615
ILMN_1688089	3850273
ILMN_1734472	6660437
ILMN_1689518	430747
ILMN_1761131	10594
ILMN_2384536	6200133
ILMN_1713833	6860091
ILMN_1814120	6200255
ILMN_1729748	6180670
ILMN_1670019	2940504
ILMN_1763359	4230128
ILMN_2297626	7570630
ILMN_1675331	3850468
ILMN_3248202	50288
ILMN_1679268	3450092
ILMN_1780132	3840491
ILMN_2176931	2370301
ILMN_1770811	5960358
ILMN_1728684	3310041
ILMN_1745806	1780411
ILMN_1803402	5570093
ILMN_1689116	7330315
ILMN_1727855	7560113
ILMN_1726711	6220019
ILMN_1717674	5670400
ILMN_1653125	6840743
ILMN_1794374	3130639
ILMN_1738095	6040286
ILMN_1660986	5290538
ILMN_3248570	610327
ILMN_1775829	4040754
ILMN_1656372	1500066
ILMN_1753010	520114
ILMN_1748109	130647
ILMN_2315289	240373
ILMN_1665679	3360554
ILMN_1690695	6280685
ILMN_1678546	940021
ILMN_1710000	5270139
ILMN_1664448	4890561
ILMN_2200708	5130092
ILMN_1683916	4810008
ILMN_2113957	6280215
ILMN_1763634	1170482
ILMN_1701466	1110072
ILMN_1678292	2750358
ILMN_1745655	6580608
ILMN_1658759	2750025
ILMN_2130409	2680528
ILMN_1770643	7000280
ILMN_2057389	6860066
ILMN_1660232	6650189
ILMN_2183891	10672
ILMN_1722037	4560068
ILMN_1683279	3440086
ILMN_1729650	4040017
ILMN_1767037	3610328
ILMN_1745522	1410278
ILMN_1797893	990020
ILMN_1755862	3840092
ILMN_1717855	6180170
ILMN_1678754	6510035
ILMN_1801762	7200471
ILMN_1755536	1170619
ILMN_2356284	4220630
ILMN_1661490	780475
ILMN_1741600	1470544
ILMN_1796560	2630753
ILMN_2385298	4280239
ILMN_1723436	7040181
ILMN_1660847	1470601
ILMN_2186061	4120053
ILMN_1653292	7400653
ILMN_2287253	4560373
ILMN_1713037	5570242
ILMN_2043809	7100072
ILMN_1805737	2360452
ILMN_1712950	2850402
ILMN_2151817	6940066
ILMN_1710512	4760471
ILMN_1775448	6130538
ILMN_1718018	2750594
ILMN_1792383	1990440
ILMN_2171295	6400553
ILMN_1807771	5290605
ILMN_2216008	5870327
ILMN_1727539	1260762
ILMN_1687842	1510332
ILMN_2163324	3830414
ILMN_1677711	4280164
ILMN_2232630	3140373
ILMN_1717572	1580437
ILMN_1661366	2680706
ILMN_2112417	3940592
ILMN_1668072	1400181
ILMN_2102515	1820424
ILMN_1691104	3990273
ILMN_1682953	5890500
ILMN_1706841	6110168
ILMN_1788254	1050021
ILMN_1789944	2940274
ILMN_1748027	4890678
ILMN_2185665	2640653
ILMN_1805636	2000441
ILMN_1791949	4010386
ILMN_1735075	780373
ILMN_1686326	2230465
ILMN_1737416	2120709
ILMN_2169736	450400
ILMN_1651690	1690289
ILMN_1733831	3850129
ILMN_1795484	770739
ILMN_2058795	2640377
ILMN_1713031	4210280
ILMN_1794165	2900594
ILMN_1809813	1940438
ILMN_2156786	130735
ILMN_3251365	4220615
ILMN_2216852	360735
ILMN_1755749	6110400
ILMN_1692554	1400452
ILMN_2161955	6860328
ILMN_1797005	4640079
ILMN_1704870	6250615
ILMN_3307921	240601
ILMN_1701778	4230181
ILMN_2046751	50431
ILMN_2046750	6330040
ILMN_1781389	730167
ILMN_1800659	2070291
ILMN_1673543	4830504
ILMN_1716265	7210093
ILMN_1693620	2480224
ILMN_2168314	6420739
ILMN_2271149	380494
ILMN_1728337	1850278
ILMN_1803278	2510021
ILMN_1781388	4480112
ILMN_1709590	5810762
ILMN_2069399	1410142
ILMN_1702760	4900091
ILMN_1836744	4230301
ILMN_2057566	6200243
ILMN_1707513	2510746
ILMN_1811014	6040445
ILMN_1684771	2970521
ILMN_2195236	1690326
ILMN_2075051	610358
ILMN_1717461	2100398
ILMN_1684541	5490273
ILMN_2154287	4860070
ILMN_1736982	3170139
ILMN_1790533	6980113
ILMN_1799424	3170259
ILMN_1666222	3440341
ILMN_2411864	4060259
ILMN_1736548	1940064
ILMN_2380101	4610477
ILMN_2279099	6480543
ILMN_3237589	3800040
ILMN_1728074	4260364
ILMN_2190779	6900014
ILMN_1692651	4280204
ILMN_1696087	4060722
ILMN_1796710	4730209
ILMN_1670147	830142
ILMN_1808047	1500524
ILMN_1673461	6020452
ILMN_2179873	240524
ILMN_1792353	6020600
ILMN_1812552	1230017
ILMN_1668242	2350612
ILMN_1752877	5310240
ILMN_2385866	6420070
ILMN_1746968	7610273
ILMN_1690138	6020167
ILMN_2390162	1510196
ILMN_1776723	6100521
ILMN_2284706	6520110
ILMN_1808781	1690673
ILMN_1772253	2710750
ILMN_1730799	4570292
ILMN_1761560	3060022
ILMN_2401770	2030491
ILMN_1697975	2230025
ILMN_2401769	2640180
ILMN_1653438	6940386
ILMN_1795285	770411
ILMN_1790518	2630189
ILMN_2279144	6660224
ILMN_1794473	3170615
ILMN_1655194	6220411
ILMN_1736015	7150189
ILMN_1713249	2570091
ILMN_1745420	5550402
ILMN_1756676	7650474
ILMN_1726426	1030520
ILMN_1720476	2760494
ILMN_1813657	4210241
ILMN_2361186	240136
ILMN_1732985	580184
ILMN_2268618	2810671
ILMN_1727287	3460168
ILMN_2361185	6270035
ILMN_1700591	6900427
ILMN_1699496	6580164
ILMN_1790154	6350672
ILMN_1746135	6980092
ILMN_2057826	4280608
ILMN_1798164	6400048
ILMN_1775901	130037
ILMN_2112402	450598
ILMN_1766110	2690349
ILMN_2325194	2900398
ILMN_1714749	4890059
ILMN_2375156	10037
ILMN_1699514	360324
ILMN_2375160	2650326
ILMN_2230530	4280220
ILMN_1711318	7100079
ILMN_1704537	240086
ILMN_1788689	7000377
ILMN_1812503	4590050
ILMN_1814074	1050059
ILMN_2288232	150349
ILMN_1718001	620181
ILMN_1652412	1240019
ILMN_1800447	1740682
ILMN_1682181	2600750
ILMN_2113102	3830056
ILMN_1669607	3310358
ILMN_3251550	5670367
ILMN_1687978	5900725
ILMN_1671557	4810128
ILMN_1659106	3520743
ILMN_1666819	5130093
ILMN_1719792	610301
ILMN_2179778	3780441
ILMN_3307944	4760093
ILMN_1766370	5690709
ILMN_1814661	2850162
ILMN_2083567	6560193
ILMN_1688240	830132
ILMN_2152865	840133
ILMN_1728380	5810086
ILMN_1670681	150446
ILMN_1736619	5130181
ILMN_2193864	6940400
ILMN_1676611	5390411
ILMN_1766593	430491
ILMN_3245476	1340047
ILMN_1803464	6900521
ILMN_2161508	940066
ILMN_2282352	4060546
ILMN_1773073	5860187
ILMN_2385566	7550670
ILMN_2183692	2970114
ILMN_1713387	1400343
ILMN_1678710	870048
ILMN_1661895	2470678
ILMN_2071446	4490626
ILMN_1766264	1410673
ILMN_1693192	1050168
ILMN_1750549	4180376
ILMN_1815134	770047
ILMN_2147471	4180403
ILMN_3229812	450706
ILMN_3232529	2350551
ILMN_1656184	2360414
ILMN_1655126	1240136
ILMN_1666597	4830129
ILMN_1780598	1820019
ILMN_1713613	840692
ILMN_1694799	2320735
ILMN_1658302	5050477
ILMN_1769406	6590358
ILMN_1814966	4570201
ILMN_1802905	1470315
ILMN_1777644	1110154
ILMN_1670668	3780343
ILMN_2227473	780184
ILMN_1758111	6370707
ILMN_1778709	2000068
ILMN_1715273	5820463
ILMN_2373982	7040243
ILMN_1671891	1410114
ILMN_2155272	4810646
ILMN_1705985	6650687
ILMN_1802390	6900605
ILMN_2367186	7560703
ILMN_1733311	2030739
ILMN_1723632	580601
ILMN_2397571	4070136
ILMN_1808938	1450072
ILMN_1658773	1740008
ILMN_1769751	2940682
ILMN_1798395	1580544
ILMN_3251246	3520523
ILMN_1772743	6180300
ILMN_1760332	6110367
ILMN_1799860	1230719
ILMN_2263829	3850280
ILMN_2352724	3890653
ILMN_1691112	6980072
ILMN_1653613	3310451
ILMN_2379931	3890196
ILMN_1673395	5260563
ILMN_1774949	1820703
ILMN_1764871	5810630
ILMN_1701413	6040767
ILMN_1685387	50600
ILMN_1691291	2030520
ILMN_1738759	3840689
ILMN_1738263	3180554
ILMN_1762993	2070279
ILMN_2178186	2030674
ILMN_1743397	5080647
ILMN_1769508	3310093
ILMN_1672366	2320093
ILMN_1790352	580743
ILMN_1675131	5910202
ILMN_1769453	2490500
ILMN_1652787	5220189
ILMN_2166093	2450431
ILMN_3251440	5270379
ILMN_2117323	4610180
ILMN_1738993	7400435
ILMN_1687896	6560121
ILMN_1705396	1240520
ILMN_1705468	4880367
ILMN_1763347	4480523
ILMN_1766275	3360717
ILMN_1770433	3130136
ILMN_1719986	5390730
ILMN_1760303	1470753
ILMN_2289433	1510209
ILMN_1691433	4290450
ILMN_1689057	4610626
ILMN_2398235	6520630
ILMN_1726565	2140097
ILMN_1692895	3850017
ILMN_1715832	3800521
ILMN_1681067	1570048
ILMN_3246957	510463
ILMN_1790875	3290138
ILMN_1655177	4920273
ILMN_1734434	5860500
ILMN_1742197	4210563
ILMN_1671108	5570608
ILMN_2362858	650040
ILMN_1729915	2030088
ILMN_2241953	5420672
ILMN_1807712	840270
ILMN_1768754	1570039
ILMN_1723984	3290195
ILMN_1685534	4730484
ILMN_1815023	3130301
ILMN_1748283	6200168
ILMN_1672034	50538
ILMN_1707748	2190452
ILMN_1789781	4480437
ILMN_1776375	4640168
ILMN_3237693	4610064
ILMN_1729515	1030475
ILMN_1666924	2490259
ILMN_1790309	1240452
ILMN_2182647	3130066
ILMN_3245773	2340301
ILMN_2092077	4010519
ILMN_1796497	5340471
ILMN_3236637	1410037
ILMN_1741017	270546
ILMN_1701213	4610494
ILMN_1787308	1580431
ILMN_1769869	990398
ILMN_1738757	2000703
ILMN_1734478	5690019
ILMN_1736654	5720066
ILMN_1668514	2570008
ILMN_2152465	7200603
ILMN_1812105	1470373
ILMN_1743535	1500475
ILMN_2103774	4830546
ILMN_1739050	5130438
ILMN_1676763	4640070
ILMN_2383383	1770402
ILMN_1761247	2120037
ILMN_3239213	650647
ILMN_1793934	1440278
ILMN_3309709	6660678
ILMN_1715804	6590243
ILMN_1809245	1980687
ILMN_1670638	1230630
ILMN_1738796	6270075
ILMN_1653220	6960215
ILMN_1725187	1820576
ILMN_1751635	290187
ILMN_1698072	1510072
ILMN_1674386	2000373
ILMN_1742218	2450307
ILMN_1796847	3440671
ILMN_2391400	3990440
ILMN_1720976	6650209
ILMN_1666526	4200564
ILMN_1701220	4290612
ILMN_1755350	6130376
ILMN_1711818	6480424
ILMN_1706938	7210470
ILMN_1735693	2060719
ILMN_1769606	4540333
ILMN_2147078	6400184
ILMN_1734810	780735
ILMN_2373566	3610274
ILMN_1667261	6480736
ILMN_1688702	520431
ILMN_2081344	770468
ILMN_2339028	3940138
ILMN_1669645	6060288
ILMN_1671272	940709
ILMN_2110422	7560156
ILMN_2372316	2340128
ILMN_1735534	5130541
ILMN_2274586	6480181
ILMN_1742788	7200747
ILMN_1702401	670719
ILMN_3308683	3310047
ILMN_2052891	70161
ILMN_1807300	5360687
ILMN_1789361	2760463
ILMN_1768262	1030315
ILMN_3234837	3990494
ILMN_1673234	6550408
ILMN_1749579	70360
ILMN_1720034	1010689
ILMN_1701562	5360753
ILMN_1717886	150300
ILMN_2337974	510435
ILMN_1674031	3190601
ILMN_1762262	5910463
ILMN_1695002	2370075
ILMN_2337263	3610615
ILMN_1796627	1430445
ILMN_2406169	2120463
ILMN_1702911	6270088
ILMN_1777031	510164
ILMN_2380561	3460463
ILMN_1723644	5090136
ILMN_1725172	5720646
ILMN_2279397	6330451
ILMN_2366634	160170
ILMN_1775327	2030093
ILMN_1672650	6580039
ILMN_1766658	2510678
ILMN_2401436	2940164
ILMN_2272120	830075
ILMN_2367710	1660368
ILMN_1662687	1780246
ILMN_2367707	2360474
ILMN_1706825	4490242
ILMN_1797184	4730170
ILMN_1745365	2100537
ILMN_1789449	5420435
ILMN_1807689	870575
ILMN_1716424	1440441
ILMN_1663454	5220181
ILMN_2386973	2260646
ILMN_1796141	50373
ILMN_1753457	2750017
ILMN_1726112	3420040
ILMN_1661325	5870100
ILMN_1749410	5890440
ILMN_1792506	3400307
ILMN_1762561	2600170
ILMN_1714956	3310541
ILMN_1808487	4120392
ILMN_1756910	6480037
ILMN_3226641	1110332
ILMN_1721549	3450605
ILMN_1740586	4860152
ILMN_3237030	450167
ILMN_1788811	3890270
ILMN_2233050	5570070
ILMN_1710590	5870110
ILMN_1724799	4050561
ILMN_1746769	50626
ILMN_1803561	4730360
ILMN_1697629	2350722
ILMN_1810191	1990672
ILMN_2217270	2230754
ILMN_1662351	3360551
ILMN_1810595	3370427
ILMN_2370862	5050224
ILMN_1744211	3360064
ILMN_1807171	4480468
ILMN_1798955	3390270
ILMN_1697654	4640682
ILMN_1701195	3390438
ILMN_1704424	50739
ILMN_1683016	6380494
ILMN_1704410	2690762
ILMN_1769822	4890470
ILMN_1810387	5090411
ILMN_1754207	1050609
ILMN_1757220	2490138
ILMN_1725831	2970646
ILMN_1654466	4050504
ILMN_2093343	2490372
ILMN_1653026	4830113
ILMN_1655341	3360626
ILMN_1790859	6270768
ILMN_1657344	540364
ILMN_2287653	2850682
ILMN_1696270	6770497
ILMN_1674280	7210619
ILMN_1815121	670603
ILMN_2356955	1190521
ILMN_1786601	4180209
ILMN_1738742	3710044
ILMN_1656057	5360670
ILMN_1691508	360475
ILMN_2408543	730528
ILMN_2374340	6220671
ILMN_1736929	3830470
ILMN_1723969	1570079
ILMN_1708432	1940735
ILMN_1724066	2060451
ILMN_1714041	4860524
ILMN_1736426	2850110
ILMN_2397294	6280097
ILMN_1769394	1580324
ILMN_1722798	7380241
ILMN_1808379	6940608
ILMN_1784447	6220687
ILMN_2382906	1030376
ILMN_1740160	2260131
ILMN_1815719	2480424
ILMN_2043060	5910521
ILMN_2061565	650452
ILMN_2206953	2100356
ILMN_1718852	4780307
ILMN_1737025	670711
ILMN_1748410	4150452
ILMN_1747451	3850064
ILMN_1670365	2680280
ILMN_1798841	3440598
ILMN_1757769	3180538
ILMN_1719696	5050689
ILMN_1697880	7210543
ILMN_1713013	6250327
ILMN_1666976	6380093
ILMN_1724324	6510465
ILMN_1695490	1580014
ILMN_1706051	6420470
ILMN_3240586	1340707
ILMN_1731518	1980474
ILMN_1733666	1510719
ILMN_2105033	3180746
ILMN_1744268	1050500
ILMN_1788005	1340685
ILMN_1801899	4570189
ILMN_1709256	4610468
ILMN_1685313	4780273
ILMN_1736792	6200397
ILMN_1717780	6590097
ILMN_1757378	7570014
ILMN_1795762	4810020
ILMN_1811470	5270148
ILMN_2394250	3930541
ILMN_1662839	6650324
ILMN_1789138	1430156
ILMN_1715589	2650669
ILMN_1796339	2970437
ILMN_1768681	7400685
ILMN_1797576	6860020
ILMN_1755173	2490577
ILMN_2096083	4230204
ILMN_1797557	4290017
ILMN_1702899	730072
ILMN_1663185	2260543
ILMN_1706610	3930215
ILMN_1783231	2690133
ILMN_2297710	1470341
ILMN_1698323	3800537
ILMN_1659290	3840041
ILMN_1697652	7040301
ILMN_1708041	2470161
ILMN_2106449	2190634
ILMN_1766115	3890152
ILMN_2194561	430348
ILMN_1805606	4920670
ILMN_1657836	1690170
ILMN_1780671	4010397
ILMN_1736242	2640014
ILMN_1702020	7320347
ILMN_2297644	580600
ILMN_2358801	2940209
ILMN_1738680	5690343
ILMN_1780047	6370010
ILMN_1784477	7040091
ILMN_1744614	3120187
ILMN_1664499	3460632
ILMN_1699254	2490068
ILMN_1806752	1780019
ILMN_1804652	1070709
ILMN_1697701	5130039
ILMN_1709549	7550437
ILMN_1683980	3390092
ILMN_2327625	6760497
ILMN_1711422	7560725
ILMN_1694213	3450280
ILMN_1689968	3990546
ILMN_1714446	3450332
ILMN_1767277	1260367
ILMN_1662807	3370494
ILMN_1663802	4060278
ILMN_1658740	830386
ILMN_1683832	3610242
ILMN_1807393	4560520
ILMN_1698587	3310367
ILMN_2094416	6020706
ILMN_1751811	6420347
ILMN_3238364	4250102
ILMN_1665562	3800524
ILMN_2138765	460204
ILMN_1801077	1400446
ILMN_2209993	1940402
ILMN_1736176	6130215
ILMN_1717706	1740746
ILMN_1679979	6510278
ILMN_1789123	3190470
ILMN_3240611	6250634
ILMN_2082865	5670687
ILMN_1787673	6020619
ILMN_1730811	3190204
ILMN_2192245	4250689
ILMN_1684391	60437
ILMN_1799139	460338
ILMN_2410924	4640187
ILMN_1771599	7040477
ILMN_1774836	160630
ILMN_1790106	2650288
ILMN_2414135	4780139
ILMN_1709919	5570491
ILMN_1738767	2060288
ILMN_1749634	1470082
ILMN_2074044	6330187
ILMN_1759206	6840739
ILMN_1785265	2190603
ILMN_2041788	2710730
ILMN_1745242	3890609
ILMN_1763279	4670338
ILMN_1703433	6940255
ILMN_1757338	4120019
ILMN_1652871	4220400
ILMN_1711748	4260215
ILMN_1773389	5690519
ILMN_1774250	6420687
ILMN_2194577	1050377
ILMN_1815568	4830646
ILMN_1753312	5900497
ILMN_1791569	6450685
ILMN_1844408	5890204
ILMN_1680617	7510598
ILMN_1719972	4150132
ILMN_3223471	450471
ILMN_3231841	1170546
ILMN_3231596	3360026
ILMN_1749343	2710411
ILMN_1742330	6330438
ILMN_1763447	10673
ILMN_1659488	1820168
ILMN_1686313	4060139
ILMN_2117623	60554
ILMN_1675222	4210370
ILMN_2293067	4040594
ILMN_1766000	50470
ILMN_2098446	2750367
ILMN_1689525	6020598
ILMN_2170095	6770341
ILMN_1792589	5260433
ILMN_1806849	4200192
ILMN_1708569	6060010
ILMN_1734276	240400
ILMN_1675858	520615
ILMN_1657823	2810138
ILMN_2309156	3830041
ILMN_1756445	3940193
ILMN_1713867	7100484
ILMN_1728019	10136
ILMN_2398378	520070
ILMN_1731299	1230091
ILMN_1750861	2070682
ILMN_1811588	3180452
ILMN_1808599	6040148
ILMN_2248192	7560546
ILMN_1780236	4890408
ILMN_1785336	1260315
ILMN_1740706	1690403
ILMN_1810864	270538
ILMN_1659312	4280047
ILMN_1785646	7560138
ILMN_1764239	1090026
ILMN_1728660	4220707
ILMN_1700847	5960594
ILMN_1677887	5260168
ILMN_1670300	5260246
ILMN_2329744	5490189
ILMN_2262203	1850184
ILMN_1798166	2340079
ILMN_2262198	3870682
ILMN_1673337	4010280
ILMN_1808300	6420292
ILMN_2349992	7150133
ILMN_1791144	1580278
ILMN_1689474	6280300
ILMN_1752028	6400239
ILMN_1794817	2320754
ILMN_1676411	1410064
ILMN_2361427	4120376
ILMN_1699049	6220132
ILMN_3238751	5910474
ILMN_2083333	150575
ILMN_2083334	1400519
ILMN_1715896	1340022
ILMN_1697189	10543
ILMN_1774604	4730349
ILMN_1652161	5360138
ILMN_1711810	6400128
ILMN_1694111	7610184
ILMN_1656132	6940008
ILMN_1685596	2190193
ILMN_1775930	3610296
ILMN_1712613	2320195
ILMN_1678655	1740112
ILMN_1770850	6350608
ILMN_1790778	4590619
ILMN_1783805	7320270
ILMN_1750337	7320608
ILMN_1759613	5090435
ILMN_3240935	6550626
ILMN_3299393	2230519
ILMN_3245239	430184
ILMN_1710027	5570170
ILMN_1721703	7150132
ILMN_1753607	2000450
ILMN_1676003	2350278
ILMN_2396801	940463
ILMN_1808241	5420725
ILMN_1787923	1190463
ILMN_1691007	160563
ILMN_1664348	6560634
ILMN_1771364	4150674
ILMN_1799614	1690446
ILMN_1662587	5050577
ILMN_1680223	450458
ILMN_2180582	7610026
ILMN_1684289	3180600
ILMN_1810608	4060050
ILMN_3251723	4220551
ILMN_2051408	6040609
ILMN_1789955	4850095
ILMN_2147306	360280
ILMN_1778957	1010202
ILMN_1770800	6480040
ILMN_1803220	2900577
ILMN_2413158	1850092
ILMN_2297511	6270440
ILMN_1711311	6330576
ILMN_1657347	3360669
ILMN_1760705	5340110
ILMN_2276758	290348
ILMN_1776076	1400465
ILMN_1782870	4830497
ILMN_2247360	5570669
ILMN_1775823	2490605
ILMN_1701482	4780193
ILMN_2376667	6510133
ILMN_1756669	6220368
ILMN_1652929	1780445
ILMN_1733441	3890465
ILMN_2329309	6250692
ILMN_2133187	870711
ILMN_1725145	1010619
ILMN_2191436	5810253
ILMN_1696713	4920537
ILMN_1767894	6380338
ILMN_1652580	290731
ILMN_3305304	580435
ILMN_3228700	4590685
ILMN_1751773	4590608
ILMN_2233552	7200463
ILMN_1803772	1050240
ILMN_1743499	7200356
ILMN_1688000	5700370
ILMN_1685845	7330228
ILMN_1728199	2000010
ILMN_1774336	1170326
ILMN_1785198	1300491
ILMN_1660063	2120286
ILMN_2101930	3870220
ILMN_1671004	4230133
ILMN_2136576	5690608
ILMN_1658221	6550327
ILMN_1702218	1500110
ILMN_1703474	2680180
ILMN_1745787	3190692
ILMN_1716973	7570553
ILMN_1725166	3990639
ILMN_1740291	4060056
ILMN_1780758	940619
ILMN_1794632	5890646
ILMN_2067101	6180626
ILMN_1746686	1010653
ILMN_1767219	5700167
ILMN_1742427	1090687
ILMN_1767422	6370484
ILMN_2110167	4040504
ILMN_1678934	6480064
ILMN_1782385	3290338
ILMN_2088172	3130632
ILMN_1732300	6960546
ILMN_1659411	7200142
ILMN_1792672	6900025
ILMN_3239240	4850280
ILMN_1745885	6370762
ILMN_1748438	7100066
ILMN_1689445	1240221
ILMN_1720542	1010347
ILMN_1657317	6350333
ILMN_3241970	3180327
ILMN_1677138	2750632
ILMN_1661516	3190537
ILMN_1699383	70092
ILMN_1662743	450037
ILMN_1678314	580180
ILMN_1808946	830678
ILMN_1657472	840139
ILMN_1740486	840435
ILMN_1754584	2600220
ILMN_1665985	2690674
ILMN_1775442	3460138
ILMN_1678827	4480452
ILMN_1762769	7330128
ILMN_1659026	2600068
ILMN_1670037	6200017
ILMN_2197247	3140452
ILMN_1681837	7380731
ILMN_1767459	4780253
ILMN_1795678	6130138
ILMN_1685109	2030189
ILMN_3241257	4150465
ILMN_1673966	610019
ILMN_3251691	3400037
ILMN_2070349	6450274
ILMN_1746893	6520463
ILMN_1760667	5490703
ILMN_1786024	2450634
ILMN_2321339	3870364
ILMN_1731718	7200224
ILMN_1801664	7000703
ILMN_1770356	1990053
ILMN_1756793	4730292
ILMN_2145050	3930475
ILMN_3235808	2120156
ILMN_3251332	1110471
ILMN_3241154	5960037
ILMN_3304257	3060427
ILMN_3249444	1090706
ILMN_2403664	5080072
ILMN_1672899	5260291
ILMN_1693664	2940224
ILMN_1693287	1030010
ILMN_2093810	6560717
ILMN_2238506	1300364
ILMN_2305721	4390687
ILMN_1743663	4780632
ILMN_1678805	6290292
ILMN_1709800	6290678
ILMN_3307803	460154
ILMN_1662944	3710180
ILMN_2354381	3140390
ILMN_1714158	7150167
ILMN_1701007	4210228
ILMN_1768273	3840397
ILMN_1696383	1410528
ILMN_1687864	4560528
ILMN_1814483	6550484
ILMN_1680091	2480554
ILMN_1660282	4070025
ILMN_1652244	1470324
ILMN_1677768	1230754
ILMN_2337058	3290343
ILMN_1761112	6510168
ILMN_2196328	510246
ILMN_1790761	1050747
ILMN_1692041	3840762
ILMN_2327203	4860735
ILMN_2287707	6250477
ILMN_1724081	3180477
ILMN_2370916	160193
ILMN_1810689	6900619
ILMN_2321282	60091
ILMN_3225545	2100414
ILMN_1671474	6380561
ILMN_3242275	6900685
ILMN_1772582	7570255
ILMN_3239866	290242
ILMN_3241159	6350132
ILMN_3242016	3190010
ILMN_3241758	4850138
ILMN_1735698	4920477
ILMN_3242191	6860014
ILMN_3240795	3290541
ILMN_1706403	1010341
ILMN_1811049	2710452
ILMN_1794333	7320687
ILMN_1736311	650630
ILMN_2129397	2070661
ILMN_1773613	2640093
ILMN_2086981	1050097
ILMN_1670782	5340097
ILMN_2209045	2490551
ILMN_1725772	3310291
ILMN_1670274	2260403
ILMN_1738003	3190639
ILMN_1738691	7400598
ILMN_1740035	4760682
ILMN_1796969	5550196
ILMN_1705546	770615
ILMN_1665632	5550577
ILMN_2068499	290136
ILMN_2068498	6450746
ILMN_1815649	6330523
ILMN_1805766	3140403
ILMN_1773914	870192
ILMN_3237564	770369
ILMN_2067421	3520408
ILMN_1805827	4050452
ILMN_1687785	460630
ILMN_2342455	770356
ILMN_1755041	6620491
ILMN_1798459	1230673
ILMN_2060105	6510201
ILMN_1739161	1030630
ILMN_1676296	1770201
ILMN_2343278	4490739
ILMN_1672608	3710678
ILMN_2408683	6220097
ILMN_2388800	7050575
ILMN_1710170	4250626
ILMN_2405156	6580754
ILMN_1675523	6620725
ILMN_1689177	2070592
ILMN_1675406	540047
ILMN_1802628	6370594
ILMN_1690839	5260278
ILMN_1700488	870441
ILMN_2362847	2470008
ILMN_1659346	6510093
ILMN_1721729	1070195
ILMN_1811973	1110554
ILMN_1674282	2630168
ILMN_1779794	7510682
ILMN_1687612	380255
ILMN_1800225	830019
ILMN_2364384	1440324
ILMN_1679901	6450176
ILMN_1750062	580390
ILMN_2195703	5340433
ILMN_1674302	4070132
ILMN_1767281	2230563
ILMN_3297280	7650072
ILMN_1704941	3140112
ILMN_2396996	2570725
ILMN_1776094	2850192
ILMN_1720430	4590403
ILMN_1652017	5390474
ILMN_2321975	7210564
ILMN_1733294	5090364
ILMN_1726602	6130288
ILMN_1800164	130608
ILMN_1727050	610445
ILMN_2382126	1260551
ILMN_2382127	7610162
ILMN_1803318	1190470
ILMN_1800262	2260647
ILMN_1667791	7570095
ILMN_1705384	1940450
ILMN_1806320	2680131
ILMN_2277252	3390364
ILMN_1679460	4010414
ILMN_1675656	6900053
ILMN_1791093	1430706
ILMN_1805788	2450102
ILMN_1706593	2570373
ILMN_2322842	2810730
ILMN_1704529	1850035
ILMN_3236259	5890528
ILMN_3241899	1300446
ILMN_3237769	840220
ILMN_3306864	1770600
ILMN_3226929	1980703
ILMN_1703622	2900112
ILMN_1669032	2970735
ILMN_2223903	7000114
ILMN_2190851	2810707
ILMN_2190850	3610220
ILMN_2348503	2690634
ILMN_2326737	2810653
ILMN_1680341	5390181
ILMN_1674825	6250220
ILMN_1809607	2900072
ILMN_2212156	150164
ILMN_1807611	5340341
ILMN_1801913	5130241
ILMN_2054392	4200612
ILMN_1675273	2750521
ILMN_1802872	3360437
ILMN_1729690	7200382
ILMN_1760040	1430161
ILMN_2285490	3780048
ILMN_1770020	4390390
ILMN_2393060	7320326
ILMN_1799151	3850386
ILMN_1715616	10253
ILMN_2411608	840079
ILMN_2293167	3940161
ILMN_1778890	4830427
ILMN_1758085	5130044
ILMN_1657058	3120259
ILMN_1806030	4390754
ILMN_2296045	3120523
ILMN_2410516	3310402
ILMN_1727127	6100128
ILMN_1690077	6520390
ILMN_2377210	1850228
ILMN_1716862	3450681
ILMN_1734991	6280138
ILMN_1796085	6520739
ILMN_1727138	7380041
ILMN_1670875	5690554
ILMN_1708508	6280059
ILMN_2059535	240348
ILMN_1765522	940202
ILMN_1806867	3140008
ILMN_1713846	450414
ILMN_1799150	7200170
ILMN_3251222	130201
ILMN_2070043	5870189
ILMN_2070044	7160593
ILMN_1763793	460615
ILMN_1657810	7150253
ILMN_2218780	1110192
ILMN_1732772	830411
ILMN_1673798	3120609
ILMN_1695827	3990368
ILMN_2377980	4210414
ILMN_2405023	5720017
ILMN_2405018	6200369
ILMN_1701855	2760292
ILMN_1659058	6480474
ILMN_1747598	620376
ILMN_1739622	4010400
ILMN_1756289	2000014
ILMN_2379375	2650475
ILMN_1685286	3450220
ILMN_1748831	3420228
ILMN_1669390	1240176
ILMN_1761968	6020468
ILMN_1659888	5290097
ILMN_1664855	5490437
ILMN_1788267	1300162
ILMN_1659936	1340600
ILMN_1670664	5670609
ILMN_2106931	6370156
ILMN_1757882	3140408
ILMN_1727098	5490333
ILMN_2056606	2750563
ILMN_1690096	540553
ILMN_2304495	1940747
ILMN_1759012	5720639
ILMN_1808217	3940561
ILMN_1797302	4860017
ILMN_1667753	5560403
ILMN_1683044	4250343
ILMN_2045610	5700328
ILMN_2204142	3290670
ILMN_1741649	1340035
ILMN_2084506	5860601
ILMN_2131103	3940682
ILMN_1712236	5870608
ILMN_1736670	6580593
ILMN_1781198	1230068
ILMN_1735064	1710113
ILMN_1784822	1500162
ILMN_1808333	3440368
ILMN_2321485	2480747
ILMN_1781526	4610239
ILMN_1732141	5270373
ILMN_1741674	5260307
ILMN_1688865	1430470
ILMN_2196097	1740240
ILMN_1722858	3190647
ILMN_1675693	270296
ILMN_1712659	3940528
ILMN_1768582	6840280
ILMN_1810467	5570767
ILMN_1709247	4670706
ILMN_1779841	4850196
ILMN_1704656	5080685
ILMN_1788961	3710594
ILMN_2298365	620369
ILMN_2360202	1990019
ILMN_2264788	4010176
ILMN_1751398	4640474
ILMN_1660732	6020523
ILMN_1669365	6860564
ILMN_1680507	460131
ILMN_2291152	2600605
ILMN_2401344	3450047
ILMN_1661129	6020288
ILMN_1805652	1010379
ILMN_1683589	5130470
ILMN_1778587	5420747
ILMN_1656393	3420519
ILMN_1718805	5090465
ILMN_1702708	6130411
ILMN_2376520	6560152
ILMN_1689720	3170494
ILMN_1712257	3440315
ILMN_1752032	5360020
ILMN_1662617	1820072
ILMN_2214603	5270138
ILMN_1652249	1740441
ILMN_2372922	1940538
ILMN_1658951	3060133
ILMN_1729123	6040114
ILMN_1738784	5870746
ILMN_2124082	3290386
ILMN_1789283	150356
ILMN_2364971	780068
ILMN_1780913	1170626
ILMN_1795846	6270647
ILMN_1699384	2030278
ILMN_2359887	3710010
ILMN_1780940	5090035
ILMN_1666761	7160626
ILMN_1670970	2940537
ILMN_2044226	4290475
ILMN_1802669	7400546
ILMN_1690546	5690382
ILMN_1796962	6200768
ILMN_1721271	360341
ILMN_3248975	4280291
ILMN_1724544	2060286
ILMN_2345512	5560020
ILMN_1805534	3930270
ILMN_2211922	5050750
ILMN_2060891	5960746
ILMN_1775965	2340402
ILMN_1660356	6250561
ILMN_2370019	6520162
ILMN_2288928	7610411
ILMN_1745332	6770593
ILMN_1664921	670408
ILMN_1660840	3870255
ILMN_1737580	380541
ILMN_1796210	7160100
ILMN_1669273	7200041
ILMN_1676689	1660575
ILMN_1660337	1780397
ILMN_1750664	4780059
ILMN_1800855	1090546
ILMN_2223380	770379
ILMN_1751445	3140148
ILMN_2136926	1710427
ILMN_1652137	4120400
ILMN_1711596	450315
ILMN_2325234	3400196
ILMN_1692429	4810228
ILMN_1798620	4640131
ILMN_2330597	3710170
ILMN_2251664	5050411
ILMN_1733555	7550176
ILMN_1814213	7000382
ILMN_3248384	4060592
ILMN_1801832	5910403
ILMN_1720578	5270093
ILMN_3240222	2640441
ILMN_1711493	2490072
ILMN_1740744	2570603
ILMN_2306033	2690519
ILMN_1700031	4480301
ILMN_1709731	3290154
ILMN_1652670	4290639
ILMN_2112551	6650730
ILMN_2312106	380435
ILMN_2242013	1240114
ILMN_1735195	2350112
ILMN_1742068	4390131
ILMN_3303518	290482
ILMN_3226405	770114
ILMN_1809304	2030201
ILMN_3231785	4920543
ILMN_3228189	6560195
ILMN_3239244	5090689
ILMN_3305675	4260131
ILMN_3225858	5820554
ILMN_2222337	1570626
ILMN_1738110	6560059
ILMN_3241950	6420463
ILMN_1762253	2570152
ILMN_3240662	2570754
ILMN_3240607	2600156
ILMN_1739685	1300086
ILMN_3236604	6560333
ILMN_3227049	840471
ILMN_3300849	4640451
ILMN_2221769	1190240
ILMN_2221768	4060142
ILMN_1718135	940176
ILMN_2094648	5290291
ILMN_2045270	6620131
ILMN_2104821	2900458
ILMN_1670438	4040543
ILMN_1674089	6940128
ILMN_1672478	1980066
ILMN_2206592	7160398
ILMN_1815556	2650047
ILMN_1740017	1660358
ILMN_1672828	3130475
ILMN_2350301	4010224
ILMN_2192595	6370189
ILMN_1662989	6450719
ILMN_1759690	5260608
ILMN_2146648	5260722
ILMN_1755704	6560270
ILMN_1728934	2070494
ILMN_1809818	1430243
ILMN_1802843	6520156
ILMN_3239534	4760382
ILMN_1769091	1660300
ILMN_2367215	6110386
ILMN_2294784	450379
ILMN_2414165	3840113
ILMN_2298159	5260392
ILMN_1655077	6220288
ILMN_2352293	670128
ILMN_2352295	2070753
ILMN_1765218	4040468
ILMN_1692758	6580619
ILMN_1698753	1990603
ILMN_1815120	770634
ILMN_2163835	3360711
ILMN_1682491	3450445
ILMN_1784094	2120343
ILMN_1697631	2630239
ILMN_2343264	3400240
ILMN_1655387	3830600
ILMN_1743017	4060189
ILMN_2258543	2690358
ILMN_1779825	3710131
ILMN_1652992	4120639
ILMN_1691432	20243
ILMN_1700985	2070056
ILMN_1662453	6220768
ILMN_1732023	3520192
ILMN_1802082	7040431
ILMN_1887865	2570025
ILMN_1761598	6560343
ILMN_2366388	6180446
ILMN_2366391	6250280
ILMN_1709584	840121
ILMN_2382829	5960674
ILMN_1767766	6550064
ILMN_2395969	5570292
ILMN_2395974	5820020
ILMN_2222234	2650253
ILMN_1815024	520750
ILMN_2383975	2630056
ILMN_1711606	3310564
ILMN_1803180	7550343
ILMN_1733930	2060274
ILMN_2131269	3840619
ILMN_1733356	240288
ILMN_1813594	6400519
ILMN_1753166	6520379
ILMN_2179652	6220379
ILMN_2383874	3450730
ILMN_1668986	5820332
ILMN_1707380	6650128
ILMN_2395156	7000446
ILMN_1751887	6940356
ILMN_1666615	3940653
ILMN_2345319	5310204
ILMN_1777342	3780139
ILMN_2369179	5420360
ILMN_1677652	6330021
ILMN_1661806	6650521
ILMN_1740633	4670193
ILMN_3310146	4180594
ILMN_1729314	3840072
ILMN_1659645	2360128
ILMN_3304072	460014
ILMN_3221432	2760739
ILMN_1795672	840102
ILMN_2210534	2970372
ILMN_1797808	3400288
ILMN_3248347	1010274
ILMN_1787509	5960343
ILMN_1741356	1770224
ILMN_1683148	1570168
ILMN_1656942	840706
ILMN_1695868	730114
ILMN_2210129	2140273
ILMN_1694502	6200390
ILMN_1694100	5700279
ILMN_1742922	1940634
ILMN_1775975	3450411
ILMN_1757591	4540348
ILMN_1765299	5820044
ILMN_3245405	6550678
ILMN_1783889	4150079
ILMN_2357577	6980750
ILMN_1668778	1770577
ILMN_1793522	1260440
ILMN_1786021	5860307
ILMN_1786195	2320086
ILMN_2395314	5260133
ILMN_1690314	520546
ILMN_1759922	1470286
ILMN_2374234	3830025
ILMN_1771523	5670156
ILMN_2278112	6290768
ILMN_1808368	6510398
ILMN_2412101	2140066
ILMN_1751984	6860092
ILMN_1797531	1050196
ILMN_2387919	3120279
ILMN_2293872	3360347
ILMN_1749419	6660414
ILMN_1716754	7000601
ILMN_1738632	130368
ILMN_2277077	4390102
ILMN_2389590	7050021
ILMN_1674390	830463
ILMN_1681888	4290170
ILMN_1684850	5900309
ILMN_1771800	6560564
ILMN_1708159	3060538
ILMN_3222974	4490373
ILMN_3299520	6840615
ILMN_1713603	2190411
ILMN_1716563	3460564
ILMN_1806908	5090563
ILMN_1801105	4230626
ILMN_1682813	6040196
ILMN_1793476	7550307
ILMN_1717799	1690039
ILMN_1739812	6650484
ILMN_1780898	3290731
ILMN_1725188	3930561
ILMN_1733421	4640576
ILMN_1777794	630280
ILMN_2400512	2850639
ILMN_1697267	130551
ILMN_2253286	650711
ILMN_1775050	2600307
ILMN_2386982	2750324
ILMN_1662155	4780681
ILMN_1785891	1070184
ILMN_1753805	990138
ILMN_2331525	6510446
ILMN_1703196	4810450
ILMN_1769517	770390
ILMN_2334121	3390152
ILMN_1797499	3850020
ILMN_2253648	5490445
ILMN_1693519	6290082
ILMN_2106893	6860288
ILMN_1804870	1510605
ILMN_1758474	770021
ILMN_1804490	1710746
ILMN_1655622	1820253
ILMN_1786834	70139
ILMN_2205050	1470367
ILMN_1772163	1850687
ILMN_1809352	5860041
ILMN_1758266	5820639
ILMN_1655711	4390497
ILMN_1669781	2450025
ILMN_2175236	3060309
ILMN_1675543	4010471
ILMN_1681772	3780224
ILMN_1789482	3060484
ILMN_1652284	7320079
ILMN_1667101	7550040
ILMN_1659744	1170288
ILMN_2347234	3460669
ILMN_1692473	6400138
ILMN_1778985	2450553
ILMN_2393544	1470392
ILMN_2259119	2640161
ILMN_1675038	3850615
ILMN_1662964	6760133
ILMN_2403889	3850520
ILMN_1811955	5700520
ILMN_1813834	3890187
ILMN_2234229	7200707
ILMN_2082489	2100402
ILMN_1714121	2480524
ILMN_1684795	6060324
ILMN_2360415	2710341
ILMN_1737988	3170162
ILMN_1737813	2600576
ILMN_1669577	2750328
ILMN_1788288	3060598
ILMN_1700076	5810368
ILMN_1775658	4070543
ILMN_1719963	6130100
ILMN_2230374	1240754
ILMN_2213834	5910746
ILMN_1764243	7400504
ILMN_2394132	520403
ILMN_3298602	1740021
ILMN_1687721	4810039
ILMN_1663179	4490196
ILMN_1717262	290181
ILMN_1671365	5860689
ILMN_1686259	6040364
ILMN_1716259	1440609
ILMN_1775257	1030463
ILMN_1704751	6620044
ILMN_2043553	1070747
ILMN_1729476	5360441
ILMN_1786720	7400452
ILMN_1761946	4120193
ILMN_1730492	1070615
ILMN_1671928	6420008
ILMN_1736154	780767
ILMN_1748908	1050039
ILMN_1752622	5360689
ILMN_3248228	5670010
ILMN_1664565	6480746
ILMN_1807243	5860327
ILMN_1769545	7050189
ILMN_1715392	2260615
ILMN_1719204	1190707
ILMN_1656274	4260184
ILMN_1675626	4390370
ILMN_1799299	4760725
ILMN_1692779	6130598
ILMN_1697440	6100441
ILMN_1666648	650068
ILMN_1659854	4890209
ILMN_1789593	1570736
ILMN_1722200	4480347
ILMN_1737124	2810678
ILMN_1697168	5090386
ILMN_1736021	7100372
ILMN_1659259	7160671
ILMN_1738677	6060349
ILMN_1723678	5960180
ILMN_1807610	4590669
ILMN_1667050	4780521
ILMN_1655155	3460110
ILMN_2232953	4060180
ILMN_1758104	130619
ILMN_2399431	7000521
ILMN_1768449	6130747
ILMN_2116661	290112
ILMN_1812445	5890669
ILMN_1794703	5050521
ILMN_1782403	2370072
ILMN_1782241	580400
ILMN_2344204	3890300
ILMN_1795944	6960471
ILMN_1745329	7570711
ILMN_2203768	580278
ILMN_1726879	7040093
ILMN_1748970	630243
ILMN_1709153	10324
ILMN_1674924	1450717
ILMN_1683316	5290279
ILMN_1779778	3170255
ILMN_3245936	610228
ILMN_3246071	6060064
ILMN_3246169	4150343
ILMN_3246286	2760017
ILMN_1660965	2970746
ILMN_3238841	7200523
ILMN_1700889	6110438
ILMN_2392674	3930754
ILMN_1750167	5670458
ILMN_1753665	1170278
ILMN_1720300	1660082
ILMN_1692664	5570445
ILMN_2409754	6130630
ILMN_1660017	7050747
ILMN_1677509	60653
ILMN_1741244	4490332
ILMN_1685140	7040397
ILMN_1781791	7150673
ILMN_2064150	3060605
ILMN_1652938	730630
ILMN_2219437	2230114
ILMN_1661809	5810689
ILMN_1780357	2760398
ILMN_1724424	6350112
ILMN_1784985	4070180
ILMN_1739496	580431
ILMN_1811851	3400372
ILMN_1790338	4150204
ILMN_1734773	4830379
ILMN_1672720	2480692
ILMN_1692020	430768
ILMN_1750234	2690452
ILMN_2382964	2490367
ILMN_1774256	4780373
ILMN_1776925	510546
ILMN_1797776	2190184
ILMN_1775549	7210600
ILMN_1685699	5080139
ILMN_1736831	2470364
ILMN_1769580	5090307
ILMN_3239881	5670392
ILMN_1796092	3940605
ILMN_1786524	6100632
ILMN_1757294	4830431
ILMN_1807272	3710470
ILMN_2220845	1170598
ILMN_1695969	4250471
ILMN_1796461	990619
ILMN_1673605	2360603
ILMN_1708516	940543
ILMN_1705225	610402
ILMN_1660085	2120484
ILMN_2084031	4890747
ILMN_1668460	1770731
ILMN_1728914	6420521
ILMN_2075526	5420767
ILMN_1700771	7570576
ILMN_2405348	4040435
ILMN_1786648	5490215
ILMN_1805149	7040767
ILMN_2156971	5050064
ILMN_1666140	4040561
ILMN_2355559	6200086
ILMN_1749109	7650333
ILMN_3238264	6960241
ILMN_1692938	4850674
ILMN_1712563	5720450
ILMN_1771538	1660392
ILMN_1694084	6860719
ILMN_2377459	990747
ILMN_1721241	5390577
ILMN_1660364	6510524
ILMN_2092041	1980523
ILMN_1746864	2680386
ILMN_1806242	2190543
ILMN_1662963	3360386
ILMN_1658243	780543
ILMN_1656915	2260050
ILMN_1717477	5560630
ILMN_1673160	6980187
ILMN_2154115	4730131
ILMN_1808548	3840730
ILMN_1809193	4850725
ILMN_1796669	5700538
ILMN_1744267	6960719
ILMN_2404512	20040
ILMN_1714417	4040605
ILMN_1669718	1110100
ILMN_1798000	4900561
ILMN_3226388	4900477
ILMN_1706911	3290707
ILMN_1764483	1740408
ILMN_2188141	4290397
ILMN_1693530	1660221
ILMN_1685312	3440095
ILMN_2281810	3400474
ILMN_2384745	4210500
ILMN_1693397	5690681
ILMN_2103709	4480292
ILMN_1728734	6350471
ILMN_2309615	1690095
ILMN_1716238	5050377
ILMN_1718514	5960392
ILMN_1763018	6550563
ILMN_1772768	2230338
ILMN_1651656	6760253
ILMN_1795106	5130377
ILMN_1801776	4120243
ILMN_1679319	160332
ILMN_1788701	5310747
ILMN_2126399	830470
ILMN_1765304	1660059
ILMN_1700770	4060491
ILMN_1704176	1980647
ILMN_1760542	1940110
ILMN_1691809	3370543
ILMN_1709611	7560025
ILMN_2058512	2140470
ILMN_2387553	3460324
ILMN_2318011	5720327
ILMN_2198376	3420543
ILMN_1682098	4040711
ILMN_1759952	5080451
ILMN_2151818	5080326
ILMN_1704094	7040470
ILMN_1701962	5050279
ILMN_1659103	7040129
ILMN_1789176	2760376
ILMN_1683026	2000445
ILMN_3235768	3130538
ILMN_1764794	610138
ILMN_1748651	3710332
ILMN_1737862	580494
ILMN_1744649	510315
ILMN_1666409	2360682
ILMN_1814156	1780543
ILMN_1767006	3180026
ILMN_1747195	3420632
ILMN_2284794	4210706
ILMN_2390299	7210326
ILMN_2376108	1940180
ILMN_1798233	6450692
ILMN_1710406	830608
ILMN_1736353	3060487
ILMN_1768784	4230296
ILMN_1809010	6960315
ILMN_3307266	50382
ILMN_2396947	3990148
ILMN_1675321	4260324
ILMN_2396948	5960504
ILMN_2395389	150544
ILMN_2287888	5360646
ILMN_1687887	6180440
ILMN_1780189	6580646
ILMN_2096759	4780538
ILMN_1655316	6100762
ILMN_1702837	5090647
ILMN_1776102	4070195
ILMN_2281128	5340370
ILMN_2383435	5360239
ILMN_1800952	6220615
ILMN_1767518	1690088
ILMN_1684383	3440576
ILMN_1691428	4120047
ILMN_1670893	4610253
ILMN_2368971	7210373
ILMN_2342121	1440017
ILMN_1704404	7550601
ILMN_1737396	2600025
ILMN_1712432	450403
ILMN_1796430	60360
ILMN_1711765	290376
ILMN_2344130	2630463
ILMN_1728355	5960739
ILMN_3307799	6110446
ILMN_1720926	3060750
ILMN_1779633	990184
ILMN_2155998	5810070
ILMN_1776173	6290021
ILMN_1733256	650369
ILMN_1732767	2140189
ILMN_1806017	150047
ILMN_1726698	4290491
ILMN_1786612	830403
ILMN_2346573	1450064
ILMN_1800975	2470427
ILMN_1763540	20671
ILMN_2291010	2710047
ILMN_2367191	3290369
ILMN_1659285	1010168
ILMN_1779264	2450136
ILMN_2088410	4260022
ILMN_1802627	2650138
ILMN_3224204	1240521
ILMN_3231020	3190152
ILMN_1799669	2450270
ILMN_1653447	4640133
ILMN_3309634	7000192
ILMN_1795927	4200414
ILMN_1724490	5690563
ILMN_2147114	870753
ILMN_1776105	3800520
ILMN_1688312	3420537
ILMN_1789887	6960113
ILMN_1671843	1070762
ILMN_2315964	1510152
ILMN_1801152	6290050
ILMN_1717707	3710598
ILMN_1703327	7320747
ILMN_1713058	4290368
ILMN_1746836	510112
ILMN_3237679	6110646
ILMN_1655154	4260754
ILMN_2333319	6060332
ILMN_2142979	5820521
ILMN_1707240	7150154
ILMN_2225709	3180196
ILMN_1677221	4890040
ILMN_2051867	5310324
ILMN_1714424	5390053
ILMN_1800331	1410289
ILMN_1753329	1230736
ILMN_1717393	6860176
ILMN_1767927	4570156
ILMN_1693807	2450288
ILMN_2054481	4830095
ILMN_1658381	5960129
ILMN_1755423	4760445
ILMN_2091920	4880600
ILMN_1688753	60128
ILMN_1763723	6590324
ILMN_1701134	6840072
ILMN_3240160	6060754
ILMN_2392624	110674
ILMN_1688090	2000139
ILMN_1795336	6130382
ILMN_1654415	4060441
ILMN_2062714	2810471
ILMN_1706268	6940274
ILMN_1664464	1820379
ILMN_1744929	7150484
ILMN_1703926	5900471
ILMN_1759542	270754
ILMN_1743361	1710703
ILMN_2290444	2000349
ILMN_1677384	2680441
ILMN_1767581	4890438
ILMN_1690202	5810497
ILMN_2290453	6040446
ILMN_2353110	7000427
ILMN_1795930	2940438
ILMN_1713829	1510181
ILMN_2345016	870113
ILMN_2345015	6110161
ILMN_1719749	1780719
ILMN_2395652	770551
ILMN_1813341	5570433
ILMN_1743130	2680411
ILMN_2077905	5550332
ILMN_1747023	1990008
ILMN_1667692	7150762
ILMN_1704531	2570332
ILMN_2225537	6450440
ILMN_2105254	2650465
ILMN_2105253	6220202
ILMN_2339835	1070450
ILMN_1665100	6840626
ILMN_2054297	1820632
ILMN_1677511	2260477
ILMN_1781669	4150327
ILMN_2202048	6960152
ILMN_3246328	940646
ILMN_1795166	6330593
ILMN_1673553	580392
ILMN_1729075	3520176
ILMN_1785699	1980593
ILMN_2314169	6900414
ILMN_1714364	450253
ILMN_1676305	2680750
ILMN_1732318	1570497
ILMN_2330966	2810632
ILMN_1765189	5960612
ILMN_2075800	6330608
ILMN_1764508	7200020
ILMN_1662166	3450020
ILMN_2353202	6510050
ILMN_1734510	4290592
ILMN_1759954	460386
ILMN_1721046	7330379
ILMN_1813753	4390328
ILMN_1700109	1400025
ILMN_2154654	1030025
ILMN_1760575	6180414
ILMN_1689197	290608
ILMN_2338997	2320189
ILMN_1740972	3840280
ILMN_1795697	4250747
ILMN_1670972	4810736
ILMN_1688490	7560242
ILMN_2359710	1110561
ILMN_1782530	1190451
ILMN_1662427	4050047
ILMN_3250321	4480286
ILMN_1769779	5910594
ILMN_1789027	450138
ILMN_1810011	990653
ILMN_1761031	3520220
ILMN_1725791	730221
ILMN_1658746	6040048
ILMN_1743065	6420349
ILMN_1737398	7150152
ILMN_1690114	2900328
ILMN_1690806	4560270
ILMN_2170353	6980253
ILMN_3236945	3370142
ILMN_1681591	4390703
ILMN_1778236	2030523
ILMN_2222074	3140364
ILMN_1695509	3990136
ILMN_2374687	1580520
ILMN_2374683	3060609
ILMN_1750240	450653
ILMN_1770005	2030332
ILMN_2296037	780343
ILMN_2296036	3610370
ILMN_2400030	3990731
ILMN_1680945	3850647
ILMN_2346316	1780594
ILMN_1663945	2900653
ILMN_1673099	3450594
ILMN_2310579	4610373
ILMN_1798837	7000273
ILMN_1719664	3870095
ILMN_1715885	3400440
ILMN_1780108	3870021
ILMN_1695640	6560220
ILMN_2246328	6580044
ILMN_1654318	840408
ILMN_1717294	1470746
ILMN_1793549	3390075
ILMN_1781073	3180170
ILMN_2363966	5290670
ILMN_1664122	2260482
ILMN_1716578	4180019
ILMN_1738675	6400465
ILMN_2257223	3180671
ILMN_1715214	3610082
ILMN_1694923	3930279
ILMN_1789504	4120348
ILMN_2296776	1190725
ILMN_1723156	2360246
ILMN_1762766	3170593
ILMN_2411794	5270743
ILMN_1695461	5870273
ILMN_1672102	160711
ILMN_1730842	870095
ILMN_2340217	2600408
ILMN_1653652	6180288
ILMN_1804279	6650193
ILMN_1672417	1430341
ILMN_2315789	4220441
ILMN_1705253	5360681
ILMN_1734543	2340673
ILMN_2383611	2490240
ILMN_1756814	2650482
ILMN_1660907	6100347
ILMN_2380163	3060398
ILMN_1798081	5870553
ILMN_1779674	450369
ILMN_1741465	7400768
ILMN_1731589	4210253
ILMN_1810962	6280201
ILMN_1744937	5860356
ILMN_1658576	3850603
ILMN_1728844	4040091
ILMN_1720113	1660386
ILMN_2316878	3940541
ILMN_1721392	5720270
ILMN_1679051	2350132
ILMN_1669172	6420273
ILMN_1656338	1400739
ILMN_2365644	5810474
ILMN_1743175	630576
ILMN_1698885	4780138
ILMN_2404256	5220114
ILMN_2383300	4070138
ILMN_1657128	6620524
ILMN_1797827	3800408
ILMN_1676616	130754
ILMN_1757552	4850301
ILMN_1763842	6370044
ILMN_2311548	4900575
ILMN_1683052	5560255
ILMN_2162328	4050437
ILMN_1720322	6280341
ILMN_1753196	10414
ILMN_2042771	1510291
ILMN_2128750	4880168
ILMN_1802251	6250053
ILMN_1744146	7160722
ILMN_2049021	5960224
ILMN_1801842	3460682
ILMN_1779404	5050082
ILMN_2401155	1690500
ILMN_1783424	3870543
ILMN_1728305	4250563
ILMN_2127328	50601
ILMN_1709142	160608
ILMN_1750079	6290546
ILMN_1709815	5670450
ILMN_1655241	5810482
ILMN_1662658	60092
ILMN_1672157	1090669
ILMN_2411559	6100735
ILMN_1810591	5860544
ILMN_2097185	1050424
ILMN_1694147	4260100
ILMN_1779353	3940615
ILMN_1747184	540487
ILMN_1780315	3390010
ILMN_2069224	5490689
ILMN_3250104	650035
ILMN_1677305	780524
ILMN_3250483	4250113
ILMN_1688279	6400603
ILMN_1695549	990079
ILMN_1744815	1740592
ILMN_1691295	3840102
ILMN_1720076	6550097
ILMN_2337336	2140746
ILMN_1718303	4890707
ILMN_2255382	6370022
ILMN_2188521	540156
ILMN_1727633	4850500
ILMN_1749044	1430332
ILMN_1732926	990647
ILMN_1743049	2710475
ILMN_1698950	2970133
ILMN_3310361	4040020
ILMN_3309194	4560026
ILMN_2235354	4830246
ILMN_1694886	6550612
ILMN_1771403	1570576
ILMN_1764609	2650020
ILMN_1659852	7380615
ILMN_2363658	6400397
ILMN_2158902	3400184
ILMN_1728481	3870554
ILMN_1746954	5810376
ILMN_1815063	6250458
ILMN_1799015	540131
ILMN_1670512	5550674
ILMN_1681634	5820324
ILMN_1743299	1090288
ILMN_1869432	5570370
ILMN_3250812	770431
ILMN_1664025	1110296
ILMN_1771728	3800670
ILMN_3249742	6280554
ILMN_1684440	6450541
ILMN_1812981	4900682
ILMN_2398274	5570008
ILMN_1698766	6860687
ILMN_1715178	2320161
ILMN_2395092	6510477
ILMN_1796013	6520681
ILMN_1808568	3940639
ILMN_1686387	3180424
ILMN_1694823	2470292
ILMN_1672325	1050497
ILMN_1778360	4540326
ILMN_1696187	2760427
ILMN_1720849	6250050
ILMN_2179229	6330086
ILMN_1695334	5900474
ILMN_1742026	2000451
ILMN_1669447	7000270
ILMN_2395981	7330538
ILMN_3247826	2120639
ILMN_1703075	6400309
ILMN_2070395	3060047
ILMN_1699565	6220452
ILMN_1708183	7200484
ILMN_1763080	2710253
ILMN_1672443	6900450
ILMN_2336280	1260192
ILMN_1773485	4570440
ILMN_1690476	5220445
ILMN_1698749	6960528
ILMN_1741727	5570139
ILMN_2113049	7040338
ILMN_1794468	3400091
ILMN_1700268	2940291
ILMN_1718848	6220754
ILMN_3241626	4010736
ILMN_2385191	450608
ILMN_2282081	4540291
ILMN_1676002	7320743
ILMN_1695016	7330368
ILMN_1733364	3190681
ILMN_2147863	1170192
ILMN_1804297	4120088
ILMN_2411282	2850021
ILMN_1758229	4210634
ILMN_1789384	290441
ILMN_1780153	2100563
ILMN_1733407	1660333
ILMN_2155516	2490204
ILMN_1735474	6940202
ILMN_2052383	1410044
ILMN_1754547	4860327
ILMN_1764091	2680273
ILMN_1774238	4570397
ILMN_1793433	5860279
ILMN_1712312	780358
ILMN_1731135	1190113
ILMN_1656419	450278
ILMN_2409596	4050102
ILMN_1692219	6130156
ILMN_2072541	4760630
ILMN_1741175	4860180
ILMN_1708328	3610112
ILMN_1681467	6370195
ILMN_1740604	1260193
ILMN_2081210	1240164
ILMN_1670666	4670681
ILMN_1788180	4390487
ILMN_1735765	6250133
ILMN_1731699	5720392
ILMN_2052373	3460739
ILMN_1691143	1300768
ILMN_1785297	4060273
ILMN_2118864	7560719
ILMN_1664030	1190386
ILMN_1784981	20438
ILMN_1708881	1240358
ILMN_1746856	1770661
ILMN_1786976	7050136
ILMN_1667417	3930047
ILMN_1729713	4920497
ILMN_1751040	5390437
ILMN_2346997	6020719
ILMN_1714393	2360022
ILMN_1799765	5550474
ILMN_2379718	5910300
ILMN_1677843	6560373
ILMN_2278850	6590669
ILMN_1791826	50195
ILMN_1790317	2600240
ILMN_2329773	110010
ILMN_1665859	2680044
ILMN_1699878	4390561
ILMN_1681461	6520703
ILMN_2129650	4490750
ILMN_2129649	4670097
ILMN_2410864	1430500
ILMN_2293992	1990767
ILMN_1652394	5360379
ILMN_1753002	670609
ILMN_2214355	2900669
ILMN_1660691	6590341
ILMN_2115434	2190128
ILMN_1724708	6270301
ILMN_1727738	5870594
ILMN_1810486	5720136
ILMN_1812571	3390192
ILMN_1733045	7320129
ILMN_1737364	1030445
ILMN_2255579	1500600
ILMN_2243912	2100025
ILMN_1676868	3170022
ILMN_1796136	3830184
ILMN_1793269	5720544
ILMN_2134974	2600070
ILMN_1805255	6350598
ILMN_1811889	270010
ILMN_1755369	3290468
ILMN_1722845	6180195
ILMN_1685750	4570474
ILMN_1731568	4250494
ILMN_1739876	3840079
ILMN_3236423	5700273
ILMN_1741632	3460161
ILMN_2291619	1410603
ILMN_1803197	1990390
ILMN_2218068	4490241
ILMN_2059423	4050379
ILMN_2230566	510484
ILMN_1712705	7050193
ILMN_1725649	4060338
ILMN_2193717	1820520
ILMN_1781182	50692
ILMN_2155480	3780408
ILMN_1696230	6200484
ILMN_1677824	5810097
ILMN_2109994	1010047
ILMN_1803136	7610167
ILMN_1805800	670367
ILMN_1752582	2850626
ILMN_1769665	450164
ILMN_2399140	7040278
ILMN_2377862	4050349
ILMN_1800871	5720091
ILMN_1752299	4780463
ILMN_2132828	50386
ILMN_1716524	4730685
ILMN_1771688	3290639
ILMN_1813685	4540370
ILMN_1760858	7150678
ILMN_2173004	1740497
ILMN_1750409	2940451
ILMN_1679092	6110296
ILMN_1779710	460176
ILMN_2207363	70634
ILMN_1719622	240110
ILMN_1679087	110041
ILMN_1693466	5270301
ILMN_1741957	460519
ILMN_2061950	2850538
ILMN_1708721	360221
ILMN_2230577	1940707
ILMN_2230579	2750608
ILMN_1770329	940520
ILMN_2299221	4120438
ILMN_1790354	2600538
ILMN_2163796	3990482
ILMN_2106994	2230343
ILMN_1691862	4010338
ILMN_1724598	3390445
ILMN_1666624	5080129
ILMN_2278561	7400376
ILMN_2385688	2360156
ILMN_1810058	2940048
ILMN_1662306	5860110
ILMN_1746492	2320707
ILMN_1787951	5490484
ILMN_2359789	630204
ILMN_1652445	6250300
ILMN_1761938	7650187
ILMN_1709795	110382
ILMN_1693340	5890273
ILMN_2077550	2190010
ILMN_1702140	3990121
ILMN_1737635	2260450
ILMN_1763765	5220243
ILMN_1770282	290079
ILMN_1687782	4150497
ILMN_2321634	5310475
ILMN_1689241	6060386
ILMN_2084391	1430725
ILMN_1707548	5420681
ILMN_2221006	2260551
ILMN_1748578	6040487
ILMN_1751571	3520095
ILMN_1722662	6590725
ILMN_1755023	1400253
ILMN_1708789	1450364
ILMN_1795609	270202
ILMN_2363027	630215
ILMN_2257432	3780609
ILMN_1670353	4150196
ILMN_1830985	60201
ILMN_2238928	510544
ILMN_1667644	2260059
ILMN_1695386	5910215
ILMN_1760635	7610129
ILMN_1802392	3140274
ILMN_1801262	6480152
ILMN_1727831	7400309
ILMN_2370907	3890347
ILMN_2273921	7570577
ILMN_2370910	7610450
ILMN_1731051	840273
ILMN_1781345	5050445
ILMN_1669745	1090450
ILMN_1722127	3190349
ILMN_1658027	1980291
ILMN_3244803	620551
ILMN_1684183	2370102
ILMN_1654677	2140709
ILMN_3235279	2360181
ILMN_1690259	4780541
ILMN_2295042	6180356
ILMN_1781454	6860768
ILMN_1680712	2370253
ILMN_2164007	6130097
ILMN_1798303	5570020
ILMN_1659836	6560592
ILMN_3247069	5870022
ILMN_2206126	730021
ILMN_1813489	6100703
ILMN_1738818	6280739
ILMN_2218648	1570619
ILMN_1776522	2140008
ILMN_1702072	270446
ILMN_1745282	1470348
ILMN_2060770	520561
ILMN_1739810	2690735
ILMN_1682139	6370187
ILMN_1760574	580228
ILMN_1755364	2810382
ILMN_1676358	940753
ILMN_1791840	1190546
ILMN_1741391	6940465
ILMN_2324574	7000474
ILMN_1726333	4900482
ILMN_2146614	5340192
ILMN_1733115	6660139
ILMN_2297961	770349
ILMN_1699856	2140735
ILMN_1674135	990280
ILMN_1813703	130646
ILMN_1654692	5270372
ILMN_2276290	6250630
ILMN_2403994	1340092
ILMN_1690610	7200333
ILMN_1716803	7400356
ILMN_1764754	7050064
ILMN_2149782	5560474
ILMN_1814464	7650070
ILMN_2065745	3120341
ILMN_1761782	6040347
ILMN_3307930	1940377
ILMN_1757384	6250707
ILMN_2109156	4610047
ILMN_1721457	7000735
ILMN_1667306	2480468
ILMN_1753092	3130288
ILMN_1654866	1500300
ILMN_1793655	4610162
ILMN_1699632	1500195
ILMN_1680082	2000465
ILMN_2318811	2630719
ILMN_1723689	5570091
ILMN_1693879	1070689
ILMN_2094856	6480170
ILMN_1780842	50370
ILMN_2177732	2760113
ILMN_2141157	4610349
ILMN_1662198	2900292
ILMN_1704261	6370719
ILMN_1809191	630487
ILMN_1766176	3400468
ILMN_2398474	5890201
ILMN_1701434	6590703
ILMN_3242120	510142
ILMN_1776519	4890181
ILMN_1687724	730035
ILMN_1806266	4260735
ILMN_2106167	5560139
ILMN_1677404	780050
ILMN_2229839	1980463
ILMN_1677590	2750341
ILMN_1773561	4760438
ILMN_1695282	1340414
ILMN_1769412	6270037
ILMN_1678799	7330343
ILMN_3247261	4120615
ILMN_2135258	4050300
ILMN_1661802	2100753
ILMN_3236825	20148
ILMN_1725992	3390504
ILMN_1758613	1940072
ILMN_1783846	2100241
ILMN_1703843	3310669
ILMN_1718405	4280398
ILMN_1691787	4860301
ILMN_2275502	4860408
ILMN_1724806	4780370
ILMN_1803303	6370035
ILMN_1716176	1470494
ILMN_1677197	4050706
ILMN_1659206	7050600
ILMN_1791902	7550520
ILMN_1699723	830736
ILMN_1671151	5720441
ILMN_2390526	6270487
ILMN_1737433	4760010
ILMN_1743620	1010132
ILMN_1800091	2340681
ILMN_1677851	2810475
ILMN_1810844	5290608
ILMN_1701613	2650564
ILMN_1751378	60400
ILMN_1758214	730487
ILMN_1737576	1740687
ILMN_1725312	5130164
ILMN_2292863	6480687
ILMN_1703688	2190725
ILMN_1654586	160605
ILMN_1694404	3610041
ILMN_3249546	5270605
ILMN_1793517	3930446
ILMN_1673455	4670008
ILMN_1813701	4850672
ILMN_1652952	5690309
ILMN_3238803	360039
ILMN_1795089	520273
ILMN_1740426	2710735
ILMN_2170209	10397
ILMN_1779517	7100435
ILMN_1761990	5310253
ILMN_1796677	4890100
ILMN_1663118	5820376
ILMN_1763740	6350133
ILMN_1681544	6650682
ILMN_1779386	4760168
ILMN_1748083	6590068
ILMN_1753377	6270750
ILMN_1768958	2760239
ILMN_1794594	3710735
ILMN_2375319	6560722
ILMN_2276397	7650682
ILMN_1727045	2450400
ILMN_1688218	770368
ILMN_2395827	4830064
ILMN_1714650	6660576
ILMN_1791955	7320632
ILMN_1755657	6860475
ILMN_1747673	3930026
ILMN_1688899	4150736
ILMN_1788813	4280021
ILMN_1651902	5910291
ILMN_2148469	3370129
ILMN_1806403	4480731
ILMN_2393573	270026
ILMN_1734205	2940739
ILMN_1808066	4780719
ILMN_1683239	6350121
ILMN_2149547	1400731
ILMN_2352303	1980059
ILMN_1812139	4010398
ILMN_1709683	5390095
ILMN_1799259	6660731
ILMN_2226343	1430204
ILMN_1690566	10639
ILMN_1708890	540564
ILMN_1813795	1850592
ILMN_1669189	2680010
ILMN_2362902	5810176
ILMN_2352245	630240
ILMN_2291249	1740411
ILMN_1745820	2320056
ILMN_1657381	2370370
ILMN_1733110	4390273
ILMN_1736741	1440315
ILMN_1798855	510400
ILMN_1740395	7560328
ILMN_1804737	6370039
ILMN_1689625	6040224
ILMN_3239653	1980075
ILMN_1653412	2120653
ILMN_1696591	6280474
ILMN_1736796	3890092
ILMN_1674072	2640270
ILMN_1653514	4560646
ILMN_3251085	6370202
ILMN_2062524	7160767
ILMN_1696532	940180
ILMN_1673042	1050315
ILMN_1665135	4180356
ILMN_2309449	4830593
ILMN_2309446	6900161
ILMN_1770053	2100292
ILMN_1739101	5720133
ILMN_1678695	6060138
ILMN_2363621	6580672
ILMN_1765417	4730044
ILMN_1786050	6660259
ILMN_1751330	2510523
ILMN_2406313	5820753
ILMN_1668065	6520092
ILMN_1732127	4200209
ILMN_1753013	60131
ILMN_1782745	2900132
ILMN_1756999	4280669
ILMN_1775851	1300014
ILMN_1765082	2680156
ILMN_2414014	4480603
ILMN_1772216	6220474
ILMN_1651712	1740521
ILMN_2069060	7210278
ILMN_1797698	2810328
ILMN_2329834	2850438
ILMN_1701229	4880021
ILMN_1805778	450132
ILMN_1700604	6660343
ILMN_1666739	840292
ILMN_1673024	5550026
ILMN_1681675	7200070
ILMN_1781906	10612
ILMN_2222872	5890195
ILMN_1802355	5910195
ILMN_1774839	3310576
ILMN_1790012	4390673
ILMN_1781150	4560711
ILMN_1749540	6020671
ILMN_1760256	6200630
ILMN_1780756	2190743
ILMN_2363106	3610092
ILMN_2118832	1740594
ILMN_1673941	6450041
ILMN_1768117	2230424
ILMN_1740716	3190689
ILMN_3248026	2060133
ILMN_1793033	380682
ILMN_1698213	780228
ILMN_2298261	3170551
ILMN_2414436	4260162
ILMN_1747968	150092
ILMN_1661485	5390092
ILMN_1749180	110754
ILMN_2404049	3140750
ILMN_1704079	3420372
ILMN_2411963	1260010
ILMN_1696935	4920056
ILMN_1712455	520243
ILMN_1709042	840544
ILMN_1757439	1240541
ILMN_1737518	2370376
ILMN_1673697	2480681
ILMN_1682875	5550246
ILMN_2108366	1030504
ILMN_1695717	5270446
ILMN_1670456	4880551
ILMN_1797379	5560646
ILMN_3251415	7560296
ILMN_2252021	4730070
ILMN_1680378	4200035
ILMN_1664009	5310477
ILMN_2046943	5360047
ILMN_3306730	2320576
ILMN_3224926	4780600
ILMN_1743104	1710639
ILMN_1786893	3060450
ILMN_1738239	7380088
ILMN_2183331	1340202
ILMN_1781870	7150168
ILMN_1745130	1260139
ILMN_1697418	3130184
ILMN_2358541	2060600
ILMN_2358540	2470520
ILMN_1766753	3390180
ILMN_1666444	4150639
ILMN_1656436	5890390
ILMN_1755411	2750039
ILMN_3304219	5870468
ILMN_1675979	2680615
ILMN_1665040	4010431
ILMN_1702681	6620240
ILMN_2124951	6180537
ILMN_1678203	2650682
ILMN_2056551	4390164
ILMN_1804668	7100113
ILMN_1690753	1740129
ILMN_1800421	6590474
ILMN_2174275	2060224
ILMN_2174266	7000747
ILMN_1716960	6400019
ILMN_3242490	1440471
ILMN_1806313	10538
ILMN_1666417	5670521
ILMN_2205022	20020
ILMN_2194108	380546
ILMN_1738703	3850746
ILMN_1676960	4220554
ILMN_2194115	4590386
ILMN_1674678	5270332
ILMN_2202368	1580445
ILMN_2202370	4230379
ILMN_2145781	6370037
ILMN_3238832	1820079
ILMN_1656837	6650731
ILMN_2219681	7560605
ILMN_1705495	3850039
ILMN_1814719	4610424
ILMN_2103024	6060553
ILMN_1716465	3850112
ILMN_2316844	270594
ILMN_1726913	450538
ILMN_1708537	2450554
ILMN_1798870	6550292
ILMN_2323087	610392
ILMN_1728218	1240291
ILMN_1668608	2230309
ILMN_1708025	2510369
ILMN_1808238	5960682
ILMN_1666670	2070746
ILMN_1807147	6940403
ILMN_1710738	1450563
ILMN_3221865	5490440
ILMN_3299129	7000639
ILMN_1712112	620239
ILMN_2290338	1780142
ILMN_2367239	2850551
ILMN_2120210	630161
ILMN_1688299	4890156
ILMN_1695317	6760195
ILMN_2148668	1400035
ILMN_1771695	6290064
ILMN_2354211	2570292
ILMN_1720124	1340360
ILMN_2391324	2810025
ILMN_1797738	4220538
ILMN_2409318	6250605
ILMN_1685002	3520288
ILMN_2337492	6290187
ILMN_1722698	270445
ILMN_2386732	4220220
ILMN_1813766	5340142
ILMN_1800276	1500168
ILMN_1698551	7560228
ILMN_2107607	4260452
ILMN_1662129	6960411
ILMN_1809850	2100431
ILMN_1743421	4280286
ILMN_1791366	110253
ILMN_1682095	3800431
ILMN_1672966	6760097
ILMN_1749006	1170703
ILMN_1736453	2760678
ILMN_1741843	770138
ILMN_1765532	1820538
ILMN_1714335	7050433
ILMN_2128741	2340494
ILMN_1768719	6840368
ILMN_1792182	4830711
ILMN_1660723	1300187
ILMN_2222984	6110739
ILMN_1705469	7040220
ILMN_1810000	4200041
ILMN_1773395	110326
ILMN_1813296	1660091
ILMN_1786361	5670192
ILMN_2309534	5820056
ILMN_1708611	6110291
ILMN_1751886	70541
ILMN_2317751	4830338
ILMN_2067269	3390487
ILMN_1688630	4060619
ILMN_1680850	1110112
ILMN_2380999	3890750
ILMN_1692705	6270674
ILMN_1703092	4250437
ILMN_1653340	150093
ILMN_1697682	670079
ILMN_1692433	6620465
ILMN_1733746	1340192
ILMN_1666057	7330189
ILMN_1722642	10593
ILMN_1729611	450196
ILMN_1758941	520324
ILMN_1697460	2320273
ILMN_1802441	3610170
ILMN_1681462	6350475
ILMN_1785302	2260440
ILMN_1757504	4120681
ILMN_2382679	7100333
ILMN_1685062	1580086
ILMN_1676795	2690445
ILMN_2169383	6590438
ILMN_2124064	1030441
ILMN_1766085	2230592
ILMN_1705266	5490750
ILMN_1811258	730440
ILMN_3233388	1710730
ILMN_3233176	2000491
ILMN_3226955	4830553
ILMN_1652540	60703
ILMN_1800642	4490221
ILMN_1753005	4780162
ILMN_1766830	4880368
ILMN_1748614	5560520
ILMN_1787237	7550463
ILMN_1719811	4200142
ILMN_1745262	2710523
ILMN_1742272	780768
ILMN_1780057	5810678
ILMN_1665884	20753
ILMN_1671725	1340519
ILMN_1731023	1570082
ILMN_2404385	2940646
ILMN_2222768	360358
ILMN_1766425	20239
ILMN_3250143	70612
ILMN_3250972	540392
ILMN_2405797	1450112
ILMN_1759633	4830576
ILMN_1656934	5690148
ILMN_1724668	6040673
ILMN_1812067	3850431
ILMN_1760933	5910301
ILMN_3251317	6760554
ILMN_1802380	10008
ILMN_2250126	430195
ILMN_2327795	1230347
ILMN_1746359	4880201
ILMN_3243185	1430377
ILMN_1651708	6560440
ILMN_1727107	1090139
ILMN_1655610	630327
ILMN_1666314	6060441
ILMN_1706301	6130646
ILMN_1675190	4610129
ILMN_3307777	1260722
ILMN_1787379	5270553
ILMN_1702633	940477
ILMN_2395474	3170669
ILMN_1707062	7550431
ILMN_2199947	610040
ILMN_1753008	5720767
ILMN_1810639	6510047
ILMN_3242842	4150647
ILMN_3237817	4180671
ILMN_3247761	3520204
ILMN_3247818	1820364
ILMN_1749009	4230554
ILMN_1677452	1190221
ILMN_1792986	4230414
ILMN_2217935	6290110
ILMN_1732336	3130050
ILMN_1655733	4390162
ILMN_1658143	1780463
ILMN_1784860	3890309
ILMN_1711381	6560204
ILMN_1724489	2030315
ILMN_2370365	7210435
ILMN_1659364	4890731
ILMN_1699709	5080477
ILMN_1802162	540703
ILMN_3250850	2750491
ILMN_2100458	6100278
ILMN_1753819	1430424
ILMN_1743356	3180192
ILMN_1664111	7650630
ILMN_2211263	1170136
ILMN_1690780	7100403
ILMN_1661427	270204
ILMN_1802603	2070376
ILMN_2304996	2480152
ILMN_1759732	3370064
ILMN_1730005	2810491
ILMN_3247737	5910519
ILMN_2198594	1740288
ILMN_1797383	4010592
ILMN_2159311	1770670
ILMN_1784654	2760446
ILMN_2401263	1240731
ILMN_2291862	6110193
ILMN_3227341	1260168
ILMN_2100553	5690546
ILMN_1809077	7160739
ILMN_1736285	4890228
ILMN_1800787	1260497
ILMN_1801441	1090722
ILMN_1661002	130639
ILMN_2294644	2940243
ILMN_2408001	7570066
ILMN_1687107	5340167
ILMN_1725787	2900204
ILMN_2396287	270136
ILMN_1706357	1470673
ILMN_2238640	2850338
ILMN_1779488	5260468
ILMN_1756102	5670528
ILMN_2269392	6060563
ILMN_2413622	1690097
ILMN_1685168	4060398
ILMN_1773289	4850743
ILMN_1669370	6180292
ILMN_1794068	6400014
ILMN_2363843	2490427
ILMN_1741200	2650370
ILMN_2054261	5890563
ILMN_1657399	6130753
ILMN_3245625	2190131
ILMN_2399497	60221
ILMN_1804113	1300553
ILMN_1780987	6580603
ILMN_2233180	430017
ILMN_1652735	5050044
ILMN_1762803	7050647
ILMN_1672565	2600079
ILMN_1794143	3450097
ILMN_1741005	580521
ILMN_1782513	1770196
ILMN_3251477	7610446
ILMN_1794950	620121
ILMN_1693392	1340014
ILMN_1757537	2750411
ILMN_1654398	3180039
ILMN_2124386	2650136
ILMN_2074801	4210093
ILMN_1663422	7000465
ILMN_1717636	6020682
ILMN_1710479	60291
ILMN_1776213	840553
ILMN_1773696	5490181
ILMN_2372698	510543
ILMN_1707592	1710719
ILMN_1763558	4880402
ILMN_1727770	5810100
ILMN_1652609	450240
ILMN_1807467	4230026
ILMN_2281186	7320327
ILMN_2270607	4830048
ILMN_1746428	2970634
ILMN_2116827	6020196
ILMN_2056074	2230019
ILMN_3246123	1240431
ILMN_1793373	360754
ILMN_1662325	1230241
ILMN_2320574	70575
ILMN_2246256	1340541
ILMN_1670141	1450176
ILMN_1656909	1470768
ILMN_2295318	5890246
ILMN_2165251	4880309
ILMN_3238854	670301
ILMN_1812644	1410332
ILMN_2391219	5900068
ILMN_1656011	4490176
ILMN_1668559	1440209
ILMN_1811890	2710039
ILMN_1733538	3830092
ILMN_1763704	4040215
ILMN_2379240	6100471
ILMN_1751141	10598
ILMN_1692688	380020
ILMN_1713219	870184
ILMN_1791314	2060593
ILMN_1722834	4070215
ILMN_2384629	5560672
ILMN_2407775	1780400
ILMN_2407780	5490615
ILMN_1696828	2940471
ILMN_1808226	1030102
ILMN_1725485	5130154
ILMN_2101278	6100397
ILMN_1677085	730685
ILMN_2197365	3400019
ILMN_1711288	2490368
ILMN_1738558	6400403
ILMN_3249598	5220167
ILMN_1669983	6760561
ILMN_2248655	130253
ILMN_1763371	150576
ILMN_1731478	4070746
ILMN_2260224	5570044
ILMN_1728711	6040717
ILMN_1724349	6350050
ILMN_1758067	1710142
ILMN_1651554	160445
ILMN_2082273	4670082
ILMN_1778267	5570736
ILMN_1685496	6370386
ILMN_1654632	3870309
ILMN_1808215	670050
ILMN_1754468	1230520
ILMN_2389984	4390138
ILMN_1675172	6840392
ILMN_1744995	5290039
ILMN_1744701	4540341
ILMN_1811410	5050333
ILMN_2209766	1780736
ILMN_1681543	7570192
ILMN_2406410	510373
ILMN_1809437	6650746
ILMN_1815264	2100224
ILMN_1808404	1710189
ILMN_2373062	380050
ILMN_1735792	650750
ILMN_1691717	3420523
ILMN_2275126	6940528
ILMN_1660864	510092
ILMN_2053538	6200286
ILMN_2053536	6580433
ILMN_1716019	3370725
ILMN_1697412	5700484
ILMN_2408663	3850373
ILMN_1770591	6760162
ILMN_1778687	1030142
ILMN_1651373	5220615
ILMN_1657949	2450139
ILMN_1721029	4590398
ILMN_1803871	6380678
ILMN_1781290	630377
ILMN_1802205	3400332
ILMN_2376502	360343
ILMN_2293441	1030670
ILMN_1795255	2340520
ILMN_1673729	3290546
ILMN_2195957	1090487
ILMN_1744949	5870474
ILMN_2313730	4250327
ILMN_1673305	4390619
ILMN_2089167	4180270
ILMN_1652918	2260148
ILMN_1739792	4010753
ILMN_1684553	160674
ILMN_1678215	3440243
ILMN_2107613	6100450
ILMN_1810559	5050519
ILMN_3251455	6330059
ILMN_2338480	2480576
ILMN_1678504	4010411
ILMN_1785762	6580468
ILMN_1731484	6900528
ILMN_1669310	3130072
ILMN_3242586	1230470
ILMN_1698484	2710477
ILMN_1776888	3190593
ILMN_3243976	10730
ILMN_1685228	3420072
ILMN_1708270	4860167
ILMN_1742003	6590709
ILMN_1753143	5960475
ILMN_1768954	3450519
ILMN_1756880	4010088
ILMN_1680349	3420750
ILMN_1749077	1580114
ILMN_1770733	6860373
ILMN_1663532	1980671
ILMN_3245564	840010
ILMN_1722726	1340288
ILMN_1705828	6060240
ILMN_2149053	1660646
ILMN_1755758	2320008
ILMN_1789790	1430328
ILMN_1800172	1240328
ILMN_1805643	5220309
ILMN_1678490	1660286
ILMN_1676283	4210154
ILMN_3243124	1740379
ILMN_3247152	4150433
ILMN_3244402	360307
ILMN_3249184	4220040
ILMN_3245707	1940056
ILMN_1700759	6020347
ILMN_1665257	3450164
ILMN_1742382	4040189
ILMN_1746031	4830138
ILMN_1660858	1500047
ILMN_1769546	6590445
ILMN_1731736	5670301
ILMN_1666399	1450707
ILMN_1790962	2900474
ILMN_1784584	2690520
ILMN_1797534	60500
ILMN_1670318	3870370
ILMN_1652487	5390056
ILMN_1655329	4120152
ILMN_2404135	360187
ILMN_1724700	4210019
ILMN_1733747	7050563
ILMN_2119535	5560086
ILMN_1758939	4150520
ILMN_1763763	360142
ILMN_1680018	5860138
ILMN_1779600	2850661
ILMN_2352023	5560360
ILMN_3237594	3520181
ILMN_2200915	20437
ILMN_1709413	4850747
ILMN_1656335	2260010
ILMN_1796673	6960746
ILMN_2162465	1470288
ILMN_1751980	5910437
ILMN_1745765	3610491
ILMN_1801156	520309
ILMN_1796775	3310731
ILMN_1744887	4180711
ILMN_1748529	6040270
ILMN_1717278	6180240
ILMN_1746138	5050193
ILMN_1754051	770286
ILMN_1668565	1510184
ILMN_2151488	1990433
ILMN_1694533	3360220
ILMN_1714093	1240762
ILMN_1737847	4200170
ILMN_3242405	10026
ILMN_3245464	940364
ILMN_3234762	2570220
ILMN_1739423	990176
ILMN_2074860	2640719
ILMN_2041368	2340452
ILMN_1795183	1090307
ILMN_2333670	4010296
ILMN_1684083	6860408
ILMN_1733428	7200446
ILMN_1742118	1340382
ILMN_1762871	5260121
ILMN_1730628	2640068
ILMN_2113126	3130543
ILMN_2294976	20324
ILMN_2239408	3930372
ILMN_2408572	5910382
ILMN_1776602	6590041
ILMN_2294978	7040333
ILMN_1780533	130681
ILMN_1712849	1190131
ILMN_1716967	1340300
ILMN_1655474	270523
ILMN_1726783	1510661
ILMN_1810901	4230068
ILMN_1782488	620450
ILMN_1765518	3060736
ILMN_3251565	5690523
ILMN_3241136	2470484
ILMN_2210601	110064
ILMN_1671281	1820682
ILMN_2152095	1260458
ILMN_1790410	4120022
ILMN_1671565	2850100
ILMN_1651838	7570053
ILMN_1736533	7040446
ILMN_1759513	4210524
ILMN_1697529	6760291
ILMN_1692199	6580332
ILMN_1810785	520482
ILMN_2168758	4590520
ILMN_1760209	6110468
ILMN_1744676	4540646
ILMN_1786388	6940196
ILMN_1768795	150091
ILMN_1792078	2120465
ILMN_3247906	3450041
ILMN_3247728	1090452
ILMN_2254182	1430333
ILMN_2335109	1470402
ILMN_1727789	7040368
ILMN_1742318	2370445
ILMN_2356031	5310446
ILMN_1691119	130605
ILMN_1663605	4880068
ILMN_1747192	2970703
ILMN_1790741	4280292
ILMN_1669572	6330561
ILMN_1737698	1400332
ILMN_2174045	4210445
ILMN_1707819	5560025
ILMN_1777971	6590048
ILMN_1707807	630296
ILMN_1778338	1440369
ILMN_1775742	5090445
ILMN_2339748	20487
ILMN_1719867	7330441
ILMN_1729294	1510722
ILMN_1710026	2140328
ILMN_1700660	2630376
ILMN_1738883	6760433
ILMN_2407529	6980692
ILMN_1655165	870563
ILMN_2144064	3440128
ILMN_1811787	4610500
ILMN_1812581	4200047
ILMN_1714461	4280725
ILMN_2351241	6510681
ILMN_1815010	4220372
ILMN_1777660	3450136
ILMN_3238326	6660161
ILMN_1752526	70630
ILMN_1710906	2260603
ILMN_1685679	1090594
ILMN_1682626	4480408
ILMN_1763184	2450241
ILMN_1665877	990735
ILMN_2112524	3130246
ILMN_1767446	3440133
ILMN_1745330	6370360
ILMN_2203073	6940050
ILMN_1802248	5090041
ILMN_2071826	7200014
ILMN_1706266	20382
ILMN_3243686	2940181
ILMN_1760360	5050240
ILMN_2077504	6270278
ILMN_1792389	10019
ILMN_1695356	4280348
ILMN_1794726	1580521
ILMN_1657158	3290014
ILMN_1732969	3940681
ILMN_1689621	1690070
ILMN_1791505	3390414
ILMN_1785676	5260674
ILMN_1709265	4050196
ILMN_1741281	2600296
ILMN_1755179	6860019
ILMN_1655340	3440338
ILMN_3243112	6520593
ILMN_1692591	2190524
ILMN_1691293	290307
ILMN_1811278	4900242
ILMN_1707372	6110154
ILMN_1733774	5860446
ILMN_1812327	1690184
ILMN_1738362	4590408
ILMN_2381197	7160010
ILMN_1682081	130403
ILMN_1651715	4640072
ILMN_1710758	2630619
ILMN_3237503	5560685
ILMN_1653788	510612
ILMN_1722483	6180474
ILMN_1787259	2140192
ILMN_1749722	3400270
ILMN_1731203	6200458
ILMN_2357777	1510286
ILMN_1800420	6940600
ILMN_1652313	6420288
ILMN_1802371	4560255
ILMN_1729980	7550008
ILMN_3225534	2750139
ILMN_3304974	6040538
ILMN_1722089	6380048
ILMN_2070210	2510292
ILMN_1694504	4540328
ILMN_1717809	2640471
ILMN_1713486	1500477
ILMN_1762787	1430008
ILMN_1758831	840482
ILMN_2215043	2490433
ILMN_2215040	4150139
ILMN_1786039	650709
ILMN_2398664	4810722
ILMN_1682988	4890204
ILMN_2353327	1230632
ILMN_1793616	4070044
ILMN_2273882	6060167
ILMN_1730223	1980255
ILMN_2404746	6220176
ILMN_2142695	2710541
ILMN_1687941	4200220
ILMN_1754669	2680762
ILMN_1808712	7560762
ILMN_1808095	1090433
ILMN_1700345	5260097
ILMN_1700606	2060228
ILMN_1660079	2690315
ILMN_1803994	1440458
ILMN_2044927	2690603
ILMN_1759948	3450377
ILMN_2052863	7560189
ILMN_1687431	1450079
ILMN_2275455	1980014
ILMN_1725306	5360184
ILMN_2389957	380674
ILMN_1711862	460376
ILMN_1731123	1780593
ILMN_1672178	4480086
ILMN_1677113	6840523
ILMN_1688606	780608
ILMN_3299905	730292
ILMN_3223355	4560053
ILMN_1734198	2630315
ILMN_2375599	20427
ILMN_1660880	1690209
ILMN_1769637	4850176
ILMN_1689652	5560112
ILMN_1684549	4890039
ILMN_2150284	2970315
ILMN_1783026	3140577
ILMN_1738347	5570601
ILMN_1694730	4230445
ILMN_1691843	2630022
ILMN_2375386	3400682
ILMN_3240155	4570110
ILMN_3247718	6520253
ILMN_3242818	2480300
ILMN_3245103	4200379
ILMN_1768139	2000133
ILMN_3246273	5670152
ILMN_3236653	2970482
ILMN_3245678	7330681
ILMN_3240220	5670753
ILMN_3244646	2360091
ILMN_2057836	4640082
ILMN_3309453	3990463
ILMN_3308138	3850189
ILMN_3240594	1660021
ILMN_3237617	670487
ILMN_3236102	380136
ILMN_3308335	3610279
ILMN_3310351	4780504
ILMN_3241878	6960048
ILMN_3308310	3400368
ILMN_3237623	1010450
ILMN_3239225	2060551
ILMN_3241021	1070079
ILMN_3246433	2750050
ILMN_3236928	3460066
ILMN_1710723	1500634
ILMN_1806790	3710156
ILMN_1666468	4540113
ILMN_1797926	5270044
ILMN_2189306	7650168
ILMN_1731561	5860717
ILMN_1665449	150612
ILMN_1739583	3170707
ILMN_1808768	6520494
ILMN_2058337	4860719
ILMN_1659099	5670333
ILMN_1768197	6200128
ILMN_2117223	6370678
ILMN_1722738	2510689
ILMN_1723743	1470608
ILMN_3234993	620538
ILMN_1668766	5420739
ILMN_2344120	460291
ILMN_1781758	730521
ILMN_1702055	1710390
ILMN_1801405	4250373
ILMN_1691021	4920722
ILMN_1696466	4180544
ILMN_1655904	3890132
ILMN_1665795	4060626
ILMN_1694426	4920390
ILMN_2322498	1110180
ILMN_2322499	3940703
ILMN_1813134	4390553
ILMN_1805614	4760072
ILMN_1665167	6110500
ILMN_2247229	6770240
ILMN_1746658	2370561
ILMN_1734366	4070091
ILMN_2275399	4560180
ILMN_1771126	4890553
ILMN_1651792	5390110
ILMN_1811234	5420368
ILMN_1681454	2630326
ILMN_2217848	3130040
ILMN_1787830	1770215
ILMN_2047112	3400687
ILMN_1789398	60086
ILMN_1742054	2070356
ILMN_1659255	2710332
ILMN_1701111	3360553
ILMN_1687922	2970632
ILMN_3244444	4490603
ILMN_2049642	1510440
ILMN_1795719	3120671
ILMN_1753582	3420561
ILMN_1716895	4150458
ILMN_1798880	3870717
ILMN_1770339	730543
ILMN_2323774	770164
ILMN_1713605	1450678
ILMN_1657754	2480315
ILMN_1766916	2000392
ILMN_2165985	5260730
ILMN_1791523	540300
ILMN_1699476	1940608
ILMN_1655932	3120168
ILMN_1686770	3840528
ILMN_1808245	2600397
ILMN_1655734	2630626
ILMN_1664167	2350368
ILMN_2240128	1340239
ILMN_1768097	1770592
ILMN_2336803	2750386
ILMN_1803739	7400475
ILMN_1677581	5270113
ILMN_1663356	6400189
ILMN_1693717	5260408
ILMN_1714809	3400482
ILMN_1712250	4850025
ILMN_2084182	4890719
ILMN_1808041	4040100
ILMN_2154566	6350544
ILMN_1737709	5050072
ILMN_1672446	60053
ILMN_2114876	1070475
ILMN_2116366	6860192
ILMN_1653469	7550458
ILMN_3226244	6250408
ILMN_1709039	840242
ILMN_2413278	1940743
ILMN_1713369	6060356
ILMN_3251212	1110692
ILMN_1740181	70671
ILMN_2130180	6840324
ILMN_1726460	2140753
ILMN_2404850	3930008
ILMN_3302177	2360102
ILMN_3225591	4040451
ILMN_1762747	4210703
ILMN_2383097	1450390
ILMN_1655422	2000593
ILMN_1658283	7040095
ILMN_2230624	3780220
ILMN_2141452	940332
ILMN_2141444	3310487
ILMN_2141453	4570762
ILMN_1701832	3610241
ILMN_2290808	4920070
ILMN_2079386	7380689
ILMN_1797764	1510743
ILMN_1755115	380575
ILMN_1788607	4920408
ILMN_1752897	360121
ILMN_2124757	1340059
ILMN_3239263	3930603
ILMN_2222750	3130682
ILMN_1750273	5910041
ILMN_2160388	1940546
ILMN_1731546	1230309
ILMN_1776586	1780095
ILMN_2110532	6130390
ILMN_1656807	510195
ILMN_1713086	4920193
ILMN_1673509	3520121
ILMN_1737517	2350465
ILMN_1771051	2450167
ILMN_2104409	4480605
ILMN_2319994	1710369
ILMN_2319996	3990215
ILMN_1754303	6660554
ILMN_1754195	430593
ILMN_3306270	7000373
ILMN_1745171	3440743
ILMN_1798636	2030681
ILMN_2400143	4780414
ILMN_1663799	6400437
ILMN_1782167	6960220
ILMN_2175020	1190068
ILMN_1672957	5960551
ILMN_1706873	2490379
ILMN_1774823	2650524
ILMN_2142815	1170164
ILMN_1756360	6370504
ILMN_1685088	840647
ILMN_1771462	3290446
ILMN_1781137	5900521
ILMN_2112811	6860671
ILMN_2189936	3170184
ILMN_2189933	5220161
ILMN_2191634	1070653
ILMN_1800796	4280743
ILMN_2051519	990273
ILMN_1808757	4180110
ILMN_1765043	5720273
ILMN_2343775	6550593
ILMN_1737015	1850338
ILMN_1712413	6060719
ILMN_2108357	6900672
ILMN_1775175	6960615
ILMN_1752285	4250445
ILMN_1710001	1240523
ILMN_2331890	2680484
ILMN_2087080	830609
ILMN_1690494	1980520
ILMN_1717490	2630561
ILMN_1712155	4890615
ILMN_1815292	2680082
ILMN_1740749	6130079
ILMN_1705908	1770609
ILMN_2220320	6420010
ILMN_1811433	1050709
ILMN_1764721	3060477
ILMN_1750507	1690577
ILMN_1729033	4640095
ILMN_2408415	6420730
ILMN_1745075	1470349
ILMN_1709880	3940370
ILMN_2402090	7210102
ILMN_2208491	2070541
ILMN_1689725	2690561
ILMN_2247594	5290082
ILMN_2386530	6380639
ILMN_1755733	4850097
ILMN_1660533	1340689
ILMN_1693421	3370112
ILMN_1725969	5340474
ILMN_2186597	830739
ILMN_1695271	670598
ILMN_2066249	1050154
ILMN_1792283	7320681
ILMN_1680386	1190075
ILMN_1775466	1230181
ILMN_1810423	160204
ILMN_1704056	2260309
ILMN_1777906	2970563
ILMN_1764207	2600706
ILMN_3243461	5910392
ILMN_3238889	3420377
ILMN_1665425	5550414
ILMN_1676504	7560497
ILMN_1686954	4570482
ILMN_3225669	4590682
ILMN_1740587	5560349
ILMN_1782621	6960181
ILMN_1777344	3120717
ILMN_1666635	5260682
ILMN_2338785	6110356
ILMN_2219134	20021
ILMN_2219131	6290609
ILMN_2337241	2370193
ILMN_1787949	3360608
ILMN_2255310	7100717
ILMN_1651850	6450553
ILMN_2207539	460445
ILMN_2207533	1580187
ILMN_1753534	7570131
ILMN_1784717	1470086
ILMN_2177965	6590209
ILMN_2218277	5220037
ILMN_1701596	3360228
ILMN_1800573	2690338
ILMN_1772459	380070
ILMN_2399893	10546
ILMN_1656625	830066
ILMN_1746516	3800332
ILMN_1755664	5490066
ILMN_2209027	6590377
ILMN_1695585	4230121
ILMN_2310703	4670048
ILMN_1750636	5890730
ILMN_1657950	620019
ILMN_2180864	2120437
ILMN_2180866	6560376
ILMN_1660498	3940220
ILMN_2160819	5090424
ILMN_1696839	6650564
ILMN_2048326	2320139
ILMN_1755883	3780528
ILMN_2126802	2760047
ILMN_1712678	5570678
ILMN_1651228	650349
ILMN_2415722	2140370
ILMN_2298818	2760452
ILMN_1694742	5290289
ILMN_1738243	7210372
ILMN_1760714	6180039
ILMN_1673638	3180438
ILMN_2139943	6380255
ILMN_1657722	6560164
ILMN_2166831	6040563
ILMN_1810577	7510482
ILMN_1783142	6100687
ILMN_2191331	6020273
ILMN_1707810	620754
ILMN_1808939	1410035
ILMN_1656791	6270546
ILMN_2251452	2000576
ILMN_1715173	4730739
ILMN_1790801	1500088
ILMN_1702501	5360424
ILMN_1716218	6020181
ILMN_1652736	2260133
ILMN_1770822	2900368
ILMN_1806294	3370110
ILMN_1772019	4180202
ILMN_1756204	6060433
ILMN_1657515	6220438
ILMN_1683097	7510292
ILMN_1807968	2510397
ILMN_1704557	1940576
ILMN_2364357	2350538
ILMN_1761175	4150136
ILMN_2123431	1090259
ILMN_1661000	3890292
ILMN_1667125	7330008
ILMN_3297410	2970056
ILMN_3220888	6110129
ILMN_2070072	2690608
ILMN_1750722	6330647
ILMN_3243700	5810129
ILMN_2038772	5900110
ILMN_1749447	6250097
ILMN_2411723	1410537
ILMN_1664910	2320544
ILMN_1753439	5910358
ILMN_1793514	990632
ILMN_1797816	6400349
ILMN_1683082	6290181
ILMN_1730077	5820333
ILMN_1795383	6660195
ILMN_1730082	2100608
ILMN_2044085	7050138
ILMN_2186137	5570520
ILMN_1683179	7200639
ILMN_1783709	6020564
ILMN_1651771	2750753
ILMN_2361643	4570615
ILMN_1741219	6940397
ILMN_1760121	2810112
ILMN_1699772	6480209
ILMN_1780825	4570670
ILMN_2077623	620546
ILMN_1667519	6350239
ILMN_1803810	1230307
ILMN_2360784	3890408
ILMN_2268381	4540327
ILMN_1658626	2640097
ILMN_2415267	4060187
ILMN_2298624	4150632
ILMN_3307409	4810377
ILMN_1738368	5220397
ILMN_1743329	6280639
ILMN_1771593	2850575
ILMN_1678669	510731
ILMN_2170595	1030639
ILMN_1698231	7150224
ILMN_1765401	4920403
ILMN_3246274	1400187
ILMN_3235477	240154
ILMN_1767253	3460687
ILMN_1685661	4900484
ILMN_1812973	6480609
ILMN_1688178	3130598
ILMN_3241853	840703
ILMN_2066667	4890537
ILMN_1689972	3460634
ILMN_1767658	4120437
ILMN_1737563	3520673
ILMN_1809963	540382
ILMN_1657871	3360343
ILMN_1791097	6370215
ILMN_1712027	2060300
ILMN_1726704	1850176
ILMN_1668834	1400246
ILMN_1741563	3610349
ILMN_1689212	2630519
ILMN_2068698	4850241
ILMN_1723729	5490008
ILMN_2175465	3420451
ILMN_1684571	6020451
ILMN_1777720	1300551
ILMN_1742901	2000091
ILMN_1785109	4060360
ILMN_1690757	5810324
ILMN_3239279	6510379
ILMN_1788223	2650678
ILMN_1659985	840433
ILMN_1682937	4150754
ILMN_1695108	5810563
ILMN_2081645	6420341
ILMN_1681983	6550204
ILMN_1750625	3870014
ILMN_2347249	4120168
ILMN_1763694	6510427
ILMN_1682494	6760730
ILMN_2358278	3840398
ILMN_2358277	4540139
ILMN_1721657	6110209
ILMN_2383344	6290403
ILMN_1748189	4040538
ILMN_2281607	4900196
ILMN_2384405	6370053
ILMN_1808305	5420326
ILMN_2059294	7100193
ILMN_1759863	4850484
ILMN_1778629	3870209
ILMN_1803162	3870703
ILMN_1709538	5360402
ILMN_1791039	6520551
ILMN_2392818	5080048
ILMN_1680591	6100382
ILMN_1809336	6270377
ILMN_1688256	6960747
ILMN_1740606	4560747
ILMN_1777245	2350491
ILMN_1677845	3930435
ILMN_2281786	990047
ILMN_1768357	5670195
ILMN_1756928	6860193
ILMN_1685357	2340424
ILMN_1749115	3460376
ILMN_2373377	7000220
ILMN_2320906	2470719
ILMN_1651652	2640170
ILMN_1691001	4890762
ILMN_2363065	4920129
ILMN_2352036	780402
ILMN_1693598	1580047
ILMN_1730611	2230161
ILMN_1748983	6770189
ILMN_1758827	1240477
ILMN_1737484	3180195
ILMN_1778683	5900672
ILMN_1725098	60411
ILMN_1813450	4490730
ILMN_1776146	130427
ILMN_2149204	2570487
ILMN_2173975	1450427
ILMN_1735658	6400632
ILMN_1659777	2030079
ILMN_2277025	2680646
ILMN_2310968	3710025
ILMN_2319766	2470402
ILMN_1707872	3130255
ILMN_2245814	3360092
ILMN_2262901	110279
ILMN_1730931	4040471
ILMN_2351230	7200296
ILMN_1678627	2640491
ILMN_3307845	4830228
ILMN_1733875	830446
ILMN_1775357	6040390
ILMN_3230683	50093
ILMN_1690064	2370070
ILMN_1709164	3460039
ILMN_1756715	6940634
ILMN_1808157	240035
ILMN_1730797	4390438
ILMN_1669335	7050278
ILMN_1801504	7400368
ILMN_1723477	150398
ILMN_1710522	3360364
ILMN_1812795	3990017
ILMN_1694734	6270349
ILMN_1724669	7650661
ILMN_2377746	70201
ILMN_1716651	940504
ILMN_1669066	1050349
ILMN_1787461	1440564
ILMN_1751839	6040360
ILMN_1743747	670376
ILMN_1810037	2260577
ILMN_2242450	6520324
ILMN_1725352	150181
ILMN_1656540	1780070
ILMN_1693108	4900465
ILMN_2120340	4780537
ILMN_1812970	1030438
ILMN_2316806	1510202
ILMN_1722156	6420368
ILMN_1698233	1410189
ILMN_1796835	4280689
ILMN_1708660	5670164
ILMN_1749150	1410594
ILMN_3240013	380414
ILMN_1731621	3460189
ILMN_1806099	3870692
ILMN_1687315	7000356
ILMN_1774074	6380431
ILMN_1809730	1340066
ILMN_2263333	1450228
ILMN_1750624	3450753
ILMN_1721842	840554
ILMN_2363439	770372
ILMN_1658526	940424
ILMN_1769671	1090523
ILMN_1682062	160189
ILMN_2411781	2750431
ILMN_1760798	1660241
ILMN_1796455	430253
ILMN_1653494	7200373
ILMN_2046730	540681
ILMN_1796712	2490195
ILMN_1750101	110682
ILMN_1748915	1410221
ILMN_1782142	580086
ILMN_1814799	830377
ILMN_1765459	5130497
ILMN_2407168	5860148
ILMN_1738707	5870577
ILMN_1667138	7560110
ILMN_1783287	1240093
ILMN_1728049	110468
ILMN_1725852	7550220
ILMN_1712545	150100
ILMN_1688780	3990458
ILMN_1684306	5290270
ILMN_1810857	7160161
ILMN_1713636	2810315
ILMN_1757351	6550500
ILMN_1673191	7550554
ILMN_2179283	1500270
ILMN_1674104	4850563
ILMN_1729801	6060468
ILMN_1750974	5390220
ILMN_1771710	3190075
ILMN_1715695	5490392
ILMN_1801216	1510424
ILMN_1663577	3170189
ILMN_1700685	6290593
ILMN_2314208	6370433
ILMN_2294274	6550086
ILMN_2054707	610204
ILMN_1795139	5870338
ILMN_3235853	4810768
ILMN_1812452	6650376
ILMN_1703531	5570187
ILMN_1784737	3370075
ILMN_2073184	1440750
ILMN_1808732	130338
ILMN_2304512	1690563
ILMN_1701017	2600424
ILMN_1728262	4050291
ILMN_1668055	3710022
ILMN_1658678	5860707
ILMN_1808797	6760370
ILMN_1776674	4210692
ILMN_1765019	2600204
ILMN_1738832	4070743
ILMN_2131523	7510379
ILMN_1657204	7160753
ILMN_1722059	5270731
ILMN_1705679	2850091
ILMN_2069446	7050670
ILMN_1758619	2350482
ILMN_1744786	1010424
ILMN_2124433	6040242
ILMN_1657888	4610451
ILMN_1740842	4880554
ILMN_1707065	2100561
ILMN_1695687	5050270
ILMN_1658821	1440438
ILMN_1767801	6060092
ILMN_1709067	520239
ILMN_2195138	2340431
ILMN_1706337	3830440
ILMN_1783131	3390523
ILMN_1760688	5560280
ILMN_1659158	290750
ILMN_2258816	1030167
ILMN_1755415	3460348
ILMN_2343618	3610719
ILMN_2119297	2680523
ILMN_1753467	1780156
ILMN_1755215	4780735
ILMN_1691716	1410121
ILMN_1802231	6980563
ILMN_1748150	3990474
ILMN_2105177	1010181
ILMN_1814305	1240142
ILMN_1799467	3170136
ILMN_1721026	2230537
ILMN_1671932	5080458
ILMN_1684887	1410181
ILMN_2171289	4390079
ILMN_1700044	4260292
ILMN_1752793	2900435
ILMN_1700896	1780673
ILMN_2199022	520600
ILMN_1757781	2320053
ILMN_1794085	3140162
ILMN_1811430	3850309
ILMN_1689126	4120731
ILMN_1783415	4250360
ILMN_1744035	4860332
ILMN_1655306	5290181
ILMN_1655922	6200615
ILMN_1670523	6940292
ILMN_1732725	2850273
ILMN_1657697	3140553
ILMN_2287168	4490736
ILMN_1736888	5290484
ILMN_2394296	6620537
ILMN_1708242	5670553
ILMN_1704973	6770215
ILMN_1746265	4150593
ILMN_1786972	6020093
ILMN_1655684	4730168
ILMN_1680145	5130095
ILMN_1714896	4830717
ILMN_2185984	5390102
ILMN_1712673	6220673
ILMN_1697554	4730037
ILMN_1680662	2680519
ILMN_2089458	4830291
ILMN_1753342	5490431
ILMN_1746883	1980762
ILMN_1690646	3130669
ILMN_1738657	1980682
ILMN_1713351	5560711
ILMN_2050654	2070025
ILMN_1679045	50170
ILMN_2159384	4900707
ILMN_1765725	5260717
ILMN_1703246	3940692
ILMN_1784595	3120095
ILMN_2123665	7160129
ILMN_1708261	2260519
ILMN_1807694	3800270
ILMN_1728298	3850767
ILMN_3246489	60474
ILMN_1739943	1010397
ILMN_1808811	3190609
ILMN_1712759	4480477
ILMN_2402499	1660719
ILMN_1689842	4200037
ILMN_1720889	5860348
ILMN_1677607	6220397
ILMN_1655663	6760673
ILMN_1694194	2940564
ILMN_1728907	1050544
ILMN_1729058	2650022
ILMN_3251337	4220687
ILMN_1654893	50341
ILMN_2399208	1980082
ILMN_1793712	7200292
ILMN_1800843	160286
ILMN_1753345	7510164
ILMN_2372011	240546
ILMN_1795317	4560170
ILMN_1794230	5050437
ILMN_1745917	2260296
ILMN_1658502	2680114
ILMN_1759319	3130465
ILMN_1713746	5560278
ILMN_1775590	6020519
ILMN_3250932	7650040
ILMN_2246154	3710750
ILMN_1758244	3870333
ILMN_1677534	3140382
ILMN_1811178	4250646
ILMN_1746376	2190278
ILMN_1654966	6250349
ILMN_1723358	6420630
ILMN_1751062	1030477
ILMN_2183409	1170338
ILMN_1814726	4810435
ILMN_1777658	2480372
ILMN_2390946	5390204
ILMN_1655405	5390703
ILMN_2341006	7570692
ILMN_3241016	4890709
ILMN_3246209	2760332
ILMN_3236010	5310066
ILMN_3248223	4670273
ILMN_3235325	360292
ILMN_3247636	3140521
ILMN_2199574	3870576
ILMN_3237446	2030646
ILMN_3245822	4670382
ILMN_3241373	2750670
ILMN_3241941	2230544
ILMN_3245471	1170497
ILMN_3246869	2120370
ILMN_3238358	5960176
ILMN_3243966	2710427
ILMN_3247648	3990551
ILMN_3244216	4850451
ILMN_3240069	4180541
ILMN_3236408	3130673
ILMN_3241869	160424
ILMN_3248663	3830152
ILMN_3247159	2600403
ILMN_1805064	6220112
ILMN_3235851	2470703
ILMN_1795839	4490220
ILMN_2156936	5820187
ILMN_1689329	2140128
ILMN_1746164	610128
ILMN_2303912	2940674
ILMN_2237428	3610671
ILMN_1710325	1470731
ILMN_2388190	3460646
ILMN_1800543	1770368
ILMN_1687332	4180598
ILMN_1708891	7570332
ILMN_1703178	4900520
ILMN_2197946	1070646
ILMN_1711245	5570364
ILMN_2065773	5260343
ILMN_1655347	1450368
ILMN_1768099	6180609
ILMN_1781656	6940376
ILMN_1714536	520370
ILMN_1802104	2350497
ILMN_1732398	6840154
ILMN_1723333	3130706
ILMN_1679666	2000292
ILMN_1670306	4210427
ILMN_1768756	1770292
ILMN_1789648	3990278
ILMN_1794598	630465
ILMN_1813561	730592
ILMN_1797107	4070050
ILMN_1722742	1580519
ILMN_2276504	10181
ILMN_1653861	430168
ILMN_1714738	510692
ILMN_2375557	1340050
ILMN_1776653	1430152
ILMN_2340908	5570646
ILMN_2257377	5820762
ILMN_1698191	70112
ILMN_1747436	1300131
ILMN_1801666	2450463
ILMN_1797892	6900692
ILMN_1741059	4730612
ILMN_1801302	6560154
ILMN_1767666	7000603
ILMN_2271762	580189
ILMN_2366915	3290465
ILMN_1732782	4730066
ILMN_1676998	4540301
ILMN_2283293	3170747
ILMN_2387395	4260102
ILMN_1657591	7560730
ILMN_1700328	4390110
ILMN_2412822	7380348
ILMN_1731914	3390435
ILMN_1695947	6370026
ILMN_1694956	5080551
ILMN_1773802	6290131
ILMN_1690160	6840382
ILMN_1773271	4210274
ILMN_1781951	3460196
ILMN_1672591	2350168
ILMN_2169692	3800768
ILMN_1746598	4280162
ILMN_2375651	6350070
ILMN_1713995	7040487
ILMN_1740917	1660079
ILMN_1754757	150059
ILMN_1814215	670100
ILMN_2153837	6270735
ILMN_1728975	3450563
ILMN_1701621	7510537
ILMN_1768050	4040482
ILMN_1674955	670377
ILMN_1694776	1010730
ILMN_1767470	2690598
ILMN_1726204	1110048
ILMN_2324029	2970176
ILMN_1726516	4290196
ILMN_1695181	6590672
ILMN_1756439	1030239
ILMN_1662016	7150647
ILMN_1699844	2120661
ILMN_2116516	3120025
ILMN_1741617	510139
ILMN_1752841	3840609
ILMN_1706682	4260196
ILMN_1705763	3060056
ILMN_1772537	7000433
ILMN_1739714	2850167
ILMN_1779416	6980358
ILMN_1659359	240070
ILMN_3240314	5220044
ILMN_3238178	510070
ILMN_1715351	3710632
ILMN_1731991	1470376
ILMN_2400874	1580093
ILMN_1761911	830441
ILMN_2121316	1400546
ILMN_1711919	1510301
ILMN_1743427	2030068
ILMN_1651949	3180348
ILMN_1683674	4220338
ILMN_1735360	6620441
ILMN_1768953	4480474
ILMN_1815308	6590592
ILMN_1800038	7000148
ILMN_1784553	2690026
ILMN_1680480	1990551
ILMN_1802418	2630048
ILMN_1753523	6510286
ILMN_1663042	2650193
ILMN_1693088	6290040
ILMN_2363591	630167
ILMN_2363586	6040324
ILMN_1705107	1430673
ILMN_2376822	2760524
ILMN_2277246	3610364
ILMN_1700310	3890246
ILMN_1772489	5220541
ILMN_1686194	6350743
ILMN_2380850	60706
ILMN_2271379	6060451
ILMN_1803997	7040553
ILMN_1693727	6840725
ILMN_1728802	460458
ILMN_1713978	840768
ILMN_1749213	3120079
ILMN_1696065	1980360
ILMN_1785605	3120398
ILMN_2378257	3310167
ILMN_1744210	360424
ILMN_2051232	3180470
ILMN_1693124	1470634
ILMN_2070355	3930349
ILMN_3238633	20156
ILMN_1654602	450301
ILMN_1759048	1300176
ILMN_1734640	2030608
ILMN_1707815	2450332
ILMN_1653390	4260673
ILMN_1675290	4610379
ILMN_1766418	5270168
ILMN_1750093	5290576
ILMN_1666757	5910187
ILMN_1718539	6330019
ILMN_1651664	6620672
ILMN_1754458	7160128
ILMN_1757306	7330554
ILMN_3248781	5130379
ILMN_3307762	1400524
ILMN_1732166	3830035
ILMN_1671972	4040521
ILMN_2148679	6350341
ILMN_1671925	7510497
ILMN_1667257	3370195
ILMN_2323366	1090301
ILMN_1746241	6200241
ILMN_1698487	3390139
ILMN_1810540	10541
ILMN_2405353	6550619
ILMN_1676709	3180010
ILMN_1715991	6290114
ILMN_3236661	160402
ILMN_1710064	3850259
ILMN_3248985	5490315
ILMN_1798817	4390326
ILMN_3243385	5550370
ILMN_3249101	1230139
ILMN_2133090	1260072
ILMN_1739882	5390397
ILMN_1811114	10068
ILMN_1750674	3390021
ILMN_1708886	2640209
ILMN_2229019	6590192
ILMN_3249074	3850397
ILMN_1693490	2570088
ILMN_2196666	2600717
ILMN_1701681	150082
ILMN_3297880	650338
ILMN_3223181	1580017
ILMN_2391912	1770044
ILMN_1732575	3060379
ILMN_2285802	4200441
ILMN_1684211	4890341
ILMN_1675770	6400762
ILMN_1742947	7380192
ILMN_1769402	2510382
ILMN_1687268	6770543
ILMN_1657946	4220619
ILMN_1808128	4390563
ILMN_1757928	6940139
ILMN_2126344	2600343
ILMN_1748719	3420414
ILMN_1775036	6760474
ILMN_1784238	2600500
ILMN_2290618	510041
ILMN_1752435	1070332
ILMN_1664051	7000386
ILMN_1790311	2640541
ILMN_2129309	7400041
ILMN_1657483	1980209
ILMN_2366246	6370133
ILMN_1690690	3460468
ILMN_2126832	4880463
ILMN_2334303	150048
ILMN_1662707	1010142
ILMN_1730232	1230717
ILMN_1735148	3850068
ILMN_1790711	4810044
ILMN_1745469	7000019
ILMN_1676600	4280722
ILMN_1706758	5290278
ILMN_1656386	4250451
ILMN_1724959	3840100
ILMN_1691409	4280102
ILMN_2399896	5560180
ILMN_1698731	5310682
ILMN_1733050	6550253
ILMN_1659564	1030471
ILMN_1779381	5700364
ILMN_1801852	3390390
ILMN_1787026	380753
ILMN_2367020	6290367
ILMN_1762003	110327
ILMN_2136068	4290598
ILMN_1763989	7160521
ILMN_1736481	1470475
ILMN_1784333	2470762
ILMN_1652277	5360093
ILMN_1708619	580196
ILMN_1705032	1580286
ILMN_2381138	6760504
ILMN_1726496	6350332
ILMN_1750018	5340524
ILMN_1797822	1470551
ILMN_2193892	2480497
ILMN_1739393	4060600
ILMN_1680652	7550292
ILMN_1696133	4280370
ILMN_2134110	2710161
ILMN_1758056	7550494
ILMN_1724422	6940358
ILMN_1651429	6400148
ILMN_1769787	7570437
ILMN_1715417	4810468
ILMN_1734855	4210544
ILMN_1784534	3420037
ILMN_1787680	5490608
ILMN_1803744	6020474
ILMN_2227368	1190202
ILMN_1746368	6380296
ILMN_1655374	4280402
ILMN_1765641	6900114
ILMN_1653501	430181
ILMN_2406299	4220433
ILMN_1695475	5670246
ILMN_2099773	2470242
ILMN_2154322	1580608
ILMN_1651547	2190243
ILMN_1761540	5690167
ILMN_1676067	2260154
ILMN_1702787	2850576
ILMN_1672589	5080280
ILMN_1781814	5270255
ILMN_2115669	7050328
ILMN_1687533	4880408
ILMN_1805007	3060754
ILMN_1676248	4060543
ILMN_1678974	7560717
ILMN_1656927	3390575
ILMN_1880012	4210215
ILMN_1736300	4180435
ILMN_1794370	5310739
ILMN_1713529	7050682
ILMN_1712914	160368
ILMN_1689020	990736
ILMN_2360988	4780338
ILMN_1813503	3120750
ILMN_1814494	870309
ILMN_1654540	1110082
ILMN_1753251	2850324
ILMN_2317493	4060390
ILMN_1806407	5340128
ILMN_1756312	5870239
ILMN_2397347	840609
ILMN_2312498	6290445
ILMN_2169783	3130131
ILMN_3242851	780291
ILMN_1801121	2940349
ILMN_2123567	6480278
ILMN_1751147	870709
ILMN_1675501	290315
ILMN_3251634	2680703
ILMN_2054233	5080215
ILMN_2054236	5870593
ILMN_1778294	1010224
ILMN_2382354	2350468
ILMN_1767690	5560326
ILMN_2407082	6100288
ILMN_2176768	5700612
ILMN_1673369	5960544
ILMN_1687824	2030736
ILMN_2399036	780162
ILMN_1760890	1780402
ILMN_2289887	4290722
ILMN_1785071	4280678
ILMN_2204826	4540079
ILMN_1750092	2630220
ILMN_1696814	6620279
ILMN_1671854	290022
ILMN_2415162	4480279
ILMN_2343757	3710386
ILMN_2258958	6940184
ILMN_1691864	7400327
ILMN_1788778	20288
ILMN_1788061	1260102
ILMN_3239164	2350110
ILMN_1798053	7200010
ILMN_2365711	630601
ILMN_1747665	3940139
ILMN_1748546	5960703
ILMN_1676737	6940619
ILMN_1746673	4890021
ILMN_1659953	6040066
ILMN_2251114	3420639
ILMN_1776157	4670458
ILMN_2402172	5900543
ILMN_1778079	6110075
ILMN_2294123	6180215
ILMN_1674893	5890537
ILMN_1688067	5910446
ILMN_1789627	6960022
ILMN_1681798	610278
ILMN_1661342	6270020
ILMN_2399264	7610370
ILMN_1729019	450195
ILMN_1721910	1500451
ILMN_1769118	4590110
ILMN_2045994	2970025
ILMN_1719661	1440243
ILMN_2183610	3450372
ILMN_1812169	4050181
ILMN_1773968	4210754
ILMN_2382558	2650367
ILMN_2280630	5050239
ILMN_2233878	2340474
ILMN_1665388	3990722
ILMN_2233885	5130647
ILMN_1655011	6580253
ILMN_3251501	1300093
ILMN_1789136	1580309
ILMN_1760049	6580437
ILMN_2289844	70750
ILMN_1663367	4210180
ILMN_2289840	5290253
ILMN_1657409	5720379
ILMN_1801395	6580184
ILMN_2231298	5260064
ILMN_2231299	5700441
ILMN_1741613	2680487
ILMN_2111932	3390484
ILMN_1665065	840259
ILMN_1713752	2030279
ILMN_1815656	7380139
ILMN_1704512	7610148
ILMN_3307705	4250170
ILMN_1789464	5810477
ILMN_1706817	1770541
ILMN_1696767	1710053
ILMN_2338452	730047
ILMN_2256050	6020097
ILMN_2404154	6380484
ILMN_1764980	6770333
ILMN_1793628	5870707
ILMN_2316955	50279
ILMN_1791095	6180475
ILMN_1670669	5870528
ILMN_1743046	5260270
ILMN_1810166	5810711
ILMN_1780705	7050373
ILMN_1788874	6280168
ILMN_1759631	1190465
ILMN_1759910	3290630
ILMN_2215418	3060746
ILMN_1705243	2190102
ILMN_1683933	3780519
ILMN_2377385	7210066
ILMN_1679133	3190112
ILMN_2147424	1660356
ILMN_1694917	4290482
ILMN_2234517	6760301
ILMN_1769759	1580762
ILMN_2150851	5810095
ILMN_2150856	6350209
ILMN_1703855	1470056
ILMN_2120222	3310201
ILMN_1782716	6860424
ILMN_1793888	6290707
ILMN_1712400	4220504
ILMN_1688814	5870538
ILMN_2395139	450463
ILMN_1767685	7200243
ILMN_2397028	1770376
ILMN_1718960	3400672
ILMN_1742052	1230156
ILMN_2184250	1980154
ILMN_1762605	1050563
ILMN_1707975	1440270
ILMN_1744381	770408
ILMN_1655595	5080192
ILMN_3242398	2060253
ILMN_2141482	6290356
ILMN_1740005	3710296
ILMN_1670305	2030309
ILMN_1711272	3450538
ILMN_1751028	7650017
ILMN_2207988	520240
ILMN_1814333	3440156
ILMN_1726225	2680370
ILMN_1794017	4290072
ILMN_1651347	2070367
ILMN_1801934	3370474
ILMN_1804502	4880431
ILMN_1813955	6650379
ILMN_1730794	6330504
ILMN_1800626	1240553
ILMN_1751598	6650630
ILMN_1694027	2480192
ILMN_1724495	670202
ILMN_1742238	4230224
ILMN_1720513	5310079
ILMN_1714327	2510674
ILMN_1813573	4780669
ILMN_1769473	1260615
ILMN_1679577	240445
ILMN_1756328	2140475
ILMN_1724504	2940706
ILMN_1737376	2600180
ILMN_1751075	6380709
ILMN_1654637	6350768
ILMN_1724009	5810437
ILMN_1720916	3520500
ILMN_1651936	2350735
ILMN_1718207	6450722
ILMN_1731644	5390646
ILMN_1682404	7610097
ILMN_1763436	4250601
ILMN_1658809	6940553
ILMN_1684320	830095
ILMN_2413780	1090521
ILMN_2297887	3370615
ILMN_1800873	4280687
ILMN_2413779	5490692
ILMN_1742808	1400747
ILMN_1776077	3610743
ILMN_1712560	5720156
ILMN_1655809	4830438
ILMN_1697286	5910390
ILMN_1754220	3890202
ILMN_1705151	1230747
ILMN_1677165	2450603
ILMN_1706075	3800435
ILMN_1674780	5310048
ILMN_1703720	2000500
ILMN_2182120	3780544
ILMN_1775939	3930070
ILMN_1803110	1090239
ILMN_1722648	990193
ILMN_1689389	7330068
ILMN_1811560	2490730
ILMN_1697302	4890736
ILMN_1703158	1260113
ILMN_1763887	4640367
ILMN_2414679	6350168
ILMN_1741585	1780152
ILMN_2391750	2650433
ILMN_1752321	6900113
ILMN_1660125	4920066
ILMN_1806607	3710040
ILMN_1769931	5050408
ILMN_2149164	6960379
ILMN_1722898	3060639
ILMN_1810172	2640543
ILMN_2185728	7330035
ILMN_1790026	5890280
ILMN_1795341	430026
ILMN_1742798	2490181
ILMN_1657790	990543
ILMN_1720088	3290669
ILMN_2373266	5900731
ILMN_2275297	7400110
ILMN_1728001	4850154
ILMN_2265082	160386
ILMN_1677162	5310300
ILMN_2354649	6110014
ILMN_1775345	460148
ILMN_1711270	70019
ILMN_1772487	1070053
ILMN_1689007	5090253
ILMN_1659874	990056
ILMN_2146566	2510722
ILMN_1807737	4260750
ILMN_2117716	5570538
ILMN_3224934	1580204
ILMN_3299558	2060433
ILMN_1696407	3940414
ILMN_1772702	4490133
ILMN_3251511	780010
ILMN_2069593	4010445
ILMN_1679086	5080181
ILMN_2135232	1090300
ILMN_1723212	5900561
ILMN_2175075	7200037
ILMN_1761996	4730543
ILMN_2378868	6380445
ILMN_1697469	3060110
ILMN_1778836	450168
ILMN_1692575	4180379
ILMN_1760683	6420767
ILMN_1734895	5360521
ILMN_1668378	4250491
ILMN_3307659	4830437
ILMN_1765746	5420544
ILMN_3310065	6400717
ILMN_1703864	2450162
ILMN_3239821	2120288
ILMN_1678533	450246
ILMN_2048659	580215
ILMN_2205012	7550524
ILMN_1689114	2970112
ILMN_2359835	1710356
ILMN_1727017	4730736
ILMN_2206949	510561
ILMN_1768575	6510270
ILMN_2205935	4730411
ILMN_1795976	5720553
ILMN_1662910	4640646
ILMN_2363361	730092
ILMN_1658437	1820706
ILMN_1770848	3060121
ILMN_1767337	4560192
ILMN_1741007	2690088
ILMN_2194467	1190162
ILMN_1810324	1510471
ILMN_1763457	70088
ILMN_1702861	2450327
ILMN_1657254	4490563
ILMN_1674620	5290348
ILMN_1659649	5670082
ILMN_1718519	5260609
ILMN_1773042	2480091
ILMN_1664362	6380239
ILMN_1702487	4390450
ILMN_3229324	1410209
ILMN_3305938	2030324
ILMN_3249594	1090373
ILMN_1660413	780132
ILMN_2361920	4880209
ILMN_1679233	7330133
ILMN_1715771	2970670
ILMN_1729785	3800673
ILMN_1747020	3940376
ILMN_2366703	6510500
ILMN_1740505	290358
ILMN_1685176	4640470
ILMN_1730825	4610348
ILMN_2404906	7150128
ILMN_2061641	1430309
ILMN_1746699	3520754
ILMN_1761531	3370273
ILMN_1679837	6980494
ILMN_1811364	2120612
ILMN_1812062	2190228
ILMN_1662140	7210706
ILMN_2133675	1340538
ILMN_1661939	110072
ILMN_1762207	840364
ILMN_1779171	1940273
ILMN_1679614	270475
ILMN_1677800	240731
ILMN_1675249	1450543
ILMN_2109343	4050066
ILMN_2061185	5900181
ILMN_1669833	3610390
ILMN_1752046	6560301
ILMN_1705892	5910465
ILMN_1701237	5390168
ILMN_1733874	3460142
ILMN_1772466	5490452
ILMN_1775734	270487
ILMN_2321648	2490475
ILMN_1674440	5870450
ILMN_1679322	2680372
ILMN_2156965	2140048
ILMN_1664762	6060139
ILMN_1672795	1820349
ILMN_1754126	3450458
ILMN_1695263	4640274
ILMN_1749744	1090441
ILMN_3245175	6510722
ILMN_1761875	4610079
ILMN_1733346	5130059
ILMN_1702835	5890242
ILMN_2081162	6480482
ILMN_1762764	7200044
ILMN_1737163	6280240
ILMN_1692539	130382
ILMN_1801914	7160184
ILMN_1785330	4890674
ILMN_1675898	4860577
ILMN_1814773	5670711
ILMN_1683799	6270092
ILMN_1665384	240487
ILMN_1653133	780133
ILMN_1788062	4280639
ILMN_1661491	2600465
ILMN_1760990	1300603
ILMN_1766045	6960372
ILMN_2158336	7330259
ILMN_1810782	3450059
ILMN_1652650	4920328
ILMN_1808501	6020152
ILMN_1769785	2690750
ILMN_1743103	3460451
ILMN_1764723	1190437
ILMN_1656826	1410358
ILMN_1661137	5570348
ILMN_1657611	3400543
ILMN_1743275	4050441
ILMN_1756595	2490309
ILMN_1891476	2570709
ILMN_1849298	3140477
ILMN_1693981	4480161
ILMN_1712231	2570288
ILMN_1747754	2900730
ILMN_1745151	1450433
ILMN_1814790	4220209
ILMN_2317580	10767
ILMN_2317581	1170301
ILMN_1794780	6510601
ILMN_1732612	5890706
ILMN_1706579	3800053
ILMN_1812570	4200538
ILMN_1701967	4590280
ILMN_1721022	6250019
ILMN_1754942	110767
ILMN_1734667	1400095
ILMN_1721087	1410440
ILMN_1683857	1850392
ILMN_1770905	6040689
ILMN_1807050	2570348
ILMN_1709162	990025
ILMN_2182482	4730086
ILMN_1789166	730093
ILMN_2133996	1440189
ILMN_1712865	3930138
ILMN_2093427	1710037
ILMN_1781381	6550095
ILMN_2128128	4860692
ILMN_1794505	6660196
ILMN_1652693	290386
ILMN_1760412	7650523
ILMN_2287543	5670286
ILMN_1682273	5960598
ILMN_1677942	5390736
ILMN_2139100	160731
ILMN_1765493	3800307
ILMN_1811933	2690528
ILMN_2402463	2970059
ILMN_1743784	3420433
ILMN_1661264	10341
ILMN_2158242	4590128
ILMN_1695233	2320020
ILMN_1775093	4180368
ILMN_1781679	5690678
ILMN_1666777	2000739
ILMN_1756411	2680132
ILMN_1702979	3360041
ILMN_2216918	5310070
ILMN_2387303	4180647
ILMN_1722423	4880091
ILMN_2189458	240358
ILMN_1685540	6520561
ILMN_1738322	5860154
ILMN_1681777	7550324
ILMN_3245062	6280400
ILMN_2206188	5270064
ILMN_2045849	1430086
ILMN_1739144	3120382
ILMN_1743412	630497
ILMN_2279413	840082
ILMN_1711627	2850435
ILMN_1661161	4670148
ILMN_2380566	7570537
ILMN_1801313	1980768
ILMN_3249179	2600593
ILMN_2114645	3060600
ILMN_1795118	7000026
ILMN_1791912	4890328
ILMN_1804711	3990487
ILMN_1807981	4220193
ILMN_1736965	5860373
ILMN_1725320	5290176
ILMN_1655549	4480497
ILMN_1674593	2680136
ILMN_1724709	2070113
ILMN_1676363	2570129
ILMN_1695949	3360653
ILMN_3243061	1400593
ILMN_1797293	3290307
ILMN_2229261	2450707
ILMN_1652381	4640270
ILMN_1740298	6650064
ILMN_2299095	1410070
ILMN_1685630	1410102
ILMN_1681415	1770601
ILMN_1686706	3800386
ILMN_2409384	7320364
ILMN_1730295	780369
ILMN_1795236	3940685
ILMN_2209551	460717
ILMN_1688672	7650167
ILMN_3306742	50553
ILMN_1717925	510136
ILMN_2398489	2940528
ILMN_3229733	4050438
ILMN_1717639	1690678
ILMN_3235647	4920164
ILMN_3239795	2490128
ILMN_1668714	3780504
ILMN_1732343	4230035
ILMN_1653524	2230392
ILMN_2399392	3130228
ILMN_2290025	4540594
ILMN_1678729	6560603
ILMN_1665994	730148
ILMN_1696279	1570544
ILMN_2073279	5050400
ILMN_1673886	1510441
ILMN_1700448	4260554
ILMN_1805996	6420017
ILMN_1788315	4290440
ILMN_2344002	5360326
ILMN_2344007	7040609
ILMN_2415536	2140768
ILMN_1682930	5810068
ILMN_2128162	6940369
ILMN_1732923	3460053
ILMN_1765872	840626
ILMN_1758146	1940129
ILMN_2372974	5360193
ILMN_1733997	3780017
ILMN_1697353	5810309
ILMN_1769886	6510195
ILMN_2383058	2680050
ILMN_1771801	3940041
ILMN_1676780	4220152
ILMN_1739083	7000224
ILMN_1723494	4860411
ILMN_2398711	4890066
ILMN_1724372	5090446
ILMN_1733985	6370170
ILMN_1657868	4570131
ILMN_2291644	1240600
ILMN_1799598	1510270
ILMN_1683059	1580224
ILMN_1738983	2850195
ILMN_1654246	1850739
ILMN_2077858	3370592
ILMN_1788531	4280053
ILMN_1696046	4670487
ILMN_1787248	5550673
ILMN_3300972	1450477
ILMN_3231820	5820170
ILMN_1812702	1450408
ILMN_1663772	940255
ILMN_1799076	1570246
ILMN_1743402	20653
ILMN_1793672	5810672
ILMN_1786631	4260047
ILMN_1771224	2030630
ILMN_3249807	360743
ILMN_1807807	610082
ILMN_3250659	1500228
ILMN_1751400	4220053
ILMN_2335604	5870192
ILMN_2125010	6040008
ILMN_1657129	7160360
ILMN_3311180	1430132
ILMN_3311170	3840097
ILMN_3307972	5570112
ILMN_1710598	2140164
ILMN_1736834	5870609
ILMN_2098119	7400142
ILMN_1712423	2640678
ILMN_1666512	5560541
ILMN_1651513	1450463
ILMN_3229770	2940369
ILMN_1711766	2480739
ILMN_1790710	3610465
ILMN_1665538	1710286
ILMN_1791002	4730674
ILMN_1801391	5420026
ILMN_2291954	1400373
ILMN_1667371	1990753
ILMN_2345898	5870164
ILMN_2409720	780129
ILMN_1673357	4230671
ILMN_1746784	150019
ILMN_2397795	6200220
ILMN_3234775	6200162
ILMN_1770768	5810136
ILMN_1760109	1450301
ILMN_2196078	7200743
ILMN_1710923	4280497
ILMN_1667224	6040577
ILMN_2227248	3940307
ILMN_1753353	3290291
ILMN_2055700	4280603
ILMN_1776112	6350438
ILMN_1683670	1980040
ILMN_1712887	780278
ILMN_1673637	540541
ILMN_2063532	7000176
ILMN_1737323	5860296
ILMN_1792933	240593
ILMN_1712912	50110
ILMN_1677240	610491
ILMN_1732489	2690296
ILMN_2251020	5700168
ILMN_1741165	780465
ILMN_1735737	5900170
ILMN_1745034	1820037
ILMN_1688162	2900154
ILMN_2059452	830022
ILMN_1720996	4220041
ILMN_1679011	1070243
ILMN_2084059	7160228
ILMN_1811835	270301
ILMN_2129910	2070372
ILMN_1767992	1580653
ILMN_2266573	3170156
ILMN_1753254	4880403
ILMN_1762529	3710075
ILMN_1695962	110450
ILMN_1802131	4880706
ILMN_2204430	6270544
ILMN_1792744	5870291
ILMN_1658519	610753
ILMN_1796243	5390594
ILMN_1675488	6550326
ILMN_1663723	6450736
ILMN_1676192	3460026
ILMN_2197659	540689
ILMN_1805561	5560400
ILMN_1664320	20634
ILMN_1652857	5860491
ILMN_2211739	6560093
ILMN_2085862	4220044
ILMN_2076463	160279
ILMN_1679731	6650465
ILMN_1757052	6250026
ILMN_1782938	7550192
ILMN_2115777	4880747
ILMN_2180929	650446
ILMN_1740076	870021
ILMN_1714252	2900408
ILMN_1736546	2360273
ILMN_2227385	4850703
ILMN_1703886	2650112
ILMN_2364022	110719
ILMN_2102069	6550019
ILMN_1804673	7380561
ILMN_1803720	650612
ILMN_1755649	6860082
ILMN_1729691	5900564
ILMN_1810053	3520255
ILMN_1731165	580500
ILMN_1732410	6290161
ILMN_1722716	6480382
ILMN_1773586	1110110
ILMN_1690979	10066
ILMN_1720461	3310474
ILMN_1684434	1770471
ILMN_3251399	6960253
ILMN_1666904	3190040
ILMN_1770629	3120286
ILMN_1767842	7160192
ILMN_1785405	4250241
ILMN_2172890	6020243
ILMN_1786785	6130603
ILMN_2070003	7160131
ILMN_2180171	870092
ILMN_1698996	4760014
ILMN_2201668	1450020
ILMN_1716359	4540593
ILMN_1658917	2260020
ILMN_1785380	6480450
ILMN_1738552	4210403
ILMN_1656904	6350392
ILMN_1707720	7610433
ILMN_2171471	4610689
ILMN_1704629	290669
ILMN_1672662	6420731
ILMN_1813763	6590037
ILMN_1715742	2470356
ILMN_1675597	6650152
ILMN_1768278	240041
ILMN_2189815	2190450
ILMN_1772557	3890113
ILMN_1797119	4570228
ILMN_1735386	1190630
ILMN_2408748	1450500
ILMN_1662154	4640324
ILMN_1766083	5690575
ILMN_1777665	1470754
ILMN_1700417	5900348
ILMN_1730639	4480017
ILMN_1763609	2480072
ILMN_1748738	2360403
ILMN_1653200	4010367
ILMN_1724902	6270465
ILMN_2382505	7400053
ILMN_1691048	2340441
ILMN_1762410	2340156
ILMN_1715972	2510484
ILMN_2334193	7610356
ILMN_3239050	1070670
ILMN_3227263	7550450
ILMN_3249105	620176
ILMN_1740676	2370440
ILMN_2048477	1780747
ILMN_2048478	6200333
ILMN_2050911	4850168
ILMN_1685057	6040398
ILMN_1699357	7050180
ILMN_2405391	780619
ILMN_2390017	5340685
ILMN_1797391	2810709
ILMN_2353117	3870020
ILMN_1706615	5890070
ILMN_1783756	2320524
ILMN_2232339	770300
ILMN_1777657	6510731
ILMN_1760950	2690563
ILMN_2376553	5090279
ILMN_1655272	130689
ILMN_1746578	3060474
ILMN_1666361	4830370
ILMN_1788118	940382
ILMN_1747395	4180689
ILMN_1711826	6520360
ILMN_1663519	150309
ILMN_1815949	130291
ILMN_1675391	2260414
ILMN_2370738	2690243
ILMN_1786045	6350609
ILMN_1701655	2360376
ILMN_1813671	6900440
ILMN_1804090	2900121
ILMN_1664168	2480475
ILMN_1788053	460180
ILMN_1668012	2320400
ILMN_1743770	1710754
ILMN_2347044	3180241
ILMN_1667670	5310615
ILMN_2070013	6590546
ILMN_2115421	270746
ILMN_1806032	4260689
ILMN_1737312	2490403
ILMN_1754864	5080341
ILMN_1666553	380014
ILMN_1813670	4390605
ILMN_1667429	1430286
ILMN_1741392	6220161
ILMN_1783060	6860132
ILMN_1780417	780681
ILMN_1687958	4210626
ILMN_1679949	6280092
ILMN_1665838	1710739
ILMN_1711838	3890402
ILMN_1752639	7510681
ILMN_1791728	10487
ILMN_1811235	1070661
ILMN_1664748	2370273
ILMN_2327947	4730538
ILMN_1659894	1070408
ILMN_1750981	1850458
ILMN_1768251	2490053
ILMN_1777976	6860437
ILMN_1698726	5050129
ILMN_1790472	2360392
ILMN_2350801	2710463
ILMN_1697544	6760154
ILMN_1788498	990762
ILMN_1782890	3290398
ILMN_2332713	4040224
ILMN_1720703	4250204
ILMN_1725692	4640193
ILMN_1669846	5690438
ILMN_1683212	6760477
ILMN_1685974	3850358
ILMN_1709399	110390
ILMN_1724612	5870280
ILMN_1766528	3870242
ILMN_1715969	620682
ILMN_1781231	2680639
ILMN_1743911	650634
ILMN_2211780	6220451
ILMN_1681670	6840747
ILMN_1752270	3370181
ILMN_2054362	6660431
ILMN_1708398	5870537
ILMN_2222880	620692
ILMN_1763464	5310121
ILMN_2142284	1850021
ILMN_1662097	3130746
ILMN_1810514	4810615
ILMN_1810727	2350544
ILMN_2371397	5090452
ILMN_1720311	4880386
ILMN_1774062	6550673
ILMN_3240838	4490722
ILMN_1794225	1170020
ILMN_1700379	1230403
ILMN_1808306	1570343
ILMN_2391169	2480154
ILMN_1732371	70301
ILMN_1755016	5570189
ILMN_1770556	5670520
ILMN_1667877	4180390
ILMN_1739751	7040647
ILMN_1672930	7510364
ILMN_1801491	3140102
ILMN_1760087	2570672
ILMN_1652465	5900358
ILMN_1796154	3610246
ILMN_1757958	4730382
ILMN_1717710	6660465
ILMN_1785252	150692
ILMN_2292686	1340487
ILMN_2391900	4230615
ILMN_1715850	1820142
ILMN_1705172	6760221
ILMN_1755843	270240
ILMN_1656849	1260445
ILMN_2394210	5360626
ILMN_1672575	7610113
ILMN_1726081	1070270
ILMN_1683102	2190711
ILMN_2415277	5290438
ILMN_1787718	6180608
ILMN_1700831	4670138
ILMN_1719627	1440300
ILMN_1655039	1510044
ILMN_1725366	6250646
ILMN_2377199	630292
ILMN_1741592	6650364
ILMN_1713246	4480402
ILMN_1739925	5310689
ILMN_1815165	6350484
ILMN_1801886	6200114
ILMN_1741014	4900504
ILMN_2279377	1990474
ILMN_1723971	5910424
ILMN_2338963	6180687
ILMN_1730809	20609
ILMN_1717326	3800463
ILMN_2325056	1440593
ILMN_1801377	7650047
ILMN_1659027	4590370
ILMN_1663351	3800639
ILMN_2120247	6520598
ILMN_2265759	270379
ILMN_1809248	610133
ILMN_1748090	3830601
ILMN_1767717	5960189
ILMN_1766261	1660161
ILMN_1741502	540722
ILMN_1668865	3420241
ILMN_1755720	6590376
ILMN_1775708	3800168
ILMN_1782545	1770097
ILMN_1740430	2070243
ILMN_1671337	7560541
ILMN_1778321	6180465
ILMN_1707370	1510632
ILMN_1724609	5870326
ILMN_1723803	150497
ILMN_1738406	1450402
ILMN_1668312	3930546
ILMN_1745021	5490546
ILMN_2067852	5860521
ILMN_1783672	2490242
ILMN_1785549	60039
ILMN_2415421	6020739
ILMN_1805807	4490475
ILMN_1653098	1660468
ILMN_2191167	6590347
ILMN_1709728	1230730
ILMN_2258471	3420301
ILMN_1664153	4810451
ILMN_1732079	7050112
ILMN_2151168	1340072
ILMN_1699365	5890411
ILMN_1789999	3120402
ILMN_1774869	5290014
ILMN_1799128	4220170
ILMN_1804562	380603
ILMN_1758938	4730634
ILMN_1697512	840215
ILMN_1702683	4490470
ILMN_1659991	990082
ILMN_2184109	4490037
ILMN_1654594	4760296
ILMN_1754053	2900156
ILMN_1741440	6510204
ILMN_1742731	4860195
ILMN_2391931	4890224
ILMN_1798885	5560487
ILMN_1792135	6520468
ILMN_1653429	6660767
ILMN_2105966	380189
ILMN_1709817	1500132
ILMN_1727840	5290692
ILMN_1789001	1580402
ILMN_1682910	6220630
ILMN_1697959	6380553
ILMN_1680104	940672
ILMN_1754235	4230437
ILMN_2358914	5960450
ILMN_1776542	7160138
ILMN_2057768	5310296
ILMN_1706571	4060576
ILMN_1702419	4480390
ILMN_3251379	990603
ILMN_2059173	2900307
ILMN_1752333	5390403
ILMN_1651209	2940221
ILMN_1749521	7380152
ILMN_1803728	2940630
ILMN_1749848	1850138
ILMN_2075189	3190685
ILMN_1790577	5720445
ILMN_1794959	6270093
ILMN_1814797	6420411
ILMN_1675873	6620349
ILMN_1733864	2640296
ILMN_2206554	3290682
ILMN_2124471	2940095
ILMN_1793182	6180711
ILMN_2190007	4560039
ILMN_1771509	5050300
ILMN_2082324	380484
ILMN_1687495	2140463
ILMN_2201413	540201
ILMN_2307598	3420332
ILMN_1779979	3800397
ILMN_1686535	7560377
ILMN_1678678	5130577
ILMN_2266948	2070687
ILMN_1769911	7320382
ILMN_2277419	6220386
ILMN_2377093	6220731
ILMN_1759743	6590333
ILMN_1709635	6450612
ILMN_1651799	1740136
ILMN_1672382	5560328
ILMN_1794890	2260181
ILMN_1695058	4860181
ILMN_1696622	4010452
ILMN_1784105	3420017
ILMN_2284077	5810487
ILMN_1773643	7000184
ILMN_2116714	5670368
ILMN_1656129	5960332
ILMN_1742705	2470609
ILMN_1718949	2450528
ILMN_1730937	1190706
ILMN_1764629	2630563
ILMN_1810025	2060100
ILMN_1710543	3890167
ILMN_2234970	4560671
ILMN_1746986	5670136
ILMN_1694801	770014
ILMN_1715668	1400286
ILMN_1706386	4040750
ILMN_1794951	4280647
ILMN_2143566	3060291
ILMN_1750394	7650431
ILMN_2383077	460021
ILMN_1778053	1240278
ILMN_2233539	2320358
ILMN_1695316	3120543
ILMN_1756878	4180341
ILMN_1754247	4480300
ILMN_1679041	2450725
ILMN_2317658	4880161
ILMN_1726456	5420575
ILMN_2053103	730164
ILMN_1761833	5490601
ILMN_1656186	580332
ILMN_1747197	1190750
ILMN_1739885	940373
ILMN_1808152	1710451
ILMN_2356111	3890681
ILMN_1780924	3120092
ILMN_1787127	1820053
ILMN_2330307	2600431
ILMN_1762319	3400626
ILMN_1658407	4250670
ILMN_1672553	5890239
ILMN_1700695	4290605
ILMN_1758673	4730541
ILMN_1771987	1980521
ILMN_1658498	4230500
ILMN_1730977	610010
ILMN_2274775	2510411
ILMN_1719250	5690647
ILMN_1744003	580152
ILMN_2324162	1230678
ILMN_1754926	6450427
ILMN_2320391	1740692
ILMN_2246188	2810762
ILMN_1685259	3890121
ILMN_1654165	4780021
ILMN_1726114	1340746
ILMN_1745778	3310632
ILMN_2391976	7150753
ILMN_1673681	4070348
ILMN_1707585	5220008
ILMN_1658639	2640324
ILMN_1670325	2970209
ILMN_1693912	6040451
ILMN_3247587	2470021
ILMN_1772809	2120152
ILMN_1748779	4010091
ILMN_1735156	7150209
ILMN_1750876	4220576
ILMN_2078389	1010309
ILMN_1793630	520164
ILMN_1810346	580176
ILMN_2184556	2060192
ILMN_1734897	5130053
ILMN_2273224	830356
ILMN_2369571	2490209
ILMN_1667750	7610386
ILMN_2200917	620543
ILMN_1808354	940035
ILMN_1738300	6200196
ILMN_2303669	6250047
ILMN_1748979	5700390
ILMN_1681526	1030286
ILMN_1658806	1010025
ILMN_1709637	6370333
ILMN_1751232	6370632
ILMN_1691503	6580093
ILMN_2412849	7560465
ILMN_2228780	4290746
ILMN_3307836	4850148
ILMN_2411317	6510088
ILMN_1734676	6980671
ILMN_2296510	7330376
ILMN_2070102	1230170
ILMN_1666972	5890452
ILMN_1787813	1660551
ILMN_1678650	6620603
ILMN_1711275	2350224
ILMN_1741054	5050040
ILMN_1803748	1010097
ILMN_1811221	3520424
ILMN_1748366	4670056
ILMN_2171588	1660564
ILMN_1744191	5550440
ILMN_1772482	830010
ILMN_1704446	7610615
ILMN_1798577	2680398
ILMN_1780831	6220332
ILMN_1707710	6960017
ILMN_1706813	4920632
ILMN_1810533	290685
ILMN_1659166	6270445
ILMN_2291083	6590242
ILMN_1723287	620707
ILMN_1723837	20139
ILMN_1813964	4560647
ILMN_1724021	4120463
ILMN_1765607	650176
ILMN_1687986	1990368
ILMN_2324109	3170484
ILMN_1698585	5130082
ILMN_2105797	630707
ILMN_1683694	5820176
ILMN_1739284	1850162
ILMN_1673586	2810280
ILMN_1780222	3180022
ILMN_1806349	1780538
ILMN_2252701	460112
ILMN_1714445	3190608
ILMN_1754262	5910075
ILMN_1683859	20241
ILMN_1681087	6450600
ILMN_1655229	2750128
ILMN_1680032	7100722
ILMN_1676602	6100717
ILMN_1711451	1260142
ILMN_1685830	1740634
ILMN_1781400	3710154
ILMN_2401457	60278
ILMN_1660730	3870541
ILMN_1774229	1570047
ILMN_1720373	270152
ILMN_2193553	2750253
ILMN_1729367	3460523
ILMN_1812559	1430347
ILMN_2324561	6380364
ILMN_1692049	2320601
ILMN_1810275	4830632
ILMN_1695093	1300112
ILMN_1747397	2490646
ILMN_1807894	4860537
ILMN_1735445	6520687
ILMN_1699520	6450288
ILMN_1698846	2320369
ILMN_1770987	1170372
ILMN_1696056	1990400
ILMN_1712023	7550301
ILMN_1800425	10133
ILMN_1711111	6590189
ILMN_2222930	620747
ILMN_1753129	2360646
ILMN_1738849	3710563
ILMN_1734550	1260687
ILMN_1680925	2450452
ILMN_1765833	2970411
ILMN_2112730	3130360
ILMN_1701975	7320619
ILMN_1714023	1240040
ILMN_2363097	5390193
ILMN_2269619	6330735
ILMN_1677829	6860148
ILMN_1774806	3990753
ILMN_1690625	5390010
ILMN_1758315	510128
ILMN_1720727	1940136
ILMN_1656097	3190376
ILMN_1806979	3710475
ILMN_2381020	5900440
ILMN_1680016	7610722
ILMN_1771118	5270129
ILMN_2084745	6550072
ILMN_1687319	4850576
ILMN_2144297	460474
ILMN_1792317	2510554
ILMN_1705231	430161
ILMN_1761199	1400121
ILMN_2087656	6580441
ILMN_1663699	1240241
ILMN_1661200	1300669
ILMN_1706261	1440348
ILMN_1654735	2470092
ILMN_1678928	5690491
ILMN_1667887	7210598
ILMN_1727200	4560736
ILMN_1686464	4260687
ILMN_1758324	2350450
ILMN_1761717	6560246
ILMN_1673322	2750601
ILMN_1752520	1990379
ILMN_2162860	3440358
ILMN_1728236	2070392
ILMN_1768205	6350021
ILMN_2215862	5290068
ILMN_3243634	6380152
ILMN_1769550	1240725
ILMN_1777637	5700626
ILMN_1687439	2350128
ILMN_1756959	150538
ILMN_1676449	4560592
ILMN_1811313	990458
ILMN_1750940	3120632
ILMN_2096623	5270601
ILMN_1795170	150482
ILMN_1736969	20037
ILMN_2199768	7330477
ILMN_1789040	2750673
ILMN_1813197	2900100
ILMN_2159322	670470
ILMN_1700834	4060021
ILMN_1783120	270243
ILMN_2232157	1110088
ILMN_1769306	2570092
ILMN_1654671	6980544
ILMN_3240893	1190129
ILMN_1778595	3610402
ILMN_2114720	2140707
ILMN_1742224	1570291
ILMN_2395204	4060136
ILMN_1718815	6620494
ILMN_1685369	50475
ILMN_1705080	4010161
ILMN_1745567	6130669
ILMN_1655195	510133
ILMN_2133534	4260672
ILMN_1770444	3310315
ILMN_1662483	7320433
ILMN_1670540	150541
ILMN_1705392	3170131
ILMN_1751036	160243
ILMN_1771203	3140376
ILMN_1754521	4230661
ILMN_1682738	6840328
ILMN_1741477	1030289
ILMN_1761994	2640711
ILMN_2371984	6770553
ILMN_1674551	7560367
ILMN_3304064	6350315
ILMN_1767068	580711
ILMN_2203896	3890709
ILMN_2203891	4220767
ILMN_1815385	7050653
ILMN_2380243	4540364
ILMN_1804415	4610139
ILMN_1657429	5130367
ILMN_2279182	6220253
ILMN_1768271	160114
ILMN_2363231	6020201
ILMN_1781468	3930390
ILMN_2081682	5550136
ILMN_2376258	430132
ILMN_2376263	6200576
ILMN_1672419	1770086
ILMN_1791702	5290474
ILMN_1814173	6860300
ILMN_2223130	1980626
ILMN_1713163	3780465
ILMN_1741976	6280053
ILMN_1752111	6350647
ILMN_2403458	130241
ILMN_1758823	150021
ILMN_1694603	620458
ILMN_2251047	6060639
ILMN_1773620	6510402
ILMN_1791770	6840561
ILMN_1727173	2000121
ILMN_1728845	3400593
ILMN_1692684	1580327
ILMN_2408987	460463
ILMN_1693244	3400681
ILMN_2309180	5910632
ILMN_1747857	2650064
ILMN_1652006	5820561
ILMN_1762526	2640598
ILMN_2296422	510025
ILMN_1748923	2650494
ILMN_2411190	3360400
ILMN_1718807	2970292
ILMN_2182348	4010463
ILMN_1683302	1400735
ILMN_2330861	5910689
ILMN_2251804	7380102
ILMN_1757132	6980041
ILMN_1654001	3460091
ILMN_1808148	3390689
ILMN_1814631	940682
ILMN_3240236	1110600
ILMN_1815923	3400661
ILMN_1808295	5670767
ILMN_1793203	1500706
ILMN_1794147	5340722
ILMN_1654998	940154
ILMN_1661650	2230411
ILMN_2125618	840070
ILMN_1652996	5080307
ILMN_1801383	7560202
ILMN_2126239	5090020
ILMN_1695280	7160563
ILMN_2368597	290156
ILMN_1690469	5550114
ILMN_1706553	6270706
ILMN_1675609	2690703
ILMN_2351893	3840626
ILMN_2351902	6520608
ILMN_1665022	7510037
ILMN_2336393	4040070
ILMN_1691789	6520605
ILMN_1782098	2810390
ILMN_2410938	1710020
ILMN_1791202	4260097
ILMN_1719641	2630437
ILMN_1775380	270068
ILMN_2367258	3710553
ILMN_2280707	6580072
ILMN_1741684	70433
ILMN_1757370	1500193
ILMN_1672176	2190437
ILMN_1802316	4490324
ILMN_1782795	4070279
ILMN_1796349	4230669
ILMN_2100357	6020044
ILMN_1719660	2000685
ILMN_1678095	4390221
ILMN_1789913	6040348
ILMN_1778743	1010093
ILMN_2162603	4120554
ILMN_1798535	5080491
ILMN_1673355	620326
ILMN_2225318	4490341
ILMN_1694305	6020402
ILMN_2250445	840189
ILMN_2328327	3360181
ILMN_1785618	6020441
ILMN_1704956	4780484
ILMN_1740728	5360242
ILMN_1764803	3370661
ILMN_1804642	1050386
ILMN_1779492	840598
ILMN_1756615	6220632
ILMN_1675429	5890735
ILMN_1696054	5360494
ILMN_1721605	5960053
ILMN_1670503	7040072
ILMN_1741954	540452
ILMN_2086238	6350240
ILMN_1663827	4670437
ILMN_1684530	4760086
ILMN_1758086	5340010
ILMN_1655740	50255
ILMN_2082585	6330730
ILMN_1690262	4880017
ILMN_1687519	4230717
ILMN_1748911	5810435
ILMN_2408080	670075
ILMN_1740555	3440253
ILMN_1659857	7100437
ILMN_3243982	5130112
ILMN_1797566	5560100
ILMN_1733648	7570647
ILMN_2093389	3420020
ILMN_1725346	4250309
ILMN_1698478	1690711
ILMN_1803611	2030446
ILMN_2224300	7400369
ILMN_1677484	2070195
ILMN_1683273	7610326
ILMN_1799969	870041
ILMN_3309138	2370164
ILMN_1701933	5360273
ILMN_1766165	5960564
ILMN_1807969	1660019
ILMN_1779343	840671
ILMN_2397841	1110521
ILMN_2397842	1510059
ILMN_2397846	2450195
ILMN_1653161	7000669
ILMN_1775111	4480162
ILMN_1652066	580661
ILMN_1706945	4780730
ILMN_1795881	6450634
ILMN_1766171	6520059
ILMN_3236713	5720278
ILMN_2409078	830594
ILMN_1791884	4560332
ILMN_3249059	3990500
ILMN_2179579	7510296
ILMN_1707493	3710373
ILMN_2311497	5810470
ILMN_1661673	6520592
ILMN_2200659	1050475
ILMN_3248443	5720520
ILMN_3233229	4260202
ILMN_3233205	6280433
ILMN_3227023	6760021
ILMN_3309349	2060181
ILMN_2050921	2260497
ILMN_1815658	7050722
ILMN_3238785	1300608
ILMN_1805623	3180630
ILMN_1651278	2690270
ILMN_1788251	2940017
ILMN_3245893	4560228
ILMN_2189842	4610201
ILMN_3236955	4490754
ILMN_3239704	3130278
ILMN_3240883	4560370
ILMN_3242448	650402
ILMN_3243921	4920435
ILMN_3238435	6510156
ILMN_3241985	6860451
ILMN_3241036	5810343
ILMN_3241140	5690670
ILMN_3241884	2320543
ILMN_3246465	2640092
ILMN_3248658	460414
ILMN_3243129	2940204
ILMN_3244348	1090148
ILMN_3242748	4210259
ILMN_3245228	1050575
ILMN_3244343	5910577
ILMN_3246713	6330138
ILMN_3247939	110576
ILMN_3248890	5690240
ILMN_1682038	4850278
ILMN_3238613	2570609
ILMN_3248811	6420647
ILMN_3235096	1780008
ILMN_3236594	1440730
ILMN_3248232	7000097
ILMN_3249538	5390767
ILMN_3239108	7330463
ILMN_3238259	4560138
ILMN_3239162	2690288
ILMN_2085525	5890477
ILMN_2096747	6510433
ILMN_3240231	6270414
ILMN_3249351	380324
ILMN_3241814	580373
ILMN_3247494	4490102
ILMN_3235334	1470722
ILMN_3243135	3120020
ILMN_3244597	3370537
ILMN_3235270	380017
ILMN_3245764	3830343
ILMN_3238672	5490465
ILMN_3247222	6520164
ILMN_3241798	3450327
ILMN_3248575	6960438
ILMN_3243908	7210538
ILMN_3238078	2690619
ILMN_3239276	1110086
ILMN_3238670	4220072
ILMN_3235264	3360703
ILMN_3235231	450682
ILMN_3242825	1510475
ILMN_3235316	6760132
ILMN_3247679	1820400
ILMN_3239932	6960433
ILMN_3237035	2810402
ILMN_3238745	3390360
ILMN_3240280	4060025
ILMN_3235404	4850711
ILMN_3242067	3850646
ILMN_3240116	1090671
ILMN_3247251	6980594
ILMN_3236942	2260524
ILMN_3244678	20349
ILMN_3246708	2320523
ILMN_3245365	6980653
ILMN_3243894	4920296
ILMN_3245458	3990497
ILMN_1700074	5870475
ILMN_3249167	4200711
ILMN_1709604	7560731
ILMN_1787326	2640019
ILMN_1689616	3180608
ILMN_3247018	1240577
ILMN_3244592	2260437
ILMN_3244883	4280369
ILMN_1730773	650278
ILMN_3243972	2000181
ILMN_3245878	1470343
ILMN_3245605	4890546
ILMN_3243667	7650079
ILMN_3240216	4540092
ILMN_3241937	5910050
ILMN_3240418	3180647
ILMN_3240022	7550593
ILMN_3243677	6620039
ILMN_3236224	4480544
ILMN_3246935	3170598
ILMN_3240150	6590164
ILMN_3237562	4230477
ILMN_3243428	2680040
ILMN_3244940	3460450
ILMN_3246206	1090196
ILMN_3241993	4010193
ILMN_1660900	7570110
ILMN_3238707	3800278
ILMN_3238554	5260280
ILMN_3248440	6040121
ILMN_3244154	870053
ILMN_3235969	2750523
ILMN_3238955	1850551
ILMN_1673181	5890692
ILMN_1697989	3400139
ILMN_3243909	770452
ILMN_3234751	4760121
ILMN_3248218	6290091
ILMN_3234984	5080095
ILMN_2132082	1230491
ILMN_1750402	2120369
ILMN_1780508	2230066
ILMN_3245599	7100474
ILMN_1787980	2140484
ILMN_3237971	6420068
ILMN_3235397	1240273
ILMN_3237039	7400332
ILMN_3241848	5420040
ILMN_3238950	5260528
ILMN_3309874	6060647
ILMN_3310905	3990288
ILMN_3310321	3130685
ILMN_3310156	4850053
ILMN_3308183	1010669
ILMN_3309279	6840504
ILMN_3308555	610328
ILMN_3308275	1450497
ILMN_3309854	6250161
ILMN_3308753	2710687
ILMN_3309036	4260056
ILMN_3311105	3990446
ILMN_3309428	730309
ILMN_3309654	5080189
ILMN_3311085	150431
ILMN_3308030	6270097
ILMN_3309334	2320142
ILMN_3308375	3060468
ILMN_3310416	3140598
ILMN_3310050	5860632
ILMN_3310451	5260463
ILMN_3309689	360112
ILMN_3309458	150278
ILMN_3308000	3130204
ILMN_3308113	5900551
ILMN_3308515	360072
ILMN_2107655	5960184
ILMN_3310745	6100541
ILMN_3310593	3460722
ILMN_2067520	4610458
ILMN_3242908	6270731
ILMN_3245376	1340373
ILMN_3238478	7380523
ILMN_3236049	7320278
ILMN_3246715	1940767
ILMN_3240682	1110725
ILMN_3238972	830286
ILMN_3235154	5050685
ILMN_3249543	4480563
ILMN_3236804	4070687
ILMN_3242633	2360204
ILMN_3240002	5700634
ILMN_3249286	1510228
ILMN_1892403	7210035
ILMN_1799381	5490458
ILMN_1707598	1940598
ILMN_1767869	5290543
ILMN_1713832	2710719
ILMN_1669210	1430427
ILMN_3240781	1430037
ILMN_3237050	1340497
ILMN_1680179	4290373
ILMN_1721749	1240202
ILMN_3243049	1780035
ILMN_3236052	1780711
ILMN_3244281	650209
ILMN_3245554	2370091
ILMN_3246944	4220356
ILMN_3237309	4390482
ILMN_3241738	240692
ILMN_1774973	5340170
ILMN_1724884	4260431
ILMN_3237251	3170753
ILMN_1784328	7200082
ILMN_1691550	6590408
ILMN_1755004	1240246
ILMN_1656303	3830196
ILMN_1666599	1400056
ILMN_2072391	6660010
ILMN_1743217	3870358
ILMN_3247170	5810056
ILMN_1682354	830349
ILMN_2165762	3780050
ILMN_1667609	3840091
ILMN_1694367	3190561
ILMN_2135175	2750446
ILMN_3237044	1090386
ILMN_2160160	10356
ILMN_3240595	6980259
ILMN_1684278	830575
ILMN_1741944	5360341
ILMN_3239574	2510164
ILMN_3241034	580161
ILMN_3242315	380685
ILMN_3245549	2190647
ILMN_1668661	2320370
ILMN_1810762	1410725
ILMN_1739086	4010008
ILMN_3240848	5550189
ILMN_3242525	3390113
ILMN_3240576	6330273
ILMN_3236110	1820678
ILMN_1682402	4210044
ILMN_3236650	4730102
ILMN_2157020	3190382
ILMN_3248562	1240324
ILMN_1716441	4490048
ILMN_1720794	2140086
ILMN_3237236	5690470
ILMN_3308788	2750136
ILMN_3247444	460246
ILMN_3240306	6860605
ILMN_3246391	6840326
ILMN_3245541	5910053
ILMN_1663681	6960110
ILMN_1680393	4180408
ILMN_2209515	2450020
ILMN_1715396	1400767
ILMN_3241139	5310463
ILMN_3236149	2510274
ILMN_3238028	150326
ILMN_3239634	830471
ILMN_3239851	5890551
ILMN_3242164	5910687
ILMN_3234756	290220
ILMN_3238481	1190398
ILMN_3237439	6130092
ILMN_3248270	4640279
ILMN_3248394	1510328
ILMN_1735689	4070731
ILMN_3246353	1440072
ILMN_3247671	3460202
ILMN_3248712	1340164
ILMN_2082762	1980669
ILMN_3309694	5130348
ILMN_3236404	7560678
ILMN_3237685	6590202
ILMN_3239272	20543
ILMN_3243450	2640754
ILMN_1667288	3870519
ILMN_3246754	4390044
ILMN_3247148	2750474
ILMN_3248294	6330592
ILMN_3249211	2490523
ILMN_3241793	2850040
ILMN_3248874	540520
ILMN_3243244	630187
ILMN_1653927	6580446
ILMN_3244157	3450630
ILMN_3245672	4540544
ILMN_3247303	6590630
ILMN_3243248	3520170
ILMN_3236097	1500598
ILMN_3237615	6620047
ILMN_3238662	5810411
ILMN_3244449	1510021
ILMN_3240108	3360176
ILMN_3241369	3870156
ILMN_3242443	870504
ILMN_3245759	4070703
ILMN_3246529	3990451
ILMN_3245274	5810520
ILMN_3243452	6400592
ILMN_3244640	6510327
ILMN_3247008	6380491
ILMN_3242144	510040
ILMN_3247625	2360041
ILMN_3248703	1850273
ILMN_1757532	290477
ILMN_2107184	2060095
ILMN_1794399	5820338
ILMN_1705928	3170072
ILMN_3235185	3830537
ILMN_3238712	1440639
ILMN_3239621	1580768
ILMN_2069945	2260632
ILMN_1772845	3840719
ILMN_3229052	6100681
ILMN_3247064	6130220
ILMN_1754304	2350438
ILMN_3237516	3190538
ILMN_3248113	1430670
ILMN_2380839	3120133
ILMN_1732053	3870010
ILMN_1683049	4390274
ILMN_1779399	5310195
ILMN_1715179	5080605
ILMN_1774661	2070349
ILMN_1799103	4860243
ILMN_1690706	6020491
ILMN_1771620	6270288
ILMN_1741997	3940735
ILMN_2086064	6270717
ILMN_1768393	1510039
ILMN_1771060	2850066
ILMN_2369785	6040138
ILMN_1794599	4290544
ILMN_1656424	580471
ILMN_2046199	1440541
ILMN_1678966	460114
ILMN_2067370	650301
ILMN_1683562	2940168
ILMN_2372082	1740273
ILMN_1656537	2480291
ILMN_1662019	3460224
ILMN_1693341	4850133
ILMN_1753241	5690431
ILMN_1793410	3420739
ILMN_1786766	840053
ILMN_1808374	1240750
ILMN_1727975	5360370
ILMN_2041780	7570097
ILMN_1663024	290201
ILMN_2404320	3060382
ILMN_1733932	1340349
ILMN_2364535	2340040
ILMN_1660000	1050408
ILMN_2294442	4670601
ILMN_1688413	830189
ILMN_2365479	580121
ILMN_2365484	4590743
ILMN_2170949	3360634
ILMN_1683950	130446
ILMN_1696051	430445
ILMN_1759003	6100273
ILMN_1797082	1500307
ILMN_2361575	1990561
ILMN_2254583	2490544
ILMN_2361570	4260504
ILMN_2378670	5130110
ILMN_1676978	6100291
ILMN_1787415	940324
ILMN_2348808	6580376
ILMN_1732810	3360468
ILMN_3234093	380521
ILMN_3229340	6400035
ILMN_1788211	360673
ILMN_1691575	5550736
ILMN_1798612	3360132
ILMN_1746213	7320576
ILMN_2360315	270180
ILMN_1756424	2360187
ILMN_1768282	4640634
ILMN_2080760	5360338
ILMN_2085236	4200187
ILMN_1795666	5960010
ILMN_1725108	4760368
ILMN_2224444	6110451
ILMN_1678781	60167
ILMN_1714401	6480095
ILMN_1659761	1660047
ILMN_1740180	6100523
ILMN_1795557	7610201
ILMN_1738491	1070373
ILMN_1766770	4640195
ILMN_1683737	940414
ILMN_1736093	5670390
ILMN_1738736	7330014
ILMN_1673676	630100
ILMN_1709772	5270121
ILMN_1807873	2120500
ILMN_1696294	3420008
ILMN_1685077	1230215
ILMN_2290686	1240630
ILMN_2400613	3850593
ILMN_1797413	7330487
ILMN_1804051	3930356
ILMN_1726366	7510561
ILMN_1699100	6200386
ILMN_1777556	5870681
ILMN_2058270	6100747
ILMN_1706203	1300400
ILMN_1893248	3420167
ILMN_1666502	3830768
ILMN_1774733	1990300
ILMN_1798926	1690692
ILMN_2131861	6770673
ILMN_1781001	4230102
ILMN_2156250	5260630
ILMN_1753795	1300349
ILMN_2413264	6220408
ILMN_2413259	7100082
ILMN_2262749	1710682
ILMN_1715584	4070280
ILMN_1785286	4880750
ILMN_2350970	6370379
ILMN_1657077	4880475
ILMN_1780783	1430050
ILMN_1753683	3890491
ILMN_1662438	5420367
ILMN_2406501	3420373
ILMN_2336781	3890326
ILMN_1792922	5960731
ILMN_1690034	3890095
ILMN_1656383	1240543
ILMN_2194355	10528
ILMN_1798615	2900240
ILMN_1763739	5720382
ILMN_1663090	1110017
ILMN_1685327	2370368
ILMN_1668463	3180653
ILMN_2236800	3520041
ILMN_2323302	4040709
ILMN_1703427	5130543
ILMN_2247664	6350270
ILMN_1749792	1500241
ILMN_2326262	1990088
ILMN_1663446	2190082
ILMN_2258689	3850093
ILMN_2266224	6040289
ILMN_1693183	1230445
ILMN_1716407	2000630
ILMN_2407879	2750170
ILMN_1674098	6180086
ILMN_2261099	270543
ILMN_1717904	380386
ILMN_1789338	3870301
ILMN_1699190	50605
ILMN_1680251	2100706
ILMN_1665492	5820673
ILMN_1729225	4230739
ILMN_2138662	870411
ILMN_1698516	4290674
ILMN_2391231	540246
ILMN_1734559	1230598
ILMN_2285375	2480280
ILMN_2060115	2480274
ILMN_1759818	6940039
ILMN_1707077	160019
ILMN_1767135	2140519
ILMN_1764414	540136
ILMN_1781242	1440537
ILMN_1700705	6370017
ILMN_1715463	4810273
ILMN_1716070	240471
ILMN_1653750	450088
ILMN_1773459	3180187
ILMN_1769361	3290086
ILMN_1736974	130626
ILMN_1683755	4250167
ILMN_1675364	6290224
ILMN_1784217	4120475
ILMN_1671092	3610193
ILMN_1812968	6100433
ILMN_1770635	5080273
ILMN_2177156	5130156
ILMN_1783185	2570538
ILMN_3242257	6840538
ILMN_1653055	3310037
ILMN_1702430	150487
ILMN_1793213	1300445
ILMN_1815745	3370736
ILMN_2343677	1050091
ILMN_1718912	2260373
ILMN_1760051	4070671
ILMN_2395506	110735
ILMN_2287958	2070082
ILMN_1663327	4220102
ILMN_2256687	5130551
ILMN_1815032	2480050
ILMN_2134056	7160706
ILMN_1789244	7320139
ILMN_1805466	4230475
ILMN_1676010	2510086
ILMN_2284998	4200240
ILMN_1690920	4860161
ILMN_2390586	6650541
ILMN_1731418	1340491
ILMN_1672661	1990397
ILMN_2415144	3840593
ILMN_1813455	5870184
ILMN_1703263	870193
ILMN_1778599	3140041
ILMN_2246882	6400681
ILMN_1658858	3610576
ILMN_1666482	1260201
ILMN_2389844	1230593
ILMN_1691171	4570435
ILMN_1662168	4890465
ILMN_1756942	7150274
ILMN_1721081	990343
ILMN_2145997	1010521
ILMN_1775956	4780626
ILMN_1769721	4180195
ILMN_1689461	1190491
ILMN_2306631	670634
ILMN_1699803	1400364
ILMN_2306630	7330300
ILMN_1678423	5310286
ILMN_1807123	6860519
ILMN_1775408	1430709
ILMN_1806749	6520474
ILMN_3251668	4760025
ILMN_2128697	5900520
ILMN_1739343	60259
ILMN_2181306	1450639
ILMN_2367681	2680553
ILMN_1705522	4760131
ILMN_1712773	6130601
ILMN_1652314	6280296
ILMN_2118201	60382
ILMN_1662629	730128
ILMN_1655330	4560113
ILMN_1719772	6020017
ILMN_1790704	4390537
ILMN_1768732	5050717
ILMN_1742135	5090196
ILMN_1693114	2450653
ILMN_1684620	1190670
ILMN_1734645	6290626
ILMN_2141259	4180709
ILMN_1772458	620438
ILMN_2313378	6770446
ILMN_1684446	3440070
ILMN_1754370	430451
ILMN_2354222	940632
ILMN_1676907	7550014
ILMN_1728256	130164
ILMN_1768798	1070687
ILMN_2263718	1770730
ILMN_1799104	3370603
ILMN_1661251	1850736
ILMN_1754438	7210441
ILMN_2233319	4280092
ILMN_2233314	7550121
ILMN_1653415	6960653
ILMN_2211030	3370369
ILMN_2211032	4120647
ILMN_1680689	7330280
ILMN_2198300	2570280
ILMN_3242729	5340437
ILMN_1732781	10398
ILMN_2132100	380397
ILMN_1713125	6330554
ILMN_3244713	4830201
ILMN_1654459	4830040
ILMN_1720259	2630259
ILMN_1691953	450743
ILMN_1808463	2480082
ILMN_1679348	4390520
ILMN_1796734	5050382
ILMN_1795251	1030021
ILMN_2218208	6960148
ILMN_2373556	460333
ILMN_1796738	4480010
ILMN_1791547	6220520
ILMN_1685680	3870538
ILMN_1800838	510196
ILMN_1742824	1570300
ILMN_1753131	4490097
ILMN_1686096	1240678
ILMN_1667948	2490215
ILMN_1702097	3840022
ILMN_1681135	4200608
ILMN_1687247	5050520
ILMN_1705337	1740575
ILMN_2171934	4890544
ILMN_1691111	450673
ILMN_1668708	5270035
ILMN_1740915	6660521
ILMN_2195892	1500431
ILMN_2052815	2710379
ILMN_1738979	2940278
ILMN_1729179	7400619
ILMN_1775926	3450193
ILMN_1652409	380079
ILMN_2283726	3130687
ILMN_2388177	3360609
ILMN_2168421	4830112
ILMN_1685272	3120639
ILMN_1697328	7570609
ILMN_1689952	1660433
ILMN_1722906	3930273
ILMN_1777195	6200463
ILMN_1711681	990468
ILMN_1746029	270044
ILMN_2203463	2030441
ILMN_1683678	7380221
ILMN_2181432	5910349
ILMN_1814281	1070411
ILMN_2149400	5860021
ILMN_1665280	1300497
ILMN_2213247	1090121
ILMN_1809488	1430010
ILMN_3307700	3780600
ILMN_1667707	7050026
ILMN_2161330	940075
ILMN_2366587	1030070
ILMN_1696392	1440086
ILMN_1781221	4070189
ILMN_1707769	5310692
ILMN_1777476	6220619
ILMN_1664026	770025
ILMN_2329171	4230767
ILMN_2250830	6220575
ILMN_1738418	2000037
ILMN_1658396	1990181
ILMN_1806003	5130528
ILMN_1678391	6980630
ILMN_1878273	1440500
ILMN_2056932	990291
ILMN_1802611	840402
ILMN_2161222	6060128
ILMN_2231906	1430224
ILMN_1668426	5310192
ILMN_1665049	2100524
ILMN_1801236	3120170
ILMN_1653876	20632
ILMN_1733560	50754
ILMN_1656525	1050162
ILMN_1771089	3780446
ILMN_1657423	7200403
ILMN_1689251	430372
ILMN_2381476	5490528
ILMN_1675583	4810274
ILMN_1697096	5870121
ILMN_1754529	6280360
ILMN_1718832	4010368
ILMN_1774153	70259
ILMN_2357134	2470689
ILMN_1729281	3800725
ILMN_1763412	6590019
ILMN_2392043	4220603
ILMN_1696463	5810398
ILMN_2143314	6620161
ILMN_1755124	3360722
ILMN_2191940	6980020
ILMN_1702407	7570670
ILMN_1736713	6650435
ILMN_2317555	770162
ILMN_1663189	2970523
ILMN_1769458	6280528
ILMN_1801045	1510554
ILMN_1684563	3420075
ILMN_1787266	2260326
ILMN_1763516	1030484
ILMN_1681263	5310368
ILMN_1690017	6380707
ILMN_1667544	4780400
ILMN_1697543	3870661
ILMN_1811479	1980132
ILMN_2149971	2630240
ILMN_1720984	1710358
ILMN_1728898	6520228
ILMN_1653428	2630142
ILMN_2045351	4640278
ILMN_1798753	3290112
ILMN_1794266	4230465
ILMN_1706538	4670300
ILMN_2356378	5390731
ILMN_1724946	1710468
ILMN_2375992	5860767
ILMN_1800739	1240730
ILMN_3236045	4810021
ILMN_1723279	7050487
ILMN_1757845	5690246
ILMN_1703284	6040014
ILMN_1801040	10358
ILMN_1658017	4220373
ILMN_1660315	7040152
ILMN_1681016	1230192
ILMN_3301749	1110537
ILMN_3223826	5910201
ILMN_1668984	1740022
ILMN_1796655	1940403
ILMN_2392747	4880519
ILMN_1687970	6400482
ILMN_1784948	2120537
ILMN_1746013	6380669
ILMN_1656287	3840554
ILMN_2342559	3520750
ILMN_1791890	3370162
ILMN_1676099	6450619
ILMN_2397024	6370341
ILMN_1795404	6380390
ILMN_1807649	610703
ILMN_2095506	7040475
ILMN_1651354	3460070
ILMN_2374449	3840154
ILMN_1659072	1300372
ILMN_1734229	4920398
ILMN_1802315	1450491
ILMN_2408771	2140274
ILMN_1672461	6380192
ILMN_1657405	2750612
ILMN_1705849	1070228
ILMN_1804277	5700707
ILMN_1791232	3190750
ILMN_1651609	1740603
ILMN_2275110	3830689
ILMN_2410194	4860132
ILMN_2132898	2340458
ILMN_1759889	3830142
ILMN_1716591	7330184
ILMN_1711174	4590767
ILMN_1795359	6770187
ILMN_1806059	1710672
ILMN_2197577	6550356
ILMN_1746322	360605
ILMN_2191967	1660521
ILMN_2211018	5810546
ILMN_1701239	5890400
ILMN_1674367	2230500
ILMN_1702127	1470630
ILMN_1810835	4610131
ILMN_1777949	6130746
ILMN_1769280	1400722
ILMN_1691860	3310692
ILMN_2329914	6760669
ILMN_2089329	6590575
ILMN_1791078	6770402
ILMN_2086105	730576
ILMN_1797596	4390414
ILMN_1741168	7160725
ILMN_1688811	7570309
ILMN_1788095	3180521
ILMN_1729868	3870113
ILMN_1753648	4880204
ILMN_1714170	7100382
ILMN_1787541	380551
ILMN_1682864	2850433
ILMN_1736682	2690025
ILMN_1717935	4060075
ILMN_2095133	6650037
ILMN_1663106	380279
ILMN_1667494	5360382
ILMN_1782845	5390747
ILMN_1690708	1770037
ILMN_1714228	2750609
ILMN_1661335	5390487
ILMN_1667079	5900451
ILMN_1706548	540022
ILMN_2406439	1190164
ILMN_1658864	3840301
ILMN_1807609	4050064
ILMN_2249473	430669
ILMN_1813491	620731
ILMN_2274420	2570471
ILMN_1665094	4810671
ILMN_1799853	7570370
ILMN_1704290	6840753
ILMN_2233454	3780743
ILMN_1867664	6590402
ILMN_1728699	1850433
ILMN_1761016	2850048
ILMN_2041293	3120367
ILMN_1772241	7050068
ILMN_1667199	6770707
ILMN_1662618	4260044
ILMN_2286334	6480577
ILMN_1742064	3610736
ILMN_2062754	4290075
ILMN_1798827	2230730
ILMN_1685898	1580689
ILMN_1778253	2260435
ILMN_1729987	5420592
ILMN_1750641	7510687
ILMN_1800002	6180026
ILMN_1793241	1050278
ILMN_1788895	6350035
ILMN_1781280	160433
ILMN_1678435	6590632
ILMN_1663035	3390343
ILMN_1695378	4230521
ILMN_2328986	6840044
ILMN_2217661	6550138
ILMN_1803398	20022
ILMN_1721024	2260176
ILMN_1677432	2470220
ILMN_1759549	990072
ILMN_1797451	1690152
ILMN_2261379	4860220
ILMN_2348448	5700468
ILMN_1659594	6060717
ILMN_3235657	2340332
ILMN_2400644	1230487
ILMN_1722923	2630242
ILMN_2400648	6350039
ILMN_2169152	360500
ILMN_1760347	7550484
ILMN_1699525	2900626
ILMN_1696119	5290242
ILMN_1682054	5860445
ILMN_2400219	6770392
ILMN_1736692	2100059
ILMN_1661337	5570088
ILMN_1744200	5490754
ILMN_3251269	3190730
ILMN_2234758	5900379
ILMN_2211950	1300072
ILMN_2192032	4210431
ILMN_1663149	1570279
ILMN_1753862	6860379
ILMN_2312275	6860553
ILMN_1703524	1340750
ILMN_1683888	2710386
ILMN_2099594	520209
ILMN_1759883	3930358
ILMN_1798804	7050056
ILMN_1657451	2000468
ILMN_1695468	2120731
ILMN_1669215	2900739
ILMN_1697338	5870767
ILMN_1785660	6290112
ILMN_1751072	4480224
ILMN_1709486	4900133
ILMN_1676213	940474
ILMN_1753515	360463
ILMN_1666306	5130487
ILMN_1697670	6290392
ILMN_1661664	3800747
ILMN_1734602	7570551
ILMN_1811820	4220253
ILMN_3309016	4900398
ILMN_1804822	3780717
ILMN_1748182	7160259
ILMN_1741782	1230333
ILMN_2359096	5890753
ILMN_1805646	6380465
ILMN_1686957	7150592
ILMN_1676625	6510661
ILMN_1715500	6580082
ILMN_1796407	4760564
ILMN_1672006	610435
ILMN_2219628	7510653
ILMN_1809478	1230044
ILMN_1711608	6480349
ILMN_2361163	4120671
ILMN_1814165	6480196
ILMN_1720137	4760167
ILMN_2327346	6840630
ILMN_1742260	3990674
ILMN_1727671	3460086
ILMN_1672834	2810468
ILMN_1755234	540608
ILMN_1670185	840066
ILMN_1715705	3190735
ILMN_1775486	3360373
ILMN_3237755	3870053
ILMN_1750693	110451
ILMN_1726626	2320577
ILMN_1785037	2710370
ILMN_1783226	4280041
ILMN_1806906	2810523
ILMN_1680403	7570243
ILMN_2233099	840400
ILMN_1728714	6480605
ILMN_1812824	1500113
ILMN_2069745	240669
ILMN_1673998	3990132
ILMN_2152257	5390725
ILMN_1774749	3610670
ILMN_1684200	10376
ILMN_1690563	2940470
ILMN_1664956	1500768
ILMN_1690680	3310215
ILMN_2247572	6480563
ILMN_1803671	6520279
ILMN_1676207	2850463
ILMN_2404327	3940168
ILMN_1684697	4490228
ILMN_1665639	5290224
ILMN_2292723	6620364
ILMN_1720844	1440546
ILMN_2313349	2630427
ILMN_1690971	6350431
ILMN_2242635	6980746
ILMN_1694952	1050458
ILMN_2322346	2260093
ILMN_2278806	2260593
ILMN_1791645	6040605
ILMN_1717025	6860037
ILMN_2291709	2680551
ILMN_2402303	5130615
ILMN_1680569	2490279
ILMN_1714818	2600632
ILMN_2092943	510021
ILMN_1732696	3840347
ILMN_1726257	4060440
ILMN_1714790	5860543
ILMN_1771397	6110725
ILMN_1742097	6620189
ILMN_1765204	4560762
ILMN_1699887	4260278
ILMN_1713422	3180386
ILMN_3301818	1170091
ILMN_1683313	1300601
ILMN_2267135	6060682
ILMN_1714165	7160292
ILMN_2350315	770382
ILMN_1699472	7040195
ILMN_2204545	4200754
ILMN_2388701	3890382
ILMN_1713496	5260403
ILMN_1781560	5260440
ILMN_2350183	2100053
ILMN_1692207	2340470
ILMN_1773470	4060594
ILMN_1731063	5820309
ILMN_1686988	6510307
ILMN_2384496	1260601
ILMN_1756501	1710630
ILMN_1653120	3450706
ILMN_1797102	2190129
ILMN_1772951	3840470
ILMN_1658706	6420164
ILMN_2127379	1230524
ILMN_1779061	2070100
ILMN_1687857	10379
ILMN_2297453	6200681
ILMN_2413064	7000132
ILMN_1773959	3060241
ILMN_1691736	3780608
ILMN_1702175	4570575
ILMN_1746137	5270563
ILMN_1707763	6860411
ILMN_2410113	1430279
ILMN_2410114	3140767
ILMN_1659926	3610164
ILMN_1700719	3420403
ILMN_1700981	5080240
ILMN_3246810	2600575
ILMN_1768840	290707
ILMN_2048011	3370630
ILMN_1664859	5360025
ILMN_1758461	150066
ILMN_1855910	160202
ILMN_1697301	2070014
ILMN_2394161	2070440
ILMN_1689846	2120243
ILMN_2253732	4230017
ILMN_1756937	6020470
ILMN_1735584	6980678
ILMN_1698508	7200068
ILMN_1655987	6040053
ILMN_1677497	5360563
ILMN_1774127	6520435
ILMN_1718295	70086
ILMN_1656595	4250202
ILMN_1792435	940097
ILMN_2151048	7570026
ILMN_2293677	290458
ILMN_1782609	620180
ILMN_2333708	2450100
ILMN_1787275	4390630
ILMN_1667315	2070735
ILMN_2362832	6130121
ILMN_1760682	6550671
ILMN_1791375	3710711
ILMN_3239343	3440441
ILMN_1669851	6380612
ILMN_1765409	770619
ILMN_1781135	3940672
ILMN_1739253	1740364
ILMN_1665521	2320091
ILMN_2391355	4880671
ILMN_1682799	7150059
ILMN_3247998	380201
ILMN_2281529	2190445
ILMN_1657631	2470379
ILMN_2384237	5310132
ILMN_1704500	5910753
ILMN_2391176	20750
ILMN_1689702	6590615
ILMN_2391178	7040224
ILMN_1717052	5560221
ILMN_1786498	290270
ILMN_2257607	2570255
ILMN_2341254	3190411
ILMN_1660451	3440184
ILMN_1666380	6060632
ILMN_1657095	610333
ILMN_2228873	5550360
ILMN_1716224	6580382
ILMN_1783998	1780025
ILMN_1784364	3190433
ILMN_1657044	1850148
ILMN_1740819	4210750
ILMN_2367782	5720360
ILMN_1687140	5810521
ILMN_1799600	2100521
ILMN_1668732	670022
ILMN_1690105	1820750
ILMN_1691364	2570079
ILMN_1777325	4810187
ILMN_1690921	130519
ILMN_2410986	2100484
ILMN_1663618	4250538
ILMN_2401978	5090619
ILMN_1785202	7320370
ILMN_1753547	1940487
ILMN_1684034	6940433
ILMN_1763198	1660397
ILMN_2322356	20113
ILMN_1682319	4010382
ILMN_1730363	3450102
ILMN_1656136	5670241
ILMN_2327276	5890349
ILMN_1769720	7550139
ILMN_1673950	6180047
ILMN_1758164	2650730
ILMN_1691884	1170170
ILMN_1772260	4040608
ILMN_1733094	5910440
ILMN_1705629	7210400
ILMN_2244631	7510521
ILMN_1809101	290292
ILMN_2344298	870242
ILMN_2259308	3180397
ILMN_1761577	620703
ILMN_2383349	1300762
ILMN_2281089	1470097
ILMN_1772036	540091
ILMN_1683474	450035
ILMN_3250322	1660041
ILMN_3251014	2140612
ILMN_1807244	5810739
ILMN_1665311	5340180
ILMN_2413650	6220050
ILMN_2064694	1260524
ILMN_1738449	3840386
ILMN_3307858	6220719
ILMN_1789510	620711
ILMN_1651692	5270241
ILMN_1751871	4150414
ILMN_1690085	4290154
ILMN_1803774	2690102
ILMN_1742520	6270528
ILMN_1693679	6350762
ILMN_1776428	4850482
ILMN_1798543	2490719
ILMN_2166534	2810291
ILMN_2402363	4260612
ILMN_1659782	4640142
ILMN_1702723	3170717
ILMN_1695773	4480373
ILMN_1655163	6180050
ILMN_1668090	7330678
ILMN_1666453	2510551
ILMN_2389794	520259
ILMN_2284496	4810154
ILMN_1737313	4850209
ILMN_1668546	6520176
ILMN_1756612	6350470
ILMN_2216637	840670
ILMN_1672302	3830670
ILMN_1778213	630088
ILMN_1727809	4230327
ILMN_1693538	6420161
ILMN_2152581	830424
ILMN_1755792	2760653
ILMN_1791328	3370092
ILMN_1711383	4250398
ILMN_1679311	1850717
ILMN_2075927	3840521
ILMN_2294086	3180286
ILMN_1657796	3460707
ILMN_1745593	4260731
ILMN_1750508	7160500
ILMN_1795679	830672
ILMN_2126038	2030026
ILMN_3244117	4780224
ILMN_1731397	6860138
ILMN_1766657	2060291
ILMN_1696419	6290519
ILMN_1801130	5340435
ILMN_1663002	6650458
ILMN_1761866	6380280
ILMN_1668592	4230730
ILMN_1656409	1110138
ILMN_1670705	460577
ILMN_2229214	4220674
ILMN_1664014	5560706
ILMN_1803256	990687
ILMN_1769634	270605
ILMN_1807652	6420215
ILMN_1721689	2100133
ILMN_1699666	2100035
ILMN_2315694	2510066
ILMN_2348243	3140239
ILMN_1701386	2940075
ILMN_1731194	4200672
ILMN_1808783	5340692
ILMN_1748543	6200327
ILMN_2170930	7150181
ILMN_1749882	5220138
ILMN_2129273	5270441
ILMN_1772946	1570575
ILMN_1696190	1770048
ILMN_2394102	4290044
ILMN_1778956	1580678
ILMN_1653856	1940524
ILMN_1746090	2570692
ILMN_2194448	1030674
ILMN_2157421	1850445
ILMN_1756126	4900431
ILMN_1753712	6220273
ILMN_1720771	60470
ILMN_1773901	6380743
ILMN_1803698	5340221
ILMN_1741942	7040315
ILMN_1750896	7160136
ILMN_1696126	6560630
ILMN_1775587	5890100
ILMN_1760160	4860068
ILMN_1660721	6100110
ILMN_1726805	3850398
ILMN_1747775	5910619
ILMN_2344216	7400343
ILMN_1659544	2350703
ILMN_1680313	7380164
ILMN_1749345	5090068
ILMN_1777444	6130364
ILMN_1808860	6450470
ILMN_2157951	2480487
ILMN_1777915	4050161
ILMN_2154094	2190075
ILMN_1792518	4780358
ILMN_1752895	3130379
ILMN_1728747	1260564
ILMN_2414878	6100112
ILMN_1810657	6330674
ILMN_2159453	6960026
ILMN_1764168	5570594
ILMN_1707391	7570328
ILMN_1684402	7550022
ILMN_3235109	3190025
ILMN_1750912	2370092
ILMN_2172969	3400379
ILMN_2187206	580079
ILMN_1802105	5670377
ILMN_2184535	5670725
ILMN_1732475	7000767
ILMN_2210729	1440187
ILMN_1736054	1660661
ILMN_2150019	3930286
ILMN_1660787	5220220
ILMN_1779616	4150142
ILMN_1652379	4060692
ILMN_1681601	6560079
ILMN_1757754	6350594
ILMN_1804361	2710397
ILMN_2054725	2480296
ILMN_3248915	770364
ILMN_1660655	3390392
ILMN_1702363	2570240
ILMN_2345142	4050128
ILMN_1686981	6330487
ILMN_1667460	7200242
ILMN_1716367	50519
ILMN_1657302	990669
ILMN_2404795	1050612
ILMN_1656900	6270725
ILMN_1778756	7510711
ILMN_1798528	2480014
ILMN_1790159	3440397
ILMN_2400372	6400326
ILMN_2262177	3120142
ILMN_1815283	3180259
ILMN_3250049	4670070
ILMN_1670517	5080619
ILMN_1707804	5560603
ILMN_3250899	5900678
ILMN_2336130	270347
ILMN_1678293	580768
ILMN_2336133	5490594
ILMN_1733443	4780068
ILMN_1766079	1470689
ILMN_2415329	6900075
ILMN_1653463	5870470
ILMN_1772148	4610593
ILMN_1704163	1660156
ILMN_1692983	4280154
ILMN_1727589	1170066
ILMN_1763520	1940452
ILMN_1705674	5340440
ILMN_1701637	5050463
ILMN_1718836	6550424
ILMN_1653386	160553
ILMN_1753472	5490626
ILMN_1685371	2680474
ILMN_2345872	6110253
ILMN_2379835	2630138
ILMN_1790105	5910452
ILMN_2195390	3180594
ILMN_1785615	4610538
ILMN_1732080	4050358
ILMN_2172221	6980424
ILMN_1738150	520133
ILMN_2333594	2600066
ILMN_1725642	5900682
ILMN_1665203	2120259
ILMN_1673793	5360438
ILMN_1657847	6370731
ILMN_1803745	630110
ILMN_1710682	1300288
ILMN_2383455	7400100
ILMN_1781516	780753
ILMN_2274199	2630020
ILMN_1813277	4540543
ILMN_1766245	1770070
ILMN_1703866	6760576
ILMN_1758717	3370750
ILMN_2072875	3870671
ILMN_1750008	5870040
ILMN_1663407	3710324
ILMN_1781628	2600209
ILMN_1690761	3370048
ILMN_1778032	2600452
ILMN_1709750	7560180
ILMN_1693270	110592
ILMN_1785570	1770168
ILMN_2268115	3450139
ILMN_2360307	6020070
ILMN_1771878	4640575
ILMN_1781479	20195
ILMN_1789351	6330441
ILMN_1692107	1470292
ILMN_1669598	2480661
ILMN_1692026	3850343
ILMN_1735168	2350424
ILMN_1797813	4920619
ILMN_1800894	1400326
ILMN_1808515	1690280
ILMN_1697095	5050672
ILMN_1706240	6480010
ILMN_1656678	7570368
ILMN_1702009	7550167
ILMN_1806306	4540102
ILMN_1724352	6270470
ILMN_2112638	6180554
ILMN_1690754	610482
ILMN_1671404	3140603
ILMN_1659306	7510093
ILMN_3243204	1400239
ILMN_1764780	4290176
ILMN_1754555	7330215
ILMN_1785175	6200753
ILMN_2089175	4610414
ILMN_1698470	6580678
ILMN_1791356	2850133
ILMN_1732189	4850750
ILMN_1773168	6980242
ILMN_3187623	3870050
ILMN_3249682	510370
ILMN_1738962	840379
ILMN_1756374	580543
ILMN_2218248	6560471
ILMN_1765770	870475
ILMN_2095704	2690577
ILMN_1779743	7560315
ILMN_2123525	5960025
ILMN_2123521	7570632
ILMN_1755822	2370348
ILMN_1691403	1400021
ILMN_1660186	1500647
ILMN_2287296	1740110
ILMN_2394498	4670241
ILMN_2059549	110685
ILMN_1802089	110349
ILMN_1783837	1230240
ILMN_2407703	2120360
ILMN_1660693	4060300
ILMN_1757081	540014
ILMN_1781060	3420044
ILMN_2282019	520563
ILMN_1756694	7150044
ILMN_3239031	4180735
ILMN_1771261	5220452
ILMN_1727740	4880500
ILMN_1687558	2000722
ILMN_1729105	2340349
ILMN_1785427	5550711
ILMN_1666785	6380402
ILMN_1754579	10634
ILMN_2391419	160121
ILMN_1745668	2320274
ILMN_1730652	4250504
ILMN_1677009	6020026
ILMN_1704015	620594
ILMN_1810875	70026
ILMN_1668313	1230504
ILMN_1727805	6650438
ILMN_1721712	6770768
ILMN_1789011	1690719
ILMN_1786379	5860609
ILMN_1726924	6250020
ILMN_1701991	650020
ILMN_2393968	2760364
ILMN_1762303	5900114
ILMN_2215119	4200593
ILMN_1697793	3180176
ILMN_1712075	2760735
ILMN_1675053	6220730
ILMN_1711491	3800653
ILMN_1688220	70348
ILMN_1693092	270743
ILMN_1730218	540653
ILMN_1668031	6580025
ILMN_1791494	7610292
ILMN_1690253	1850082
ILMN_1733860	1850632
ILMN_1701483	6040433
ILMN_2377174	1190452
ILMN_1691458	3120519
ILMN_1764087	3170360
ILMN_1686380	5340224
ILMN_1679279	7550138
ILMN_1756590	5090097
ILMN_1742881	6270327
ILMN_1731958	620288
ILMN_1717934	5910500
ILMN_1815610	4390736
ILMN_1658499	4810730
ILMN_2181670	4120259
ILMN_3242181	4850292
ILMN_1805952	1740440
ILMN_1703060	3310386
ILMN_1747160	4810592
ILMN_1777362	4860475
ILMN_2272876	5050161
ILMN_1670725	5670041
ILMN_1657760	1470176
ILMN_1770857	830367
ILMN_1724774	2570017
ILMN_1768705	3180639
ILMN_1755571	110112
ILMN_1696167	60373
ILMN_1809035	1710328
ILMN_1688831	2640575
ILMN_2380938	5050390
ILMN_1810120	6280356
ILMN_1782181	6580026
ILMN_1679836	6770544
ILMN_1728496	7510341
ILMN_1750785	2760437
ILMN_2240221	780035
ILMN_1671209	3120491
ILMN_1651428	3370100
ILMN_1682929	5810278
ILMN_2336609	6760037
ILMN_1720623	2600682
ILMN_1719599	4540184
ILMN_1680726	940458
ILMN_1803143	2680064
ILMN_2339691	6280278
ILMN_1794551	10719
ILMN_2120762	940703
ILMN_1667314	60017
ILMN_1744056	1340577
ILMN_2197164	2850593
ILMN_2412141	1780243
ILMN_3309584	1660612
ILMN_1754510	6980309
ILMN_1694077	1010070
ILMN_1772523	2260474
ILMN_1762024	1400386
ILMN_2342541	3130397
ILMN_1790270	3460301
ILMN_2384409	6860594
ILMN_1784889	3060139
ILMN_2406184	3800048
ILMN_1793006	5310209
ILMN_1661476	2510259
ILMN_2304878	6270403
ILMN_1770084	2940373
ILMN_2315780	3140743
ILMN_1686442	3610603
ILMN_2363165	5570286
ILMN_1724407	4390484
ILMN_1685112	6620544
ILMN_1680330	3940324
ILMN_1786239	7050022
ILMN_1747883	7210148
ILMN_1753006	870008
ILMN_1658369	4250519
ILMN_2160210	4070575
ILMN_2160209	6290241
ILMN_1739001	6270138
ILMN_2194649	3840463
ILMN_1776487	5810619
ILMN_1680682	1070091
ILMN_1787081	4200731
ILMN_1696709	4830168
ILMN_3239378	6550709
ILMN_1792176	3610414
ILMN_1770141	3990593
ILMN_1674866	7210162
ILMN_2346358	2030274
ILMN_1664439	4570746
ILMN_1721093	7510632
ILMN_1690545	620576
ILMN_1653367	4200626
ILMN_2061318	290332
ILMN_2061327	4150553
ILMN_1678707	10176
ILMN_2402131	4860463
ILMN_1655844	3060059
ILMN_2360448	4850605
ILMN_1805158	6760685
ILMN_1667977	2570202
ILMN_2143487	3940343
ILMN_1695119	1170092
ILMN_2335072	2940707
ILMN_1671839	6380131
ILMN_2063114	3870433
ILMN_3235027	6580075
ILMN_1799939	2640762
ILMN_1694888	1410341
ILMN_1807176	2630274
ILMN_1742524	4640243
ILMN_1737535	770520
ILMN_1771949	4850735
ILMN_1684802	2900193
ILMN_1797056	10279
ILMN_2252813	2320292
ILMN_2378708	2000328
ILMN_1668351	4570326
ILMN_1727281	7650025
ILMN_1759460	430270
ILMN_1755638	2470500
ILMN_2070477	2370615
ILMN_2343332	990474
ILMN_1778617	7040537
ILMN_2057359	3460484
ILMN_1784880	610403
ILMN_1676408	4860242
ILMN_2333774	5360364
ILMN_1739985	5890739
ILMN_1778668	650678
ILMN_2400935	2360326
ILMN_1706783	3360326
ILMN_1691892	2340180
ILMN_2090105	4070736
ILMN_1698179	3520768
ILMN_2342554	3830445
ILMN_2290896	2640121
ILMN_1761438	3710301
ILMN_1748450	2030746
ILMN_2135833	1440594
ILMN_1670998	670167
ILMN_1746588	6040754
ILMN_1772278	3990324
ILMN_3244286	1440768
ILMN_2292387	2120338
ILMN_1715069	2230113
ILMN_2372773	2370575
ILMN_1793849	5570463
ILMN_1758087	5900435
ILMN_1701487	520333
ILMN_1715613	2120195
ILMN_2298588	2900546
ILMN_1664823	3400224
ILMN_3307863	3780113
ILMN_1751079	7330392
ILMN_1759250	2650156
ILMN_1777565	3940477
ILMN_1742450	2650082
ILMN_1773031	3940296
ILMN_1782851	7560039
ILMN_1805449	1030685
ILMN_1693882	610768
ILMN_1803036	2230201
ILMN_2310253	1980392
ILMN_1729767	7570446
ILMN_1677532	2570139
ILMN_1723944	4280192
ILMN_1685480	2710195
ILMN_1778187	5550014
ILMN_1720267	5290047
ILMN_2324776	1090064
ILMN_1805197	3710133
ILMN_1655240	2320021
ILMN_1697141	7570291
ILMN_2108135	1740128
ILMN_1809098	4780228
ILMN_1811799	5560128
ILMN_1696528	6290010
ILMN_1801349	130402
ILMN_1706672	3840424
ILMN_1694485	6510022
ILMN_1718253	70703
ILMN_3238772	380121
ILMN_1807759	7100148
ILMN_1751637	4570343
ILMN_1759475	770246
ILMN_1745038	1470114
ILMN_1760732	10576
ILMN_1693303	1030341
ILMN_1707668	3440187
ILMN_1730477	7510736
ILMN_1702830	7200544
ILMN_1811572	6020576
ILMN_1772091	7510196
ILMN_1752867	150592
ILMN_1802731	1580528
ILMN_1715923	2190601
ILMN_1739653	4050241
ILMN_1807159	4040056
ILMN_2107040	5130424
ILMN_1732309	2750243
ILMN_1707326	4290445
ILMN_1791678	50500
ILMN_2179397	1110167
ILMN_1701058	2750592
ILMN_1734138	2690753
ILMN_2330371	4290292
ILMN_1744316	6020368
ILMN_2374770	4920739
ILMN_1793118	7050470
ILMN_1803392	1430647
ILMN_2358733	510326
ILMN_1776679	2140736
ILMN_1707791	2650626
ILMN_1754947	7510035
ILMN_1693726	5360717
ILMN_1668639	2490278
ILMN_1710434	5050603
ILMN_1743324	5670500
ILMN_1662161	730465
ILMN_1779886	7160707
ILMN_1803941	240019
ILMN_1758457	4050056
ILMN_1756542	2510441
ILMN_1692844	20475
ILMN_1769876	2680021
ILMN_2044572	290546
ILMN_1742869	6330072
ILMN_1778897	3890494
ILMN_2096743	10369
ILMN_3251227	5490523
ILMN_2123730	7400070
ILMN_2228044	2690427
ILMN_2060212	3120161
ILMN_1780197	3870138
ILMN_1768491	3290736
ILMN_1681855	3610450
ILMN_1707741	5820470
ILMN_1737850	6330709
ILMN_1766028	6350059
ILMN_1659995	6520709
ILMN_1702538	1240594
ILMN_2064606	2850039
ILMN_2173651	2650398
ILMN_1674587	70367
ILMN_2153679	630762
ILMN_1657247	5420280
ILMN_2167397	2230162
ILMN_1693802	5310543
ILMN_1708381	3060240
ILMN_3299800	2760615
ILMN_3223246	4050403
ILMN_2068991	3310279
ILMN_3229269	70653
ILMN_3305887	5550241
ILMN_3235694	5670537
ILMN_1688098	7650669
ILMN_1767433	4010437
ILMN_1661622	2940367
ILMN_1735495	620619
ILMN_1701604	1230768
ILMN_1805366	1850594
ILMN_2237474	2630181
ILMN_1804697	6380075
ILMN_1703891	1400070
ILMN_1789909	2850537
ILMN_2390227	7550411
ILMN_1726239	5960093
ILMN_1790953	5690576
ILMN_1743352	4200386
ILMN_1796411	5260022
ILMN_2076415	7330286
ILMN_1673376	4010377
ILMN_1795400	5090543
ILMN_1725183	3290703
ILMN_2359014	4210491
ILMN_1776333	4230088
ILMN_1739967	780598
ILMN_1808846	3310646
ILMN_1744795	2470070
ILMN_1798657	540082
ILMN_2317524	2000066
ILMN_1812328	4050626
ILMN_1764489	1570162
ILMN_2177413	3400050
ILMN_1697175	4260537
ILMN_1697117	6220470
ILMN_1708147	2470333
ILMN_1694928	3780537
ILMN_1739366	4070332
ILMN_1670676	2490008
ILMN_1778134	2710424
ILMN_2414848	830341
ILMN_1783728	5810541
ILMN_1809047	6420152
ILMN_1698015	460575
ILMN_2262510	4220300
ILMN_2350514	4880730
ILMN_1708989	7160445
ILMN_2248112	7560482
ILMN_2223056	580673
ILMN_1721580	6060113
ILMN_1808457	2350332
ILMN_1733069	4040082
ILMN_2298577	4180296
ILMN_2048119	630722
ILMN_1783563	7510255
ILMN_1792256	2360753
ILMN_2259815	1850576
ILMN_1703470	2190577
ILMN_2362556	6330100
ILMN_1692714	1850543
ILMN_2161194	2510168
ILMN_1664276	7550538
ILMN_1701393	2970358
ILMN_1713449	7200195
ILMN_1745827	2680414
ILMN_2282379	1010703
ILMN_1742362	1400630
ILMN_2376958	6200209
ILMN_1763333	2570192
ILMN_1692095	6290373
ILMN_1679958	6590091
ILMN_1744251	1780088
ILMN_1739178	1940255
ILMN_1794840	6660681
ILMN_2282641	3940390
ILMN_1734596	1850300
ILMN_3239922	4730039
ILMN_1804316	4220561
ILMN_1671107	3130110
ILMN_2357770	110427
ILMN_1698139	4210189
ILMN_1709851	5960286
ILMN_1684742	2480703
ILMN_1665526	4880014
ILMN_2240597	5290577
ILMN_1726928	4050491
ILMN_2398403	2710278
ILMN_2398408	3360014
ILMN_1809552	3830739
ILMN_1765310	3940424
ILMN_1749478	730739
ILMN_1734190	4780072
ILMN_1756093	2360408
ILMN_2330341	3890719
ILMN_1748625	4920487
ILMN_1749073	2480471
ILMN_3251393	730196
ILMN_1729165	2340066
ILMN_2084043	1940286
ILMN_1753525	3310273
ILMN_2402272	160474
ILMN_1670561	7380138
ILMN_1656399	7550468
ILMN_3243621	4200280
ILMN_2066020	2340092
ILMN_1704873	5050242
ILMN_1675579	5670386
ILMN_2377185	3400133
ILMN_1733927	4730743
ILMN_1808110	6560148
ILMN_1774705	5220088
ILMN_1810590	5220669
ILMN_3237069	1580670
ILMN_3237433	2940736
ILMN_2398039	4060646
ILMN_2289301	4490600
ILMN_1706839	6450538
ILMN_1809095	5290437
ILMN_1659929	4780554
ILMN_2314007	50086
ILMN_1669832	4200291
ILMN_1772614	6580537
ILMN_1745041	6060086
ILMN_2317618	3890097
ILMN_1682008	3890181
ILMN_2280480	6450632
ILMN_1663561	2630491
ILMN_1778337	3520632
ILMN_1778941	6860390
ILMN_1660144	580280
ILMN_1666173	3120035
ILMN_2368068	3450707
ILMN_1789103	6960082
ILMN_1719351	730373
ILMN_1766712	5360112
ILMN_1728570	7100139
ILMN_1788729	5340431
ILMN_1814971	7100386
ILMN_1664434	4900348
ILMN_1814194	2510672
ILMN_2367141	160672
ILMN_1676470	240494
ILMN_1677846	620221
ILMN_1707005	5670592
ILMN_1683986	6590424
ILMN_1710746	6980047
ILMN_1733841	5050678
ILMN_1672486	6900491
ILMN_1814247	1510154
ILMN_1681248	5080008
ILMN_1675808	5700215
ILMN_1665058	730687
ILMN_1711994	70672
ILMN_1714859	5890041
ILMN_1694486	6480333
ILMN_1788841	70110
ILMN_2382309	770255
ILMN_1792144	5720047
ILMN_2362809	270368
ILMN_1777614	620471
ILMN_1777439	4670156
ILMN_1768469	1770603
ILMN_1740572	5670100
ILMN_2331348	50722
ILMN_1744941	3130435
ILMN_1751241	5360754
ILMN_2377025	7380487
ILMN_1776347	990315
ILMN_1660661	2750424
ILMN_2313434	4230136
ILMN_1802821	270541
ILMN_2041355	1010437
ILMN_1684417	5860026
ILMN_1754656	3460731
ILMN_1779785	7100286
ILMN_1662117	2570048
ILMN_2208812	780392
ILMN_1713174	1070753
ILMN_2231051	4040088
ILMN_1772780	6370458
ILMN_1700001	540100
ILMN_1667720	780333
ILMN_1722217	6620754
ILMN_1751868	7560300
ILMN_1745779	1580021
ILMN_1700955	7150433
ILMN_2204526	4120181
ILMN_1774476	4250296
ILMN_1685124	5700189
ILMN_1706345	7650196
ILMN_3244526	5910615
ILMN_1782331	70162
ILMN_1777096	1990253
ILMN_1795681	3130017
ILMN_2132379	4830154
ILMN_2060635	3520019
ILMN_2146817	5050403
ILMN_1716859	5810634
ILMN_2172091	6650008
ILMN_2285713	2060110
ILMN_2391789	3140181
ILMN_1726520	4070538
ILMN_1809750	2470722
ILMN_2175094	7150184
ILMN_1751630	5900333
ILMN_3241282	4260390
ILMN_1745811	6370368
ILMN_1700887	4280156
ILMN_1660261	3440112
ILMN_1705241	5310100
ILMN_1811110	1410192
ILMN_2169490	6180187
ILMN_3243037	1190487
ILMN_1792726	2900142
ILMN_1674049	3930402
ILMN_1735055	7650601
ILMN_1682781	4670398
ILMN_1814002	20717
ILMN_1722824	2570279
ILMN_2413041	3290286
ILMN_1705301	4040746
ILMN_1666969	5220242
ILMN_1767651	5810196
ILMN_1764456	620301
ILMN_1720799	2370259
ILMN_1744784	6650411
ILMN_1731213	2260138
ILMN_1686992	1500445
ILMN_1706511	4040114
ILMN_1751576	1300326
ILMN_2066151	7570176
ILMN_1654570	1430431
ILMN_2043173	4570672
ILMN_1799099	2030176
ILMN_1727732	3060521
ILMN_1706832	50091
ILMN_1685079	240750
ILMN_1722732	240474
ILMN_1685042	770661
ILMN_2398627	2070553
ILMN_2247084	2340519
ILMN_1770682	6380433
ILMN_1670440	4560167
ILMN_2289473	4810291
ILMN_2398294	7610731
ILMN_1766573	3420678
ILMN_1694847	110437
ILMN_2357377	4560634
ILMN_2357382	6960553
ILMN_1768488	4210400
ILMN_1657983	1410653
ILMN_2373119	4810180
ILMN_1796005	6060044
ILMN_2311796	780463
ILMN_1746243	2120402
ILMN_2311798	6180593
ILMN_1750181	5050681
ILMN_1791067	4860315
ILMN_1654370	460427
ILMN_1651230	2940041
ILMN_2138249	4610768
ILMN_3247163	5490767
ILMN_1788818	3290746
ILMN_1787155	1580468
ILMN_1653529	6770044
ILMN_2211235	1030603
ILMN_2273595	1300544
ILMN_1691076	2370112
ILMN_2370241	3390274
ILMN_1803803	290243
ILMN_1741719	2680593
ILMN_1674615	4480370
ILMN_1669921	2970392
ILMN_1685490	3890156
ILMN_1685909	6620553
ILMN_1731181	2350333
ILMN_1692272	5870382
ILMN_1781623	430369
ILMN_1670139	360195
ILMN_2174481	6770382
ILMN_1733318	7150725
ILMN_1768425	6590538
ILMN_1715661	650326
ILMN_3251695	620541
ILMN_2138689	3130167
ILMN_1765574	1570646
ILMN_2275760	1780132
ILMN_2374115	4640204
ILMN_1733135	5820082
ILMN_2282477	7570450
ILMN_1853592	4670044
ILMN_1758404	7320471
ILMN_1683891	3390411
ILMN_2096784	6450075
ILMN_1659378	10427
ILMN_1790595	4640176
ILMN_1814657	3520504
ILMN_1733562	2340626
ILMN_2067709	990100
ILMN_2067708	5270296
ILMN_1738750	780427
ILMN_1736527	6510240
ILMN_2117987	510487
ILMN_1661717	3290435
ILMN_1793671	2340170
ILMN_2116639	7200678
ILMN_1651763	730255
ILMN_1764826	6580707
ILMN_1733616	1050086
ILMN_1687749	580050
ILMN_1711332	1070356
ILMN_2381468	2360647
ILMN_1722489	1230672
ILMN_1663919	4040632
ILMN_1811387	7570484
ILMN_1812474	870176
ILMN_1779213	5090044
ILMN_2341815	5550133
ILMN_1672571	2100332
ILMN_2408102	2570441
ILMN_1695000	2600600
ILMN_1662619	1340039
ILMN_1701032	4280674
ILMN_1707124	4850731
ILMN_2068104	5080543
ILMN_1709451	1500678
ILMN_1724738	1740300
ILMN_1674243	2940435
ILMN_1747586	4730376
ILMN_1685567	1430762
ILMN_2083946	360377
ILMN_1805175	3420296
ILMN_2129668	5420307
ILMN_1773801	1820376
ILMN_2389876	7330142
ILMN_1812526	7510195
ILMN_1687652	1030008
ILMN_1663866	7650358
ILMN_1745927	1410379
ILMN_1744862	5310041
ILMN_2384241	5490070
ILMN_1726245	6560091
ILMN_1784287	3190379
ILMN_1696870	6660133
ILMN_1754102	1400379
ILMN_2247842	2450743
ILMN_2318643	3140369
ILMN_1702211	4210196
ILMN_2318638	4260189
ILMN_2245292	6660725
ILMN_1656761	7160670
ILMN_1709044	1340020
ILMN_3237497	5560373
ILMN_3241861	2690176
ILMN_1721134	6370615
ILMN_1705750	1580435
ILMN_1679267	2940446
ILMN_1797236	5560575
ILMN_1786847	4920075
ILMN_1669363	6130091
ILMN_1699925	2640315
ILMN_2345564	3450131
ILMN_2259966	7320338
ILMN_1776214	7150376
ILMN_1691164	4540242
ILMN_1651735	5700672
ILMN_3244760	5050184
ILMN_1677273	1990068
ILMN_2356578	5220451
ILMN_1663954	4390288
ILMN_1711450	6250017
ILMN_1811624	1580719
ILMN_1706818	4480259
ILMN_1757272	1010138
ILMN_1788988	3870523
ILMN_2301955	4180279
ILMN_1767542	150274
ILMN_1780699	6580370
ILMN_1686461	5720224
ILMN_2115553	6270328
ILMN_1766128	5390112
ILMN_2183261	2000259
ILMN_2189915	460592
ILMN_1769150	1070102
ILMN_1661424	5720070
ILMN_1750203	460435
ILMN_1652486	2450132
ILMN_1771600	5560021
ILMN_1790109	6400377
ILMN_1809054	1740670
ILMN_1759787	5720369
ILMN_1686116	5810685
ILMN_1678842	2600164
ILMN_1804663	1260039
ILMN_1736078	6200253
ILMN_1722789	510156
ILMN_1705372	3360603
ILMN_2098743	1580427
ILMN_1682120	6100010
ILMN_1665923	990471
ILMN_3307695	4250639
ILMN_1652716	7650373
ILMN_2093720	4730348
ILMN_1782688	5260520
ILMN_3251298	6860747
ILMN_3235974	6580671
ILMN_1802157	5570309
ILMN_2390821	2490397
ILMN_1696883	6660377
ILMN_2298936	610243
ILMN_2415926	2480328
ILMN_1769072	6580156
ILMN_1750518	460286
ILMN_2364062	1660309
ILMN_1688390	1990537
ILMN_1667883	3060561
ILMN_2393169	3440167
ILMN_1679880	3450364
ILMN_1805028	5870113
ILMN_1726659	770672
ILMN_1737943	5290204
ILMN_1661683	3830138
ILMN_1654613	6220523
ILMN_1718182	7380047
ILMN_1671028	4220132
ILMN_1719185	2360338
ILMN_1696683	4180458
ILMN_1794844	6480189
ILMN_1733157	290091
ILMN_1696659	1430035
ILMN_2399588	1990026
ILMN_2090567	2030253
ILMN_1683716	6860349
ILMN_2405264	1010327
ILMN_1673177	2370056
ILMN_1734862	3420504
ILMN_1726352	6960598
ILMN_1656715	670088
ILMN_2108590	1190553
ILMN_1713873	2680008
ILMN_1737168	5900593
ILMN_2108339	1740204
ILMN_1702946	6480600
ILMN_1787511	1230646
ILMN_1671902	5860020
ILMN_1779875	6480204
ILMN_2357361	2140176
ILMN_1740345	3360280
ILMN_2334042	5360121
ILMN_1712634	1030047
ILMN_1778691	3120075
ILMN_2388466	5310358
ILMN_2055634	3780041
ILMN_1669507	6400554
ILMN_1717745	1110091
ILMN_1728589	2940402
ILMN_1796855	3170543
ILMN_2351309	5560504
ILMN_1655577	2760242
ILMN_1740627	3190598
ILMN_2358560	7050612
ILMN_1815079	3360291
ILMN_1724863	5570730
ILMN_1651346	6550026
ILMN_1815690	5700008
ILMN_1686454	6420594
ILMN_1878866	3310593
ILMN_1730159	7550035
ILMN_1654609	150441
ILMN_1777579	1710215
ILMN_1690066	1820497
ILMN_1695878	70132
ILMN_2226435	650470
ILMN_1705774	520639
ILMN_1703984	1050133
ILMN_1676905	4640438
ILMN_2125017	2480541
ILMN_3236289	3420653
ILMN_1750678	4850332
ILMN_1735093	4180050
ILMN_1765332	3310376
ILMN_1686557	1660278
ILMN_1656798	4180619
ILMN_1813260	2100470
ILMN_1706959	3390373
ILMN_1673746	520577
ILMN_1773493	3840446
ILMN_1679555	4230050
ILMN_1664231	5050608
ILMN_3226669	2570450
ILMN_3231338	6350088
ILMN_1784031	7550402
ILMN_1752229	3610048
ILMN_1722239	3360156
ILMN_1738938	540446
ILMN_1653709	4900209
ILMN_1711566	7650433
ILMN_1721876	780270
ILMN_1664583	5420743
ILMN_1749078	6980541
ILMN_1701461	2030577
ILMN_1663399	1090326
ILMN_1810684	2340717
ILMN_1807169	1450634
ILMN_1697420	1740471
ILMN_2103295	7400358
ILMN_1765578	6760546
ILMN_1761939	6940348
ILMN_1781457	2810040
ILMN_2249288	4670468
ILMN_2249282	6040129
ILMN_1812432	510451
ILMN_2400603	1980528
ILMN_2290679	3180224
ILMN_1776703	5550746
ILMN_1743763	6420180
ILMN_2403006	1010386
ILMN_1691499	5700504
ILMN_1664978	2470093
ILMN_2384561	3120615
ILMN_1763972	5260309
ILMN_1659610	3450524
ILMN_1806037	4730196
ILMN_1766814	5690053
ILMN_1736597	6860202
ILMN_1674009	1510646
ILMN_1713533	4490424
ILMN_1784655	1430681
ILMN_1751572	4610543
ILMN_1814917	6560520
ILMN_2234412	6840047
ILMN_1696704	2470136
ILMN_2103761	5310360
ILMN_1661299	5690592
ILMN_1811029	6770647
ILMN_1663486	650438
ILMN_1699814	6520431
ILMN_1755158	2900092
ILMN_2206307	6180075
ILMN_1696643	6650433
ILMN_1700042	1770026
ILMN_1731048	6520451
ILMN_2298366	380639
ILMN_2414762	620441
ILMN_1719905	4480543
ILMN_1772387	6420750
ILMN_2155708	730762
ILMN_1689578	2060377
ILMN_1706217	1500180
ILMN_1722981	830440
ILMN_1654560	2600735
ILMN_1749287	5340427
ILMN_1677827	7200753
ILMN_1705047	3390612
ILMN_1682251	6370487
ILMN_1657892	6480360
ILMN_1679798	1820440
ILMN_1677564	2370053
ILMN_3235350	730427
ILMN_1728062	5050195
ILMN_1793016	6100370
ILMN_1806344	3940470
ILMN_2143148	10386
ILMN_1763670	870458
ILMN_1741171	110711
ILMN_1697472	2710025
ILMN_1761120	3890220
ILMN_1770338	2680110
ILMN_2169966	4830156
ILMN_1739170	7400291
ILMN_1794532	70347
ILMN_1808325	3450598
ILMN_2413644	3800706
ILMN_1668842	6590670
ILMN_1775830	1450687
ILMN_1792404	4900634
ILMN_2167808	6370332
ILMN_1750961	240653
ILMN_1757757	6020747
ILMN_1706419	6040367
ILMN_1686951	7150521
ILMN_1690040	5570653
ILMN_1803995	2070474
ILMN_1793730	6100577
ILMN_1709334	780296
ILMN_1737164	1990653
ILMN_2333440	6400411
ILMN_2253300	6480747
ILMN_1785765	5870632
ILMN_1669931	2030270
ILMN_1674421	70674
ILMN_1705213	5820097
ILMN_1664750	2680128
ILMN_1693311	650519
ILMN_1792812	5910592
ILMN_1710269	5670576
ILMN_1712407	6250731
ILMN_1803219	1450348
ILMN_1730117	2140601
ILMN_1794677	4290209
ILMN_1689306	5820743
ILMN_2211534	5560133
ILMN_1678212	630176
ILMN_1677963	6760471
ILMN_1659024	3840156
ILMN_1685493	3440400
ILMN_1793829	1470209
ILMN_1773333	3400131
ILMN_2220739	1410020
ILMN_1781276	430170
ILMN_1652719	5220711
ILMN_2180624	5720474
ILMN_3237721	6330437
ILMN_1693045	1580356
ILMN_1736585	4070037
ILMN_2213558	1260129
ILMN_1654939	4290537
ILMN_1719316	5550408
ILMN_1804148	5220682
ILMN_1803279	4210309
ILMN_1748899	2900561
ILMN_1672405	60037
ILMN_2186482	6560162
ILMN_1676670	4830044
ILMN_1743655	5390202
ILMN_1729498	3120403
ILMN_1730645	270703
ILMN_1778464	2970079
ILMN_1779632	5810332
ILMN_1717973	5910082
ILMN_1698259	4120431
ILMN_1667716	1400397
ILMN_1755224	2450164
ILMN_1670504	4850064
ILMN_1677736	7160112
ILMN_1783973	3360601
ILMN_3249244	4830524
ILMN_1726288	50427
ILMN_2067607	1740154
ILMN_1692511	1430537
ILMN_2413330	1300576
ILMN_2413331	6290612
ILMN_1669709	6940753
ILMN_2092756	6130193
ILMN_2175265	360161
ILMN_1705224	5270681
ILMN_3240187	4210220
ILMN_1712035	5310379
ILMN_2052871	2070736
ILMN_1809894	290360
ILMN_1738093	4860086
ILMN_1738116	3830762
ILMN_1654516	6270634
ILMN_2108493	270035
ILMN_1720498	4900767
ILMN_1723145	4200730
ILMN_1724139	4610102
ILMN_1685709	3780082
ILMN_2217809	7560092
ILMN_2145518	2750600
ILMN_1766851	6100324
ILMN_1721563	7330347
ILMN_2194229	1690386
ILMN_1764261	3180112
ILMN_1663033	1450403
ILMN_1748812	5960605
ILMN_1753608	4290382
ILMN_2317923	1690370
ILMN_3240241	6370093
ILMN_1794621	1240601
ILMN_1687823	4210451
ILMN_1763612	7400647
ILMN_1772514	4220546
ILMN_1730516	3780386
ILMN_1770977	670671
ILMN_2340721	5690711
ILMN_1700202	270328
ILMN_1815346	1110228
ILMN_1657701	430605
ILMN_1664761	6290598
ILMN_1683470	1850170
ILMN_1736863	4670414
ILMN_1774066	5130113
ILMN_1732187	6180678
ILMN_1708110	1340026
ILMN_1789112	5490598
ILMN_3243788	4880450
ILMN_1803624	2600324
ILMN_1668333	1030575
ILMN_3306972	2650142
ILMN_1786426	5670139
ILMN_1785191	3780619
ILMN_1685258	2940044
ILMN_2175131	3840167
ILMN_1657857	5870452
ILMN_3244248	7160088
ILMN_3236468	2140437
ILMN_2299612	4780647
ILMN_1776313	2680598
ILMN_1797047	990671
ILMN_1675767	1980280
ILMN_2292576	130630
ILMN_1709659	4810075
ILMN_1710553	4850543
ILMN_3247088	1050767
ILMN_2088124	1110300
ILMN_1683494	2230433
ILMN_1809947	2900162
ILMN_2095660	2000364
ILMN_1810374	3390253
ILMN_1792455	3130220
ILMN_1655876	2000431
ILMN_2042941	7560575
ILMN_1704024	1770747
ILMN_1708900	4540703
ILMN_1807580	4280762
ILMN_1751901	1980639
ILMN_2208373	4610598
ILMN_1773935	460672
ILMN_1702973	240523
ILMN_1742813	3850224
ILMN_3251560	3870008
ILMN_1795893	3130241
ILMN_1758679	7650468
ILMN_1813796	670189
ILMN_1717909	6400274
ILMN_2091310	6420025
ILMN_1699121	50176
ILMN_2049672	4900768
ILMN_1745134	1240609
ILMN_1748874	1400040
ILMN_2210386	4670577
ILMN_1783583	5900750
ILMN_2212590	6370019
ILMN_3236428	4780491
ILMN_1728009	5560408
ILMN_2145116	3460008
ILMN_1776263	6350719
ILMN_1654629	1090564
ILMN_1791511	5720682
ILMN_2085012	6620681
ILMN_1756402	3930278
ILMN_2104295	6520064
ILMN_1678403	6980689
ILMN_1810092	7380292
ILMN_3241979	50450
ILMN_1772700	160541
ILMN_2123871	4610646
ILMN_1808566	3870193
ILMN_1710078	5670181
ILMN_1806801	6200097
ILMN_1752589	940754
ILMN_3251388	6840685
ILMN_2172269	5720364
ILMN_1815937	940674
ILMN_1747460	7610369
ILMN_3237779	2650746
ILMN_2140389	4640196
ILMN_1738276	6980400
ILMN_2231020	3850722
ILMN_2231021	6960544
ILMN_2230998	6580301
ILMN_3242211	6660307
ILMN_1653134	5340148
ILMN_2162989	4050072
ILMN_1789732	7100671
ILMN_1749212	840241
ILMN_1677446	2320041
ILMN_2368713	4390220
ILMN_3251207	110196
ILMN_1693333	4040678
ILMN_1815773	6200537
ILMN_3228529	1340477
ILMN_1682894	3360762
ILMN_1651660	4040288
ILMN_1794989	4670091
ILMN_1687266	6270630
ILMN_3304906	1110278
ILMN_3228301	2750241
ILMN_1780618	3850392
ILMN_2131336	1110494
ILMN_3306440	870767
ILMN_3228822	4610066
ILMN_3244954	3520201
ILMN_1812678	70279
ILMN_2125084	4860008
ILMN_1688637	6110259
ILMN_1748481	2190056
ILMN_1784661	3360112
ILMN_1690464	3460551
ILMN_1725387	4780523
ILMN_1682231	1940731
ILMN_2236726	2260164
ILMN_1710536	4760689
ILMN_1749376	360240
ILMN_1738420	1850136
ILMN_1788349	2750142
ILMN_2245523	5340707
ILMN_2073010	1090414
ILMN_2073012	5910338
ILMN_3241657	2850600
ILMN_1730734	7210528
ILMN_3247821	380356
ILMN_1704022	2760639
ILMN_3239055	4120066
ILMN_1748926	1440343
ILMN_1676257	6180750
ILMN_1739126	2710026
ILMN_3297644	1820048
ILMN_3245370	3130762
ILMN_1732577	520376
ILMN_3237381	3940128
ILMN_1756238	5340161
ILMN_1651535	6040553
ILMN_2395856	4050463
ILMN_1815412	5720670
ILMN_1737644	2490202
ILMN_1728202	4860368
ILMN_2105549	60598
ILMN_1793632	6980039
ILMN_1749516	2650743
ILMN_3234828	2190612
ILMN_2394523	7050014
ILMN_3230546	1030592
ILMN_3242676	3830687
ILMN_1651745	5820008
ILMN_1809639	4890600
ILMN_1772894	1820184
ILMN_1735680	1240039
ILMN_1752935	670754
ILMN_1710312	7000739
ILMN_1760620	6650382
ILMN_1714717	6200592
ILMN_2227266	1470273
ILMN_1670672	6330112
ILMN_1765584	770026
ILMN_2093980	610315
ILMN_1669940	7550243
ILMN_1770373	3460575
ILMN_2212714	1570066
ILMN_2123402	1510564
ILMN_2149292	4830349
ILMN_1685602	2100709
ILMN_1678004	1230546
ILMN_1760245	1410736
ILMN_1698605	2510392
ILMN_1688848	2350279
ILMN_2388070	6380731
ILMN_1770922	4610341
ILMN_2148913	6280520
ILMN_1771120	430541
ILMN_2129234	2570730
ILMN_1749930	4200601
ILMN_1692754	6280672
ILMN_1689704	5690358
ILMN_1745368	540193
ILMN_2047599	3460307
ILMN_1757391	4480647
ILMN_1674985	380102
ILMN_1668246	4810255
ILMN_1688041	580064
ILMN_2059689	4890563
ILMN_1752117	5960653
ILMN_1770742	5220152
ILMN_1782429	540647
ILMN_1718831	4220520
ILMN_1792508	10725
ILMN_3245912	5890082
ILMN_1752213	4480368
ILMN_1667115	670707
ILMN_1745807	5050735
ILMN_1719649	1740020
ILMN_1728349	4180521
ILMN_1792094	5690364
ILMN_1682113	4070047
ILMN_2150402	6270600
ILMN_2068122	50037
ILMN_1780141	6280270
ILMN_2054053	1510373
ILMN_1705049	4250079
ILMN_1702244	6060368
ILMN_1681972	1230397
ILMN_3251312	3870551
ILMN_1739032	3780161
ILMN_2373010	5690725
ILMN_1674402	1710541
ILMN_3236900	3520546
ILMN_2066534	3310767
ILMN_2224765	2900279
ILMN_1752998	1070494
ILMN_1808634	1440142
ILMN_2090802	520195
ILMN_1741371	270129
ILMN_1708482	380068
ILMN_1689868	1580707
ILMN_1686827	4900136
ILMN_1706718	6960307
ILMN_1725971	2450022
ILMN_1703648	5360102
ILMN_3307002	4200138
ILMN_1770978	4920100
ILMN_1665876	1500215
ILMN_1798874	5220187
ILMN_1797021	6350561
ILMN_2049417	3290161
ILMN_1716816	7150196
ILMN_1679693	580468
ILMN_1757129	540288
ILMN_1694339	6560661
ILMN_2318459	4180601
ILMN_1686748	1010110
ILMN_3238323	6650669
ILMN_2206474	1980326
ILMN_2211065	3990259
ILMN_2092223	5130730
ILMN_2405592	1500041
ILMN_1794560	3140768
ILMN_1758674	3990600
ILMN_1766422	1170750
ILMN_1710962	3420541
ILMN_1753890	3890561
ILMN_1779182	5390333
ILMN_1652456	6040600
ILMN_1758173	3310471
ILMN_1899936	4760592
ILMN_2100815	7550608
ILMN_1661142	2970609
ILMN_1862302	7330040
ILMN_1726745	5390692
ILMN_1771467	2680672
ILMN_2160577	6400475
ILMN_1683575	5260494
ILMN_1677228	5890168
ILMN_1707002	7040348
ILMN_1736911	3140520
ILMN_3250273	110504
ILMN_1652780	830400
ILMN_3251132	6420477
ILMN_1809484	2140326
ILMN_1687865	5260326
ILMN_1794163	6450739
ILMN_1677747	1990204
ILMN_1768816	3400630
ILMN_1795340	6330192
ILMN_1712162	3120605
ILMN_1748675	6480292
ILMN_1746928	2320168
ILMN_1740007	5270170
ILMN_3235723	3170129
ILMN_1742586	1050433
ILMN_2203147	4290504
ILMN_2203149	6860139
ILMN_1671154	3460440
ILMN_1791123	130324
ILMN_1675677	540148
ILMN_1680735	940484
ILMN_2358474	2480095
ILMN_1700475	6480408
ILMN_1741768	6980470
ILMN_1706021	5960091
ILMN_1687358	7320753
ILMN_1739214	2490465
ILMN_1725014	2000129
ILMN_2041648	290520
ILMN_1747932	2320176
ILMN_1770387	3800132
ILMN_1812392	7650142
ILMN_1681737	1740291
ILMN_2222688	780722
ILMN_1683271	7050669
ILMN_1776195	1230341
ILMN_3240316	3890025
ILMN_1699251	60347
ILMN_1811426	5310280
ILMN_1805645	3120184
ILMN_1732566	20273
ILMN_2119555	7000286
ILMN_2344182	1780133
ILMN_2259223	2510390
ILMN_1762095	2850382
ILMN_1666050	1780554
ILMN_1657864	3710653
ILMN_1698427	4200270
ILMN_2311779	4280661
ILMN_3251293	2630349
ILMN_1691181	4880324
ILMN_2047206	1820187
ILMN_1702759	2850259
ILMN_2204754	6660356
ILMN_1719759	1470669
ILMN_2145670	6940102
ILMN_1675354	6200193
ILMN_1728106	2640301
ILMN_1655429	1690681
ILMN_1727689	2100400
ILMN_1702691	3360681
ILMN_1785732	2140242
ILMN_2123217	4060047
ILMN_2414325	4200196
ILMN_1749375	6650148
ILMN_1684346	6200187
ILMN_1744113	5050370
ILMN_1682099	5820474
ILMN_1721316	1050762
ILMN_2331010	1710014
ILMN_1812915	2360095
ILMN_1699265	2600463
ILMN_1672114	2260746
ILMN_1666022	830113
ILMN_1698952	1510240
ILMN_1676663	2370132
ILMN_1689004	6510377
ILMN_1759075	620484
ILMN_1731742	2340753
ILMN_1697409	6520725
ILMN_1768016	1240554
ILMN_2349633	520066
ILMN_1743100	840386
ILMN_1783244	2100477
ILMN_1704154	2360672
ILMN_2379823	5860088
ILMN_1714757	6770095
ILMN_1685005	4670750
ILMN_1764788	2490537
ILMN_1699695	3780092
ILMN_2299661	2230097
ILMN_1765109	3990224
ILMN_2112256	650328
ILMN_1710204	5290040
ILMN_2331232	2190255
ILMN_1661825	2640392
ILMN_2331231	5910767
ILMN_1770711	2120035
ILMN_1659257	4850253
ILMN_1813379	5670440
ILMN_1801307	870202
ILMN_1695900	2030215
ILMN_1673175	4250762
ILMN_1658713	6380242
ILMN_1683700	1090747
ILMN_1680003	1300332
ILMN_1670188	1990349
ILMN_2399190	360086
ILMN_1784264	2140040
ILMN_1758418	4900435
ILMN_2066858	6840020
ILMN_1655414	610113
ILMN_1661343	770592
ILMN_2363392	1170673
ILMN_1759501	290561
ILMN_2106380	3370128
ILMN_1738335	5720356
ILMN_1746175	2710349
ILMN_2089875	5690398
ILMN_1761778	1240209
ILMN_1751464	5420441
ILMN_1687442	3800376
ILMN_1703650	2680100
ILMN_2168933	6250129
ILMN_1707591	4830471
ILMN_1724096	1050719
ILMN_1669703	1850482
ILMN_1747358	7000196
ILMN_1754708	7050164
ILMN_1657891	7050072
ILMN_1690826	3360022
ILMN_1763269	1770605
ILMN_1763587	290445
ILMN_1753789	2750242
ILMN_1809842	2850768
ILMN_1693428	5720630
ILMN_1690050	4200088
ILMN_2169261	6100484
ILMN_1768637	2030465
ILMN_1799141	830221
ILMN_2115991	2350379
ILMN_2341132	2000341
ILMN_1664071	4010039
ILMN_2334080	670240
ILMN_1720231	4150379
ILMN_2150797	5490427
ILMN_1795250	1190349
ILMN_1837935	2470020
ILMN_1763627	2510014
ILMN_1699820	3940092
ILMN_1786347	5080482
ILMN_1656066	2450382
ILMN_1683811	3360241
ILMN_1806492	4180070
ILMN_1750718	7550224
ILMN_1678329	2190367
ILMN_1766975	2630162
ILMN_1681234	580368
ILMN_1739573	130386
ILMN_1714622	1780563
ILMN_1752409	6220243
ILMN_1726786	2760768
ILMN_1771201	3180368
ILMN_1725739	6110692
ILMN_2094424	770301
ILMN_1746871	3310494
ILMN_1732808	3170678
ILMN_1807919	6250110
ILMN_1667893	5560561
ILMN_1716370	4150358
ILMN_2115350	3780349
ILMN_1684614	2570167
ILMN_1708615	4070360
ILMN_1672004	4390300
ILMN_1748884	1400491
ILMN_1660938	630673
ILMN_1765523	6650612
ILMN_2082314	2360706
ILMN_1813148	2710711
ILMN_1802642	5720112
ILMN_1686261	2480687
ILMN_1711109	3520730
ILMN_1655068	7380059
ILMN_1679796	3460121
ILMN_3251472	6290681
ILMN_3245697	4610242
ILMN_1714623	4880689
ILMN_1721128	1190445
ILMN_1683475	1740494
ILMN_2065606	4260152
ILMN_1711526	5490239
ILMN_1808661	5310241
ILMN_3235113	2070564
ILMN_1674069	4880129
ILMN_2087060	6940377
ILMN_1746426	1400435
ILMN_3298348	6980070
ILMN_2192316	1570537
ILMN_1763419	7000025
ILMN_2405628	4220239
ILMN_2293374	5870390
ILMN_1683740	6130338
ILMN_1796508	7610671
ILMN_1802922	4070519
ILMN_2086952	6620438
ILMN_2043109	2230279
ILMN_1686097	3990619
ILMN_1777663	3890255
ILMN_2072973	3890553
ILMN_1700487	7560014
ILMN_1765021	4900386
ILMN_1684929	870601
ILMN_1749218	4810440
ILMN_2122669	5670544
ILMN_1805812	4890500
ILMN_1729318	20403
ILMN_2141941	6290524
ILMN_2113938	510280
ILMN_1758057	4900095
ILMN_1724333	6180056
ILMN_2177832	4760164
ILMN_1768181	430411
ILMN_1788886	7550451
ILMN_3298423	1010736
ILMN_3230215	1580279
ILMN_2413833	3520431
ILMN_1743131	6770082
ILMN_1779356	4180500
ILMN_1704576	1660291
ILMN_2099745	3710543
ILMN_1658469	3850026
ILMN_1664440	610475
ILMN_1779706	150095
ILMN_2270299	5570201
ILMN_1715669	240608
ILMN_2412624	6350376
ILMN_1666178	1010647
ILMN_2358919	1260020
ILMN_1651967	4640341
ILMN_2214197	5420538
ILMN_1714108	6660630
ILMN_1686906	5360392
ILMN_1764851	2320037
ILMN_3236112	1510367
ILMN_1699389	110113
ILMN_1663932	5720338
ILMN_2159152	6060376
ILMN_1722091	2470315
ILMN_3305055	1770156
ILMN_3224962	5700152
ILMN_1778188	6110041
ILMN_2138801	6060131
ILMN_3247223	1940278
ILMN_1737805	1070097
ILMN_1726873	5890487
ILMN_1693367	1940541
ILMN_2381064	2570161
ILMN_1681646	4490543
ILMN_1714383	2650553
ILMN_1670719	5420035
ILMN_2337923	7150349
ILMN_2323633	5080577
ILMN_1699570	6270241
ILMN_1738395	6650370
ILMN_1696867	6840288
ILMN_1673190	7200767
ILMN_1679115	1820356
ILMN_1734352	4260341
ILMN_1707627	1940360
ILMN_2181191	3310477
ILMN_1804629	1050079
ILMN_2367063	4250609
ILMN_1716687	610519
ILMN_1685339	1010482
ILMN_2278152	2140653
ILMN_2360710	5560246
ILMN_1789196	160370
ILMN_1789624	1230451
ILMN_1757604	3390128
ILMN_1697567	3400692
ILMN_2353754	5290386
ILMN_1747696	6280091
ILMN_2140974	5910524
ILMN_1653180	6860441
ILMN_1740185	840014
ILMN_2357155	270253
ILMN_2355423	990441
ILMN_1729234	670113
ILMN_1667657	4050451
ILMN_2128358	7200279
ILMN_1718687	5390541
ILMN_2196409	5130754
ILMN_1695036	1660253
ILMN_1797744	6770762
ILMN_1780349	6400288
ILMN_1730999	6770014
ILMN_1790350	6860632
ILMN_1727479	4260722
ILMN_2118910	5130482
ILMN_1690307	6510044
ILMN_1736536	1170202
ILMN_2120636	2690347
ILMN_2120631	7550731
ILMN_1676256	5810386
ILMN_2169801	6450551
ILMN_3243238	1300520
ILMN_1808512	5690717
ILMN_1769219	4590025
ILMN_1651950	4760747
ILMN_1695432	2630017
ILMN_2329679	5690347
ILMN_2094718	20056
ILMN_1789614	2360594
ILMN_2329483	5340398
ILMN_1677061	7100707
ILMN_1654031	2810725
ILMN_1785010	5560468
ILMN_2364369	6650474
ILMN_1796949	6290358
ILMN_1690894	4590551
ILMN_1731043	3610619
ILMN_1755737	270736
ILMN_1793831	20347
ILMN_1765851	2650706
ILMN_1806800	7000504
ILMN_2171789	110021
ILMN_1698218	4570768
ILMN_1691487	2470465
ILMN_2383774	4010487
ILMN_1806728	510528
ILMN_2067032	2970348
ILMN_1694061	4060279
ILMN_1663381	6940435
ILMN_1701514	7510719
ILMN_1780397	3450154
ILMN_1763104	2650477
ILMN_1745976	3610301
ILMN_2255811	2630671
ILMN_2338116	3780228
ILMN_1699447	4830324
ILMN_1677104	7000537
ILMN_1740493	7610598
ILMN_1700353	2570102
ILMN_1783910	3370523
ILMN_2392143	6330026
ILMN_2405991	2350706
ILMN_1654408	3990408
ILMN_1758250	1570129
ILMN_1715540	7380347
ILMN_1782069	3140092
ILMN_2289924	4570707
ILMN_2399174	6270347
ILMN_1781691	110075
ILMN_1737146	110167
ILMN_1674855	4900220
ILMN_1788783	940670
ILMN_1699737	4670092
ILMN_1716913	3420671
ILMN_3240736	5270392
ILMN_1705218	1030168
ILMN_1673275	6060148
ILMN_2408440	6760053
ILMN_1747058	1450082
ILMN_2211122	4590121
ILMN_1751627	1740674
ILMN_1814650	1230639
ILMN_2372639	7610593
ILMN_1775703	6860072
ILMN_1666007	990594
ILMN_2272967	2190022
ILMN_2369104	2680288
ILMN_1711368	5890072
ILMN_1684943	270338
ILMN_2124833	4760273
ILMN_1688104	2000603
ILMN_2404112	6840121
ILMN_1693674	3370315
ILMN_1661003	5820086
ILMN_1688231	3310091
ILMN_1701248	6370576
ILMN_1690783	2070369
ILMN_1740864	7380180
ILMN_2074894	770091
ILMN_1798103	650279
ILMN_1738220	2470131
ILMN_1802904	4560438
ILMN_2205322	1690670
ILMN_1792076	2570661
ILMN_1666556	6110132
ILMN_1690891	7320100
ILMN_1770955	3140338
ILMN_1676997	7550376
ILMN_1680892	2030019
ILMN_1694817	160382
ILMN_1797063	1660523
ILMN_1719393	60736
ILMN_2062832	3190709
ILMN_1774083	2600184
ILMN_1803811	4810520
ILMN_1714700	2570328
ILMN_1787815	1990630
ILMN_1778755	5690239
ILMN_1746788	1990110
ILMN_1694208	2510762
ILMN_1680993	3140546
ILMN_2329290	7400451
ILMN_1718619	3840356
ILMN_2262275	1170523
ILMN_2350114	1190497
ILMN_2350122	1410600
ILMN_1811277	2070142
ILMN_1677542	150484
ILMN_2383290	1300040
ILMN_1772689	4120673
ILMN_1713542	4250056
ILMN_1754476	2060577
ILMN_1660904	5860470
ILMN_2361991	6660452
ILMN_2339234	1740193
ILMN_1661220	2370241
ILMN_1680487	3180709
ILMN_1740042	3800196
ILMN_2193443	6510373
ILMN_1698237	770056
ILMN_2331729	6350682
ILMN_1745079	7150240
ILMN_1678054	6560075
ILMN_1779252	5960747
ILMN_1752741	1440543
ILMN_2327775	6520612
ILMN_2327780	7200129
ILMN_2405031	3800097
ILMN_1711247	5810561
ILMN_1799642	6510196
ILMN_1813625	5260612
ILMN_1738704	6020463
ILMN_1655482	1990441
ILMN_1736575	3890600
ILMN_1657766	780750
ILMN_1741755	2370747
ILMN_1688276	3370050
ILMN_1810441	5390041
ILMN_1685430	7160047
ILMN_2362477	1440706
ILMN_1748685	1850674
ILMN_1654737	5670088
ILMN_2351930	990356
ILMN_1682316	2450446
ILMN_1738672	3890746
ILMN_2255142	2350414
ILMN_1715305	2450300
ILMN_2336902	3610653
ILMN_1657709	4570743
ILMN_1740389	1780056
ILMN_1671765	2760634
ILMN_1668453	1660070
ILMN_1724350	1690402
ILMN_2361737	5220746
ILMN_1674580	6650326
ILMN_1671513	830291
ILMN_1711327	4640348
ILMN_1704383	4730564
ILMN_1697971	3930377
ILMN_1730497	160240
ILMN_1736562	6040703
ILMN_2413517	7510273
ILMN_2323385	2810674
ILMN_1792265	4390470
ILMN_1653591	1190408
ILMN_1729495	540239
ILMN_1813027	4070397
ILMN_1718142	150367
ILMN_1784230	1690424
ILMN_1796063	1300239
ILMN_1684352	6290431
ILMN_1770865	4850593
ILMN_1712708	840528
ILMN_1762021	5290056
ILMN_2125451	450068
ILMN_3251638	5720202
ILMN_1704972	1660010
ILMN_1737599	3710152
ILMN_2404665	5910064
ILMN_1719404	940358
ILMN_1700408	7200017
ILMN_1754130	6130044
ILMN_3231127	460343
ILMN_3234441	2120397
ILMN_3229749	3520669
ILMN_1717915	3460068
ILMN_2412046	3850239
ILMN_1714987	6040255
ILMN_1702712	60743
ILMN_1672479	130474
ILMN_2347622	3800500
ILMN_1666376	2510239
ILMN_1705458	5890138
ILMN_1784799	7330201
ILMN_1654786	1660379
ILMN_1656910	6040653
ILMN_2094631	6060762
ILMN_2094630	6420367
ILMN_1706265	4050259
ILMN_1666852	6900553
ILMN_1702489	3890288
ILMN_1768365	2070068
ILMN_1764165	5310390
ILMN_3235584	3840110
ILMN_1667915	3610424
ILMN_1694174	2370328
ILMN_1813430	1030379
ILMN_2381834	1470025
ILMN_1775537	4540095
ILMN_1791099	3890538
ILMN_1683974	4070670
ILMN_1727364	580746
ILMN_1692247	2640053
ILMN_1756657	6330397
ILMN_2225061	3120088
ILMN_1714774	4230458
ILMN_1720717	4640598
ILMN_1790253	4780577
ILMN_1668644	5360097
ILMN_1667416	7000661
ILMN_2172547	6620255
ILMN_1799698	5050474
ILMN_1797359	150240
ILMN_3251308	5870139
ILMN_1746704	940435
ILMN_1786697	460121
ILMN_1763433	2120112
ILMN_1719254	2320398
ILMN_1709877	6760332
ILMN_1666893	510577
ILMN_1805792	5340576
ILMN_1753413	2900246
ILMN_2370588	5220019
ILMN_1735788	5570110
ILMN_2161746	430431
ILMN_1658144	2760136
ILMN_1720241	6590441
ILMN_1796589	5700373
ILMN_1661173	3310332
ILMN_1713990	3130612
ILMN_1727692	7210092
ILMN_1776125	60397
ILMN_1812940	7650278
ILMN_1717854	2680521
ILMN_1761148	4070278
ILMN_1805481	6650176
ILMN_1690802	5420398
ILMN_1809944	2510707
ILMN_1671913	1300402
ILMN_1688728	6220170
ILMN_2310075	7150291
ILMN_2041971	2750059
ILMN_1779663	6350736
ILMN_2167922	5960253
ILMN_1673872	6420673
ILMN_1765085	4060280
ILMN_1675577	4150484
ILMN_1733703	3420097
ILMN_1732722	10626
ILMN_2365410	2060180
ILMN_1695946	7150292
ILMN_1655052	460477
ILMN_1655924	4810326
ILMN_1764098	7210121
ILMN_2295518	1500301
ILMN_1691648	4280474
ILMN_2409642	5260561
ILMN_1700337	4760646
ILMN_2241775	360259
ILMN_1738909	3610470
ILMN_2272074	4220278
ILMN_2311518	4810390
ILMN_1656371	4780167
ILMN_1674380	4180008
ILMN_1661657	4230746
ILMN_2127007	4610008
ILMN_2094377	2450239
ILMN_1782295	10367
ILMN_2402805	3440017
ILMN_2402806	7550563
ILMN_1772242	6620343
ILMN_1656410	4670471
ILMN_1683909	4900594
ILMN_1791653	6450398
ILMN_2352380	5700068
ILMN_1743987	7320497
ILMN_2302983	70291
ILMN_1740622	4010402
ILMN_1815938	6560372
ILMN_1679401	870437
ILMN_1706805	7150561
ILMN_1814296	4010564
ILMN_1667047	4280452
ILMN_1661637	4640372
ILMN_2099315	4900424
ILMN_1814557	6450484
ILMN_1652397	830376
ILMN_2364674	940669
ILMN_1813568	1440470
ILMN_1724234	1470711
ILMN_1671022	2570731
ILMN_1654261	5820593
ILMN_1651238	6480739
ILMN_2049536	4390301
ILMN_1802901	610253
ILMN_2297353	4760594
ILMN_2362346	5340615
ILMN_2176758	3400092
ILMN_1738674	7650717
ILMN_1674533	1110156
ILMN_2368188	3390402
ILMN_2272412	7570204
ILMN_1696160	730193
ILMN_1676402	2600458
ILMN_1660368	380369
ILMN_1744574	450341
ILMN_2116075	5690121
ILMN_1799067	610463
ILMN_2119584	5810010
ILMN_3247395	1260368
ILMN_1754871	2260398
ILMN_1797367	3290382
ILMN_2246510	4040373
ILMN_1758378	5720605
ILMN_1714216	450376
ILMN_1762631	3370497
ILMN_2412380	380689
ILMN_1787567	2450639
ILMN_1692177	5260754
ILMN_1711091	7320670
ILMN_2124187	2450082
ILMN_1685574	7100215
ILMN_2276952	770494
ILMN_2376403	6350446
ILMN_1748124	6350632
ILMN_1695382	6770703
ILMN_1781356	7570561
ILMN_1721636	6200240
ILMN_3301824	870195
ILMN_3225244	2970474
ILMN_1746393	6900176
ILMN_2368292	5820528
ILMN_1673111	5890497
ILMN_1657509	4890092
ILMN_2097954	3130102
ILMN_3246534	2760056
ILMN_1747146	5090273
ILMN_1674967	1500025
ILMN_1674645	3940538
ILMN_1680430	5820079
ILMN_1765427	2970553
ILMN_1758790	510424
ILMN_1797209	2600647
ILMN_2223805	6280609
ILMN_1652578	2710110
ILMN_1661143	430300
ILMN_1746712	3520563
ILMN_2314121	4050022
ILMN_1660639	4220575
ILMN_1718907	1780300
ILMN_1655611	4890292
ILMN_1743933	5870424
ILMN_3245550	1010612
ILMN_1656291	5420504
ILMN_1801443	830201
ILMN_1801098	70053
ILMN_1662884	2850139
ILMN_1768913	6620554
ILMN_1781027	7510091
ILMN_1713668	2650014
ILMN_2211672	4250280
ILMN_1657194	2350221
ILMN_1806464	3850463
ILMN_1775615	460450
ILMN_1747546	2510358
ILMN_1656194	3310097
ILMN_1697810	3520228
ILMN_2341524	5050709
ILMN_1768115	2370671
ILMN_2194106	3830193
ILMN_2130525	3420452
ILMN_1669881	6660131
ILMN_1785060	6220278
ILMN_1803850	5080075
ILMN_1743465	6900070
ILMN_2374383	840403
ILMN_1777881	3710609
ILMN_2377708	1510086
ILMN_1699980	1820279
ILMN_1710899	6650520
ILMN_1746349	7100470
ILMN_1810093	2320575
ILMN_2186319	5390450
ILMN_1790549	4490615
ILMN_1655469	7510025
ILMN_1725079	5670577
ILMN_1718621	770575
ILMN_1760449	1850053
ILMN_2389970	6770008
ILMN_1749403	4250753
ILMN_1718607	110661
ILMN_2290522	380343
ILMN_2340027	540619
ILMN_1720908	6420747
ILMN_1799028	4900168
ILMN_2183856	240736
ILMN_1730998	2470255
ILMN_2120695	460010
ILMN_1809291	3840767
ILMN_1683263	4560543
ILMN_1729453	7570196
ILMN_2260991	1230019
ILMN_2349658	4220091
ILMN_1681679	6860753
ILMN_1716236	4250097
ILMN_2186846	4850424
ILMN_1693860	3420670
ILMN_2063254	3850326
ILMN_2197750	2060767
ILMN_1779014	3780689
ILMN_1775336	2690376
ILMN_2347298	4260477
ILMN_2260813	4540373
ILMN_1771155	5310047
ILMN_1657554	6650743
ILMN_1693635	7380730
ILMN_2231478	2450041
ILMN_1737360	3870400
ILMN_1740500	610521
ILMN_1737972	770132
ILMN_1701264	5390139
ILMN_2092232	7400544
ILMN_1775761	7550133
ILMN_1670948	6250390
ILMN_2129349	5700722
ILMN_1802753	160309
ILMN_1794666	2970095
ILMN_1738843	6370307
ILMN_1760369	2450010
ILMN_1723381	6840414
ILMN_1791637	990678
ILMN_1691572	2230288
ILMN_1697777	2350661
ILMN_3234456	3420445
ILMN_3197097	7100471
ILMN_1684520	5960632
ILMN_1763231	2710593
ILMN_1705834	1510164
ILMN_1743303	7210075
ILMN_2183784	1230450
ILMN_1778438	4230278
ILMN_1745573	4490014
ILMN_1668606	6040392
ILMN_1753064	6200215
ILMN_2390472	270403
ILMN_1696757	7000240
ILMN_1693317	6550025
ILMN_1737271	4120327
ILMN_1660810	1090204
ILMN_1784516	6760541
ILMN_2192385	7040168
ILMN_1715332	580240
ILMN_1710671	3290594
ILMN_2217955	6520482
ILMN_2122760	1050528
ILMN_2319234	4920538
ILMN_1690320	6620577
ILMN_2190126	50709
ILMN_1730963	5550156
ILMN_1710303	7550021
ILMN_1676555	1580400
ILMN_1757730	3290044
ILMN_1755487	6180634
ILMN_1832106	6280689
ILMN_1694979	2810228
ILMN_1728605	290343
ILMN_1761476	3440152
ILMN_1735822	2060246
ILMN_1668795	7000324
ILMN_1696375	5690156
ILMN_2083593	5420300
ILMN_2083588	5670114
ILMN_1807088	3290324
ILMN_3203551	5490600
ILMN_1777366	2230402
ILMN_2289623	2140600
ILMN_1795911	6660709
ILMN_2059886	6040017
ILMN_2297570	4920373
ILMN_1769290	2340477
ILMN_2071429	4120148
ILMN_1746720	3310142
ILMN_3310271	6400477
ILMN_1678140	3060347
ILMN_1706455	3440201
ILMN_1715505	870386
ILMN_1697160	2000021
ILMN_1718971	4290161
ILMN_1652309	840484
ILMN_2401927	2600692
ILMN_3243117	6480239
ILMN_1682123	2570390
ILMN_2183389	3400349
ILMN_1685676	3830682
ILMN_1713129	1340114
ILMN_2128133	4540332
ILMN_1810228	2190220
ILMN_1788166	5870725
ILMN_1764043	7320386
ILMN_1737073	460497
ILMN_1806415	1050521
ILMN_2372795	5290600
ILMN_1799329	3140161
ILMN_1784356	4070427
ILMN_1663113	1430053
ILMN_1738101	3360270
ILMN_1697086	6560524
ILMN_2201905	7150719
ILMN_1680899	380563
ILMN_1682818	870500
ILMN_1785535	1260487
ILMN_1746846	3890189
ILMN_1754655	5810347
ILMN_1788394	4290601
ILMN_1702821	2570307
ILMN_2323816	5900341
ILMN_1757411	1780608
ILMN_3307678	3120468
ILMN_1667504	610097
ILMN_1652056	1820674
ILMN_1653665	2190037
ILMN_1769416	3440685
ILMN_2415634	6280408
ILMN_2160750	1690133
ILMN_1741862	3060204
ILMN_2364131	1450452
ILMN_1744442	2370504
ILMN_2198912	2030709
ILMN_1785821	3190189
ILMN_2183216	3310161
ILMN_2204360	2710201
ILMN_2149793	360554
ILMN_2163538	50451
ILMN_2163540	1500037
ILMN_2098499	990048
ILMN_2080306	3840452
ILMN_2080309	6590634
ILMN_2143383	2030592
ILMN_2077896	1300044
ILMN_2145470	6180338
ILMN_2055391	1470612
ILMN_2055396	1500554
ILMN_1663406	2710092
ILMN_3245112	580370
ILMN_3244082	2710270
ILMN_2089365	50551
ILMN_1661523	1400139
ILMN_2099855	4290092
ILMN_2099858	7040653
ILMN_2048223	4900379
ILMN_2048228	5690646
ILMN_1716969	7550754
ILMN_1768489	7100196
ILMN_2224230	4010121
ILMN_2224231	7560072
ILMN_3249639	270494
ILMN_3236300	510411
ILMN_1669640	1010474
ILMN_3239945	3870341
ILMN_2066116	4490402
ILMN_3242632	4010682
ILMN_1689843	6620088
ILMN_2164482	2900528
ILMN_2164478	7380020
ILMN_2211959	3360497
ILMN_2211956	4390538
ILMN_1673390	1030202
ILMN_2177389	3450309
ILMN_1810319	3360152
ILMN_2224454	6330703
ILMN_1736175	2100754
ILMN_2087817	2630270
ILMN_3240008	7610500
ILMN_1796326	2340142
ILMN_2197608	3780678
ILMN_1758497	50719
ILMN_2351269	3170047
ILMN_1695829	1690053
ILMN_2288148	6510767
ILMN_2238132	6980647
ILMN_1692731	770754
ILMN_1779579	1940458
ILMN_1810227	3450170
ILMN_1755352	4560072
ILMN_1742981	4490577
ILMN_2148819	5340187
ILMN_1800261	6510176
ILMN_1742167	3830131
ILMN_3251341	6100673
ILMN_1679482	160348
ILMN_2215639	1240703
ILMN_2215640	3930132
ILMN_1652464	6650041
ILMN_1677635	3450689
ILMN_1784300	4760474
ILMN_1793659	3360575
ILMN_1670385	5670202
ILMN_1665583	3610259
ILMN_2101885	6580474
ILMN_1710280	1050347
ILMN_2038775	450292
ILMN_1680874	7050543
ILMN_1780769	2070368
ILMN_1791726	4050040
ILMN_1682459	3140328
ILMN_1750100	1990327
ILMN_1702636	520255
ILMN_1699489	1570092
ILMN_2178994	6200324
ILMN_1749253	5270239
ILMN_2134888	6370674
ILMN_1764398	6380673
ILMN_1663607	450601
ILMN_1698646	1230161
ILMN_1728024	5390189
ILMN_1695731	5670180
ILMN_2367743	5860411
ILMN_1701052	3520128
ILMN_1775074	2630356
ILMN_1696110	3830730
ILMN_1792173	240242
ILMN_1803045	430315
ILMN_2412571	2030307
ILMN_1766803	2970402
ILMN_1770203	5130630
ILMN_1738369	6370097
ILMN_1781374	5220035
ILMN_1682783	5420427
ILMN_2163547	4480044
ILMN_2091221	3290167
ILMN_1719199	6840014
ILMN_2337740	150669
ILMN_1720965	4200440
ILMN_2255605	5050646
ILMN_1707350	2450338
ILMN_1804329	4810072
ILMN_1774689	2480400
ILMN_2354547	3190474
ILMN_2191568	5960722
ILMN_1776852	1260592
ILMN_1786108	3930113
ILMN_1682675	1430168
ILMN_1681203	4830273
ILMN_1703305	5340132
ILMN_1672908	4490673
ILMN_1721383	1110132
ILMN_1677429	2260242
ILMN_1742730	7210142
ILMN_1781121	5570343
ILMN_2214144	940041
ILMN_1726967	4010451
ILMN_1741143	1190138
ILMN_1737084	6840241
ILMN_2107482	6280014
ILMN_2038776	3940446
ILMN_1680314	4290543
ILMN_1654457	5290332
ILMN_1771862	10746
ILMN_1783753	7160274
ILMN_1799367	610762
ILMN_1662848	4150215
ILMN_1709740	7100592
ILMN_1659437	5560594
ILMN_1669460	940563
ILMN_1658537	1050280
ILMN_1653607	4830440
ILMN_1691334	6480403
ILMN_2292517	4150731
ILMN_2403965	4850398
ILMN_1788108	5050053
ILMN_1769082	7330341
ILMN_1686434	2230315
ILMN_1707461	730189
ILMN_1731137	4290521
ILMN_1697448	1240440
ILMN_1756860	940386
ILMN_1758084	1300471
ILMN_2056479	4230189
ILMN_1790218	4730014
ILMN_1748488	5220731
ILMN_1717056	730286
ILMN_2324421	2320133
ILMN_1657893	2230397
ILMN_1653904	4860767
ILMN_1669083	5290398
ILMN_2188155	4150056
ILMN_1678310	7570400
ILMN_1676955	6900424
ILMN_3223126	20452
ILMN_3297126	3130307
ILMN_1806040	5910364
ILMN_1788774	5260253
ILMN_1740169	5820193
ILMN_2108808	4570278
ILMN_1778977	2370358
ILMN_2054652	6040731
ILMN_1775677	1940288
ILMN_2248725	3840707
ILMN_2325185	7150386
ILMN_1736135	6550553
ILMN_3298694	1710402
ILMN_1726842	4010343
ILMN_2395285	2510692
ILMN_1772113	1450102
ILMN_2362368	3930241
ILMN_1773868	5260692
ILMN_1779177	4050059
ILMN_2386269	5570546
ILMN_1768930	1690114
ILMN_2385173	2360768
ILMN_3239331	1170768
ILMN_1703273	1690411
ILMN_1681497	1980630
ILMN_1758209	4050670
ILMN_1742461	3460187
ILMN_1653712	6100609
ILMN_3297945	6860500
ILMN_1742872	4290632
ILMN_2324157	1510327
ILMN_3305339	3930093
ILMN_1782977	4220519
ILMN_2368576	6550358
ILMN_1675085	2070019
ILMN_1794612	2850202
ILMN_1807044	2850112
ILMN_1713993	6580521
ILMN_1807596	6760543
ILMN_1716157	5490097
ILMN_1814789	7610152
ILMN_2338348	3830220
ILMN_1684450	5560014
ILMN_3249435	6840678
ILMN_2191428	4860286
ILMN_1762436	6590463
ILMN_2038773	1430239
ILMN_2331501	3060300
ILMN_2252160	6020195
ILMN_1678841	6420605
ILMN_1683609	150288
ILMN_1720764	2850612
ILMN_1689142	2760553
ILMN_2408450	110059
ILMN_1697211	5720468
ILMN_1674703	6580653
ILMN_1681603	3870221
ILMN_2307455	6960440
ILMN_1663099	6960619
ILMN_2301083	4260368
ILMN_1714730	5310471
ILMN_2265654	6900368
ILMN_1742958	7380762
ILMN_1719103	4570372
ILMN_2127624	5860400
ILMN_1787988	2680373
ILMN_1699503	4760047
ILMN_1725644	5260593
ILMN_1677756	6900746
ILMN_2241679	770609
ILMN_2320853	1570458
ILMN_2320850	3460148
ILMN_2292963	6370040
ILMN_1707084	5260632
ILMN_3239223	1470703
ILMN_1806778	2060465
ILMN_2371685	4050070
ILMN_1707475	5270021
ILMN_1733142	1780433
ILMN_1669553	2640360
ILMN_1809652	4610544
ILMN_1661699	4860647
ILMN_1765714	5310093
ILMN_2390338	5340048
ILMN_1708463	6350296
ILMN_2164242	20491
ILMN_1719039	150630
ILMN_1814465	3180181
ILMN_1785179	2750750
ILMN_2297824	6220168
ILMN_1674633	4900746
ILMN_1757644	6020736
ILMN_1810474	2030730
ILMN_1725529	2370068
ILMN_1662934	2570546
ILMN_1664542	3190445
ILMN_1713759	5080020
ILMN_1772712	1410392
ILMN_2387990	2480114
ILMN_1693991	2570066
ILMN_1671362	2630291
ILMN_3297392	6220021
ILMN_1677877	1230242
ILMN_1796830	7560661
ILMN_2252495	1570494
ILMN_1769520	2070170
ILMN_1703108	7000368
ILMN_1701331	6180619
ILMN_1695790	1170468
ILMN_1662879	2470564
ILMN_2161015	6330386
ILMN_1793651	270156
ILMN_1772925	2030195
ILMN_1746579	4880376
ILMN_1776325	6330754
ILMN_1683817	830369
ILMN_3235825	5570367
ILMN_1675721	5270291
ILMN_2217289	6620634
ILMN_1711470	2480722
ILMN_1725870	2690537
ILMN_1726107	520215
ILMN_1665862	1190762
ILMN_2400206	3060332
ILMN_2318869	4390400
ILMN_2076567	60180
ILMN_1770515	5340050
ILMN_1717420	3360546
ILMN_2376142	3840369
ILMN_1783771	650372
ILMN_1658874	4780592
ILMN_1692168	4860458
ILMN_1743086	6020022
ILMN_1764549	1990307
ILMN_2391141	2360379
ILMN_1654323	5560059
ILMN_1752027	5420025
ILMN_2181363	1690709
ILMN_1704342	6560750
ILMN_1739259	520706
ILMN_1675674	2140563
ILMN_1700811	1090347
ILMN_1651872	110121
ILMN_1810729	6620538
ILMN_1742147	5700324
ILMN_1806394	4200091
ILMN_1678814	1440551
ILMN_2340065	6420541
ILMN_1653646	1240307
ILMN_1733991	7560093
ILMN_2202481	10278
ILMN_2290089	3710041
ILMN_2399503	7160433
ILMN_3248928	2340653
ILMN_1685855	4010494
ILMN_1652872	5340288
ILMN_1774784	7400086
ILMN_1784410	5870600
ILMN_1798380	4230484
ILMN_2351611	4880703
ILMN_1688622	7160674
ILMN_1680770	5560482
ILMN_1796639	6840079
ILMN_1789349	3610487
ILMN_1748907	840360
ILMN_1795964	4810370
ILMN_1663489	1990725
ILMN_3242176	940445
ILMN_1699226	5860037
ILMN_2204726	1340544
ILMN_1741253	1850437
ILMN_1758293	3290209
ILMN_1667839	6100576
ILMN_1726594	6400215
ILMN_1794914	6770097
ILMN_3251686	2360274
ILMN_1747046	4260519
ILMN_1731412	4760458
ILMN_2394264	1090035
ILMN_2287147	5490187
ILMN_1806946	5670296
ILMN_2292334	7150079
ILMN_3248990	6980672
ILMN_3240182	2120400
ILMN_1733116	2030328
ILMN_1812769	6290068
ILMN_1726798	5960228
ILMN_2276987	360528
ILMN_2277121	2030367
ILMN_1660043	3370022
ILMN_2376416	6020246
ILMN_1771390	7610594
ILMN_1776038	7160382
ILMN_3236556	4780731
ILMN_1781097	1450537
ILMN_1658624	2120689
ILMN_1743594	5560088
ILMN_1731891	2350594
ILMN_3248521	3390521
ILMN_3239254	4250367
ILMN_1757387	4640500
ILMN_1660111	7160180
ILMN_1731612	2750746
ILMN_2371700	1090370
ILMN_1694890	6350750
ILMN_1719785	2510070
ILMN_1768662	620725
ILMN_2050255	3930086
ILMN_3300568	1710564
ILMN_1773497	6450072
ILMN_1707258	5290451
ILMN_2084073	6590025
ILMN_1652413	4220437
ILMN_1750469	3180414
ILMN_1677617	4390348
ILMN_1685625	6580059
ILMN_1733554	620372
ILMN_1750521	2570504
ILMN_1755992	5910239
ILMN_1781986	6130332
ILMN_2366714	6380563
ILMN_2366710	7550768
ILMN_1711452	2070332
ILMN_2408968	6650592
ILMN_2110281	4780136
ILMN_1665737	730100
ILMN_2367458	1260475
ILMN_1757646	4280133
ILMN_2113074	4540356
ILMN_1771601	4850487
ILMN_1756311	4250288
ILMN_1736939	3800647
ILMN_1661966	460093
ILMN_1755462	3170592
ILMN_2360291	7650725
ILMN_1788387	4010187
ILMN_1729563	4780050
ILMN_2389155	150706
ILMN_2284181	1010500
ILMN_1654340	2120520
ILMN_1671969	3840053
ILMN_2389151	3930035
ILMN_1744817	2630332
ILMN_1740233	1070088
ILMN_2206420	2940082
ILMN_1697967	4040674
ILMN_1707828	4490240
ILMN_1752813	3450735
ILMN_1758907	5670328
ILMN_1706390	6370703
ILMN_1764607	1340408
ILMN_2061537	2070092
ILMN_1795872	1410465
ILMN_1828436	630630
ILMN_1721926	1070452
ILMN_3244688	4060309
ILMN_2121979	1050392
ILMN_1692861	7330521
ILMN_1742444	3890154
ILMN_2162819	70253
ILMN_1810233	5560170
ILMN_2048414	2810221
ILMN_1739624	5860433
ILMN_1752214	2350564
ILMN_1801263	2690725
ILMN_2373670	6290189
ILMN_1808677	6860392
ILMN_1781859	5870372
ILMN_1805003	2570209
ILMN_2206500	2570722
ILMN_1679194	1190064
ILMN_1755897	5420450
ILMN_1718833	6400221
ILMN_2133038	70100
ILMN_1655565	1190139
ILMN_1758816	1580196
ILMN_2190292	6130703
ILMN_2096012	2340682
ILMN_2401352	1510278
ILMN_1786065	2940110
ILMN_3242462	1240102
ILMN_1737705	5700719
ILMN_1651339	5720762
ILMN_1799601	7160653
ILMN_1691444	2970612
ILMN_1691188	4900079
ILMN_1738407	2970128
ILMN_3238676	4490356
ILMN_1769910	1770612
ILMN_1705144	770440
ILMN_1735052	1740373
ILMN_1744560	4150170
ILMN_1761288	4200554
ILMN_1715482	1030327
ILMN_1679495	4480132
ILMN_3236866	4610703
ILMN_2406151	5340632
ILMN_1740585	6770369
ILMN_2376529	1470414
ILMN_1665246	6860039
ILMN_1769316	7650064
ILMN_1757437	4180465
ILMN_1806052	1260546
ILMN_1664698	2940681
ILMN_3245351	1500576
ILMN_1722849	1450328
ILMN_2316148	5720195
ILMN_2244140	5860280
ILMN_1775403	7380403
ILMN_1669747	5820121
ILMN_2306661	1660152
ILMN_1678448	4920719
ILMN_1675086	5860181
ILMN_1773380	6250767
ILMN_2395932	3290431
ILMN_1709860	3460368
ILMN_1726434	6380241
ILMN_2288254	7040435
ILMN_1698739	130538
ILMN_2320672	5550079
ILMN_1766981	5390561
ILMN_1712913	1980634
ILMN_1692665	130576
ILMN_2176502	1300411
ILMN_1687875	520632
ILMN_1745491	3940068
ILMN_1703826	7320603
ILMN_1772316	4390113
ILMN_2099301	2640411
ILMN_1746652	1260746
ILMN_1654812	460243
ILMN_2193591	4780612
ILMN_2139167	3830609
ILMN_3251747	4060253
ILMN_1735719	1430253
ILMN_1683120	3610750
ILMN_1722769	5220053
ILMN_1723794	4810392
ILMN_2192469	5090187
ILMN_1674996	4070240
ILMN_2126408	6290097
ILMN_1692826	7570671
ILMN_1663815	3450491
ILMN_1674057	1070711
ILMN_1787555	5130598
ILMN_1687098	2650369
ILMN_2091217	4230446
ILMN_1669296	4780382
ILMN_3249654	5490010
ILMN_1678690	3830735
ILMN_1688011	1450168
ILMN_2383693	2750189
ILMN_1679417	2810592
ILMN_1739283	5390603
ILMN_1796305	5560347
ILMN_1671742	70041
ILMN_1705515	2070026
ILMN_2397627	780743
ILMN_1798163	4640239
ILMN_1655637	2190408
ILMN_1812679	4490068
ILMN_1685934	2190154
ILMN_1718477	1990541
ILMN_2353276	2100601
ILMN_2264177	4490021
ILMN_1701565	6290500
ILMN_1803024	6510121
ILMN_1706441	7560286
ILMN_3236765	430189
ILMN_1746837	7200487
ILMN_1742764	7400445
ILMN_1798256	7570673
ILMN_1652037	2360743
ILMN_2154101	6100414
ILMN_2381121	620075
ILMN_1724734	1170095
ILMN_1745152	7040307
ILMN_1745049	4040747
ILMN_2128489	520681
ILMN_3251491	1260204
ILMN_1759453	3830746
ILMN_1671191	1170600
ILMN_1718853	5220195
ILMN_1701749	7510014
ILMN_2232936	2710240
ILMN_1792138	6960735
ILMN_1718136	1070731
ILMN_1666471	4210041
ILMN_3245151	5570458
ILMN_3249406	1580433
ILMN_1777811	10201
ILMN_2386818	3610647
ILMN_1774196	60390
ILMN_1668533	4060328
ILMN_1740742	4760020
ILMN_1797384	1470632
ILMN_1664243	4570296
ILMN_2353240	1430068
ILMN_1777982	6280333
ILMN_1684770	1230035
ILMN_2324672	6330088
ILMN_1756696	7210382
ILMN_1784283	3830309
ILMN_1668946	5900730
ILMN_1717852	1990132
ILMN_1793928	510154
ILMN_2245241	2350296
ILMN_1731101	6020204
ILMN_2293021	6860017
ILMN_1707630	1300132
ILMN_1693274	2690382
ILMN_1773313	2320253
ILMN_1692121	110669
ILMN_1678684	840326
ILMN_1696975	1170689
ILMN_1737254	3400008
ILMN_1721116	1740139
ILMN_1664537	1440040
ILMN_1687284	2360521
ILMN_3251526	3990075
ILMN_1708059	7160037
ILMN_1806804	2490382
ILMN_2402947	5670482
ILMN_1665557	520484
ILMN_2397230	1340717
ILMN_1713161	2260253
ILMN_2397231	6330092
ILMN_3238990	1340170
ILMN_3236992	1740070
ILMN_3240420	1740360
ILMN_1718679	4070187
ILMN_1705627	1850064
ILMN_1653940	3420441
ILMN_1755502	5080497
ILMN_1771642	1710592
ILMN_1750325	4670370
ILMN_2349006	3360445
ILMN_1651370	5720092
ILMN_1780887	6380376
ILMN_1750886	1070433
ILMN_1666609	2680086
ILMN_1752255	4730020
ILMN_1705842	5420148
ILMN_1697145	6450286
ILMN_1684594	830634
ILMN_1670764	610554
ILMN_1744794	1850022
ILMN_1704377	3710082
ILMN_1794306	1690243
ILMN_1682795	4830519
ILMN_1725862	6220477
ILMN_1741455	4830010
ILMN_1661156	3870376
ILMN_1653337	2230553
ILMN_1804743	5290369
ILMN_1652577	6480671
ILMN_2306077	650022
ILMN_1723536	650672
ILMN_1739454	3780138
ILMN_1739384	6510468
ILMN_1697227	7160612
ILMN_1686319	4150711
ILMN_1704876	7000379
ILMN_1659523	6020487
ILMN_1773505	3400367
ILMN_1798712	6290435
ILMN_1757536	1770379
ILMN_1801931	620332
ILMN_1778487	5080463
ILMN_1690365	6110020
ILMN_1752575	6060040
ILMN_2115696	7400465
ILMN_2093188	1820241
ILMN_1807212	1570543
ILMN_2364819	7380328
ILMN_2380453	60274
ILMN_1724410	4230215
ILMN_3250870	6060152
ILMN_1722953	7650343
ILMN_1756873	2710243
ILMN_2285141	4570484
ILMN_1777726	6580431
ILMN_1738572	6980082
ILMN_1680279	5550603
ILMN_1671494	6560747
ILMN_1660536	4480326
ILMN_1740413	870463
ILMN_1795275	6520619
ILMN_1738971	2680184
ILMN_1721727	840630
ILMN_2311826	2470053
ILMN_1659696	6860370
ILMN_1729319	4640670
ILMN_1715188	5360528
ILMN_2094587	6770634
ILMN_2400583	780180
ILMN_1656165	4570411
ILMN_2056795	5860465
ILMN_1662686	1580601
ILMN_1700024	7380338
ILMN_1768793	3180341
ILMN_2130838	6280152
ILMN_2095820	1400008
ILMN_1688725	3360377
ILMN_1686645	7560674
ILMN_1735908	1770195
ILMN_1779584	4860142
ILMN_2102580	1470360
ILMN_1724106	5700097
ILMN_1691947	6510095
ILMN_1774860	4850673
ILMN_2043828	6220037
ILMN_2090987	3870451
ILMN_1745423	5490102
ILMN_1778238	2710196
ILMN_1655296	840240
ILMN_1732198	2230601
ILMN_1775780	2710315
ILMN_1671818	6290228
ILMN_2236625	6860048
ILMN_2180232	2810110
ILMN_1812093	3390215
ILMN_1747962	2060022
ILMN_1654488	2710731
ILMN_2264634	540427
ILMN_1739587	3840561
ILMN_1651456	5270068
ILMN_1909466	670095
ILMN_1761069	1570220
ILMN_1776334	2760397
ILMN_1671314	150131
ILMN_1745499	7400608
ILMN_1723695	990228
ILMN_1750792	3840743
ILMN_1799024	4920382
ILMN_2405756	2350541
ILMN_2295844	4060110
ILMN_1737611	6650639
ILMN_1713491	4200575
ILMN_1714527	4640066
ILMN_1761363	2100722
ILMN_1804676	3870520
ILMN_1664175	7100253
ILMN_1809467	2630195
ILMN_1690524	6520066
ILMN_2190084	5910128
ILMN_1685929	7570044
ILMN_1715647	4070626
ILMN_1779410	1940300
ILMN_2405190	5420341
ILMN_1690822	7200368
ILMN_1678459	990202
ILMN_1772055	1400292
ILMN_1702130	4670672
ILMN_1696601	6980100
ILMN_1755507	7610204
ILMN_1737585	1500753
ILMN_1796216	580465
ILMN_1692698	3830129
ILMN_1667295	2900274
ILMN_1743646	2320356
ILMN_1812001	4010603
ILMN_1700690	2600746
ILMN_1749466	3460392
ILMN_1717334	7000619
ILMN_1794781	2640368
ILMN_2290068	670129
ILMN_1657679	6130326
ILMN_2399463	6560279
ILMN_1771058	650593
ILMN_1760047	2510685
ILMN_2223010	4860358
ILMN_1800612	5360221
ILMN_2325763	1240519
ILMN_2307903	2900390
ILMN_1766955	4290390
ILMN_1687301	5910113
ILMN_1795429	70592
ILMN_2413527	2900068
ILMN_1661674	5360433
ILMN_1777220	2450093
ILMN_1682180	4040450
ILMN_1684886	5420189
ILMN_2378845	430301
ILMN_1706028	1990736
ILMN_1728657	3180482
ILMN_1670493	3400671
ILMN_1690557	4810609
ILMN_2278413	5810730
ILMN_1651789	5900228
ILMN_2271568	2650719
ILMN_2366642	5360601
ILMN_1741129	7570538
ILMN_3238228	6840689
ILMN_2166716	5570181
ILMN_2170157	3930630
ILMN_1683872	7610524
ILMN_1720947	4210026
ILMN_2175601	4590372
ILMN_2221066	5720296
ILMN_1729816	730228
ILMN_1666203	4880070
ILMN_2319952	5960440
ILMN_2375879	2640224
ILMN_1803882	2900593
ILMN_1693060	6450672
ILMN_1772274	3060132
ILMN_1726981	4060333
ILMN_1801814	5700201
ILMN_1722855	5890288
ILMN_1701204	7320039
ILMN_1782352	5050634
ILMN_3231823	3190553
ILMN_3223807	6200551
ILMN_2203748	1580612
ILMN_2203753	4120064
ILMN_1684336	6650239
ILMN_1705310	510341
ILMN_1774828	2000195
ILMN_2141398	5550475
ILMN_1757497	2850619
ILMN_1719753	4540619
ILMN_1762714	3850349
ILMN_1722850	6660603
ILMN_1714586	450626
ILMN_1768480	5220491
ILMN_2376625	2480170
ILMN_1738579	2490176
ILMN_1801984	6650543
ILMN_1779481	4890301
ILMN_1661750	4180411
ILMN_1795937	2640369
ILMN_1778650	630689
ILMN_1782538	830593
ILMN_2058251	7050019
ILMN_1794638	360379
ILMN_2357542	3130372
ILMN_2199389	2690709
ILMN_1683939	60600
ILMN_2131493	6900020
ILMN_1709434	380241
ILMN_2111255	1430521
ILMN_1739946	1770703
ILMN_1786139	6450546
ILMN_1802894	6510189
ILMN_2361862	5390661
ILMN_1675092	7000291
ILMN_1789467	2320050
ILMN_1790794	2680687
ILMN_1735910	1660484
ILMN_1742046	50068
ILMN_2122926	1440553
ILMN_1711427	4760286
ILMN_1738828	7650692
ILMN_1767070	7650332
ILMN_1674574	5310754
ILMN_1678939	2690239
ILMN_1692546	4280747
ILMN_1758864	7100161
ILMN_1702842	2450364
ILMN_2387680	3370041
ILMN_1804935	4010133
ILMN_2226955	510398
ILMN_2181089	3440725
ILMN_1738549	4180692
ILMN_1700147	4640768
ILMN_1717781	6220563
ILMN_1784099	1940291
ILMN_2414826	2710747
ILMN_1789828	2760408
ILMN_1800721	5050349
ILMN_1726280	10482
ILMN_1765165	1340398
ILMN_1799843	2120368
ILMN_2268409	3190113
ILMN_2332368	3840411
ILMN_2252705	5570280
ILMN_1809582	1070181
ILMN_2398865	6400376
ILMN_2266228	2680632
ILMN_1656840	4150242
ILMN_2356694	4610408
ILMN_1734736	1240451
ILMN_1778078	3830180
ILMN_1739440	5820711
ILMN_1721575	990672
ILMN_2406043	2140634
ILMN_1683827	6200332
ILMN_1743505	6520537
ILMN_2149566	1090577
ILMN_1767691	4570543
ILMN_1781039	4010689
ILMN_2344850	1580035
ILMN_1736751	7100577
ILMN_1790797	1190110
ILMN_2339863	5700348
ILMN_1704619	5270608
ILMN_1662316	7510541
ILMN_1789243	6330243
ILMN_1761721	7200600
ILMN_1802519	1510091
ILMN_2161832	1090221
ILMN_1711139	2850747
ILMN_1710427	3830647
ILMN_1789233	6510528
ILMN_1692865	630259
ILMN_1770388	2710204
ILMN_2280911	270452
ILMN_2383107	3710521
ILMN_1703379	6560484
ILMN_1796075	6580452
ILMN_1683243	3800497
ILMN_1708946	3460220
ILMN_1792587	5340193
ILMN_1666632	6840474
ILMN_1806510	6450039
ILMN_2386967	1260632
ILMN_1761086	6060379
ILMN_1722774	7650735
ILMN_1678268	2140538
ILMN_2415170	6420538
ILMN_1805828	2600739
ILMN_1750088	6550020
ILMN_2348403	10731
ILMN_1805535	1410598
ILMN_1771697	3290576
ILMN_1806198	2370047
ILMN_1666536	4070070
ILMN_1669409	1410730
ILMN_1723515	7650180
ILMN_1730740	3420291
ILMN_2151114	1170553
ILMN_1676413	6100259
ILMN_1763455	1300546
ILMN_1765620	5910414
ILMN_3242125	5870091
ILMN_3297876	5700092
ILMN_3228181	5810110
ILMN_1715927	4390575
ILMN_1680015	1030086
ILMN_1755734	1850301
ILMN_1781066	2070739
ILMN_2284400	4880377
ILMN_3249152	6370408
ILMN_1813010	1980022
ILMN_1753101	1090048
ILMN_1810848	6660564
ILMN_1693136	3890136
ILMN_1691127	1090008
ILMN_3309759	4220255
ILMN_3310441	6350228
ILMN_1660554	50682
ILMN_1773026	840131
ILMN_2289576	2100717
ILMN_1781636	3830100
ILMN_1716674	4200438
ILMN_3238344	290398
ILMN_2094786	7330615
ILMN_1682996	1260451
ILMN_1764769	5080592
ILMN_3236561	3800743
ILMN_1736448	7550059
ILMN_1760315	1450608
ILMN_3240451	130725
ILMN_1752755	5870138
ILMN_2323526	610341
ILMN_1669727	3400703
ILMN_2374692	6660673
ILMN_3239173	7040215
ILMN_1727271	3710068
ILMN_2337655	4860224
ILMN_2323979	2510687
ILMN_1760027	70451
ILMN_1756079	1690647
ILMN_2342174	1780653
ILMN_1684051	4120215
ILMN_1810797	2570041
ILMN_3245020	2970148
ILMN_3248844	770647
ILMN_3242416	460341
ILMN_3239735	1450039
ILMN_1666004	6380138
ILMN_1668417	5700670
ILMN_2093231	6380537
ILMN_1661051	2490093
ILMN_1766435	5960278
ILMN_3251375	3710037
ILMN_1660999	4010523
ILMN_1782994	4250397
ILMN_1673495	6520411
ILMN_1788604	3890398
ILMN_1672960	840537
ILMN_1697906	5700592
ILMN_2340935	1660750
ILMN_1679838	7510731
ILMN_1765525	1050753
ILMN_1692650	3130053
ILMN_1679978	4900356
ILMN_1701557	6550309
ILMN_1694571	650398
ILMN_1718311	3180364
ILMN_1697348	6370538
ILMN_1729541	6110112
ILMN_1719170	2810326
ILMN_1664267	1780553
ILMN_1676448	3400612
ILMN_1802292	5080348
ILMN_1670518	1580358
ILMN_1651681	2140072
ILMN_1697493	5220538
ILMN_3236551	1450292
ILMN_2377150	3450450
ILMN_1756043	4150360
ILMN_1675219	5890600
ILMN_1675844	4860239
ILMN_1780036	7150475
ILMN_2045729	2350068
ILMN_1770692	5270315
ILMN_1805512	2190364
ILMN_2278539	780601
ILMN_1802539	1570487
ILMN_2379110	6040500
ILMN_2367440	60193
ILMN_1746552	2810168
ILMN_1680375	3850348
ILMN_1694479	7400554
ILMN_1655117	6510397
ILMN_1707199	3130494
ILMN_2409706	4060035
ILMN_2361324	4120711
ILMN_2385278	940129
ILMN_1768454	6660142
ILMN_1735402	1570020
ILMN_2284327	2260672
ILMN_2389376	6550689
ILMN_1765825	6960576
ILMN_1761442	2680630
ILMN_1704351	2260370
ILMN_1719343	2030358
ILMN_1688160	4830121
ILMN_1711254	3370243
ILMN_2387175	510605
ILMN_2387180	1010711
ILMN_1716086	150070
ILMN_1745852	1030201
ILMN_1676789	1940138
ILMN_1670172	3390110
ILMN_2383913	3400356
ILMN_2272867	6480546
ILMN_1685928	6200195
ILMN_1789879	2690484
ILMN_2335304	6110201
ILMN_1727184	6650100
ILMN_1796464	1030020
ILMN_2096405	7210040
ILMN_1665302	1430519
ILMN_2077008	2070441
ILMN_1679685	3780524
ILMN_1656628	3930703
ILMN_1743579	4890240
ILMN_1793302	6020440
ILMN_1786328	3290091
ILMN_1802766	2140397
ILMN_1738885	2230228
ILMN_1778488	2650148
ILMN_3244963	7330326
ILMN_1812355	4060128
ILMN_1671442	3130400
ILMN_2178618	2140681
ILMN_1704621	7150722
ILMN_1756146	50592
ILMN_1692255	510048
ILMN_2251279	2650239
ILMN_1685763	2600646
ILMN_2212354	6980554
ILMN_1741869	7040148
ILMN_2100085	7320703
ILMN_1762103	2650110
ILMN_1757180	1820255
ILMN_2198867	3780333
ILMN_1737087	3140044
ILMN_1728626	4850079
ILMN_1678653	5290091
ILMN_1780667	6660446
ILMN_1667201	7160609
ILMN_2189037	4280711
ILMN_1802691	6900008
ILMN_1724986	430731
ILMN_1658289	2030148
ILMN_1678957	5700669
ILMN_1799814	1690348
ILMN_1795428	5290403
ILMN_1665622	2350228
ILMN_1669484	70707
ILMN_1793290	2600470
ILMN_1665887	4120403
ILMN_1673073	3710026
ILMN_1653771	5560730
ILMN_1797204	2760431
ILMN_1717064	540138
ILMN_1800341	4260286
ILMN_1744240	6040554
ILMN_1706706	4220180
ILMN_1775042	6770138
ILMN_2281167	610681
ILMN_1689029	2230148
ILMN_2383516	3460292
ILMN_2131392	5960451
ILMN_1763196	2810451
ILMN_1702592	4210332
ILMN_1809866	2190537
ILMN_2270845	3840647
ILMN_1789775	7380368
ILMN_1801869	6620670
ILMN_1803192	6130634
ILMN_1742889	1110440
ILMN_1679535	1240497
ILMN_2251225	2360386
ILMN_1752682	2650754
ILMN_1670554	3190731
ILMN_1693669	2260630
ILMN_1711166	1940605
ILMN_1805863	5130594
ILMN_1679655	5360086
ILMN_1689932	6250538
ILMN_1700248	7650068
ILMN_1730646	4050289
ILMN_1679728	5560192
ILMN_1754913	7330594
ILMN_1709825	150440
ILMN_1741134	3190458
ILMN_1659517	7560687
ILMN_1693042	1050551
ILMN_1698185	5700431
ILMN_1652223	7150367
ILMN_1662065	7560136
ILMN_1733254	4860044
ILMN_1744611	6200470
ILMN_1735275	2650538
ILMN_1707600	2100343
ILMN_1695491	2810167
ILMN_3235472	5290187
ILMN_1778561	2970332
ILMN_3236472	2360291
ILMN_1660808	1230615
ILMN_2120429	450286
ILMN_1672076	3360411
ILMN_1661076	6510059
ILMN_1749398	5550224
ILMN_2231576	580324
ILMN_1659085	7380315
ILMN_1723113	6110379
ILMN_1685427	2120687
ILMN_1706612	4050136
ILMN_1799120	4490360
ILMN_3307693	4890564
ILMN_1740415	1240746
ILMN_2308903	4280048
ILMN_1673537	4920630
ILMN_1744923	1580593
ILMN_2079042	6940598
ILMN_1685761	5420296
ILMN_1678425	990142
ILMN_1799548	1990576
ILMN_1677734	730039
ILMN_1809601	540093
ILMN_1662837	1980156
ILMN_1759023	6590224
ILMN_1763364	2810661
ILMN_2279873	4040019
ILMN_1758390	2260048
ILMN_1693986	6020438
ILMN_1661897	6590154
ILMN_1797368	2940575
ILMN_1760698	2450215
ILMN_1729077	3420685
ILMN_1653846	7100279
ILMN_2296335	110717
ILMN_1705483	380349
ILMN_2334112	540301
ILMN_1766112	2100278
ILMN_1651567	2230739
ILMN_1663502	5130600
ILMN_1666715	870689
ILMN_1807379	1340653
ILMN_1697919	5560497
ILMN_1815083	4060204
ILMN_1751431	2510204
ILMN_1721541	5290753
ILMN_2262957	290088
ILMN_2351298	6860196
ILMN_1775171	450092
ILMN_2161971	3440730
ILMN_1781386	3400598
ILMN_2321292	1410075
ILMN_1684192	1990504
ILMN_1721067	870431
ILMN_1713499	2320564
ILMN_1812461	4120553
ILMN_1755631	520717
ILMN_1712360	3310333
ILMN_1663780	3370192
ILMN_3237912	2350133
ILMN_1723910	460639
ILMN_3244363	6560021
ILMN_1753165	1570424
ILMN_1876924	5550682
ILMN_1761684	670059
ILMN_2394557	1660598
ILMN_1756367	2190431
ILMN_2394552	3940187
ILMN_1669114	7150411
ILMN_1814443	770370
ILMN_1658426	2710343
ILMN_1712283	2710347
ILMN_1662188	4730176
ILMN_1679215	160082
ILMN_1731964	2490561
ILMN_1694011	50634
ILMN_1651492	1400224
ILMN_1740269	4640386
ILMN_1803593	4070615
ILMN_1815700	4570739
ILMN_1666392	6840202
ILMN_1800317	1820343
ILMN_1772824	4850370
ILMN_1661788	7160279
ILMN_1795706	2120608
ILMN_1778575	2810026
ILMN_1685314	1070563
ILMN_2153495	1500500
ILMN_1663997	2490307
ILMN_1727252	6660546
ILMN_1749675	2510519
ILMN_3307767	4250129
ILMN_1766729	4390730
ILMN_1703459	5290411
ILMN_1695092	3390370
ILMN_2085922	4590102
ILMN_3251756	4810017
ILMN_1679881	5720433
ILMN_1703036	4200474
ILMN_2332105	6650736
ILMN_2415748	2230615
ILMN_1664802	6110091
ILMN_1747759	7400372
ILMN_1746664	6550703
ILMN_1774330	6940431
ILMN_1813230	1580307
ILMN_2366967	4290278
ILMN_1802174	7380603
ILMN_1748904	1510193
ILMN_2279339	1820296
ILMN_2260725	1850100
ILMN_2356559	2690348
ILMN_1734544	6560403
ILMN_1657618	6840440
ILMN_2386291	1170180
ILMN_1801223	1230270
ILMN_1658619	1090575
ILMN_2207170	1230564
ILMN_1687592	1400376
ILMN_1660636	1050608
ILMN_1675008	1770608
ILMN_1804841	4640717
ILMN_1734600	6420196
ILMN_2415776	6450189
ILMN_1804328	1980201
ILMN_2215370	2000615
ILMN_1759173	270402
ILMN_1668847	450431
ILMN_1659703	3800603
ILMN_1787115	1110730
ILMN_1771057	5490671
ILMN_1742618	450189
ILMN_2370573	7610440
ILMN_2343765	2630484
ILMN_2258977	3190129
ILMN_2343774	4490743
ILMN_2258982	5570689
ILMN_3305152	4810632
ILMN_1691494	5220753
ILMN_1672582	6330753
ILMN_3299047	6200091
ILMN_1757427	4490162
ILMN_1678116	6350458
ILMN_1660375	1440286
ILMN_1794761	3830634
ILMN_2190541	4850020
ILMN_1680454	4560768
ILMN_1782271	6960564
ILMN_1815698	450494
ILMN_1691092	670451
ILMN_1667847	460301
ILMN_2365465	2450156
ILMN_1809433	5690066
ILMN_2224955	460168
ILMN_1718792	1690470
ILMN_1666257	1580138
ILMN_1773238	1300707
ILMN_2407954	1430274
ILMN_1764034	2600475
ILMN_1712632	2480088
ILMN_1782558	5810026
ILMN_1781222	1030487
ILMN_2058570	5050202
ILMN_1815361	2480121
ILMN_1802160	780711
ILMN_1705865	4390128
ILMN_1764573	1690440
ILMN_1759117	6620630
ILMN_1803609	840300
ILMN_1661309	5810243
ILMN_1799097	5220091
ILMN_1655446	1340156
ILMN_1731175	2000048
ILMN_1724762	4730672
ILMN_1789691	4480484
ILMN_1675556	5090274
ILMN_2087303	7560435
ILMN_1733846	240433
ILMN_1769071	4010356
ILMN_1697937	1980274
ILMN_3246624	780537
ILMN_2210753	3830750
ILMN_1787591	2640379
ILMN_1790807	6560441
ILMN_1669015	7050609
ILMN_1743357	4780544
ILMN_1659000	1710446
ILMN_2054928	2100309
ILMN_1725121	5690333
ILMN_1657873	2940343
ILMN_2088612	3800707
ILMN_1759495	6590400
ILMN_1755235	6420189
ILMN_2174884	4560730
ILMN_2188374	4050735
ILMN_3250032	160441
ILMN_2104106	4010075
ILMN_1798030	5290246
ILMN_1751743	4590139
ILMN_2204909	4200605
ILMN_1651569	7320243
ILMN_1696266	670014
ILMN_2379695	5560044
ILMN_2105983	2900039
ILMN_1743097	430100
ILMN_2166506	6380347
ILMN_1767481	5290239
ILMN_2384216	110338
ILMN_1809086	1990487
ILMN_2196479	1940612
ILMN_1727617	2570671
ILMN_1789134	4280296
ILMN_1794349	2060044
ILMN_1830462	630609
ILMN_1653578	5820341
ILMN_1799815	6250465
ILMN_1669303	780630
ILMN_2363805	3830059
ILMN_1765606	4590593
ILMN_1709479	3360768
ILMN_1766010	3520040
ILMN_1782635	4570333
ILMN_2124769	4150053
ILMN_1755354	4070309
ILMN_1709310	6420128
ILMN_1812580	3520475
ILMN_1676899	5260537
ILMN_1801387	3370747
ILMN_1691466	2350397
ILMN_1712975	4590494
ILMN_1773687	3440097
ILMN_1758055	4260647
ILMN_2363668	6520192
ILMN_2052163	20164
ILMN_1803564	1400133
ILMN_1675106	2630132
ILMN_1673604	7380671
ILMN_1782444	7320379
ILMN_2145760	7570719
ILMN_1714756	380703
ILMN_1810738	4180243
ILMN_1803939	770142
ILMN_1769144	2510093
ILMN_1658679	4050221
ILMN_1695998	5090376
ILMN_3239789	5270324
ILMN_2339825	1400468
ILMN_1734316	4880348
ILMN_2138856	2480575
ILMN_1678919	4590020
ILMN_1795338	5130288
ILMN_1677098	1110465
ILMN_1791147	130750
ILMN_1726624	3890082
ILMN_1711069	2680097
ILMN_2061732	3440224
ILMN_1736008	6450475
ILMN_2235115	3940382
ILMN_1695443	6350349
ILMN_2345758	6520121
ILMN_1666111	630544
ILMN_1670878	4040196
ILMN_1707506	6900288
ILMN_1725760	150605
ILMN_1753885	2850441
ILMN_1730658	610543
ILMN_1657470	4150240
ILMN_1694385	1340521
ILMN_2277099	7380709
ILMN_1807535	510619
ILMN_2252136	2140762
ILMN_1805536	6940767
ILMN_2228809	1770433
ILMN_1750145	6280040
ILMN_1728512	4810653
ILMN_1674385	3850131
ILMN_1801928	4180343
ILMN_1669286	6100192
ILMN_1770892	610279
ILMN_2181540	6760017
ILMN_1752303	2350209
ILMN_1678066	5890484
ILMN_1675594	6450626
ILMN_1814994	1690072
ILMN_1783329	240747
ILMN_1795063	6040743
ILMN_1698803	3360431
ILMN_1768110	4670059
ILMN_1672390	4830279
ILMN_2370857	1660561
ILMN_1692602	2030017
ILMN_2273902	4040414
ILMN_1674838	160259
ILMN_1719756	4780678
ILMN_1804104	5860068
ILMN_1798807	7550475
ILMN_1760503	5910241
ILMN_1694466	4180468
ILMN_1651365	3940088
ILMN_1683215	5310086
ILMN_1782129	5490014
ILMN_2093500	4890437
ILMN_1664424	7210634
ILMN_1765994	4880010
ILMN_1750246	2570037
ILMN_1673222	2370131
ILMN_1691395	6040379
ILMN_2140380	5960615
ILMN_2402817	1240474
ILMN_2305407	5080450
ILMN_1750496	7380717
ILMN_1711048	4880397
ILMN_1766247	50440
ILMN_1689456	3440189
ILMN_3241524	4670228
ILMN_1659937	3370746
ILMN_2048982	2030368
ILMN_1658728	2690278
ILMN_1718668	1510408
ILMN_1689189	6200528
ILMN_1732981	7560273
ILMN_1673138	4290615
ILMN_1655206	1400059
ILMN_1696961	3850719
ILMN_1785960	5810370
ILMN_2248863	5290367
ILMN_1681154	6400672
ILMN_1795905	2120441
ILMN_2097793	2900441
ILMN_1784037	6620601
ILMN_1661189	6370750
ILMN_3239445	4810181
ILMN_1731113	2060037
ILMN_2080637	6370241
ILMN_1661484	2900255
ILMN_1710092	7040521
ILMN_1699440	990703
ILMN_1801101	5720154
ILMN_1757262	2640184
ILMN_1727218	4210326
ILMN_1656118	240239
ILMN_1736954	5260315
ILMN_3240901	3060097
ILMN_2264205	4200402
ILMN_2057399	1500364
ILMN_1660868	7040630
ILMN_1688853	5050500
ILMN_2075847	2140026
ILMN_1715574	4850072
ILMN_3303965	70047
ILMN_3227415	4610445
ILMN_1672295	2490017
ILMN_1814629	630195
ILMN_3237956	380672
ILMN_3243312	6350047
ILMN_3246140	5090259
ILMN_2335669	3940053
ILMN_1693555	5390382
ILMN_1686414	6220682
ILMN_1768076	6330152
ILMN_1714805	7550678
ILMN_2062112	4060484
ILMN_1658834	2320279
ILMN_1702389	4760538
ILMN_2087575	5820608
ILMN_1689119	7400669
ILMN_1660852	4780041
ILMN_2212690	1850288
ILMN_1693227	4830050
ILMN_1685873	4280068
ILMN_1657837	6270594
ILMN_1729973	3710243
ILMN_1724837	4540382
ILMN_1667068	6620750
ILMN_2226751	670148
ILMN_2226753	2190554
ILMN_1761479	4780519
ILMN_1752088	130154
ILMN_3248906	6760280
ILMN_1769104	1710021
ILMN_2213680	6590477
ILMN_1655137	4260093
ILMN_2373099	4560300
ILMN_1679984	2690279
ILMN_1658074	1190093
ILMN_1743456	2710402
ILMN_1786004	240438
ILMN_2382998	5700162
ILMN_1761844	2450280
ILMN_1714402	2190397
ILMN_1754660	6110195
ILMN_1786852	1820195
ILMN_1693245	5870156
ILMN_1749429	1190600
ILMN_1671500	4590703
ILMN_1779677	1230746
ILMN_1744980	4900193
ILMN_1792092	2760041
ILMN_1723007	940338
ILMN_1659082	1990639
ILMN_1751963	2470577
ILMN_2054461	130192
ILMN_3235487	7330148
ILMN_2094313	3370093
ILMN_1694514	1450400
ILMN_1774020	1710382
ILMN_1696424	2370097
ILMN_1693411	4560500
ILMN_1744360	4050484
ILMN_1703370	580204
ILMN_1684663	650324
ILMN_1785831	5550524
ILMN_2243697	6020091
ILMN_2309926	7610091
ILMN_1737320	5870129
ILMN_2362457	1770358
ILMN_1664946	2100768
ILMN_1763568	5700296
ILMN_1697153	5890047
ILMN_1668270	540274
ILMN_1766896	830615
ILMN_1769783	2470243
ILMN_1654141	1780050
ILMN_1715526	4150474
ILMN_1654606	5490161
ILMN_1736901	6590523
ILMN_1687626	3290270
ILMN_2201347	5420593
ILMN_1683544	1980711
ILMN_3307025	6220092
ILMN_1679358	130670
ILMN_2046003	540402
ILMN_1739659	6940445
ILMN_1730568	5360154
ILMN_1789492	4590154
ILMN_3249651	1570719
ILMN_1803824	610356
ILMN_2254574	1470026
ILMN_1748803	4900292
ILMN_1762231	1690768
ILMN_1688698	5050441
ILMN_1654032	2970324
ILMN_1730907	7000037
ILMN_2087989	7380707
ILMN_1694671	870379
ILMN_1653718	60403
ILMN_1720053	1400309
ILMN_1795228	6620753
ILMN_2156953	4810674
ILMN_1778803	5860730
ILMN_1679301	1410026
ILMN_1730182	4180064
ILMN_1723761	630131
ILMN_2177575	4230681
ILMN_3244096	1980044
ILMN_1803590	3940451
ILMN_1717677	2370484
ILMN_1808587	4050746
ILMN_1657606	940162
ILMN_2133936	2100333
ILMN_1695902	3710592
ILMN_1800912	1010370
ILMN_2043265	3360619
ILMN_1815885	6060477
ILMN_1764694	4560601
ILMN_1772522	1030324
ILMN_1723886	1570593
ILMN_1766544	3130202
ILMN_1782079	4640020
ILMN_1742976	6940427
ILMN_1720829	2900348
ILMN_1675448	830164
ILMN_2150258	7050300
ILMN_1793578	1510674
ILMN_1767839	2070484
ILMN_1690490	2340039
ILMN_1751127	70035
ILMN_1679389	5670646
ILMN_3242738	730241
ILMN_2251375	4050164
ILMN_2340439	4670328
ILMN_1740490	2470142
ILMN_1684628	5900286
ILMN_1665423	4490114
ILMN_1703053	4670719
ILMN_3236736	6900670
ILMN_1759423	2510242
ILMN_1693039	4670121
ILMN_1651438	7320494
ILMN_1814077	3170280
ILMN_1814113	6060215
ILMN_3242993	360156
ILMN_1687484	7510088
ILMN_2090059	50253
ILMN_1804958	3370270
ILMN_2267084	5890601
ILMN_2358382	7210390
ILMN_1651769	1230112
ILMN_2140999	1400603
ILMN_1780698	1820035
ILMN_1799890	2140364
ILMN_2197030	380594
ILMN_1798061	5890241
ILMN_1793621	840653
ILMN_2322972	6580372
ILMN_1763267	1170471
ILMN_1776848	2650129
ILMN_1695128	3140082
ILMN_2381994	5890315
ILMN_1799622	6100451
ILMN_2344079	3440041
ILMN_1808147	4560148
ILMN_1794643	5490390
ILMN_1699321	6220326
ILMN_2402558	2070215
ILMN_1655950	4830139
ILMN_2402556	6380753
ILMN_2184966	4390646
ILMN_1792951	6250091
ILMN_1774387	3460270
ILMN_1774005	4070678
ILMN_1696339	510368
ILMN_1681805	670414
ILMN_2120624	4490288
ILMN_1783881	4120528
ILMN_1719646	520647
ILMN_1775138	3610367
ILMN_1794353	5310196
ILMN_2139052	870128
ILMN_1771135	7570397
ILMN_1750967	3400605
ILMN_1804571	3390053
ILMN_1775428	1440647
ILMN_1695847	6330102
ILMN_1661010	1030048
ILMN_1738536	4830047
ILMN_1813264	5360639
ILMN_1745343	1980500
ILMN_1654262	3140543
ILMN_2361104	6560601
ILMN_3226708	770112
ILMN_1759219	2510215
ILMN_2337955	5420068
ILMN_1745421	6550180
ILMN_1771627	2450131
ILMN_2402079	630711
ILMN_1760718	7150541
ILMN_1656413	5390543
ILMN_1702763	6350358
ILMN_1661636	5270088
ILMN_2403823	6280228
ILMN_2244004	1300673
ILMN_1656316	2340709
ILMN_1662801	3460379
ILMN_1688404	7380372
ILMN_1781028	2750259
ILMN_2343036	6770379
ILMN_2184869	5810681
ILMN_1657632	7550722
ILMN_2125763	4540066
ILMN_1753110	510102
ILMN_1754234	1190626
ILMN_1734783	3610195
ILMN_1655545	840634
ILMN_1778136	6580717
ILMN_2120547	6660025
ILMN_1757627	4860437
ILMN_1652407	1090438
ILMN_1700204	4040327
ILMN_2386179	4760300
ILMN_1763208	5550497
ILMN_1681608	1440110
ILMN_2127936	7100110
ILMN_1695079	1440605
ILMN_1766974	3460367
ILMN_2361311	4230523
ILMN_2164290	2060475
ILMN_1746831	3840477
ILMN_1720184	2510743
ILMN_1723018	3120706
ILMN_1784577	3930253
ILMN_1766613	1850039
ILMN_1686360	2970750
ILMN_2110084	6280066
ILMN_2178088	2750278
ILMN_1812898	4730187
ILMN_2174081	1940494
ILMN_3307724	3390376
ILMN_1768809	3390608
ILMN_1726368	2470768
ILMN_1685825	60064
ILMN_1741288	2100544
ILMN_1692641	3450053
ILMN_1689528	4860768
ILMN_1723542	2070152
ILMN_1704358	270066
ILMN_1676240	360370
ILMN_2173909	2510288
ILMN_1692145	7610528
ILMN_1727923	6270056
ILMN_1694203	2810544
ILMN_1676745	150040
ILMN_1674399	3830403
ILMN_2054442	3140167
ILMN_1699423	6220528
ILMN_2143822	6520129
ILMN_1683487	6450053
ILMN_1806779	2370603
ILMN_1774251	5290019
ILMN_1727663	7000138
ILMN_1777194	3710309
ILMN_2332795	730162
ILMN_1713992	1030541
ILMN_1669275	7560370
ILMN_2312149	360709
ILMN_1688317	1400438
ILMN_1777049	6980474
ILMN_1806502	6200014
ILMN_1761409	2480564
ILMN_1794597	3830528
ILMN_1730696	5900577
ILMN_1696583	630626
ILMN_1751692	4850600
ILMN_1663158	130300
ILMN_1704362	1340632
ILMN_1719202	5910563
ILMN_1675788	6940458
ILMN_1787539	5820494
ILMN_1806713	1230274
ILMN_1707095	3840494
ILMN_1790230	1660504
ILMN_2337835	240484
ILMN_1726617	360204
ILMN_2226628	2360176
ILMN_1802888	6840674
ILMN_1651905	1690092
ILMN_1760982	5390259
ILMN_1806809	630603
ILMN_1797554	1710441
ILMN_1730175	2750543
ILMN_1811755	1710025
ILMN_2222786	2350746
ILMN_1669516	4830220
ILMN_1688515	5550068
ILMN_1654689	1470133
ILMN_1790784	4200053
ILMN_1684623	5270204
ILMN_2270900	6760025
ILMN_1687884	380152
ILMN_1812222	620356
ILMN_1670377	2760131
ILMN_1761965	1090368
ILMN_2376833	3780167
ILMN_1809951	7100300
ILMN_1792990	3420180
ILMN_2079508	2320327
ILMN_2404033	3780338
ILMN_1713521	4730450
ILMN_1670895	1660632
ILMN_1778177	2470079
ILMN_1662777	5270463
ILMN_1793317	5550128
ILMN_1811195	430368
ILMN_1684964	5560411
ILMN_1758337	5130332
ILMN_1797701	70154
ILMN_2082109	3140333
ILMN_1749502	1980619
ILMN_1755303	60672
ILMN_1688295	6550632
ILMN_2117904	5860546
ILMN_1798533	6960768
ILMN_1688765	1240332
ILMN_1723253	6400670
ILMN_1815578	7150711
ILMN_1661293	1580626
ILMN_1674064	450687
ILMN_1692133	830184
ILMN_2363273	7040465
ILMN_1721034	1470187
ILMN_1669506	1510253
ILMN_1720027	2470446
ILMN_2147993	4260221
ILMN_1757825	270187
ILMN_2139351	6980435
ILMN_1775085	7320332
ILMN_1711357	160176
ILMN_1740197	620523
ILMN_2103397	5720072
ILMN_1806782	770482
ILMN_1790918	1070719
ILMN_2399686	1690315
ILMN_1663155	3870639
ILMN_1728765	5270164
ILMN_1748427	5670095
ILMN_1654357	7380553
ILMN_1662192	6620608
ILMN_1808765	6840112
ILMN_1757230	5910347
ILMN_1654436	10601
ILMN_1656404	60575
ILMN_3243961	5310309
ILMN_1769099	7150326
ILMN_2350357	540095
ILMN_1696163	1580253
ILMN_1657729	2750762
ILMN_1757408	4390349
ILMN_1707775	6560100
ILMN_1753790	7050561
ILMN_1691798	2750133
ILMN_1665205	6110541
ILMN_1692620	2510332
ILMN_1795435	4850270
ILMN_1753782	2810605
ILMN_2396786	3940333
ILMN_2288740	5820670
ILMN_1671010	6420082
ILMN_1677628	4050279
ILMN_1750457	4180487
ILMN_1777250	6420609
ILMN_1706990	3180189
ILMN_1775073	6040521
ILMN_2346562	7570079
ILMN_1688629	1090102
ILMN_1714274	2370021
ILMN_2352574	4780524
ILMN_2243553	3360008
ILMN_2314998	4120138
ILMN_1721339	3190138
ILMN_1681628	5870180
ILMN_1709377	4050053
ILMN_2199516	4590326
ILMN_1802094	990626
ILMN_1654697	2750044
ILMN_2061310	770037
ILMN_1696698	5220112
ILMN_1736555	770605
ILMN_1767142	1990280
ILMN_2367530	6110458
ILMN_1683127	1240064
ILMN_1668185	160364
ILMN_1667589	2030470
ILMN_1760120	2030519
ILMN_2075714	6400634
ILMN_2107933	7400678
ILMN_3299720	4280066
ILMN_3226449	4890187
ILMN_1663858	1050681
ILMN_3240446	4490711
ILMN_1693597	7210630
ILMN_1714412	2630722
ILMN_1782110	6060326
ILMN_1693242	2970397
ILMN_1714800	70543
ILMN_1786215	1170154
ILMN_2390739	3060215
ILMN_1778560	3290152
ILMN_2285091	6020475
ILMN_1728230	2570187
ILMN_1676983	6420452
ILMN_2414254	1240605
ILMN_2307450	5490524
ILMN_1702188	6220753
ILMN_1656504	2260612
ILMN_1687827	270228
ILMN_1680347	3290768
ILMN_1792305	50193
ILMN_2174729	7050040
ILMN_1711361	3180315
ILMN_1673112	5900612
ILMN_1695362	6110053
ILMN_1680072	6520301
ILMN_1681769	2680634
ILMN_2103480	2690711
ILMN_2150103	5910228
ILMN_1760285	6220603
ILMN_3251742	2650240
ILMN_2171461	6660347
ILMN_1749342	7040039
ILMN_2224290	6560594
ILMN_1700192	7650349
ILMN_1655748	1190647
ILMN_2377991	1340463
ILMN_1745784	7040139
ILMN_1700766	770019
ILMN_1753950	3830370
ILMN_1669440	6100121
ILMN_1662021	7320414
ILMN_1689059	7160148
ILMN_1710873	1340259
ILMN_2154455	5260639
ILMN_1711199	510767
ILMN_2269193	4150537
ILMN_2362232	5690609
ILMN_1759017	2750148
ILMN_2209299	3870300
ILMN_1661332	3840725
ILMN_1672743	6110768
ILMN_1787366	6480164
ILMN_1663160	780324
ILMN_2352590	540192
ILMN_1814619	630717
ILMN_1742935	4120008
ILMN_2124816	5900491
ILMN_2043728	3830364
ILMN_1810832	2350471
ILMN_2172600	6290376
ILMN_1778886	6290674
ILMN_1732554	5290376
ILMN_1779522	6420243
ILMN_1692100	5090010
ILMN_1755850	1240286
ILMN_1714848	6060296
ILMN_1770266	6860239
ILMN_2224946	1090017
ILMN_1690276	5820725
ILMN_1662340	6860026
ILMN_1686968	7040270
ILMN_1811997	7380382
ILMN_1675762	10605
ILMN_1691022	2120519
ILMN_1701881	3930563
ILMN_1658094	4180301
ILMN_1733535	7330114
ILMN_2200880	6480176
ILMN_2412873	870678
ILMN_1707596	1500463
ILMN_1774027	5560301
ILMN_3300604	2850706
ILMN_1782284	540603
ILMN_1799488	840673
ILMN_1764891	2100347
ILMN_2347943	6550719
ILMN_1786722	20170
ILMN_3227600	2060113
ILMN_3304200	2690039
ILMN_1770400	520121
ILMN_1710268	6380646
ILMN_2167729	2680347
ILMN_1807514	110739
ILMN_2115949	3310592
ILMN_1772876	1980403
ILMN_2057369	1400440
ILMN_1776164	1440673
ILMN_1685467	2320673
ILMN_3245223	2480176
ILMN_1799717	1410259
ILMN_2344047	3870292
ILMN_1682227	510719
ILMN_1741300	770537
ILMN_1753856	6400706
ILMN_2054827	7320161
ILMN_1739618	5080100
ILMN_1750205	5720408
ILMN_1789750	2810274
ILMN_1741155	3180377
ILMN_2299260	7330152
ILMN_1773247	1820097
ILMN_1771093	4180014
ILMN_1664292	6060066
ILMN_1767811	1110195
ILMN_1760294	5290121
ILMN_1658173	4150376
ILMN_1680693	7320148
ILMN_1720431	1110674
ILMN_2154950	4280450
ILMN_1763602	6450491
ILMN_1683932	2600008
ILMN_1673804	5820719
ILMN_1652754	1820543
ILMN_1695413	5270709
ILMN_2178201	620128
ILMN_1768129	5820010
ILMN_2158164	1450685
ILMN_1780026	7200326
ILMN_1804820	4220541
ILMN_1693788	1990768
ILMN_1718950	2600674
ILMN_1684591	2190687
ILMN_1714473	1660605
ILMN_2266762	2480477
ILMN_2357781	6900731
ILMN_1678494	3440360
ILMN_1792972	6650672
ILMN_1701852	4050703
ILMN_1740589	1300242
ILMN_1799529	6180735
ILMN_1663754	7570161
ILMN_1774594	3710291
ILMN_2104967	6370376
ILMN_1727300	670242
ILMN_1665397	6250446
ILMN_1743767	5810767
ILMN_1796927	6200142
ILMN_1771884	2140687
ILMN_1710735	2060373
ILMN_1706734	2070189
ILMN_1753567	6060739
ILMN_1796697	270079
ILMN_1693454	2370349
ILMN_1706506	7100465
ILMN_2110050	2970168
ILMN_1676237	6620037
ILMN_2185264	1820474
ILMN_1686679	1820646
ILMN_1779015	2490333
ILMN_1782749	650136
ILMN_2406390	3930010
ILMN_1794442	2970753
ILMN_1789773	6110372
ILMN_1690863	4920520
ILMN_1786079	1740450
ILMN_2191720	4760598
ILMN_1782730	620497
ILMN_2346649	3360735
ILMN_1740339	6580609
ILMN_2202239	1690079
ILMN_1710722	4390278
ILMN_1652969	2470121
ILMN_3244969	3990133
ILMN_1722302	7610739
ILMN_2126423	3520537
ILMN_1653867	240091
ILMN_2279834	4040360
ILMN_1668177	4040615
ILMN_1732909	4850577
ILMN_1683854	4810747
ILMN_1664034	670279
ILMN_2186626	4210687
ILMN_1805668	3130544
ILMN_3222384	4230300
ILMN_3240605	430156
ILMN_3307719	1580019
ILMN_1791206	6060360
ILMN_1664096	6550368
ILMN_2222695	7330750
ILMN_1701073	1500414
ILMN_1662659	2190187
ILMN_2278653	4250427
ILMN_1667858	4280075
ILMN_2379313	4290019
ILMN_1774757	4200747
ILMN_1791519	540102
ILMN_1739368	1010497
ILMN_1700238	4280167
ILMN_1658158	870608
ILMN_1655167	1710161
ILMN_1787265	3780674
ILMN_3251625	6370086
ILMN_3243390	7380750
ILMN_1652300	7380131
ILMN_2103388	290427
ILMN_2146968	6270603
ILMN_1800390	1260435
ILMN_1730824	6560338
ILMN_1766346	4810400
ILMN_1791069	1470538
ILMN_2215211	870735
ILMN_1687223	4670309
ILMN_1699648	6860471
ILMN_2105438	2760681
ILMN_1697773	6760240
ILMN_1742541	4220161
ILMN_1682449	1050132
ILMN_1724054	3450239
ILMN_1786665	6760612
ILMN_1734734	7610504
ILMN_2225548	6590026
ILMN_1810147	5490563
ILMN_1748432	6860450
ILMN_1756631	2750040
ILMN_1707816	1710465
ILMN_2100834	5570474
ILMN_1665550	7210603
ILMN_1660193	6900356
ILMN_1761348	6380167
ILMN_1731358	2360437
ILMN_1657087	5290333
ILMN_3225767	4070672
ILMN_2150586	940301
ILMN_1772155	4040390
ILMN_1681846	580343
ILMN_1663490	2940025
ILMN_1793841	2350653
ILMN_1716658	3800037
ILMN_2052079	630634
ILMN_1797903	3400072
ILMN_1679252	7210471
ILMN_1739814	6590110
ILMN_1728228	2810100
ILMN_1718042	1240129
ILMN_2227495	3450750
ILMN_1760102	1850364
ILMN_2175727	3610435
ILMN_1762046	7320053
ILMN_1700563	4060754
ILMN_1815118	670291
ILMN_1736267	4920450
ILMN_1704441	2760750
ILMN_1719163	3420019
ILMN_2346137	5360707
ILMN_1766195	4070176
ILMN_1677785	2940647
ILMN_1798974	1410300
ILMN_1717049	2230300
ILMN_1672940	5720100
ILMN_2218401	2000041
ILMN_2217212	580681
ILMN_2310019	2060491
ILMN_1752380	2600301
ILMN_1691223	10164
ILMN_2125880	6650056
ILMN_1687544	1780376
ILMN_2096737	6350259
ILMN_2229610	2100086
ILMN_1681490	2370019
ILMN_2225104	6100184
ILMN_1691333	430520
ILMN_1812118	3120465
ILMN_2093864	670288
ILMN_1706709	4670661
ILMN_1802974	3120156
ILMN_1658080	6400711
ILMN_1790460	580044
ILMN_1771852	2940152
ILMN_1687711	3310414
ILMN_1667322	3940768
ILMN_2212823	6660487
ILMN_1693996	4490400
ILMN_1761722	770148
ILMN_1653310	610309
ILMN_1688565	2140392
ILMN_1715065	5490402
ILMN_1679093	3890482
ILMN_1660176	5670253
ILMN_3248301	5050341
ILMN_1742923	2480156
ILMN_1764415	1230497
ILMN_1737211	4210139
ILMN_2178775	1410136
ILMN_1773835	2750041
ILMN_2372200	1050626
ILMN_1666727	1400279
ILMN_2274531	4490315
ILMN_2078141	1030064
ILMN_1734267	3140014
ILMN_1654612	50327
ILMN_1654819	840239
ILMN_1671104	4390458
ILMN_1703441	5810201
ILMN_1726199	620292
ILMN_2084489	3130754
ILMN_1725679	2370520
ILMN_2326376	2940273
ILMN_2162358	1300519
ILMN_2075820	1580202
ILMN_2075818	2030070
ILMN_1664928	5560288
ILMN_1687141	6420059
ILMN_1678457	3840754
ILMN_1712269	6280435
ILMN_1681829	770484
ILMN_1780146	2650639
ILMN_1657340	7000731
ILMN_2233256	7380504
ILMN_1712798	6130328
ILMN_1799082	2680129
ILMN_1746924	870220
ILMN_1757900	2690408
ILMN_2181469	6900040
ILMN_1671895	20670
ILMN_1684032	2350047
ILMN_1763641	2450053
ILMN_1672135	1570338
ILMN_1719219	150291
ILMN_1739914	670176
ILMN_1717094	7550523
ILMN_1698048	990450
ILMN_1742288	5870255
ILMN_1785926	2630360
ILMN_1776109	2970026
ILMN_1738046	730333
ILMN_2293393	4290039
ILMN_2063687	4810121
ILMN_1670122	7000154
ILMN_2101410	7570193
ILMN_1794823	630767
ILMN_3250446	1820082
ILMN_2400661	2100376
ILMN_2290732	2320482
ILMN_3250147	5690440
ILMN_2197519	240132
ILMN_1708787	870594
ILMN_1789358	4920577
ILMN_2316599	2470692
ILMN_1810891	5870687
ILMN_2172124	2490736
ILMN_1779341	4850615
ILMN_3299804	6040075
ILMN_2122022	7510326
ILMN_1731666	6650747
ILMN_1681367	6060392
ILMN_2048388	5860367
ILMN_1799086	6420435
ILMN_1657665	430458
ILMN_1730118	2490369
ILMN_1671048	4890289
ILMN_1811098	2350725
ILMN_1675479	4760039
ILMN_1747279	1430343
ILMN_1699249	4810204
ILMN_2171640	7210594
ILMN_2155323	4860594
ILMN_2155322	5900053
ILMN_1696276	6100196
ILMN_1780455	3830050
ILMN_2271894	4060291
ILMN_1721629	4070600
ILMN_1744471	4120600
ILMN_2367233	4230524
ILMN_1769673	540010
ILMN_2396292	2070148
ILMN_1765254	5260600
ILMN_1728528	6550390
ILMN_1808171	3170719
ILMN_1703435	6760326
ILMN_1722985	240408
ILMN_1689901	4780593
ILMN_2230417	6280324
ILMN_3230253	1500008
ILMN_3232303	5910435
ILMN_1721849	870307
ILMN_1692340	6290035
ILMN_1692903	4890360
ILMN_1670640	4010092
ILMN_1770634	5390593
ILMN_1804945	2070020
ILMN_2186127	3390440
ILMN_1739236	5820647
ILMN_2093748	780204
ILMN_1770172	1570189
ILMN_2085446	1050201
ILMN_1747172	5900706
ILMN_1713454	6450133
ILMN_1669094	6330646
ILMN_1710768	870373
ILMN_3237839	3610717
ILMN_1741640	5550240
ILMN_3244291	4730601
ILMN_1802093	2750348
ILMN_2095789	6420170
ILMN_1666420	3940431
ILMN_1730888	1090280
ILMN_1680284	3170196
ILMN_2155025	7400328
ILMN_1807263	70519
ILMN_2242998	2450477
ILMN_2313889	3440431
ILMN_1678238	7650451
ILMN_1751393	4200195
ILMN_1662952	3840703
ILMN_1736577	3190048
ILMN_1812877	6420672
ILMN_1759008	6270619
ILMN_2176882	2630379
ILMN_3251506	5890372
ILMN_2045175	6420241
ILMN_1800750	20431
ILMN_1747943	1710044
ILMN_3307683	6100114
ILMN_1712517	3310523
ILMN_3249501	4200673
ILMN_1812805	2070528
ILMN_2205162	2970240
ILMN_2137066	3400070
ILMN_1737860	3120022
ILMN_2068435	20603
ILMN_1807234	670209
ILMN_1743067	3780280
ILMN_1663281	3870707
ILMN_1699674	1470615
ILMN_2415128	4230010
ILMN_1714952	6380379
ILMN_1656192	6900154
ILMN_1812416	6650437
ILMN_1742280	1850369
ILMN_1781076	4050494
ILMN_1653562	6840243
ILMN_2366490	150139
ILMN_2273700	4900632
ILMN_1702384	7610189
ILMN_1782021	2900347
ILMN_1771799	1770477
ILMN_1690581	1170753
ILMN_1738793	4050719
ILMN_1788700	7380280
ILMN_1699340	1740390
ILMN_1800253	2190167
ILMN_1697289	3940646
ILMN_1688138	7550349
ILMN_1748254	3850601
ILMN_3228090	2350242
ILMN_3301478	5900176
ILMN_1717644	430176
ILMN_2131926	3360537
ILMN_1781720	6450670
ILMN_1805271	2070619
ILMN_3275193	3170193
ILMN_3225102	290600
ILMN_2281404	60246
ILMN_1802146	2190736
ILMN_2383871	2710093
ILMN_2225254	4560564
ILMN_1706342	3060176
ILMN_1762098	4260451
ILMN_2148298	2650332
ILMN_1700583	3420176
ILMN_1666552	7560129
ILMN_1761490	460132
ILMN_2101025	2650653
ILMN_1804263	4640333
ILMN_1764854	3930408
ILMN_1727183	7210433
ILMN_1727938	5550470
ILMN_2078404	4210288
ILMN_3251460	6450754
ILMN_1793673	5360414
ILMN_2175447	5090544
ILMN_1791820	10075
ILMN_1734608	2750376
ILMN_1734254	2070747
ILMN_1794753	2320519
ILMN_1708632	3840278
ILMN_1738124	650528
ILMN_1685365	630332
ILMN_1760339	1450044
ILMN_1691702	870553
ILMN_1701464	4810577
ILMN_3235517	540615
ILMN_1749606	4860551
ILMN_1655788	4730270
ILMN_1668291	4040047
ILMN_1780103	770204
ILMN_2141455	7100500
ILMN_1741313	3870411
ILMN_3236061	630017
ILMN_1715718	4590347
ILMN_1676459	6560477
ILMN_1713706	780189
ILMN_1791388	3190008
ILMN_3305466	840725
ILMN_3228860	5810682
ILMN_1789364	1570468
ILMN_1797853	6400470
ILMN_1810127	6520433
ILMN_1794122	5390347
ILMN_3236975	3890674
ILMN_1758105	3830192
ILMN_1669696	2650102
ILMN_3251531	3400014
ILMN_1806333	7150632
ILMN_3247154	50452
ILMN_1785379	2850072
ILMN_1673299	2640181
ILMN_1688346	7150682
ILMN_1655644	4610168
ILMN_1694080	1170291
ILMN_2225348	240008
ILMN_3301599	360138
ILMN_3225014	4120474
ILMN_3299330	5670259
ILMN_2116242	2140754
ILMN_1673744	7650471
ILMN_3305614	3140725
ILMN_1749809	5310315
ILMN_3243259	6270204
ILMN_1728710	780471
ILMN_1654858	460239
ILMN_3307312	2320424
ILMN_2151075	5890681
ILMN_1669064	4920747
ILMN_2175737	3840201
ILMN_1727574	1300500
ILMN_1729976	4480504
ILMN_2157843	2350400
ILMN_1718259	2680315
ILMN_1712605	7050059
ILMN_2190414	3130370
ILMN_3247592	2320593
ILMN_1658016	1940373
ILMN_2093775	6270040
ILMN_1771447	1710209
ILMN_1804268	6650372
ILMN_3244836	7050646
ILMN_3226700	4780360
ILMN_1777487	2260376
ILMN_3223798	540008
ILMN_3300358	3290687
ILMN_3272912	4640156
ILMN_3190632	5870114
ILMN_3235593	4900300
ILMN_3249372	7610093
ILMN_3238123	6220255
ILMN_3237579	6270192
ILMN_1737568	7510605
ILMN_1747824	1580280
ILMN_3245380	1780189
ILMN_1662165	1570653
ILMN_3249439	5490079
ILMN_1811814	5360427
ILMN_1802053	2640619
ILMN_1665327	2690370
ILMN_1808455	3140411
ILMN_2348259	6220414
ILMN_1679083	3930484
ILMN_1724158	5860053
ILMN_1726578	6060242
ILMN_1691705	2510435
ILMN_2229624	6200689
ILMN_1745148	3800487
ILMN_1741491	4150309
ILMN_1810392	5130521
ILMN_1812478	3450253
ILMN_1705331	4060048
ILMN_1750044	6650561
ILMN_1668540	150681
ILMN_3235065	780259
ILMN_1722894	4050673
ILMN_1692486	4060255
ILMN_2398587	4890112
ILMN_1742775	3440379
ILMN_1769503	3290722
ILMN_1788738	1340253
ILMN_1744545	3830463
ILMN_1654473	6250730
ILMN_1674519	6650577
ILMN_1805377	630474
ILMN_1662970	3440538
ILMN_1747102	4010110
ILMN_1672378	6590035
ILMN_1711662	7400392
ILMN_1683614	6560274
ILMN_2383638	10289
ILMN_1788040	2260136
ILMN_1666357	6860010
ILMN_1779031	6580113
ILMN_1757742	1410427
ILMN_1662383	2100139
ILMN_1703015	3850228
ILMN_1809857	3870187
ILMN_2150161	4860014
ILMN_3247732	2480070
ILMN_1716999	2630593
ILMN_1744398	6960692
ILMN_1786281	1580722
ILMN_3240829	4850433
ILMN_1809566	2470296
ILMN_1654946	6520280
ILMN_1675377	2450768
ILMN_1726512	3140022
ILMN_1653163	6180092
ILMN_1712051	6330520
ILMN_1765000	2140402
ILMN_1789410	940576
ILMN_1704765	2650717
ILMN_3244501	6900026
ILMN_1691772	610129
ILMN_1725718	7560528
ILMN_1675007	1410735
ILMN_3244172	520129
ILMN_1812856	4230286
ILMN_1747923	6860538
ILMN_2387251	2480482
ILMN_2283196	3850255
ILMN_1684960	4810280
ILMN_1794299	5270400
ILMN_2150654	1170072
ILMN_1735231	3870603
ILMN_1742069	6280093
ILMN_1777061	770152
ILMN_3298167	2000209
ILMN_1796119	5290717
ILMN_1712556	2970368
ILMN_1806483	780114
ILMN_1700378	4850221
ILMN_2374633	7000743
ILMN_1653209	650156
ILMN_2362545	3120307
ILMN_2362549	3800474
ILMN_1673117	4860296
ILMN_1679029	2710059
ILMN_1782034	3800286
ILMN_1713868	3830487
ILMN_2342250	4480441
ILMN_1779783	4570465
ILMN_1685547	1660722
ILMN_2348512	5080121
ILMN_1743643	5700132
ILMN_1794932	670477
ILMN_1723439	4480070
ILMN_1656676	7400296
ILMN_2371169	7050484
ILMN_1701875	7320594
ILMN_1786396	4760356
ILMN_1653618	1300441
ILMN_2137536	4120753
