primary_module_key	module_direction	provisional_module_id	provisional_module_label	evidence_grade	interpretation_status	direction_set	candidate_group_id	ENTREZID	SYMBOL	GENENAME	pooled_logFC	pooled_adj.P.Val	Sri_Lanka_logFC	United_States_logFC	stability_tier	recommended_use	representative_GO	representative_TERM	review_decision_tier	review_decision_rationale	final_claim_status	all_three_concordant	abs_pooled_logFC
higher_in_bacterial | Bacterial_higher_mitochondrial_respiration_programme | Mitochondrial respiration / oxidative phosphorylation programme | A_strong_GO_support	higher_in_bacterial	Bacterial_higher_mitochondrial_respiration_programme	Mitochondrial respiration / oxidative phosphorylation programme	A_strong_GO_support	candidate_module_ready_for_manual_biological_review	bacterial_higher_site_aware_eligible	Bacterial_higher_GO_group_03	4707	NDUFB1	NADH:ubiquinone oxidoreductase subunit B1	1.13040482082355	1.42028645004313e-13	1.33302678510374	0.907185513689181	Tier_1_cross_site_FDR05_direction_concordant	eligible_for_site_aware_pathway_or_module_discovery	GO:0032981	mitochondrial respiratory chain complex I assembly	primary_candidate_module	Compact and coherent bacterial-higher mitochondrial respiration/oxidative phosphorylation programme with strong GO support.	eligible_for_primary_manual_biological_review_not_final_claim	TRUE	1.13040482082355
higher_in_bacterial | Bacterial_higher_mitochondrial_respiration_programme | Mitochondrial respiration / oxidative phosphorylation programme | A_strong_GO_support	higher_in_bacterial	Bacterial_higher_mitochondrial_respiration_programme	Mitochondrial respiration / oxidative phosphorylation programme	A_strong_GO_support	candidate_module_ready_for_manual_biological_review	bacterial_higher_site_aware_eligible	Bacterial_higher_GO_group_03	4697	NDUFA4	NDUFA4 mitochondrial complex associated	1.43990870418483	6.83851168380457e-10	1.80560661979092	0.976466432194883	Tier_1_cross_site_FDR05_direction_concordant	eligible_for_site_aware_pathway_or_module_discovery	GO:0032981	mitochondrial respiratory chain complex I assembly	primary_candidate_module	Compact and coherent bacterial-higher mitochondrial respiration/oxidative phosphorylation programme with strong GO support.	eligible_for_primary_manual_biological_review_not_final_claim	TRUE	1.43990870418483
higher_in_bacterial | Bacterial_higher_mitochondrial_respiration_programme | Mitochondrial respiration / oxidative phosphorylation programme | A_strong_GO_support	higher_in_bacterial	Bacterial_higher_mitochondrial_respiration_programme	Mitochondrial respiration / oxidative phosphorylation programme	A_strong_GO_support	candidate_module_ready_for_manual_biological_review	bacterial_higher_site_aware_eligible	Bacterial_higher_GO_group_03	9551	ATP5MF	ATP synthase membrane subunit f	0.902637706698252	3.36721317372946e-09	0.898902675239108	0.948244177526573	Tier_1_cross_site_FDR05_direction_concordant	eligible_for_site_aware_pathway_or_module_discovery	GO:0032981	mitochondrial respiratory chain complex I assembly	primary_candidate_module	Compact and coherent bacterial-higher mitochondrial respiration/oxidative phosphorylation programme with strong GO support.	eligible_for_primary_manual_biological_review_not_final_claim	TRUE	0.902637706698252
higher_in_bacterial | Bacterial_higher_mitochondrial_respiration_programme | Mitochondrial respiration / oxidative phosphorylation programme | A_strong_GO_support	higher_in_bacterial	Bacterial_higher_mitochondrial_respiration_programme	Mitochondrial respiration / oxidative phosphorylation programme	A_strong_GO_support	candidate_module_ready_for_manual_biological_review	bacterial_higher_site_aware_eligible	Bacterial_higher_GO_group_03	4718	NDUFC2	NADH:ubiquinone oxidoreductase subunit C2	1.01958619210785	1.61824000924309e-07	1.06331966099925	1.02362076498133	Tier_1_cross_site_FDR05_direction_concordant	eligible_for_site_aware_pathway_or_module_discovery	GO:0032981	mitochondrial respiratory chain complex I assembly	primary_candidate_module	Compact and coherent bacterial-higher mitochondrial respiration/oxidative phosphorylation programme with strong GO support.	eligible_for_primary_manual_biological_review_not_final_claim	TRUE	1.01958619210785
higher_in_bacterial | Bacterial_higher_mitochondrial_respiration_programme | Mitochondrial respiration / oxidative phosphorylation programme | A_strong_GO_support	higher_in_bacterial	Bacterial_higher_mitochondrial_respiration_programme	Mitochondrial respiration / oxidative phosphorylation programme	A_strong_GO_support	candidate_module_ready_for_manual_biological_review	bacterial_higher_site_aware_eligible	Bacterial_higher_GO_group_03	521	ATP5ME	ATP synthase membrane subunit e	0.854381487138956	1.94247709485523e-07	1.11944082086528	0.536979774943048	Tier_2_pooled_FDR05_all_direction_concordant_one_site_FDR05	eligible_for_site_aware_pathway_or_module_discovery	GO:0032981	mitochondrial respiratory chain complex I assembly	primary_candidate_module	Compact and coherent bacterial-higher mitochondrial respiration/oxidative phosphorylation programme with strong GO support.	eligible_for_primary_manual_biological_review_not_final_claim	TRUE	0.854381487138956
higher_in_bacterial | Bacterial_higher_mitochondrial_respiration_programme | Mitochondrial respiration / oxidative phosphorylation programme | A_strong_GO_support	higher_in_bacterial	Bacterial_higher_mitochondrial_respiration_programme	Mitochondrial respiration / oxidative phosphorylation programme	A_strong_GO_support	candidate_module_ready_for_manual_biological_review	bacterial_higher_site_aware_eligible	Bacterial_higher_GO_group_03	51103	NDUFAF1	NADH:ubiquinone oxidoreductase complex assembly factor 1	0.787345494836507	1.41133962424495e-06	0.623040737784162	1.05771697821451	Tier_1_cross_site_FDR05_direction_concordant	eligible_for_site_aware_pathway_or_module_discovery	GO:0032981	mitochondrial respiratory chain complex I assembly	primary_candidate_module	Compact and coherent bacterial-higher mitochondrial respiration/oxidative phosphorylation programme with strong GO support.	eligible_for_primary_manual_biological_review_not_final_claim	TRUE	0.787345494836507
higher_in_bacterial | Bacterial_higher_mitochondrial_respiration_programme | Mitochondrial respiration / oxidative phosphorylation programme | A_strong_GO_support	higher_in_bacterial	Bacterial_higher_mitochondrial_respiration_programme	Mitochondrial respiration / oxidative phosphorylation programme	A_strong_GO_support	candidate_module_ready_for_manual_biological_review	bacterial_higher_site_aware_eligible	Bacterial_higher_GO_group_03	4709	NDUFB3	NADH:ubiquinone oxidoreductase subunit B3	0.741485853942643	3.04199410838174e-06	0.737152234652674	0.778148344490649	Tier_1_cross_site_FDR05_direction_concordant	eligible_for_site_aware_pathway_or_module_discovery	GO:0032981	mitochondrial respiratory chain complex I assembly	primary_candidate_module	Compact and coherent bacterial-higher mitochondrial respiration/oxidative phosphorylation programme with strong GO support.	eligible_for_primary_manual_biological_review_not_final_claim	TRUE	0.741485853942643
higher_in_bacterial | Bacterial_higher_mitochondrial_respiration_programme | Mitochondrial respiration / oxidative phosphorylation programme | A_strong_GO_support	higher_in_bacterial	Bacterial_higher_mitochondrial_respiration_programme	Mitochondrial respiration / oxidative phosphorylation programme	A_strong_GO_support	candidate_module_ready_for_manual_biological_review	bacterial_higher_site_aware_eligible	Bacterial_higher_GO_group_03	284184	NDUFAF8	NADH:ubiquinone oxidoreductase complex assembly factor 8	0.877025274263644	1.35087745689756e-05	1.51808180451778	0.0428620743118842	Tier_2_pooled_FDR05_all_direction_concordant_one_site_FDR05	eligible_for_site_aware_pathway_or_module_discovery	GO:0032981	mitochondrial respiratory chain complex I assembly	primary_candidate_module	Compact and coherent bacterial-higher mitochondrial respiration/oxidative phosphorylation programme with strong GO support.	eligible_for_primary_manual_biological_review_not_final_claim	TRUE	0.877025274263644
higher_in_bacterial | Bacterial_higher_mitochondrial_respiration_programme | Mitochondrial respiration / oxidative phosphorylation programme | A_strong_GO_support	higher_in_bacterial	Bacterial_higher_mitochondrial_respiration_programme	Mitochondrial respiration / oxidative phosphorylation programme	A_strong_GO_support	candidate_module_ready_for_manual_biological_review	bacterial_higher_site_aware_eligible	Bacterial_higher_GO_group_03	4191	MDH2	malate dehydrogenase 2	0.889557533443158	4.2259004662702e-05	1.34372990347824	0.220607022777692	Tier_2_pooled_FDR05_all_direction_concordant_one_site_FDR05	eligible_for_site_aware_pathway_or_module_discovery	GO:0032981	mitochondrial respiratory chain complex I assembly	primary_candidate_module	Compact and coherent bacterial-higher mitochondrial respiration/oxidative phosphorylation programme with strong GO support.	eligible_for_primary_manual_biological_review_not_final_claim	TRUE	0.889557533443158
higher_in_bacterial | Bacterial_higher_mitochondrial_respiration_programme | Mitochondrial respiration / oxidative phosphorylation programme | A_strong_GO_support	higher_in_bacterial	Bacterial_higher_mitochondrial_respiration_programme	Mitochondrial respiration / oxidative phosphorylation programme	A_strong_GO_support	candidate_module_ready_for_manual_biological_review	bacterial_higher_site_aware_eligible	Bacterial_higher_GO_group_03	4696	NDUFA3	NADH:ubiquinone oxidoreductase subunit A3	0.547547173818523	0.000766103014087434	0.666404302924705	0.366683242193272	Tier_2_pooled_FDR05_all_direction_concordant_one_site_FDR05	eligible_for_site_aware_pathway_or_module_discovery	GO:0032981	mitochondrial respiratory chain complex I assembly	primary_candidate_module	Compact and coherent bacterial-higher mitochondrial respiration/oxidative phosphorylation programme with strong GO support.	eligible_for_primary_manual_biological_review_not_final_claim	TRUE	0.547547173818523
higher_in_bacterial | Bacterial_higher_mitochondrial_respiration_programme | Mitochondrial respiration / oxidative phosphorylation programme | A_strong_GO_support	higher_in_bacterial	Bacterial_higher_mitochondrial_respiration_programme	Mitochondrial respiration / oxidative phosphorylation programme	A_strong_GO_support	candidate_module_ready_for_manual_biological_review	bacterial_higher_site_aware_eligible	Bacterial_higher_GO_group_03	498	ATP5F1A	ATP synthase F1 subunit alpha	0.758511889822559	0.000849765529150216	1.10125686173979	0.210439375149438	Tier_2_pooled_FDR05_all_direction_concordant_one_site_FDR05	eligible_for_site_aware_pathway_or_module_discovery	GO:0032981	mitochondrial respiratory chain complex I assembly	primary_candidate_module	Compact and coherent bacterial-higher mitochondrial respiration/oxidative phosphorylation programme with strong GO support.	eligible_for_primary_manual_biological_review_not_final_claim	TRUE	0.758511889822559
higher_in_bacterial | Bacterial_higher_mitochondrial_respiration_programme | Mitochondrial respiration / oxidative phosphorylation programme | A_strong_GO_support	higher_in_bacterial	Bacterial_higher_mitochondrial_respiration_programme	Mitochondrial respiration / oxidative phosphorylation programme	A_strong_GO_support	candidate_module_ready_for_manual_biological_review	bacterial_higher_site_aware_eligible	Bacterial_higher_GO_group_03	91942	NDUFAF2	NADH:ubiquinone oxidoreductase complex assembly factor 2	0.93421758325215	0.000950076710939535	1.41038787615625	0.248037153525855	Tier_2_pooled_FDR05_all_direction_concordant_one_site_FDR05	eligible_for_site_aware_pathway_or_module_discovery	GO:0032981	mitochondrial respiratory chain complex I assembly	primary_candidate_module	Compact and coherent bacterial-higher mitochondrial respiration/oxidative phosphorylation programme with strong GO support.	eligible_for_primary_manual_biological_review_not_final_claim	TRUE	0.93421758325215
higher_in_bacterial | Bacterial_higher_mitochondrial_respiration_programme | Mitochondrial respiration / oxidative phosphorylation programme | A_strong_GO_support	higher_in_bacterial	Bacterial_higher_mitochondrial_respiration_programme	Mitochondrial respiration / oxidative phosphorylation programme	A_strong_GO_support	candidate_module_ready_for_manual_biological_review	bacterial_higher_site_aware_eligible	Bacterial_higher_GO_group_03	4724	NDUFS4	NADH:ubiquinone oxidoreductase subunit S4	0.688832203336287	0.00111912727923689	0.830491122962114	0.515053945104625	Tier_2_pooled_FDR05_all_direction_concordant_one_site_FDR05	eligible_for_site_aware_pathway_or_module_discovery	GO:0032981	mitochondrial respiratory chain complex I assembly	primary_candidate_module	Compact and coherent bacterial-higher mitochondrial respiration/oxidative phosphorylation programme with strong GO support.	eligible_for_primary_manual_biological_review_not_final_claim	TRUE	0.688832203336287
higher_in_bacterial | Bacterial_higher_mitochondrial_respiration_programme | Mitochondrial respiration / oxidative phosphorylation programme | A_strong_GO_support	higher_in_bacterial	Bacterial_higher_mitochondrial_respiration_programme	Mitochondrial respiration / oxidative phosphorylation programme	A_strong_GO_support	candidate_module_ready_for_manual_biological_review	bacterial_higher_site_aware_eligible	Bacterial_higher_GO_group_03	55471	NDUFAF7	NADH:ubiquinone oxidoreductase complex assembly factor 7	0.580424098358827	0.00120247288716524	0.61805690113816	0.51760975827121	Tier_2_pooled_FDR05_all_direction_concordant_one_site_FDR05	eligible_for_site_aware_pathway_or_module_discovery	GO:0032981	mitochondrial respiratory chain complex I assembly	primary_candidate_module	Compact and coherent bacterial-higher mitochondrial respiration/oxidative phosphorylation programme with strong GO support.	eligible_for_primary_manual_biological_review_not_final_claim	TRUE	0.580424098358827
higher_in_bacterial | Bacterial_higher_mitochondrial_respiration_programme | Mitochondrial respiration / oxidative phosphorylation programme | A_strong_GO_support	higher_in_bacterial	Bacterial_higher_mitochondrial_respiration_programme	Mitochondrial respiration / oxidative phosphorylation programme	A_strong_GO_support	candidate_module_ready_for_manual_biological_review	bacterial_higher_site_aware_eligible	Bacterial_higher_GO_group_03	25880	TMEM186	transmembrane protein 186	0.552760305913266	0.00135830443036077	0.879035667586107	0.15458106625207	Tier_2_pooled_FDR05_all_direction_concordant_one_site_FDR05	eligible_for_site_aware_pathway_or_module_discovery	GO:0032981	mitochondrial respiratory chain complex I assembly	primary_candidate_module	Compact and coherent bacterial-higher mitochondrial respiration/oxidative phosphorylation programme with strong GO support.	eligible_for_primary_manual_biological_review_not_final_claim	TRUE	0.552760305913266
higher_in_bacterial | Bacterial_higher_mitochondrial_respiration_programme | Mitochondrial respiration / oxidative phosphorylation programme | A_strong_GO_support	higher_in_bacterial	Bacterial_higher_mitochondrial_respiration_programme	Mitochondrial respiration / oxidative phosphorylation programme	A_strong_GO_support	candidate_module_ready_for_manual_biological_review	bacterial_higher_site_aware_eligible	Bacterial_higher_GO_group_03	113115	MTFR2	mitochondrial fission regulator 2	0.90526410150697	0.00136542979637154	1.32495799661447	0.283629656930538	Tier_2_pooled_FDR05_all_direction_concordant_one_site_FDR05	eligible_for_site_aware_pathway_or_module_discovery	GO:0032981	mitochondrial respiratory chain complex I assembly	primary_candidate_module	Compact and coherent bacterial-higher mitochondrial respiration/oxidative phosphorylation programme with strong GO support.	eligible_for_primary_manual_biological_review_not_final_claim	TRUE	0.90526410150697
higher_in_bacterial | Bacterial_higher_mitochondrial_respiration_programme | Mitochondrial respiration / oxidative phosphorylation programme | A_strong_GO_support	higher_in_bacterial	Bacterial_higher_mitochondrial_respiration_programme	Mitochondrial respiration / oxidative phosphorylation programme	A_strong_GO_support	candidate_module_ready_for_manual_biological_review	bacterial_higher_site_aware_eligible	Bacterial_higher_GO_group_03	84233	TMEM126A	transmembrane protein 126A	0.692007641497845	0.00297556828551306	0.933753992189987	0.382266841751438	Tier_2_pooled_FDR05_all_direction_concordant_one_site_FDR05	eligible_for_site_aware_pathway_or_module_discovery	GO:0032981	mitochondrial respiratory chain complex I assembly	primary_candidate_module	Compact and coherent bacterial-higher mitochondrial respiration/oxidative phosphorylation programme with strong GO support.	eligible_for_primary_manual_biological_review_not_final_claim	TRUE	0.692007641497845
higher_in_bacterial | Bacterial_higher_mitochondrial_respiration_programme | Mitochondrial respiration / oxidative phosphorylation programme | A_strong_GO_support	higher_in_bacterial	Bacterial_higher_mitochondrial_respiration_programme	Mitochondrial respiration / oxidative phosphorylation programme	A_strong_GO_support	candidate_module_ready_for_manual_biological_review	bacterial_higher_site_aware_eligible	Bacterial_higher_GO_group_03	137682	NDUFAF6	NADH:ubiquinone oxidoreductase complex assembly factor 6	-0.724220963534201	0.00299997132490686	-0.659524331342295	-0.94682931807158	Tier_1_cross_site_FDR05_direction_concordant	eligible_for_site_aware_pathway_or_module_discovery	GO:0032981	mitochondrial respiratory chain complex I assembly	primary_candidate_module	Compact and coherent bacterial-higher mitochondrial respiration/oxidative phosphorylation programme with strong GO support.	eligible_for_primary_manual_biological_review_not_final_claim	TRUE	0.724220963534201
higher_in_bacterial | Bacterial_higher_mitochondrial_respiration_programme | Mitochondrial respiration / oxidative phosphorylation programme | A_strong_GO_support	higher_in_bacterial	Bacterial_higher_mitochondrial_respiration_programme	Mitochondrial respiration / oxidative phosphorylation programme	A_strong_GO_support	candidate_module_ready_for_manual_biological_review	bacterial_higher_site_aware_eligible	Bacterial_higher_GO_group_03	847	CAT	catalase	0.546611511781923	0.00338050113395296	0.220512598721183	1.03226726442018	Tier_2_pooled_FDR05_all_direction_concordant_one_site_FDR05	eligible_for_site_aware_pathway_or_module_discovery	GO:0032981	mitochondrial respiratory chain complex I assembly	primary_candidate_module	Compact and coherent bacterial-higher mitochondrial respiration/oxidative phosphorylation programme with strong GO support.	eligible_for_primary_manual_biological_review_not_final_claim	TRUE	0.546611511781923
higher_in_bacterial | Bacterial_higher_mitochondrial_respiration_programme | Mitochondrial respiration / oxidative phosphorylation programme | A_strong_GO_support	higher_in_bacterial	Bacterial_higher_mitochondrial_respiration_programme	Mitochondrial respiration / oxidative phosphorylation programme	A_strong_GO_support	candidate_module_ready_for_manual_biological_review	bacterial_higher_site_aware_eligible	Bacterial_higher_GO_group_03	9016	SLC25A14	solute carrier family 25 member 14	0.532063697195929	0.00548107178909845	0.841979016765444	0.0552508071749986	Tier_2_pooled_FDR05_all_direction_concordant_one_site_FDR05	eligible_for_site_aware_pathway_or_module_discovery	GO:0032981	mitochondrial respiratory chain complex I assembly	primary_candidate_module	Compact and coherent bacterial-higher mitochondrial respiration/oxidative phosphorylation programme with strong GO support.	eligible_for_primary_manual_biological_review_not_final_claim	TRUE	0.532063697195929
higher_in_bacterial | Bacterial_higher_mitochondrial_respiration_programme | Mitochondrial respiration / oxidative phosphorylation programme | A_strong_GO_support	higher_in_bacterial	Bacterial_higher_mitochondrial_respiration_programme	Mitochondrial respiration / oxidative phosphorylation programme	A_strong_GO_support	candidate_module_ready_for_manual_biological_review	bacterial_higher_site_aware_eligible	Bacterial_higher_GO_group_03	4731	NDUFV3	NADH:ubiquinone oxidoreductase subunit V3	0.639635215949223	0.0192210448515391	0.706815816899603	0.542682359672071	Tier_3_pooled_FDR05_all_direction_concordant_site_nominal_or_weaker	eligible_for_site_aware_pathway_or_module_discovery	GO:0032981	mitochondrial respiratory chain complex I assembly	primary_candidate_module	Compact and coherent bacterial-higher mitochondrial respiration/oxidative phosphorylation programme with strong GO support.	eligible_for_primary_manual_biological_review_not_final_claim	TRUE	0.639635215949223
higher_in_bacterial | Bacterial_higher_translation_ribosomal_programme | Cytoplasmic translation / ribosomal protein programme | A_strong_GO_support	higher_in_bacterial	Bacterial_higher_translation_ribosomal_programme	Cytoplasmic translation / ribosomal protein programme	A_strong_GO_support	candidate_module_ready_for_manual_biological_review	bacterial_higher_site_aware_eligible	Bacterial_higher_GO_group_01	6210	RPS15A	ribosomal protein S15a	0.9413329289266	1.48083565196838e-09	1.39742195275229	0.354047825554733	Tier_2_pooled_FDR05_all_direction_concordant_one_site_FDR05	eligible_for_site_aware_pathway_or_module_discovery	GO:0002181	cytoplasmic translation	primary_candidate_module	Compact and coherent bacterial-higher translation/ribosomal programme with strong GO support.	eligible_for_primary_manual_biological_review_not_final_claim	TRUE	0.9413329289266
higher_in_bacterial | Bacterial_higher_translation_ribosomal_programme | Cytoplasmic translation / ribosomal protein programme | A_strong_GO_support	higher_in_bacterial	Bacterial_higher_translation_ribosomal_programme	Cytoplasmic translation / ribosomal protein programme	A_strong_GO_support	candidate_module_ready_for_manual_biological_review	bacterial_higher_site_aware_eligible	Bacterial_higher_GO_group_01	6189	RPS3A	ribosomal protein S3A	0.923426159951376	4.76049153034386e-09	1.41703255494337	0.281518252426068	Tier_2_pooled_FDR05_all_direction_concordant_one_site_FDR05	eligible_for_site_aware_pathway_or_module_discovery	GO:0002181	cytoplasmic translation	primary_candidate_module	Compact and coherent bacterial-higher translation/ribosomal programme with strong GO support.	eligible_for_primary_manual_biological_review_not_final_claim	TRUE	0.923426159951376
higher_in_bacterial | Bacterial_higher_translation_ribosomal_programme | Cytoplasmic translation / ribosomal protein programme | A_strong_GO_support	higher_in_bacterial	Bacterial_higher_translation_ribosomal_programme	Cytoplasmic translation / ribosomal protein programme	A_strong_GO_support	candidate_module_ready_for_manual_biological_review	bacterial_higher_site_aware_eligible	Bacterial_higher_GO_group_01	6203	RPS9	ribosomal protein S9	0.917981723082076	5.25159079316342e-09	1.09524860714812	0.710725103204841	Tier_1_cross_site_FDR05_direction_concordant	eligible_for_site_aware_pathway_or_module_discovery	GO:0002181	cytoplasmic translation	primary_candidate_module	Compact and coherent bacterial-higher translation/ribosomal programme with strong GO support.	eligible_for_primary_manual_biological_review_not_final_claim	TRUE	0.917981723082076
higher_in_bacterial | Bacterial_higher_translation_ribosomal_programme | Cytoplasmic translation / ribosomal protein programme | A_strong_GO_support	higher_in_bacterial	Bacterial_higher_translation_ribosomal_programme	Cytoplasmic translation / ribosomal protein programme	A_strong_GO_support	candidate_module_ready_for_manual_biological_review	bacterial_higher_site_aware_eligible	Bacterial_higher_GO_group_01	6155	RPL27	ribosomal protein L27	0.961545224886126	6.57709825254048e-09	1.26225735191614	0.571128820629504	Tier_2_pooled_FDR05_all_direction_concordant_one_site_FDR05	eligible_for_site_aware_pathway_or_module_discovery	GO:0002181	cytoplasmic translation	primary_candidate_module	Compact and coherent bacterial-higher translation/ribosomal programme with strong GO support.	eligible_for_primary_manual_biological_review_not_final_claim	TRUE	0.961545224886126
higher_in_bacterial | Bacterial_higher_translation_ribosomal_programme | Cytoplasmic translation / ribosomal protein programme | A_strong_GO_support	higher_in_bacterial	Bacterial_higher_translation_ribosomal_programme	Cytoplasmic translation / ribosomal protein programme	A_strong_GO_support	candidate_module_ready_for_manual_biological_review	bacterial_higher_site_aware_eligible	Bacterial_higher_GO_group_01	51121	RPL26L1	ribosomal protein L26 like 1	1.01779142892669	4.13805853014388e-08	1.25389311074601	0.707176409124017	Tier_1_cross_site_FDR05_direction_concordant	eligible_for_site_aware_pathway_or_module_discovery	GO:0002181	cytoplasmic translation	primary_candidate_module	Compact and coherent bacterial-higher translation/ribosomal programme with strong GO support.	eligible_for_primary_manual_biological_review_not_final_claim	TRUE	1.01779142892669
higher_in_bacterial | Bacterial_higher_translation_ribosomal_programme | Cytoplasmic translation / ribosomal protein programme | A_strong_GO_support	higher_in_bacterial	Bacterial_higher_translation_ribosomal_programme	Cytoplasmic translation / ribosomal protein programme	A_strong_GO_support	candidate_module_ready_for_manual_biological_review	bacterial_higher_site_aware_eligible	Bacterial_higher_GO_group_01	6175	RPLP0	ribosomal protein lateral stalk subunit P0	0.789103468601545	2.07898603782838e-07	1.17999470116209	0.263591038499308	Tier_2_pooled_FDR05_all_direction_concordant_one_site_FDR05	eligible_for_site_aware_pathway_or_module_discovery	GO:0002181	cytoplasmic translation	primary_candidate_module	Compact and coherent bacterial-higher translation/ribosomal programme with strong GO support.	eligible_for_primary_manual_biological_review_not_final_claim	TRUE	0.789103468601545
higher_in_bacterial | Bacterial_higher_translation_ribosomal_programme | Cytoplasmic translation / ribosomal protein programme | A_strong_GO_support	higher_in_bacterial	Bacterial_higher_translation_ribosomal_programme	Cytoplasmic translation / ribosomal protein programme	A_strong_GO_support	candidate_module_ready_for_manual_biological_review	bacterial_higher_site_aware_eligible	Bacterial_higher_GO_group_01	6201	RPS7	ribosomal protein S7	0.790592425426969	3.24590010157314e-07	1.2166563219586	0.233746652189371	Tier_2_pooled_FDR05_all_direction_concordant_one_site_FDR05	eligible_for_site_aware_pathway_or_module_discovery	GO:0002181	cytoplasmic translation	primary_candidate_module	Compact and coherent bacterial-higher translation/ribosomal programme with strong GO support.	eligible_for_primary_manual_biological_review_not_final_claim	TRUE	0.790592425426969
higher_in_bacterial | Bacterial_higher_translation_ribosomal_programme | Cytoplasmic translation / ribosomal protein programme | A_strong_GO_support	higher_in_bacterial	Bacterial_higher_translation_ribosomal_programme	Cytoplasmic translation / ribosomal protein programme	A_strong_GO_support	candidate_module_ready_for_manual_biological_review	bacterial_higher_site_aware_eligible	Bacterial_higher_GO_group_01	9349	RPL23	ribosomal protein L23	0.827962621973926	3.7390044691387e-07	1.26006602138652	0.247957375371383	Tier_2_pooled_FDR05_all_direction_concordant_one_site_FDR05	eligible_for_site_aware_pathway_or_module_discovery	GO:0002181	cytoplasmic translation	primary_candidate_module	Compact and coherent bacterial-higher translation/ribosomal programme with strong GO support.	eligible_for_primary_manual_biological_review_not_final_claim	TRUE	0.827962621973926
higher_in_bacterial | Bacterial_higher_translation_ribosomal_programme | Cytoplasmic translation / ribosomal protein programme | A_strong_GO_support	higher_in_bacterial	Bacterial_higher_translation_ribosomal_programme	Cytoplasmic translation / ribosomal protein programme	A_strong_GO_support	candidate_module_ready_for_manual_biological_review	bacterial_higher_site_aware_eligible	Bacterial_higher_GO_group_01	6232	RPS27	ribosomal protein S27	0.823491350935432	4.2487672416444e-07	1.33471704439929	0.163045986195595	Tier_2_pooled_FDR05_all_direction_concordant_one_site_FDR05	eligible_for_site_aware_pathway_or_module_discovery	GO:0002181	cytoplasmic translation	primary_candidate_module	Compact and coherent bacterial-higher translation/ribosomal programme with strong GO support.	eligible_for_primary_manual_biological_review_not_final_claim	TRUE	0.823491350935432
higher_in_bacterial | Bacterial_higher_translation_ribosomal_programme | Cytoplasmic translation / ribosomal protein programme | A_strong_GO_support	higher_in_bacterial	Bacterial_higher_translation_ribosomal_programme	Cytoplasmic translation / ribosomal protein programme	A_strong_GO_support	candidate_module_ready_for_manual_biological_review	bacterial_higher_site_aware_eligible	Bacterial_higher_GO_group_01	6138	RPL15	ribosomal protein L15	0.863639333295638	2.17650988393705e-06	1.38247014501121	0.0890416144721429	Tier_2_pooled_FDR05_all_direction_concordant_one_site_FDR05	eligible_for_site_aware_pathway_or_module_discovery	GO:0002181	cytoplasmic translation	primary_candidate_module	Compact and coherent bacterial-higher translation/ribosomal programme with strong GO support.	eligible_for_primary_manual_biological_review_not_final_claim	TRUE	0.863639333295638
higher_in_bacterial | Bacterial_higher_translation_ribosomal_programme | Cytoplasmic translation / ribosomal protein programme | A_strong_GO_support	higher_in_bacterial	Bacterial_higher_translation_ribosomal_programme	Cytoplasmic translation / ribosomal protein programme	A_strong_GO_support	candidate_module_ready_for_manual_biological_review	bacterial_higher_site_aware_eligible	Bacterial_higher_GO_group_01	6133	RPL9	ribosomal protein L9	0.772687602089642	6.71953606222421e-06	1.1905994104294	0.192868315116375	Tier_2_pooled_FDR05_all_direction_concordant_one_site_FDR05	eligible_for_site_aware_pathway_or_module_discovery	GO:0002181	cytoplasmic translation	primary_candidate_module	Compact and coherent bacterial-higher translation/ribosomal programme with strong GO support.	eligible_for_primary_manual_biological_review_not_final_claim	TRUE	0.772687602089642
higher_in_bacterial | Bacterial_higher_translation_ribosomal_programme | Cytoplasmic translation / ribosomal protein programme | A_strong_GO_support	higher_in_bacterial	Bacterial_higher_translation_ribosomal_programme	Cytoplasmic translation / ribosomal protein programme	A_strong_GO_support	candidate_module_ready_for_manual_biological_review	bacterial_higher_site_aware_eligible	Bacterial_higher_GO_group_01	6160	RPL31	ribosomal protein L31	0.738783909947779	1.36238869750301e-05	1.18139689129579	0.132679629130271	Tier_2_pooled_FDR05_all_direction_concordant_one_site_FDR05	eligible_for_site_aware_pathway_or_module_discovery	GO:0002181	cytoplasmic translation	primary_candidate_module	Compact and coherent bacterial-higher translation/ribosomal programme with strong GO support.	eligible_for_primary_manual_biological_review_not_final_claim	TRUE	0.738783909947779
higher_in_bacterial | Bacterial_higher_translation_ribosomal_programme | Cytoplasmic translation / ribosomal protein programme | A_strong_GO_support	higher_in_bacterial	Bacterial_higher_translation_ribosomal_programme	Cytoplasmic translation / ribosomal protein programme	A_strong_GO_support	candidate_module_ready_for_manual_biological_review	bacterial_higher_site_aware_eligible	Bacterial_higher_GO_group_01	6139	RPL17	ribosomal protein L17	0.712286424459672	3.03045047696842e-05	1.07033554518422	0.205826149841478	Tier_2_pooled_FDR05_all_direction_concordant_one_site_FDR05	eligible_for_site_aware_pathway_or_module_discovery	GO:0002181	cytoplasmic translation	primary_candidate_module	Compact and coherent bacterial-higher translation/ribosomal programme with strong GO support.	eligible_for_primary_manual_biological_review_not_final_claim	TRUE	0.712286424459672
higher_in_bacterial | Bacterial_higher_translation_ribosomal_programme | Cytoplasmic translation / ribosomal protein programme | A_strong_GO_support	higher_in_bacterial	Bacterial_higher_translation_ribosomal_programme	Cytoplasmic translation / ribosomal protein programme	A_strong_GO_support	candidate_module_ready_for_manual_biological_review	bacterial_higher_site_aware_eligible	Bacterial_higher_GO_group_01	6164	RPL34	ribosomal protein L34	0.754133874972954	0.000159381627987174	1.22564947441387	0.086204583645625	Tier_2_pooled_FDR05_all_direction_concordant_one_site_FDR05	eligible_for_site_aware_pathway_or_module_discovery	GO:0002181	cytoplasmic translation	primary_candidate_module	Compact and coherent bacterial-higher translation/ribosomal programme with strong GO support.	eligible_for_primary_manual_biological_review_not_final_claim	TRUE	0.754133874972954
higher_in_bacterial | Bacterial_higher_translation_ribosomal_programme | Cytoplasmic translation / ribosomal protein programme | A_strong_GO_support	higher_in_bacterial	Bacterial_higher_translation_ribosomal_programme	Cytoplasmic translation / ribosomal protein programme	A_strong_GO_support	candidate_module_ready_for_manual_biological_review	bacterial_higher_site_aware_eligible	Bacterial_higher_GO_group_01	6229	RPS24	ribosomal protein S24	0.675687329340527	0.000164252772960764	0.913741330586204	0.331005519362698	Tier_2_pooled_FDR05_all_direction_concordant_one_site_FDR05	eligible_for_site_aware_pathway_or_module_discovery	GO:0002181	cytoplasmic translation	primary_candidate_module	Compact and coherent bacterial-higher translation/ribosomal programme with strong GO support.	eligible_for_primary_manual_biological_review_not_final_claim	TRUE	0.675687329340527
higher_in_bacterial | Bacterial_higher_translation_ribosomal_programme | Cytoplasmic translation / ribosomal protein programme | A_strong_GO_support	higher_in_bacterial	Bacterial_higher_translation_ribosomal_programme	Cytoplasmic translation / ribosomal protein programme	A_strong_GO_support	candidate_module_ready_for_manual_biological_review	bacterial_higher_site_aware_eligible	Bacterial_higher_GO_group_01	6159	RPL29	ribosomal protein L29	0.587611433035793	0.000201709914852122	0.925332935720541	0.082088349225134	Tier_2_pooled_FDR05_all_direction_concordant_one_site_FDR05	eligible_for_site_aware_pathway_or_module_discovery	GO:0002181	cytoplasmic translation	primary_candidate_module	Compact and coherent bacterial-higher translation/ribosomal programme with strong GO support.	eligible_for_primary_manual_biological_review_not_final_claim	TRUE	0.587611433035793
higher_in_bacterial | Bacterial_higher_translation_ribosomal_programme | Cytoplasmic translation / ribosomal protein programme | A_strong_GO_support	higher_in_bacterial	Bacterial_higher_translation_ribosomal_programme	Cytoplasmic translation / ribosomal protein programme	A_strong_GO_support	candidate_module_ready_for_manual_biological_review	bacterial_higher_site_aware_eligible	Bacterial_higher_GO_group_01	29093	MRPL22	mitochondrial ribosomal protein L22	0.64924288905948	0.000856662602886584	0.987213027065084	0.228282117143766	Tier_2_pooled_FDR05_all_direction_concordant_one_site_FDR05	eligible_for_site_aware_pathway_or_module_discovery	GO:0002181	cytoplasmic translation	primary_candidate_module	Compact and coherent bacterial-higher translation/ribosomal programme with strong GO support.	eligible_for_primary_manual_biological_review_not_final_claim	TRUE	0.64924288905948
higher_in_bacterial | Bacterial_higher_translation_ribosomal_programme | Cytoplasmic translation / ribosomal protein programme | A_strong_GO_support	higher_in_bacterial	Bacterial_higher_translation_ribosomal_programme	Cytoplasmic translation / ribosomal protein programme	A_strong_GO_support	candidate_module_ready_for_manual_biological_review	bacterial_higher_site_aware_eligible	Bacterial_higher_GO_group_01	6192	RPS4Y1	ribosomal protein S4 Y-linked 1	3.09978077536379	0.000868780012795459	2.44785711248564	3.89466323350091	Tier_2_pooled_FDR05_all_direction_concordant_one_site_FDR05	eligible_for_site_aware_pathway_or_module_discovery	GO:0002181	cytoplasmic translation	primary_candidate_module	Compact and coherent bacterial-higher translation/ribosomal programme with strong GO support.	eligible_for_primary_manual_biological_review_not_final_claim	TRUE	3.09978077536379
higher_in_bacterial | Bacterial_higher_translation_ribosomal_programme | Cytoplasmic translation / ribosomal protein programme | A_strong_GO_support	higher_in_bacterial	Bacterial_higher_translation_ribosomal_programme	Cytoplasmic translation / ribosomal protein programme	A_strong_GO_support	candidate_module_ready_for_manual_biological_review	bacterial_higher_site_aware_eligible	Bacterial_higher_GO_group_01	28998	MRPL13	mitochondrial ribosomal protein L13	0.814783290342086	0.00191519371102425	1.35644956007476	0.108149339703897	Tier_2_pooled_FDR05_all_direction_concordant_one_site_FDR05	eligible_for_site_aware_pathway_or_module_discovery	GO:0002181	cytoplasmic translation	primary_candidate_module	Compact and coherent bacterial-higher translation/ribosomal programme with strong GO support.	eligible_for_primary_manual_biological_review_not_final_claim	TRUE	0.814783290342086
higher_in_bacterial | Bacterial_higher_translation_ribosomal_programme | Cytoplasmic translation / ribosomal protein programme | A_strong_GO_support	higher_in_bacterial	Bacterial_higher_translation_ribosomal_programme	Cytoplasmic translation / ribosomal protein programme	A_strong_GO_support	candidate_module_ready_for_manual_biological_review	bacterial_higher_site_aware_eligible	Bacterial_higher_GO_group_01	51023	MRPS18C	mitochondrial ribosomal protein S18C	0.574856545739653	0.00223379431478885	0.584641671864443	0.63590301296843	Tier_1_cross_site_FDR05_direction_concordant	eligible_for_site_aware_pathway_or_module_discovery	GO:0002181	cytoplasmic translation	primary_candidate_module	Compact and coherent bacterial-higher translation/ribosomal programme with strong GO support.	eligible_for_primary_manual_biological_review_not_final_claim	TRUE	0.574856545739653
higher_in_bacterial | Bacterial_higher_translation_ribosomal_programme | Cytoplasmic translation / ribosomal protein programme | A_strong_GO_support	higher_in_bacterial	Bacterial_higher_translation_ribosomal_programme	Cytoplasmic translation / ribosomal protein programme	A_strong_GO_support	candidate_module_ready_for_manual_biological_review	bacterial_higher_site_aware_eligible	Bacterial_higher_GO_group_01	7311	UBA52	ubiquitin A-52 residue ribosomal protein fusion product 1	0.910256124093008	0.00353385187521303	1.47392239844432	0.0235960780065729	Tier_2_pooled_FDR05_all_direction_concordant_one_site_FDR05	eligible_for_site_aware_pathway_or_module_discovery	GO:0002181	cytoplasmic translation	primary_candidate_module	Compact and coherent bacterial-higher translation/ribosomal programme with strong GO support.	eligible_for_primary_manual_biological_review_not_final_claim	TRUE	0.910256124093008
higher_in_bacterial | Bacterial_higher_translation_ribosomal_programme | Cytoplasmic translation / ribosomal protein programme | A_strong_GO_support	higher_in_bacterial	Bacterial_higher_translation_ribosomal_programme	Cytoplasmic translation / ribosomal protein programme	A_strong_GO_support	candidate_module_ready_for_manual_biological_review	bacterial_higher_site_aware_eligible	Bacterial_higher_GO_group_01	6154	RPL26	ribosomal protein L26	0.463065114178104	0.00498938144636358	0.740703351984057	0.0768328197676927	Tier_2_pooled_FDR05_all_direction_concordant_one_site_FDR05	eligible_for_site_aware_pathway_or_module_discovery	GO:0002181	cytoplasmic translation	primary_candidate_module	Compact and coherent bacterial-higher translation/ribosomal programme with strong GO support.	eligible_for_primary_manual_biological_review_not_final_claim	TRUE	0.463065114178104
higher_in_bacterial | Bacterial_higher_translation_ribosomal_programme | Cytoplasmic translation / ribosomal protein programme | A_strong_GO_support	higher_in_bacterial	Bacterial_higher_translation_ribosomal_programme	Cytoplasmic translation / ribosomal protein programme	A_strong_GO_support	candidate_module_ready_for_manual_biological_review	bacterial_higher_site_aware_eligible	Bacterial_higher_GO_group_01	64963	MRPS11	mitochondrial ribosomal protein S11	0.467217494460289	0.00881364755419309	0.664298685989782	0.236804586737689	Tier_2_pooled_FDR05_all_direction_concordant_one_site_FDR05	eligible_for_site_aware_pathway_or_module_discovery	GO:0002181	cytoplasmic translation	primary_candidate_module	Compact and coherent bacterial-higher translation/ribosomal programme with strong GO support.	eligible_for_primary_manual_biological_review_not_final_claim	TRUE	0.467217494460289
higher_in_bacterial | Bacterial_higher_translation_ribosomal_programme | Cytoplasmic translation / ribosomal protein programme | A_strong_GO_support	higher_in_bacterial	Bacterial_higher_translation_ribosomal_programme	Cytoplasmic translation / ribosomal protein programme	A_strong_GO_support	candidate_module_ready_for_manual_biological_review	bacterial_higher_site_aware_eligible	Bacterial_higher_GO_group_01	1979	EIF4EBP2	eukaryotic translation initiation factor 4E binding protein 2	0.430813077546224	0.0159481940389967	0.5786135207367	0.12392004783902	Tier_2_pooled_FDR05_all_direction_concordant_one_site_FDR05	eligible_for_site_aware_pathway_or_module_discovery	GO:0002181	cytoplasmic translation	primary_candidate_module	Compact and coherent bacterial-higher translation/ribosomal programme with strong GO support.	eligible_for_primary_manual_biological_review_not_final_claim	TRUE	0.430813077546224
higher_in_bacterial | Bacterial_higher_translation_ribosomal_programme | Cytoplasmic translation / ribosomal protein programme | A_strong_GO_support	higher_in_bacterial	Bacterial_higher_translation_ribosomal_programme	Cytoplasmic translation / ribosomal protein programme	A_strong_GO_support	candidate_module_ready_for_manual_biological_review	bacterial_higher_site_aware_eligible	Bacterial_higher_GO_group_01	100288805	HYDIN2	HYDIN axonemal central pair apparatus protein 2 (pseudogene)	0.796874082028632	0.0188338150260526	1.16728575253985	0.362084937938863	Tier_2_pooled_FDR05_all_direction_concordant_one_site_FDR05	eligible_for_site_aware_pathway_or_module_discovery	GO:0002181	cytoplasmic translation	primary_candidate_module	Compact and coherent bacterial-higher translation/ribosomal programme with strong GO support.	eligible_for_primary_manual_biological_review_not_final_claim	TRUE	0.796874082028632
higher_in_viral | Viral_higher_antiviral_interferon_programme | Antiviral / interferon-response programme | A_strong_GO_support	higher_in_viral	Viral_higher_antiviral_interferon_programme	Antiviral / interferon-response programme	A_strong_GO_support	candidate_module_ready_for_manual_biological_review	viral_higher_site_aware_eligible	Viral_higher_GO_group_04	3429	IFI27	interferon alpha inducible protein 27	-4.76772856416775	2.51896266086772e-33	-5.43444150089658	-4.14967904484638	Tier_1_cross_site_FDR05_direction_concordant	eligible_for_site_aware_pathway_or_module_discovery	GO:0051607	defense response to virus	primary_candidate_module	Coherent viral-higher antiviral/interferon programme with strong/moderate GO support and recognizable overlap genes.	eligible_for_primary_manual_biological_review_not_final_claim	TRUE	4.76772856416775
higher_in_viral | Viral_higher_antiviral_interferon_programme | Antiviral / interferon-response programme | A_strong_GO_support	higher_in_viral	Viral_higher_antiviral_interferon_programme	Antiviral / interferon-response programme	A_strong_GO_support	candidate_module_ready_for_manual_biological_review	viral_higher_site_aware_eligible	Viral_higher_GO_group_04	3434	IFIT1	interferon induced protein with tetratricopeptide repeats 1	-3.77323797706401	5.90023842003119e-28	-4.31758142819668	-3.3023648897722	Tier_1_cross_site_FDR05_direction_concordant	eligible_for_site_aware_pathway_or_module_discovery	GO:0051607	defense response to virus	primary_candidate_module	Coherent viral-higher antiviral/interferon programme with strong/moderate GO support and recognizable overlap genes.	eligible_for_primary_manual_biological_review_not_final_claim	TRUE	3.77323797706401
higher_in_viral | Viral_higher_antiviral_interferon_programme | Antiviral / interferon-response programme | A_strong_GO_support	higher_in_viral	Viral_higher_antiviral_interferon_programme	Antiviral / interferon-response programme	A_strong_GO_support	candidate_module_ready_for_manual_biological_review	viral_higher_site_aware_eligible	Viral_higher_GO_group_04	4939	OAS2	2'-5'-oligoadenylate synthetase 2	-2.5438885237371	2.53078049765381e-26	-2.97073576687252	-2.14584641807247	Tier_1_cross_site_FDR05_direction_concordant	eligible_for_site_aware_pathway_or_module_discovery	GO:0051607	defense response to virus	primary_candidate_module	Coherent viral-higher antiviral/interferon programme with strong/moderate GO support and recognizable overlap genes.	eligible_for_primary_manual_biological_review_not_final_claim	TRUE	2.5438885237371
higher_in_viral | Viral_higher_antiviral_interferon_programme | Antiviral / interferon-response programme | A_strong_GO_support	higher_in_viral	Viral_higher_antiviral_interferon_programme	Antiviral / interferon-response programme	A_strong_GO_support	candidate_module_ready_for_manual_biological_review	viral_higher_site_aware_eligible	Viral_higher_GO_group_04	91543	RSAD2	radical S-adenosyl methionine domain containing 2	-3.80660619529833	1.0483306591404e-25	-4.41051954754139	-3.27440570413228	Tier_1_cross_site_FDR05_direction_concordant	eligible_for_site_aware_pathway_or_module_discovery	GO:0051607	defense response to virus	primary_candidate_module	Coherent viral-higher antiviral/interferon programme with strong/moderate GO support and recognizable overlap genes.	eligible_for_primary_manual_biological_review_not_final_claim	TRUE	3.80660619529833
higher_in_viral | Viral_higher_antiviral_interferon_programme | Antiviral / interferon-response programme | A_strong_GO_support	higher_in_viral	Viral_higher_antiviral_interferon_programme	Antiviral / interferon-response programme	A_strong_GO_support	candidate_module_ready_for_manual_biological_review	viral_higher_site_aware_eligible	Viral_higher_GO_group_04	558	AXL	AXL receptor tyrosine kinase	-3.17923170835126	4.68272711235833e-25	-3.64120475856249	-2.77812738779044	Tier_1_cross_site_FDR05_direction_concordant	eligible_for_site_aware_pathway_or_module_discovery	GO:0051607	defense response to virus	primary_candidate_module	Coherent viral-higher antiviral/interferon programme with strong/moderate GO support and recognizable overlap genes.	eligible_for_primary_manual_biological_review_not_final_claim	TRUE	3.17923170835126
higher_in_viral | Viral_higher_antiviral_interferon_programme | Antiviral / interferon-response programme | A_strong_GO_support	higher_in_viral	Viral_higher_antiviral_interferon_programme	Antiviral / interferon-response programme	A_strong_GO_support	candidate_module_ready_for_manual_biological_review	viral_higher_site_aware_eligible	Viral_higher_GO_group_04	4940	OAS3	2'-5'-oligoadenylate synthetase 3	-3.02700164576438	5.48251634555165e-25	-3.54827819774241	-2.51661378257054	Tier_1_cross_site_FDR05_direction_concordant	eligible_for_site_aware_pathway_or_module_discovery	GO:0051607	defense response to virus	primary_candidate_module	Coherent viral-higher antiviral/interferon programme with strong/moderate GO support and recognizable overlap genes.	eligible_for_primary_manual_biological_review_not_final_claim	TRUE	3.02700164576438
higher_in_viral | Viral_higher_antiviral_interferon_programme | Antiviral / interferon-response programme | A_strong_GO_support	higher_in_viral	Viral_higher_antiviral_interferon_programme	Antiviral / interferon-response programme	A_strong_GO_support	candidate_module_ready_for_manual_biological_review	viral_higher_site_aware_eligible	Viral_higher_GO_group_04	6355	CCL8	C-C motif chemokine ligand 8	-5.44504154250244	7.8645773041217e-25	-6.18408691468782	-4.86812262834191	Tier_1_cross_site_FDR05_direction_concordant	eligible_for_site_aware_pathway_or_module_discovery	GO:0051607	defense response to virus	primary_candidate_module	Coherent viral-higher antiviral/interferon programme with strong/moderate GO support and recognizable overlap genes.	eligible_for_primary_manual_biological_review_not_final_claim	TRUE	5.44504154250244
higher_in_viral | Viral_higher_antiviral_interferon_programme | Antiviral / interferon-response programme | A_strong_GO_support	higher_in_viral	Viral_higher_antiviral_interferon_programme	Antiviral / interferon-response programme	A_strong_GO_support	candidate_module_ready_for_manual_biological_review	viral_higher_site_aware_eligible	Viral_higher_GO_group_04	3433	IFIT2	interferon induced protein with tetratricopeptide repeats 2	-3.04824288937295	1.09996245032701e-24	-3.54692092343074	-2.60149064283263	Tier_1_cross_site_FDR05_direction_concordant	eligible_for_site_aware_pathway_or_module_discovery	GO:0051607	defense response to virus	primary_candidate_module	Coherent viral-higher antiviral/interferon programme with strong/moderate GO support and recognizable overlap genes.	eligible_for_primary_manual_biological_review_not_final_claim	TRUE	3.04824288937295
higher_in_viral | Viral_higher_antiviral_interferon_programme | Antiviral / interferon-response programme | A_strong_GO_support	higher_in_viral	Viral_higher_antiviral_interferon_programme	Antiviral / interferon-response programme	A_strong_GO_support	candidate_module_ready_for_manual_biological_review	viral_higher_site_aware_eligible	Viral_higher_GO_group_04	10964	IFI44L	interferon induced protein 44 like	-3.68463042150361	6.45006752885454e-24	-4.44206628183126	-2.87831852164612	Tier_1_cross_site_FDR05_direction_concordant	eligible_for_site_aware_pathway_or_module_discovery	GO:0051607	defense response to virus	primary_candidate_module	Coherent viral-higher antiviral/interferon programme with strong/moderate GO support and recognizable overlap genes.	eligible_for_primary_manual_biological_review_not_final_claim	TRUE	3.68463042150361
higher_in_viral | Viral_higher_antiviral_interferon_programme | Antiviral / interferon-response programme | A_strong_GO_support	higher_in_viral	Viral_higher_antiviral_interferon_programme	Antiviral / interferon-response programme	A_strong_GO_support	candidate_module_ready_for_manual_biological_review	viral_higher_site_aware_eligible	Viral_higher_GO_group_04	4599	MX1	MX dynamin like GTPase 1	-2.71710581196084	7.89980125644239e-23	-3.23237424901121	-2.18653387118117	Tier_1_cross_site_FDR05_direction_concordant	eligible_for_site_aware_pathway_or_module_discovery	GO:0051607	defense response to virus	primary_candidate_module	Coherent viral-higher antiviral/interferon programme with strong/moderate GO support and recognizable overlap genes.	eligible_for_primary_manual_biological_review_not_final_claim	TRUE	2.71710581196084
higher_in_viral | Viral_higher_antiviral_interferon_programme | Antiviral / interferon-response programme | A_strong_GO_support	higher_in_viral	Viral_higher_antiviral_interferon_programme	Antiviral / interferon-response programme	A_strong_GO_support	candidate_module_ready_for_manual_biological_review	viral_higher_site_aware_eligible	Viral_higher_GO_group_04	3437	IFIT3	interferon induced protein with tetratricopeptide repeats 3	-2.65550962111013	9.07234927849064e-22	-3.12184711368811	-2.21684779080811	Tier_1_cross_site_FDR05_direction_concordant	eligible_for_site_aware_pathway_or_module_discovery	GO:0051607	defense response to virus	primary_candidate_module	Coherent viral-higher antiviral/interferon programme with strong/moderate GO support and recognizable overlap genes.	eligible_for_primary_manual_biological_review_not_final_claim	TRUE	2.65550962111013
higher_in_viral | Viral_higher_antiviral_interferon_programme | Antiviral / interferon-response programme | A_strong_GO_support	higher_in_viral	Viral_higher_antiviral_interferon_programme	Antiviral / interferon-response programme	A_strong_GO_support	candidate_module_ready_for_manual_biological_review	viral_higher_site_aware_eligible	Viral_higher_GO_group_04	8638	OASL	2'-5'-oligoadenylate synthetase like	-2.24283861776891	1.15163878933828e-21	-2.49458181864464	-2.05806649167888	Tier_1_cross_site_FDR05_direction_concordant	eligible_for_site_aware_pathway_or_module_discovery	GO:0051607	defense response to virus	primary_candidate_module	Coherent viral-higher antiviral/interferon programme with strong/moderate GO support and recognizable overlap genes.	eligible_for_primary_manual_biological_review_not_final_claim	TRUE	2.24283861776891
higher_in_viral | Viral_higher_antiviral_interferon_programme | Antiviral / interferon-response programme | A_strong_GO_support	higher_in_viral	Viral_higher_antiviral_interferon_programme	Antiviral / interferon-response programme	A_strong_GO_support	candidate_module_ready_for_manual_biological_review	viral_higher_site_aware_eligible	Viral_higher_GO_group_04	9830	TRIM14	tripartite motif containing 14	-1.46660526369234	1.19394520394327e-21	-1.88905275774461	-0.969872702068117	Tier_1_cross_site_FDR05_direction_concordant	eligible_for_site_aware_pathway_or_module_discovery	GO:0051607	defense response to virus	primary_candidate_module	Coherent viral-higher antiviral/interferon programme with strong/moderate GO support and recognizable overlap genes.	eligible_for_primary_manual_biological_review_not_final_claim	TRUE	1.46660526369234
higher_in_viral | Viral_higher_antiviral_interferon_programme | Antiviral / interferon-response programme | A_strong_GO_support	higher_in_viral	Viral_higher_antiviral_interferon_programme	Antiviral / interferon-response programme	A_strong_GO_support	candidate_module_ready_for_manual_biological_review	viral_higher_site_aware_eligible	Viral_higher_GO_group_04	9636	ISG15	ISG15 ubiquitin like modifier	-2.99808310131564	2.72578251294685e-21	-3.45093016124712	-2.58393731392258	Tier_1_cross_site_FDR05_direction_concordant	eligible_for_site_aware_pathway_or_module_discovery	GO:0051607	defense response to virus	primary_candidate_module	Coherent viral-higher antiviral/interferon programme with strong/moderate GO support and recognizable overlap genes.	eligible_for_primary_manual_biological_review_not_final_claim	TRUE	2.99808310131564
higher_in_viral | Viral_higher_antiviral_interferon_programme | Antiviral / interferon-response programme | A_strong_GO_support	higher_in_viral	Viral_higher_antiviral_interferon_programme	Antiviral / interferon-response programme	A_strong_GO_support	candidate_module_ready_for_manual_biological_review	viral_higher_site_aware_eligible	Viral_higher_GO_group_04	10561	IFI44	interferon induced protein 44	-3.22998246743249	7.64604056556556e-21	-3.7013174567019	-2.72847853857304	Tier_1_cross_site_FDR05_direction_concordant	eligible_for_site_aware_pathway_or_module_discovery	GO:0051607	defense response to virus	primary_candidate_module	Coherent viral-higher antiviral/interferon programme with strong/moderate GO support and recognizable overlap genes.	eligible_for_primary_manual_biological_review_not_final_claim	TRUE	3.22998246743249
higher_in_viral | Viral_higher_antiviral_interferon_programme | Antiviral / interferon-response programme | A_strong_GO_support	higher_in_viral	Viral_higher_antiviral_interferon_programme	Antiviral / interferon-response programme	A_strong_GO_support	candidate_module_ready_for_manual_biological_review	viral_higher_site_aware_eligible	Viral_higher_GO_group_04	51191	HERC5	HECT and RLD domain containing E3 ubiquitin protein ligase 5	-2.52288887341034	8.52876177878631e-21	-2.94222963407278	-2.07335241209821	Tier_1_cross_site_FDR05_direction_concordant	eligible_for_site_aware_pathway_or_module_discovery	GO:0051607	defense response to virus	primary_candidate_module	Coherent viral-higher antiviral/interferon programme with strong/moderate GO support and recognizable overlap genes.	eligible_for_primary_manual_biological_review_not_final_claim	TRUE	2.52288887341034
higher_in_viral | Viral_higher_antiviral_interferon_programme | Antiviral / interferon-response programme | A_strong_GO_support	higher_in_viral	Viral_higher_antiviral_interferon_programme	Antiviral / interferon-response programme	A_strong_GO_support	candidate_module_ready_for_manual_biological_review	viral_higher_site_aware_eligible	Viral_higher_GO_group_04	5610	EIF2AK2	eukaryotic translation initiation factor 2 alpha kinase 2	-1.41816802582432	1.31206652467218e-20	-1.74117673023092	-1.05000643348052	Tier_1_cross_site_FDR05_direction_concordant	eligible_for_site_aware_pathway_or_module_discovery	GO:0051607	defense response to virus	primary_candidate_module	Coherent viral-higher antiviral/interferon programme with strong/moderate GO support and recognizable overlap genes.	eligible_for_primary_manual_biological_review_not_final_claim	TRUE	1.41816802582432
higher_in_viral | Viral_higher_antiviral_interferon_programme | Antiviral / interferon-response programme | A_strong_GO_support	higher_in_viral	Viral_higher_antiviral_interferon_programme	Antiviral / interferon-response programme	A_strong_GO_support	candidate_module_ready_for_manual_biological_review	viral_higher_site_aware_eligible	Viral_higher_GO_group_04	81030	ZBP1	Z-DNA binding protein 1	-1.76916073589958	3.66180253969748e-20	-2.09464238072767	-1.45632521926971	Tier_1_cross_site_FDR05_direction_concordant	eligible_for_site_aware_pathway_or_module_discovery	GO:0051607	defense response to virus	primary_candidate_module	Coherent viral-higher antiviral/interferon programme with strong/moderate GO support and recognizable overlap genes.	eligible_for_primary_manual_biological_review_not_final_claim	TRUE	1.76916073589958
higher_in_viral | Viral_higher_antiviral_interferon_programme | Antiviral / interferon-response programme | A_strong_GO_support	higher_in_viral	Viral_higher_antiviral_interferon_programme	Antiviral / interferon-response programme	A_strong_GO_support	candidate_module_ready_for_manual_biological_review	viral_higher_site_aware_eligible	Viral_higher_GO_group_04	79132	DHX58	DExH-box helicase 58	-1.84855790663322	1.39039980281405e-19	-2.17584146994649	-1.51297901569597	Tier_1_cross_site_FDR05_direction_concordant	eligible_for_site_aware_pathway_or_module_discovery	GO:0051607	defense response to virus	primary_candidate_module	Coherent viral-higher antiviral/interferon programme with strong/moderate GO support and recognizable overlap genes.	eligible_for_primary_manual_biological_review_not_final_claim	TRUE	1.84855790663322
higher_in_viral | Viral_higher_antiviral_interferon_programme | Antiviral / interferon-response programme | A_strong_GO_support	higher_in_viral	Viral_higher_antiviral_interferon_programme	Antiviral / interferon-response programme	A_strong_GO_support	candidate_module_ready_for_manual_biological_review	viral_higher_site_aware_eligible	Viral_higher_GO_group_04	4938	OAS1	2'-5'-oligoadenylate synthetase 1	-1.98899624729186	4.7714659505931e-19	-2.36452546257172	-1.59057973956129	Tier_1_cross_site_FDR05_direction_concordant	eligible_for_site_aware_pathway_or_module_discovery	GO:0051607	defense response to virus	primary_candidate_module	Coherent viral-higher antiviral/interferon programme with strong/moderate GO support and recognizable overlap genes.	eligible_for_primary_manual_biological_review_not_final_claim	TRUE	1.98899624729186
higher_in_viral | Viral_higher_antiviral_interferon_programme | Antiviral / interferon-response programme | A_strong_GO_support	higher_in_viral	Viral_higher_antiviral_interferon_programme	Antiviral / interferon-response programme	A_strong_GO_support	candidate_module_ready_for_manual_biological_review	viral_higher_site_aware_eligible	Viral_higher_GO_group_04	85363	TRIM5	tripartite motif containing 5	-1.88486299329676	7.4618539988335e-17	-2.3497167861223	-1.38729003501313	Tier_1_cross_site_FDR05_direction_concordant	eligible_for_site_aware_pathway_or_module_discovery	GO:0051607	defense response to virus	primary_candidate_module	Coherent viral-higher antiviral/interferon programme with strong/moderate GO support and recognizable overlap genes.	eligible_for_primary_manual_biological_review_not_final_claim	TRUE	1.88486299329676
higher_in_viral | Viral_higher_antiviral_interferon_programme | Antiviral / interferon-response programme | A_strong_GO_support	higher_in_viral	Viral_higher_antiviral_interferon_programme	Antiviral / interferon-response programme	A_strong_GO_support	candidate_module_ready_for_manual_biological_review	viral_higher_site_aware_eligible	Viral_higher_GO_group_04	54809	SAMD9	sterile alpha motif domain containing 9	-1.9373124985742	1.95226366988563e-16	-2.28682353748062	-1.57638176534282	Tier_1_cross_site_FDR05_direction_concordant	eligible_for_site_aware_pathway_or_module_discovery	GO:0051607	defense response to virus	primary_candidate_module	Coherent viral-higher antiviral/interferon programme with strong/moderate GO support and recognizable overlap genes.	eligible_for_primary_manual_biological_review_not_final_claim	TRUE	1.9373124985742
higher_in_viral | Viral_higher_antiviral_interferon_programme | Antiviral / interferon-response programme | A_strong_GO_support	higher_in_viral	Viral_higher_antiviral_interferon_programme	Antiviral / interferon-response programme	A_strong_GO_support	candidate_module_ready_for_manual_biological_review	viral_higher_site_aware_eligible	Viral_higher_GO_group_04	51284	TLR7	toll like receptor 7	-1.25627568841129	3.87527138050754e-16	-1.50539529586334	-0.982691098102814	Tier_1_cross_site_FDR05_direction_concordant	eligible_for_site_aware_pathway_or_module_discovery	GO:0051607	defense response to virus	primary_candidate_module	Coherent viral-higher antiviral/interferon programme with strong/moderate GO support and recognizable overlap genes.	eligible_for_primary_manual_biological_review_not_final_claim	TRUE	1.25627568841129
higher_in_viral | Viral_higher_antiviral_interferon_programme | Antiviral / interferon-response programme | A_strong_GO_support	higher_in_viral	Viral_higher_antiviral_interferon_programme	Antiviral / interferon-response programme	A_strong_GO_support	candidate_module_ready_for_manual_biological_review	viral_higher_site_aware_eligible	Viral_higher_GO_group_04	24138	IFIT5	interferon induced protein with tetratricopeptide repeats 5	-2.09147312813928	6.94407834320328e-16	-2.48962886231449	-1.6944507013634	Tier_1_cross_site_FDR05_direction_concordant	eligible_for_site_aware_pathway_or_module_discovery	GO:0051607	defense response to virus	primary_candidate_module	Coherent viral-higher antiviral/interferon programme with strong/moderate GO support and recognizable overlap genes.	eligible_for_primary_manual_biological_review_not_final_claim	TRUE	2.09147312813928
higher_in_viral | Viral_higher_antiviral_interferon_programme | Antiviral / interferon-response programme | A_strong_GO_support	higher_in_viral	Viral_higher_antiviral_interferon_programme	Antiviral / interferon-response programme	A_strong_GO_support	candidate_module_ready_for_manual_biological_review	viral_higher_site_aware_eligible	Viral_higher_GO_group_04	55601	DDX60	DExD/H-box helicase 60	-2.50454134216044	1.21232619432445e-15	-3.07387140056261	-1.82267156505646	Tier_1_cross_site_FDR05_direction_concordant	eligible_for_site_aware_pathway_or_module_discovery	GO:0051607	defense response to virus	primary_candidate_module	Coherent viral-higher antiviral/interferon programme with strong/moderate GO support and recognizable overlap genes.	eligible_for_primary_manual_biological_review_not_final_claim	TRUE	2.50454134216044
higher_in_viral | Viral_higher_antiviral_interferon_programme | Antiviral / interferon-response programme | A_strong_GO_support	higher_in_viral	Viral_higher_antiviral_interferon_programme	Antiviral / interferon-response programme	A_strong_GO_support	candidate_module_ready_for_manual_biological_review	viral_higher_site_aware_eligible	Viral_higher_GO_group_04	23586	RIGI	RNA sensor RIG-I	-1.36841786841664	1.41415823372739e-15	-1.68906821139988	-1.00545639675293	Tier_1_cross_site_FDR05_direction_concordant	eligible_for_site_aware_pathway_or_module_discovery	GO:0051607	defense response to virus	primary_candidate_module	Coherent viral-higher antiviral/interferon programme with strong/moderate GO support and recognizable overlap genes.	eligible_for_primary_manual_biological_review_not_final_claim	TRUE	1.36841786841664
higher_in_viral | Viral_higher_antiviral_interferon_programme | Antiviral / interferon-response programme | A_strong_GO_support	higher_in_viral	Viral_higher_antiviral_interferon_programme	Antiviral / interferon-response programme	A_strong_GO_support	candidate_module_ready_for_manual_biological_review	viral_higher_site_aware_eligible	Viral_higher_GO_group_04	64135	IFIH1	interferon induced with helicase C domain 1	-2.11835974978813	3.64736086490445e-15	-2.66635071862163	-1.48776941166876	Tier_1_cross_site_FDR05_direction_concordant	eligible_for_site_aware_pathway_or_module_discovery	GO:0051607	defense response to virus	primary_candidate_module	Coherent viral-higher antiviral/interferon programme with strong/moderate GO support and recognizable overlap genes.	eligible_for_primary_manual_biological_review_not_final_claim	TRUE	2.11835974978813
higher_in_viral | Viral_higher_antiviral_interferon_programme | Antiviral / interferon-response programme | A_strong_GO_support	higher_in_viral	Viral_higher_antiviral_interferon_programme	Antiviral / interferon-response programme	A_strong_GO_support	candidate_module_ready_for_manual_biological_review	viral_higher_site_aware_eligible	Viral_higher_GO_group_04	4600	MX2	MX dynamin like GTPase 2	-1.17223386139246	3.96557085917629e-15	-1.39965904189348	-0.920637679068094	Tier_1_cross_site_FDR05_direction_concordant	eligible_for_site_aware_pathway_or_module_discovery	GO:0051607	defense response to virus	primary_candidate_module	Coherent viral-higher antiviral/interferon programme with strong/moderate GO support and recognizable overlap genes.	eligible_for_primary_manual_biological_review_not_final_claim	TRUE	1.17223386139246
higher_in_viral | Viral_higher_antiviral_interferon_programme | Antiviral / interferon-response programme | A_strong_GO_support	higher_in_viral	Viral_higher_antiviral_interferon_programme	Antiviral / interferon-response programme	A_strong_GO_support	candidate_module_ready_for_manual_biological_review	viral_higher_site_aware_eligible	Viral_higher_GO_group_04	51251	NT5C3A	5'-nucleotidase, cytosolic IIIA	-1.63775348927013	1.06873739464147e-14	-2.1333861033841	-1.08256663457041	Tier_1_cross_site_FDR05_direction_concordant	eligible_for_site_aware_pathway_or_module_discovery	GO:0051607	defense response to virus	primary_candidate_module	Coherent viral-higher antiviral/interferon programme with strong/moderate GO support and recognizable overlap genes.	eligible_for_primary_manual_biological_review_not_final_claim	TRUE	1.63775348927013
higher_in_viral | Viral_higher_antiviral_interferon_programme | Antiviral / interferon-response programme | A_strong_GO_support	higher_in_viral	Viral_higher_antiviral_interferon_programme	Antiviral / interferon-response programme	A_strong_GO_support	candidate_module_ready_for_manual_biological_review	viral_higher_site_aware_eligible	Viral_higher_GO_group_04	64108	RTP4	receptor transporter protein 4	-1.66725193685896	3.58741331219572e-14	-1.97803618456031	-1.36523400870708	Tier_1_cross_site_FDR05_direction_concordant	eligible_for_site_aware_pathway_or_module_discovery	GO:0051607	defense response to virus	primary_candidate_module	Coherent viral-higher antiviral/interferon programme with strong/moderate GO support and recognizable overlap genes.	eligible_for_primary_manual_biological_review_not_final_claim	TRUE	1.66725193685896
higher_in_viral | Viral_higher_antiviral_interferon_programme | Antiviral / interferon-response programme | B_moderate_GO_support	higher_in_viral	Viral_higher_antiviral_interferon_programme	Antiviral / interferon-response programme	B_moderate_GO_support	candidate_module_ready_for_manual_biological_review	viral_higher_site_aware_eligible	Viral_higher_GO_group_21	3429	IFI27	interferon alpha inducible protein 27	-4.76772856416775	2.51896266086772e-33	-5.43444150089658	-4.14967904484638	Tier_1_cross_site_FDR05_direction_concordant	eligible_for_site_aware_pathway_or_module_discovery	GO:0060337	type I interferon-mediated signaling pathway	primary_candidate_module	Coherent viral-higher antiviral/interferon programme with strong/moderate GO support and recognizable overlap genes.	eligible_for_primary_manual_biological_review_not_final_claim	TRUE	4.76772856416775
higher_in_viral | Viral_higher_antiviral_interferon_programme | Antiviral / interferon-response programme | B_moderate_GO_support	higher_in_viral	Viral_higher_antiviral_interferon_programme	Antiviral / interferon-response programme	B_moderate_GO_support	candidate_module_ready_for_manual_biological_review	viral_higher_site_aware_eligible	Viral_higher_GO_group_07	3434	IFIT1	interferon induced protein with tetratricopeptide repeats 1	-3.77323797706401	5.90023842003119e-28	-4.31758142819668	-3.3023648897722	Tier_1_cross_site_FDR05_direction_concordant	eligible_for_site_aware_pathway_or_module_discovery	GO:0045071	negative regulation of viral genome replication	primary_candidate_module	Coherent viral-higher antiviral/interferon programme with strong/moderate GO support and recognizable overlap genes.	eligible_for_primary_manual_biological_review_not_final_claim	TRUE	3.77323797706401
higher_in_viral | Viral_higher_antiviral_interferon_programme | Antiviral / interferon-response programme | B_moderate_GO_support	higher_in_viral	Viral_higher_antiviral_interferon_programme	Antiviral / interferon-response programme	B_moderate_GO_support	candidate_module_ready_for_manual_biological_review	viral_higher_site_aware_eligible	Viral_higher_GO_group_07	4939	OAS2	2'-5'-oligoadenylate synthetase 2	-2.5438885237371	2.53078049765381e-26	-2.97073576687252	-2.14584641807247	Tier_1_cross_site_FDR05_direction_concordant	eligible_for_site_aware_pathway_or_module_discovery	GO:0045071	negative regulation of viral genome replication	primary_candidate_module	Coherent viral-higher antiviral/interferon programme with strong/moderate GO support and recognizable overlap genes.	eligible_for_primary_manual_biological_review_not_final_claim	TRUE	2.5438885237371
higher_in_viral | Viral_higher_antiviral_interferon_programme | Antiviral / interferon-response programme | B_moderate_GO_support	higher_in_viral	Viral_higher_antiviral_interferon_programme	Antiviral / interferon-response programme	B_moderate_GO_support	candidate_module_ready_for_manual_biological_review	viral_higher_site_aware_eligible	Viral_higher_GO_group_20	4939	OAS2	2'-5'-oligoadenylate synthetase 2	-2.5438885237371	2.53078049765381e-26	-2.97073576687252	-2.14584641807247	Tier_1_cross_site_FDR05_direction_concordant	eligible_for_site_aware_pathway_or_module_discovery	GO:0032728	positive regulation of interferon-beta production	primary_candidate_module	Coherent viral-higher antiviral/interferon programme with strong/moderate GO support and recognizable overlap genes.	eligible_for_primary_manual_biological_review_not_final_claim	TRUE	2.5438885237371
higher_in_viral | Viral_higher_antiviral_interferon_programme | Antiviral / interferon-response programme | B_moderate_GO_support	higher_in_viral	Viral_higher_antiviral_interferon_programme	Antiviral / interferon-response programme	B_moderate_GO_support	candidate_module_ready_for_manual_biological_review	viral_higher_site_aware_eligible	Viral_higher_GO_group_21	4939	OAS2	2'-5'-oligoadenylate synthetase 2	-2.5438885237371	2.53078049765381e-26	-2.97073576687252	-2.14584641807247	Tier_1_cross_site_FDR05_direction_concordant	eligible_for_site_aware_pathway_or_module_discovery	GO:0060337	type I interferon-mediated signaling pathway	primary_candidate_module	Coherent viral-higher antiviral/interferon programme with strong/moderate GO support and recognizable overlap genes.	eligible_for_primary_manual_biological_review_not_final_claim	TRUE	2.5438885237371
higher_in_viral | Viral_higher_antiviral_interferon_programme | Antiviral / interferon-response programme | B_moderate_GO_support	higher_in_viral	Viral_higher_antiviral_interferon_programme	Antiviral / interferon-response programme	B_moderate_GO_support	candidate_module_ready_for_manual_biological_review	viral_higher_site_aware_eligible	Viral_higher_GO_group_07	91543	RSAD2	radical S-adenosyl methionine domain containing 2	-3.80660619529833	1.0483306591404e-25	-4.41051954754139	-3.27440570413228	Tier_1_cross_site_FDR05_direction_concordant	eligible_for_site_aware_pathway_or_module_discovery	GO:0045071	negative regulation of viral genome replication	primary_candidate_module	Coherent viral-higher antiviral/interferon programme with strong/moderate GO support and recognizable overlap genes.	eligible_for_primary_manual_biological_review_not_final_claim	TRUE	3.80660619529833
higher_in_viral | Viral_higher_antiviral_interferon_programme | Antiviral / interferon-response programme | B_moderate_GO_support	higher_in_viral	Viral_higher_antiviral_interferon_programme	Antiviral / interferon-response programme	B_moderate_GO_support	candidate_module_ready_for_manual_biological_review	viral_higher_site_aware_eligible	Viral_higher_GO_group_07	4940	OAS3	2'-5'-oligoadenylate synthetase 3	-3.02700164576438	5.48251634555165e-25	-3.54827819774241	-2.51661378257054	Tier_1_cross_site_FDR05_direction_concordant	eligible_for_site_aware_pathway_or_module_discovery	GO:0045071	negative regulation of viral genome replication	primary_candidate_module	Coherent viral-higher antiviral/interferon programme with strong/moderate GO support and recognizable overlap genes.	eligible_for_primary_manual_biological_review_not_final_claim	TRUE	3.02700164576438
higher_in_viral | Viral_higher_antiviral_interferon_programme | Antiviral / interferon-response programme | B_moderate_GO_support	higher_in_viral	Viral_higher_antiviral_interferon_programme	Antiviral / interferon-response programme	B_moderate_GO_support	candidate_module_ready_for_manual_biological_review	viral_higher_site_aware_eligible	Viral_higher_GO_group_20	4940	OAS3	2'-5'-oligoadenylate synthetase 3	-3.02700164576438	5.48251634555165e-25	-3.54827819774241	-2.51661378257054	Tier_1_cross_site_FDR05_direction_concordant	eligible_for_site_aware_pathway_or_module_discovery	GO:0032728	positive regulation of interferon-beta production	primary_candidate_module	Coherent viral-higher antiviral/interferon programme with strong/moderate GO support and recognizable overlap genes.	eligible_for_primary_manual_biological_review_not_final_claim	TRUE	3.02700164576438
higher_in_viral | Viral_higher_antiviral_interferon_programme | Antiviral / interferon-response programme | B_moderate_GO_support	higher_in_viral	Viral_higher_antiviral_interferon_programme	Antiviral / interferon-response programme	B_moderate_GO_support	candidate_module_ready_for_manual_biological_review	viral_higher_site_aware_eligible	Viral_higher_GO_group_07	4599	MX1	MX dynamin like GTPase 1	-2.71710581196084	7.89980125644239e-23	-3.23237424901121	-2.18653387118117	Tier_1_cross_site_FDR05_direction_concordant	eligible_for_site_aware_pathway_or_module_discovery	GO:0045071	negative regulation of viral genome replication	primary_candidate_module	Coherent viral-higher antiviral/interferon programme with strong/moderate GO support and recognizable overlap genes.	eligible_for_primary_manual_biological_review_not_final_claim	TRUE	2.71710581196084
higher_in_viral | Viral_higher_antiviral_interferon_programme | Antiviral / interferon-response programme | B_moderate_GO_support	higher_in_viral	Viral_higher_antiviral_interferon_programme	Antiviral / interferon-response programme	B_moderate_GO_support	candidate_module_ready_for_manual_biological_review	viral_higher_site_aware_eligible	Viral_higher_GO_group_07	8638	OASL	2'-5'-oligoadenylate synthetase like	-2.24283861776891	1.15163878933828e-21	-2.49458181864464	-2.05806649167888	Tier_1_cross_site_FDR05_direction_concordant	eligible_for_site_aware_pathway_or_module_discovery	GO:0045071	negative regulation of viral genome replication	primary_candidate_module	Coherent viral-higher antiviral/interferon programme with strong/moderate GO support and recognizable overlap genes.	eligible_for_primary_manual_biological_review_not_final_claim	TRUE	2.24283861776891
higher_in_viral | Viral_higher_antiviral_interferon_programme | Antiviral / interferon-response programme | B_moderate_GO_support	higher_in_viral	Viral_higher_antiviral_interferon_programme	Antiviral / interferon-response programme	B_moderate_GO_support	candidate_module_ready_for_manual_biological_review	viral_higher_site_aware_eligible	Viral_higher_GO_group_07	9636	ISG15	ISG15 ubiquitin like modifier	-2.99808310131564	2.72578251294685e-21	-3.45093016124712	-2.58393731392258	Tier_1_cross_site_FDR05_direction_concordant	eligible_for_site_aware_pathway_or_module_discovery	GO:0045071	negative regulation of viral genome replication	primary_candidate_module	Coherent viral-higher antiviral/interferon programme with strong/moderate GO support and recognizable overlap genes.	eligible_for_primary_manual_biological_review_not_final_claim	TRUE	2.99808310131564
higher_in_viral | Viral_higher_antiviral_interferon_programme | Antiviral / interferon-response programme | B_moderate_GO_support	higher_in_viral	Viral_higher_antiviral_interferon_programme	Antiviral / interferon-response programme	B_moderate_GO_support	candidate_module_ready_for_manual_biological_review	viral_higher_site_aware_eligible	Viral_higher_GO_group_20	9636	ISG15	ISG15 ubiquitin like modifier	-2.99808310131564	2.72578251294685e-21	-3.45093016124712	-2.58393731392258	Tier_1_cross_site_FDR05_direction_concordant	eligible_for_site_aware_pathway_or_module_discovery	GO:0032728	positive regulation of interferon-beta production	primary_candidate_module	Coherent viral-higher antiviral/interferon programme with strong/moderate GO support and recognizable overlap genes.	eligible_for_primary_manual_biological_review_not_final_claim	TRUE	2.99808310131564
higher_in_viral | Viral_higher_antiviral_interferon_programme | Antiviral / interferon-response programme | B_moderate_GO_support	higher_in_viral	Viral_higher_antiviral_interferon_programme	Antiviral / interferon-response programme	B_moderate_GO_support	candidate_module_ready_for_manual_biological_review	viral_higher_site_aware_eligible	Viral_higher_GO_group_07	5610	EIF2AK2	eukaryotic translation initiation factor 2 alpha kinase 2	-1.41816802582432	1.31206652467218e-20	-1.74117673023092	-1.05000643348052	Tier_1_cross_site_FDR05_direction_concordant	eligible_for_site_aware_pathway_or_module_discovery	GO:0045071	negative regulation of viral genome replication	primary_candidate_module	Coherent viral-higher antiviral/interferon programme with strong/moderate GO support and recognizable overlap genes.	eligible_for_primary_manual_biological_review_not_final_claim	TRUE	1.41816802582432
higher_in_viral | Viral_higher_antiviral_interferon_programme | Antiviral / interferon-response programme | B_moderate_GO_support	higher_in_viral	Viral_higher_antiviral_interferon_programme	Antiviral / interferon-response programme	B_moderate_GO_support	candidate_module_ready_for_manual_biological_review	viral_higher_site_aware_eligible	Viral_higher_GO_group_07	4938	OAS1	2'-5'-oligoadenylate synthetase 1	-1.98899624729186	4.7714659505931e-19	-2.36452546257172	-1.59057973956129	Tier_1_cross_site_FDR05_direction_concordant	eligible_for_site_aware_pathway_or_module_discovery	GO:0045071	negative regulation of viral genome replication	primary_candidate_module	Coherent viral-higher antiviral/interferon programme with strong/moderate GO support and recognizable overlap genes.	eligible_for_primary_manual_biological_review_not_final_claim	TRUE	1.98899624729186
higher_in_viral | Viral_higher_antiviral_interferon_programme | Antiviral / interferon-response programme | B_moderate_GO_support	higher_in_viral	Viral_higher_antiviral_interferon_programme	Antiviral / interferon-response programme	B_moderate_GO_support	candidate_module_ready_for_manual_biological_review	viral_higher_site_aware_eligible	Viral_higher_GO_group_20	4938	OAS1	2'-5'-oligoadenylate synthetase 1	-1.98899624729186	4.7714659505931e-19	-2.36452546257172	-1.59057973956129	Tier_1_cross_site_FDR05_direction_concordant	eligible_for_site_aware_pathway_or_module_discovery	GO:0032728	positive regulation of interferon-beta production	primary_candidate_module	Coherent viral-higher antiviral/interferon programme with strong/moderate GO support and recognizable overlap genes.	eligible_for_primary_manual_biological_review_not_final_claim	TRUE	1.98899624729186
higher_in_viral | Viral_higher_antiviral_interferon_programme | Antiviral / interferon-response programme | B_moderate_GO_support	higher_in_viral	Viral_higher_antiviral_interferon_programme	Antiviral / interferon-response programme	B_moderate_GO_support	candidate_module_ready_for_manual_biological_review	viral_higher_site_aware_eligible	Viral_higher_GO_group_20	51284	TLR7	toll like receptor 7	-1.25627568841129	3.87527138050754e-16	-1.50539529586334	-0.982691098102814	Tier_1_cross_site_FDR05_direction_concordant	eligible_for_site_aware_pathway_or_module_discovery	GO:0032728	positive regulation of interferon-beta production	primary_candidate_module	Coherent viral-higher antiviral/interferon programme with strong/moderate GO support and recognizable overlap genes.	eligible_for_primary_manual_biological_review_not_final_claim	TRUE	1.25627568841129
higher_in_viral | Viral_higher_antiviral_interferon_programme | Antiviral / interferon-response programme | B_moderate_GO_support	higher_in_viral	Viral_higher_antiviral_interferon_programme	Antiviral / interferon-response programme	B_moderate_GO_support	candidate_module_ready_for_manual_biological_review	viral_higher_site_aware_eligible	Viral_higher_GO_group_07	24138	IFIT5	interferon induced protein with tetratricopeptide repeats 5	-2.09147312813928	6.94407834320328e-16	-2.48962886231449	-1.6944507013634	Tier_1_cross_site_FDR05_direction_concordant	eligible_for_site_aware_pathway_or_module_discovery	GO:0045071	negative regulation of viral genome replication	primary_candidate_module	Coherent viral-higher antiviral/interferon programme with strong/moderate GO support and recognizable overlap genes.	eligible_for_primary_manual_biological_review_not_final_claim	TRUE	2.09147312813928
higher_in_viral | Viral_higher_antiviral_interferon_programme | Antiviral / interferon-response programme | B_moderate_GO_support	higher_in_viral	Viral_higher_antiviral_interferon_programme	Antiviral / interferon-response programme	B_moderate_GO_support	candidate_module_ready_for_manual_biological_review	viral_higher_site_aware_eligible	Viral_higher_GO_group_20	23586	RIGI	RNA sensor RIG-I	-1.36841786841664	1.41415823372739e-15	-1.68906821139988	-1.00545639675293	Tier_1_cross_site_FDR05_direction_concordant	eligible_for_site_aware_pathway_or_module_discovery	GO:0032728	positive regulation of interferon-beta production	primary_candidate_module	Coherent viral-higher antiviral/interferon programme with strong/moderate GO support and recognizable overlap genes.	eligible_for_primary_manual_biological_review_not_final_claim	TRUE	1.36841786841664
higher_in_viral | Viral_higher_antiviral_interferon_programme | Antiviral / interferon-response programme | B_moderate_GO_support	higher_in_viral	Viral_higher_antiviral_interferon_programme	Antiviral / interferon-response programme	B_moderate_GO_support	candidate_module_ready_for_manual_biological_review	viral_higher_site_aware_eligible	Viral_higher_GO_group_07	64135	IFIH1	interferon induced with helicase C domain 1	-2.11835974978813	3.64736086490445e-15	-2.66635071862163	-1.48776941166876	Tier_1_cross_site_FDR05_direction_concordant	eligible_for_site_aware_pathway_or_module_discovery	GO:0045071	negative regulation of viral genome replication	primary_candidate_module	Coherent viral-higher antiviral/interferon programme with strong/moderate GO support and recognizable overlap genes.	eligible_for_primary_manual_biological_review_not_final_claim	TRUE	2.11835974978813
higher_in_viral | Viral_higher_antiviral_interferon_programme | Antiviral / interferon-response programme | B_moderate_GO_support	higher_in_viral	Viral_higher_antiviral_interferon_programme	Antiviral / interferon-response programme	B_moderate_GO_support	candidate_module_ready_for_manual_biological_review	viral_higher_site_aware_eligible	Viral_higher_GO_group_20	64135	IFIH1	interferon induced with helicase C domain 1	-2.11835974978813	3.64736086490445e-15	-2.66635071862163	-1.48776941166876	Tier_1_cross_site_FDR05_direction_concordant	eligible_for_site_aware_pathway_or_module_discovery	GO:0032728	positive regulation of interferon-beta production	primary_candidate_module	Coherent viral-higher antiviral/interferon programme with strong/moderate GO support and recognizable overlap genes.	eligible_for_primary_manual_biological_review_not_final_claim	TRUE	2.11835974978813
higher_in_viral | Viral_higher_antiviral_interferon_programme | Antiviral / interferon-response programme | B_moderate_GO_support	higher_in_viral	Viral_higher_antiviral_interferon_programme	Antiviral / interferon-response programme	B_moderate_GO_support	candidate_module_ready_for_manual_biological_review	viral_higher_site_aware_eligible	Viral_higher_GO_group_21	64135	IFIH1	interferon induced with helicase C domain 1	-2.11835974978813	3.64736086490445e-15	-2.66635071862163	-1.48776941166876	Tier_1_cross_site_FDR05_direction_concordant	eligible_for_site_aware_pathway_or_module_discovery	GO:0060337	type I interferon-mediated signaling pathway	primary_candidate_module	Coherent viral-higher antiviral/interferon programme with strong/moderate GO support and recognizable overlap genes.	eligible_for_primary_manual_biological_review_not_final_claim	TRUE	2.11835974978813
higher_in_viral | Viral_higher_antiviral_interferon_programme | Antiviral / interferon-response programme | B_moderate_GO_support	higher_in_viral	Viral_higher_antiviral_interferon_programme	Antiviral / interferon-response programme	B_moderate_GO_support	candidate_module_ready_for_manual_biological_review	viral_higher_site_aware_eligible	Viral_higher_GO_group_21	11277	TREX1	three prime repair exonuclease 1	-1.46660269778812	4.73856837824164e-14	-1.65465682862616	-1.29791490046809	Tier_1_cross_site_FDR05_direction_concordant	eligible_for_site_aware_pathway_or_module_discovery	GO:0060337	type I interferon-mediated signaling pathway	primary_candidate_module	Coherent viral-higher antiviral/interferon programme with strong/moderate GO support and recognizable overlap genes.	eligible_for_primary_manual_biological_review_not_final_claim	TRUE	1.46660269778812
higher_in_viral | Viral_higher_antiviral_interferon_programme | Antiviral / interferon-response programme | B_moderate_GO_support	higher_in_viral	Viral_higher_antiviral_interferon_programme	Antiviral / interferon-response programme	B_moderate_GO_support	candidate_module_ready_for_manual_biological_review	viral_higher_site_aware_eligible	Viral_higher_GO_group_20	3665	IRF7	interferon regulatory factor 7	-1.45404953351808	1.6567768830903e-13	-1.8398718883554	-1.01060762204544	Tier_1_cross_site_FDR05_direction_concordant	eligible_for_site_aware_pathway_or_module_discovery	GO:0032728	positive regulation of interferon-beta production	primary_candidate_module	Coherent viral-higher antiviral/interferon programme with strong/moderate GO support and recognizable overlap genes.	eligible_for_primary_manual_biological_review_not_final_claim	TRUE	1.45404953351808
higher_in_viral | Viral_higher_antiviral_interferon_programme | Antiviral / interferon-response programme | B_moderate_GO_support	higher_in_viral	Viral_higher_antiviral_interferon_programme	Antiviral / interferon-response programme	B_moderate_GO_support	candidate_module_ready_for_manual_biological_review	viral_higher_site_aware_eligible	Viral_higher_GO_group_21	3665	IRF7	interferon regulatory factor 7	-1.45404953351808	1.6567768830903e-13	-1.8398718883554	-1.01060762204544	Tier_1_cross_site_FDR05_direction_concordant	eligible_for_site_aware_pathway_or_module_discovery	GO:0060337	type I interferon-mediated signaling pathway	primary_candidate_module	Coherent viral-higher antiviral/interferon programme with strong/moderate GO support and recognizable overlap genes.	eligible_for_primary_manual_biological_review_not_final_claim	TRUE	1.45404953351808
higher_in_viral | Viral_higher_antiviral_interferon_programme | Antiviral / interferon-response programme | B_moderate_GO_support	higher_in_viral	Viral_higher_antiviral_interferon_programme	Antiviral / interferon-response programme	B_moderate_GO_support	candidate_module_ready_for_manual_biological_review	viral_higher_site_aware_eligible	Viral_higher_GO_group_20	7098	TLR3	toll like receptor 3	-2.43531383369351	1.94962168786523e-12	-2.77488536255617	-2.11914031092772	Tier_1_cross_site_FDR05_direction_concordant	eligible_for_site_aware_pathway_or_module_discovery	GO:0032728	positive regulation of interferon-beta production	primary_candidate_module	Coherent viral-higher antiviral/interferon programme with strong/moderate GO support and recognizable overlap genes.	eligible_for_primary_manual_biological_review_not_final_claim	TRUE	2.43531383369351
higher_in_viral | Viral_higher_antiviral_interferon_programme | Antiviral / interferon-response programme | B_moderate_GO_support	higher_in_viral	Viral_higher_antiviral_interferon_programme	Antiviral / interferon-response programme	B_moderate_GO_support	candidate_module_ready_for_manual_biological_review	viral_higher_site_aware_eligible	Viral_higher_GO_group_07	117854	TRIM6	tripartite motif containing 6	-1.96616320170176	8.31894567682794e-12	-2.4610016762703	-1.27622765325188	Tier_1_cross_site_FDR05_direction_concordant	eligible_for_site_aware_pathway_or_module_discovery	GO:0045071	negative regulation of viral genome replication	primary_candidate_module	Coherent viral-higher antiviral/interferon programme with strong/moderate GO support and recognizable overlap genes.	eligible_for_primary_manual_biological_review_not_final_claim	TRUE	1.96616320170176
higher_in_viral | Viral_higher_antiviral_interferon_programme | Antiviral / interferon-response programme | B_moderate_GO_support	higher_in_viral	Viral_higher_antiviral_interferon_programme	Antiviral / interferon-response programme	B_moderate_GO_support	candidate_module_ready_for_manual_biological_review	viral_higher_site_aware_eligible	Viral_higher_GO_group_21	6773	STAT2	signal transducer and activator of transcription 2	-1.72328731886609	9.34111507299781e-12	-2.16856846003883	-1.20942996471205	Tier_1_cross_site_FDR05_direction_concordant	eligible_for_site_aware_pathway_or_module_discovery	GO:0060337	type I interferon-mediated signaling pathway	primary_candidate_module	Coherent viral-higher antiviral/interferon programme with strong/moderate GO support and recognizable overlap genes.	eligible_for_primary_manual_biological_review_not_final_claim	TRUE	1.72328731886609
higher_in_viral | Viral_higher_antiviral_interferon_programme | Antiviral / interferon-response programme | B_moderate_GO_support	higher_in_viral	Viral_higher_antiviral_interferon_programme	Antiviral / interferon-response programme	B_moderate_GO_support	candidate_module_ready_for_manual_biological_review	viral_higher_site_aware_eligible	Viral_higher_GO_group_07	5359	PLSCR1	phospholipid scramblase 1	-1.3557749512289	4.3423901604976e-11	-2.13155130313242	-0.347097504679863	Tier_2_pooled_FDR05_all_direction_concordant_one_site_FDR05	eligible_for_site_aware_pathway_or_module_discovery	GO:0045071	negative regulation of viral genome replication	primary_candidate_module	Coherent viral-higher antiviral/interferon programme with strong/moderate GO support and recognizable overlap genes.	eligible_for_primary_manual_biological_review_not_final_claim	TRUE	1.3557749512289
higher_in_viral | Viral_higher_antiviral_interferon_programme | Antiviral / interferon-response programme | B_moderate_GO_support	higher_in_viral	Viral_higher_antiviral_interferon_programme	Antiviral / interferon-response programme	B_moderate_GO_support	candidate_module_ready_for_manual_biological_review	viral_higher_site_aware_eligible	Viral_higher_GO_group_07	3669	ISG20	interferon stimulated exonuclease gene 20	-0.931639866308119	1.19680278685105e-08	-0.86646370769374	-1.10779714302187	Tier_1_cross_site_FDR05_direction_concordant	eligible_for_site_aware_pathway_or_module_discovery	GO:0045071	negative regulation of viral genome replication	primary_candidate_module	Coherent viral-higher antiviral/interferon programme with strong/moderate GO support and recognizable overlap genes.	eligible_for_primary_manual_biological_review_not_final_claim	TRUE	0.931639866308119
higher_in_viral | Viral_higher_antiviral_interferon_programme | Antiviral / interferon-response programme | B_moderate_GO_support	higher_in_viral	Viral_higher_antiviral_interferon_programme	Antiviral / interferon-response programme	B_moderate_GO_support	candidate_module_ready_for_manual_biological_review	viral_higher_site_aware_eligible	Viral_higher_GO_group_21	6772	STAT1	signal transducer and activator of transcription 1	-0.88477327699447	4.41851103085954e-08	-1.17811776878252	-0.564547327850528	Tier_2_pooled_FDR05_all_direction_concordant_one_site_FDR05	eligible_for_site_aware_pathway_or_module_discovery	GO:0060337	type I interferon-mediated signaling pathway	primary_candidate_module	Coherent viral-higher antiviral/interferon programme with strong/moderate GO support and recognizable overlap genes.	eligible_for_primary_manual_biological_review_not_final_claim	TRUE	0.88477327699447
higher_in_viral | Viral_higher_cytokine_innate_immune_regulation_programme | Cytokine and innate immune regulation programme | B_moderate_GO_support	higher_in_viral	Viral_higher_cytokine_innate_immune_regulation_programme	Cytokine and innate immune regulation programme	B_moderate_GO_support	candidate_module_ready_for_manual_biological_review	viral_higher_site_aware_eligible	Viral_higher_GO_group_09	10964	IFI44L	interferon induced protein 44 like	-3.68463042150361	6.45006752885454e-24	-4.44206628183126	-2.87831852164612	Tier_1_cross_site_FDR05_direction_concordant	eligible_for_site_aware_pathway_or_module_discovery	GO:0006955	immune response	primary_candidate_module	Viral-higher cytokine/innate immune regulation programme with sufficient GO support for primary manual review.	eligible_for_primary_manual_biological_review_not_final_claim	TRUE	3.68463042150361
higher_in_viral | Viral_higher_cytokine_innate_immune_regulation_programme | Cytokine and innate immune regulation programme | B_moderate_GO_support	higher_in_viral	Viral_higher_cytokine_innate_immune_regulation_programme	Cytokine and innate immune regulation programme	B_moderate_GO_support	candidate_module_ready_for_manual_biological_review	viral_higher_site_aware_eligible	Viral_higher_GO_group_09	10561	IFI44	interferon induced protein 44	-3.22998246743249	7.64604056556556e-21	-3.7013174567019	-2.72847853857304	Tier_1_cross_site_FDR05_direction_concordant	eligible_for_site_aware_pathway_or_module_discovery	GO:0006955	immune response	primary_candidate_module	Viral-higher cytokine/innate immune regulation programme with sufficient GO support for primary manual review.	eligible_for_primary_manual_biological_review_not_final_claim	TRUE	3.22998246743249
higher_in_viral | Viral_higher_cytokine_innate_immune_regulation_programme | Cytokine and innate immune regulation programme | B_moderate_GO_support	higher_in_viral	Viral_higher_cytokine_innate_immune_regulation_programme	Cytokine and innate immune regulation programme	B_moderate_GO_support	candidate_module_ready_for_manual_biological_review	viral_higher_site_aware_eligible	Viral_higher_GO_group_09	1240	CMKLR1	chemerin chemokine-like receptor 1	-1.47425349489127	2.15221380914828e-17	-1.79623057405696	-1.06741277225959	Tier_1_cross_site_FDR05_direction_concordant	eligible_for_site_aware_pathway_or_module_discovery	GO:0006955	immune response	primary_candidate_module	Viral-higher cytokine/innate immune regulation programme with sufficient GO support for primary manual review.	eligible_for_primary_manual_biological_review_not_final_claim	TRUE	1.47425349489127
higher_in_viral | Viral_higher_cytokine_innate_immune_regulation_programme | Cytokine and innate immune regulation programme | B_moderate_GO_support	higher_in_viral	Viral_higher_cytokine_innate_immune_regulation_programme	Cytokine and innate immune regulation programme	B_moderate_GO_support	candidate_module_ready_for_manual_biological_review	viral_higher_site_aware_eligible	Viral_higher_GO_group_05	10385	BTN2A2	butyrophilin subfamily 2 member A2	-1.45979072394088	6.41302739528099e-17	-1.44284626795883	-1.58198191351521	Tier_1_cross_site_FDR05_direction_concordant	eligible_for_site_aware_pathway_or_module_discovery	GO:0001817	regulation of cytokine production	primary_candidate_module	Viral-higher cytokine/innate immune regulation programme with sufficient GO support for primary manual review.	eligible_for_primary_manual_biological_review_not_final_claim	TRUE	1.45979072394088
higher_in_viral | Viral_higher_cytokine_innate_immune_regulation_programme | Cytokine and innate immune regulation programme | B_moderate_GO_support	higher_in_viral	Viral_higher_cytokine_innate_immune_regulation_programme	Cytokine and innate immune regulation programme	B_moderate_GO_support	candidate_module_ready_for_manual_biological_review	viral_higher_site_aware_eligible	Viral_higher_GO_group_19	51284	TLR7	toll like receptor 7	-1.25627568841129	3.87527138050754e-16	-1.50539529586334	-0.982691098102814	Tier_1_cross_site_FDR05_direction_concordant	eligible_for_site_aware_pathway_or_module_discovery	GO:0060907	positive regulation of macrophage cytokine production	primary_candidate_module	Viral-higher cytokine/innate immune regulation programme with sufficient GO support for primary manual review.	eligible_for_primary_manual_biological_review_not_final_claim	TRUE	1.25627568841129
higher_in_viral | Viral_higher_cytokine_innate_immune_regulation_programme | Cytokine and innate immune regulation programme | B_moderate_GO_support	higher_in_viral	Viral_higher_cytokine_innate_immune_regulation_programme	Cytokine and innate immune regulation programme	B_moderate_GO_support	candidate_module_ready_for_manual_biological_review	viral_higher_site_aware_eligible	Viral_higher_GO_group_09	3976	LIF	LIF interleukin 6 family cytokine	-2.44190803482997	2.6776788235494e-14	-2.49431160247701	-2.54647235515784	Tier_1_cross_site_FDR05_direction_concordant	eligible_for_site_aware_pathway_or_module_discovery	GO:0006955	immune response	primary_candidate_module	Viral-higher cytokine/innate immune regulation programme with sufficient GO support for primary manual review.	eligible_for_primary_manual_biological_review_not_final_claim	TRUE	2.44190803482997
higher_in_viral | Viral_higher_cytokine_innate_immune_regulation_programme | Cytokine and innate immune regulation programme | B_moderate_GO_support	higher_in_viral	Viral_higher_cytokine_innate_immune_regulation_programme	Cytokine and innate immune regulation programme	B_moderate_GO_support	candidate_module_ready_for_manual_biological_review	viral_higher_site_aware_eligible	Viral_higher_GO_group_09	1672	DEFB1	defensin beta 1	-3.5917500836365	4.57996772986168e-14	-4.64099727601923	-2.35139510210496	Tier_1_cross_site_FDR05_direction_concordant	eligible_for_site_aware_pathway_or_module_discovery	GO:0006955	immune response	primary_candidate_module	Viral-higher cytokine/innate immune regulation programme with sufficient GO support for primary manual review.	eligible_for_primary_manual_biological_review_not_final_claim	TRUE	3.5917500836365
higher_in_viral | Viral_higher_cytokine_innate_immune_regulation_programme | Cytokine and innate immune regulation programme | B_moderate_GO_support	higher_in_viral	Viral_higher_cytokine_innate_immune_regulation_programme	Cytokine and innate immune regulation programme	B_moderate_GO_support	candidate_module_ready_for_manual_biological_review	viral_higher_site_aware_eligible	Viral_higher_GO_group_09	8743	TNFSF10	TNF superfamily member 10	-1.18301124793803	4.57996772986168e-14	-1.5314957852508	-0.806180662290283	Tier_1_cross_site_FDR05_direction_concordant	eligible_for_site_aware_pathway_or_module_discovery	GO:0006955	immune response	primary_candidate_module	Viral-higher cytokine/innate immune regulation programme with sufficient GO support for primary manual review.	eligible_for_primary_manual_biological_review_not_final_claim	TRUE	1.18301124793803
higher_in_viral | Viral_higher_cytokine_innate_immune_regulation_programme | Cytokine and innate immune regulation programme | B_moderate_GO_support	higher_in_viral	Viral_higher_cytokine_innate_immune_regulation_programme	Cytokine and innate immune regulation programme	B_moderate_GO_support	candidate_module_ready_for_manual_biological_review	viral_higher_site_aware_eligible	Viral_higher_GO_group_09	4088	SMAD3	SMAD family member 3	-1.21900463571384	2.13121705600754e-13	-1.22818872347868	-1.3593384595316	Tier_1_cross_site_FDR05_direction_concordant	eligible_for_site_aware_pathway_or_module_discovery	GO:0006955	immune response	primary_candidate_module	Viral-higher cytokine/innate immune regulation programme with sufficient GO support for primary manual review.	eligible_for_primary_manual_biological_review_not_final_claim	TRUE	1.21900463571384
higher_in_viral | Viral_higher_cytokine_innate_immune_regulation_programme | Cytokine and innate immune regulation programme | B_moderate_GO_support	higher_in_viral	Viral_higher_cytokine_innate_immune_regulation_programme	Cytokine and innate immune regulation programme	B_moderate_GO_support	candidate_module_ready_for_manual_biological_review	viral_higher_site_aware_eligible	Viral_higher_GO_group_19	7098	TLR3	toll like receptor 3	-2.43531383369351	1.94962168786523e-12	-2.77488536255617	-2.11914031092772	Tier_1_cross_site_FDR05_direction_concordant	eligible_for_site_aware_pathway_or_module_discovery	GO:0060907	positive regulation of macrophage cytokine production	primary_candidate_module	Viral-higher cytokine/innate immune regulation programme with sufficient GO support for primary manual review.	eligible_for_primary_manual_biological_review_not_final_claim	TRUE	2.43531383369351
higher_in_viral | Viral_higher_cytokine_innate_immune_regulation_programme | Cytokine and innate immune regulation programme | B_moderate_GO_support	higher_in_viral	Viral_higher_cytokine_innate_immune_regulation_programme	Cytokine and innate immune regulation programme	B_moderate_GO_support	candidate_module_ready_for_manual_biological_review	viral_higher_site_aware_eligible	Viral_higher_GO_group_09	3575	IL7R	interleukin 7 receptor	-1.18680963729262	3.21798880451086e-12	-1.27842666960681	-1.10622924275438	Tier_1_cross_site_FDR05_direction_concordant	eligible_for_site_aware_pathway_or_module_discovery	GO:0006955	immune response	primary_candidate_module	Viral-higher cytokine/innate immune regulation programme with sufficient GO support for primary manual review.	eligible_for_primary_manual_biological_review_not_final_claim	TRUE	1.18680963729262
higher_in_viral | Viral_higher_cytokine_innate_immune_regulation_programme | Cytokine and innate immune regulation programme | B_moderate_GO_support	higher_in_viral	Viral_higher_cytokine_innate_immune_regulation_programme	Cytokine and innate immune regulation programme	B_moderate_GO_support	candidate_module_ready_for_manual_biological_review	viral_higher_site_aware_eligible	Viral_higher_GO_group_09	10346	TRIM22	tripartite motif containing 22	-1.13416366414571	2.48362996234425e-11	-1.5318546972203	-0.666165315390674	Tier_1_cross_site_FDR05_direction_concordant	eligible_for_site_aware_pathway_or_module_discovery	GO:0006955	immune response	primary_candidate_module	Viral-higher cytokine/innate immune regulation programme with sufficient GO support for primary manual review.	eligible_for_primary_manual_biological_review_not_final_claim	TRUE	1.13416366414571
higher_in_viral | Viral_higher_cytokine_innate_immune_regulation_programme | Cytokine and innate immune regulation programme | B_moderate_GO_support	higher_in_viral	Viral_higher_cytokine_innate_immune_regulation_programme	Cytokine and innate immune regulation programme	B_moderate_GO_support	candidate_module_ready_for_manual_biological_review	viral_higher_site_aware_eligible	Viral_higher_GO_group_09	944	TNFSF8	TNF superfamily member 8	-1.01647312498208	7.49071899765503e-11	-1.06604324035606	-1.0337875621649	Tier_1_cross_site_FDR05_direction_concordant	eligible_for_site_aware_pathway_or_module_discovery	GO:0006955	immune response	primary_candidate_module	Viral-higher cytokine/innate immune regulation programme with sufficient GO support for primary manual review.	eligible_for_primary_manual_biological_review_not_final_claim	TRUE	1.01647312498208
higher_in_viral | Viral_higher_cytokine_innate_immune_regulation_programme | Cytokine and innate immune regulation programme | B_moderate_GO_support	higher_in_viral	Viral_higher_cytokine_innate_immune_regulation_programme	Cytokine and innate immune regulation programme	B_moderate_GO_support	candidate_module_ready_for_manual_biological_review	viral_higher_site_aware_eligible	Viral_higher_GO_group_05	11119	BTN3A1	butyrophilin subfamily 3 member A1	-0.99406962505339	2.57670673392069e-10	-0.856215443785058	-1.31788924547635	Tier_1_cross_site_FDR05_direction_concordant	eligible_for_site_aware_pathway_or_module_discovery	GO:0001817	regulation of cytokine production	primary_candidate_module	Viral-higher cytokine/innate immune regulation programme with sufficient GO support for primary manual review.	eligible_for_primary_manual_biological_review_not_final_claim	TRUE	0.99406962505339
higher_in_viral | Viral_higher_cytokine_innate_immune_regulation_programme | Cytokine and innate immune regulation programme | B_moderate_GO_support	higher_in_viral	Viral_higher_cytokine_innate_immune_regulation_programme	Cytokine and innate immune regulation programme	B_moderate_GO_support	candidate_module_ready_for_manual_biological_review	viral_higher_site_aware_eligible	Viral_higher_GO_group_05	1997	ELF1	E74 like ETS transcription factor 1	-1.18371405734876	2.72323333813412e-10	-1.48284536226916	-0.879679731642123	Tier_1_cross_site_FDR05_direction_concordant	eligible_for_site_aware_pathway_or_module_discovery	GO:0001817	regulation of cytokine production	primary_candidate_module	Viral-higher cytokine/innate immune regulation programme with sufficient GO support for primary manual review.	eligible_for_primary_manual_biological_review_not_final_claim	TRUE	1.18371405734876
higher_in_viral | Viral_higher_cytokine_innate_immune_regulation_programme | Cytokine and innate immune regulation programme | B_moderate_GO_support	higher_in_viral	Viral_higher_cytokine_innate_immune_regulation_programme	Cytokine and innate immune regulation programme	B_moderate_GO_support	candidate_module_ready_for_manual_biological_review	viral_higher_site_aware_eligible	Viral_higher_GO_group_09	1230	CCR1	C-C motif chemokine receptor 1	-0.920821639254262	3.73686630397613e-09	-1.46069800867515	-0.198790690283775	Tier_2_pooled_FDR05_all_direction_concordant_one_site_FDR05	eligible_for_site_aware_pathway_or_module_discovery	GO:0006955	immune response	primary_candidate_module	Viral-higher cytokine/innate immune regulation programme with sufficient GO support for primary manual review.	eligible_for_primary_manual_biological_review_not_final_claim	TRUE	0.920821639254262
higher_in_viral | Viral_higher_cytokine_innate_immune_regulation_programme | Cytokine and innate immune regulation programme | B_moderate_GO_support	higher_in_viral	Viral_higher_cytokine_innate_immune_regulation_programme	Cytokine and innate immune regulation programme	B_moderate_GO_support	candidate_module_ready_for_manual_biological_review	viral_higher_site_aware_eligible	Viral_higher_GO_group_09	57105	CYSLTR2	cysteinyl leukotriene receptor 2	-1.38362298426348	4.13100034388817e-09	-1.48224159227724	-1.32880454066216	Tier_1_cross_site_FDR05_direction_concordant	eligible_for_site_aware_pathway_or_module_discovery	GO:0006955	immune response	primary_candidate_module	Viral-higher cytokine/innate immune regulation programme with sufficient GO support for primary manual review.	eligible_for_primary_manual_biological_review_not_final_claim	TRUE	1.38362298426348
higher_in_viral | Viral_higher_cytokine_innate_immune_regulation_programme | Cytokine and innate immune regulation programme | B_moderate_GO_support	higher_in_viral	Viral_higher_cytokine_innate_immune_regulation_programme	Cytokine and innate immune regulation programme	B_moderate_GO_support	candidate_module_ready_for_manual_biological_review	viral_higher_site_aware_eligible	Viral_higher_GO_group_09	2537	IFI6	interferon alpha inducible protein 6	-2.39629405266998	8.22669999673773e-09	-2.64053912133538	-2.20184367840854	Tier_1_cross_site_FDR05_direction_concordant	eligible_for_site_aware_pathway_or_module_discovery	GO:0006955	immune response	primary_candidate_module	Viral-higher cytokine/innate immune regulation programme with sufficient GO support for primary manual review.	eligible_for_primary_manual_biological_review_not_final_claim	TRUE	2.39629405266998
higher_in_viral | Viral_higher_cytokine_innate_immune_regulation_programme | Cytokine and innate immune regulation programme | B_moderate_GO_support	higher_in_viral	Viral_higher_cytokine_innate_immune_regulation_programme	Cytokine and innate immune regulation programme	B_moderate_GO_support	candidate_module_ready_for_manual_biological_review	viral_higher_site_aware_eligible	Viral_higher_GO_group_09	1232	CCR3	C-C motif chemokine receptor 3	-1.24833844144044	1.00735077502627e-08	-1.32397460168529	-1.2657531679693	Tier_1_cross_site_FDR05_direction_concordant	eligible_for_site_aware_pathway_or_module_discovery	GO:0006955	immune response	primary_candidate_module	Viral-higher cytokine/innate immune regulation programme with sufficient GO support for primary manual review.	eligible_for_primary_manual_biological_review_not_final_claim	TRUE	1.24833844144044
higher_in_viral | Viral_higher_cytokine_innate_immune_regulation_programme | Cytokine and innate immune regulation programme | B_moderate_GO_support	higher_in_viral	Viral_higher_cytokine_innate_immune_regulation_programme	Cytokine and innate immune regulation programme	B_moderate_GO_support	candidate_module_ready_for_manual_biological_review	viral_higher_site_aware_eligible	Viral_higher_GO_group_19	24145	PANX1	pannexin 1	-1.34744002638107	1.57694521611788e-08	-1.67853751842643	-1.02608980935955	Tier_1_cross_site_FDR05_direction_concordant	eligible_for_site_aware_pathway_or_module_discovery	GO:0060907	positive regulation of macrophage cytokine production	primary_candidate_module	Viral-higher cytokine/innate immune regulation programme with sufficient GO support for primary manual review.	eligible_for_primary_manual_biological_review_not_final_claim	TRUE	1.34744002638107
higher_in_viral | Viral_higher_cytokine_innate_immune_regulation_programme | Cytokine and innate immune regulation programme | B_moderate_GO_support	higher_in_viral	Viral_higher_cytokine_innate_immune_regulation_programme	Cytokine and innate immune regulation programme	B_moderate_GO_support	candidate_module_ready_for_manual_biological_review	viral_higher_site_aware_eligible	Viral_higher_GO_group_05	84502	JPH4	junctophilin 4	-1.44859284343107	3.64717895851288e-08	-2.18622836416093	-0.529533496952741	Tier_2_pooled_FDR05_all_direction_concordant_one_site_FDR05	eligible_for_site_aware_pathway_or_module_discovery	GO:0001817	regulation of cytokine production	primary_candidate_module	Viral-higher cytokine/innate immune regulation programme with sufficient GO support for primary manual review.	eligible_for_primary_manual_biological_review_not_final_claim	TRUE	1.44859284343107
higher_in_viral | Viral_higher_cytokine_innate_immune_regulation_programme | Cytokine and innate immune regulation programme | B_moderate_GO_support	higher_in_viral	Viral_higher_cytokine_innate_immune_regulation_programme	Cytokine and innate immune regulation programme	B_moderate_GO_support	candidate_module_ready_for_manual_biological_review	viral_higher_site_aware_eligible	Viral_higher_GO_group_09	10803	CCR9	C-C motif chemokine receptor 9	-1.57635336478884	7.59027748530108e-08	-1.47040318141387	-1.85304274312524	Tier_1_cross_site_FDR05_direction_concordant	eligible_for_site_aware_pathway_or_module_discovery	GO:0006955	immune response	primary_candidate_module	Viral-higher cytokine/innate immune regulation programme with sufficient GO support for primary manual review.	eligible_for_primary_manual_biological_review_not_final_claim	TRUE	1.57635336478884
higher_in_viral | Viral_higher_cytokine_innate_immune_regulation_programme | Cytokine and innate immune regulation programme | B_moderate_GO_support	higher_in_viral	Viral_higher_cytokine_innate_immune_regulation_programme	Cytokine and innate immune regulation programme	B_moderate_GO_support	candidate_module_ready_for_manual_biological_review	viral_higher_site_aware_eligible	Viral_higher_GO_group_05	23308	ICOSLG	inducible T cell costimulator ligand	-0.935113238459983	8.04005676840551e-08	-0.920433495347851	-0.991767739595394	Tier_1_cross_site_FDR05_direction_concordant	eligible_for_site_aware_pathway_or_module_discovery	GO:0001817	regulation of cytokine production	primary_candidate_module	Viral-higher cytokine/innate immune regulation programme with sufficient GO support for primary manual review.	eligible_for_primary_manual_biological_review_not_final_claim	TRUE	0.935113238459983
higher_in_viral | Viral_higher_cytokine_innate_immune_regulation_programme | Cytokine and innate immune regulation programme | B_moderate_GO_support	higher_in_viral	Viral_higher_cytokine_innate_immune_regulation_programme	Cytokine and innate immune regulation programme	B_moderate_GO_support	candidate_module_ready_for_manual_biological_review	viral_higher_site_aware_eligible	Viral_higher_GO_group_09	941	CD80	CD80 molecule	-1.75589251777606	1.21924169015715e-07	-2.12997760165327	-1.19954508106016	Tier_1_cross_site_FDR05_direction_concordant	eligible_for_site_aware_pathway_or_module_discovery	GO:0006955	immune response	primary_candidate_module	Viral-higher cytokine/innate immune regulation programme with sufficient GO support for primary manual review.	eligible_for_primary_manual_biological_review_not_final_claim	TRUE	1.75589251777606
higher_in_viral | Viral_higher_cytokine_innate_immune_regulation_programme | Cytokine and innate immune regulation programme | B_moderate_GO_support	higher_in_viral	Viral_higher_cytokine_innate_immune_regulation_programme	Cytokine and innate immune regulation programme	B_moderate_GO_support	candidate_module_ready_for_manual_biological_review	viral_higher_site_aware_eligible	Viral_higher_GO_group_09	56477	CCL28	C-C motif chemokine ligand 28	-0.979653851418915	1.31330571921878e-07	-0.913452415545666	-1.15101878471832	Tier_1_cross_site_FDR05_direction_concordant	eligible_for_site_aware_pathway_or_module_discovery	GO:0006955	immune response	primary_candidate_module	Viral-higher cytokine/innate immune regulation programme with sufficient GO support for primary manual review.	eligible_for_primary_manual_biological_review_not_final_claim	TRUE	0.979653851418915
higher_in_viral | Viral_higher_cytokine_innate_immune_regulation_programme | Cytokine and innate immune regulation programme | B_moderate_GO_support	higher_in_viral	Viral_higher_cytokine_innate_immune_regulation_programme	Cytokine and innate immune regulation programme	B_moderate_GO_support	candidate_module_ready_for_manual_biological_review	viral_higher_site_aware_eligible	Viral_higher_GO_group_19	5027	P2RX7	purinergic receptor P2X 7	-0.951634592225624	2.71238014853148e-07	-1.08101760726443	-0.770662635361735	Tier_1_cross_site_FDR05_direction_concordant	eligible_for_site_aware_pathway_or_module_discovery	GO:0060907	positive regulation of macrophage cytokine production	primary_candidate_module	Viral-higher cytokine/innate immune regulation programme with sufficient GO support for primary manual review.	eligible_for_primary_manual_biological_review_not_final_claim	TRUE	0.951634592225624
higher_in_viral | Viral_higher_cytokine_innate_immune_regulation_programme | Cytokine and innate immune regulation programme | B_moderate_GO_support	higher_in_viral	Viral_higher_cytokine_innate_immune_regulation_programme	Cytokine and innate immune regulation programme	B_moderate_GO_support	candidate_module_ready_for_manual_biological_review	viral_higher_site_aware_eligible	Viral_higher_GO_group_09	3557	IL1RN	interleukin 1 receptor antagonist	-1.04704749191055	3.73289194723583e-07	-1.60347344699309	-0.357895478635668	Tier_2_pooled_FDR05_all_direction_concordant_one_site_FDR05	eligible_for_site_aware_pathway_or_module_discovery	GO:0006955	immune response	primary_candidate_module	Viral-higher cytokine/innate immune regulation programme with sufficient GO support for primary manual review.	eligible_for_primary_manual_biological_review_not_final_claim	TRUE	1.04704749191055
higher_in_viral | Viral_higher_cytokine_innate_immune_regulation_programme | Cytokine and innate immune regulation programme | B_moderate_GO_support	higher_in_viral	Viral_higher_cytokine_innate_immune_regulation_programme	Cytokine and innate immune regulation programme	B_moderate_GO_support	candidate_module_ready_for_manual_biological_review	viral_higher_site_aware_eligible	Viral_higher_GO_group_09	1514	CTSL	cathepsin L	-1.06812742767151	4.68331482770552e-07	-1.76376225282641	-0.0813576868259261	Tier_2_pooled_FDR05_all_direction_concordant_one_site_FDR05	eligible_for_site_aware_pathway_or_module_discovery	GO:0006955	immune response	primary_candidate_module	Viral-higher cytokine/innate immune regulation programme with sufficient GO support for primary manual review.	eligible_for_primary_manual_biological_review_not_final_claim	TRUE	1.06812742767151
higher_in_viral | Viral_higher_cytokine_innate_immune_regulation_programme | Cytokine and innate immune regulation programme | B_moderate_GO_support	higher_in_viral	Viral_higher_cytokine_innate_immune_regulation_programme	Cytokine and innate immune regulation programme	B_moderate_GO_support	candidate_module_ready_for_manual_biological_review	viral_higher_site_aware_eligible	Viral_higher_GO_group_09	6932	TCF7	transcription factor 7	-0.843974603105732	5.16306294218742e-07	-0.804890440567094	-0.939460141552499	Tier_1_cross_site_FDR05_direction_concordant	eligible_for_site_aware_pathway_or_module_discovery	GO:0006955	immune response	primary_candidate_module	Viral-higher cytokine/innate immune regulation programme with sufficient GO support for primary manual review.	eligible_for_primary_manual_biological_review_not_final_claim	TRUE	0.843974603105732
higher_in_viral | Viral_higher_cytokine_innate_immune_regulation_programme | Cytokine and innate immune regulation programme | B_moderate_GO_support	higher_in_viral	Viral_higher_cytokine_innate_immune_regulation_programme	Cytokine and innate immune regulation programme	B_moderate_GO_support	candidate_module_ready_for_manual_biological_review	viral_higher_site_aware_eligible	Viral_higher_GO_group_05	8651	SOCS1	suppressor of cytokine signaling 1	-1.24589254850002	5.94296880821948e-07	-1.35814974279381	-1.26502656766866	Tier_1_cross_site_FDR05_direction_concordant	eligible_for_site_aware_pathway_or_module_discovery	GO:0001817	regulation of cytokine production	primary_candidate_module	Viral-higher cytokine/innate immune regulation programme with sufficient GO support for primary manual review.	eligible_for_primary_manual_biological_review_not_final_claim	TRUE	1.24589254850002
