--2026-05-31 18:36:37--  https://ftp.ncbi.nlm.nih.gov/geo/series/GSE68nnn/GSE68310/suppl/GSE68310_non-normalized.txt.gz
Resolving ftp.ncbi.nlm.nih.gov (ftp.ncbi.nlm.nih.gov)... 130.14.250.11, 130.14.250.10, 2607:f220:41e:250::7, ...
Connecting to ftp.ncbi.nlm.nih.gov (ftp.ncbi.nlm.nih.gov)|130.14.250.11|:443... connected.
HTTP request sent, awaiting response... 200 OK
Length: 253276917 (242M) [application/x-gzip]
Saving to: ‘data/expression_raw/GSE68310/GSE68310_non-normalized.txt.gz’

     0K .......... .......... .......... .......... ..........  0% 61.1K 67m29s
    50K .......... .......... .......... .......... ..........  0%  109K 52m39s
   100K .......... .......... .......... .......... ..........  0% 82.9K 51m39s
   150K .......... .......... .......... .......... ..........  0% 93.3K 49m46s
   200K .......... .......... .......... .......... ..........  0%  119K 46m42s
   250K .......... .......... .......... .......... ..........  0%  126K 44m22s
   300K .......... .......... .......... .......... ..........  0%  128K 42m36s
   350K .......... .......... .......... .......... ..........  0%  123K 41m26s
   400K .......... .......... .......... .......... ..........  0%  135K 40m13s
   450K .......... .......... .......... .......... ..........  0%  196K 38m17s
   500K .......... .......... .......... .......... ..........  0%  147K 37m20s
   550K .......... .......... .......... .......... ..........  0%  211K 35m51s
   600K .......... .......... .......... .......... ..........  0%  186K 34m47s
   650K .......... .......... .......... .......... ..........  0%  260K 33m25s
   700K .......... .......... .......... .......... ..........  0%  199K 32m34s
   750K .......... .......... .......... .......... ..........  0%  168K 32m3s
   800K .......... .......... .......... .......... ..........  0%  248K 31m8s
   850K .......... .......... .......... .......... ..........  0%  184K 30m38s
   900K .......... .......... .......... .......... ..........  0%  140K 30m33s
   950K .......... .......... .......... .......... ..........  0%  229K 29m55s
  1000K .......... .......... .......... .......... ..........  0%  175K 29m36s
  1050K .......... .......... .......... .......... ..........  0%  530K 28m36s
  1100K .......... .......... .......... .......... ..........  0%  330K 27m54s
  1150K .......... .......... .......... .......... ..........  0%  602K 27m1s
  1200K .......... .......... .......... .......... ..........  0%  256K 26m34s
  1250K .......... .......... .......... .......... ..........  0%  350K 25m59s
  1300K .......... .......... .......... .......... ..........  0%  310K 25m31s
  1350K .......... .......... .......... .......... ..........  0%  575K 24m51s
  1400K .......... .......... .......... .......... ..........  0%  918K 24m9s
  1450K .......... .......... .......... .......... ..........  0%  597K 23m34s
  1500K .......... .......... .......... .......... ..........  0%  653K 23m0s
  1550K .......... .......... .......... .......... ..........  0%  293K 22m43s
  1600K .......... .......... .......... .......... ..........  0%  344K 22m23s
  1650K .......... .......... .......... .......... ..........  0%  491K 21m58s
  1700K .......... .......... .......... .......... ..........  0%  342K 21m40s
  1750K .......... .......... .......... .......... ..........  0%  345K 21m24s
  1800K .......... .......... .......... .......... ..........  0%  876K 20m57s
  1850K .......... .......... .......... .......... ..........  0% 1.00M 20m29s
  1900K .......... .......... .......... .......... ..........  0% 1.33M 20m2s
  1950K .......... .......... .......... .......... ..........  0%  812K 19m40s
  2000K .......... .......... .......... .......... ..........  0% 1.60M 19m14s
  2050K .......... .......... .......... .......... ..........  0% 1.12M 18m52s
  2100K .......... .......... .......... .......... ..........  0%  306K 18m44s
  2150K .......... .......... .......... .......... ..........  0%  908K 18m24s
  2200K .......... .......... .......... .......... ..........  0%  474K 18m11s
  2250K .......... .......... .......... .......... ..........  0%  458K 17m59s
  2300K .......... .......... .......... .......... ..........  0%  569K 17m45s
  2350K .......... .......... .......... .......... ..........  0%  625K 17m30s
  2400K .......... .......... .......... .......... ..........  0% 1.19M 17m13s
  2450K .......... .......... .......... .......... ..........  1% 1.37M 16m55s
  2500K .......... .......... .......... .......... ..........  1% 1.53M 16m38s
  2550K .......... .......... .......... .......... ..........  1% 1.50M 16m22s
  2600K .......... .......... .......... .......... ..........  1% 1.14M 16m7s
  2650K .......... .......... .......... .......... ..........  1% 1.56M 15m52s
  2700K .......... .......... .......... .......... ..........  1%  804K 15m40s
  2750K .......... .......... .......... .......... ..........  1%  714K 15m29s
  2800K .......... .......... .......... .......... ..........  1%  976K 15m17s
  2850K .......... .......... .......... .......... ..........  1%  911K 15m6s
  2900K .......... .......... .......... .......... ..........  1% 1.80M 14m52s
  2950K .......... .......... .......... .......... ..........  1% 1.06M 14m41s
  3000K .......... .......... .......... .......... ..........  1% 1.88M 14m29s
  3050K .......... .......... .......... .......... ..........  1% 1.27M 14m17s
  3100K .......... .......... .......... .......... ..........  1%  555K 14m11s
  3150K .......... .......... .......... .......... ..........  1% 2.07M 13m59s
  3200K .......... .......... .......... .......... ..........  1% 1.76M 13m48s
  3250K .......... .......... .......... .......... ..........  1%  661K 13m41s
  3300K .......... .......... .......... .......... ..........  1%  418K 13m37s
  3350K .......... .......... .......... .......... ..........  1% 1.28M 13m28s
  3400K .......... .......... .......... .......... ..........  1% 1.96M 13m18s
  3450K .......... .......... .......... .......... ..........  1% 1.07M 13m9s
  3500K .......... .......... .......... .......... ..........  1% 1.39M 13m0s
  3550K .......... .......... .......... .......... ..........  1% 1006K 12m53s
  3600K .......... .......... .......... .......... ..........  1%  268K 12m54s
  3650K .......... .......... .......... .......... ..........  1%  684K 12m49s
  3700K .......... .......... .......... .......... ..........  1%  956K 12m42s
  3750K .......... .......... .......... .......... ..........  1%  842K 12m35s
  3800K .......... .......... .......... .......... ..........  1%  815K 12m29s
  3850K .......... .......... .......... .......... ..........  1%  619K 12m24s
  3900K .......... .......... .......... .......... ..........  1% 1.27M 12m17s
  3950K .......... .......... .......... .......... ..........  1%  786K 12m12s
  4000K .......... .......... .......... .......... ..........  1%  714K 12m7s
  4050K .......... .......... .......... .......... ..........  1% 1.10M 12m0s
  4100K .......... .......... .......... .......... ..........  1%  627K 11m56s
  4150K .......... .......... .......... .......... ..........  1% 1.03M 11m50s
  4200K .......... .......... .......... .......... ..........  1%  360K 11m50s
  4250K .......... .......... .......... .......... ..........  1%  305K 11m51s
  4300K .......... .......... .......... .......... ..........  1%  305K 11m52s
  4350K .......... .......... .......... .......... ..........  1%  385K 11m50s
  4400K .......... .......... .......... .......... ..........  1%  513K 11m48s
  4450K .......... .......... .......... .......... ..........  1%  762K 11m43s
  4500K .......... .......... .......... .......... ..........  1%  876K 11m38s
  4550K .......... .......... .......... .......... ..........  1%  681K 11m35s
  4600K .......... .......... .......... .......... ..........  1%  361K 11m34s
  4650K .......... .......... .......... .......... ..........  1%  808K 11m30s
  4700K .......... .......... .......... .......... ..........  1%  597K 11m27s
  4750K .......... .......... .......... .......... ..........  1%  330K 11m27s
  4800K .......... .......... .......... .......... ..........  1% 31.3K 12m40s
  4850K .......... .......... .......... .......... ..........  1%  684K 12m35s
  4900K .......... .......... .......... .......... ..........  2% 1.16M 12m30s
  4950K .......... .......... .......... .......... ..........  2% 1.19M 12m24s
  5000K .......... .......... .......... .......... ..........  2% 2.15M 12m18s
  5050K .......... .......... .......... .......... ..........  2% 4.95M 12m11s
  5100K .......... .......... .......... .......... ..........  2% 4.85M 12m4s
  5150K .......... .......... .......... .......... ..........  2% 5.20M 11m57s
  5200K .......... .......... .......... .......... ..........  2% 4.55M 11m51s
  5250K .......... .......... .......... .......... ..........  2%  254K 11m53s
  5300K .......... .......... .......... .......... ..........  2%  161K 12m0s
  5350K .......... .......... .......... .......... ..........  2%  239K 12m3s
  5400K .......... .......... .......... .......... ..........  2% 3.99M 11m56s
  5450K .......... .......... .......... .......... ..........  2%  568K 11m54s
  5500K .......... .......... .......... .......... ..........  2%  640K 11m51s
  5550K .......... .......... .......... .......... ..........  2% 1.13M 11m46s
  5600K .......... .......... .......... .......... ..........  2% 42.6K 12m30s
  5650K .......... .......... .......... .......... ..........  2% 4.62M 12m24s
  5700K .......... .......... .......... .......... ..........  2% 3.08M 12m18s
  5750K .......... .......... .......... .......... ..........  2% 4.93M 12m11s
  5800K .......... .......... .......... .......... ..........  2% 5.09M 12m5s
  5850K .......... .......... .......... .......... ..........  2% 3.97M 12m0s
  5900K .......... .......... .......... .......... ..........  2% 4.84M 11m54s
  5950K .......... .......... .......... .......... ..........  2%  406K 11m53s
  6000K .......... .......... .......... .......... ..........  2% 1.07M 11m49s
  6050K .......... .......... .......... .......... ..........  2% 4.00M 11m43s
  6100K .......... .......... .......... .......... ..........  2% 2.57M 11m38s
  6150K .......... .......... .......... .......... ..........  2% 4.06M 11m33s
  6200K .......... .......... .......... .......... ..........  2% 3.41M 11m27s
  6250K .......... .......... .......... .......... ..........  2% 3.89M 11m22s
  6300K .......... .......... .......... .......... ..........  2% 3.80M 11m17s
  6350K .......... .......... .......... .......... ..........  2% 3.10M 11m13s
  6400K .......... .......... .......... .......... ..........  2% 3.62M 11m8s
  6450K .......... .......... .......... .......... ..........  2% 3.03M 11m3s
  6500K .......... .......... .......... .......... ..........  2% 3.39M 10m58s
  6550K .......... .......... .......... .......... ..........  2% 2.74M 10m54s
  6600K .......... .......... .......... .......... ..........  2% 1.04M 10m50s
  6650K .......... .......... .......... .......... ..........  2%  687K 10m48s
  6700K .......... .......... .......... .......... ..........  2%  427K 10m47s
  6750K .......... .......... .......... .......... ..........  2% 1.17M 10m44s
  6800K .......... .......... .......... .......... ..........  2% 1.27M 10m40s
  6850K .......... .......... .......... .......... ..........  2% 1.14M 10m37s
  6900K .......... .......... .......... .......... ..........  2%  949K 10m34s
  6950K .......... .......... .......... .......... ..........  2% 1.22M 10m31s
  7000K .......... .......... .......... .......... ..........  2%  560K 10m29s
  7050K .......... .......... .......... .......... ..........  2%  984K 10m27s
  7100K .......... .......... .......... .......... ..........  2%  798K 10m24s
  7150K .......... .......... .......... .......... ..........  2%  478K 10m23s
  7200K .......... .......... .......... .......... ..........  2%  384K 10m23s
  7250K .......... .......... .......... .......... ..........  2%  559K 10m22s
  7300K .......... .......... .......... .......... ..........  2%  660K 10m20s
  7350K .......... .......... .......... .......... ..........  2%  994K 10m17s
  7400K .......... .......... .......... .......... ..........  3% 1.41M 10m14s
  7450K .......... .......... .......... .......... ..........  3% 1.09M 10m11s
  7500K .......... .......... .......... .......... ..........  3% 1.20M 10m8s
  7550K .......... .......... .......... .......... ..........  3% 1.65M 10m5s
  7600K .......... .......... .......... .......... ..........  3% 1.04M 10m2s
  7650K .......... .......... .......... .......... ..........  3%  606K 10m1s
  7700K .......... .......... .......... .......... ..........  3%  648K 9m59s
  7750K .......... .......... .......... .......... ..........  3%  835K 9m57s
  7800K .......... .......... .......... .......... ..........  3%  264K 9m59s
  7850K .......... .......... .......... .......... ..........  3%  631K 9m58s
  7900K .......... .......... .......... .......... ..........  3%  766K 9m56s
  7950K .......... .......... .......... .......... ..........  3%  603K 9m54s
  8000K .......... .......... .......... .......... ..........  3%  515K 9m53s
  8050K .......... .......... .......... .......... ..........  3%  523K 9m52s
  8100K .......... .......... .......... .......... ..........  3%  471K 9m52s
  8150K .......... .......... .......... .......... ..........  3%  321K 9m53s
  8200K .......... .......... .......... .......... ..........  3%  417K 9m52s
  8250K .......... .......... .......... .......... ..........  3%  375K 9m52s
  8300K .......... .......... .......... .......... ..........  3%  549K 9m51s
  8350K .......... .......... .......... .......... ..........  3%  448K 9m51s
  8400K .......... .......... .......... .......... ..........  3%  921K 9m49s
  8450K .......... .......... .......... .......... ..........  3%  463K 9m48s
  8500K .......... .......... .......... .......... ..........  3%  321K 9m49s
  8550K .......... .......... .......... .......... ..........  3%  723K 9m47s
  8600K .......... .......... .......... .......... ..........  3%  399K 9m47s
  8650K .......... .......... .......... .......... ..........  3%  637K 9m46s
  8700K .......... .......... .......... .......... ..........  3%  161K 9m51s
  8750K .......... .......... .......... .......... ..........  3%  325K 9m52s
  8800K .......... .......... .......... .......... ..........  3%  224K 9m54s
  8850K .......... .......... .......... .......... ..........  3% 34.3K 10m30s
  8900K .......... .......... .......... .......... ..........  3%  709K 10m28s
  8950K .......... .......... .......... .......... ..........  3% 2.24M 10m25s
  9000K .......... .......... .......... .......... ..........  3%  650K 10m24s
  9050K .......... .......... .......... .......... ..........  3% 2.50M 10m20s
  9100K .......... .......... .......... .......... ..........  3% 2.12M 10m18s
  9150K .......... .......... .......... .......... ..........  3% 1.63M 10m15s
  9200K .......... .......... .......... .......... ..........  3% 1.76M 10m12s
  9250K .......... .......... .......... .......... ..........  3% 2.33M 10m9s
  9300K .......... .......... .......... .......... ..........  3% 2.28M 10m6s
  9350K .......... .......... .......... .......... ..........  3% 1.92M 10m4s
  9400K .......... .......... .......... .......... ..........  3% 2.23M 10m1s
  9450K .......... .......... .......... .......... ..........  3% 1.17M 9m59s
  9500K .......... .......... .......... .......... ..........  3%  605K 9m57s
  9550K .......... .......... .......... .......... ..........  3% 1016K 9m55s
  9600K .......... .......... .......... .......... ..........  3%  552K 9m54s
  9650K .......... .......... .......... .......... ..........  3%  348K 9m55s
  9700K .......... .......... .......... .......... ..........  3%  523K 9m54s
  9750K .......... .......... .......... .......... ..........  3%  433K 9m54s
  9800K .......... .......... .......... .......... ..........  3%  584K 9m53s
  9850K .......... .......... .......... .......... ..........  4%  326K 9m53s
  9900K .......... .......... .......... .......... ..........  4%  773K 9m52s
  9950K .......... .......... .......... .......... ..........  4%  635K 9m50s
 10000K .......... .......... .......... .......... ..........  4%  297K 9m51s
 10050K .......... .......... .......... .......... ..........  4%  273K 9m52s
 10100K .......... .......... .......... .......... ..........  4%  124K 9m59s
 10150K .......... .......... .......... .......... ..........  4%  291K 10m0s
 10200K .......... .......... .......... .......... ..........  4%  414K 10m0s
 10250K .......... .......... .......... .......... ..........  4%  310K 10m0s
 10300K .......... .......... .......... .......... ..........  4%  496K 9m59s
 10350K .......... .......... .......... .......... ..........  4%  533K 9m59s
 10400K .......... .......... .......... .......... ..........  4%  640K 9m57s
 10450K .......... .......... .......... .......... ..........  4%  486K 9m57s
 10500K .......... .......... .......... .......... ..........  4%  592K 9m56s
 10550K .......... .......... .......... .......... ..........  4%  626K 9m55s
 10600K .......... .......... .......... .......... ..........  4%  517K 9m54s
 10650K .......... .......... .......... .......... ..........  4%  633K 9m53s
 10700K .......... .......... .......... .......... ..........  4%  577K 9m52s
 10750K .......... .......... .......... .......... ..........  4%  270K 9m53s
 10800K .......... .......... .......... .......... ..........  4%  255K 9m54s
 10850K .......... .......... .......... .......... ..........  4%  242K 9m56s
 10900K .......... .......... .......... .......... ..........  4%  368K 9m56s
 10950K .......... .......... .......... .......... ..........  4%  329K 9m56s
 11000K .......... .......... .......... .......... ..........  4%  336K 9m57s
 11050K .......... .......... .......... .......... ..........  4%  466K 9m56s
 11100K .......... .......... .......... .......... ..........  4%  500K 9m56s
 11150K .......... .......... .......... .......... ..........  4%  405K 9m55s
 11200K .......... .......... .......... .......... ..........  4%  561K 9m54s
 11250K .......... .......... .......... .......... ..........  4%  652K 9m53s
 11300K .......... .......... .......... .......... ..........  4%  567K 9m52s
 11350K .......... .......... .......... .......... ..........  4%  530K 9m52s
 11400K .......... .......... .......... .......... ..........  4%  570K 9m51s
 11450K .......... .......... .......... .......... ..........  4%  496K 9m50s
 11500K .......... .......... .......... .......... ..........  4%  646K 9m49s
 11550K .......... .......... .......... .......... ..........  4%  515K 9m48s
 11600K .......... .......... .......... .......... ..........  4%  461K 9m48s
 11650K .......... .......... .......... .......... ..........  4%  597K 9m47s
 11700K .......... .......... .......... .......... ..........  4%  428K 9m47s
 11750K .......... .......... .......... .......... ..........  4%  527K 9m46s
 11800K .......... .......... .......... .......... ..........  4%  572K 9m45s
 11850K .......... .......... .......... .......... ..........  4%  562K 9m44s
 11900K .......... .......... .......... .......... ..........  4%  598K 9m43s
 11950K .......... .......... .......... .......... ..........  4%  638K 9m42s
 12000K .......... .......... .......... .......... ..........  4%  711K 9m41s
 12050K .......... .......... .......... .......... ..........  4%  419K 9m41s
 12100K .......... .......... .......... .......... ..........  4%  784K 9m40s
 12150K .......... .......... .......... .......... ..........  4%  533K 9m39s
 12200K .......... .......... .......... .......... ..........  4%  115K 9m45s
 12250K .......... .......... .......... .......... ..........  4%  236K 9m46s
 12300K .......... .......... .......... .......... ..........  4%  234K 9m48s
 12350K .......... .......... .......... .......... ..........  5%  234K 9m49s
 12400K .......... .......... .......... .......... ..........  5% 80.7K 9m59s
 12450K .......... .......... .......... .......... ..........  5% 2.46M 9m57s
 12500K .......... .......... .......... .......... ..........  5% 1018K 9m55s
 12550K .......... .......... .......... .......... ..........  5% 1.18M 9m53s
 12600K .......... .......... .......... .......... ..........  5% 2.59M 9m51s
 12650K .......... .......... .......... .......... ..........  5% 2.94M 9m49s
 12700K .......... .......... .......... .......... ..........  5% 2.43M 9m47s
 12750K .......... .......... .......... .......... ..........  5% 2.85M 9m45s
 12800K .......... .......... .......... .......... ..........  5% 2.76M 9m43s
 12850K .......... .......... .......... .......... ..........  5% 2.34M 9m41s
 12900K .......... .......... .......... .......... ..........  5% 1.78M 9m39s
 12950K .......... .......... .......... .......... ..........  5%  569K 9m38s
 13000K .......... .......... .......... .......... ..........  5% 1.06M 9m37s
 13050K .......... .......... .......... .......... ..........  5%  932K 9m35s
 13100K .......... .......... .......... .......... ..........  5% 1.04M 9m34s
 13150K .......... .......... .......... .......... ..........  5% 1.13M 9m32s
 13200K .......... .......... .......... .......... ..........  5%  951K 9m31s
 13250K .......... .......... .......... .......... ..........  5%  416K 9m31s
 13300K .......... .......... .......... .......... ..........  5%  611K 9m30s
 13350K .......... .......... .......... .......... ..........  5%  978K 9m28s
 13400K .......... .......... .......... .......... ..........  5% 1.13M 9m27s
 13450K .......... .......... .......... .......... ..........  5% 1.09M 9m26s
 13500K .......... .......... .......... .......... ..........  5% 1.71M 9m24s
 13550K .......... .......... .......... .......... ..........  5%  886K 9m23s
 13600K .......... .......... .......... .......... ..........  5%  461K 9m22s
 13650K .......... .......... .......... .......... ..........  5%  767K 9m21s
 13700K .......... .......... .......... .......... ..........  5%  927K 9m20s
 13750K .......... .......... .......... .......... ..........  5% 1.28M 9m18s
 13800K .......... .......... .......... .......... ..........  5% 1.20M 9m17s
 13850K .......... .......... .......... .......... ..........  5% 1.10M 9m16s
 13900K .......... .......... .......... .......... ..........  5% 1.21M 9m14s
 13950K .......... .......... .......... .......... ..........  5%  410K 9m14s
 14000K .......... .......... .......... .......... ..........  5% 1.10M 9m13s
 14050K .......... .......... .......... .......... ..........  5% 1.25M 9m11s
 14100K .......... .......... .......... .......... ..........  5%  772K 9m10s
 14150K .......... .......... .......... .......... ..........  5% 1.28M 9m9s
 14200K .......... .......... .......... .......... ..........  5% 1.05M 9m8s
 14250K .......... .......... .......... .......... ..........  5%  814K 9m7s
 14300K .......... .......... .......... .......... ..........  5% 1.27M 9m5s
 14350K .......... .......... .......... .......... ..........  5%  631K 9m5s
 14400K .......... .......... .......... .......... ..........  5% 1.22M 9m3s
 14450K .......... .......... .......... .......... ..........  5%  716K 9m2s
 14500K .......... .......... .......... .......... ..........  5% 1.23M 9m1s
 14550K .......... .......... .......... .......... ..........  5% 1.35M 9m0s
 14600K .......... .......... .......... .......... ..........  5% 1.08M 8m58s
 14650K .......... .......... .......... .......... ..........  5%  788K 8m57s
 14700K .......... .......... .......... .......... ..........  5%  850K 8m56s
 14750K .......... .......... .......... .......... ..........  5%  918K 8m55s
 14800K .......... .......... .......... .......... ..........  6% 1.07M 8m54s
 14850K .......... .......... .......... .......... ..........  6%  752K 8m53s
 14900K .......... .......... .......... .......... ..........  6% 1.08M 8m52s
 14950K .......... .......... .......... .......... ..........  6% 1.06M 8m51s
 15000K .......... .......... .......... .......... ..........  6% 1.10M 8m50s
 15050K .......... .......... .......... .......... ..........  6% 1.48M 8m48s
 15100K .......... .......... .......... .......... ..........  6% 1.05M 8m47s
 15150K .......... .......... .......... .......... ..........  6%  751K 8m46s
 15200K .......... .......... .......... .......... ..........  6%  760K 8m45s
 15250K .......... .......... .......... .......... ..........  6%  554K 8m45s
 15300K .......... .......... .......... .......... ..........  6% 1.42M 8m44s
 15350K .......... .......... .......... .......... ..........  6%  892K 8m43s
 15400K .......... .......... .......... .......... ..........  6% 1.38M 8m41s
 15450K .......... .......... .......... .......... ..........  6% 1.18M 8m40s
 15500K .......... .......... .......... .......... ..........  6% 1.35M 8m39s
 15550K .......... .......... .......... .......... ..........  6% 1.05M 8m38s
 15600K .......... .......... .......... .......... ..........  6% 1016K 8m37s
 15650K .......... .......... .......... .......... ..........  6%  772K 8m36s
 15700K .......... .......... .......... .......... ..........  6%  589K 8m36s
 15750K .......... .......... .......... .......... ..........  6% 1.10M 8m35s
 15800K .......... .......... .......... .......... ..........  6% 1.09M 8m33s
 15850K .......... .......... .......... .......... ..........  6% 1.12M 8m32s
 15900K .......... .......... .......... .......... ..........  6% 1.26M 8m31s
 15950K .......... .......... .......... .......... ..........  6% 1.08M 8m30s
 16000K .......... .......... .......... .......... ..........  6% 1.23M 8m29s
 16050K .......... .......... .......... .......... ..........  6% 1.23M 8m28s
 16100K .......... .......... .......... .......... ..........  6%  802K 8m27s
 16150K .......... .......... .......... .......... ..........  6% 1.10M 8m26s
 16200K .......... .......... .......... .......... ..........  6%  660K 8m25s
 16250K .......... .......... .......... .......... ..........  6% 1.23M 8m24s
 16300K .......... .......... .......... .......... ..........  6% 1.18M 8m23s
 16350K .......... .......... .......... .......... ..........  6% 1023K 8m22s
 16400K .......... .......... .......... .......... ..........  6% 1.15M 8m21s
 16450K .......... .......... .......... .......... ..........  6%  987K 8m20s
 16500K .......... .......... .......... .......... ..........  6%  869K 8m20s
 16550K .......... .......... .......... .......... ..........  6% 1.16M 8m19s
 16600K .......... .......... .......... .......... ..........  6%  992K 8m18s
 16650K .......... .......... .......... .......... ..........  6%  345K 8m18s
 16700K .......... .......... .......... .......... ..........  6%  984K 8m17s
 16750K .......... .......... .......... .......... ..........  6% 1.10M 8m16s
 16800K .......... .......... .......... .......... ..........  6% 1.10M 8m15s
 16850K .......... .......... .......... .......... ..........  6%  117K 8m19s
 16900K .......... .......... .......... .......... ..........  6% 2.75M 8m18s
 16950K .......... .......... .......... .......... ..........  6% 2.29M 8m17s
 17000K .......... .......... .......... .......... ..........  6% 2.61M 8m16s
 17050K .......... .......... .......... .......... ..........  6% 2.55M 8m14s
 17100K .......... .......... .......... .......... ..........  6% 2.16M 8m13s
 17150K .......... .......... .......... .......... ..........  6% 2.47M 8m12s
 17200K .......... .......... .......... .......... ..........  6% 2.06M 8m10s
 17250K .......... .......... .......... .......... ..........  6% 2.41M 8m9s
 17300K .......... .......... .......... .......... ..........  7% 2.36M 8m8s
 17350K .......... .......... .......... .......... ..........  7% 1.96M 8m7s
 17400K .......... .......... .......... .......... ..........  7% 2.31M 8m6s
 17450K .......... .......... .......... .......... ..........  7% 1.02M 8m5s
 17500K .......... .......... .......... .......... ..........  7%  694K 8m4s
 17550K .......... .......... .......... .......... ..........  7%  657K 8m4s
 17600K .......... .......... .......... .......... ..........  7%  940K 8m3s
 17650K .......... .......... .......... .......... ..........  7% 1.16M 8m2s
 17700K .......... .......... .......... .......... ..........  7%  408K 8m2s
 17750K .......... .......... .......... .......... ..........  7% 2.11M 8m1s
 17800K .......... .......... .......... .......... ..........  7%  857K 8m0s
 17850K .......... .......... .......... .......... ..........  7%  641K 8m0s
 17900K .......... .......... .......... .......... ..........  7% 1.20M 7m59s
 17950K .......... .......... .......... .......... ..........  7%  761K 7m58s
 18000K .......... .......... .......... .......... ..........  7%  843K 7m58s
 18050K .......... .......... .......... .......... ..........  7%  455K 7m58s
 18100K .......... .......... .......... .......... ..........  7% 1.11M 7m57s
 18150K .......... .......... .......... .......... ..........  7% 1.22M 7m56s
 18200K .......... .......... .......... .......... ..........  7%  890K 7m55s
 18250K .......... .......... .......... .......... ..........  7% 1.25M 7m54s
 18300K .......... .......... .......... .......... ..........  7%  447K 7m54s
 18350K .......... .......... .......... .......... ..........  7% 1.52M 7m53s
 18400K .......... .......... .......... .......... ..........  7%  497K 7m53s
 18450K .......... .......... .......... .......... ..........  7% 1.14M 7m52s
 18500K .......... .......... .......... .......... ..........  7% 1.12M 7m51s
 18550K .......... .......... .......... .......... ..........  7% 1.18M 7m51s
 18600K .......... .......... .......... .......... ..........  7%  654K 7m50s
 18650K .......... .......... .......... .......... ..........  7%  456K 7m50s
 18700K .......... .......... .......... .......... ..........  7% 1.03M 7m49s
 18750K .......... .......... .......... .......... ..........  7% 1003K 7m49s
 18800K .......... .......... .......... .......... ..........  7% 1.16M 7m48s
 18850K .......... .......... .......... .......... ..........  7%  765K 7m47s
 18900K .......... .......... .......... .......... ..........  7% 1.11M 7m46s
 18950K .......... .......... .......... .......... ..........  7%  784K 7m46s
 19000K .......... .......... .......... .......... ..........  7%  696K 7m45s
 19050K .......... .......... .......... .......... ..........  7%  883K 7m45s
 19100K .......... .......... .......... .......... ..........  7% 1.15M 7m44s
 19150K .......... .......... .......... .......... ..........  7%  535K 7m44s
 19200K .......... .......... .......... .......... ..........  7% 1.26M 7m43s
 19250K .......... .......... .......... .......... ..........  7% 1.44M 7m42s
 19300K .......... .......... .......... .......... ..........  7%  912K 7m41s
 19350K .......... .......... .......... .......... ..........  7%  789K 7m41s
 19400K .......... .......... .......... .......... ..........  7%  692K 7m40s
 19450K .......... .......... .......... .......... ..........  7%  959K 7m40s
 19500K .......... .......... .......... .......... ..........  7%  697K 7m39s
 19550K .......... .......... .......... .......... ..........  7% 1.19M 7m38s
 19600K .......... .......... .......... .......... ..........  7%  932K 7m38s
 19650K .......... .......... .......... .......... ..........  7% 1.22M 7m37s
 19700K .......... .......... .......... .......... ..........  7%  953K 7m36s
 19750K .......... .......... .......... .......... ..........  8%  774K 7m36s
 19800K .......... .......... .......... .......... ..........  8%  661K 7m35s
 19850K .......... .......... .......... .......... ..........  8%  465K 7m35s
 19900K .......... .......... .......... .......... ..........  8%  499K 7m35s
 19950K .......... .......... .......... .......... ..........  8%  486K 7m35s
 20000K .......... .......... .......... .......... ..........  8%  611K 7m35s
 20050K .......... .......... .......... .......... ..........  8%  601K 7m35s
 20100K .......... .......... .......... .......... ..........  8%  388K 7m35s
 20150K .......... .......... .......... .......... ..........  8%  769K 7m34s
 20200K .......... .......... .......... .......... ..........  8%  483K 7m34s
 20250K .......... .......... .......... .......... ..........  8%  570K 7m34s
 20300K .......... .......... .......... .......... ..........  8%  545K 7m34s
 20350K .......... .......... .......... .......... ..........  8%  449K 7m34s
 20400K .......... .......... .......... .......... ..........  8%  359K 7m34s
 20450K .......... .......... .......... .......... ..........  8%  266K 7m35s
 20500K .......... .......... .......... .......... ..........  8%  562K 7m35s
 20550K .......... .......... .......... .......... ..........  8%  177K 7m37s
 20600K .......... .......... .......... .......... ..........  8%  368K 7m37s
 20650K .......... .......... .......... .......... ..........  8%  367K 7m37s
 20700K .......... .......... .......... .......... ..........  8%  305K 7m38s
 20750K .......... .......... .......... .......... ..........  8%  243K 7m39s
 20800K .......... .......... .......... .......... ..........  8%  499K 7m39s
 20850K .......... .......... .......... .......... ..........  8%  283K 7m40s
 20900K .......... .......... .......... .......... ..........  8%  614K 7m39s
 20950K .......... .......... .......... .......... ..........  8%  532K 7m39s
 21000K .......... .......... .......... .......... ..........  8%  676K 7m39s
 21050K .......... .......... .......... .......... ..........  8%  556K 7m38s
 21100K .......... .......... .......... .......... ..........  8%  634K 7m38s
 21150K .......... .......... .......... .......... ..........  8%  606K 7m38s
 21200K .......... .......... .......... .......... ..........  8%  234K 7m39s
 21250K .......... .......... .......... .......... ..........  8%  366K 7m39s
 21300K .......... .......... .......... .......... ..........  8%  600K 7m39s
 21350K .......... .......... .......... .......... ..........  8%  377K 7m39s
 21400K .......... .......... .......... .......... ..........  8% 1.00M 7m38s
 21450K .......... .......... .......... .......... ..........  8%  875K 7m38s
 21500K .......... .......... .......... .......... ..........  8% 1012K 7m37s
 21550K .......... .......... .......... .......... ..........  8%  526K 7m37s
 21600K .......... .......... .......... .......... ..........  8%  828K 7m37s
 21650K .......... .......... .......... .......... ..........  8%  990K 7m36s
 21700K .......... .......... .......... .......... ..........  8%  772K 7m35s
 21750K .......... .......... .......... .......... ..........  8%  937K 7m35s
 21800K .......... .......... .......... .......... ..........  8%  974K 7m34s
 21850K .......... .......... .......... .......... ..........  8%  681K 7m34s
 21900K .......... .......... .......... .......... ..........  8%  690K 7m33s
 21950K .......... .......... .......... .......... ..........  8%  529K 7m33s
 22000K .......... .......... .......... .......... ..........  8%  945K 7m33s
 22050K .......... .......... .......... .......... ..........  8%  942K 7m32s
 22100K .......... .......... .......... .......... ..........  8%  805K 7m32s
 22150K .......... .......... .......... .......... ..........  8%  930K 7m31s
 22200K .......... .......... .......... .......... ..........  8%  791K 7m31s
 22250K .......... .......... .......... .......... ..........  9%  916K 7m30s
 22300K .......... .......... .......... .......... ..........  9%  913K 7m30s
 22350K .......... .......... .......... .......... ..........  9%  777K 7m29s
 22400K .......... .......... .......... .......... ..........  9%  902K 7m28s
 22450K .......... .......... .......... .......... ..........  9%  768K 7m28s
 22500K .......... .......... .......... .......... ..........  9%  886K 7m28s
 22550K .......... .......... .......... .......... ..........  9%  884K 7m27s
 22600K .......... .......... .......... .......... ..........  9%  759K 7m27s
 22650K .......... .......... .......... .......... ..........  9%  876K 7m26s
 22700K .......... .......... .......... .......... ..........  9%  745K 7m26s
 22750K .......... .......... .......... .......... ..........  9%  866K 7m25s
 22800K .......... .......... .......... .......... ..........  9%  860K 7m25s
 22850K .......... .......... .......... .......... ..........  9%  729K 7m24s
 22900K .......... .......... .......... .......... ..........  9%  851K 7m24s
 22950K .......... .......... .......... .......... ..........  9%  725K 7m23s
 23000K .......... .......... .......... .......... ..........  9%  838K 7m23s
 23050K .......... .......... .......... .......... ..........  9%  835K 7m22s
 23100K .......... .......... .......... .......... ..........  9%  713K 7m22s
 23150K .......... .......... .......... .......... ..........  9%  826K 7m22s
 23200K .......... .......... .......... .......... ..........  9%  704K 7m21s
 23250K .......... .......... .......... .......... ..........  9%  816K 7m21s
 23300K .......... .......... .......... .......... ..........  9%  815K 7m20s
 23350K .......... .......... .......... .......... ..........  9%  691K 7m20s
 23400K .......... .......... .......... .......... ..........  9%  803K 7m19s
 23450K .......... .......... .......... .......... ..........  9%  682K 7m19s
 23500K .......... .......... .......... .......... ..........  9%  792K 7m19s
 23550K .......... .......... .......... .......... ..........  9%  787K 7m18s
 23600K .......... .......... .......... .......... ..........  9%  679K 7m18s
 23650K .......... .......... .......... .......... ..........  9%  782K 7m18s
 23700K .......... .......... .......... .......... ..........  9%  665K 7m17s
 23750K .......... .......... .......... .......... ..........  9%  777K 7m17s
 23800K .......... .......... .......... .......... ..........  9%  770K 7m16s
 23850K .......... .......... .......... .......... ..........  9%  654K 7m16s
 23900K .......... .......... .......... .......... ..........  9%  763K 7m16s
 23950K .......... .......... .......... .......... ..........  9%  647K 7m15s
 24000K .......... .......... .......... .......... ..........  9%  756K 7m15s
 24050K .......... .......... .......... .......... ..........  9%  751K 7m15s
 24100K .......... .......... .......... .......... ..........  9%  642K 7m14s
 24150K .......... .......... .......... .......... ..........  9%  741K 7m14s
 24200K .......... .......... .......... .......... ..........  9%  632K 7m14s
 24250K .......... .......... .......... .......... ..........  9%  737K 7m13s
 24300K .......... .......... .......... .......... ..........  9%  734K 7m13s
 24350K .......... .......... .......... .......... ..........  9%  621K 7m13s
 24400K .......... .......... .......... .......... ..........  9%  723K 7m12s
 24450K .......... .......... .......... .......... ..........  9%  618K 7m12s
 24500K .......... .......... .......... .......... ..........  9%  716K 7m12s
 24550K .......... .......... .......... .......... ..........  9%  713K 7m11s
 24600K .......... .......... .......... .......... ..........  9%  610K 7m11s
 24650K .......... .......... .......... .......... ..........  9%  707K 7m11s
 24700K .......... .......... .......... .......... .......... 10%  603K 7m11s
 24750K .......... .......... .......... .......... .......... 10%  700K 7m10s
 24800K .......... .......... .......... .......... .......... 10%  695K 7m10s
 24850K .......... .......... .......... .......... .......... 10%  591K 7m10s
 24900K .......... .......... .......... .......... .......... 10%  690K 7m10s
 24950K .......... .......... .......... .......... .......... 10%  591K 7m9s
 25000K .......... .......... .......... .......... .......... 10%  683K 7m9s
 25050K .......... .......... .......... .......... .......... 10%  680K 7m9s
 25100K .......... .......... .......... .......... .......... 10%  582K 7m9s
 25150K .......... .......... .......... .......... .......... 10%  674K 7m8s
 25200K .......... .......... .......... .......... .......... 10%  574K 7m8s
 25250K .......... .......... .......... .......... .......... 10%  669K 7m8s
 25300K .......... .......... .......... .......... .......... 10%  666K 7m8s
 25350K .......... .......... .......... .......... .......... 10%  567K 7m7s
 25400K .......... .......... .......... .......... .......... 10%  659K 7m7s
 25450K .......... .......... .......... .......... .......... 10%  564K 7m7s
 25500K .......... .......... .......... .......... .......... 10%  652K 7m7s
 25550K .......... .......... .......... .......... .......... 10%  649K 7m6s
 25600K .......... .......... .......... .......... .......... 10%  557K 7m6s
 25650K .......... .......... .......... .......... .......... 10%  646K 7m6s
 25700K .......... .......... .......... .......... .......... 10%  549K 7m6s
 25750K .......... .......... .......... .......... .......... 10%  640K 7m6s
 25800K .......... .......... .......... .......... .......... 10%  639K 7m5s
 25850K .......... .......... .......... .......... .......... 10%  542K 7m5s
 25900K .......... .......... .......... .......... .......... 10%  632K 7m5s
 25950K .......... .......... .......... .......... .......... 10%  539K 7m5s
 26000K .......... .......... .......... .......... .......... 10%  625K 7m5s
 26050K .......... .......... .......... .......... .......... 10%  620K 7m4s
 26100K .......... .......... .......... .......... .......... 10%  534K 7m4s
 26150K .......... .......... .......... .......... .......... 10%  618K 7m4s
 26200K .......... .......... .......... .......... .......... 10%  527K 7m4s
 26250K .......... .......... .......... .......... .......... 10%  613K 7m4s
 26300K .......... .......... .......... .......... .......... 10%  611K 7m4s
 26350K .......... .......... .......... .......... .......... 10%  518K 7m3s
 26400K .......... .......... .......... .......... .......... 10%  606K 7m3s
 26450K .......... .......... .......... .......... .......... 10%  517K 7m3s
 26500K .......... .......... .......... .......... .......... 10%  600K 7m3s
 26550K .......... .......... .......... .......... .......... 10%  598K 7m3s
 26600K .......... .......... .......... .......... .......... 10%  510K 7m3s
 26650K .......... .......... .......... .......... .......... 10%  583K 7m2s
 26700K .......... .......... .......... .......... .......... 10%  513K 7m2s
 26750K .......... .......... .......... .......... .......... 10%  589K 7m2s
 26800K .......... .......... .......... .......... .......... 10%  585K 7m2s
 26850K .......... .......... .......... .......... .......... 10%  500K 7m2s
 26900K .......... .......... .......... .......... .......... 10%  581K 7m2s
 26950K .......... .......... .......... .......... .......... 10%  498K 7m2s
 27000K .......... .......... .......... .......... .......... 10%  576K 7m2s
 27050K .......... .......... .......... .......... .......... 10%  575K 7m1s
 27100K .......... .......... .......... .......... .......... 10%  490K 7m1s
 27150K .......... .......... .......... .......... .......... 10%  568K 7m1s
 27200K .......... .......... .......... .......... .......... 11%  486K 7m1s
 27250K .......... .......... .......... .......... .......... 11%  567K 7m1s
 27300K .......... .......... .......... .......... .......... 11%  563K 7m1s
 27350K .......... .......... .......... .......... .......... 11%  481K 7m1s
 27400K .......... .......... .......... .......... .......... 11%  560K 7m1s
 27450K .......... .......... .......... .......... .......... 11%  478K 7m1s
 27500K .......... .......... .......... .......... .......... 11%  553K 7m1s
 27550K .......... .......... .......... .......... .......... 11%  552K 7m0s
 27600K .......... .......... .......... .......... .......... 11%  474K 7m0s
 27650K .......... .......... .......... .......... .......... 11%  545K 7m0s
 27700K .......... .......... .......... .......... .......... 11%  470K 7m0s
 27750K .......... .......... .......... .......... .......... 11%  544K 7m0s
 27800K .......... .......... .......... .......... .......... 11%  544K 7m0s
 27850K .......... .......... .......... .......... .......... 11%  463K 7m0s
 27900K .......... .......... .......... .......... .......... 11%  537K 7m0s
 27950K .......... .......... .......... .......... .......... 11%  461K 7m0s
 28000K .......... .......... .......... .......... .......... 11%  534K 7m0s
 28050K .......... .......... .......... .......... .......... 11%  533K 7m0s
 28100K .......... .......... .......... .......... .......... 11%  456K 7m0s
 28150K .......... .......... .......... .......... .......... 11%  527K 7m0s
 28200K .......... .......... .......... .......... .......... 11%  453K 7m0s
 28250K .......... .......... .......... .......... .......... 11%  523K 6m59s
 28300K .......... .......... .......... .......... .......... 11%  526K 6m59s
 28350K .......... .......... .......... .......... .......... 11%  446K 6m59s
 28400K .......... .......... .......... .......... .......... 11%  521K 6m59s
 28450K .......... .......... .......... .......... .......... 11%  444K 6m59s
 28500K .......... .......... .......... .......... .......... 11%  516K 6m59s
 28550K .......... .......... .......... .......... .......... 11%  515K 6m59s
 28600K .......... .......... .......... .......... .......... 11%  439K 6m59s
 28650K .......... .......... .......... .......... .......... 11%  508K 6m59s
 28700K .......... .......... .......... .......... .......... 11%  436K 6m59s
 28750K .......... .......... .......... .......... .......... 11%  507K 6m59s
 28800K .......... .......... .......... .......... .......... 11%  508K 6m59s
 28850K .......... .......... .......... .......... .......... 11%  431K 6m59s
 28900K .......... .......... .......... .......... .......... 11%  498K 6m59s
 28950K .......... .......... .......... .......... .......... 11%  427K 6m59s
 29000K .......... .......... .......... .......... .......... 11%  498K 6m59s
 29050K .......... .......... .......... .......... .......... 11%  499K 6m59s
 29100K .......... .......... .......... .......... .......... 11%  425K 6m59s
 29150K .......... .......... .......... .......... .......... 11%  494K 6m59s
 29200K .......... .......... .......... .......... .......... 11%  419K 6m59s
 29250K .......... .......... .......... .......... .......... 11%  493K 6m59s
 29300K .......... .......... .......... .......... .......... 11%  490K 6m59s
 29350K .......... .......... .......... .......... .......... 11%  415K 6m59s
 29400K .......... .......... .......... .......... .......... 11%  487K 6m59s
 29450K .......... .......... .......... .......... .......... 11%  416K 6m59s
 29500K .......... .......... .......... .......... .......... 11%  481K 6m59s
 29550K .......... .......... .......... .......... .......... 11%  480K 6m59s
 29600K .......... .......... .......... .......... .......... 11%  411K 6m59s
 29650K .......... .......... .......... .......... .......... 12%  478K 6m59s
 29700K .......... .......... .......... .......... .......... 12%  408K 6m59s
 29750K .......... .......... .......... .......... .......... 12%  475K 6m59s
 29800K .......... .......... .......... .......... .......... 12%  470K 6m59s
 29850K .......... .......... .......... .......... .......... 12%  403K 6m59s
 29900K .......... .......... .......... .......... .......... 12%  473K 6m59s
 29950K .......... .......... .......... .......... .......... 12%  402K 6m59s
 30000K .......... .......... .......... .......... .......... 12%  466K 6m59s
 30050K .......... .......... .......... .......... .......... 12%  464K 6m59s
 30100K .......... .......... .......... .......... .......... 12%  400K 6m59s
 30150K .......... .......... .......... .......... .......... 12%  462K 6m59s
 30200K .......... .......... .......... .......... .......... 12%  394K 6m59s
 30250K .......... .......... .......... .......... .......... 12%  460K 6m59s
 30300K .......... .......... .......... .......... .......... 12%  458K 6m59s
 30350K .......... .......... .......... .......... .......... 12%  391K 7m0s
 30400K .......... .......... .......... .......... .......... 12%  455K 7m0s
 30450K .......... .......... .......... .......... .......... 12%  390K 7m0s
 30500K .......... .......... .......... .......... .......... 12%  450K 7m0s
 30550K .......... .......... .......... .......... .......... 12%  452K 7m0s
 30600K .......... .......... .......... .......... .......... 12%  382K 7m0s
 30650K .......... .......... .......... .......... .......... 12%  436K 7m0s
 30700K .......... .......... .......... .......... .......... 12%  384K 7m0s
 30750K .......... .......... .......... .......... .......... 12%  445K 7m0s
 30800K .......... .......... .......... .......... .......... 12%  444K 7m0s
 30850K .......... .......... .......... .......... .......... 12%  381K 7m0s
 30900K .......... .......... .......... .......... .......... 12%  440K 7m0s
 30950K .......... .......... .......... .......... .......... 12%  379K 7m0s
 31000K .......... .......... .......... .......... .......... 12%  438K 7m0s
 31050K .......... .......... .......... .......... .......... 12% 1.27M 7m0s
 31100K .......... .......... .......... .......... .......... 12% 2.98M 6m59s
 31150K .......... .......... .......... .......... .......... 12% 3.02M 6m59s
 31200K .......... .......... .......... .......... .......... 12% 2.72M 6m58s
 31250K .......... .......... .......... .......... .......... 12% 3.16M 6m57s
 31300K .......... .......... .......... .......... .......... 12% 3.03M 6m57s
 31350K .......... .......... .......... .......... .......... 12% 2.47M 6m56s
 31400K .......... .......... .......... .......... .......... 12% 2.95M 6m55s
 31450K .......... .......... .......... .......... .......... 12% 2.48M 6m55s
 31500K .......... .......... .......... .......... .......... 12% 2.82M 6m54s
 31550K .......... .......... .......... .......... .......... 12% 2.88M 6m53s
 31600K .......... .......... .......... .......... .......... 12% 2.46M 6m53s
 31650K .......... .......... .......... .......... .......... 12% 2.75M 6m52s
 31700K .......... .......... .......... .......... .......... 12% 2.34M 6m52s
 31750K .......... .......... .......... .......... .......... 12% 2.69M 6m51s
 31800K .......... .......... .......... .......... .......... 12% 2.64M 6m50s
 31850K .......... .......... .......... .......... .......... 12% 2.19M 6m50s
 31900K .......... .......... .......... .......... .......... 12% 2.53M 6m49s
 31950K .......... .......... .......... .......... .......... 12% 2.16M 6m49s
 32000K .......... .......... .......... .......... .......... 12% 2.42M 6m48s
 32050K .......... .......... .......... .......... .......... 12% 2.41M 6m47s
 32100K .......... .......... .......... .......... .......... 12% 2.04M 6m47s
 32150K .......... .......... .......... .......... .......... 13% 2.33M 6m46s
 32200K .......... .......... .......... .......... .......... 13% 1.95M 6m46s
 32250K .......... .......... .......... .......... .......... 13% 2.25M 6m45s
 32300K .......... .......... .......... .......... .......... 13% 1.95M 6m45s
 32350K .......... .......... .......... .......... .......... 13% 1.21M 6m44s
 32400K .......... .......... .......... .......... .......... 13% 2.16M 6m44s
 32450K .......... .......... .......... .......... .......... 13% 1.82M 6m43s
 32500K .......... .......... .......... .......... .......... 13% 2.08M 6m42s
 32550K .......... .......... .......... .......... .......... 13% 2.07M 6m42s
 32600K .......... .......... .......... .......... .......... 13% 1.75M 6m41s
 32650K .......... .......... .......... .......... .......... 13% 2.00M 6m41s
 32700K .......... .......... .......... .......... .......... 13% 1.69M 6m40s
 32750K .......... .......... .......... .......... .......... 13% 1.96M 6m40s
 32800K .......... .......... .......... .......... .......... 13% 1.93M 6m39s
 32850K .......... .......... .......... .......... .......... 13% 1.62M 6m39s
 32900K .......... .......... .......... .......... .......... 13% 1.87M 6m38s
 32950K .......... .......... .......... .......... .......... 13% 1.60M 6m38s
 33000K .......... .......... .......... .......... .......... 13% 1.75M 6m37s
 33050K .......... .......... .......... .......... .......... 13% 1.80M 6m37s
 33100K .......... .......... .......... .......... .......... 13% 1.54M 6m36s
 33150K .......... .......... .......... .......... .......... 13% 1.75M 6m36s
 33200K .......... .......... .......... .......... .......... 13% 1.49M 6m35s
 33250K .......... .......... .......... .......... .......... 13% 1.72M 6m35s
 33300K .......... .......... .......... .......... .......... 13% 1.70M 6m34s
 33350K .......... .......... .......... .......... .......... 13% 1.43M 6m34s
 33400K .......... .......... .......... .......... .......... 13% 1.66M 6m33s
 33450K .......... .......... .......... .......... .......... 13% 1.42M 6m33s
 33500K .......... .......... .......... .......... .......... 13% 1.61M 6m32s
 33550K .......... .......... .......... .......... .......... 13% 1.60M 6m32s
 33600K .......... .......... .......... .......... .......... 13% 1.36M 6m31s
 33650K .......... .......... .......... .......... .......... 13% 1.56M 6m31s
 33700K .......... .......... .......... .......... .......... 13% 1.32M 6m30s
 33750K .......... .......... .......... .......... .......... 13% 1.54M 6m30s
 33800K .......... .......... .......... .......... .......... 13% 1.52M 6m30s
 33850K .......... .......... .......... .......... .......... 13% 1.28M 6m29s
 33900K .......... .......... .......... .......... .......... 13% 1.49M 6m29s
 33950K .......... .......... .......... .......... .......... 13% 1.26M 6m28s
 34000K .......... .......... .......... .......... .......... 13% 1.45M 6m28s
 34050K .......... .......... .......... .......... .......... 13% 1.44M 6m27s
 34100K .......... .......... .......... .......... .......... 13% 1.20M 6m27s
 34150K .......... .......... .......... .......... .......... 13% 1.41M 6m26s
 34200K .......... .......... .......... .......... .......... 13% 1.19M 6m26s
 34250K .......... .......... .......... .......... .......... 13% 1.39M 6m26s
 34300K .......... .......... .......... .......... .......... 13% 1.38M 6m25s
 34350K .......... .......... .......... .......... .......... 13% 1.16M 6m25s
 34400K .......... .......... .......... .......... .......... 13% 1.35M 6m24s
 34450K .......... .......... .......... .......... .......... 13% 1.15M 6m24s
 34500K .......... .......... .......... .......... .......... 13% 1.31M 6m24s
 34550K .......... .......... .......... .......... .......... 13% 1.29M 6m23s
 34600K .......... .......... .......... .......... .......... 14% 1.11M 6m23s
 34650K .......... .......... .......... .......... .......... 14% 1.28M 6m22s
 34700K .......... .......... .......... .......... .......... 14% 1.09M 6m22s
 34750K .......... .......... .......... .......... .......... 14% 1.27M 6m22s
 34800K .......... .......... .......... .......... .......... 14% 1.26M 6m21s
 34850K .......... .......... .......... .......... .......... 14% 1.06M 6m21s
 34900K .......... .......... .......... .......... .......... 14% 1.23M 6m20s
 34950K .......... .......... .......... .......... .......... 14% 1.05M 6m20s
 35000K .......... .......... .......... .......... .......... 14%  222K 6m21s
 35050K .......... .......... .......... .......... .......... 14%  778K 6m21s
 35100K .......... .......... .......... .......... .......... 14%  644K 6m20s
 35150K .......... .......... .......... .......... .......... 14% 1.21M 6m20s
 35200K .......... .......... .......... .......... .......... 14%  405K 6m20s
 35250K .......... .......... .......... .......... .......... 14% 3.29M 6m20s
 35300K .......... .......... .......... .......... .......... 14% 3.30M 6m19s
 35350K .......... .......... .......... .......... .......... 14% 1.00M 6m19s
 35400K .......... .......... .......... .......... .......... 14%  910K 6m18s
 35450K .......... .......... .......... .......... .......... 14% 1.14M 6m18s
 35500K .......... .......... .......... .......... .......... 14% 2.95M 6m18s
 35550K .......... .......... .......... .......... .......... 14% 2.95M 6m17s
 35600K .......... .......... .......... .......... .......... 14% 2.49M 6m17s
 35650K .......... .......... .......... .......... .......... 14% 2.82M 6m16s
 35700K .......... .......... .......... .......... .......... 14% 2.37M 6m16s
 35750K .......... .......... .......... .......... .......... 14% 2.73M 6m15s
 35800K .......... .......... .......... .......... .......... 14% 2.68M 6m15s
 35850K .......... .......... .......... .......... .......... 14% 2.22M 6m14s
 35900K .......... .......... .......... .......... .......... 14% 2.58M 6m14s
 35950K .......... .......... .......... .......... .......... 14% 2.19M 6m13s
 36000K .......... .......... .......... .......... .......... 14% 2.44M 6m13s
 36050K .......... .......... .......... .......... .......... 14% 2.43M 6m12s
 36100K .......... .......... .......... .......... .......... 14% 2.08M 6m12s
 36150K .......... .......... .......... .......... .......... 14% 2.34M 6m11s
 36200K .......... .......... .......... .......... .......... 14% 1.97M 6m11s
 36250K .......... .......... .......... .......... .......... 14% 2.30M 6m10s
 36300K .......... .......... .......... .......... .......... 14% 2.26M 6m10s
 36350K .......... .......... .......... .......... .......... 14% 1.89M 6m9s
 36400K .......... .......... .......... .......... .......... 14% 2.18M 6m9s
 36450K .......... .......... .......... .......... .......... 14% 1.85M 6m8s
 36500K .......... .......... .......... .......... .......... 14% 2.09M 6m8s
 36550K .......... .......... .......... .......... .......... 14% 2.08M 6m8s
 36600K .......... .......... .......... .......... .......... 14% 1.77M 6m7s
 36650K .......... .......... .......... .......... .......... 14% 2.01M 6m7s
 36700K .......... .......... .......... .......... .......... 14% 1.72M 6m6s
 36750K .......... .......... .......... .......... .......... 14% 1.98M 6m6s
 36800K .......... .......... .......... .......... .......... 14% 1.95M 6m5s
 36850K .......... .......... .......... .......... .......... 14%  889K 6m5s
 36900K .......... .......... .......... .......... .......... 14% 1.85M 6m5s
 36950K .......... .......... .......... .......... .......... 14%  610K 6m5s
 37000K .......... .......... .......... .......... .......... 14%  638K 6m4s
 37050K .......... .......... .......... .......... .......... 14%  833K 6m4s
 37100K .......... .......... .......... .......... .......... 15%  560K 6m4s
 37150K .......... .......... .......... .......... .......... 15%  566K 6m4s
 37200K .......... .......... .......... .......... .......... 15%  580K 6m4s
 37250K .......... .......... .......... .......... .......... 15%  579K 6m4s
 37300K .......... .......... .......... .......... .......... 15% 1.02M 6m4s
 37350K .......... .......... .......... .......... .......... 15%  536K 6m3s
 37400K .......... .......... .......... .......... .......... 15% 1.66M 6m3s
 37450K .......... .......... .......... .......... .......... 15% 1.42M 6m3s
 37500K .......... .......... .......... .......... .......... 15%  414K 6m3s
 37550K .......... .......... .......... .......... .......... 15%  842K 6m3s
 37600K .......... .......... .......... .......... .......... 15%  520K 6m3s
 37650K .......... .......... .......... .......... .......... 15%  624K 6m2s
 37700K .......... .......... .......... .......... .......... 15%  521K 6m2s
 37750K .......... .......... .......... .......... .......... 15%  387K 6m3s
 37800K .......... .......... .......... .......... .......... 15% 1.50M 6m2s
 37850K .......... .......... .......... .......... .......... 15%  438K 6m2s
 37900K .......... .......... .......... .......... .......... 15% 1.50M 6m2s
 37950K .......... .......... .......... .......... .......... 15% 1.28M 6m1s
 38000K .......... .......... .......... .......... .......... 15% 1.46M 6m1s
 38050K .......... .......... .......... .......... .......... 15% 1.45M 6m1s
 38100K .......... .......... .......... .......... .......... 15% 1.24M 6m0s
 38150K .......... .......... .......... .......... .......... 15% 1.41M 6m0s
 38200K .......... .......... .......... .......... .......... 15% 1.06M 6m0s
 38250K .......... .......... .......... .......... .......... 15% 1.30M 5m59s
 38300K .......... .......... .......... .......... .......... 15% 1.20M 5m59s
 38350K .......... .......... .......... .......... .......... 15% 1002K 5m59s
 38400K .......... .......... .......... .......... .......... 15% 1.10M 5m58s
 38450K .......... .......... .......... .......... .......... 15% 1.01M 5m58s
 38500K .......... .......... .......... .......... .......... 15% 1.06M 5m58s
 38550K .......... .......... .......... .......... .......... 15% 1.30M 5m57s
 38600K .......... .......... .......... .......... .......... 15% 1.04M 5m57s
 38650K .......... .......... .......... .......... .......... 15% 1.06M 5m57s
 38700K .......... .......... .......... .......... .......... 15% 1.01M 5m57s
 38750K .......... .......... .......... .......... .......... 15% 1.20M 5m56s
 38800K .......... .......... .......... .......... .......... 15% 1.22M 5m56s
 38850K .......... .......... .......... .......... .......... 15% 1.01M 5m56s
 38900K .......... .......... .......... .......... .......... 15% 1.24M 5m55s
 38950K .......... .......... .......... .......... .......... 15% 1.05M 5m55s
 39000K .......... .......... .......... .......... .......... 15% 1.21M 5m55s
 39050K .......... .......... .......... .......... .......... 15% 1.21M 5m54s
 39100K .......... .......... .......... .......... .......... 15% 1.03M 5m54s
 39150K .......... .......... .......... .......... .......... 15% 1.19M 5m54s
 39200K .......... .......... .......... .......... .......... 15% 1.00M 5m54s
 39250K .......... .......... .......... .......... .......... 15% 1.18M 5m53s
 39300K .......... .......... .......... .......... .......... 15% 1.16M 5m53s
 39350K .......... .......... .......... .......... .......... 15% 1000K 5m53s
 39400K .......... .......... .......... .......... .......... 15% 1.15M 5m52s
 39450K .......... .......... .......... .......... .......... 15%  983K 5m52s
 39500K .......... .......... .......... .......... .......... 15% 1.13M 5m52s
 39550K .......... .......... .......... .......... .......... 16% 1.11M 5m51s
 39600K .......... .......... .......... .......... .......... 16%  614K 5m51s
 39650K .......... .......... .......... .......... .......... 16%  555K 5m51s
 39700K .......... .......... .......... .......... .......... 16%  496K 5m51s
 39750K .......... .......... .......... .......... .......... 16%  637K 5m51s
 39800K .......... .......... .......... .......... .......... 16%  718K 5m51s
 39850K .......... .......... .......... .......... .......... 16%  680K 5m51s
 39900K .......... .......... .......... .......... .......... 16%  789K 5m51s
 39950K .......... .......... .......... .......... .......... 16%  785K 5m50s
 40000K .......... .......... .......... .......... .......... 16%  765K 5m50s
 40050K .......... .......... .......... .......... .......... 16%  740K 5m50s
 40100K .......... .......... .......... .......... .......... 16%  605K 5m50s
 40150K .......... .......... .......... .......... .......... 16%  684K 5m50s
 40200K .......... .......... .......... .......... .......... 16%  450K 5m50s
 40250K .......... .......... .......... .......... .......... 16%  668K 5m50s
 40300K .......... .......... .......... .......... .......... 16% 41.4K 5m55s
 40350K .......... .......... .......... .......... .......... 16%  633K 5m55s
 40400K .......... .......... .......... .......... .......... 16% 1.18M 5m55s
 40450K .......... .......... .......... .......... .......... 16% 3.19M 5m55s
 40500K .......... .......... .......... .......... .......... 16% 3.55M 5m54s
 40550K .......... .......... .......... .......... .......... 16% 3.52M 5m54s
 40600K .......... .......... .......... .......... .......... 16% 2.94M 5m53s
 40650K .......... .......... .......... .......... .......... 16% 3.33M 5m53s
 40700K .......... .......... .......... .......... .......... 16% 2.79M 5m52s
 40750K .......... .......... .......... .......... .......... 16% 3.24M 5m52s
 40800K .......... .......... .......... .......... .......... 16% 3.15M 5m51s
 40850K .......... .......... .......... .......... .......... 16% 2.45M 5m51s
 40900K .......... .......... .......... .......... .......... 16% 3.01M 5m51s
 40950K .......... .......... .......... .......... .......... 16% 2.51M 5m50s
 41000K .......... .......... .......... .......... .......... 16% 2.90M 5m50s
 41050K .......... .......... .......... .......... .......... 16% 2.43M 5m49s
 41100K .......... .......... .......... .......... .......... 16% 2.76M 5m49s
 41150K .......... .......... .......... .......... .......... 16% 2.70M 5m49s
 41200K .......... .......... .......... .......... .......... 16% 2.21M 5m48s
 41250K .......... .......... .......... .......... .......... 16% 2.58M 5m48s
 41300K .......... .......... .......... .......... .......... 16% 2.17M 5m47s
 41350K .......... .......... .......... .......... .......... 16% 2.54M 5m47s
 41400K .......... .......... .......... .......... .......... 16% 2.48M 5m47s
 41450K .......... .......... .......... .......... .......... 16% 2.09M 5m46s
 41500K .......... .......... .......... .......... .......... 16% 2.39M 5m46s
 41550K .......... .......... .......... .......... .......... 16% 2.03M 5m45s
 41600K .......... .......... .......... .......... .......... 16% 2.30M 5m45s
 41650K .......... .......... .......... .......... .......... 16% 2.29M 5m45s
 41700K .......... .......... .......... .......... .......... 16% 1.93M 5m44s
 41750K .......... .......... .......... .......... .......... 16% 2.21M 5m44s
 41800K .......... .......... .......... .......... .......... 16% 1.57M 5m43s
 41850K .......... .......... .......... .......... .......... 16%  717K 5m43s
 41900K .......... .......... .......... .......... .......... 16%  815K 5m43s
 41950K .......... .......... .......... .......... .......... 16% 1.37M 5m43s
 42000K .......... .......... .......... .......... .......... 17%  463K 5m43s
 42050K .......... .......... .......... .......... .......... 17% 1.08M 5m43s
 42100K .......... .......... .......... .......... .......... 17%  896K 5m42s
 42150K .......... .......... .......... .......... .......... 17% 1.02M 5m42s
 42200K .......... .......... .......... .......... .......... 17%  541K 5m42s
 42250K .......... .......... .......... .......... .......... 17% 1.92M 5m42s
 42300K .......... .......... .......... .......... .......... 17% 1.61M 5m41s
 42350K .......... .......... .......... .......... .......... 17%  533K 5m41s
 42400K .......... .......... .......... .......... .......... 17% 1.79M 5m41s
 42450K .......... .......... .......... .......... .......... 17% 1.56M 5m41s
 42500K .......... .......... .......... .......... .......... 17% 1.80M 5m40s
 42550K .......... .......... .......... .......... .......... 17% 1.53M 5m40s
 42600K .......... .......... .......... .......... .......... 17% 1.74M 5m40s
 42650K .......... .......... .......... .......... .......... 17% 1.74M 5m39s
 42700K .......... .......... .......... .......... .......... 17% 1.47M 5m39s
 42750K .......... .......... .......... .......... .......... 17% 1.69M 5m39s
 42800K .......... .......... .......... .......... .......... 17% 1.30M 5m38s
 42850K .......... .......... .......... .......... .......... 17% 1.66M 5m38s
 42900K .......... .......... .......... .......... .......... 17% 1.64M 5m38s
 42950K .......... .......... .......... .......... .......... 17% 1.37M 5m37s
 43000K .......... .......... .......... .......... .......... 17% 1.61M 5m37s
 43050K .......... .......... .......... .......... .......... 17% 1.33M 5m37s
 43100K .......... .......... .......... .......... .......... 17% 1.56M 5m36s
 43150K .......... .......... .......... .......... .......... 17% 1.53M 5m36s
 43200K .......... .......... .......... .......... .......... 17% 1.32M 5m36s
 43250K .......... .......... .......... .......... .......... 17% 1.50M 5m35s
 43300K .......... .......... .......... .......... .......... 17%  730K 5m35s
 43350K .......... .......... .......... .......... .......... 17% 1.34M 5m35s
 43400K .......... .......... .......... .......... .......... 17%  550K 5m35s
 43450K .......... .......... .......... .......... .......... 17%  511K 5m35s
 43500K .......... .......... .......... .......... .......... 17% 1.03M 5m35s
 43550K .......... .......... .......... .......... .......... 17%  958K 5m35s
 43600K .......... .......... .......... .......... .......... 17% 1.20M 5m34s
 43650K .......... .......... .......... .......... .......... 17% 1.37M 5m34s
 43700K .......... .......... .......... .......... .......... 17% 1.19M 5m34s
 43750K .......... .......... .......... .......... .......... 17% 1.38M 5m33s
 43800K .......... .......... .......... .......... .......... 17% 1.15M 5m33s
 43850K .......... .......... .......... .......... .......... 17% 1.34M 5m33s
 43900K .......... .......... .......... .......... .......... 17% 1.02M 5m33s
 43950K .......... .......... .......... .......... .......... 17%  548K 5m33s
 44000K .......... .......... .......... .......... .......... 17% 1.30M 5m32s
 44050K .......... .......... .......... .......... .......... 17% 1.11M 5m32s
 44100K .......... .......... .......... .......... .......... 17% 1.28M 5m32s
 44150K .......... .......... .......... .......... .......... 17% 1.26M 5m31s
 44200K .......... .......... .......... .......... .......... 17% 1.08M 5m31s
 44250K .......... .......... .......... .......... .......... 17% 1.25M 5m31s
 44300K .......... .......... .......... .......... .......... 17% 1.05M 5m31s
 44350K .......... .......... .......... .......... .......... 17% 1.23M 5m30s
 44400K .......... .......... .......... .......... .......... 17% 1.21M 5m30s
 44450K .......... .......... .......... .......... .......... 17% 1.03M 5m30s
 44500K .......... .......... .......... .......... .......... 18% 1.19M 5m30s
 44550K .......... .......... .......... .......... .......... 18% 1.02M 5m29s
 44600K .......... .......... .......... .......... .......... 18% 1.17M 5m29s
 44650K .......... .......... .......... .......... .......... 18% 1.17M 5m29s
 44700K .......... .......... .......... .......... .......... 18% 1015K 5m29s
 44750K .......... .......... .......... .......... .......... 18% 1.15M 5m28s
 44800K .......... .......... .......... .......... .......... 18%  548K 5m28s
 44850K .......... .......... .......... .......... .......... 18%  867K 5m28s
 44900K .......... .......... .......... .......... .......... 18% 1.12M 5m28s
 44950K .......... .......... .......... .......... .......... 18%  842K 5m28s
 45000K .......... .......... .......... .......... .......... 18% 1023K 5m28s
 45050K .......... .......... .......... .......... .......... 18%  998K 5m27s
 45100K .......... .......... .......... .......... .......... 18% 1.08M 5m27s
 45150K .......... .......... .......... .......... .......... 18% 1.07M 5m27s
 45200K .......... .......... .......... .......... .......... 18%  943K 5m27s
 45250K .......... .......... .......... .......... .......... 18%  668K 5m27s
 45300K .......... .......... .......... .......... .......... 18%  944K 5m26s
 45350K .......... .......... .......... .......... .......... 18% 1.05M 5m26s
 45400K .......... .......... .......... .......... .......... 18% 1.04M 5m26s
 45450K .......... .......... .......... .......... .......... 18%  902K 5m26s
 45500K .......... .......... .......... .......... .......... 18%  829K 5m25s
 45550K .......... .......... .......... .......... .......... 18%  894K 5m25s
 45600K .......... .......... .......... .......... .......... 18% 1.01M 5m25s
 45650K .......... .......... .......... .......... .......... 18% 1020K 5m25s
 45700K .......... .......... .......... .......... .......... 18%  878K 5m25s
 45750K .......... .......... .......... .......... .......... 18% 1014K 5m24s
 45800K .......... .......... .......... .......... .......... 18%  859K 5m24s
 45850K .......... .......... .......... .......... .......... 18%  999K 5m24s
 45900K .......... .......... .......... .......... .......... 18%  995K 5m24s
 45950K .......... .......... .......... .......... .......... 18%  845K 5m24s
 46000K .......... .......... .......... .......... .......... 18%  978K 5m23s
 46050K .......... .......... .......... .......... .......... 18%  836K 5m23s
 46100K .......... .......... .......... .......... .......... 18%  965K 5m23s
 46150K .......... .......... .......... .......... .......... 18%  953K 5m23s
 46200K .......... .......... .......... .......... .......... 18%  820K 5m23s
 46250K .......... .......... .......... .......... .......... 18%  947K 5m23s
 46300K .......... .......... .......... .......... .......... 18%  804K 5m22s
 46350K .......... .......... .......... .......... .......... 18%  937K 5m22s
 46400K .......... .......... .......... .......... .......... 18%  930K 5m22s
 46450K .......... .......... .......... .......... .......... 18%  789K 5m22s
 46500K .......... .......... .......... .......... .......... 18%  918K 5m22s
 46550K .......... .......... .......... .......... .......... 18%  785K 5m21s
 46600K .......... .......... .......... .......... .......... 18%  902K 5m21s
 46650K .......... .......... .......... .......... .......... 18%  899K 5m21s
 46700K .......... .......... .......... .......... .......... 18%  770K 5m21s
 46750K .......... .......... .......... .......... .......... 18%  892K 5m21s
 46800K .......... .......... .......... .......... .......... 18%  755K 5m21s
 46850K .......... .......... .......... .......... .......... 18%  878K 5m20s
 46900K .......... .......... .......... .......... .......... 18%  880K 5m20s
 46950K .......... .......... .......... .......... .......... 19%  745K 5m20s
 47000K .......... .......... .......... .......... .......... 19%  863K 5m20s
 47050K .......... .......... .......... .......... .......... 19%  737K 5m20s
 47100K .......... .......... .......... .......... .......... 19%  851K 5m20s
 47150K .......... .......... .......... .......... .......... 19%  849K 5m19s
 47200K .......... .......... .......... .......... .......... 19%  724K 5m19s
 47250K .......... .......... .......... .......... .......... 19%  839K 5m19s
 47300K .......... .......... .......... .......... .......... 19%  713K 5m19s
 47350K .......... .......... .......... .......... .......... 19%  826K 5m19s
 47400K .......... .......... .......... .......... .......... 19%  826K 5m19s
 47450K .......... .......... .......... .......... .......... 19%  701K 5m19s
 47500K .......... .......... .......... .......... .......... 19%  816K 5m18s
 47550K .......... .......... .......... .......... .......... 19%  696K 5m18s
 47600K .......... .......... .......... .......... .......... 19%  804K 5m18s
 47650K .......... .......... .......... .......... .......... 19%  803K 5m18s
 47700K .......... .......... .......... .......... .......... 19%  686K 5m18s
 47750K .......... .......... .......... .......... .......... 19%  795K 5m18s
 47800K .......... .......... .......... .......... .......... 19%  673K 5m18s
 47850K .......... .......... .......... .......... .......... 19%  786K 5m18s
 47900K .......... .......... .......... .......... .......... 19%  784K 5m17s
 47950K .......... .......... .......... .......... .......... 19%  663K 5m17s
 48000K .......... .......... .......... .......... .......... 19%  773K 5m17s
 48050K .......... .......... .......... .......... .......... 19%  660K 5m17s
 48100K .......... .......... .......... .......... .......... 19%  765K 5m17s
 48150K .......... .......... .......... .......... .......... 19%  759K 5m17s
 48200K .......... .......... .......... .......... .......... 19%  650K 5m17s
 48250K .......... .......... .......... .......... .......... 19%  750K 5m17s
 48300K .......... .......... .......... .......... .......... 19%  643K 5m16s
 48350K .......... .......... .......... .......... .......... 19%  746K 5m16s
 48400K .......... .......... .......... .......... .......... 19%  742K 5m16s
 48450K .......... .......... .......... .......... .......... 19%  630K 5m16s
 48500K .......... .......... .......... .......... .......... 19%  735K 5m16s
 48550K .......... .......... .......... .......... .......... 19%  627K 5m16s
 48600K .......... .......... .......... .......... .......... 19%  726K 5m16s
 48650K .......... .......... .......... .......... .......... 19%  721K 5m16s
 48700K .......... .......... .......... .......... .......... 19%  619K 5m16s
 48750K .......... .......... .......... .......... .......... 19%  716K 5m16s
 48800K .......... .......... .......... .......... .......... 19%  611K 5m15s
 48850K .......... .......... .......... .......... .......... 19%  708K 5m15s
 48900K .......... .......... .......... .......... .......... 19%  708K 5m15s
 48950K .......... .......... .......... .......... .......... 19%  602K 5m15s
 49000K .......... .......... .......... .......... .......... 19%  699K 5m15s
 49050K .......... .......... .......... .......... .......... 19%  597K 5m15s
 49100K .......... .......... .......... .......... .......... 19%  689K 5m15s
 49150K .......... .......... .......... .......... .......... 19%  689K 5m15s
 49200K .......... .......... .......... .......... .......... 19%  591K 5m15s
 49250K .......... .......... .......... .......... .......... 19%  684K 5m15s
 49300K .......... .......... .......... .......... .......... 19%  580K 5m15s
 49350K .......... .......... .......... .......... .......... 19%  677K 5m14s
 49400K .......... .......... .......... .......... .......... 19%  671K 5m14s
 49450K .......... .......... .......... .......... .......... 20%  572K 5m14s
 49500K .......... .......... .......... .......... .......... 20%  667K 5m14s
 49550K .......... .......... .......... .......... .......... 20%  568K 5m14s
 49600K .......... .......... .......... .......... .......... 20%  662K 5m14s
 49650K .......... .......... .......... .......... .......... 20%  659K 5m14s
 49700K .......... .......... .......... .......... .......... 20%  562K 5m14s
 49750K .......... .......... .......... .......... .......... 20%  652K 5m14s
 49800K .......... .......... .......... .......... .......... 20%  556K 5m14s
 49850K .......... .......... .......... .......... .......... 20%  646K 5m14s
 49900K .......... .......... .......... .......... .......... 20%  643K 5m14s
 49950K .......... .......... .......... .......... .......... 20%  551K 5m14s
 50000K .......... .......... .......... .......... .......... 20%  639K 5m14s
 50050K .......... .......... .......... .......... .......... 20%  545K 5m13s
 50100K .......... .......... .......... .......... .......... 20%  632K 5m13s
 50150K .......... .......... .......... .......... .......... 20%  630K 5m13s
 50200K .......... .......... .......... .......... .......... 20%  538K 5m13s
 50250K .......... .......... .......... .......... .......... 20%  535K 5m13s
 50300K .......... .......... .......... .......... .......... 20%  505K 5m13s
 50350K .......... .......... .......... .......... .......... 20%  619K 5m13s
 50400K .......... .......... .......... .......... .......... 20%  619K 5m13s
 50450K .......... .......... .......... .......... .......... 20%  526K 5m13s
 50500K .......... .......... .......... .......... .......... 20%  610K 5m13s
 50550K .......... .......... .......... .......... .......... 20%  523K 5m13s
 50600K .......... .......... .......... .......... .......... 20%  607K 5m13s
 50650K .......... .......... .......... .......... .......... 20%  600K 5m13s
 50700K .......... .......... .......... .......... .......... 20%  517K 5m13s
 50750K .......... .......... .......... .......... .......... 20%  599K 5m13s
 50800K .......... .......... .......... .......... .......... 20%  513K 5m13s
 50850K .......... .......... .......... .......... .......... 20%  594K 5m13s
 50900K .......... .......... .......... .......... .......... 20%  594K 5m13s
 50950K .......... .......... .......... .......... .......... 20%  504K 5m13s
 51000K .......... .......... .......... .......... .......... 20%  587K 5m13s
 51050K .......... .......... .......... .......... .......... 20%  500K 5m13s
 51100K .......... .......... .......... .......... .......... 20%  586K 5m13s
 51150K .......... .......... .......... .......... .......... 20%  578K 5m12s
 51200K .......... .......... .......... .......... .......... 20%  493K 5m12s
 51250K .......... .......... .......... .......... .......... 20%  575K 5m12s
 51300K .......... .......... .......... .......... .......... 20%  489K 5m12s
 51350K .......... .......... .......... .......... .......... 20%  575K 5m12s
 51400K .......... .......... .......... .......... .......... 20%  566K 5m12s
 51450K .......... .......... .......... .......... .......... 20%  487K 5m12s
 51500K .......... .......... .......... .......... .......... 20%  563K 5m12s
 51550K .......... .......... .......... .......... .......... 20%  484K 5m12s
 51600K .......... .......... .......... .......... .......... 20%  563K 5m12s
 51650K .......... .......... .......... .......... .......... 20%  559K 5m12s
 51700K .......... .......... .......... .......... .......... 20%  477K 5m12s
 51750K .......... .......... .......... .......... .......... 20%  551K 5m12s
 51800K .......... .......... .......... .......... .......... 20%  474K 5m12s
 51850K .......... .......... .......... .......... .......... 20%  550K 5m12s
 51900K .......... .......... .......... .......... .......... 21%  547K 5m12s
 51950K .......... .......... .......... .......... .......... 21%  468K 5m12s
 52000K .......... .......... .......... .......... .......... 21%  542K 5m12s
 52050K .......... .......... .......... .......... .......... 21%  465K 5m12s
 52100K .......... .......... .......... .......... .......... 21%  539K 5m12s
 52150K .......... .......... .......... .......... .......... 21%  533K 5m12s
 52200K .......... .......... .......... .......... .......... 21%  462K 5m12s
 52250K .......... .......... .......... .......... .......... 21%  534K 5m12s
 52300K .......... .......... .......... .......... .......... 21%  454K 5m12s
 52350K .......... .......... .......... .......... .......... 21%  530K 5m12s
 52400K .......... .......... .......... .......... .......... 21%  529K 5m12s
 52450K .......... .......... .......... .......... .......... 21%  452K 5m12s
 52500K .......... .......... .......... .......... .......... 21%  524K 5m12s
 52550K .......... .......... .......... .......... .......... 21%  449K 5m12s
 52600K .......... .......... .......... .......... .......... 21%  520K 5m12s
 52650K .......... .......... .......... .......... .......... 21%  514K 5m12s
 52700K .......... .......... .......... .......... .......... 21%  431K 5m12s
 52750K .......... .......... .......... .......... .......... 21%  514K 5m12s
 52800K .......... .......... .......... .......... .......... 21%  440K 5m12s
 52850K .......... .......... .......... .......... .......... 21%  512K 5m12s
 52900K .......... .......... .......... .......... .......... 21%  511K 5m12s
 52950K .......... .......... .......... .......... .......... 21%  436K 5m12s
 53000K .......... .......... .......... .......... .......... 21%  504K 5m12s
 53050K .......... .......... .......... .......... .......... 21%  434K 5m12s
 53100K .......... .......... .......... .......... .......... 21%  503K 5m12s
 53150K .......... .......... .......... .......... .......... 21%  502K 5m12s
 53200K .......... .......... .......... .......... .......... 21%  427K 5m12s
 53250K .......... .......... .......... .......... .......... 21%  500K 5m12s
 53300K .......... .......... .......... .......... .......... 21%  425K 5m12s
 53350K .......... .......... .......... .......... .......... 21%  494K 5m12s
 53400K .......... .......... .......... .......... .......... 21%  495K 5m12s
 53450K .......... .......... .......... .......... .......... 21%  421K 5m12s
 53500K .......... .......... .......... .......... .......... 21%  487K 5m12s
 53550K .......... .......... .......... .......... .......... 21%  419K 5m12s
 53600K .......... .......... .......... .......... .......... 21%  486K 5m12s
 53650K .......... .......... .......... .......... .......... 21%  483K 5m12s
 53700K .......... .......... .......... .......... .......... 21%  416K 5m12s
 53750K .......... .......... .......... .......... .......... 21%  482K 5m12s
 53800K .......... .......... .......... .......... .......... 21%  411K 5m13s
 53850K .......... .......... .......... .......... .......... 21%  479K 5m13s
 53900K .......... .......... .......... .......... .......... 21%  480K 5m13s
 53950K .......... .......... .......... .......... .......... 21%  408K 5m13s
 54000K .......... .......... .......... .......... .......... 21%  474K 5m13s
 54050K .......... .......... .......... .......... .......... 21%  405K 5m13s
 54100K .......... .......... .......... .......... .......... 21%  471K 5m13s
 54150K .......... .......... .......... .......... .......... 21%  467K 5m13s
 54200K .......... .......... .......... .......... .......... 21%  403K 5m13s
 54250K .......... .......... .......... .......... .......... 21%  467K 5m13s
 54300K .......... .......... .......... .......... .......... 21%  399K 5m13s
 54350K .......... .......... .......... .......... .......... 21%  462K 5m13s
 54400K .......... .......... .......... .......... .......... 22%  463K 5m13s
 54450K .......... .......... .......... .......... .......... 22%  394K 5m13s
 54500K .......... .......... .......... .......... .......... 22%  462K 5m13s
 54550K .......... .......... .......... .......... .......... 22%  393K 5m13s
 54600K .......... .......... .......... .......... .......... 22%  458K 5m13s
 54650K .......... .......... .......... .......... .......... 22%  455K 5m13s
 54700K .......... .......... .......... .......... .......... 22%  389K 5m13s
 54750K .......... .......... .......... .......... .......... 22%  455K 5m13s
 54800K .......... .......... .......... .......... .......... 22%  386K 5m13s
 54850K .......... .......... .......... .......... .......... 22%  451K 5m13s
 54900K .......... .......... .......... .......... .......... 22%  449K 5m13s
 54950K .......... .......... .......... .......... .......... 22%  384K 5m13s
 55000K .......... .......... .......... .......... .......... 22%  444K 5m13s
 55050K .......... .......... .......... .......... .......... 22%  382K 5m14s
 55100K .......... .......... .......... .......... .......... 22%  445K 5m14s
 55150K .......... .......... .......... .......... .......... 22%  441K 5m14s
 55200K .......... .......... .......... .......... .......... 22%  379K 5m14s
 55250K .......... .......... .......... .......... .......... 22%  440K 5m14s
 55300K .......... .......... .......... .......... .......... 22%  673K 5m14s
 55350K .......... .......... .......... .......... .......... 22% 3.51M 5m13s
 55400K .......... .......... .......... .......... .......... 22% 3.29M 5m13s
 55450K .......... .......... .......... .......... .......... 22% 2.79M 5m13s
 55500K .......... .......... .......... .......... .......... 22% 3.18M 5m12s
 55550K .......... .......... .......... .......... .......... 22% 2.63M 5m12s
 55600K .......... .......... .......... .......... .......... 22% 3.08M 5m12s
 55650K .......... .......... .......... .......... .......... 22% 2.97M 5m11s
 55700K .......... .......... .......... .......... .......... 22% 2.48M 5m11s
 55750K .......... .......... .......... .......... .......... 22% 2.92M 5m11s
 55800K .......... .......... .......... .......... .......... 22% 2.44M 5m11s
 55850K .......... .......... .......... .......... .......... 22% 2.87M 5m10s
 55900K .......... .......... .......... .......... .......... 22% 2.86M 5m10s
 55950K .......... .......... .......... .......... .......... 22% 2.37M 5m10s
 56000K .......... .......... .......... .......... .......... 22% 2.73M 5m9s
 56050K .......... .......... .......... .......... .......... 22% 2.31M 5m9s
 56100K .......... .......... .......... .......... .......... 22% 2.62M 5m9s
 56150K .......... .......... .......... .......... .......... 22% 2.57M 5m9s
 56200K .......... .......... .......... .......... .......... 22% 2.18M 5m8s
 56250K .......... .......... .......... .......... .......... 22% 2.50M 5m8s
 56300K .......... .......... .......... .......... .......... 22% 2.06M 5m8s
 56350K .......... .......... .......... .......... .......... 22% 2.41M 5m7s
 56400K .......... .......... .......... .......... .......... 22% 2.37M 5m7s
 56450K .......... .......... .......... .......... .......... 22% 1.99M 5m7s
 56500K .......... .......... .......... .......... .......... 22% 2.29M 5m7s
 56550K .......... .......... .......... .......... .......... 22% 1.95M 5m6s
 56600K .......... .......... .......... .......... .......... 22% 2.20M 5m6s
 56650K .......... .......... .......... .......... .......... 22% 2.18M 5m6s
 56700K .......... .......... .......... .......... .......... 22% 1.84M 5m5s
 56750K .......... .......... .......... .......... .......... 22% 2.12M 5m5s
 56800K .......... .......... .......... .......... .......... 22% 1.78M 5m5s
 56850K .......... .......... .......... .......... .......... 23% 2.05M 5m5s
 56900K .......... .......... .......... .......... .......... 23% 2.04M 5m4s
 56950K .......... .......... .......... .......... .......... 23% 1.71M 5m4s
 57000K .......... .......... .......... .......... .......... 23% 1.97M 5m4s
 57050K .......... .......... .......... .......... .......... 23% 1.68M 5m4s
 57100K .......... .......... .......... .......... .......... 23% 1.91M 5m3s
 57150K .......... .......... .......... .......... .......... 23% 1.88M 5m3s
 57200K .......... .......... .......... .......... .......... 23% 1.57M 5m3s
 57250K .......... .......... .......... .......... .......... 23% 1.85M 5m3s
 57300K .......... .......... .......... .......... .......... 23% 1.55M 5m2s
 57350K .......... .......... .......... .......... .......... 23% 1.80M 5m2s
 57400K .......... .......... .......... .......... .......... 23% 1.78M 5m2s
 57450K .......... .......... .......... .......... .......... 23% 1.50M 5m2s
 57500K .......... .......... .......... .......... .......... 23% 1.74M 5m1s
 57550K .......... .......... .......... .......... .......... 23% 1.47M 5m1s
 57600K .......... .......... .......... .......... .......... 23% 1.66M 5m1s
 57650K .......... .......... .......... .......... .......... 23% 1.66M 5m1s
 57700K .......... .......... .......... .......... .......... 23% 1.43M 5m0s
 57750K .......... .......... .......... .......... .......... 23% 1.63M 5m0s
 57800K .......... .......... .......... .......... .......... 23% 1.38M 5m0s
 57850K .......... .......... .......... .......... .......... 23% 1.61M 5m0s
 57900K .......... .......... .......... .......... .......... 23% 1.59M 5m0s
 57950K .......... .......... .......... .......... .......... 23% 1.34M 4m59s
 58000K .......... .......... .......... .......... .......... 23% 1.55M 4m59s
 58050K .......... .......... .......... .......... .......... 23% 1.32M 4m59s
 58100K .......... .......... .......... .......... .......... 23% 1.51M 4m59s
 58150K .......... .......... .......... .......... .......... 23% 1.49M 4m58s
 58200K .......... .......... .......... .......... .......... 23% 1.26M 4m58s
 58250K .......... .......... .......... .......... .......... 23% 1.48M 4m58s
 58300K .......... .......... .......... .......... .......... 23% 1.23M 4m58s
 58350K .......... .......... .......... .......... .......... 23% 1.43M 4m58s
 58400K .......... .......... .......... .......... .......... 23% 1.45M 4m57s
 58450K .......... .......... .......... .......... .......... 23% 1.20M 4m57s
 58500K .......... .......... .......... .......... .......... 23% 1.40M 4m57s
 58550K .......... .......... .......... .......... .......... 23% 1.19M 4m57s
 58600K .......... .......... .......... .......... .......... 23% 1.37M 4m56s
 58650K .......... .......... .......... .......... .......... 23% 1.35M 4m56s
 58700K .......... .......... .......... .......... .......... 23% 1.15M 4m56s
 58750K .......... .......... .......... .......... .......... 23% 1.33M 4m56s
 58800K .......... .......... .......... .......... .......... 23% 1.10M 4m56s
 58850K .......... .......... .......... .......... .......... 23% 1.31M 4m55s
 58900K .......... .......... .......... .......... .......... 23% 1.30M 4m55s
 58950K .......... .......... .......... .......... .......... 23% 1.10M 4m55s
 59000K .......... .......... .......... .......... .......... 23% 1.27M 4m55s
 59050K .......... .......... .......... .......... .......... 23% 1.08M 4m55s
 59100K .......... .......... .......... .......... .......... 23% 1.25M 4m54s
 59150K .......... .......... .......... .......... .......... 23% 1.23M 4m54s
 59200K .......... .......... .......... .......... .......... 23% 1.06M 4m54s
 59250K .......... .......... .......... .......... .......... 23% 1.22M 4m54s
 59300K .......... .......... .......... .......... .......... 23% 1.03M 4m54s
 59350K .......... .......... .......... .......... .......... 24% 1.20M 4m54s
 59400K .......... .......... .......... .......... .......... 24% 1.19M 4m53s
 59450K .......... .......... .......... .......... .......... 24% 1.01M 4m53s
 59500K .......... .......... .......... .......... .......... 24% 1.17M 4m53s
 59550K .......... .......... .......... .......... .......... 24% 1022K 4m53s
 59600K .......... .......... .......... .......... .......... 24% 1.14M 4m53s
 59650K .......... .......... .......... .......... .......... 24% 1.14M 4m52s
 59700K .......... .......... .......... .......... .......... 24%  990K 4m52s
 59750K .......... .......... .......... .......... .......... 24% 1.13M 4m52s
 59800K .......... .......... .......... .......... .......... 24%  972K 4m52s
 59850K .......... .......... .......... .......... .......... 24% 1.10M 4m52s
 59900K .......... .......... .......... .......... .......... 24% 1.10M 4m52s
 59950K .......... .......... .......... .......... .......... 24%  951K 4m51s
 60000K .......... .......... .......... .......... .......... 24% 1.06M 4m51s
 60050K .......... .......... .......... .......... .......... 24%  931K 4m51s
 60100K .......... .......... .......... .......... .......... 24% 1.07M 4m51s
 60150K .......... .......... .......... .......... .......... 24% 1.05M 4m51s
 60200K .......... .......... .......... .......... .......... 24%  921K 4m51s
 60250K .......... .......... .......... .......... .......... 24% 1.04M 4m50s
 60300K .......... .......... .......... .......... .......... 24%  905K 4m50s
 60350K .......... .......... .......... .......... .......... 24% 1.03M 4m50s
 60400K .......... .......... .......... .......... .......... 24% 1.02M 4m50s
 60450K .......... .......... .......... .......... .......... 24%  885K 4m50s
 60500K .......... .......... .......... .......... .......... 24% 1.00M 4m50s
 60550K .......... .......... .......... .......... .......... 24%  877K 4m49s
 60600K .......... .......... .......... .......... .......... 24% 1011K 4m49s
 60650K .......... .......... .......... .......... .......... 24% 1004K 4m49s
 60700K .......... .......... .......... .......... .......... 24%  861K 4m49s
 60750K .......... .......... .......... .......... .......... 24%  994K 4m49s
 60800K .......... .......... .......... .......... .......... 24%  844K 4m49s
 60850K .......... .......... .......... .......... .......... 24%  979K 4m49s
 60900K .......... .......... .......... .......... .......... 24%  976K 4m48s
 60950K .......... .......... .......... .......... .......... 24%  825K 4m48s
 61000K .......... .......... .......... .......... .......... 24%  962K 4m48s
 61050K .......... .......... .......... .......... .......... 24%  820K 4m48s
 61100K .......... .......... .......... .......... .......... 24%  947K 4m48s
 61150K .......... .......... .......... .......... .......... 24%  938K 4m48s
 61200K .......... .......... .......... .......... .......... 24%  802K 4m48s
 61250K .......... .......... .......... .......... .......... 24%  935K 4m47s
 61300K .......... .......... .......... .......... .......... 24%  790K 4m47s
 61350K .......... .......... .......... .......... .......... 24%  912K 4m47s
 61400K .......... .......... .......... .......... .......... 24%  916K 4m47s
 61450K .......... .......... .......... .......... .......... 24%  777K 4m47s
 61500K .......... .......... .......... .......... .......... 24%  900K 4m47s
 61550K .......... .......... .......... .......... .......... 24%  770K 4m47s
 61600K .......... .......... .......... .......... .......... 24%  890K 4m46s
 61650K .......... .......... .......... .......... .......... 24%  882K 4m46s
 61700K .......... .......... .......... .......... .......... 24%  751K 4m46s
 61750K .......... .......... .......... .......... .......... 24%  874K 4m46s
 61800K .......... .......... .......... .......... .......... 25%  744K 4m46s
 61850K .......... .......... .......... .......... .......... 25%  863K 4m46s
 61900K .......... .......... .......... .......... .......... 25%  863K 4m46s
 61950K .......... .......... .......... .......... .......... 25%  732K 4m46s
 62000K .......... .......... .......... .......... .......... 25%  848K 4m45s
 62050K .......... .......... .......... .......... .......... 25%  725K 4m45s
 62100K .......... .......... .......... .......... .......... 25%  840K 4m45s
 62150K .......... .......... .......... .......... .......... 25%  832K 4m45s
 62200K .......... .......... .......... .......... .......... 25%  714K 4m45s
 62250K .......... .......... .......... .......... .......... 25%  824K 4m45s
 62300K .......... .......... .......... .......... .......... 25%  700K 4m45s
 62350K .......... .......... .......... .......... .......... 25%  820K 4m45s
 62400K .......... .......... .......... .......... .......... 25%  814K 4m45s
 62450K .......... .......... .......... .......... .......... 25%  688K 4m44s
 62500K .......... .......... .......... .......... .......... 25%  805K 4m44s
 62550K .......... .......... .......... .......... .......... 25%  685K 4m44s
 62600K .......... .......... .......... .......... .......... 25%  792K 4m44s
 62650K .......... .......... .......... .......... .......... 25%  790K 4m44s
 62700K .......... .......... .......... .......... .......... 25%  675K 4m44s
 62750K .......... .......... .......... .......... .......... 25%  780K 4m44s
 62800K .......... .......... .......... .......... .......... 25%  665K 4m44s
 62850K .......... .......... .......... .......... .......... 25%  772K 4m44s
 62900K .......... .......... .......... .......... .......... 25%  772K 4m44s
 62950K .......... .......... .......... .......... .......... 25%  655K 4m43s
 63000K .......... .......... .......... .......... .......... 25%  760K 4m43s
 63050K .......... .......... .......... .......... .......... 25%  651K 4m43s
 63100K .......... .......... .......... .......... .......... 25%  753K 4m43s
 63150K .......... .......... .......... .......... .......... 25%  749K 4m43s
 63200K .......... .......... .......... .......... .......... 25%  638K 4m43s
 63250K .......... .......... .......... .......... .......... 25%  744K 4m43s
 63300K .......... .......... .......... .......... .......... 25%  632K 4m43s
 63350K .......... .......... .......... .......... .......... 25%  735K 4m43s
 63400K .......... .......... .......... .......... .......... 25%  733K 4m43s
 63450K .......... .......... .......... .......... .......... 25%  623K 4m43s
 63500K .......... .......... .......... .......... .......... 25%  723K 4m42s
 63550K .......... .......... .......... .......... .......... 25%  619K 4m42s
 63600K .......... .......... .......... .......... .......... 25%  713K 4m42s
 63650K .......... .......... .......... .......... .......... 25%  711K 4m42s
 63700K .......... .......... .......... .......... .......... 25%  611K 4m42s
 63750K .......... .......... .......... .......... .......... 25%  706K 4m42s
 63800K .......... .......... .......... .......... .......... 25%  603K 4m42s
 63850K .......... .......... .......... .......... .......... 25%  701K 4m42s
 63900K .......... .......... .......... .......... .......... 25%  693K 4m42s
 63950K .......... .......... .......... .......... .......... 25%  595K 4m42s
 64000K .......... .......... .......... .......... .......... 25%  693K 4m42s
 64050K .......... .......... .......... .......... .......... 25%  590K 4m42s
 64100K .......... .......... .......... .......... .......... 25%  681K 4m41s
 64150K .......... .......... .......... .......... .......... 25%  680K 4m41s
 64200K .......... .......... .......... .......... .......... 25%  583K 4m41s
 64250K .......... .......... .......... .......... .......... 25%  675K 4m41s
 64300K .......... .......... .......... .......... .......... 26%  575K 4m41s
 64350K .......... .......... .......... .......... .......... 26%  669K 4m41s
 64400K .......... .......... .......... .......... .......... 26%  667K 4m41s
 64450K .......... .......... .......... .......... .......... 26%  565K 4m41s
 64500K .......... .......... .......... .......... .......... 26%  661K 4m41s
 64550K .......... .......... .......... .......... .......... 26%  562K 4m41s
 64600K .......... .......... .......... .......... .......... 26%  651K 4m41s
 64650K .......... .......... .......... .......... .......... 26%  650K 4m41s
 64700K .......... .......... .......... .......... .......... 26%  553K 4m41s
 64750K .......... .......... .......... .......... .......... 26%  648K 4m41s
 64800K .......... .......... .......... .......... .......... 26%  549K 4m41s
 64850K .......... .......... .......... .......... .......... 26%  640K 4m40s
 64900K .......... .......... .......... .......... .......... 26%  635K 4m40s
 64950K .......... .......... .......... .......... .......... 26%  543K 4m40s
 65000K .......... .......... .......... .......... .......... 26%  631K 4m40s
 65050K .......... .......... .......... .......... .......... 26%  538K 4m40s
 65100K .......... .......... .......... .......... .......... 26%  625K 4m40s
 65150K .......... .......... .......... .......... .......... 26%  623K 4m40s
 65200K .......... .......... .......... .......... .......... 26%  532K 4m40s
 65250K .......... .......... .......... .......... .......... 26%  618K 4m40s
 65300K .......... .......... .......... .......... .......... 26%  526K 4m40s
 65350K .......... .......... .......... .......... .......... 26%  610K 4m40s
 65400K .......... .......... .......... .......... .......... 26%  608K 4m40s
 65450K .......... .......... .......... .......... .......... 26%  522K 4m40s
 65500K .......... .......... .......... .......... .......... 26%  605K 4m40s
 65550K .......... .......... .......... .......... .......... 26%  516K 4m40s
 65600K .......... .......... .......... .......... .......... 26%  600K 4m40s
 65650K .......... .......... .......... .......... .......... 26%  478K 4m40s
 65700K .......... .......... .......... .......... .......... 26%  510K 4m40s
 65750K .......... .......... .......... .......... .......... 26%  587K 4m40s
 65800K .......... .......... .......... .......... .......... 26%  501K 4m40s
 65850K .......... .......... .......... .......... .......... 26%  586K 4m40s
 65900K .......... .......... .......... .......... .......... 26%  588K 4m40s
 65950K .......... .......... .......... .......... .......... 26%  500K 4m40s
 66000K .......... .......... .......... .......... .......... 26%  582K 4m39s
 66050K .......... .......... .......... .......... .......... 26%  497K 4m39s
 66100K .......... .......... .......... .......... .......... 26%  577K 4m39s
 66150K .......... .......... .......... .......... .......... 26%  570K 4m39s
 66200K .......... .......... .......... .......... .......... 26%  491K 4m39s
 66250K .......... .......... .......... .......... .......... 26%  569K 4m39s
 66300K .......... .......... .......... .......... .......... 26%  485K 4m39s
 66350K .......... .......... .......... .......... .......... 26%  567K 4m39s
 66400K .......... .......... .......... .......... .......... 26%  565K 4m39s
 66450K .......... .......... .......... .......... .......... 26%  480K 4m39s
 66500K .......... .......... .......... .......... .......... 26%  558K 4m39s
 66550K .......... .......... .......... .......... .......... 26%  478K 4m39s
 66600K .......... .......... .......... .......... .......... 26%  553K 4m39s
 66650K .......... .......... .......... .......... .......... 26%  554K 4m39s
 66700K .......... .......... .......... .......... .......... 26%  472K 4m39s
 66750K .......... .......... .......... .......... .......... 27%  547K 4m39s
 66800K .......... .......... .......... .......... .......... 27%  468K 4m39s
 66850K .......... .......... .......... .......... .......... 27%  543K 4m39s
 66900K .......... .......... .......... .......... .......... 27%  542K 4m39s
 66950K .......... .......... .......... .......... .......... 27%  464K 4m39s
 67000K .......... .......... .......... .......... .......... 27%  536K 4m39s
 67050K .......... .......... .......... .......... .......... 27%  461K 4m39s
 67100K .......... .......... .......... .......... .......... 27%  531K 4m39s
 67150K .......... .......... .......... .......... .......... 27%  530K 4m39s
 67200K .......... .......... .......... .......... .......... 27%  455K 4m39s
 67250K .......... .......... .......... .......... .......... 27%  531K 4m39s
 67300K .......... .......... .......... .......... .......... 27%  451K 4m39s
 67350K .......... .......... .......... .......... .......... 27%  525K 4m39s
 67400K .......... .......... .......... .......... .......... 27%  521K 4m39s
 67450K .......... .......... .......... .......... .......... 27%  448K 4m39s
 67500K .......... .......... .......... .......... .......... 27%  518K 4m39s
 67550K .......... .......... .......... .......... .......... 27%  442K 4m39s
 67600K .......... .......... .......... .......... .......... 27%  514K 4m39s
 67650K .......... .......... .......... .......... .......... 27%  515K 4m39s
 67700K .......... .......... .......... .......... .......... 27%  437K 4m39s
 67750K .......... .......... .......... .......... .......... 27%  505K 4m39s
 67800K .......... .......... .......... .......... .......... 27%  436K 4m39s
 67850K .......... .......... .......... .......... .......... 27%  508K 4m39s
 67900K .......... .......... .......... .......... .......... 27%  507K 4m39s
 67950K .......... .......... .......... .......... .......... 27%  429K 4m39s
 68000K .......... .......... .......... .......... .......... 27%  502K 4m39s
 68050K .......... .......... .......... .......... .......... 27%  428K 4m39s
 68100K .......... .......... .......... .......... .......... 27%  496K 4m39s
 68150K .......... .......... .......... .......... .......... 27%  492K 4m39s
 68200K .......... .......... .......... .......... .......... 27%  429K 4m39s
 68250K .......... .......... .......... .......... .......... 27%  493K 4m39s
 68300K .......... .......... .......... .......... .......... 27%  420K 4m39s
 68350K .......... .......... .......... .......... .......... 27%  489K 4m39s
 68400K .......... .......... .......... .......... .......... 27%  485K 4m39s
 68450K .......... .......... .......... .......... .......... 27%  418K 4m39s
 68500K .......... .......... .......... .......... .......... 27%  485K 4m39s
 68550K .......... .......... .......... .......... .......... 27%  416K 4m39s
 68600K .......... .......... .......... .......... .......... 27%  477K 4m39s
 68650K .......... .......... .......... .......... .......... 27%  482K 4m39s
 68700K .......... .......... .......... .......... .......... 27%  412K 4m39s
 68750K .......... .......... .......... .......... .......... 27%  478K 4m39s
 68800K .......... .......... .......... .......... .......... 27%  406K 4m39s
 68850K .......... .......... .......... .......... .......... 27%  475K 4m39s
 68900K .......... .......... .......... .......... .......... 27%  474K 4m39s
 68950K .......... .......... .......... .......... .......... 27%  402K 4m39s
 69000K .......... .......... .......... .......... .......... 27%  471K 4m39s
 69050K .......... .......... .......... .......... .......... 27%  394K 4m39s
 69100K .......... .......... .......... .......... .......... 27%  452K 4m39s
 69150K .......... .......... .......... .......... .......... 27%  465K 4m39s
 69200K .......... .......... .......... .......... .......... 27%  397K 4m39s
 69250K .......... .......... .......... .......... .......... 28%  464K 4m39s
 69300K .......... .......... .......... .......... .......... 28%  395K 4m39s
 69350K .......... .......... .......... .......... .......... 28%  461K 4m39s
 69400K .......... .......... .......... .......... .......... 28%  459K 4m39s
 69450K .......... .......... .......... .......... .......... 28%  390K 4m39s
 69500K .......... .......... .......... .......... .......... 28%  454K 4m39s
 69550K .......... .......... .......... .......... .......... 28%  392K 4m39s
 69600K .......... .......... .......... .......... .......... 28%  455K 4m39s
 69650K .......... .......... .......... .......... .......... 28%  451K 4m39s
 69700K .......... .......... .......... .......... .......... 28%  382K 4m39s
 69750K .......... .......... .......... .......... .......... 28%  451K 4m39s
 69800K .......... .......... .......... .......... .......... 28%  382K 4m39s
 69850K .......... .......... .......... .......... .......... 28%  442K 4m39s
 69900K .......... .......... .......... .......... .......... 28%  445K 4m39s
 69950K .......... .......... .......... .......... .......... 28%  380K 4m39s
 70000K .......... .......... .......... .......... .......... 28%  441K 4m39s
 70050K .......... .......... .......... .......... .......... 28%  377K 4m39s
 70100K .......... .......... .......... .......... .......... 28%  461K 4m39s
 70150K .......... .......... .......... .......... .......... 28% 1.45M 4m39s
 70200K .......... .......... .......... .......... .......... 28% 2.35M 4m39s
 70250K .......... .......... .......... .......... .......... 28% 2.66M 4m39s
 70300K .......... .......... .......... .......... .......... 28% 2.19M 4m38s
 70350K .......... .......... .......... .......... .......... 28% 2.69M 4m38s
 70400K .......... .......... .......... .......... .......... 28% 2.27M 4m38s
 70450K .......... .......... .......... .......... .......... 28% 2.25M 4m38s
 70500K .......... .......... .......... .......... .......... 28% 2.88M 4m38s
 70550K .......... .......... .......... .......... .......... 28% 2.61M 4m37s
 70600K .......... .......... .......... .......... .......... 28% 2.95M 4m37s
 70650K .......... .......... .......... .......... .......... 28% 2.70M 4m37s
 70700K .......... .......... .......... .......... .......... 28% 2.26M 4m37s
 70750K .......... .......... .......... .......... .......... 28% 2.56M 4m36s
 70800K .......... .......... .......... .......... .......... 28% 2.31M 4m36s
 70850K .......... .......... .......... .......... .......... 28% 2.71M 4m36s
 70900K .......... .......... .......... .......... .......... 28% 2.68M 4m36s
 70950K .......... .......... .......... .......... .......... 28% 2.22M 4m36s
 71000K .......... .......... .......... .......... .......... 28% 2.58M 4m35s
 71050K .......... .......... .......... .......... .......... 28% 2.16M 4m35s
 71100K .......... .......... .......... .......... .......... 28% 2.47M 4m35s
 71150K .......... .......... .......... .......... .......... 28% 2.42M 4m35s
 71200K .......... .......... .......... .......... .......... 28% 2.05M 4m34s
 71250K .......... .......... .......... .......... .......... 28% 2.36M 4m34s
 71300K .......... .......... .......... .......... .......... 28% 1.98M 4m34s
 71350K .......... .......... .......... .......... .......... 28% 2.27M 4m34s
 71400K .......... .......... .......... .......... .......... 28% 2.27M 4m34s
 71450K .......... .......... .......... .......... .......... 28% 1.88M 4m33s
 71500K .......... .......... .......... .......... .......... 28% 2.17M 4m33s
 71550K .......... .......... .......... .......... .......... 28% 1.85M 4m33s
 71600K .......... .......... .......... .......... .......... 28% 2.11M 4m33s
 71650K .......... .......... .......... .......... .......... 28% 2.06M 4m33s
 71700K .......... .......... .......... .......... .......... 29% 1.78M 4m32s
 71750K .......... .......... .......... .......... .......... 29% 2.04M 4m32s
 71800K .......... .......... .......... .......... .......... 29% 1.69M 4m32s
 71850K .......... .......... .......... .......... .......... 29% 1.99M 4m32s
 71900K .......... .......... .......... .......... .......... 29% 1.94M 4m32s
 71950K .......... .......... .......... .......... .......... 29% 1.64M 4m31s
 72000K .......... .......... .......... .......... .......... 29% 1.88M 4m31s
 72050K .......... .......... .......... .......... .......... 29% 1.62M 4m31s
 72100K .......... .......... .......... .......... .......... 29% 1.84M 4m31s
 72150K .......... .......... .......... .......... .......... 29% 1.82M 4m31s
 72200K .......... .......... .......... .......... .......... 29% 1.55M 4m30s
 72250K .......... .......... .......... .......... .......... 29% 1.77M 4m30s
 72300K .......... .......... .......... .......... .......... 29% 1.49M 4m30s
 72350K .......... .......... .......... .......... .......... 29% 1.74M 4m30s
 72400K .......... .......... .......... .......... .......... 29% 1.72M 4m30s
 72450K .......... .......... .......... .......... .......... 29% 1.44M 4m29s
 72500K .......... .......... .......... .......... .......... 29% 1.67M 4m29s
 72550K .......... .......... .......... .......... .......... 29% 1.42M 4m29s
 72600K .......... .......... .......... .......... .......... 29% 1.60M 4m29s
 72650K .......... .......... .......... .......... .......... 29% 1.62M 4m29s
 72700K .......... .......... .......... .......... .......... 29% 1.38M 4m28s
 72750K .......... .......... .......... .......... .......... 29% 1.59M 4m28s
 72800K .......... .......... .......... .......... .......... 29% 1.33M 4m28s
 72850K .......... .......... .......... .......... .......... 29% 1.55M 4m28s
 72900K .......... .......... .......... .......... .......... 29% 1.54M 4m28s
 72950K .......... .......... .......... .......... .......... 29% 1.29M 4m28s
 73000K .......... .......... .......... .......... .......... 29% 1.49M 4m27s
 73050K .......... .......... .......... .......... .......... 29% 1.28M 4m27s
 73100K .......... .......... .......... .......... .......... 29% 1.46M 4m27s
 73150K .......... .......... .......... .......... .......... 29% 1.45M 4m27s
 73200K .......... .......... .......... .......... .......... 29% 1.24M 4m27s
 73250K .......... .......... .......... .......... .......... 29% 1.42M 4m27s
 73300K .......... .......... .......... .......... .......... 29% 1.20M 4m26s
 73350K .......... .......... .......... .......... .......... 29% 1.41M 4m26s
 73400K .......... .......... .......... .......... .......... 29% 1.38M 4m26s
 73450K .......... .......... .......... .......... .......... 29% 1.17M 4m26s
 73500K .......... .......... .......... .......... .......... 29% 1.35M 4m26s
 73550K .......... .......... .......... .......... .......... 29% 1.16M 4m26s
 73600K .......... .......... .......... .......... .......... 29% 1.33M 4m25s
 73650K .......... .......... .......... .......... .......... 29% 1.31M 4m25s
 73700K .......... .......... .......... .......... .......... 29% 1.12M 4m25s
 73750K .......... .......... .......... .......... .......... 29% 1.29M 4m25s
 73800K .......... .......... .......... .......... .......... 29% 1.10M 4m25s
 73850K .......... .......... .......... .......... .......... 29% 1.26M 4m25s
 73900K .......... .......... .......... .......... .......... 29% 1.27M 4m24s
 73950K .......... .......... .......... .......... .......... 29% 1.06M 4m24s
 74000K .......... .......... .......... .......... .......... 29% 1.24M 4m24s
 74050K .......... .......... .......... .......... .......... 29% 1.02M 4m24s
 74100K .......... .......... .......... .......... .......... 29% 1.22M 4m24s
 74150K .......... .......... .......... .......... .......... 29% 1.21M 4m24s
 74200K .......... .......... .......... .......... .......... 30% 1.03M 4m23s
 74250K .......... .......... .......... .......... .......... 30% 1.19M 4m23s
 74300K .......... .......... .......... .......... .......... 30% 1.00M 4m23s
 74350K .......... .......... .......... .......... .......... 30% 1.17M 4m23s
 74400K .......... .......... .......... .......... .......... 30% 1.16M 4m23s
 74450K .......... .......... .......... .......... .......... 30% 1006K 4m23s
 74500K .......... .......... .......... .......... .......... 30% 1.14M 4m23s
 74550K .......... .......... .......... .......... .......... 30%  995K 4m22s
 74600K .......... .......... .......... .......... .......... 30% 1.12M 4m22s
 74650K .......... .......... .......... .......... .......... 30% 1.11M 4m22s
 74700K .......... .......... .......... .......... .......... 30%  974K 4m22s
 74750K .......... .......... .......... .......... .......... 30% 1.10M 4m22s
 74800K .......... .......... .......... .......... .......... 30%  953K 4m22s
 74850K .......... .......... .......... .......... .......... 30% 1.08M 4m22s
 74900K .......... .......... .......... .......... .......... 30% 1.08M 4m21s
 74950K .......... .......... .......... .......... .......... 30%  930K 4m21s
 75000K .......... .......... .......... .......... .......... 30% 1.06M 4m21s
 75050K .......... .......... .......... .......... .......... 30%  921K 4m21s
 75100K .......... .......... .......... .......... .......... 30% 1.04M 4m21s
 75150K .......... .......... .......... .......... .......... 30% 1.03M 4m21s
 75200K .......... .......... .......... .......... .......... 30%  899K 4m21s
 75250K .......... .......... .......... .......... .......... 30% 1.02M 4m20s
 75300K .......... .......... .......... .......... .......... 30%  882K 4m20s
 75350K .......... .......... .......... .......... .......... 30% 1.01M 4m20s
 75400K .......... .......... .......... .......... .......... 30% 1024K 4m20s
 75450K .......... .......... .......... .......... .......... 30%  868K 4m20s
 75500K .......... .......... .......... .......... .......... 30% 1005K 4m20s
 75550K .......... .......... .......... .......... .......... 30%  859K 4m20s
 75600K .......... .......... .......... .......... .......... 30%  992K 4m20s
 75650K .......... .......... .......... .......... .......... 30%  985K 4m19s
 75700K .......... .......... .......... .......... .......... 30%  843K 4m19s
 75750K .......... .......... .......... .......... .......... 30%  976K 4m19s
 75800K .......... .......... .......... .......... .......... 30%  824K 4m19s
 75850K .......... .......... .......... .......... .......... 30%  962K 4m19s
 75900K .......... .......... .......... .......... .......... 30%  957K 4m19s
 75950K .......... .......... .......... .......... .......... 30%  809K 4m19s
 76000K .......... .......... .......... .......... .......... 30%  944K 4m19s
 76050K .......... .......... .......... .......... .......... 30%  807K 4m19s
 76100K .......... .......... .......... .......... .......... 30%  924K 4m18s
 76150K .......... .......... .......... .......... .......... 30%  927K 4m18s
 76200K .......... .......... .......... .......... .......... 30%  778K 4m18s
 76250K .......... .......... .......... .......... .......... 30%  922K 4m18s
 76300K .......... .......... .......... .......... .......... 30%  776K 4m18s
 76350K .......... .......... .......... .......... .......... 30%  897K 4m18s
 76400K .......... .......... .......... .......... .......... 30%  899K 4m18s
 76450K .......... .......... .......... .......... .......... 30%  763K 4m18s
 76500K .......... .......... .......... .......... .......... 30%  887K 4m17s
 76550K .......... .......... .......... .......... .......... 30%  754K 4m17s
 76600K .......... .......... .......... .......... .......... 30%  870K 4m17s
 76650K .......... .......... .......... .......... .......... 31%  867K 4m17s
 76700K .......... .......... .......... .......... .......... 31%  743K 4m17s
 76750K .......... .......... .......... .......... .......... 31%  859K 4m17s
 76800K .......... .......... .......... .......... .......... 31%  729K 4m17s
 76850K .......... .......... .......... .......... .......... 31%  851K 4m17s
 76900K .......... .......... .......... .......... .......... 31%  848K 4m17s
 76950K .......... .......... .......... .......... .......... 31%  718K 4m17s
 77000K .......... .......... .......... .......... .......... 31%  834K 4m16s
 77050K .......... .......... .......... .......... .......... 31%  714K 4m16s
 77100K .......... .......... .......... .......... .......... 31%  822K 4m16s
 77150K .......... .......... .......... .......... .......... 31%  821K 4m16s
 77200K .......... .......... .......... .......... .......... 31%  701K 4m16s
 77250K .......... .......... .......... .......... .......... 31%  814K 4m16s
 77300K .......... .......... .......... .......... .......... 31%  689K 4m16s
 77350K .......... .......... .......... .......... .......... 31%  804K 4m16s
 77400K .......... .......... .......... .......... .......... 31%  794K 4m16s
 77450K .......... .......... .......... .......... .......... 31%  679K 4m16s
 77500K .......... .......... .......... .......... .......... 31%  795K 4m15s
 77550K .......... .......... .......... .......... .......... 31%  676K 4m15s
 77600K .......... .......... .......... .......... .......... 31%  780K 4m15s
 77650K .......... .......... .......... .......... .......... 31%  778K 4m15s
 77700K .......... .......... .......... .......... .......... 31%  652K 4m15s
 77750K .......... .......... .......... .......... .......... 31%  770K 4m15s
 77800K .......... .......... .......... .......... .......... 31%  654K 4m15s
 77850K .......... .......... .......... .......... .......... 31%  763K 4m15s
 77900K .......... .......... .......... .......... .......... 31%  757K 4m15s
 77950K .......... .......... .......... .......... .......... 31%  646K 4m15s
 78000K .......... .......... .......... .......... .......... 31%  747K 4m15s
 78050K .......... .......... .......... .......... .......... 31%  637K 4m15s
 78100K .......... .......... .......... .......... .......... 31%  740K 4m14s
 78150K .......... .......... .......... .......... .......... 31%  735K 4m14s
 78200K .......... .......... .......... .......... .......... 31%  632K 4m14s
 78250K .......... .......... .......... .......... .......... 31%  731K 4m14s
 78300K .......... .......... .......... .......... .......... 31%  621K 4m14s
 78350K .......... .......... .......... .......... .......... 31%  724K 4m14s
 78400K .......... .......... .......... .......... .......... 31%  720K 4m14s
 78450K .......... .......... .......... .......... .......... 31%  614K 4m14s
 78500K .......... .......... .......... .......... .......... 31%  712K 4m14s
 78550K .......... .......... .......... .......... .......... 31%  609K 4m14s
 78600K .......... .......... .......... .......... .......... 31%  705K 4m14s
 78650K .......... .......... .......... .......... .......... 31%  702K 4m14s
 78700K .......... .......... .......... .......... .......... 31%  600K 4m14s
 78750K .......... .......... .......... .......... .......... 31%  695K 4m13s
 78800K .......... .......... .......... .......... .......... 31%  592K 4m13s
 78850K .......... .......... .......... .......... .......... 31%  689K 4m13s
 78900K .......... .......... .......... .......... .......... 31%  687K 4m13s
 78950K .......... .......... .......... .......... .......... 31%  583K 4m13s
 79000K .......... .......... .......... .......... .......... 31%  680K 4m13s
 79050K .......... .......... .......... .......... .......... 31%  579K 4m13s
 79100K .......... .......... .......... .......... .......... 32%  672K 4m13s
 79150K .......... .......... .......... .......... .......... 32%  669K 4m13s
 79200K .......... .......... .......... .......... .......... 32%  572K 4m13s
 79250K .......... .......... .......... .......... .......... 32%  663K 4m13s
 79300K .......... .......... .......... .......... .......... 32%  566K 4m13s
 79350K .......... .......... .......... .......... .......... 32%  657K 4m13s
 79400K .......... .......... .......... .......... .......... 32%  653K 4m13s
 79450K .......... .......... .......... .......... .......... 32%  562K 4m13s
 79500K .......... .......... .......... .......... .......... 32%  649K 4m12s
 79550K .......... .......... .......... .......... .......... 32%  554K 4m12s
 79600K .......... .......... .......... .......... .......... 32%  644K 4m12s
 79650K .......... .......... .......... .......... .......... 32%  638K 4m12s
 79700K .......... .......... .......... .......... .......... 32%  547K 4m12s
 79750K .......... .......... .......... .......... .......... 32%  636K 4m12s
 79800K .......... .......... .......... .......... .......... 32%  541K 4m12s
 79850K .......... .......... .......... .......... .......... 32%  628K 4m12s
 79900K .......... .......... .......... .......... .......... 32%  630K 4m12s
 79950K .......... .......... .......... .......... .......... 32%  535K 4m12s
 80000K .......... .......... .......... .......... .......... 32%  620K 4m12s
 80050K .......... .......... .......... .......... .......... 32%  532K 4m12s
 80100K .......... .......... .......... .......... .......... 32%  617K 4m12s
 80150K .......... .......... .......... .......... .......... 32%  613K 4m12s
 80200K .......... .......... .......... .......... .......... 32%  521K 4m12s
 80250K .......... .......... .......... .......... .......... 32%  611K 4m12s
 80300K .......... .......... .......... .......... .......... 32%  521K 4m12s
 80350K .......... .......... .......... .......... .......... 32%  604K 4m12s
 80400K .......... .......... .......... .......... .......... 32%  603K 4m11s
 80450K .......... .......... .......... .......... .......... 32%  510K 4m11s
 80500K .......... .......... .......... .......... .......... 32%  598K 4m11s
 80550K .......... .......... .......... .......... .......... 32%  510K 4m11s
 80600K .......... .......... .......... .......... .......... 32%  588K 4m11s
 80650K .......... .......... .......... .......... .......... 32%  591K 4m11s
 80700K .......... .......... .......... .......... .......... 32%  503K 4m11s
 80750K .......... .......... .......... .......... .......... 32%  585K 4m11s
 80800K .......... .......... .......... .......... .......... 32%  499K 4m11s
 80850K .......... .......... .......... .......... .......... 32%  578K 4m11s
 80900K .......... .......... .......... .......... .......... 32%  577K 4m11s
 80950K .......... .......... .......... .......... .......... 32%  492K 4m11s
 81000K .......... .......... .......... .......... .......... 32%  573K 4m11s
 81050K .......... .......... .......... .......... .......... 32%  489K 4m11s
 81100K .......... .......... .......... .......... .......... 32%  571K 4m11s
 81150K .......... .......... .......... .......... .......... 32%  565K 4m11s
 81200K .......... .......... .......... .......... .......... 32%  485K 4m11s
 81250K .......... .......... .......... .......... .......... 32%  564K 4m11s
 81300K .......... .......... .......... .......... .......... 32%  478K 4m11s
 81350K .......... .......... .......... .......... .......... 32%  558K 4m11s
 81400K .......... .......... .......... .......... .......... 32%  553K 4m11s
 81450K .......... .......... .......... .......... .......... 32%  478K 4m11s
 81500K .......... .......... .......... .......... .......... 32%  552K 4m11s
 81550K .......... .......... .......... .......... .......... 32%  468K 4m11s
 81600K .......... .......... .......... .......... .......... 33%  546K 4m11s
 81650K .......... .......... .......... .......... .......... 33%  546K 4m11s
 81700K .......... .......... .......... .......... .......... 33%  469K 4m10s
 81750K .......... .......... .......... .......... .......... 33%  539K 4m10s
 81800K .......... .......... .......... .......... .......... 33%  462K 4m10s
 81850K .......... .......... .......... .......... .......... 33%  540K 4m10s
 81900K .......... .......... .......... .......... .......... 33%  535K 4m10s
 81950K .......... .......... .......... .......... .......... 33%  456K 4m10s
 82000K .......... .......... .......... .......... .......... 33%  534K 4m10s
 82050K .......... .......... .......... .......... .......... 33%  451K 4m10s
 82100K .......... .......... .......... .......... .......... 33%  532K 4m10s
 82150K .......... .......... .......... .......... .......... 33%  521K 4m10s
 82200K .......... .......... .......... .......... .......... 33%  450K 4m10s
 82250K .......... .......... .......... .......... .......... 33%  522K 4m10s
 82300K .......... .......... .......... .......... .......... 33%  442K 4m10s
 82350K .......... .......... .......... .......... .......... 33%  525K 4m10s
 82400K .......... .......... .......... .......... .......... 33%  517K 4m10s
 82450K .......... .......... .......... .......... .......... 33%  439K 4m10s
 82500K .......... .......... .......... .......... .......... 33%  514K 4m10s
 82550K .......... .......... .......... .......... .......... 33%  438K 4m10s
 82600K .......... .......... .......... .......... .......... 33%  511K 4m10s
 82650K .......... .......... .......... .......... .......... 33%  506K 4m10s
 82700K .......... .......... .......... .......... .......... 33%  437K 4m10s
 82750K .......... .......... .......... .......... .......... 33%  502K 4m10s
 82800K .......... .......... .......... .......... .......... 33%  390K 4m10s
 82850K .......... .......... .......... .......... .......... 33%  500K 4m10s
 82900K .......... .......... .......... .......... .......... 33%  500K 4m10s
 82950K .......... .......... .......... .......... .......... 33%  427K 4m10s
 83000K .......... .......... .......... .......... .......... 33%  498K 4m10s
 83050K .......... .......... .......... .......... .......... 33%  420K 4m10s
 83100K .......... .......... .......... .......... .......... 33%  494K 4m10s
 83150K .......... .......... .......... .......... .......... 33%  489K 4m10s
 83200K .......... .......... .......... .......... .......... 33%  420K 4m10s
 83250K .......... .......... .......... .......... .......... 33%  490K 4m10s
 83300K .......... .......... .......... .......... .......... 33%  418K 4m10s
 83350K .......... .......... .......... .......... .......... 33%  484K 4m10s
 83400K .......... .......... .......... .......... .......... 33%  485K 4m10s
 83450K .......... .......... .......... .......... .......... 33%  412K 4m10s
 83500K .......... .......... .......... .......... .......... 33%  479K 4m10s
 83550K .......... .......... .......... .......... .......... 33%  409K 4m10s
 83600K .......... .......... .......... .......... .......... 33%  478K 4m10s
 83650K .......... .......... .......... .......... .......... 33%  476K 4m10s
 83700K .......... .......... .......... .......... .......... 33%  405K 4m10s
 83750K .......... .......... .......... .......... .......... 33%  474K 4m10s
 83800K .......... .......... .......... .......... .......... 33%  404K 4m10s
 83850K .......... .......... .......... .......... .......... 33%  471K 4m10s
 83900K .......... .......... .......... .......... .......... 33%  467K 4m10s
 83950K .......... .......... .......... .......... .......... 33%  399K 4m10s
 84000K .......... .......... .......... .......... .......... 33%  466K 4m10s
 84050K .......... .......... .......... .......... .......... 34%  393K 4m10s
 84100K .......... .......... .......... .......... .......... 34%  460K 4m10s
 84150K .......... .......... .......... .......... .......... 34%  464K 4m10s
 84200K .......... .......... .......... .......... .......... 34%  394K 4m10s
 84250K .......... .......... .......... .......... .......... 34%  458K 4m10s
 84300K .......... .......... .......... .......... .......... 34%  392K 4m10s
 84350K .......... .......... .......... .......... .......... 34%  453K 4m10s
 84400K .......... .......... .......... .......... .......... 34%  454K 4m10s
 84450K .......... .......... .......... .......... .......... 34%  390K 4m10s
 84500K .......... .......... .......... .......... .......... 34%  451K 4m10s
 84550K .......... .......... .......... .......... .......... 34%  385K 4m10s
 84600K .......... .......... .......... .......... .......... 34%  448K 4m10s
 84650K .......... .......... .......... .......... .......... 34%  448K 4m10s
 84700K .......... .......... .......... .......... .......... 34%  382K 4m10s
 84750K .......... .......... .......... .......... .......... 34%  442K 4m10s
 84800K .......... .......... .......... .......... .......... 34%  379K 4m10s
 84850K .......... .......... .......... .......... .......... 34%  440K 4m10s
 84900K .......... .......... .......... .......... .......... 34%  440K 4m10s
 84950K .......... .......... .......... .......... .......... 34%  429K 4m10s
 85000K .......... .......... .......... .......... .......... 34%  633K 4m10s
 85050K .......... .......... .......... .......... .......... 34%  546K 4m10s
 85100K .......... .......... .......... .......... .......... 34%  637K 4m10s
 85150K .......... .......... .......... .......... .......... 34%  633K 4m10s
 85200K .......... .......... .......... .......... .......... 34%  541K 4m10s
 85250K .......... .......... .......... .......... .......... 34%  622K 4m9s
 85300K .......... .......... .......... .......... .......... 34%  538K 4m9s
 85350K .......... .......... .......... .......... .......... 34%  623K 4m9s
 85400K .......... .......... .......... .......... .......... 34%  618K 4m9s
 85450K .......... .......... .......... .......... .......... 34%  526K 4m9s
 85500K .......... .......... .......... .......... .......... 34%  610K 4m9s
 85550K .......... .......... .......... .......... .......... 34%  529K 4m9s
 85600K .......... .......... .......... .......... .......... 34%  609K 4m9s
 85650K .......... .......... .......... .......... .......... 34%  607K 4m9s
 85700K .......... .......... .......... .......... .......... 34%  518K 4m9s
 85750K .......... .......... .......... .......... .......... 34%  602K 4m9s
 85800K .......... .......... .......... .......... .......... 34%  513K 4m9s
 85850K .......... .......... .......... .......... .......... 34%  600K 4m9s
 85900K .......... .......... .......... .......... .......... 34%  595K 4m9s
 85950K .......... .......... .......... .......... .......... 34%  508K 4m9s
 86000K .......... .......... .......... .......... .......... 34%  590K 4m9s
 86050K .......... .......... .......... .......... .......... 34%  504K 4m9s
 86100K .......... .......... .......... .......... .......... 34%  541K 4m9s
 86150K .......... .......... .......... .......... .......... 34% 3.81M 4m8s
 86200K .......... .......... .......... .......... .......... 34% 4.23M 4m8s
 86250K .......... .......... .......... .......... .......... 34% 4.82M 4m8s
 86300K .......... .......... .......... .......... .......... 34% 4.51M 4m8s
 86350K .......... .......... .......... .......... .......... 34% 5.01M 4m8s
 86400K .......... .......... .......... .......... .......... 34% 5.14M 4m7s
 86450K .......... .......... .......... .......... .......... 34% 4.24M 4m7s
 86500K .......... .......... .......... .......... .......... 34% 5.80M 4m7s
 86550K .......... .......... .......... .......... .......... 35% 4.39M 4m7s
 86600K .......... .......... .......... .......... .......... 35% 5.07M 4m7s
 86650K .......... .......... .......... .......... .......... 35% 5.48M 4m6s
 86700K .......... .......... .......... .......... .......... 35% 4.70M 4m6s
 86750K .......... .......... .......... .......... .......... 35% 4.96M 4m6s
 86800K .......... .......... .......... .......... .......... 35% 4.39M 4m6s
 86850K .......... .......... .......... .......... .......... 35% 5.72M 4m6s
 86900K .......... .......... .......... .......... .......... 35% 4.48M 4m5s
 86950K .......... .......... .......... .......... .......... 35% 4.50M 4m5s
 87000K .......... .......... .......... .......... .......... 35% 5.51M 4m5s
 87050K .......... .......... .......... .......... .......... 35% 4.55M 4m5s
 87100K .......... .......... .......... .......... .......... 35% 4.90M 4m5s
 87150K .......... .......... .......... .......... .......... 35% 4.90M 4m4s
 87200K .......... .......... .......... .......... .......... 35% 4.18M 4m4s
 87250K .......... .......... .......... .......... .......... 35% 4.54M 4m4s
 87300K .......... .......... .......... .......... .......... 35% 3.92M 4m4s
 87350K .......... .......... .......... .......... .......... 35% 4.44M 4m4s
 87400K .......... .......... .......... .......... .......... 35% 4.27M 4m3s
 87450K .......... .......... .......... .......... .......... 35% 3.54M 4m3s
 87500K .......... .......... .......... .......... .......... 35% 4.08M 4m3s
 87550K .......... .......... .......... .......... .......... 35% 3.37M 4m3s
 87600K .......... .......... .......... .......... .......... 35% 3.73M 4m3s
 87650K .......... .......... .......... .......... .......... 35% 3.76M 4m2s
 87700K .......... .......... .......... .......... .......... 35% 3.16M 4m2s
 87750K .......... .......... .......... .......... .......... 35% 3.07M 4m2s
 87800K .......... .......... .......... .......... .......... 35% 2.94M 4m2s
 87850K .......... .......... .......... .......... .......... 35% 3.40M 4m2s
 87900K .......... .......... .......... .......... .......... 35% 3.06M 4m1s
 87950K .......... .......... .......... .......... .......... 35% 2.63M 4m1s
 88000K .......... .......... .......... .......... .......... 35% 2.83M 4m1s
 88050K .......... .......... .......... .......... .......... 35% 2.60M 4m1s
 88100K .......... .......... .......... .......... .......... 35% 3.00M 4m1s
 88150K .......... .......... .......... .......... .......... 35% 2.95M 4m1s
 88200K .......... .......... .......... .......... .......... 35% 2.50M 4m0s
 88250K .......... .......... .......... .......... .......... 35% 2.81M 4m0s
 88300K .......... .......... .......... .......... .......... 35% 2.39M 4m0s
 88350K .......... .......... .......... .......... .......... 35% 2.75M 4m0s
 88400K .......... .......... .......... .......... .......... 35% 2.65M 4m0s
 88450K .......... .......... .......... .......... .......... 35% 2.25M 4m0s
 88500K .......... .......... .......... .......... .......... 35% 2.23M 3m59s
 88550K .......... .......... .......... .......... .......... 35% 2.18M 3m59s
 88600K .......... .......... .......... .......... .......... 35% 2.49M 3m59s
 88650K .......... .......... .......... .......... .......... 35% 2.44M 3m59s
 88700K .......... .......... .......... .......... .......... 35% 2.08M 3m59s
 88750K .......... .......... .......... .......... .......... 35% 2.35M 3m58s
 88800K .......... .......... .......... .......... .......... 35% 1.99M 3m58s
 88850K .......... .......... .......... .......... .......... 35% 2.31M 3m58s
 88900K .......... .......... .......... .......... .......... 35% 2.27M 3m58s
 88950K .......... .......... .......... .......... .......... 35% 1.89M 3m58s
 89000K .......... .......... .......... .......... .......... 36% 2.19M 3m58s
 89050K .......... .......... .......... .......... .......... 36% 1.86M 3m57s
 89100K .......... .......... .......... .......... .......... 36% 2.11M 3m57s
 89150K .......... .......... .......... .......... .......... 36% 2.10M 3m57s
 89200K .......... .......... .......... .......... .......... 36% 1.77M 3m57s
 89250K .......... .......... .......... .......... .......... 36% 2.01M 3m57s
 89300K .......... .......... .......... .......... .......... 36% 1.72M 3m57s
 89350K .......... .......... .......... .......... .......... 36% 1.98M 3m57s
 89400K .......... .......... .......... .......... .......... 36% 1.94M 3m56s
 89450K .......... .......... .......... .......... .......... 36% 1.63M 3m56s
 89500K .......... .......... .......... .......... .......... 36% 1.91M 3m56s
 89550K .......... .......... .......... .......... .......... 36% 1.60M 3m56s
 89600K .......... .......... .......... .......... .......... 36% 1.84M 3m56s
 89650K .......... .......... .......... .......... .......... 36% 1.82M 3m56s
 89700K .......... .......... .......... .......... .......... 36% 1.56M 3m55s
 89750K .......... .......... .......... .......... .......... 36% 1.76M 3m55s
 89800K .......... .......... .......... .......... .......... 36% 1.50M 3m55s
 89850K .......... .......... .......... .......... .......... 36% 1.74M 3m55s
 89900K .......... .......... .......... .......... .......... 36% 1.71M 3m55s
 89950K .......... .......... .......... .......... .......... 36% 1.44M 3m55s
 90000K .......... .......... .......... .......... .......... 36% 1.68M 3m54s
 90050K .......... .......... .......... .......... .......... 36% 1.42M 3m54s
 90100K .......... .......... .......... .......... .......... 36% 1.62M 3m54s
 90150K .......... .......... .......... .......... .......... 36% 1.62M 3m54s
 90200K .......... .......... .......... .......... .......... 36% 1.38M 3m54s
 90250K .......... .......... .......... .......... .......... 36% 1.57M 3m54s
 90300K .......... .......... .......... .......... .......... 36% 1.34M 3m54s
 90350K .......... .......... .......... .......... .......... 36% 1.53M 3m53s
 90400K .......... .......... .......... .......... .......... 36% 1.53M 3m53s
 90450K .......... .......... .......... .......... .......... 36% 1.29M 3m53s
 90500K .......... .......... .......... .......... .......... 36% 1.47M 3m53s
 90550K .......... .......... .......... .......... .......... 36% 1.27M 3m53s
 90600K .......... .......... .......... .......... .......... 36% 1.46M 3m53s
 90650K .......... .......... .......... .......... .......... 36% 1.42M 3m53s
 90700K .......... .......... .......... .......... .......... 36% 1.24M 3m52s
 90750K .......... .......... .......... .......... .......... 36% 1.41M 3m52s
 90800K .......... .......... .......... .......... .......... 36% 1.20M 3m52s
 90850K .......... .......... .......... .......... .......... 36% 1.39M 3m52s
 90900K .......... .......... .......... .......... .......... 36% 1.38M 3m52s
 90950K .......... .......... .......... .......... .......... 36% 1.17M 3m52s
 91000K .......... .......... .......... .......... .......... 36% 1.36M 3m52s
 91050K .......... .......... .......... .......... .......... 36% 1.15M 3m52s
 91100K .......... .......... .......... .......... .......... 36% 1.32M 3m51s
 91150K .......... .......... .......... .......... .......... 36% 1.32M 3m51s
 91200K .......... .......... .......... .......... .......... 36% 1.12M 3m51s
 91250K .......... .......... .......... .......... .......... 36% 1.29M 3m51s
 91300K .......... .......... .......... .......... .......... 36% 1.10M 3m51s
 91350K .......... .......... .......... .......... .......... 36% 1.28M 3m51s
 91400K .......... .......... .......... .......... .......... 36% 1.26M 3m51s
 91450K .......... .......... .......... .......... .......... 36% 1.07M 3m50s
 91500K .......... .......... .......... .......... .......... 37% 1.24M 3m50s
 91550K .......... .......... .......... .......... .......... 37% 1.06M 3m50s
 91600K .......... .......... .......... .......... .......... 37% 1.21M 3m50s
 91650K .......... .......... .......... .......... .......... 37% 1.21M 3m50s
 91700K .......... .......... .......... .......... .......... 37% 1.03M 3m50s
 91750K .......... .......... .......... .......... .......... 37% 1.18M 3m50s
 91800K .......... .......... .......... .......... .......... 37% 1.01M 3m50s
 91850K .......... .......... .......... .......... .......... 37% 1.16M 3m49s
 91900K .......... .......... .......... .......... .......... 37% 1.16M 3m49s
 91950K .......... .......... .......... .......... .......... 37% 1006K 3m49s
 92000K .......... .......... .......... .......... .......... 37% 1.14M 3m49s
 92050K .......... .......... .......... .......... .......... 37%  994K 3m49s
 92100K .......... .......... .......... .......... .......... 37% 1.11M 3m49s
 92150K .......... .......... .......... .......... .......... 37% 1.11M 3m49s
 92200K .......... .......... .......... .......... .......... 37%  973K 3m49s
 92250K .......... .......... .......... .......... .......... 37% 1.09M 3m48s
 92300K .......... .......... .......... .......... .......... 37%  951K 3m48s
 92350K .......... .......... .......... .......... .......... 37% 1.07M 3m48s
 92400K .......... .......... .......... .......... .......... 37% 1.06M 3m48s
 92450K .......... .......... .......... .......... .......... 37%  936K 3m48s
 92500K .......... .......... .......... .......... .......... 37% 1.05M 3m48s
 92550K .......... .......... .......... .......... .......... 37%  925K 3m48s
 92600K .......... .......... .......... .......... .......... 37% 1.05M 3m48s
 92650K .......... .......... .......... .......... .......... 37% 1.04M 3m48s
 92700K .......... .......... .......... .......... .......... 37%  904K 3m47s
 92750K .......... .......... .......... .......... .......... 37% 1.01M 3m47s
 92800K .......... .......... .......... .......... .......... 37%  159K 3m48s
 92850K .......... .......... .......... .......... .......... 37% 2.03M 3m48s
 92900K .......... .......... .......... .......... .......... 37% 1.94M 3m47s
 92950K .......... .......... .......... .......... .......... 37% 1.87M 3m47s
 93000K .......... .......... .......... .......... .......... 37%  824K 3m47s
 93050K .......... .......... .......... .......... .......... 37%  882K 3m47s
 93100K .......... .......... .......... .......... .......... 37% 1.20M 3m47s
 93150K .......... .......... .......... .......... .......... 37% 3.41M 3m47s
 93200K .......... .......... .......... .......... .......... 37%  520K 3m47s
 93250K .......... .......... .......... .......... .......... 37%  355K 3m47s
 93300K .......... .......... .......... .......... .......... 37%  346K 3m47s
 93350K .......... .......... .......... .......... .......... 37%  600K 3m47s
 93400K .......... .......... .......... .......... .......... 37% 3.04M 3m47s
 93450K .......... .......... .......... .......... .......... 37% 2.53M 3m46s
 93500K .......... .......... .......... .......... .......... 37%  834K 3m46s
 93550K .......... .......... .......... .......... .......... 37%  610K 3m46s
 93600K .......... .......... .......... .......... .......... 37% 1007K 3m46s
 93650K .......... .......... .......... .......... .......... 37% 2.81M 3m46s
 93700K .......... .......... .......... .......... .......... 37% 2.13M 3m46s
 93750K .......... .......... .......... .......... .......... 37%  531K 3m46s
 93800K .......... .......... .......... .......... .......... 37% 2.03M 3m46s
 93850K .......... .......... .......... .......... .......... 37% 2.06M 3m45s
 93900K .......... .......... .......... .......... .......... 37% 1.55M 3m45s
 93950K .......... .......... .......... .......... .......... 38% 1.17M 3m45s
 94000K .......... .......... .......... .......... .......... 38% 1.52M 3m45s
 94050K .......... .......... .......... .......... .......... 38% 1.15M 3m45s
 94100K .......... .......... .......... .......... .......... 38% 1.31M 3m45s
 94150K .......... .......... .......... .......... .......... 38% 2.31M 3m45s
 94200K .......... .......... .......... .......... .......... 38% 1.95M 3m44s
 94250K .......... .......... .......... .......... .......... 38% 2.20M 3m44s
 94300K .......... .......... .......... .......... .......... 38% 1.88M 3m44s
 94350K .......... .......... .......... .......... .......... 38% 1.34M 3m44s
 94400K .......... .......... .......... .......... .......... 38% 2.18M 3m44s
 94450K .......... .......... .......... .......... .......... 38% 1.76M 3m44s
 94500K .......... .......... .......... .......... .......... 38% 2.07M 3m44s
 94550K .......... .......... .......... .......... .......... 38% 1.74M 3m43s
 94600K .......... .......... .......... .......... .......... 38% 1.99M 3m43s
 94650K .......... .......... .......... .......... .......... 38% 1.99M 3m43s
 94700K .......... .......... .......... .......... .......... 38% 1.68M 3m43s
 94750K .......... .......... .......... .......... .......... 38% 1.91M 3m43s
 94800K .......... .......... .......... .......... .......... 38% 1.63M 3m43s
 94850K .......... .......... .......... .......... .......... 38% 1.89M 3m43s
 94900K .......... .......... .......... .......... .......... 38% 1.85M 3m42s
 94950K .......... .......... .......... .......... .......... 38% 1.57M 3m42s
 95000K .......... .......... .......... .......... .......... 38% 1.82M 3m42s
 95050K .......... .......... .......... .......... .......... 38% 1.52M 3m42s
 95100K .......... .......... .......... .......... .......... 38% 1.76M 3m42s
 95150K .......... .......... .......... .......... .......... 38% 1.75M 3m42s
 95200K .......... .......... .......... .......... .......... 38% 1.48M 3m42s
 95250K .......... .......... .......... .......... .......... 38% 1.69M 3m41s
 95300K .......... .......... .......... .......... .......... 38% 1.43M 3m41s
 95350K .......... .......... .......... .......... .......... 38% 1.67M 3m41s
 95400K .......... .......... .......... .......... .......... 38% 1.63M 3m41s
 95450K .......... .......... .......... .......... .......... 38% 1.35M 3m41s
 95500K .......... .......... .......... .......... .......... 38% 1.62M 3m41s
 95550K .......... .......... .......... .......... .......... 38% 1.36M 3m41s
 95600K .......... .......... .......... .......... .......... 38% 1.57M 3m40s
 95650K .......... .......... .......... .......... .......... 38% 1.55M 3m40s
 95700K .......... .......... .......... .......... .......... 38% 1.32M 3m40s
 95750K .......... .......... .......... .......... .......... 38% 1.51M 3m40s
 95800K .......... .......... .......... .......... .......... 38% 1.27M 3m40s
 95850K .......... .......... .......... .......... .......... 38% 1.49M 3m40s
 95900K .......... .......... .......... .......... .......... 38% 1.47M 3m40s
 95950K .......... .......... .......... .......... .......... 38% 1.25M 3m40s
 96000K .......... .......... .......... .......... .......... 38% 1.45M 3m39s
 96050K .......... .......... .......... .......... .......... 38% 1.22M 3m39s
 96100K .......... .......... .......... .......... .......... 38% 1.41M 3m39s
 96150K .......... .......... .......... .......... .......... 38% 1.41M 3m39s
 96200K .......... .......... .......... .......... .......... 38% 1.18M 3m39s
 96250K .......... .......... .......... .......... .......... 38% 1.38M 3m39s
 96300K .......... .......... .......... .......... .......... 38% 1.17M 3m39s
 96350K .......... .......... .......... .......... .......... 38% 1.35M 3m38s
 96400K .......... .......... .......... .......... .......... 38% 1.33M 3m38s
 96450K .......... .......... .......... .......... .......... 39% 1.13M 3m38s
 96500K .......... .......... .......... .......... .......... 39% 1.31M 3m38s
 96550K .......... .......... .......... .......... .......... 39% 1.11M 3m38s
 96600K .......... .......... .......... .......... .......... 39% 1.28M 3m38s
 96650K .......... .......... .......... .......... .......... 39% 1.28M 3m38s
 96700K .......... .......... .......... .......... .......... 39% 1.09M 3m38s
 96750K .......... .......... .......... .......... .......... 39% 1.25M 3m38s
 96800K .......... .......... .......... .......... .......... 39% 1.06M 3m37s
 96850K .......... .......... .......... .......... .......... 39% 1.24M 3m37s
 96900K .......... .......... .......... .......... .......... 39% 1.22M 3m37s
 96950K .......... .......... .......... .......... .......... 39% 1.04M 3m37s
 97000K .......... .......... .......... .......... .......... 39% 1.20M 3m37s
 97050K .......... .......... .......... .......... .......... 39% 1.02M 3m37s
 97100K .......... .......... .......... .......... .......... 39% 1.17M 3m37s
 97150K .......... .......... .......... .......... .......... 39% 1.17M 3m37s
 97200K .......... .......... .......... .......... .......... 39% 1.00M 3m36s
 97250K .......... .......... .......... .......... .......... 39% 1.14M 3m36s
 97300K .......... .......... .......... .......... .......... 39% 1005K 3m36s
 97350K .......... .......... .......... .......... .......... 39% 1.14M 3m36s
 97400K .......... .......... .......... .......... .......... 39% 1.12M 3m36s
 97450K .......... .......... .......... .......... .......... 39% 37.9K 3m38s
 97500K .......... .......... .......... .......... .......... 39% 1.75M 3m38s
 97550K .......... .......... .......... .......... .......... 39% 2.35M 3m38s
 97600K .......... .......... .......... .......... .......... 39% 2.69M 3m37s
 97650K .......... .......... .......... .......... .......... 39% 1.11M 3m37s
 97700K .......... .......... .......... .......... .......... 39% 2.20M 3m37s
 97750K .......... .......... .......... .......... .......... 39% 2.49M 3m37s
 97800K .......... .......... .......... .......... .......... 39% 2.15M 3m37s
 97850K .......... .......... .......... .......... .......... 39% 2.47M 3m37s
 97900K .......... .......... .......... .......... .......... 39%  607K 3m37s
 97950K .......... .......... .......... .......... .......... 39%  501K 3m37s
 98000K .......... .......... .......... .......... .......... 39%  672K 3m37s
 98050K .......... .......... .......... .......... .......... 39%  704K 3m36s
 98100K .......... .......... .......... .......... .......... 39% 1.28M 3m36s
 98150K .......... .......... .......... .......... .......... 39% 2.24M 3m36s
 98200K .......... .......... .......... .......... .......... 39%  597K 3m36s
 98250K .......... .......... .......... .......... .......... 39%  794K 3m36s
 98300K .......... .......... .......... .......... .......... 39%  949K 3m36s
 98350K .......... .......... .......... .......... .......... 39% 2.02M 3m36s
 98400K .......... .......... .......... .......... .......... 39% 45.9K 3m37s
 98450K .......... .......... .......... .......... .......... 39% 1.19M 3m37s
 98500K .......... .......... .......... .......... .......... 39% 3.39M 3m37s
 98550K .......... .......... .......... .......... .......... 39% 2.70M 3m37s
 98600K .......... .......... .......... .......... .......... 39% 3.13M 3m37s
 98650K .......... .......... .......... .......... .......... 39% 3.09M 3m36s
 98700K .......... .......... .......... .......... .......... 39% 2.58M 3m36s
 98750K .......... .......... .......... .......... .......... 39% 2.85M 3m36s
 98800K .......... .......... .......... .......... .......... 39% 2.26M 3m36s
 98850K .......... .......... .......... .......... .......... 39% 2.24M 3m36s
 98900K .......... .......... .......... .......... .......... 40% 2.32M 3m36s
 98950K .......... .......... .......... .......... .......... 40% 1.63M 3m36s
 99000K .......... .......... .......... .......... .......... 40% 2.55M 3m35s
 99050K .......... .......... .......... .......... .......... 40% 1.47M 3m35s
 99100K .......... .......... .......... .......... .......... 40% 1.47M 3m35s
 99150K .......... .......... .......... .......... .......... 40% 1.70M 3m35s
 99200K .......... .......... .......... .......... .......... 40%  923K 3m35s
 99250K .......... .......... .......... .......... .......... 40% 1.30M 3m35s
 99300K .......... .......... .......... .......... .......... 40%  744K 3m35s
 99350K .......... .......... .......... .......... .......... 40%  954K 3m35s
 99400K .......... .......... .......... .......... .......... 40% 1.40M 3m35s
 99450K .......... .......... .......... .......... .......... 40% 1.25M 3m34s
 99500K .......... .......... .......... .......... .......... 40% 2.18M 3m34s
 99550K .......... .......... .......... .......... .......... 40% 1.89M 3m34s
 99600K .......... .......... .......... .......... .......... 40% 2.17M 3m34s
 99650K .......... .......... .......... .......... .......... 40% 2.19M 3m34s
 99700K .......... .......... .......... .......... .......... 40% 1.77M 3m34s
 99750K .......... .......... .......... .......... .......... 40% 2.10M 3m34s
 99800K .......... .......... .......... .......... .......... 40% 1.79M 3m33s
 99850K .......... .......... .......... .......... .......... 40% 2.05M 3m33s
 99900K .......... .......... .......... .......... .......... 40% 2.00M 3m33s
 99950K .......... .......... .......... .......... .......... 40% 1.66M 3m33s
100000K .......... .......... .......... .......... .......... 40% 1.99M 3m33s
100050K .......... .......... .......... .......... .......... 40% 1.62M 3m33s
100100K .......... .......... .......... .......... .......... 40% 1.87M 3m33s
100150K .......... .......... .......... .......... .......... 40% 1.89M 3m32s
100200K .......... .......... .......... .......... .......... 40% 1.59M 3m32s
100250K .......... .......... .......... .......... .......... 40% 1.80M 3m32s
100300K .......... .......... .......... .......... .......... 40% 1.54M 3m32s
100350K .......... .......... .......... .......... .......... 40% 1.77M 3m32s
100400K .......... .......... .......... .......... .......... 40% 1.76M 3m32s
100450K .......... .......... .......... .......... .......... 40% 1022K 3m32s
100500K .......... .......... .......... .......... .......... 40% 1.69M 3m31s
100550K .......... .......... .......... .......... .......... 40% 1.42M 3m31s
100600K .......... .......... .......... .......... .......... 40% 1.61M 3m31s
100650K .......... .......... .......... .......... .......... 40% 1.54M 3m31s
100700K .......... .......... .......... .......... .......... 40% 1.13M 3m31s
100750K .......... .......... .......... .......... .......... 40% 1.08M 3m31s
100800K .......... .......... .......... .......... .......... 40%  722K 3m31s
100850K .......... .......... .......... .......... .......... 40% 1.62M 3m31s
100900K .......... .......... .......... .......... .......... 40% 1.11M 3m31s
100950K .......... .......... .......... .......... .......... 40%  998K 3m30s
101000K .......... .......... .......... .......... .......... 40% 1.20M 3m30s
101050K .......... .......... .......... .......... .......... 40%  934K 3m30s
101100K .......... .......... .......... .......... .......... 40% 1016K 3m30s
101150K .......... .......... .......... .......... .......... 40% 1.27M 3m30s
101200K .......... .......... .......... .......... .......... 40% 1.25M 3m30s
101250K .......... .......... .......... .......... .......... 40% 1.45M 3m30s
101300K .......... .......... .......... .......... .......... 40% 1.22M 3m30s
101350K .......... .......... .......... .......... .......... 40% 1.41M 3m30s
101400K .......... .......... .......... .......... .......... 41% 1.40M 3m29s
101450K .......... .......... .......... .......... .......... 41%  102K 3m30s
101500K .......... .......... .......... .......... .......... 41% 1.88M 3m30s
101550K .......... .......... .......... .......... .......... 41% 1.60M 3m30s
101600K .......... .......... .......... .......... .......... 41% 1.13M 3m30s
101650K .......... .......... .......... .......... .......... 41% 1.26M 3m29s
101700K .......... .......... .......... .......... .......... 41% 1.59M 3m29s
101750K .......... .......... .......... .......... .......... 41% 1.55M 3m29s
101800K .......... .......... .......... .......... .......... 41% 1004K 3m29s
101850K .......... .......... .......... .......... .......... 41% 1.10M 3m29s
101900K .......... .......... .......... .......... .......... 41% 1.73M 3m29s
101950K .......... .......... .......... .......... .......... 41% 2.07M 3m29s
102000K .......... .......... .......... .......... .......... 41% 2.40M 3m29s
102050K .......... .......... .......... .......... .......... 41% 1.90M 3m28s
102100K .......... .......... .......... .......... .......... 41% 2.34M 3m28s
102150K .......... .......... .......... .......... .......... 41% 2.28M 3m28s
102200K .......... .......... .......... .......... .......... 41% 1.97M 3m28s
102250K .......... .......... .......... .......... .......... 41% 2.19M 3m28s
102300K .......... .......... .......... .......... .......... 41% 1.86M 3m28s
102350K .......... .......... .......... .......... .......... 41% 2.16M 3m28s
102400K .......... .......... .......... .......... .......... 41% 2.07M 3m27s
102450K .......... .......... .......... .......... .......... 41% 1.77M 3m27s
102500K .......... .......... .......... .......... .......... 41% 2.08M 3m27s
102550K .......... .......... .......... .......... .......... 41% 1.72M 3m27s
102600K .......... .......... .......... .......... .......... 41% 1.99M 3m27s
102650K .......... .......... .......... .......... .......... 41% 1.94M 3m27s
102700K .......... .......... .......... .......... .......... 41% 1.66M 3m27s
102750K .......... .......... .......... .......... .......... 41% 1.87M 3m26s
102800K .......... .......... .......... .......... .......... 41% 1.62M 3m26s
102850K .......... .......... .......... .......... .......... 41% 1.02M 3m26s
102900K .......... .......... .......... .......... .......... 41%  681K 3m26s
102950K .......... .......... .......... .......... .......... 41%  727K 3m26s
103000K .......... .......... .......... .......... .......... 41% 1.53M 3m26s
103050K .......... .......... .......... .......... .......... 41%  921K 3m26s
103100K .......... .......... .......... .......... .......... 41% 1.17M 3m26s
103150K .......... .......... .......... .......... .......... 41%  865K 3m26s
103200K .......... .......... .......... .......... .......... 41% 1.43M 3m26s
103250K .......... .......... .......... .......... .......... 41% 1.35M 3m25s
103300K .......... .......... .......... .......... .......... 41% 1.36M 3m25s
103350K .......... .......... .......... .......... .......... 41%  877K 3m25s
103400K .......... .......... .......... .......... .......... 41%  576K 3m25s
103450K .......... .......... .......... .......... .......... 41% 1.02M 3m25s
103500K .......... .......... .......... .......... .......... 41% 1.28M 3m25s
103550K .......... .......... .......... .......... .......... 41%  649K 3m25s
103600K .......... .......... .......... .......... .......... 41%  431K 3m25s
103650K .......... .......... .......... .......... .......... 41%  627K 3m25s
103700K .......... .......... .......... .......... .......... 41%  941K 3m25s
103750K .......... .......... .......... .......... .......... 41%  811K 3m25s
103800K .......... .......... .......... .......... .......... 41%  475K 3m25s
103850K .......... .......... .......... .......... .......... 42%  675K 3m25s
103900K .......... .......... .......... .......... .......... 42% 1.25M 3m24s
103950K .......... .......... .......... .......... .......... 42% 1.16M 3m24s
104000K .......... .......... .......... .......... .......... 42% 1.37M 3m24s
104050K .......... .......... .......... .......... .......... 42%  616K 3m24s
104100K .......... .......... .......... .......... .......... 42% 1.21M 3m24s
104150K .......... .......... .......... .......... .......... 42% 1.47M 3m24s
104200K .......... .......... .......... .......... .......... 42%  698K 3m24s
104250K .......... .......... .......... .......... .......... 42%  704K 3m24s
104300K .......... .......... .......... .......... .......... 42%  545K 3m24s
104350K .......... .......... .......... .......... .......... 42% 1021K 3m24s
104400K .......... .......... .......... .......... .......... 42% 1.22M 3m23s
104450K .......... .......... .......... .......... .......... 42% 1.20M 3m23s
104500K .......... .......... .......... .......... .......... 42% 1.35M 3m23s
104550K .......... .......... .......... .......... .......... 42% 1.14M 3m23s
104600K .......... .......... .......... .......... .......... 42% 1.31M 3m23s
104650K .......... .......... .......... .......... .......... 42% 1.31M 3m23s
104700K .......... .......... .......... .......... .......... 42% 1.11M 3m23s
104750K .......... .......... .......... .......... .......... 42% 1.28M 3m23s
104800K .......... .......... .......... .......... .......... 42% 1.09M 3m23s
104850K .......... .......... .......... .......... .......... 42% 1.26M 3m22s
104900K .......... .......... .......... .......... .......... 42% 1.25M 3m22s
104950K .......... .......... .......... .......... .......... 42% 1.06M 3m22s
105000K .......... .......... .......... .......... .......... 42% 1.23M 3m22s
105050K .......... .......... .......... .......... .......... 42% 1.04M 3m22s
105100K .......... .......... .......... .......... .......... 42% 1.21M 3m22s
105150K .......... .......... .......... .......... .......... 42% 1.20M 3m22s
105200K .......... .......... .......... .......... .......... 42% 1.02M 3m22s
105250K .......... .......... .......... .......... .......... 42% 1.18M 3m22s
105300K .......... .......... .......... .......... .......... 42% 1012K 3m21s
105350K .......... .......... .......... .......... .......... 42% 1.16M 3m21s
105400K .......... .......... .......... .......... .......... 42% 1.15M 3m21s
105450K .......... .......... .......... .......... .......... 42% 1002K 3m21s
105500K .......... .......... .......... .......... .......... 42% 1.14M 3m21s
105550K .......... .......... .......... .......... .......... 42%  974K 3m21s
105600K .......... .......... .......... .......... .......... 42% 1.13M 3m21s
105650K .......... .......... .......... .......... .......... 42% 1.11M 3m21s
105700K .......... .......... .......... .......... .......... 42%  966K 3m21s
105750K .......... .......... .......... .......... .......... 42% 1.09M 3m21s
105800K .......... .......... .......... .......... .......... 42%  950K 3m20s
105850K .......... .......... .......... .......... .......... 42% 1.07M 3m20s
105900K .......... .......... .......... .......... .......... 42% 1.07M 3m20s
105950K .......... .......... .......... .......... .......... 42%  927K 3m20s
106000K .......... .......... .......... .......... .......... 42% 1.05M 3m20s
106050K .......... .......... .......... .......... .......... 42%  917K 3m20s
106100K .......... .......... .......... .......... .......... 42% 1.03M 3m20s
106150K .......... .......... .......... .......... .......... 42% 1.03M 3m20s
106200K .......... .......... .......... .......... .......... 42%  899K 3m20s
106250K .......... .......... .......... .......... .......... 42% 1.01M 3m20s
106300K .......... .......... .......... .......... .......... 42%  883K 3m19s
106350K .......... .......... .......... .......... .......... 43% 1.00M 3m19s
106400K .......... .......... .......... .......... .......... 43% 1008K 3m19s
106450K .......... .......... .......... .......... .......... 43%  871K 3m19s
106500K .......... .......... .......... .......... .......... 43% 1006K 3m19s
106550K .......... .......... .......... .......... .......... 43%  854K 3m19s
106600K .......... .......... .......... .......... .......... 43%  985K 3m19s
106650K .......... .......... .......... .......... .......... 43%  985K 3m19s
106700K .......... .......... .......... .......... .......... 43%  840K 3m19s
106750K .......... .......... .......... .......... .......... 43%  946K 3m19s
106800K .......... .......... .......... .......... .......... 43%  827K 3m19s
106850K .......... .......... .......... .......... .......... 43%  961K 3m18s
106900K .......... .......... .......... .......... .......... 43%  952K 3m18s
106950K .......... .......... .......... .......... .......... 43%  813K 3m18s
107000K .......... .......... .......... .......... .......... 43%  942K 3m18s
107050K .......... .......... .......... .......... .......... 43%  802K 3m18s
107100K .......... .......... .......... .......... .......... 43%  925K 3m18s
107150K .......... .......... .......... .......... .......... 43%  925K 3m18s
107200K .......... .......... .......... .......... .......... 43%  788K 3m18s
107250K .......... .......... .......... .......... .......... 43%  909K 3m18s
107300K .......... .......... .......... .......... .......... 43%  776K 3m18s
107350K .......... .......... .......... .......... .......... 43%  901K 3m18s
107400K .......... .......... .......... .......... .......... 43%  897K 3m17s
107450K .......... .......... .......... .......... .......... 43%  760K 3m17s
107500K .......... .......... .......... .......... .......... 43%  886K 3m17s
107550K .......... .......... .......... .......... .......... 43%  755K 3m17s
107600K .......... .......... .......... .......... .......... 43%  872K 3m17s
107650K .......... .......... .......... .......... .......... 43%  871K 3m17s
107700K .......... .......... .......... .......... .......... 43%  743K 3m17s
107750K .......... .......... .......... .......... .......... 43%  857K 3m17s
107800K .......... .......... .......... .......... .......... 43%  731K 3m17s
107850K .......... .......... .......... .......... .......... 43%  852K 3m17s
107900K .......... .......... .......... .......... .......... 43%  842K 3m17s
107950K .......... .......... .......... .......... .......... 43%  721K 3m17s
108000K .......... .......... .......... .......... .......... 43%  829K 3m16s
108050K .......... .......... .......... .......... .......... 43%  713K 3m16s
108100K .......... .......... .......... .......... .......... 43%  824K 3m16s
108150K .......... .......... .......... .......... .......... 43%  822K 3m16s
108200K .......... .......... .......... .......... .......... 43%  703K 3m16s
108250K .......... .......... .......... .......... .......... 43%  811K 3m16s
108300K .......... .......... .......... .......... .......... 43%  691K 3m16s
108350K .......... .......... .......... .......... .......... 43%  806K 3m16s
108400K .......... .......... .......... .......... .......... 43%  799K 3m16s
108450K .......... .......... .......... .......... .......... 43%  682K 3m16s
108500K .......... .......... .......... .......... .......... 43%  790K 3m16s
108550K .......... .......... .......... .......... .......... 43%  673K 3m16s
108600K .......... .......... .......... .......... .......... 43%  784K 3m16s
108650K .......... .......... .......... .......... .......... 43%  779K 3m16s
108700K .......... .......... .......... .......... .......... 43%  667K 3m15s
108750K .......... .......... .......... .......... .......... 43%  767K 3m15s
108800K .......... .......... .......... .......... .......... 44%  655K 3m15s
108850K .......... .......... .......... .......... .......... 44%  763K 3m15s
108900K .......... .......... .......... .......... .......... 44%  761K 3m15s
108950K .......... .......... .......... .......... .......... 44%  646K 3m15s
109000K .......... .......... .......... .......... .......... 44%  748K 3m15s
109050K .......... .......... .......... .......... .......... 44%  642K 3m15s
109100K .......... .......... .......... .......... .......... 44%  727K 3m15s
109150K .......... .......... .......... .......... .......... 44%  739K 3m15s
109200K .......... .......... .......... .......... .......... 44%  626K 3m15s
109250K .......... .......... .......... .......... .......... 44%  738K 3m15s
109300K .......... .......... .......... .......... .......... 44%  627K 3m15s
109350K .......... .......... .......... .......... .......... 44%  726K 3m15s
109400K .......... .......... .......... .......... .......... 44%  722K 3m14s
109450K .......... .......... .......... .......... .......... 44%  614K 3m14s
109500K .......... .......... .......... .......... .......... 44%  720K 3m14s
109550K .......... .......... .......... .......... .......... 44%  610K 3m14s
109600K .......... .......... .......... .......... .......... 44%  706K 3m14s
109650K .......... .......... .......... .......... .......... 44% 95.8K 3m15s
109700K .......... .......... .......... .......... .......... 44%  580K 3m15s
109750K .......... .......... .......... .......... .......... 44% 2.81M 3m15s
109800K .......... .......... .......... .......... .......... 44%  436K 3m14s
109850K .......... .......... .......... .......... .......... 44%  554K 3m14s
109900K .......... .......... .......... .......... .......... 44%  554K 3m14s
109950K .......... .......... .......... .......... .......... 44%  646K 3m14s
110000K .......... .......... .......... .......... .......... 44% 2.61M 3m14s
110050K .......... .......... .......... .......... .......... 44% 1.36M 3m14s
110100K .......... .......... .......... .......... .......... 44% 2.48M 3m14s
110150K .......... .......... .......... .......... .......... 44% 2.44M 3m14s
110200K .......... .......... .......... .......... .......... 44% 2.11M 3m14s
110250K .......... .......... .......... .......... .......... 44% 2.36M 3m14s
110300K .......... .......... .......... .......... .......... 44% 2.00M 3m13s
110350K .......... .......... .......... .......... .......... 44% 2.34M 3m13s
110400K .......... .......... .......... .......... .......... 44% 2.27M 3m13s
110450K .......... .......... .......... .......... .......... 44% 1.90M 3m13s
110500K .......... .......... .......... .......... .......... 44% 2.24M 3m13s
110550K .......... .......... .......... .......... .......... 44% 1.86M 3m13s
110600K .......... .......... .......... .......... .......... 44% 2.12M 3m13s
110650K .......... .......... .......... .......... .......... 44% 2.12M 3m13s
110700K .......... .......... .......... .......... .......... 44% 1.80M 3m12s
110750K .......... .......... .......... .......... .......... 44%  858K 3m12s
110800K .......... .......... .......... .......... .......... 44%  609K 3m12s
110850K .......... .......... .......... .......... .......... 44%  979K 3m12s
110900K .......... .......... .......... .......... .......... 44%  858K 3m12s
110950K .......... .......... .......... .......... .......... 44%  356K 3m12s
111000K .......... .......... .......... .......... .......... 44%  624K 3m12s
111050K .......... .......... .......... .......... .......... 44%  871K 3m12s
111100K .......... .......... .......... .......... .......... 44%  401K 3m12s
111150K .......... .......... .......... .......... .......... 44% 1.83M 3m12s
111200K .......... .......... .......... .......... .......... 44%  344K 3m12s
111250K .......... .......... .......... .......... .......... 44%  592K 3m12s
111300K .......... .......... .......... .......... .......... 45%  347K 3m12s
111350K .......... .......... .......... .......... .......... 45% 1.12M 3m12s
111400K .......... .......... .......... .......... .......... 45%  529K 3m12s
111450K .......... .......... .......... .......... .......... 45%  440K 3m12s
111500K .......... .......... .......... .......... .......... 45%  454K 3m12s
111550K .......... .......... .......... .......... .......... 45%  488K 3m12s
111600K .......... .......... .......... .......... .......... 45%  634K 3m12s
111650K .......... .......... .......... .......... .......... 45% 1.04M 3m11s
111700K .......... .......... .......... .......... .......... 45% 1.07M 3m11s
111750K .......... .......... .......... .......... .......... 45% 1.50M 3m11s
111800K .......... .......... .......... .......... .......... 45% 1.12M 3m11s
111850K .......... .......... .......... .......... .......... 45% 1.30M 3m11s
111900K .......... .......... .......... .......... .......... 45% 1.54M 3m11s
111950K .......... .......... .......... .......... .......... 45% 1.09M 3m11s
112000K .......... .......... .......... .......... .......... 45% 1.16M 3m11s
112050K .......... .......... .......... .......... .......... 45% 1.32M 3m11s
112100K .......... .......... .......... .......... .......... 45% 1.19M 3m10s
112150K .......... .......... .......... .......... .......... 45% 1.47M 3m10s
112200K .......... .......... .......... .......... .......... 45% 1.14M 3m10s
112250K .......... .......... .......... .......... .......... 45% 1.43M 3m10s
112300K .......... .......... .......... .......... .......... 45% 1.12M 3m10s
112350K .......... .......... .......... .......... .......... 45% 1.42M 3m10s
112400K .......... .......... .......... .......... .......... 45%  505K 3m10s
112450K .......... .......... .......... .......... .......... 45%  763K 3m10s
112500K .......... .......... .......... .......... .......... 45% 1.21M 3m10s
112550K .......... .......... .......... .......... .......... 45%  430K 3m10s
112600K .......... .......... .......... .......... .......... 45% 1.14M 3m10s
112650K .......... .......... .......... .......... .......... 45% 1.14M 3m9s
112700K .......... .......... .......... .......... .......... 45%  429K 3m9s
112750K .......... .......... .......... .......... .......... 45% 1004K 3m9s
112800K .......... .......... .......... .......... .......... 45%  488K 3m9s
112850K .......... .......... .......... .......... .......... 45% 1.18M 3m9s
112900K .......... .......... .......... .......... .......... 45% 1.27M 3m9s
112950K .......... .......... .......... .......... .......... 45% 1.08M 3m9s
113000K .......... .......... .......... .......... .......... 45% 1.25M 3m9s
113050K .......... .......... .......... .......... .......... 45% 1.06M 3m9s
113100K .......... .......... .......... .......... .......... 45% 1.23M 3m9s
113150K .......... .......... .......... .......... .......... 45% 1.22M 3m9s
113200K .......... .......... .......... .......... .......... 45% 1.04M 3m9s
113250K .......... .......... .......... .......... .......... 45% 1.20M 3m8s
113300K .......... .......... .......... .......... .......... 45% 1.02M 3m8s
113350K .......... .......... .......... .......... .......... 45% 1.18M 3m8s
113400K .......... .......... .......... .......... .......... 45% 1.17M 3m8s
113450K .......... .......... .......... .......... .......... 45%  801K 3m8s
113500K .......... .......... .......... .......... .......... 45%  703K 3m8s
113550K .......... .......... .......... .......... .......... 45%  375K 3m8s
113600K .......... .......... .......... .......... .......... 45%  840K 3m8s
113650K .......... .......... .......... .......... .......... 45% 1.13M 3m8s
113700K .......... .......... .......... .......... .......... 45%  627K 3m8s
113750K .......... .......... .......... .......... .......... 46%  784K 3m8s
113800K .......... .......... .......... .......... .......... 46%  890K 3m8s
113850K .......... .......... .......... .......... .......... 46%  477K 3m8s
113900K .......... .......... .......... .......... .......... 46% 1.08M 3m7s
113950K .......... .......... .......... .......... .......... 46%  940K 3m7s
114000K .......... .......... .......... .......... .......... 46% 1.07M 3m7s
114050K .......... .......... .......... .......... .......... 46%  927K 3m7s
114100K .......... .......... .......... .......... .......... 46% 1.05M 3m7s
114150K .......... .......... .......... .......... .......... 46% 1.04M 3m7s
114200K .......... .......... .......... .......... .......... 46%  912K 3m7s
114250K .......... .......... .......... .......... .......... 46% 1.03M 3m7s
114300K .......... .......... .......... .......... .......... 46%  895K 3m7s
114350K .......... .......... .......... .......... .......... 46% 1.01M 3m7s
114400K .......... .......... .......... .......... .......... 46% 1.01M 3m6s
114450K .......... .......... .......... .......... .......... 46%  877K 3m6s
114500K .......... .......... .......... .......... .......... 46% 1018K 3m6s
114550K .......... .......... .......... .......... .......... 46%  867K 3m6s
114600K .......... .......... .......... .......... .......... 46% 1000K 3m6s
114650K .......... .......... .......... .......... .......... 46%  995K 3m6s
114700K .......... .......... .......... .......... .......... 46%  846K 3m6s
114750K .......... .......... .......... .......... .......... 46%  978K 3m6s
114800K .......... .......... .......... .......... .......... 46%  842K 3m6s
114850K .......... .......... .......... .......... .......... 46%  971K 3m6s
114900K .......... .......... .......... .......... .......... 46%  961K 3m6s
114950K .......... .......... .......... .......... .......... 46%  816K 3m6s
115000K .......... .......... .......... .......... .......... 46%  954K 3m5s
115050K .......... .......... .......... .......... .......... 46%  803K 3m5s
115100K .......... .......... .......... .......... .......... 46%  935K 3m5s
115150K .......... .......... .......... .......... .......... 46%  935K 3m5s
115200K .......... .......... .......... .......... .......... 46%  800K 3m5s
115250K .......... .......... .......... .......... .......... 46%  918K 3m5s
115300K .......... .......... .......... .......... .......... 46%  786K 3m5s
115350K .......... .......... .......... .......... .......... 46%  904K 3m5s
115400K .......... .......... .......... .......... .......... 46%  909K 3m5s
115450K .......... .......... .......... .......... .......... 46%  772K 3m5s
115500K .......... .......... .......... .......... .......... 46%  897K 3m5s
115550K .......... .......... .......... .......... .......... 46%  763K 3m4s
115600K .......... .......... .......... .......... .......... 46%  882K 3m4s
115650K .......... .......... .......... .......... .......... 46%  879K 3m4s
115700K .......... .......... .......... .......... .......... 46%  751K 3m4s
115750K .......... .......... .......... .......... .......... 46%  864K 3m4s
115800K .......... .......... .......... .......... .......... 46%  738K 3m4s
115850K .......... .......... .......... .......... .......... 46%  855K 3m4s
115900K .......... .......... .......... .......... .......... 46%  860K 3m4s
115950K .......... .......... .......... .......... .......... 46%  728K 3m4s
116000K .......... .......... .......... .......... .......... 46%  844K 3m4s
116050K .......... .......... .......... .......... .......... 46%  719K 3m4s
116100K .......... .......... .......... .......... .......... 46%  830K 3m4s
116150K .......... .......... .......... .......... .......... 46%  831K 3m4s
116200K .......... .......... .......... .......... .......... 46%  711K 3m3s
116250K .......... .......... .......... .......... .......... 47%  811K 3m3s
116300K .......... .......... .......... .......... .......... 47%  699K 3m3s
116350K .......... .......... .......... .......... .......... 47%  813K 3m3s
116400K .......... .......... .......... .......... .......... 47%  808K 3m3s
116450K .......... .......... .......... .......... .......... 47%  686K 3m3s
116500K .......... .......... .......... .......... .......... 47%  801K 3m3s
116550K .......... .......... .......... .......... .......... 47%  680K 3m3s
116600K .......... .......... .......... .......... .......... 47%  789K 3m3s
116650K .......... .......... .......... .......... .......... 47%  787K 3m3s
116700K .......... .......... .......... .......... .......... 47%  670K 3m3s
116750K .......... .......... .......... .......... .......... 47%  775K 3m3s
116800K .......... .......... .......... .......... .......... 47%  660K 3m3s
116850K .......... .......... .......... .......... .......... 47%  775K 3m3s
116900K .......... .......... .......... .......... .......... 47%  766K 3m2s
116950K .......... .......... .......... .......... .......... 47%  653K 3m2s
117000K .......... .......... .......... .......... .......... 47%  758K 3m2s
117050K .......... .......... .......... .......... .......... 47%  648K 3m2s
117100K .......... .......... .......... .......... .......... 47%  747K 3m2s
117150K .......... .......... .......... .......... .......... 47%  749K 3m2s
117200K .......... .......... .......... .......... .......... 47%  638K 3m2s
117250K .......... .......... .......... .......... .......... 47%  737K 3m2s
117300K .......... .......... .......... .......... .......... 47%  624K 3m2s
117350K .......... .......... .......... .......... .......... 47%  732K 3m2s
117400K .......... .......... .......... .......... .......... 47%  728K 3m2s
117450K .......... .......... .......... .......... .......... 47%  620K 3m2s
117500K .......... .......... .......... .......... .......... 47%  722K 3m2s
117550K .......... .......... .......... .......... .......... 47%  616K 3m2s
117600K .......... .......... .......... .......... .......... 47%  712K 3m2s
117650K .......... .......... .......... .......... .......... 47%  713K 3m1s
117700K .......... .......... .......... .......... .......... 47%  607K 3m1s
117750K .......... .......... .......... .......... .......... 47%  701K 3m1s
117800K .......... .......... .......... .......... .......... 47%  601K 3m1s
117850K .......... .......... .......... .......... .......... 47%  700K 3m1s
117900K .......... .......... .......... .......... .......... 47%  695K 3m1s
117950K .......... .......... .......... .......... .......... 47%  591K 3m1s
118000K .......... .......... .......... .......... .......... 47%  690K 3m1s
118050K .......... .......... .......... .......... .......... 47%  588K 3m1s
118100K .......... .......... .......... .......... .......... 47%  677K 3m1s
118150K .......... .......... .......... .......... .......... 47%  683K 3m1s
118200K .......... .......... .......... .......... .......... 47%  580K 3m1s
118250K .......... .......... .......... .......... .......... 47%  671K 3m1s
118300K .......... .......... .......... .......... .......... 47%  570K 3m1s
118350K .......... .......... .......... .......... .......... 47%  668K 3m1s
118400K .......... .......... .......... .......... .......... 47%  663K 3m1s
118450K .......... .......... .......... .......... .......... 47%  565K 3m0s
118500K .......... .......... .......... .......... .......... 47%  659K 3m0s
118550K .......... .......... .......... .......... .......... 47%  560K 3m0s
118600K .......... .......... .......... .......... .......... 47%  652K 3m0s
118650K .......... .......... .......... .......... .......... 47%  650K 3m0s
118700K .......... .......... .......... .......... .......... 48%  555K 3m0s
118750K .......... .......... .......... .......... .......... 48%  642K 3m0s
118800K .......... .......... .......... .......... .......... 48%  549K 3m0s
118850K .......... .......... .......... .......... .......... 48%  636K 3m0s
118900K .......... .......... .......... .......... .......... 48%  638K 3m0s
118950K .......... .......... .......... .......... .......... 48%  541K 3m0s
119000K .......... .......... .......... .......... .......... 48%  628K 3m0s
119050K .......... .......... .......... .......... .......... 48%  537K 3m0s
119100K .......... .......... .......... .......... .......... 48%  624K 3m0s
119150K .......... .......... .......... .......... .......... 48%  618K 3m0s
119200K .......... .......... .......... .......... .......... 48%  530K 3m0s
119250K .......... .......... .......... .......... .......... 48%  616K 3m0s
119300K .......... .......... .......... .......... .......... 48%  525K 3m0s
119350K .......... .......... .......... .......... .......... 48%  614K 2m59s
119400K .......... .......... .......... .......... .......... 48%  609K 2m59s
119450K .......... .......... .......... .......... .......... 48%  518K 2m59s
119500K .......... .......... .......... .......... .......... 48%  603K 2m59s
119550K .......... .......... .......... .......... .......... 48%  518K 2m59s
119600K .......... .......... .......... .......... .......... 48%  595K 2m59s
119650K .......... .......... .......... .......... .......... 48%  594K 2m59s
119700K .......... .......... .......... .......... .......... 48%  511K 2m59s
119750K .......... .......... .......... .......... .......... 48%  595K 2m59s
119800K .......... .......... .......... .......... .......... 48%  505K 2m59s
119850K .......... .......... .......... .......... .......... 48%  588K 2m59s
119900K .......... .......... .......... .......... .......... 48%  583K 2m59s
119950K .......... .......... .......... .......... .......... 48%  500K 2m59s
120000K .......... .......... .......... .......... .......... 48%  573K 2m59s
120050K .......... .......... .......... .......... .......... 48%  499K 2m59s
120100K .......... .......... .......... .......... .......... 48%  577K 2m59s
120150K .......... .......... .......... .......... .......... 48%  573K 2m59s
120200K .......... .......... .......... .......... .......... 48%  490K 2m59s
120250K .......... .......... .......... .......... .......... 48%  568K 2m59s
120300K .......... .......... .......... .......... .......... 48%  486K 2m59s
120350K .......... .......... .......... .......... .......... 48%  567K 2m59s
120400K .......... .......... .......... .......... .......... 48%  563K 2m58s
120450K .......... .......... .......... .......... .......... 48%  478K 2m58s
120500K .......... .......... .......... .......... .......... 48%  557K 2m58s
120550K .......... .......... .......... .......... .......... 48%  479K 2m58s
120600K .......... .......... .......... .......... .......... 48%  556K 2m58s
120650K .......... .......... .......... .......... .......... 48%  552K 2m58s
120700K .......... .......... .......... .......... .......... 48%  471K 2m58s
120750K .......... .......... .......... .......... .......... 48%  548K 2m58s
120800K .......... .......... .......... .......... .......... 48%  466K 2m58s
120850K .......... .......... .......... .......... .......... 48%  545K 2m58s
120900K .......... .......... .......... .......... .......... 48%  539K 2m58s
120950K .......... .......... .......... .......... .......... 48%  462K 2m58s
121000K .......... .......... .......... .......... .......... 48%  540K 2m58s
121050K .......... .......... .......... .......... .......... 48%  462K 2m58s
121100K .......... .......... .......... .......... .......... 48%  533K 2m58s
121150K .......... .......... .......... .......... .......... 49%  533K 2m58s
121200K .......... .......... .......... .......... .......... 49%  456K 2m58s
121250K .......... .......... .......... .......... .......... 49%  527K 2m58s
121300K .......... .......... .......... .......... .......... 49%  450K 2m58s
121350K .......... .......... .......... .......... .......... 49%  526K 2m58s
121400K .......... .......... .......... .......... .......... 49%  518K 2m58s
121450K .......... .......... .......... .......... .......... 49%  450K 2m58s
121500K .......... .......... .......... .......... .......... 49%  520K 2m58s
121550K .......... .......... .......... .......... .......... 49%  440K 2m58s
121600K .......... .......... .......... .......... .......... 49%  516K 2m58s
121650K .......... .......... .......... .......... .......... 49%  514K 2m57s
121700K .......... .......... .......... .......... .......... 49%  438K 2m57s
121750K .......... .......... .......... .......... .......... 49%  511K 2m57s
121800K .......... .......... .......... .......... .......... 49%  437K 2m57s
121850K .......... .......... .......... .......... .......... 49%  508K 2m57s
121900K .......... .......... .......... .......... .......... 49%  504K 2m57s
121950K .......... .......... .......... .......... .......... 49%  431K 2m57s
122000K .......... .......... .......... .......... .......... 49%  500K 2m57s
122050K .......... .......... .......... .......... .......... 49%  429K 2m57s
122100K .......... .......... .......... .......... .......... 49%  499K 2m57s
122150K .......... .......... .......... .......... .......... 49%  497K 2m57s
122200K .......... .......... .......... .......... .......... 49%  424K 2m57s
122250K .......... .......... .......... .......... .......... 49%  491K 2m57s
122300K .......... .......... .......... .......... .......... 49%  421K 2m57s
122350K .......... .......... .......... .......... .......... 49%  492K 2m57s
122400K .......... .......... .......... .......... .......... 49%  488K 2m57s
122450K .......... .......... .......... .......... .......... 49%  417K 2m57s
122500K .......... .......... .......... .......... .......... 49%  487K 2m57s
122550K .......... .......... .......... .......... .......... 49%  414K 2m57s
122600K .......... .......... .......... .......... .......... 49%  480K 2m57s
122650K .......... .......... .......... .......... .......... 49%  481K 2m57s
122700K .......... .......... .......... .......... .......... 49%  412K 2m57s
122750K .......... .......... .......... .......... .......... 49%  476K 2m57s
122800K .......... .......... .......... .......... .......... 49%  406K 2m57s
122850K .......... .......... .......... .......... .......... 49%  478K 2m57s
122900K .......... .......... .......... .......... .......... 49%  401K 2m57s
122950K .......... .......... .......... .......... .......... 49%  473K 2m57s
123000K .......... .......... .......... .......... .......... 49%  471K 2m57s
123050K .......... .......... .......... .......... .......... 49%  401K 2m57s
123100K .......... .......... .......... .......... .......... 49%  464K 2m57s
123150K .......... .......... .......... .......... .......... 49%  400K 2m57s
123200K .......... .......... .......... .......... .......... 49%  463K 2m56s
123250K .......... .......... .......... .......... .......... 49%  463K 2m56s
123300K .......... .......... .......... .......... .......... 49%  395K 2m56s
123350K .......... .......... .......... .......... .......... 49%  459K 2m56s
123400K .......... .......... .......... .......... .......... 49%  392K 2m56s
123450K .......... .......... .......... .......... .......... 49%  457K 2m56s
123500K .......... .......... .......... .......... .......... 49%  454K 2m56s
123550K .......... .......... .......... .......... .......... 49%  387K 2m56s
123600K .......... .......... .......... .......... .......... 49%  452K 2m56s
123650K .......... .......... .......... .......... .......... 50%  386K 2m56s
123700K .......... .......... .......... .......... .......... 50%  449K 2m56s
123750K .......... .......... .......... .......... .......... 50%  449K 2m56s
123800K .......... .......... .......... .......... .......... 50%  383K 2m56s
123850K .......... .......... .......... .......... .......... 50%  446K 2m56s
123900K .......... .......... .......... .......... .......... 50%  379K 2m56s
123950K .......... .......... .......... .......... .......... 50%  445K 2m56s
124000K .......... .......... .......... .......... .......... 50%  494K 2m56s
124050K .......... .......... .......... .......... .......... 50%  442K 2m56s
124100K .......... .......... .......... .......... .......... 50%  524K 2m56s
124150K .......... .......... .......... .......... .......... 50%  445K 2m56s
124200K .......... .......... .......... .......... .......... 50%  513K 2m56s
124250K .......... .......... .......... .......... .......... 50%  516K 2m56s
124300K .......... .......... .......... .......... .......... 50%  442K 2m56s
124350K .......... .......... .......... .......... .......... 50%  512K 2m56s
124400K .......... .......... .......... .......... .......... 50%  439K 2m56s
124450K .......... .......... .......... .......... .......... 50%  511K 2m56s
124500K .......... .......... .......... .......... .......... 50%  504K 2m56s
124550K .......... .......... .......... .......... .......... 50%  432K 2m56s
124600K .......... .......... .......... .......... .......... 50%  508K 2m56s
124650K .......... .......... .......... .......... .......... 50%  431K 2m56s
124700K .......... .......... .......... .......... .......... 50%  501K 2m56s
124750K .......... .......... .......... .......... .......... 50%  497K 2m56s
124800K .......... .......... .......... .......... .......... 50%  428K 2m55s
124850K .......... .......... .......... .......... .......... 50%  494K 2m55s
124900K .......... .......... .......... .......... .......... 50%  423K 2m55s
124950K .......... .......... .......... .......... .......... 50%  492K 2m55s
125000K .......... .......... .......... .......... .......... 50%  492K 2m55s
125050K .......... .......... .......... .......... .......... 50%  419K 2m55s
125100K .......... .......... .......... .......... .......... 50%  487K 2m55s
125150K .......... .......... .......... .......... .......... 50%  418K 2m55s
125200K .......... .......... .......... .......... .......... 50%  484K 2m55s
125250K .......... .......... .......... .......... .......... 50%  483K 2m55s
125300K .......... .......... .......... .......... .......... 50%  412K 2m55s
125350K .......... .......... .......... .......... .......... 50%  481K 2m55s
125400K .......... .......... .......... .......... .......... 50%  409K 2m55s
125450K .......... .......... .......... .......... .......... 50%  478K 2m55s
125500K .......... .......... .......... .......... .......... 50%  473K 2m55s
125550K .......... .......... .......... .......... .......... 50%  402K 2m55s
125600K .......... .......... .......... .......... .......... 50%  472K 2m55s
125650K .......... .......... .......... .......... .......... 50%  405K 2m55s
125700K .......... .......... .......... .......... .......... 50%  469K 2m55s
125750K .......... .......... .......... .......... .......... 50%  465K 2m55s
125800K .......... .......... .......... .......... .......... 50%  400K 2m55s
125850K .......... .......... .......... .......... .......... 50%  467K 2m55s
125900K .......... .......... .......... .......... .......... 50%  395K 2m55s
125950K .......... .......... .......... .......... .......... 50%  461K 2m55s
126000K .......... .......... .......... .......... .......... 50%  462K 2m55s
126050K .......... .......... .......... .......... .......... 50%  392K 2m55s
126100K .......... .......... .......... .......... .......... 51%  457K 2m55s
126150K .......... .......... .......... .......... .......... 51%  392K 2m55s
126200K .......... .......... .......... .......... .......... 51%  453K 2m55s
126250K .......... .......... .......... .......... .......... 51%  451K 2m55s
126300K .......... .......... .......... .......... .......... 51%  389K 2m55s
126350K .......... .......... .......... .......... .......... 51%  450K 2m54s
126400K .......... .......... .......... .......... .......... 51%  385K 2m54s
126450K .......... .......... .......... .......... .......... 51%  448K 2m54s
126500K .......... .......... .......... .......... .......... 51%  445K 2m54s
126550K .......... .......... .......... .......... .......... 51%  380K 2m54s
126600K .......... .......... .......... .......... .......... 51%  444K 2m54s
126650K .......... .......... .......... .......... .......... 51%  380K 2m54s
126700K .......... .......... .......... .......... .......... 51% 1.06M 2m54s
126750K .......... .......... .......... .......... .......... 51% 3.29M 2m54s
126800K .......... .......... .......... .......... .......... 51% 2.84M 2m54s
126850K .......... .......... .......... .......... .......... 51% 3.23M 2m54s
126900K .......... .......... .......... .......... .......... 51% 2.62M 2m54s
126950K .......... .......... .......... .......... .......... 51% 3.15M 2m54s
127000K .......... .......... .......... .......... .......... 51% 2.99M 2m53s
127050K .......... .......... .......... .......... .......... 51% 2.50M 2m53s
127100K .......... .......... .......... .......... .......... 51% 2.95M 2m53s
127150K .......... .......... .......... .......... .......... 51% 2.55M 2m53s
127200K .......... .......... .......... .......... .......... 51% 2.29M 2m53s
127250K .......... .......... .......... .......... .......... 51% 2.82M 2m53s
127300K .......... .......... .......... .......... .......... 51% 2.41M 2m53s
127350K .......... .......... .......... .......... .......... 51% 2.78M 2m53s
127400K .......... .......... .......... .......... .......... 51% 2.29M 2m53s
127450K .......... .......... .......... .......... .......... 51% 2.48M 2m52s
127500K .......... .......... .......... .......... .......... 51% 2.62M 2m52s
127550K .......... .......... .......... .......... .......... 51% 2.05M 2m52s
127600K .......... .......... .......... .......... .......... 51% 2.51M 2m52s
127650K .......... .......... .......... .......... .......... 51% 1.91M 2m52s
127700K .......... .......... .......... .......... .......... 51% 2.38M 2m52s
127750K .......... .......... .......... .......... .......... 51% 2.39M 2m52s
127800K .......... .......... .......... .......... .......... 51% 2.02M 2m52s
127850K .......... .......... .......... .......... .......... 51% 2.30M 2m51s
127900K .......... .......... .......... .......... .......... 51% 1.94M 2m51s
127950K .......... .......... .......... .......... .......... 51% 2.24M 2m51s
128000K .......... .......... .......... .......... .......... 51% 2.22M 2m51s
128050K .......... .......... .......... .......... .......... 51% 1.85M 2m51s
128100K .......... .......... .......... .......... .......... 51% 2.15M 2m51s
128150K .......... .......... .......... .......... .......... 51% 1.81M 2m51s
128200K .......... .......... .......... .......... .......... 51% 2.06M 2m51s
128250K .......... .......... .......... .......... .......... 51% 2.05M 2m51s
128300K .......... .......... .......... .......... .......... 51% 1.74M 2m50s
128350K .......... .......... .......... .......... .......... 51% 1.97M 2m50s
128400K .......... .......... .......... .......... .......... 51% 1.70M 2m50s
128450K .......... .......... .......... .......... .......... 51% 1.93M 2m50s
128500K .......... .......... .......... .......... .......... 51% 1.93M 2m50s
128550K .......... .......... .......... .......... .......... 51% 1.62M 2m50s
128600K .......... .......... .......... .......... .......... 52% 1.87M 2m50s
128650K .......... .......... .......... .......... .......... 52% 1.59M 2m50s
128700K .......... .......... .......... .......... .......... 52% 1.80M 2m49s
128750K .......... .......... .......... .......... .......... 52% 1.79M 2m49s
128800K .......... .......... .......... .......... .......... 52% 1.53M 2m49s
128850K .......... .......... .......... .......... .......... 52% 1.75M 2m49s
128900K .......... .......... .......... .......... .......... 52% 1.47M 2m49s
128950K .......... .......... .......... .......... .......... 52% 1.71M 2m49s
129000K .......... .......... .......... .......... .......... 52% 1.70M 2m49s
129050K .......... .......... .......... .......... .......... 52% 1.42M 2m49s
129100K .......... .......... .......... .......... .......... 52% 1.64M 2m49s
129150K .......... .......... .......... .......... .......... 52% 1.40M 2m49s
129200K .......... .......... .......... .......... .......... 52% 1.61M 2m48s
129250K .......... .......... .......... .......... .......... 52% 1.59M 2m48s
129300K .......... .......... .......... .......... .......... 52% 1.33M 2m48s
129350K .......... .......... .......... .......... .......... 52% 1.57M 2m48s
129400K .......... .......... .......... .......... .......... 52% 1.32M 2m48s
129450K .......... .......... .......... .......... .......... 52% 1.53M 2m48s
129500K .......... .......... .......... .......... .......... 52% 1.53M 2m48s
129550K .......... .......... .......... .......... .......... 52% 1.27M 2m48s
129600K .......... .......... .......... .......... .......... 52% 1.48M 2m48s
129650K .......... .......... .......... .......... .......... 52% 1.27M 2m47s
129700K .......... .......... .......... .......... .......... 52% 1.44M 2m47s
129750K .......... .......... .......... .......... .......... 52% 1.44M 2m47s
129800K .......... .......... .......... .......... .......... 52% 1.22M 2m47s
129850K .......... .......... .......... .......... .......... 52% 1.41M 2m47s
129900K .......... .......... .......... .......... .......... 52% 1.19M 2m47s
129950K .......... .......... .......... .......... .......... 52% 1.38M 2m47s
130000K .......... .......... .......... .......... .......... 52% 1.35M 2m47s
130050K .......... .......... .......... .......... .......... 52% 1.16M 2m47s
130100K .......... .......... .......... .......... .......... 52% 1.34M 2m47s
130150K .......... .......... .......... .......... .......... 52% 1.15M 2m46s
130200K .......... .......... .......... .......... .......... 52% 1.31M 2m46s
130250K .......... .......... .......... .......... .......... 52% 1.30M 2m46s
130300K .......... .......... .......... .......... .......... 52% 1.11M 2m46s
130350K .......... .......... .......... .......... .......... 52% 1.28M 2m46s
130400K .......... .......... .......... .......... .......... 52% 1.09M 2m46s
130450K .......... .......... .......... .......... .......... 52% 1.26M 2m46s
130500K .......... .......... .......... .......... .......... 52% 1.26M 2m46s
130550K .......... .......... .......... .......... .......... 52% 1.06M 2m46s
130600K .......... .......... .......... .......... .......... 52% 1.23M 2m46s
130650K .......... .......... .......... .......... .......... 52% 1.05M 2m45s
130700K .......... .......... .......... .......... .......... 52% 1.20M 2m45s
130750K .......... .......... .......... .......... .......... 52% 1.19M 2m45s
130800K .......... .......... .......... .......... .......... 52% 1.02M 2m45s
130850K .......... .......... .......... .......... .......... 52% 1.18M 2m45s
130900K .......... .......... .......... .......... .......... 52% 1021K 2m45s
130950K .......... .......... .......... .......... .......... 52% 1.16M 2m45s
131000K .......... .......... .......... .......... .......... 52% 1.16M 2m45s
131050K .......... .......... .......... .......... .......... 53%  996K 2m45s
131100K .......... .......... .......... .......... .......... 53% 1.13M 2m45s
131150K .......... .......... .......... .......... .......... 53%  985K 2m45s
131200K .......... .......... .......... .......... .......... 53% 1.12M 2m44s
131250K .......... .......... .......... .......... .......... 53% 1.11M 2m44s
131300K .......... .......... .......... .......... .......... 53%  960K 2m44s
131350K .......... .......... .......... .......... .......... 53% 1.09M 2m44s
131400K .......... .......... .......... .......... .......... 53%  946K 2m44s
131450K .......... .......... .......... .......... .......... 53% 1.08M 2m44s
131500K .......... .......... .......... .......... .......... 53% 1.07M 2m44s
131550K .......... .......... .......... .......... .......... 53%  925K 2m44s
131600K .......... .......... .......... .......... .......... 53% 1.05M 2m44s
131650K .......... .......... .......... .......... .......... 53%  917K 2m44s
131700K .......... .......... .......... .......... .......... 53% 1.02M 2m44s
131750K .......... .......... .......... .......... .......... 53% 1.03M 2m43s
131800K .......... .......... .......... .......... .......... 53%  900K 2m43s
131850K .......... .......... .......... .......... .......... 53% 1.01M 2m43s
131900K .......... .......... .......... .......... .......... 53%  883K 2m43s
131950K .......... .......... .......... .......... .......... 53% 1017K 2m43s
132000K .......... .......... .......... .......... .......... 53% 1.01M 2m43s
132050K .......... .......... .......... .......... .......... 53%  863K 2m43s
132100K .......... .......... .......... .......... .......... 53% 1006K 2m43s
132150K .......... .......... .......... .......... .......... 53%  857K 2m43s
132200K .......... .......... .......... .......... .......... 53%  985K 2m43s
132250K .......... .......... .......... .......... .......... 53%  984K 2m43s
132300K .......... .......... .......... .......... .......... 53%  840K 2m42s
132350K .......... .......... .......... .......... .......... 53%  973K 2m42s
132400K .......... .......... .......... .......... .......... 53%  824K 2m42s
132450K .......... .......... .......... .......... .......... 53%  961K 2m42s
132500K .......... .......... .......... .......... .......... 53%  954K 2m42s
132550K .......... .......... .......... .......... .......... 53%  810K 2m42s
132600K .......... .......... .......... .......... .......... 53%  940K 2m42s
132650K .......... .......... .......... .......... .......... 53%  803K 2m42s
132700K .......... .......... .......... .......... .......... 53%  926K 2m42s
132750K .......... .......... .......... .......... .......... 53%  923K 2m42s
132800K .......... .......... .......... .......... .......... 53%  786K 2m42s
132850K .......... .......... .......... .......... .......... 53%  912K 2m42s
132900K .......... .......... .......... .......... .......... 53%  774K 2m42s
132950K .......... .......... .......... .......... .......... 53%  903K 2m41s
133000K .......... .......... .......... .......... .......... 53%  897K 2m41s
133050K .......... .......... .......... .......... .......... 53%  747K 2m41s
133100K .......... .......... .......... .......... .......... 53%  883K 2m41s
133150K .......... .......... .......... .......... .......... 53%  754K 2m41s
133200K .......... .......... .......... .......... .......... 53%  871K 2m41s
133250K .......... .......... .......... .......... .......... 53%  868K 2m41s
133300K .......... .......... .......... .......... .......... 53%  740K 2m41s
133350K .......... .......... .......... .......... .......... 53%  857K 2m41s
133400K .......... .......... .......... .......... .......... 53%  730K 2m41s
133450K .......... .......... .......... .......... .......... 53%  850K 2m41s
133500K .......... .......... .......... .......... .......... 53%  841K 2m41s
133550K .......... .......... .......... .......... .......... 54%  717K 2m40s
133600K .......... .......... .......... .......... .......... 54%  836K 2m40s
133650K .......... .......... .......... .......... .......... 54%  710K 2m40s
133700K .......... .......... .......... .......... .......... 54%  821K 2m40s
133750K .......... .......... .......... .......... .......... 54%  822K 2m40s
133800K .......... .......... .......... .......... .......... 54%  700K 2m40s
133850K .......... .......... .......... .......... .......... 54%  810K 2m40s
133900K .......... .......... .......... .......... .......... 54%  690K 2m40s
133950K .......... .......... .......... .......... .......... 54%  804K 2m40s
134000K .......... .......... .......... .......... .......... 54%  799K 2m40s
134050K .......... .......... .......... .......... .......... 54%  679K 2m40s
134100K .......... .......... .......... .......... .......... 54%  790K 2m40s
134150K .......... .......... .......... .......... .......... 54%  673K 2m40s
134200K .......... .......... .......... .......... .......... 54%  770K 2m40s
134250K .......... .......... .......... .......... .......... 54%  778K 2m39s
134300K .......... .......... .......... .......... .......... 54%  662K 2m39s
134350K .......... .......... .......... .......... .......... 54%  771K 2m39s
134400K .......... .......... .......... .......... .......... 54%  654K 2m39s
134450K .......... .......... .......... .......... .......... 54%  763K 2m39s
134500K .......... .......... .......... .......... .......... 54%  750K 2m39s
134550K .......... .......... .......... .......... .......... 54%  650K 2m39s
134600K .......... .......... .......... .......... .......... 54%  749K 2m39s
134650K .......... .......... .......... .......... .......... 54%  640K 2m39s
134700K .......... .......... .......... .......... .......... 54%  739K 2m39s
134750K .......... .......... .......... .......... .......... 54%  739K 2m39s
134800K .......... .......... .......... .......... .......... 54%  626K 2m39s
134850K .......... .......... .......... .......... .......... 54%  733K 2m39s
134900K .......... .......... .......... .......... .......... 54%  625K 2m39s
134950K .......... .......... .......... .......... .......... 54%  724K 2m38s
135000K .......... .......... .......... .......... .......... 54%  721K 2m38s
135050K .......... .......... .......... .......... .......... 54%  612K 2m38s
135100K .......... .......... .......... .......... .......... 54%  713K 2m38s
135150K .......... .......... .......... .......... .......... 54%  609K 2m38s
135200K .......... .......... .......... .......... .......... 54%  692K 2m38s
135250K .......... .......... .......... .......... .......... 54%  706K 2m38s
135300K .......... .......... .......... .......... .......... 54%  520K 2m38s
135350K .......... .......... .......... .......... .......... 54%  696K 2m38s
135400K .......... .......... .......... .......... .......... 54%  589K 2m38s
135450K .......... .......... .......... .......... .......... 54%  688K 2m38s
135500K .......... .......... .......... .......... .......... 54%  691K 2m38s
135550K .......... .......... .......... .......... .......... 54%  582K 2m38s
135600K .......... .......... .......... .......... .......... 54%  679K 2m38s
135650K .......... .......... .......... .......... .......... 54%  583K 2m38s
135700K .......... .......... .......... .......... .......... 54%  671K 2m38s
135750K .......... .......... .......... .......... .......... 54%  669K 2m37s
135800K .......... .......... .......... .......... .......... 54%  574K 2m37s
135850K .......... .......... .......... .......... .......... 54%  660K 2m37s
135900K .......... .......... .......... .......... .......... 54%  569K 2m37s
135950K .......... .......... .......... .......... .......... 54%  659K 2m37s
136000K .......... .......... .......... .......... .......... 55%  655K 2m37s
136050K .......... .......... .......... .......... .......... 55%  559K 2m37s
136100K .......... .......... .......... .......... .......... 55%  647K 2m37s
136150K .......... .......... .......... .......... .......... 55%  550K 2m37s
136200K .......... .......... .......... .......... .......... 55%  646K 2m37s
136250K .......... .......... .......... .......... .......... 55%  639K 2m37s
136300K .......... .......... .......... .......... .......... 55%  549K 2m37s
136350K .......... .......... .......... .......... .......... 55%  635K 2m37s
136400K .......... .......... .......... .......... .......... 55%  543K 2m37s
136450K .......... .......... .......... .......... .......... 55%  625K 2m37s
136500K .......... .......... .......... .......... .......... 55%  633K 2m37s
136550K .......... .......... .......... .......... .......... 55%  536K 2m36s
136600K .......... .......... .......... .......... .......... 55%  622K 2m36s
136650K .......... .......... .......... .......... .......... 55%  532K 2m36s
136700K .......... .......... .......... .......... .......... 55%  615K 2m36s
136750K .......... .......... .......... .......... .......... 55%  614K 2m36s
136800K .......... .......... .......... .......... .......... 55%  525K 2m36s
136850K .......... .......... .......... .......... .......... 55%  610K 2m36s
136900K .......... .......... .......... .......... .......... 55%  513K 2m36s
136950K .......... .......... .......... .......... .......... 55%  606K 2m36s
137000K .......... .......... .......... .......... .......... 55%  602K 2m36s
137050K .......... .......... .......... .......... .......... 55%  514K 2m36s
137100K .......... .......... .......... .......... .......... 55%  599K 2m36s
137150K .......... .......... .......... .......... .......... 55%  511K 2m36s
137200K .......... .......... .......... .......... .......... 55%  590K 2m36s
137250K .......... .......... .......... .......... .......... 55%  590K 2m36s
137300K .......... .......... .......... .......... .......... 55%  501K 2m36s
137350K .......... .......... .......... .......... .......... 55%  588K 2m36s
137400K .......... .......... .......... .......... .......... 55%  498K 2m36s
137450K .......... .......... .......... .......... .......... 55%  584K 2m35s
137500K .......... .......... .......... .......... .......... 55%  579K 2m35s
137550K .......... .......... .......... .......... .......... 55%  492K 2m35s
137600K .......... .......... .......... .......... .......... 55%  573K 2m35s
137650K .......... .......... .......... .......... .......... 55%  488K 2m35s
137700K .......... .......... .......... .......... .......... 55%  570K 2m35s
137750K .......... .......... .......... .......... .......... 55%  567K 2m35s
137800K .......... .......... .......... .......... .......... 55%  482K 2m35s
137850K .......... .......... .......... .......... .......... 55%  560K 2m35s
137900K .......... .......... .......... .......... .......... 55%  480K 2m35s
137950K .......... .......... .......... .......... .......... 55%  559K 2m35s
138000K .......... .......... .......... .......... .......... 55%  560K 2m35s
138050K .......... .......... .......... .......... .......... 55%  474K 2m35s
138100K .......... .......... .......... .......... .......... 55%  551K 2m35s
138150K .......... .......... .......... .......... .......... 55%  470K 2m35s
138200K .......... .......... .......... .......... .......... 55%  551K 2m35s
138250K .......... .......... .......... .......... .......... 55%  546K 2m35s
138300K .......... .......... .......... .......... .......... 55%  465K 2m35s
138350K .......... .......... .......... .......... .......... 55%  545K 2m35s
138400K .......... .......... .......... .......... .......... 55%  462K 2m34s
138450K .......... .......... .......... .......... .......... 55%  539K 2m34s
138500K .......... .......... .......... .......... .......... 56%  537K 2m34s
138550K .......... .......... .......... .......... .......... 56%  454K 2m34s
138600K .......... .......... .......... .......... .......... 56%  536K 2m34s
138650K .......... .......... .......... .......... .......... 56%  454K 2m34s
138700K .......... .......... .......... .......... .......... 56%  525K 2m34s
138750K .......... .......... .......... .......... .......... 56%  529K 2m34s
138800K .......... .......... .......... .......... .......... 56%  452K 2m34s
138850K .......... .......... .......... .......... .......... 56%  521K 2m34s
138900K .......... .......... .......... .......... .......... 56%  446K 2m34s
138950K .......... .......... .......... .......... .......... 56%  522K 2m34s
139000K .......... .......... .......... .......... .......... 56%  519K 2m34s
139050K .......... .......... .......... .......... .......... 56%  441K 2m34s
139100K .......... .......... .......... .......... .......... 56%  514K 2m34s
139150K .......... .......... .......... .......... .......... 56%  440K 2m34s
139200K .......... .......... .......... .......... .......... 56%  507K 2m34s
139250K .......... .......... .......... .......... .......... 56%  507K 2m34s
139300K .......... .......... .......... .......... .......... 56%  434K 2m34s
139350K .......... .......... .......... .......... .......... 56%  506K 2m34s
139400K .......... .......... .......... .......... .......... 56%  431K 2m34s
139450K .......... .......... .......... .......... .......... 56%  501K 2m34s
139500K .......... .......... .......... .......... .......... 56%  424K 2m33s
139550K .......... .......... .......... .......... .......... 56%  429K 2m33s
139600K .......... .......... .......... .......... .......... 56%  497K 2m33s
139650K .......... .......... .......... .......... .......... 56%  424K 2m33s
139700K .......... .......... .......... .......... .......... 56%  495K 2m33s
139750K .......... .......... .......... .......... .......... 56%  492K 2m33s
139800K .......... .......... .......... .......... .......... 56%  420K 2m33s
139850K .......... .......... .......... .......... .......... 56%  486K 2m33s
139900K .......... .......... .......... .......... .......... 56%  417K 2m33s
139950K .......... .......... .......... .......... .......... 56%  484K 2m33s
140000K .......... .......... .......... .......... .......... 56%  484K 2m33s
140050K .......... .......... .......... .......... .......... 56%  413K 2m33s
140100K .......... .......... .......... .......... .......... 56%  480K 2m33s
140150K .......... .......... .......... .......... .......... 56%  411K 2m33s
140200K .......... .......... .......... .......... .......... 56%  477K 2m33s
140250K .......... .......... .......... .......... .......... 56%  474K 2m33s
140300K .......... .......... .......... .......... .......... 56%  408K 2m33s
140350K .......... .......... .......... .......... .......... 56%  474K 2m33s
140400K .......... .......... .......... .......... .......... 56%  404K 2m33s
140450K .......... .......... .......... .......... .......... 56%  467K 2m33s
140500K .......... .......... .......... .......... .......... 56%  469K 2m33s
140550K .......... .......... .......... .......... .......... 56%  402K 2m33s
140600K .......... .......... .......... .......... .......... 56%  462K 2m33s
140650K .......... .......... .......... .......... .......... 56%  397K 2m33s
140700K .......... .......... .......... .......... .......... 56%  461K 2m32s
140750K .......... .......... .......... .......... .......... 56%  461K 2m32s
140800K .......... .......... .......... .......... .......... 56%  394K 2m32s
140850K .......... .......... .......... .......... .......... 56%  457K 2m32s
140900K .......... .......... .......... .......... .......... 56%  392K 2m32s
140950K .......... .......... .......... .......... .......... 57%  456K 2m32s
141000K .......... .......... .......... .......... .......... 57%  453K 2m32s
141050K .......... .......... .......... .......... .......... 57%  388K 2m32s
141100K .......... .......... .......... .......... .......... 57%  448K 2m32s
141150K .......... .......... .......... .......... .......... 57%  386K 2m32s
141200K .......... .......... .......... .......... .......... 57%  450K 2m32s
141250K .......... .......... .......... .......... .......... 57%  442K 2m32s
141300K .......... .......... .......... .......... .......... 57%  382K 2m32s
141350K .......... .......... .......... .......... .......... 57%  447K 2m32s
141400K .......... .......... .......... .......... .......... 57%  378K 2m32s
141450K .......... .......... .......... .......... .......... 57%  442K 2m32s
141500K .......... .......... .......... .......... .......... 57%  450K 2m32s
141550K .......... .......... .......... .......... .......... 57% 3.01M 2m32s
141600K .......... .......... .......... .......... .......... 57% 3.43M 2m32s
141650K .......... .......... .......... .......... .......... 57% 2.81M 2m32s
141700K .......... .......... .......... .......... .......... 57% 3.19M 2m31s
141750K .......... .......... .......... .......... .......... 57% 3.15M 2m31s
141800K .......... .......... .......... .......... .......... 57% 2.68M 2m31s
141850K .......... .......... .......... .......... .......... 57% 2.98M 2m31s
141900K .......... .......... .......... .......... .......... 57% 2.52M 2m31s
141950K .......... .......... .......... .......... .......... 57% 2.92M 2m31s
142000K .......... .......... .......... .......... .......... 57% 2.81M 2m31s
142050K .......... .......... .......... .......... .......... 57% 2.45M 2m31s
142100K .......... .......... .......... .......... .......... 57% 2.85M 2m31s
142150K .......... .......... .......... .......... .......... 57% 2.39M 2m30s
142200K .......... .......... .......... .......... .......... 57% 2.70M 2m30s
142250K .......... .......... .......... .......... .......... 57% 2.68M 2m30s
142300K .......... .......... .......... .......... .......... 57% 2.27M 2m30s
142350K .......... .......... .......... .......... .......... 57% 2.59M 2m30s
142400K .......... .......... .......... .......... .......... 57% 2.15M 2m30s
142450K .......... .......... .......... .......... .......... 57% 2.50M 2m30s
142500K .......... .......... .......... .......... .......... 57% 2.49M 2m30s
142550K .......... .......... .......... .......... .......... 57% 2.04M 2m30s
142600K .......... .......... .......... .......... .......... 57% 2.38M 2m29s
142650K .......... .......... .......... .......... .......... 57% 2.01M 2m29s
142700K .......... .......... .......... .......... .......... 57% 2.27M 2m29s
142750K .......... .......... .......... .......... .......... 57% 2.27M 2m29s
142800K .......... .......... .......... .......... .......... 57% 1.91M 2m29s
142850K .......... .......... .......... .......... .......... 57% 2.19M 2m29s
142900K .......... .......... .......... .......... .......... 57% 1.84M 2m29s
142950K .......... .......... .......... .......... .......... 57% 2.14M 2m29s
143000K .......... .......... .......... .......... .......... 57% 2.11M 2m29s
143050K .......... .......... .......... .......... .......... 57% 1.72M 2m29s
143100K .......... .......... .......... .......... .......... 57% 1.98M 2m28s
143150K .......... .......... .......... .......... .......... 57% 1.72M 2m28s
143200K .......... .......... .......... .......... .......... 57% 1.97M 2m28s
143250K .......... .......... .......... .......... .......... 57% 1.96M 2m28s
143300K .......... .......... .......... .......... .......... 57% 1.66M 2m28s
143350K .......... .......... .......... .......... .......... 57% 1.91M 2m28s
143400K .......... .......... .......... .......... .......... 57% 1.60M 2m28s
143450K .......... .......... .......... .......... .......... 58% 1.77M 2m28s
143500K .......... .......... .......... .......... .......... 58% 1.84M 2m28s
143550K .......... .......... .......... .......... .......... 58% 1.54M 2m27s
143600K .......... .......... .......... .......... .......... 58% 1.77M 2m27s
143650K .......... .......... .......... .......... .......... 58% 1.51M 2m27s
143700K .......... .......... .......... .......... .......... 58% 1.73M 2m27s
143750K .......... .......... .......... .......... .......... 58% 1.71M 2m27s
143800K .......... .......... .......... .......... .......... 58% 1.47M 2m27s
143850K .......... .......... .......... .......... .......... 58% 1.68M 2m27s
143900K .......... .......... .......... .......... .......... 58% 1.41M 2m27s
143950K .......... .......... .......... .......... .......... 58% 1.65M 2m27s
144000K .......... .......... .......... .......... .......... 58% 1.64M 2m27s
144050K .......... .......... .......... .......... .......... 58% 1.37M 2m26s
144100K .......... .......... .......... .......... .......... 58% 1.59M 2m26s
144150K .......... .......... .......... .......... .......... 58% 1.35M 2m26s
144200K .......... .......... .......... .......... .......... 58% 1.54M 2m26s
144250K .......... .......... .......... .......... .......... 58% 1.54M 2m26s
144300K .......... .......... .......... .......... .......... 58% 1.31M 2m26s
144350K .......... .......... .......... .......... .......... 58% 1.50M 2m26s
144400K .......... .......... .......... .......... .......... 58% 1.28M 2m26s
144450K .......... .......... .......... .......... .......... 58% 1.48M 2m26s
144500K .......... .......... .......... .......... .......... 58% 1.46M 2m26s
144550K .......... .......... .......... .......... .......... 58% 1.23M 2m26s
144600K .......... .......... .......... .......... .......... 58% 1.43M 2m25s
144650K .......... .......... .......... .......... .......... 58% 1.22M 2m25s
144700K .......... .......... .......... .......... .......... 58% 1.39M 2m25s
144750K .......... .......... .......... .......... .......... 58% 1.39M 2m25s
144800K .......... .......... .......... .......... .......... 58% 1.18M 2m25s
144850K .......... .......... .......... .......... .......... 58% 1.36M 2m25s
144900K .......... .......... .......... .......... .......... 58% 1.15M 2m25s
144950K .......... .......... .......... .......... .......... 58% 1.34M 2m25s
145000K .......... .......... .......... .......... .......... 58% 1.33M 2m25s
145050K .......... .......... .......... .......... .......... 58% 1.12M 2m25s
145100K .......... .......... .......... .......... .......... 58% 1.30M 2m24s
145150K .......... .......... .......... .......... .......... 58% 1.11M 2m24s
145200K .......... .......... .......... .......... .......... 58% 1.27M 2m24s
145250K .......... .......... .......... .......... .......... 58% 1.26M 2m24s
145300K .......... .......... .......... .......... .......... 58% 1.08M 2m24s
145350K .......... .......... .......... .......... .......... 58% 1.24M 2m24s
145400K .......... .......... .......... .......... .......... 58% 1.06M 2m24s
145450K .......... .......... .......... .......... .......... 58% 1.22M 2m24s
145500K .......... .......... .......... .......... .......... 58% 1.20M 2m24s
145550K .......... .......... .......... .......... .......... 58% 1.03M 2m24s
145600K .......... .......... .......... .......... .......... 58% 1.19M 2m24s
145650K .......... .......... .......... .......... .......... 58% 1.01M 2m23s
145700K .......... .......... .......... .......... .......... 58% 1.17M 2m23s
145750K .......... .......... .......... .......... .......... 58% 1.17M 2m23s
145800K .......... .......... .......... .......... .......... 58% 1017K 2m23s
145850K .......... .......... .......... .......... .......... 58% 1.15M 2m23s
145900K .......... .......... .......... .......... .......... 59%  995K 2m23s
145950K .......... .......... .......... .......... .......... 59% 1.13M 2m23s
146000K .......... .......... .......... .......... .......... 59% 1.12M 2m23s
146050K .......... .......... .......... .......... .......... 59%  970K 2m23s
146100K .......... .......... .......... .......... .......... 59% 1.11M 2m23s
146150K .......... .......... .......... .......... .......... 59%  963K 2m23s
146200K .......... .......... .......... .......... .......... 59% 1.08M 2m23s
146250K .......... .......... .......... .......... .......... 59% 1.08M 2m22s
146300K .......... .......... .......... .......... .......... 59%  942K 2m22s
146350K .......... .......... .......... .......... .......... 59% 1.06M 2m22s
146400K .......... .......... .......... .......... .......... 59%  925K 2m22s
146450K .......... .......... .......... .......... .......... 59% 1.05M 2m22s
146500K .......... .......... .......... .......... .......... 59% 1.04M 2m22s
146550K .......... .......... .......... .......... .......... 59%  905K 2m22s
146600K .......... .......... .......... .......... .......... 59% 1.02M 2m22s
146650K .......... .......... .......... .......... .......... 59%  895K 2m22s
146700K .......... .......... .......... .......... .......... 59% 1.01M 2m22s
146750K .......... .......... .......... .......... .......... 59% 1.01M 2m22s
146800K .......... .......... .......... .......... .......... 59%  876K 2m22s
146850K .......... .......... .......... .......... .......... 59% 1014K 2m21s
146900K .......... .......... .......... .......... .......... 59%  861K 2m21s
146950K .......... .......... .......... .......... .......... 59%  999K 2m21s
147000K .......... .......... .......... .......... .......... 59%  994K 2m21s
147050K .......... .......... .......... .......... .......... 59%  832K 2m21s
147100K .......... .......... .......... .......... .......... 59%  982K 2m21s
147150K .......... .......... .......... .......... .......... 59%  837K 2m21s
147200K .......... .......... .......... .......... .......... 59%  963K 2m21s
147250K .......... .......... .......... .......... .......... 59%  959K 2m21s
147300K .......... .......... .......... .......... .......... 59%  821K 2m21s
147350K .......... .......... .......... .......... .......... 59%  948K 2m21s
147400K .......... .......... .......... .......... .......... 59%  807K 2m21s
147450K .......... .......... .......... .......... .......... 59%  938K 2m20s
147500K .......... .......... .......... .......... .......... 59%  933K 2m20s
147550K .......... .......... .......... .......... .......... 59%  789K 2m20s
147600K .......... .......... .......... .......... .......... 59%  919K 2m20s
147650K .......... .......... .......... .......... .......... 59%  785K 2m20s
147700K .......... .......... .......... .......... .......... 59%  896K 2m20s
147750K .......... .......... .......... .......... .......... 59%  898K 2m20s
147800K .......... .......... .......... .......... .......... 59%  769K 2m20s
147850K .......... .......... .......... .......... .......... 59%  890K 2m20s
147900K .......... .......... .......... .......... .......... 59%  758K 2m20s
147950K .......... .......... .......... .......... .......... 59%  880K 2m20s
148000K .......... .......... .......... .......... .......... 59%  874K 2m20s
148050K .......... .......... .......... .......... .......... 59%  743K 2m20s
148100K .......... .......... .......... .......... .......... 59%  864K 2m19s
148150K .......... .......... .......... .......... .......... 59%  737K 2m19s
148200K .......... .......... .......... .......... .......... 59%  854K 2m19s
148250K .......... .......... .......... .......... .......... 59%  849K 2m19s
148300K .......... .......... .......... .......... .......... 59%  708K 2m19s
148350K .......... .......... .......... .......... .......... 59%  806K 2m19s
148400K .......... .......... .......... .......... .......... 60%  706K 2m19s
148450K .......... .......... .......... .......... .......... 60%  830K 2m19s
148500K .......... .......... .......... .......... .......... 60%  828K 2m19s
148550K .......... .......... .......... .......... .......... 60%  701K 2m19s
148600K .......... .......... .......... .......... .......... 60%  814K 2m19s
148650K .......... .......... .......... .......... .......... 60%  698K 2m19s
148700K .......... .......... .......... .......... .......... 60%  804K 2m19s
148750K .......... .......... .......... .......... .......... 60%  803K 2m18s
148800K .......... .......... .......... .......... .......... 60%  686K 2m18s
148850K .......... .......... .......... .......... .......... 60%  793K 2m18s
148900K .......... .......... .......... .......... .......... 60%  675K 2m18s
148950K .......... .......... .......... .......... .......... 60%  788K 2m18s
149000K .......... .......... .......... .......... .......... 60%  781K 2m18s
149050K .......... .......... .......... .......... .......... 60%  664K 2m18s
149100K .......... .......... .......... .......... .......... 60%  774K 2m18s
149150K .......... .......... .......... .......... .......... 60%  659K 2m18s
149200K .......... .......... .......... .......... .......... 60%  764K 2m18s
149250K .......... .......... .......... .......... .......... 60%  760K 2m18s
149300K .......... .......... .......... .......... .......... 60%  650K 2m18s
149350K .......... .......... .......... .......... .......... 60%  753K 2m18s
149400K .......... .......... .......... .......... .......... 60%  637K 2m18s
149450K .......... .......... .......... .......... .......... 60%  747K 2m18s
149500K .......... .......... .......... .......... .......... 60%  622K 2m17s
149550K .......... .......... .......... .......... .......... 60%  572K 2m17s
149600K .......... .......... .......... .......... .......... 60%  734K 2m17s
149650K .......... .......... .......... .......... .......... 60%  626K 2m17s
149700K .......... .......... .......... .......... .......... 60%  725K 2m17s
149750K .......... .......... .......... .......... .......... 60%  720K 2m17s
149800K .......... .......... .......... .......... .......... 60%  621K 2m17s
149850K .......... .......... .......... .......... .......... 60%  712K 2m17s
149900K .......... .......... .......... .......... .......... 60%  613K 2m17s
149950K .......... .......... .......... .......... .......... 60%  712K 2m17s
150000K .......... .......... .......... .......... .......... 60%  706K 2m17s
150050K .......... .......... .......... .......... .......... 60%  599K 2m17s
150100K .......... .......... .......... .......... .......... 60%  702K 2m17s
150150K .......... .......... .......... .......... .......... 60%  599K 2m17s
150200K .......... .......... .......... .......... .......... 60%  691K 2m17s
150250K .......... .......... .......... .......... .......... 60%  689K 2m16s
150300K .......... .......... .......... .......... .......... 60%  589K 2m16s
150350K .......... .......... .......... .......... .......... 60%  682K 2m16s
150400K .......... .......... .......... .......... .......... 60%  576K 2m16s
150450K .......... .......... .......... .......... .......... 60%  679K 2m16s
150500K .......... .......... .......... .......... .......... 60%  668K 2m16s
150550K .......... .......... .......... .......... .......... 60%  579K 2m16s
150600K .......... .......... .......... .......... .......... 60%  668K 2m16s
150650K .......... .......... .......... .......... .......... 60%  571K 2m16s
150700K .......... .......... .......... .......... .......... 60%  661K 2m16s
150750K .......... .......... .......... .......... .......... 60%  660K 2m16s
150800K .......... .......... .......... .......... .......... 60%  562K 2m16s
150850K .......... .......... .......... .......... .......... 61%  654K 2m16s
150900K .......... .......... .......... .......... .......... 61%  556K 2m16s
150950K .......... .......... .......... .......... .......... 61%  649K 2m16s
151000K .......... .......... .......... .......... .......... 61%  646K 2m15s
151050K .......... .......... .......... .......... .......... 61%  549K 2m15s
151100K .......... .......... .......... .......... .......... 61%  639K 2m15s
151150K .......... .......... .......... .......... .......... 61%  547K 2m15s
151200K .......... .......... .......... .......... .......... 61%  631K 2m15s
151250K .......... .......... .......... .......... .......... 61%  629K 2m15s
151300K .......... .......... .......... .......... .......... 61%  536K 2m15s
151350K .......... .......... .......... .......... .......... 61%  627K 2m15s
151400K .......... .......... .......... .......... .......... 61%  532K 2m15s
151450K .......... .......... .......... .......... .......... 61%  618K 2m15s
151500K .......... .......... .......... .......... .......... 61%  621K 2m15s
151550K .......... .......... .......... .......... .......... 61%  526K 2m15s
151600K .......... .......... .......... .......... .......... 61%  610K 2m15s
151650K .......... .......... .......... .......... .......... 61%  525K 2m15s
151700K .......... .......... .......... .......... .......... 61%  606K 2m15s
151750K .......... .......... .......... .......... .......... 61%  607K 2m15s
151800K .......... .......... .......... .......... .......... 61%  513K 2m15s
151850K .......... .......... .......... .......... .......... 61%  598K 2m14s
151900K .......... .......... .......... .......... .......... 61%  513K 2m14s
151950K .......... .......... .......... .......... .......... 61%  597K 2m14s
152000K .......... .......... .......... .......... .......... 61%  594K 2m14s
152050K .......... .......... .......... .......... .......... 61%  505K 2m14s
152100K .......... .......... .......... .......... .......... 61%  583K 2m14s
152150K .......... .......... .......... .......... .......... 61%  504K 2m14s
152200K .......... .......... .......... .......... .......... 61%  580K 2m14s
152250K .......... .......... .......... .......... .......... 61%  577K 2m14s
152300K .......... .......... .......... .......... .......... 61%  501K 2m14s
152350K .......... .......... .......... .......... .......... 61%  578K 2m14s
152400K .......... .......... .......... .......... .......... 61%  490K 2m14s
152450K .......... .......... .......... .......... .......... 61%  575K 2m14s
152500K .......... .......... .......... .......... .......... 61%  571K 2m14s
152550K .......... .......... .......... .......... .......... 61%  484K 2m14s
152600K .......... .......... .......... .......... .......... 61%  564K 2m14s
152650K .......... .......... .......... .......... .......... 61%  485K 2m14s
152700K .......... .......... .......... .......... .......... 61%  560K 2m13s
152750K .......... .......... .......... .......... .......... 61%  561K 2m13s
152800K .......... .......... .......... .......... .......... 61%  477K 2m13s
152850K .......... .......... .......... .......... .......... 61%  555K 2m13s
152900K .......... .......... .......... .......... .......... 61%  471K 2m13s
152950K .......... .......... .......... .......... .......... 61%  551K 2m13s
153000K .......... .......... .......... .......... .......... 61%  550K 2m13s
153050K .......... .......... .......... .......... .......... 61%  467K 2m13s
153100K .......... .......... .......... .......... .......... 61%  544K 2m13s
153150K .......... .......... .......... .......... .......... 61%  466K 2m13s
153200K .......... .......... .......... .......... .......... 61%  536K 2m13s
153250K .......... .......... .......... .......... .......... 61%  539K 2m13s
153300K .......... .......... .......... .......... .......... 61%  461K 2m13s
153350K .......... .......... .......... .......... .......... 62%  533K 2m13s
153400K .......... .......... .......... .......... .......... 62%  457K 2m13s
153450K .......... .......... .......... .......... .......... 62%  534K 2m13s
153500K .......... .......... .......... .......... .......... 62%  530K 2m13s
153550K .......... .......... .......... .......... .......... 62%  452K 2m13s
153600K .......... .......... .......... .......... .......... 62%  522K 2m13s
153650K .......... .......... .......... .......... .......... 62%  450K 2m12s
153700K .......... .......... .......... .......... .......... 62%  520K 2m12s
153750K .......... .......... .......... .......... .......... 62%  520K 2m12s
153800K .......... .......... .......... .......... .......... 62%  445K 2m12s
153850K .......... .......... .......... .......... .......... 62%  516K 2m12s
153900K .......... .......... .......... .......... .......... 62%  440K 2m12s
153950K .......... .......... .......... .......... .......... 62%  511K 2m12s
154000K .......... .......... .......... .......... .......... 62%  511K 2m12s
154050K .......... .......... .......... .......... .......... 62%  435K 2m12s
154100K .......... .......... .......... .......... .......... 62%  511K 2m12s
154150K .......... .......... .......... .......... .......... 62%  434K 2m12s
154200K .......... .......... .......... .......... .......... 62%  503K 2m12s
154250K .......... .......... .......... .......... .......... 62%  500K 2m12s
154300K .......... .......... .......... .......... .......... 62%  430K 2m12s
154350K .......... .......... .......... .......... .......... 62%  495K 2m12s
154400K .......... .......... .......... .......... .......... 62%  426K 2m12s
154450K .......... .......... .......... .......... .......... 62%  496K 2m12s
154500K .......... .......... .......... .......... .......... 62%  490K 2m12s
154550K .......... .......... .......... .......... .......... 62%  420K 2m12s
154600K .......... .......... .......... .......... .......... 62%  493K 2m12s
154650K .......... .......... .......... .......... .......... 62%  419K 2m11s
154700K .......... .......... .......... .......... .......... 62%  489K 2m11s
154750K .......... .......... .......... .......... .......... 62%  483K 2m11s
154800K .......... .......... .......... .......... .......... 62%  417K 2m11s
154850K .......... .......... .......... .......... .......... 62%  483K 2m11s
154900K .......... .......... .......... .......... .......... 62%  412K 2m11s
154950K .......... .......... .......... .......... .......... 62%  478K 2m11s
155000K .......... .......... .......... .......... .......... 62%  480K 2m11s
155050K .......... .......... .......... .......... .......... 62%  405K 2m11s
155100K .......... .......... .......... .......... .......... 62%  475K 2m11s
155150K .......... .......... .......... .......... .......... 62%  403K 2m11s
155200K .......... .......... .......... .......... .......... 62%  473K 2m11s
155250K .......... .......... .......... .......... .......... 62%  468K 2m11s
155300K .......... .......... .......... .......... .......... 62%  403K 2m11s
155350K .......... .......... .......... .......... .......... 62%  466K 2m11s
155400K .......... .......... .......... .......... .......... 62%  401K 2m11s
155450K .......... .......... .......... .......... .......... 62%  465K 2m11s
155500K .......... .......... .......... .......... .......... 62%  460K 2m11s
155550K .......... .......... .......... .......... .......... 62%  396K 2m11s
155600K .......... .......... .......... .......... .......... 62%  460K 2m11s
155650K .......... .......... .......... .......... .......... 62%  393K 2m11s
155700K .......... .......... .......... .......... .......... 62%  450K 2m11s
155750K .......... .......... .......... .......... .......... 62%  458K 2m10s
155800K .......... .......... .......... .......... .......... 63%  389K 2m10s
155850K .......... .......... .......... .......... .......... 63%  453K 2m10s
155900K .......... .......... .......... .......... .......... 63%  383K 2m10s
155950K .......... .......... .......... .......... .......... 63%  451K 2m10s
156000K .......... .......... .......... .......... .......... 63%  451K 2m10s
156050K .......... .......... .......... .......... .......... 63%  383K 2m10s
156100K .......... .......... .......... .......... .......... 63%  445K 2m10s
156150K .......... .......... .......... .......... .......... 63%  383K 2m10s
156200K .......... .......... .......... .......... .......... 63%  443K 2m10s
156250K .......... .......... .......... .......... .......... 63%  441K 2m10s
156300K .......... .......... .......... .......... .......... 63%  376K 2m10s
156350K .......... .......... .......... .......... .......... 63%  659K 2m10s
156400K .......... .......... .......... .......... .......... 63%  998K 2m10s
156450K .......... .......... .......... .......... .......... 63% 1.13M 2m10s
156500K .......... .......... .......... .......... .......... 63% 1.16M 2m10s
156550K .......... .......... .......... .......... .......... 63% 1010K 2m10s
156600K .......... .......... .......... .......... .......... 63% 1.15M 2m9s
156650K .......... .......... .......... .......... .......... 63% 1004K 2m9s
156700K .......... .......... .......... .......... .......... 63% 1.12M 2m9s
156750K .......... .......... .......... .......... .......... 63% 1.12M 2m9s
156800K .......... .......... .......... .......... .......... 63%  979K 2m9s
156850K .......... .......... .......... .......... .......... 63% 1.10M 2m9s
156900K .......... .......... .......... .......... .......... 63%  953K 2m9s
156950K .......... .......... .......... .......... .......... 63% 1.10M 2m9s
157000K .......... .......... .......... .......... .......... 63% 1.08M 2m9s
157050K .......... .......... .......... .......... .......... 63%  937K 2m9s
157100K .......... .......... .......... .......... .......... 63% 1.06M 2m9s
157150K .......... .......... .......... .......... .......... 63%  925K 2m9s
157200K .......... .......... .......... .......... .......... 63% 1.04M 2m8s
157250K .......... .......... .......... .......... .......... 63% 1.04M 2m8s
157300K .......... .......... .......... .......... .......... 63%  906K 2m8s
157350K .......... .......... .......... .......... .......... 63% 1.03M 2m8s
157400K .......... .......... .......... .......... .......... 63%  890K 2m8s
157450K .......... .......... .......... .......... .......... 63% 1.01M 2m8s
157500K .......... .......... .......... .......... .......... 63% 1.01M 2m8s
157550K .......... .......... .......... .......... .......... 63%  870K 2m8s
157600K .......... .......... .......... .......... .......... 63% 1016K 2m8s
157650K .......... .......... .......... .......... .......... 63%  863K 2m8s
157700K .......... .......... .......... .......... .......... 63%  999K 2m8s
157750K .......... .......... .......... .......... .......... 63%  981K 2m8s
157800K .......... .......... .......... .......... .......... 63%  845K 2m7s
157850K .......... .......... .......... .......... .......... 63%  987K 2m7s
157900K .......... .......... .......... .......... .......... 63%  835K 2m7s
157950K .......... .......... .......... .......... .......... 63%  970K 2m7s
158000K .......... .......... .......... .......... .......... 63%  963K 2m7s
158050K .......... .......... .......... .......... .......... 63%  817K 2m7s
158100K .......... .......... .......... .......... .......... 63%  950K 2m7s
158150K .......... .......... .......... .......... .......... 63%  813K 2m7s
158200K .......... .......... .......... .......... .......... 63%  931K 2m7s
158250K .......... .......... .......... .......... .......... 64%  932K 2m7s
158300K .......... .......... .......... .......... .......... 64%  796K 2m7s
158350K .......... .......... .......... .......... .......... 64%  917K 2m7s
158400K .......... .......... .......... .......... .......... 64%  781K 2m7s
158450K .......... .......... .......... .......... .......... 64%  913K 2m6s
158500K .......... .......... .......... .......... .......... 64%  905K 2m6s
158550K .......... .......... .......... .......... .......... 64%  766K 2m6s
158600K .......... .......... .......... .......... .......... 64%  892K 2m6s
158650K .......... .......... .......... .......... .......... 64%  761K 2m6s
158700K .......... .......... .......... .......... .......... 64%  879K 2m6s
158750K .......... .......... .......... .......... .......... 64%  876K 2m6s
158800K .......... .......... .......... .......... .......... 64%  749K 2m6s
158850K .......... .......... .......... .......... .......... 64%  866K 2m6s
158900K .......... .......... .......... .......... .......... 64%  735K 2m6s
158950K .......... .......... .......... .......... .......... 64%  859K 2m6s
159000K .......... .......... .......... .......... .......... 64%  843K 2m6s
159050K .......... .......... .......... .......... .......... 64%  722K 2m6s
159100K .......... .......... .......... .......... .......... 64%  842K 2m5s
159150K .......... .......... .......... .......... .......... 64%  718K 2m5s
159200K .......... .......... .......... .......... .......... 64%  830K 2m5s
159250K .......... .......... .......... .......... .......... 64%  825K 2m5s
159300K .......... .......... .......... .......... .......... 64%  701K 2m5s
159350K .......... .......... .......... .......... .......... 64%  825K 2m5s
159400K .......... .......... .......... .......... .......... 64%  695K 2m5s
159450K .......... .......... .......... .......... .......... 64%  807K 2m5s
159500K .......... .......... .......... .......... .......... 64%  809K 2m5s
159550K .......... .......... .......... .......... .......... 64%  685K 2m5s
159600K .......... .......... .......... .......... .......... 64%  796K 2m5s
159650K .......... .......... .......... .......... .......... 64%  679K 2m5s
159700K .......... .......... .......... .......... .......... 64%  787K 2m5s
159750K .......... .......... .......... .......... .......... 64%  781K 2m4s
159800K .......... .......... .......... .......... .......... 64%  670K 2m4s
159850K .......... .......... .......... .......... .......... 64%  775K 2m4s
159900K .......... .......... .......... .......... .......... 64%  661K 2m4s
159950K .......... .......... .......... .......... .......... 64%  767K 2m4s
160000K .......... .......... .......... .......... .......... 64%  759K 2m4s
160050K .......... .......... .......... .......... .......... 64%  646K 2m4s
160100K .......... .......... .......... .......... .......... 64%  745K 2m4s
160150K .......... .......... .......... .......... .......... 64%  646K 2m4s
160200K .......... .......... .......... .......... .......... 64%  743K 2m4s
160250K .......... .......... .......... .......... .......... 64%  744K 2m4s
160300K .......... .......... .......... .......... .......... 64%  635K 2m4s
160350K .......... .......... .......... .......... .......... 64%  736K 2m4s
160400K .......... .......... .......... .......... .......... 64%  627K 2m4s
160450K .......... .......... .......... .......... .......... 64%  730K 2m3s
160500K .......... .......... .......... .......... .......... 64%  729K 2m3s
160550K .......... .......... .......... .......... .......... 64%  618K 2m3s
160600K .......... .......... .......... .......... .......... 64%  718K 2m3s
160650K .......... .......... .......... .......... .......... 64%  614K 2m3s
160700K .......... .......... .......... .......... .......... 64%  709K 2m3s
160750K .......... .......... .......... .......... .......... 65%  709K 2m3s
160800K .......... .......... .......... .......... .......... 65%  604K 2m3s
160850K .......... .......... .......... .......... .......... 65%  701K 2m3s
160900K .......... .......... .......... .......... .......... 65%  597K 2m3s
160950K .......... .......... .......... .......... .......... 65%  695K 2m3s
161000K .......... .......... .......... .......... .......... 65%  693K 2m3s
161050K .......... .......... .......... .......... .......... 65%  588K 2m3s
161100K .......... .......... .......... .......... .......... 65%  675K 2m3s
161150K .......... .......... .......... .......... .......... 65%  588K 2m3s
161200K .......... .......... .......... .......... .......... 65%  676K 2m2s
161250K .......... .......... .......... .......... .......... 65%  671K 2m2s
161300K .......... .......... .......... .......... .......... 65%  578K 2m2s
161350K .......... .......... .......... .......... .......... 65%  669K 2m2s
161400K .......... .......... .......... .......... .......... 65%  568K 2m2s
161450K .......... .......... .......... .......... .......... 65%  664K 2m2s
161500K .......... .......... .......... .......... .......... 65%  661K 2m2s
161550K .......... .......... .......... .......... .......... 65%  561K 2m2s
161600K .......... .......... .......... .......... .......... 65%  654K 2m2s
161650K .......... .......... .......... .......... .......... 65%  560K 2m2s
161700K .......... .......... .......... .......... .......... 65%  646K 2m2s
161750K .......... .......... .......... .......... .......... 65%  648K 2m2s
161800K .......... .......... .......... .......... .......... 65%  550K 2m2s
161850K .......... .......... .......... .......... .......... 65%  643K 2m2s
161900K .......... .......... .......... .......... .......... 65%  545K 2m2s
161950K .......... .......... .......... .......... .......... 65%  636K 2m1s
162000K .......... .......... .......... .......... .......... 65%  627K 2m1s
162050K .......... .......... .......... .......... .......... 65%  537K 2m1s
162100K .......... .......... .......... .......... .......... 65%  627K 2m1s
162150K .......... .......... .......... .......... .......... 65%  534K 2m1s
162200K .......... .......... .......... .......... .......... 65%  622K 2m1s
162250K .......... .......... .......... .......... .......... 65%  618K 2m1s
162300K .......... .......... .......... .......... .......... 65%  527K 2m1s
162350K .......... .......... .......... .......... .......... 65%  614K 2m1s
162400K .......... .......... .......... .......... .......... 65%  524K 2m1s
162450K .......... .......... .......... .......... .......... 65%  602K 2m1s
162500K .......... .......... .......... .......... .......... 65%  613K 2m1s
162550K .......... .......... .......... .......... .......... 65%  517K 2m1s
162600K .......... .......... .......... .......... .......... 65%  591K 2m1s
162650K .......... .......... .......... .......... .......... 65%  512K 2m1s
162700K .......... .......... .......... .......... .......... 65%  597K 2m1s
162750K .......... .......... .......... .......... .......... 65%  594K 2m0s
162800K .......... .......... .......... .......... .......... 65%  512K 2m0s
162850K .......... .......... .......... .......... .......... 65%  585K 2m0s
162900K .......... .......... .......... .......... .......... 65%  502K 2m0s
162950K .......... .......... .......... .......... .......... 65%  582K 2m0s
163000K .......... .......... .......... .......... .......... 65%  586K 2m0s
163050K .......... .......... .......... .......... .......... 65%  496K 2m0s
163100K .......... .......... .......... .......... .......... 65%  573K 2m0s
163150K .......... .......... .......... .......... .......... 65%  493K 2m0s
163200K .......... .......... .......... .......... .......... 66%  576K 2m0s
163250K .......... .......... .......... .......... .......... 66%  568K 2m0s
163300K .......... .......... .......... .......... .......... 66%  486K 2m0s
163350K .......... .......... .......... .......... .......... 66%  567K 2m0s
163400K .......... .......... .......... .......... .......... 66%  486K 2m0s
163450K .......... .......... .......... .......... .......... 66%  562K 2m0s
163500K .......... .......... .......... .......... .......... 66%  561K 2m0s
163550K .......... .......... .......... .......... .......... 66%  478K 2m0s
163600K .......... .......... .......... .......... .......... 66%  556K 1m59s
163650K .......... .......... .......... .......... .......... 66%  472K 1m59s
163700K .......... .......... .......... .......... .......... 66%  549K 1m59s
163750K .......... .......... .......... .......... .......... 66%  551K 1m59s
163800K .......... .......... .......... .......... .......... 66%  470K 1m59s
163850K .......... .......... .......... .......... .......... 66%  542K 1m59s
163900K .......... .......... .......... .......... .......... 66%  467K 1m59s
163950K .......... .......... .......... .......... .......... 66%  543K 1m59s
164000K .......... .......... .......... .......... .......... 66%  539K 1m59s
164050K .......... .......... .......... .......... .......... 66%  458K 1m59s
164100K .......... .......... .......... .......... .......... 66%  533K 1m59s
164150K .......... .......... .......... .......... .......... 66%  458K 1m59s
164200K .......... .......... .......... .......... .......... 66%  532K 1m59s
164250K .......... .......... .......... .......... .......... 66%  529K 1m59s
164300K .......... .......... .......... .......... .......... 66%  452K 1m59s
164350K .......... .......... .......... .......... .......... 66%  528K 1m59s
164400K .......... .......... .......... .......... .......... 66%  436K 1m59s
164450K .......... .......... .......... .......... .......... 66%  522K 1m58s
164500K .......... .......... .......... .......... .......... 66%  523K 1m58s
164550K .......... .......... .......... .......... .......... 66%  445K 1m58s
164600K .......... .......... .......... .......... .......... 66%  518K 1m58s
164650K .......... .......... .......... .......... .......... 66%  440K 1m58s
164700K .......... .......... .......... .......... .......... 66%  513K 1m58s
164750K .......... .......... .......... .......... .......... 66%  513K 1m58s
164800K .......... .......... .......... .......... .......... 66%  437K 1m58s
164850K .......... .......... .......... .......... .......... 66%  508K 1m58s
164900K .......... .......... .......... .......... .......... 66%  434K 1m58s
164950K .......... .......... .......... .......... .......... 66%  505K 1m58s
165000K .......... .......... .......... .......... .......... 66%  499K 1m58s
165050K .......... .......... .......... .......... .......... 66%  431K 1m58s
165100K .......... .......... .......... .......... .......... 66%  487K 1m58s
165150K .......... .......... .......... .......... .......... 66%  417K 1m58s
165200K .......... .......... .......... .......... .......... 66%  494K 1m58s
165250K .......... .......... .......... .......... .......... 66%  496K 1m58s
165300K .......... .......... .......... .......... .......... 66%  421K 1m58s
165350K .......... .......... .......... .......... .......... 66%  490K 1m57s
165400K .......... .......... .......... .......... .......... 66%  419K 1m57s
165450K .......... .......... .......... .......... .......... 66%  490K 1m57s
165500K .......... .......... .......... .......... .......... 66%  486K 1m57s
165550K .......... .......... .......... .......... .......... 66%  413K 1m57s
165600K .......... .......... .......... .......... .......... 66%  482K 1m57s
165650K .......... .......... .......... .......... .......... 66%  413K 1m57s
165700K .......... .......... .......... .......... .......... 67%  478K 1m57s
165750K .......... .......... .......... .......... .......... 67%  479K 1m57s
165800K .......... .......... .......... .......... .......... 67%  408K 1m57s
165850K .......... .......... .......... .......... .......... 67%  473K 1m57s
165900K .......... .......... .......... .......... .......... 67%  405K 1m57s
165950K .......... .......... .......... .......... .......... 67%  473K 1m57s
166000K .......... .......... .......... .......... .......... 67%  472K 1m57s
166050K .......... .......... .......... .......... .......... 67%  402K 1m57s
166100K .......... .......... .......... .......... .......... 67%  467K 1m57s
166150K .......... .......... .......... .......... .......... 67%  400K 1m57s
166200K .......... .......... .......... .......... .......... 67%  464K 1m57s
166250K .......... .......... .......... .......... .......... 67%  462K 1m57s
166300K .......... .......... .......... .......... .......... 67%  395K 1m57s
166350K .......... .......... .......... .......... .......... 67%  460K 1m56s
166400K .......... .......... .......... .......... .......... 67%  390K 1m56s
166450K .......... .......... .......... .......... .......... 67%  458K 1m56s
166500K .......... .......... .......... .......... .......... 67%  454K 1m56s
166550K .......... .......... .......... .......... .......... 67%  389K 1m56s
166600K .......... .......... .......... .......... .......... 67%  454K 1m56s
166650K .......... .......... .......... .......... .......... 67%  385K 1m56s
166700K .......... .......... .......... .......... .......... 67%  451K 1m56s
166750K .......... .......... .......... .......... .......... 67%  449K 1m56s
166800K .......... .......... .......... .......... .......... 67%  383K 1m56s
166850K .......... .......... .......... .......... .......... 67%  445K 1m56s
166900K .......... .......... .......... .......... .......... 67%  382K 1m56s
166950K .......... .......... .......... .......... .......... 67%  440K 1m56s
167000K .......... .......... .......... .......... .......... 67%  443K 1m56s
167050K .......... .......... .......... .......... .......... 67%  376K 1m56s
167100K .......... .......... .......... .......... .......... 67%  440K 1m56s
167150K .......... .......... .......... .......... .......... 67% 1.19M 1m56s
167200K .......... .......... .......... .......... .......... 67% 3.43M 1m56s
167250K .......... .......... .......... .......... .......... 67% 3.29M 1m55s
167300K .......... .......... .......... .......... .......... 67% 2.73M 1m55s
167350K .......... .......... .......... .......... .......... 67% 3.05M 1m55s
167400K .......... .......... .......... .......... .......... 67% 2.66M 1m55s
167450K .......... .......... .......... .......... .......... 67% 2.98M 1m55s
167500K .......... .......... .......... .......... .......... 67% 2.84M 1m55s
167550K .......... .......... .......... .......... .......... 67% 2.50M 1m55s
167600K .......... .......... .......... .......... .......... 67% 2.79M 1m55s
167650K .......... .......... .......... .......... .......... 67% 2.48M 1m55s
167700K .......... .......... .......... .......... .......... 67% 2.79M 1m55s
167750K .......... .......... .......... .......... .......... 67% 2.79M 1m54s
167800K .......... .......... .......... .......... .......... 67% 2.35M 1m54s
167850K .......... .......... .......... .......... .......... 67% 2.67M 1m54s
167900K .......... .......... .......... .......... .......... 67% 2.26M 1m54s
167950K .......... .......... .......... .......... .......... 67% 2.59M 1m54s
168000K .......... .......... .......... .......... .......... 67% 2.53M 1m54s
168050K .......... .......... .......... .......... .......... 67% 2.14M 1m54s
168100K .......... .......... .......... .......... .......... 67% 2.45M 1m54s
168150K .......... .......... .......... .......... .......... 68% 2.02M 1m54s
168200K .......... .......... .......... .......... .......... 68% 2.37M 1m54s
168250K .......... .......... .......... .......... .......... 68% 2.34M 1m53s
168300K .......... .......... .......... .......... .......... 68% 1.97M 1m53s
168350K .......... .......... .......... .......... .......... 68% 2.23M 1m53s
168400K .......... .......... .......... .......... .......... 68% 1.91M 1m53s
168450K .......... .......... .......... .......... .......... 68% 2.20M 1m53s
168500K .......... .......... .......... .......... .......... 68% 2.14M 1m53s
168550K .......... .......... .......... .......... .......... 68% 1.76M 1m53s
168600K .......... .......... .......... .......... .......... 68% 2.10M 1m53s
168650K .......... .......... .......... .......... .......... 68% 1.77M 1m53s
168700K .......... .......... .......... .......... .......... 68% 2.03M 1m53s
168750K .......... .......... .......... .......... .......... 68% 2.01M 1m53s
168800K .......... .......... .......... .......... .......... 68% 1.70M 1m52s
168850K .......... .......... .......... .......... .......... 68% 1.93M 1m52s
168900K .......... .......... .......... .......... .......... 68% 1.66M 1m52s
168950K .......... .......... .......... .......... .......... 68% 1.90M 1m52s
169000K .......... .......... .......... .......... .......... 68% 1.88M 1m52s
169050K .......... .......... .......... .......... .......... 68% 1.58M 1m52s
169100K .......... .......... .......... .......... .......... 68% 1.83M 1m52s
169150K .......... .......... .......... .......... .......... 68% 1.55M 1m52s
169200K .......... .......... .......... .......... .......... 68% 1.78M 1m52s
169250K .......... .......... .......... .......... .......... 68% 1.77M 1m52s
169300K .......... .......... .......... .......... .......... 68% 1.49M 1m52s
169350K .......... .......... .......... .......... .......... 68% 1.71M 1m51s
169400K .......... .......... .......... .......... .......... 68% 1.46M 1m51s
169450K .......... .......... .......... .......... .......... 68% 1.68M 1m51s
169500K .......... .......... .......... .......... .......... 68% 1.66M 1m51s
169550K .......... .......... .......... .......... .......... 68% 1.40M 1m51s
169600K .......... .......... .......... .......... .......... 68% 1.63M 1m51s
169650K .......... .......... .......... .......... .......... 68% 1.37M 1m51s
169700K .......... .......... .......... .......... .......... 68% 1.58M 1m51s
169750K .......... .......... .......... .......... .......... 68% 1.54M 1m51s
169800K .......... .......... .......... .......... .......... 68% 1.33M 1m51s
169850K .......... .......... .......... .......... .......... 68% 1.53M 1m51s
169900K .......... .......... .......... .......... .......... 68% 1.30M 1m50s
169950K .......... .......... .......... .......... .......... 68% 1.51M 1m50s
170000K .......... .......... .......... .......... .......... 68% 1.48M 1m50s
170050K .......... .......... .......... .......... .......... 68% 1.26M 1m50s
170100K .......... .......... .......... .......... .......... 68% 1.46M 1m50s
170150K .......... .......... .......... .......... .......... 68% 1.23M 1m50s
170200K .......... .......... .......... .......... .......... 68% 1.42M 1m50s
170250K .......... .......... .......... .......... .......... 68% 1.42M 1m50s
170300K .......... .......... .......... .......... .......... 68% 1.19M 1m50s
170350K .......... .......... .......... .......... .......... 68% 1.38M 1m50s
170400K .......... .......... .......... .......... .......... 68% 1.18M 1m50s
170450K .......... .......... .......... .......... .......... 68% 1.36M 1m50s
170500K .......... .......... .......... .......... .......... 68% 1.35M 1m49s
170550K .......... .......... .......... .......... .......... 68% 1.15M 1m49s
170600K .......... .......... .......... .......... .......... 68% 1.32M 1m49s
170650K .......... .......... .......... .......... .......... 69% 1.12M 1m49s
170700K .......... .......... .......... .......... .......... 69% 1.29M 1m49s
170750K .......... .......... .......... .......... .......... 69% 1.29M 1m49s
170800K .......... .......... .......... .......... .......... 69% 1.09M 1m49s
170850K .......... .......... .......... .......... .......... 69% 1.26M 1m49s
170900K .......... .......... .......... .......... .......... 69% 1.08M 1m49s
170950K .......... .......... .......... .......... .......... 69% 1.25M 1m49s
171000K .......... .......... .......... .......... .......... 69% 1.23M 1m49s
171050K .......... .......... .......... .......... .......... 69% 1.05M 1m49s
171100K .......... .......... .......... .......... .......... 69% 1.22M 1m48s
171150K .......... .......... .......... .......... .......... 69% 1.03M 1m48s
171200K .......... .......... .......... .......... .......... 69% 1.18M 1m48s
171250K .......... .......... .......... .......... .......... 69% 1.18M 1m48s
171300K .......... .......... .......... .......... .......... 69% 1.00M 1m48s
171350K .......... .......... .......... .......... .......... 69% 1.16M 1m48s
171400K .......... .......... .......... .......... .......... 69% 1014K 1m48s
171450K .......... .......... .......... .......... .......... 69% 1.15M 1m48s
171500K .......... .......... .......... .......... .......... 69% 1.13M 1m48s
171550K .......... .......... .......... .......... .......... 69%  987K 1m48s
171600K .......... .......... .......... .......... .......... 69% 1.08M 1m48s
171650K .......... .......... .......... .......... .......... 69%  972K 1m48s
171700K .......... .......... .......... .......... .......... 69% 1.09M 1m47s
171750K .......... .......... .......... .......... .......... 69% 1.09M 1m47s
171800K .......... .......... .......... .......... .......... 69%  949K 1m47s
171850K .......... .......... .......... .......... .......... 69% 1.07M 1m47s
171900K .......... .......... .......... .......... .......... 69%  937K 1m47s
171950K .......... .......... .......... .......... .......... 69% 1.06M 1m47s
172000K .......... .......... .......... .......... .......... 69% 1.05M 1m47s
172050K .......... .......... .......... .......... .......... 69%  912K 1m47s
172100K .......... .......... .......... .......... .......... 69% 1.04M 1m47s
172150K .......... .......... .......... .......... .......... 69%  902K 1m47s
172200K .......... .......... .......... .......... .......... 69% 1.02M 1m47s
172250K .......... .......... .......... .......... .......... 69% 1.00M 1m47s
172300K .......... .......... .......... .......... .......... 69%  885K 1m46s
172350K .......... .......... .......... .......... .......... 69% 1023K 1m46s
172400K .......... .......... .......... .......... .......... 69%  872K 1m46s
172450K .......... .......... .......... .......... .......... 69% 1015K 1m46s
172500K .......... .......... .......... .......... .......... 69% 1003K 1m46s
172550K .......... .......... .......... .......... .......... 69%  855K 1m46s
172600K .......... .......... .......... .......... .......... 69%  990K 1m46s
172650K .......... .......... .......... .......... .......... 69%  841K 1m46s
172700K .......... .......... .......... .......... .......... 69%  977K 1m46s
172750K .......... .......... .......... .......... .......... 69%  975K 1m46s
172800K .......... .......... .......... .......... .......... 69%  827K 1m46s
172850K .......... .......... .......... .......... .......... 69%  956K 1m46s
172900K .......... .......... .......... .......... .......... 69%  819K 1m46s
172950K .......... .......... .......... .......... .......... 69%  946K 1m45s
173000K .......... .......... .......... .......... .......... 69%  925K 1m45s
173050K .......... .......... .......... .......... .......... 69%  802K 1m45s
173100K .......... .......... .......... .......... .......... 70%  930K 1m45s
173150K .......... .......... .......... .......... .......... 70%  787K 1m45s
173200K .......... .......... .......... .......... .......... 70%  914K 1m45s
173250K .......... .......... .......... .......... .......... 70%  911K 1m45s
173300K .......... .......... .......... .......... .......... 70%  776K 1m45s
173350K .......... .......... .......... .......... .......... 70%  896K 1m45s
173400K .......... .......... .......... .......... .......... 70%  767K 1m45s
173450K .......... .......... .......... .......... .......... 70%  890K 1m45s
173500K .......... .......... .......... .......... .......... 70%  879K 1m45s
173550K .......... .......... .......... .......... .......... 70%  751K 1m45s
173600K .......... .......... .......... .......... .......... 70%  871K 1m44s
173650K .......... .......... .......... .......... .......... 70%  746K 1m44s
173700K .......... .......... .......... .......... .......... 70%  859K 1m44s
173750K .......... .......... .......... .......... .......... 70%  854K 1m44s
173800K .......... .......... .......... .......... .......... 70%  734K 1m44s
173850K .......... .......... .......... .......... .......... 70%  846K 1m44s
173900K .......... .......... .......... .......... .......... 70%  721K 1m44s
173950K .......... .......... .......... .......... .......... 70%  840K 1m44s
174000K .......... .......... .......... .......... .......... 70%  831K 1m44s
174050K .......... .......... .......... .......... .......... 70%  710K 1m44s
174100K .......... .......... .......... .......... .......... 70%  823K 1m44s
174150K .......... .......... .......... .......... .......... 70%  701K 1m44s
174200K .......... .......... .......... .......... .......... 70%  804K 1m44s
174250K .......... .......... .......... .......... .......... 70%  811K 1m43s
174300K .......... .......... .......... .......... .......... 70%  690K 1m43s
174350K .......... .......... .......... .......... .......... 70%  799K 1m43s
174400K .......... .......... .......... .......... .......... 70%  685K 1m43s
174450K .......... .......... .......... .......... .......... 70%  794K 1m43s
174500K .......... .......... .......... .......... .......... 70%  784K 1m43s
174550K .......... .......... .......... .......... .......... 70%  672K 1m43s
174600K .......... .......... .......... .......... .......... 70%  782K 1m43s
174650K .......... .......... .......... .......... .......... 70%  664K 1m43s
174700K .......... .......... .......... .......... .......... 70%  769K 1m43s
174750K .......... .......... .......... .......... .......... 70%  764K 1m43s
174800K .......... .......... .......... .......... .......... 70%  658K 1m43s
174850K .......... .......... .......... .......... .......... 70%  754K 1m43s
174900K .......... .......... .......... .......... .......... 70%  650K 1m43s
174950K .......... .......... .......... .......... .......... 70%  752K 1m42s
175000K .......... .......... .......... .......... .......... 70%  746K 1m42s
175050K .......... .......... .......... .......... .......... 70%  638K 1m42s
175100K .......... .......... .......... .......... .......... 70%  734K 1m42s
175150K .......... .......... .......... .......... .......... 70%  635K 1m42s
175200K .......... .......... .......... .......... .......... 70%  732K 1m42s
175250K .......... .......... .......... .......... .......... 70%  731K 1m42s
175300K .......... .......... .......... .......... .......... 70%  616K 1m42s
175350K .......... .......... .......... .......... .......... 70%  721K 1m42s
175400K .......... .......... .......... .......... .......... 70%  617K 1m42s
175450K .......... .......... .......... .......... .......... 70%  714K 1m42s
175500K .......... .......... .......... .......... .......... 70%  710K 1m42s
175550K .......... .......... .......... .......... .......... 70%  607K 1m42s
175600K .......... .......... .......... .......... .......... 71%  699K 1m42s
175650K .......... .......... .......... .......... .......... 71%  604K 1m42s
175700K .......... .......... .......... .......... .......... 71%  699K 1m41s
175750K .......... .......... .......... .......... .......... 71%  694K 1m41s
175800K .......... .......... .......... .......... .......... 71%  594K 1m41s
175850K .......... .......... .......... .......... .......... 71%  686K 1m41s
175900K .......... .......... .......... .......... .......... 71%  582K 1m41s
175950K .......... .......... .......... .......... .......... 71%  686K 1m41s
176000K .......... .......... .......... .......... .......... 71%  680K 1m41s
176050K .......... .......... .......... .......... .......... 71%  578K 1m41s
176100K .......... .......... .......... .......... .......... 71%  673K 1m41s
176150K .......... .......... .......... .......... .......... 71%  571K 1m41s
176200K .......... .......... .......... .......... .......... 71%  667K 1m41s
176250K .......... .......... .......... .......... .......... 71%  657K 1m41s
176300K .......... .......... .......... .......... .......... 71%  568K 1m41s
176350K .......... .......... .......... .......... .......... 71%  652K 1m41s
176400K .......... .......... .......... .......... .......... 71%  561K 1m41s
176450K .......... .......... .......... .......... .......... 71%  650K 1m40s
176500K .......... .......... .......... .......... .......... 71%  649K 1m40s
176550K .......... .......... .......... .......... .......... 71%  554K 1m40s
176600K .......... .......... .......... .......... .......... 71%  644K 1m40s
176650K .......... .......... .......... .......... .......... 71%  549K 1m40s
176700K .......... .......... .......... .......... .......... 71%  637K 1m40s
176750K .......... .......... .......... .......... .......... 71%  635K 1m40s
176800K .......... .......... .......... .......... .......... 71%  542K 1m40s
176850K .......... .......... .......... .......... .......... 71%  628K 1m40s
176900K .......... .......... .......... .......... .......... 71%  535K 1m40s
176950K .......... .......... .......... .......... .......... 71%  624K 1m40s
177000K .......... .......... .......... .......... .......... 71%  619K 1m40s
177050K .......... .......... .......... .......... .......... 71%  533K 1m40s
177100K .......... .......... .......... .......... .......... 71%  617K 1m40s
177150K .......... .......... .......... .......... .......... 71%  522K 1m40s
177200K .......... .......... .......... .......... .......... 71%  610K 99s
177250K .......... .......... .......... .......... .......... 71%  609K 99s
177300K .......... .......... .......... .......... .......... 71%  521K 99s
177350K .......... .......... .......... .......... .......... 71%  602K 99s
177400K .......... .......... .......... .......... .......... 71%  512K 99s
177450K .......... .......... .......... .......... .......... 71%  603K 99s
177500K .......... .......... .......... .......... .......... 71%  595K 99s
177550K .......... .......... .......... .......... .......... 71%  507K 99s
177600K .......... .......... .......... .......... .......... 71%  590K 99s
177650K .......... .......... .......... .......... .......... 71%  508K 99s
177700K .......... .......... .......... .......... .......... 71%  586K 99s
177750K .......... .......... .......... .......... .......... 71%  585K 99s
177800K .......... .......... .......... .......... .......... 71%  496K 99s
177850K .......... .......... .......... .......... .......... 71%  583K 99s
177900K .......... .......... .......... .......... .......... 71%  495K 99s
177950K .......... .......... .......... .......... .......... 71%  571K 99s
178000K .......... .......... .......... .......... .......... 71%  573K 98s
178050K .......... .......... .......... .......... .......... 72%  487K 98s
178100K .......... .......... .......... .......... .......... 72%  571K 98s
178150K .......... .......... .......... .......... .......... 72%  485K 98s
178200K .......... .......... .......... .......... .......... 72%  560K 98s
178250K .......... .......... .......... .......... .......... 72%  566K 98s
178300K .......... .......... .......... .......... .......... 72%  481K 98s
178350K .......... .......... .......... .......... .......... 72%  556K 98s
178400K .......... .......... .......... .......... .......... 72%  476K 98s
178450K .......... .......... .......... .......... .......... 72%  552K 98s
178500K .......... .......... .......... .......... .......... 72%  479K 98s
178550K .......... .......... .......... .......... .......... 72%  472K 98s
178600K .......... .......... .......... .......... .......... 72%  547K 98s
178650K .......... .......... .......... .......... .......... 72%  468K 98s
178700K .......... .......... .......... .......... .......... 72%  538K 98s
178750K .......... .......... .......... .......... .......... 72%  542K 98s
178800K .......... .......... .......... .......... .......... 72%  460K 97s
178850K .......... .......... .......... .......... .......... 72%  539K 97s
178900K .......... .......... .......... .......... .......... 72%  459K 97s
178950K .......... .......... .......... .......... .......... 72%  534K 97s
179000K .......... .......... .......... .......... .......... 72%  529K 97s
179050K .......... .......... .......... .......... .......... 72%  455K 97s
179100K .......... .......... .......... .......... .......... 72%  528K 97s
179150K .......... .......... .......... .......... .......... 72%  448K 97s
179200K .......... .......... .......... .......... .......... 72%  523K 97s
179250K .......... .......... .......... .......... .......... 72%  521K 97s
179300K .......... .......... .......... .......... .......... 72%  449K 97s
179350K .......... .......... .......... .......... .......... 72%  516K 97s
179400K .......... .......... .......... .......... .......... 72%  443K 97s
179450K .......... .......... .......... .......... .......... 72%  514K 97s
179500K .......... .......... .......... .......... .......... 72%  511K 97s
179550K .......... .......... .......... .......... .......... 72%  394K 97s
179600K .......... .......... .......... .......... .......... 72%  509K 97s
179650K .......... .......... .......... .......... .......... 72%  435K 96s
179700K .......... .......... .......... .......... .......... 72%  504K 96s
179750K .......... .......... .......... .......... .......... 72%  505K 96s
179800K .......... .......... .......... .......... .......... 72%  431K 96s
179850K .......... .......... .......... .......... .......... 72%  499K 96s
179900K .......... .......... .......... .......... .......... 72%  428K 96s
179950K .......... .......... .......... .......... .......... 72%  498K 96s
180000K .......... .......... .......... .......... .......... 72%  495K 96s
180050K .......... .......... .......... .......... .......... 72%  423K 96s
180100K .......... .......... .......... .......... .......... 72%  492K 96s
180150K .......... .......... .......... .......... .......... 72%  417K 96s
180200K .......... .......... .......... .......... .......... 72%  491K 96s
180250K .......... .......... .......... .......... .......... 72%  486K 96s
180300K .......... .......... .......... .......... .......... 72%  417K 96s
180350K .......... .......... .......... .......... .......... 72%  485K 96s
180400K .......... .......... .......... .......... .......... 72%  413K 96s
180450K .......... .......... .......... .......... .......... 72%  478K 96s
180500K .......... .......... .......... .......... .......... 72%  479K 95s
180550K .......... .......... .......... .......... .......... 73%  410K 95s
180600K .......... .......... .......... .......... .......... 73%  476K 95s
180650K .......... .......... .......... .......... .......... 73%  408K 95s
180700K .......... .......... .......... .......... .......... 73%  473K 95s
180750K .......... .......... .......... .......... .......... 73%  472K 95s
180800K .......... .......... .......... .......... .......... 73%  396K 95s
180850K .......... .......... .......... .......... .......... 73%  471K 95s
180900K .......... .......... .......... .......... .......... 73%  397K 95s
180950K .......... .......... .......... .......... .......... 73%  468K 95s
181000K .......... .......... .......... .......... .......... 73%  467K 95s
181050K .......... .......... .......... .......... .......... 73%  396K 95s
181100K .......... .......... .......... .......... .......... 73%  462K 95s
181150K .......... .......... .......... .......... .......... 73%  393K 95s
181200K .......... .......... .......... .......... .......... 73%  458K 95s
181250K .......... .......... .......... .......... .......... 73%  457K 95s
181300K .......... .......... .......... .......... .......... 73%  391K 95s
181350K .......... .......... .......... .......... .......... 73%  453K 95s
181400K .......... .......... .......... .......... .......... 73%  387K 94s
181450K .......... .......... .......... .......... .......... 73%  450K 94s
181500K .......... .......... .......... .......... .......... 73%  449K 94s
181550K .......... .......... .......... .......... .......... 73%  385K 94s
181600K .......... .......... .......... .......... .......... 73%  447K 94s
181650K .......... .......... .......... .......... .......... 73%  382K 94s
181700K .......... .......... .......... .......... .......... 73%  444K 94s
181750K .......... .......... .......... .......... .......... 73%  441K 94s
181800K .......... .......... .......... .......... .......... 73%  381K 94s
181850K .......... .......... .......... .......... .......... 73%  438K 94s
181900K .......... .......... .......... .......... .......... 73%  378K 94s
181950K .......... .......... .......... .......... .......... 73%  565K 94s
182000K .......... .......... .......... .......... .......... 73% 3.50M 94s
182050K .......... .......... .......... .......... .......... 73% 2.87M 94s
182100K .......... .......... .......... .......... .......... 73% 3.32M 94s
182150K .......... .......... .......... .......... .......... 73% 2.62M 94s
182200K .......... .......... .......... .......... .......... 73% 3.14M 93s
182250K .......... .......... .......... .......... .......... 73% 2.98M 93s
182300K .......... .......... .......... .......... .......... 73% 2.45M 93s
182350K .......... .......... .......... .......... .......... 73% 2.95M 93s
182400K .......... .......... .......... .......... .......... 73% 2.45M 93s
182450K .......... .......... .......... .......... .......... 73% 2.92M 93s
182500K .......... .......... .......... .......... .......... 73% 2.83M 93s
182550K .......... .......... .......... .......... .......... 73% 2.34M 93s
182600K .......... .......... .......... .......... .......... 73% 2.76M 93s
182650K .......... .......... .......... .......... .......... 73% 2.31M 93s
182700K .......... .......... .......... .......... .......... 73% 2.66M 93s
182750K .......... .......... .......... .......... .......... 73% 2.61M 92s
182800K .......... .......... .......... .......... .......... 73% 2.20M 92s
182850K .......... .......... .......... .......... .......... 73% 2.53M 92s
182900K .......... .......... .......... .......... .......... 73% 2.10M 92s
182950K .......... .......... .......... .......... .......... 73% 2.47M 92s
183000K .......... .......... .......... .......... .......... 74% 2.35M 92s
183050K .......... .......... .......... .......... .......... 74% 2.02M 92s
183100K .......... .......... .......... .......... .......... 74% 2.32M 92s
183150K .......... .......... .......... .......... .......... 74% 1.94M 92s
183200K .......... .......... .......... .......... .......... 74% 2.24M 92s
183250K .......... .......... .......... .......... .......... 74% 2.23M 92s
183300K .......... .......... .......... .......... .......... 74% 1.87M 91s
183350K .......... .......... .......... .......... .......... 74% 2.12M 91s
183400K .......... .......... .......... .......... .......... 74% 1.82M 91s
183450K .......... .......... .......... .......... .......... 74% 2.09M 91s
183500K .......... .......... .......... .......... .......... 74% 2.04M 91s
183550K .......... .......... .......... .......... .......... 74% 1.73M 91s
183600K .......... .......... .......... .......... .......... 74% 2.00M 91s
183650K .......... .......... .......... .......... .......... 74% 1.68M 91s
183700K .......... .......... .......... .......... .......... 74% 1.93M 91s
183750K .......... .......... .......... .......... .......... 74% 1.92M 91s
183800K .......... .......... .......... .......... .......... 74% 1.61M 91s
183850K .......... .......... .......... .......... .......... 74% 1.85M 90s
183900K .......... .......... .......... .......... .......... 74% 1.58M 90s
183950K .......... .......... .......... .......... .......... 74% 1.83M 90s
184000K .......... .......... .......... .......... .......... 74% 1.77M 90s
184050K .......... .......... .......... .......... .......... 74% 1.46M 90s
184100K .......... .......... .......... .......... .......... 74% 1.77M 90s
184150K .......... .......... .......... .......... .......... 74% 1.48M 90s
184200K .......... .......... .......... .......... .......... 74% 1.70M 90s
184250K .......... .......... .......... .......... .......... 74% 1.69M 90s
184300K .......... .......... .......... .......... .......... 74% 1.43M 90s
184350K .......... .......... .......... .......... .......... 74% 1.64M 90s
184400K .......... .......... .......... .......... .......... 74% 1.40M 90s
184450K .......... .......... .......... .......... .......... 74% 1.61M 89s
184500K .......... .......... .......... .......... .......... 74% 1.59M 89s
184550K .......... .......... .......... .......... .......... 74% 1.34M 89s
184600K .......... .......... .......... .......... .......... 74% 1.56M 89s
184650K .......... .......... .......... .......... .......... 74% 1.32M 89s
184700K .......... .......... .......... .......... .......... 74% 1.52M 89s
184750K .......... .......... .......... .......... .......... 74% 1.51M 89s
184800K .......... .......... .......... .......... .......... 74% 1.28M 89s
184850K .......... .......... .......... .......... .......... 74% 1.47M 89s
184900K .......... .......... .......... .......... .......... 74% 1.25M 89s
184950K .......... .......... .......... .......... .......... 74% 1.44M 89s
185000K .......... .......... .......... .......... .......... 74% 1.43M 89s
185050K .......... .......... .......... .......... .......... 74% 1.22M 88s
185100K .......... .......... .......... .......... .......... 74% 1.42M 88s
185150K .......... .......... .......... .......... .......... 74% 1.19M 88s
185200K .......... .......... .......... .......... .......... 74% 1.34M 88s
185250K .......... .......... .......... .......... .......... 74% 1.37M 88s
185300K .......... .......... .......... .......... .......... 74% 1.16M 88s
185350K .......... .......... .......... .......... .......... 74% 1.34M 88s
185400K .......... .......... .......... .......... .......... 74% 1.14M 88s
185450K .......... .......... .......... .......... .......... 74% 1.32M 88s
185500K .......... .......... .......... .......... .......... 75% 1.30M 88s
185550K .......... .......... .......... .......... .......... 75% 1.08M 88s
185600K .......... .......... .......... .......... .......... 75% 1.29M 88s
185650K .......... .......... .......... .......... .......... 75% 1.09M 87s
185700K .......... .......... .......... .......... .......... 75% 1.26M 87s
185750K .......... .......... .......... .......... .......... 75% 1.25M 87s
185800K .......... .......... .......... .......... .......... 75% 1.06M 87s
185850K .......... .......... .......... .......... .......... 75% 1.22M 87s
185900K .......... .......... .......... .......... .......... 75% 1.04M 87s
185950K .......... .......... .......... .......... .......... 75% 1.21M 87s
186000K .......... .......... .......... .......... .......... 75% 1.19M 87s
186050K .......... .......... .......... .......... .......... 75% 1.02M 87s
186100K .......... .......... .......... .......... .......... 75% 1.17M 87s
186150K .......... .......... .......... .......... .......... 75% 1.00M 87s
186200K .......... .......... .......... .......... .......... 75% 1.15M 87s
186250K .......... .......... .......... .......... .......... 75% 1.15M 87s
186300K .......... .......... .......... .......... .......... 75% 1006K 86s
186350K .......... .......... .......... .......... .......... 75% 1.12M 86s
186400K .......... .......... .......... .......... .......... 75%  983K 86s
186450K .......... .......... .......... .......... .......... 75% 1.13M 86s
186500K .......... .......... .......... .......... .......... 75% 1.10M 86s
186550K .......... .......... .......... .......... .......... 75%  963K 86s
186600K .......... .......... .......... .......... .......... 75% 1.09M 86s
186650K .......... .......... .......... .......... .......... 75%  947K 86s
186700K .......... .......... .......... .......... .......... 75% 1.07M 86s
186750K .......... .......... .......... .......... .......... 75% 1.07M 86s
186800K .......... .......... .......... .......... .......... 75%  919K 86s
186850K .......... .......... .......... .......... .......... 75% 1.01M 86s
186900K .......... .......... .......... .......... .......... 75%  895K 86s
186950K .......... .......... .......... .......... .......... 75% 1015K 85s
187000K .......... .......... .......... .......... .......... 75% 1.02M 85s
187050K .......... .......... .......... .......... .......... 75%  892K 85s
187100K .......... .......... .......... .......... .......... 75% 1.01M 85s
187150K .......... .......... .......... .......... .......... 75%  880K 85s
187200K .......... .......... .......... .......... .......... 75% 1017K 85s
187250K .......... .......... .......... .......... .......... 75% 1018K 85s
187300K .......... .......... .......... .......... .......... 75%  862K 85s
187350K .......... .......... .......... .......... .......... 75%  998K 85s
187400K .......... .......... .......... .......... .......... 75%  849K 85s
187450K .......... .......... .......... .......... .......... 75%  989K 85s
187500K .......... .......... .......... .......... .......... 75%  976K 85s
187550K .......... .......... .......... .......... .......... 75%  830K 85s
187600K .......... .......... .......... .......... .......... 75%  970K 84s
187650K .......... .......... .......... .......... .......... 75%  823K 84s
187700K .......... .......... .......... .......... .......... 75%  950K 84s
187750K .......... .......... .......... .......... .......... 75%  950K 84s
187800K .......... .......... .......... .......... .......... 75%  805K 84s
187850K .......... .......... .......... .......... .......... 75%  934K 84s
187900K .......... .......... .......... .......... .......... 75%  797K 84s
187950K .......... .......... .......... .......... .......... 76%  920K 84s
188000K .......... .......... .......... .......... .......... 76%  914K 84s
188050K .......... .......... .......... .......... .......... 76%  787K 84s
188100K .......... .......... .......... .......... .......... 76%  907K 84s
188150K .......... .......... .......... .......... .......... 76%  772K 84s
188200K .......... .......... .......... .......... .......... 76%  884K 84s
188250K .......... .......... .......... .......... .......... 76%  890K 83s
188300K .......... .......... .......... .......... .......... 76%  759K 83s
188350K .......... .......... .......... .......... .......... 76%  878K 83s
188400K .......... .......... .......... .......... .......... 76%  749K 83s
188450K .......... .......... .......... .......... .......... 76%  871K 83s
188500K .......... .......... .......... .......... .......... 76%  862K 83s
188550K .......... .......... .......... .......... .......... 76%  735K 83s
188600K .......... .......... .......... .......... .......... 76%  856K 83s
188650K .......... .......... .......... .......... .......... 76%  722K 83s
188700K .......... .......... .......... .......... .......... 76%  843K 83s
188750K .......... .......... .......... .......... .......... 76%  842K 83s
188800K .......... .......... .......... .......... .......... 76%  716K 83s
188850K .......... .......... .......... .......... .......... 76%  827K 83s
188900K .......... .......... .......... .......... .......... 76%  706K 83s
188950K .......... .......... .......... .......... .......... 76%  823K 82s
189000K .......... .......... .......... .......... .......... 76%  811K 82s
189050K .......... .......... .......... .......... .......... 76%  696K 82s
189100K .......... .......... .......... .......... .......... 76%  811K 82s
189150K .......... .......... .......... .......... .......... 76%  687K 82s
189200K .......... .......... .......... .......... .......... 76%  797K 82s
189250K .......... .......... .......... .......... .......... 76%  792K 82s
189300K .......... .......... .......... .......... .......... 76%  676K 82s
189350K .......... .......... .......... .......... .......... 76%  776K 82s
189400K .......... .......... .......... .......... .......... 76%  671K 82s
189450K .......... .......... .......... .......... .......... 76%  778K 82s
189500K .......... .......... .......... .......... .......... 76%  763K 82s
189550K .......... .......... .......... .......... .......... 76%  663K 82s
189600K .......... .......... .......... .......... .......... 76%  767K 82s
189650K .......... .......... .......... .......... .......... 76%  652K 81s
189700K .......... .......... .......... .......... .......... 76%  755K 81s
189750K .......... .......... .......... .......... .......... 76%  750K 81s
189800K .......... .......... .......... .......... .......... 76%  646K 81s
189850K .......... .......... .......... .......... .......... 76%  743K 81s
189900K .......... .......... .......... .......... .......... 76%  637K 81s
189950K .......... .......... .......... .......... .......... 76%  734K 81s
190000K .......... .......... .......... .......... .......... 76%  736K 81s
190050K .......... .......... .......... .......... .......... 76%  626K 81s
190100K .......... .......... .......... .......... .......... 76%  728K 81s
190150K .......... .......... .......... .......... .......... 76%  619K 81s
190200K .......... .......... .......... .......... .......... 76%  719K 81s
190250K .......... .......... .......... .......... .......... 76%  717K 81s
190300K .......... .......... .......... .......... .......... 76%  612K 81s
190350K .......... .......... .......... .......... .......... 76%  708K 80s
190400K .......... .......... .......... .......... .......... 76%  601K 80s
190450K .......... .......... .......... .......... .......... 77%  701K 80s
190500K .......... .......... .......... .......... .......... 77%  699K 80s
190550K .......... .......... .......... .......... .......... 77%  595K 80s
190600K .......... .......... .......... .......... .......... 77%  695K 80s
190650K .......... .......... .......... .......... .......... 77%  590K 80s
190700K .......... .......... .......... .......... .......... 77%  685K 80s
190750K .......... .......... .......... .......... .......... 77%  683K 80s
190800K .......... .......... .......... .......... .......... 77%  581K 80s
190850K .......... .......... .......... .......... .......... 77%  678K 80s
190900K .......... .......... .......... .......... .......... 77%  578K 80s
190950K .......... .......... .......... .......... .......... 77%  671K 80s
191000K .......... .......... .......... .......... .......... 77%  667K 80s
191050K .......... .......... .......... .......... .......... 77%  569K 79s
191100K .......... .......... .......... .......... .......... 77%  662K 79s
191150K .......... .......... .......... .......... .......... 77%  564K 79s
191200K .......... .......... .......... .......... .......... 77%  655K 79s
191250K .......... .......... .......... .......... .......... 77%  653K 79s
191300K .......... .......... .......... .......... .......... 77%  557K 79s
191350K .......... .......... .......... .......... .......... 77%  640K 79s
191400K .......... .......... .......... .......... .......... 77%  552K 79s
191450K .......... .......... .......... .......... .......... 77%  637K 79s
191500K .......... .......... .......... .......... .......... 77%  642K 79s
191550K .......... .......... .......... .......... .......... 77%  541K 79s
191600K .......... .......... .......... .......... .......... 77%  637K 79s
191650K .......... .......... .......... .......... .......... 77%  540K 79s
191700K .......... .......... .......... .......... .......... 77%  627K 79s
191750K .......... .......... .......... .......... .......... 77%  625K 79s
191800K .......... .......... .......... .......... .......... 77%  534K 78s
191850K .......... .......... .......... .......... .......... 77%  615K 78s
191900K .......... .......... .......... .......... .......... 77%  529K 78s
191950K .......... .......... .......... .......... .......... 77%  619K 78s
192000K .......... .......... .......... .......... .......... 77%  607K 78s
192050K .......... .......... .......... .......... .......... 77%  523K 78s
192100K .......... .......... .......... .......... .......... 77%  610K 78s
192150K .......... .......... .......... .......... .......... 77%  517K 78s
192200K .......... .......... .......... .......... .......... 77%  596K 78s
192250K .......... .......... .......... .......... .......... 77%  600K 78s
192300K .......... .......... .......... .......... .......... 77%  511K 78s
192350K .......... .......... .......... .......... .......... 77%  592K 78s
192400K .......... .......... .......... .......... .......... 77%  509K 78s
192450K .......... .......... .......... .......... .......... 77%  589K 78s
192500K .......... .......... .......... .......... .......... 77%  583K 78s
192550K .......... .......... .......... .......... .......... 77%  503K 78s
192600K .......... .......... .......... .......... .......... 77%  532K 77s
192650K .......... .......... .......... .......... .......... 77%  494K 77s
192700K .......... .......... .......... .......... .......... 77%  575K 77s
192750K .......... .......... .......... .......... .......... 77%  568K 77s
192800K .......... .......... .......... .......... .......... 77%  493K 77s
192850K .......... .......... .......... .......... .......... 77%  571K 77s
192900K .......... .......... .......... .......... .......... 78%  489K 77s
192950K .......... .......... .......... .......... .......... 78%  566K 77s
193000K .......... .......... .......... .......... .......... 78%  555K 77s
193050K .......... .......... .......... .......... .......... 78%  485K 77s
193100K .......... .......... .......... .......... .......... 78%  562K 77s
193150K .......... .......... .......... .......... .......... 78%  477K 77s
193200K .......... .......... .......... .......... .......... 78%  556K 77s
193250K .......... .......... .......... .......... .......... 78%  554K 77s
193300K .......... .......... .......... .......... .......... 78%  475K 77s
193350K .......... .......... .......... .......... .......... 78%  549K 76s
193400K .......... .......... .......... .......... .......... 78%  468K 76s
193450K .......... .......... .......... .......... .......... 78%  548K 76s
193500K .......... .......... .......... .......... .......... 78%  543K 76s
193550K .......... .......... .......... .......... .......... 78%  464K 76s
193600K .......... .......... .......... .......... .......... 78%  541K 76s
193650K .......... .......... .......... .......... .......... 78%  461K 76s
193700K .......... .......... .......... .......... .......... 78%  533K 76s
193750K .......... .......... .......... .......... .......... 78%  531K 76s
193800K .......... .......... .......... .......... .......... 78%  455K 76s
193850K .......... .......... .......... .......... .......... 78%  530K 76s
193900K .......... .......... .......... .......... .......... 78%  389K 76s
193950K .......... .......... .......... .......... .......... 78%  526K 76s
194000K .......... .......... .......... .......... .......... 78%  523K 76s
194050K .......... .......... .......... .......... .......... 78%  450K 76s
194100K .......... .......... .......... .......... .......... 78%  517K 76s
194150K .......... .......... .......... .......... .......... 78%  442K 75s
194200K .......... .......... .......... .......... .......... 78%  518K 75s
194250K .......... .......... .......... .......... .......... 78%  516K 75s
194300K .......... .......... .......... .......... .......... 78%  442K 75s
194350K .......... .......... .......... .......... .......... 78%  511K 75s
194400K .......... .......... .......... .......... .......... 78%  439K 75s
194450K .......... .......... .......... .......... .......... 78%  501K 75s
194500K .......... .......... .......... .......... .......... 78%  510K 75s
194550K .......... .......... .......... .......... .......... 78%  432K 75s
194600K .......... .......... .......... .......... .......... 78%  500K 75s
194650K .......... .......... .......... .......... .......... 78%  430K 75s
194700K .......... .......... .......... .......... .......... 78%  500K 75s
194750K .......... .......... .......... .......... .......... 78%  495K 75s
194800K .......... .......... .......... .......... .......... 78%  426K 75s
194850K .......... .......... .......... .......... .......... 78%  496K 75s
194900K .......... .......... .......... .......... .......... 78%  424K 75s
194950K .......... .......... .......... .......... .......... 78%  492K 74s
195000K .......... .......... .......... .......... .......... 78%  489K 74s
195050K .......... .......... .......... .......... .......... 78%  419K 74s
195100K .......... .......... .......... .......... .......... 78%  486K 74s
195150K .......... .......... .......... .......... .......... 78%  413K 74s
195200K .......... .......... .......... .......... .......... 78%  483K 74s
195250K .......... .......... .......... .......... .......... 78%  482K 74s
195300K .......... .......... .......... .......... .......... 78%  409K 74s
195350K .......... .......... .......... .......... .......... 79%  482K 74s
195400K .......... .......... .......... .......... .......... 79%  408K 74s
195450K .......... .......... .......... .......... .......... 79%  476K 74s
195500K .......... .......... .......... .......... .......... 79%  473K 74s
195550K .......... .......... .......... .......... .......... 79%  405K 74s
195600K .......... .......... .......... .......... .......... 79%  473K 74s
195650K .......... .......... .......... .......... .......... 79%  401K 74s
195700K .......... .......... .......... .......... .......... 79%  466K 74s
195750K .......... .......... .......... .......... .......... 79%  467K 74s
195800K .......... .......... .......... .......... .......... 79%  397K 73s
195850K .......... .......... .......... .......... .......... 79%  461K 73s
195900K .......... .......... .......... .......... .......... 79%  396K 73s
195950K .......... .......... .......... .......... .......... 79%  462K 73s
196000K .......... .......... .......... .......... .......... 79%  459K 73s
196050K .......... .......... .......... .......... .......... 79%  390K 73s
196100K .......... .......... .......... .......... .......... 79%  458K 73s
196150K .......... .......... .......... .......... .......... 79%  390K 73s
196200K .......... .......... .......... .......... .......... 79%  453K 73s
196250K .......... .......... .......... .......... .......... 79%  453K 73s
196300K .......... .......... .......... .......... .......... 79%  386K 73s
196350K .......... .......... .......... .......... .......... 79%  449K 73s
196400K .......... .......... .......... .......... .......... 79%  383K 73s
196450K .......... .......... .......... .......... .......... 79%  446K 73s
196500K .......... .......... .......... .......... .......... 79%  444K 73s
196550K .......... .......... .......... .......... .......... 79%  381K 73s
196600K .......... .......... .......... .......... .......... 79%  443K 73s
196650K .......... .......... .......... .......... .......... 79%  377K 72s
196700K .......... .......... .......... .......... .......... 79%  440K 72s
196750K .......... .......... .......... .......... .......... 79%  439K 72s
196800K .......... .......... .......... .......... .......... 79%  640K 72s
196850K .......... .......... .......... .......... .......... 79% 1.12M 72s
196900K .......... .......... .......... .......... .......... 79%  984K 72s
196950K .......... .......... .......... .......... .......... 79% 1.17M 72s
197000K .......... .......... .......... .......... .......... 79% 1.15M 72s
197050K .......... .......... .......... .......... .......... 79% 1008K 72s
197100K .......... .......... .......... .......... .......... 79% 1.14M 72s
197150K .......... .......... .......... .......... .......... 79%  987K 72s
197200K .......... .......... .......... .......... .......... 79% 1.11M 72s
197250K .......... .......... .......... .......... .......... 79% 1.11M 72s
197300K .......... .......... .......... .......... .......... 79%  962K 71s
197350K .......... .......... .......... .......... .......... 79% 1.10M 71s
197400K .......... .......... .......... .......... .......... 79%  952K 71s
197450K .......... .......... .......... .......... .......... 79% 1.05M 71s
197500K .......... .......... .......... .......... .......... 79% 1.07M 71s
197550K .......... .......... .......... .......... .......... 79%  932K 71s
197600K .......... .......... .......... .......... .......... 79% 1.05M 71s
197650K .......... .......... .......... .......... .......... 79%  915K 71s
197700K .......... .......... .......... .......... .......... 79% 1.04M 71s
197750K .......... .......... .......... .......... .......... 79% 1.03M 71s
197800K .......... .......... .......... .......... .......... 79%  899K 71s
197850K .......... .......... .......... .......... .......... 80% 1.01M 71s
197900K .......... .......... .......... .......... .......... 80%  886K 71s
197950K .......... .......... .......... .......... .......... 80% 1.00M 70s
198000K .......... .......... .......... .......... .......... 80% 1013K 70s
198050K .......... .......... .......... .......... .......... 80%  867K 70s
198100K .......... .......... .......... .......... .......... 80% 1003K 70s
198150K .......... .......... .......... .......... .......... 80%  857K 70s
198200K .......... .......... .......... .......... .......... 80%  988K 70s
198250K .......... .......... .......... .......... .......... 80%  984K 70s
198300K .......... .......... .......... .......... .......... 80%  838K 70s
198350K .......... .......... .......... .......... .......... 80%  968K 70s
198400K .......... .......... .......... .......... .......... 80%  829K 70s
198450K .......... .......... .......... .......... .......... 80%  961K 70s
198500K .......... .......... .......... .......... .......... 80%  949K 70s
198550K .......... .......... .......... .......... .......... 80%  812K 70s
198600K .......... .......... .......... .......... .......... 80%  939K 70s
198650K .......... .......... .......... .......... .......... 80%  799K 69s
198700K .......... .......... .......... .......... .......... 80%  929K 69s
198750K .......... .......... .......... .......... .......... 80%  926K 69s
198800K .......... .......... .......... .......... .......... 80%  786K 69s
198850K .......... .......... .......... .......... .......... 80%  899K 69s
198900K .......... .......... .......... .......... .......... 80%  776K 69s
198950K .......... .......... .......... .......... .......... 80%  897K 69s
199000K .......... .......... .......... .......... .......... 80%  891K 69s
199050K .......... .......... .......... .......... .......... 80%  764K 69s
199100K .......... .......... .......... .......... .......... 80%  890K 69s
199150K .......... .......... .......... .......... .......... 80%  753K 69s
199200K .......... .......... .......... .......... .......... 80%  869K 69s
199250K .......... .......... .......... .......... .......... 80%  867K 69s
199300K .......... .......... .......... .......... .......... 80%  738K 68s
199350K .......... .......... .......... .......... .......... 80%  859K 68s
199400K .......... .......... .......... .......... .......... 80%  731K 68s
199450K .......... .......... .......... .......... .......... 80%  845K 68s
199500K .......... .......... .......... .......... .......... 80%  847K 68s
199550K .......... .......... .......... .......... .......... 80%  717K 68s
199600K .......... .......... .......... .......... .......... 80%  834K 68s
199650K .......... .......... .......... .......... .......... 80%  710K 68s
199700K .......... .......... .......... .......... .......... 80%  824K 68s
199750K .......... .......... .......... .......... .......... 80%  819K 68s
199800K .......... .......... .......... .......... .......... 80%  701K 68s
199850K .......... .......... .......... .......... .......... 80%  809K 68s
199900K .......... .......... .......... .......... .......... 80%  690K 68s
199950K .......... .......... .......... .......... .......... 80%  803K 68s
200000K .......... .......... .......... .......... .......... 80%  793K 67s
200050K .......... .......... .......... .......... .......... 80%  674K 67s
200100K .......... .......... .......... .......... .......... 80%  791K 67s
200150K .......... .......... .......... .......... .......... 80%  672K 67s
200200K .......... .......... .......... .......... .......... 80%  776K 67s
200250K .......... .......... .......... .......... .......... 80%  781K 67s
200300K .......... .......... .......... .......... .......... 81%  659K 67s
200350K .......... .......... .......... .......... .......... 81%  769K 67s
200400K .......... .......... .......... .......... .......... 81%  655K 67s
200450K .......... .......... .......... .......... .......... 81%  761K 67s
200500K .......... .......... .......... .......... .......... 81%  754K 67s
200550K .......... .......... .......... .......... .......... 81%  645K 67s
200600K .......... .......... .......... .......... .......... 81%  749K 67s
200650K .......... .......... .......... .......... .......... 81%  638K 67s
200700K .......... .......... .......... .......... .......... 81%  740K 66s
200750K .......... .......... .......... .......... .......... 81%  738K 66s
200800K .......... .......... .......... .......... .......... 81%  629K 66s
200850K .......... .......... .......... .......... .......... 81%  729K 66s
200900K .......... .......... .......... .......... .......... 81%  621K 66s
200950K .......... .......... .......... .......... .......... 81%  717K 66s
201000K .......... .......... .......... .......... .......... 81%  719K 66s
201050K .......... .......... .......... .......... .......... 81%  607K 66s
201100K .......... .......... .......... .......... .......... 81%  713K 66s
201150K .......... .......... .......... .......... .......... 81%  607K 66s
201200K .......... .......... .......... .......... .......... 81%  705K 66s
201250K .......... .......... .......... .......... .......... 81%  703K 66s
201300K .......... .......... .......... .......... .......... 81%  600K 66s
201350K .......... .......... .......... .......... .......... 81%  687K 66s
201400K .......... .......... .......... .......... .......... 81%  597K 65s
201450K .......... .......... .......... .......... .......... 81%  691K 65s
201500K .......... .......... .......... .......... .......... 81%  684K 65s
201550K .......... .......... .......... .......... .......... 81%  584K 65s
201600K .......... .......... .......... .......... .......... 81%  680K 65s
201650K .......... .......... .......... .......... .......... 81%  578K 65s
201700K .......... .......... .......... .......... .......... 81%  673K 65s
201750K .......... .......... .......... .......... .......... 81%  670K 65s
201800K .......... .......... .......... .......... .......... 81%  572K 65s
201850K .......... .......... .......... .......... .......... 81%  664K 65s
201900K .......... .......... .......... .......... .......... 81%  567K 65s
201950K .......... .......... .......... .......... .......... 81%  659K 65s
202000K .......... .......... .......... .......... .......... 81%  647K 65s
202050K .......... .......... .......... .......... .......... 81%  558K 65s
202100K .......... .......... .......... .......... .......... 81%  649K 64s
202150K .......... .......... .......... .......... .......... 81%  554K 64s
202200K .......... .......... .......... .......... .......... 81%  643K 64s
202250K .......... .......... .......... .......... .......... 81%  641K 64s
202300K .......... .......... .......... .......... .......... 81%  548K 64s
202350K .......... .......... .......... .......... .......... 81%  634K 64s
202400K .......... .......... .......... .......... .......... 81%  544K 64s
202450K .......... .......... .......... .......... .......... 81%  631K 64s
202500K .......... .......... .......... .......... .......... 81%  625K 64s
202550K .......... .......... .......... .......... .......... 81%  535K 64s
202600K .......... .......... .......... .......... .......... 81%  623K 64s
202650K .......... .......... .......... .......... .......... 81%  528K 64s
202700K .......... .......... .......... .......... .......... 81%  618K 64s
202750K .......... .......... .......... .......... .......... 81%  615K 64s
202800K .......... .......... .......... .......... .......... 82%  525K 64s
202850K .......... .......... .......... .......... .......... 82%  606K 63s
202900K .......... .......... .......... .......... .......... 82%  501K 63s
202950K .......... .......... .......... .......... .......... 82%  593K 63s
203000K .......... .......... .......... .......... .......... 82%  599K 63s
203050K .......... .......... .......... .......... .......... 82%  513K 63s
203100K .......... .......... .......... .......... .......... 82%  597K 63s
203150K .......... .......... .......... .......... .......... 82%  509K 63s
203200K .......... .......... .......... .......... .......... 82%  588K 63s
203250K .......... .......... .......... .......... .......... 82%  593K 63s
203300K .......... .......... .......... .......... .......... 82%  502K 63s
203350K .......... .......... .......... .......... .......... 82%  585K 63s
203400K .......... .......... .......... .......... .......... 82%  500K 63s
203450K .......... .......... .......... .......... .......... 82%  581K 63s
203500K .......... .......... .......... .......... .......... 82%  574K 63s
203550K .......... .......... .......... .......... .......... 82%  495K 63s
203600K .......... .......... .......... .......... .......... 82%  573K 62s
203650K .......... .......... .......... .......... .......... 82%  490K 62s
203700K .......... .......... .......... .......... .......... 82%  564K 62s
203750K .......... .......... .......... .......... .......... 82%  567K 62s
203800K .......... .......... .......... .......... .......... 82%  484K 62s
203850K .......... .......... .......... .......... .......... 82%  562K 62s
203900K .......... .......... .......... .......... .......... 82%  480K 62s
203950K .......... .......... .......... .......... .......... 82%  560K 62s
204000K .......... .......... .......... .......... .......... 82%  553K 62s
204050K .......... .......... .......... .......... .......... 82%  475K 62s
204100K .......... .......... .......... .......... .......... 82%  552K 62s
204150K .......... .......... .......... .......... .......... 82%  470K 62s
204200K .......... .......... .......... .......... .......... 82%  547K 62s
204250K .......... .......... .......... .......... .......... 82%  546K 62s
204300K .......... .......... .......... .......... .......... 82%  466K 62s
204350K .......... .......... .......... .......... .......... 82%  539K 61s
204400K .......... .......... .......... .......... .......... 82%  463K 61s
204450K .......... .......... .......... .......... .......... 82%  536K 61s
204500K .......... .......... .......... .......... .......... 82%  535K 61s
204550K .......... .......... .......... .......... .......... 82%  457K 61s
204600K .......... .......... .......... .......... .......... 82%  531K 61s
204650K .......... .......... .......... .......... .......... 82%  454K 61s
204700K .......... .......... .......... .......... .......... 82%  528K 61s
204750K .......... .......... .......... .......... .......... 82%  451K 61s
204800K .......... .......... .......... .......... .......... 82%  520K 61s
204850K .......... .......... .......... .......... .......... 82%  525K 61s
204900K .......... .......... .......... .......... .......... 82%  446K 61s
204950K .......... .......... .......... .......... .......... 82%  518K 61s
205000K .......... .......... .......... .......... .......... 82%  443K 61s
205050K .......... .......... .......... .......... .......... 82%  511K 61s
205100K .......... .......... .......... .......... .......... 82%  514K 60s
205150K .......... .......... .......... .......... .......... 82%  436K 60s
205200K .......... .......... .......... .......... .......... 82%  508K 60s
205250K .......... .......... .......... .......... .......... 83%  435K 60s
205300K .......... .......... .......... .......... .......... 83%  505K 60s
205350K .......... .......... .......... .......... .......... 83%  504K 60s
205400K .......... .......... .......... .......... .......... 83%  432K 60s
205450K .......... .......... .......... .......... .......... 83%  499K 60s
205500K .......... .......... .......... .......... .......... 83%  424K 60s
205550K .......... .......... .......... .......... .......... 83%  497K 60s
205600K .......... .......... .......... .......... .......... 83%  499K 60s
205650K .......... .......... .......... .......... .......... 83%  423K 60s
205700K .......... .......... .......... .......... .......... 83%  496K 60s
205750K .......... .......... .......... .......... .......... 83%  421K 60s
205800K .......... .......... .......... .......... .......... 83%  487K 60s
205850K .......... .......... .......... .......... .......... 83%  485K 60s
205900K .......... .......... .......... .......... .......... 83%  417K 59s
205950K .......... .......... .......... .......... .......... 83%  483K 59s
206000K .......... .......... .......... .......... .......... 83%  415K 59s
206050K .......... .......... .......... .......... .......... 83%  478K 59s
206100K .......... .......... .......... .......... .......... 83%  480K 59s
206150K .......... .......... .......... .......... .......... 83%  410K 59s
206200K .......... .......... .......... .......... .......... 83%  477K 59s
206250K .......... .......... .......... .......... .......... 83%  406K 59s
206300K .......... .......... .......... .......... .......... 83%  476K 59s
206350K .......... .......... .......... .......... .......... 83%  472K 59s
206400K .......... .......... .......... .......... .......... 83%  404K 59s
206450K .......... .......... .......... .......... .......... 83%  468K 59s
206500K .......... .......... .......... .......... .......... 83%  399K 59s
206550K .......... .......... .......... .......... .......... 83%  465K 59s
206600K .......... .......... .......... .......... .......... 83%  466K 59s
206650K .......... .......... .......... .......... .......... 83%  397K 58s
206700K .......... .......... .......... .......... .......... 83%  462K 58s
206750K .......... .......... .......... .......... .......... 83%  395K 58s
206800K .......... .......... .......... .......... .......... 83%  456K 58s
206850K .......... .......... .......... .......... .......... 83%  457K 58s
206900K .......... .......... .......... .......... .......... 83%  391K 58s
206950K .......... .......... .......... .......... .......... 83%  454K 58s
207000K .......... .......... .......... .......... .......... 83%  389K 58s
207050K .......... .......... .......... .......... .......... 83%  453K 58s
207100K .......... .......... .......... .......... .......... 83%  450K 58s
207150K .......... .......... .......... .......... .......... 83%  380K 58s
207200K .......... .......... .......... .......... .......... 83%  446K 58s
207250K .......... .......... .......... .......... .......... 83%  383K 58s
207300K .......... .......... .......... .......... .......... 83%  442K 58s
207350K .......... .......... .......... .......... .......... 83%  445K 58s
207400K .......... .......... .......... .......... .......... 83%  379K 58s
207450K .......... .......... .......... .......... .......... 83%  438K 57s
207500K .......... .......... .......... .......... .......... 83%  377K 57s
207550K .......... .......... .......... .......... .......... 83%  461K 57s
207600K .......... .......... .......... .......... .......... 83% 1.75M 57s
207650K .......... .......... .......... .......... .......... 83% 2.92M 57s
207700K .......... .......... .......... .......... .......... 83% 3.32M 57s
207750K .......... .......... .......... .......... .......... 84% 2.63M 57s
207800K .......... .......... .......... .......... .......... 84% 3.12M 57s
207850K .......... .......... .......... .......... .......... 84% 3.00M 57s
207900K .......... .......... .......... .......... .......... 84% 2.55M 57s
207950K .......... .......... .......... .......... .......... 84% 2.91M 57s
208000K .......... .......... .......... .......... .......... 84% 2.43M 57s
208050K .......... .......... .......... .......... .......... 84% 2.87M 57s
208100K .......... .......... .......... .......... .......... 84% 2.85M 56s
208150K .......... .......... .......... .......... .......... 84% 2.39M 56s
208200K .......... .......... .......... .......... .......... 84% 2.79M 56s
208250K .......... .......... .......... .......... .......... 84% 2.35M 56s
208300K .......... .......... .......... .......... .......... 84% 2.62M 56s
208350K .......... .......... .......... .......... .......... 84% 2.63M 56s
208400K .......... .......... .......... .......... .......... 84% 2.20M 56s
208450K .......... .......... .......... .......... .......... 84% 2.50M 56s
208500K .......... .......... .......... .......... .......... 84% 2.11M 56s
208550K .......... .......... .......... .......... .......... 84% 2.45M 56s
208600K .......... .......... .......... .......... .......... 84% 2.38M 56s
208650K .......... .......... .......... .......... .......... 84% 2.01M 56s
208700K .......... .......... .......... .......... .......... 84% 2.30M 55s
208750K .......... .......... .......... .......... .......... 84% 1.98M 55s
208800K .......... .......... .......... .......... .......... 84% 2.14M 55s
208850K .......... .......... .......... .......... .......... 84% 2.21M 55s
208900K .......... .......... .......... .......... .......... 84% 1.86M 55s
208950K .......... .......... .......... .......... .......... 84% 2.15M 55s
209000K .......... .......... .......... .......... .......... 84% 1.80M 55s
209050K .......... .......... .......... .......... .......... 84% 2.08M 55s
209100K .......... .......... .......... .......... .......... 84% 2.05M 55s
209150K .......... .......... .......... .......... .......... 84% 1.70M 55s
209200K .......... .......... .......... .......... .......... 84% 2.00M 55s
209250K .......... .......... .......... .......... .......... 84% 1.66M 55s
209300K .......... .......... .......... .......... .......... 84% 1.94M 55s
209350K .......... .......... .......... .......... .......... 84% 1.92M 54s
209400K .......... .......... .......... .......... .......... 84% 1.63M 54s
209450K .......... .......... .......... .......... .......... 84% 1.85M 54s
209500K .......... .......... .......... .......... .......... 84% 1.57M 54s
209550K .......... .......... .......... .......... .......... 84% 1.82M 54s
209600K .......... .......... .......... .......... .......... 84% 1.79M 54s
209650K .......... .......... .......... .......... .......... 84% 1.52M 54s
209700K .......... .......... .......... .......... .......... 84% 1.75M 54s
209750K .......... .......... .......... .......... .......... 84% 1.49M 54s
209800K .......... .......... .......... .......... .......... 84% 1.69M 54s
209850K .......... .......... .......... .......... .......... 84% 1.69M 54s
209900K .......... .......... .......... .......... .......... 84% 1.43M 54s
209950K .......... .......... .......... .......... .......... 84% 1.64M 53s
210000K .......... .......... .......... .......... .......... 84% 1.40M 53s
210050K .......... .......... .......... .......... .......... 84% 1.62M 53s
210100K .......... .......... .......... .......... .......... 84% 1.60M 53s
210150K .......... .......... .......... .......... .......... 84% 1.34M 53s
210200K .......... .......... .......... .......... .......... 85% 1.56M 53s
210250K .......... .......... .......... .......... .......... 85% 1.33M 53s
210300K .......... .......... .......... .......... .......... 85% 1.51M 53s
210350K .......... .......... .......... .......... .......... 85% 1.51M 53s
210400K .......... .......... .......... .......... .......... 85% 1.29M 53s
210450K .......... .......... .......... .......... .......... 85% 1.48M 53s
210500K .......... .......... .......... .......... .......... 85% 1.25M 53s
210550K .......... .......... .......... .......... .......... 85% 1.46M 53s
210600K .......... .......... .......... .......... .......... 85% 1.44M 52s
210650K .......... .......... .......... .......... .......... 85% 1.21M 52s
210700K .......... .......... .......... .......... .......... 85% 1.41M 52s
210750K .......... .......... .......... .......... .......... 85% 1.20M 52s
210800K .......... .......... .......... .......... .......... 85% 1.37M 52s
210850K .......... .......... .......... .......... .......... 85% 1.37M 52s
210900K .......... .......... .......... .......... .......... 85% 1.16M 52s
210950K .......... .......... .......... .......... .......... 85% 1.34M 52s
211000K .......... .......... .......... .......... .......... 85% 1.14M 52s
211050K .......... .......... .......... .......... .......... 85% 1.32M 52s
211100K .......... .......... .......... .......... .......... 85% 1.28M 52s
211150K .......... .......... .......... .......... .......... 85% 1.10M 52s
211200K .......... .......... .......... .......... .......... 85% 1.28M 52s
211250K .......... .......... .......... .......... .......... 85% 1.09M 51s
211300K .......... .......... .......... .......... .......... 85% 1.26M 51s
211350K .......... .......... .......... .......... .......... 85% 1.25M 51s
211400K .......... .......... .......... .......... .......... 85% 1.06M 51s
211450K .......... .......... .......... .......... .......... 85% 1.22M 51s
211500K .......... .......... .......... .......... .......... 85% 1.04M 51s
211550K .......... .......... .......... .......... .......... 85% 1.21M 51s
211600K .......... .......... .......... .......... .......... 85% 1.19M 51s
211650K .......... .......... .......... .......... .......... 85% 1.02M 51s
211700K .......... .......... .......... .......... .......... 85% 1.18M 51s
211750K .......... .......... .......... .......... .......... 85% 1.00M 51s
211800K .......... .......... .......... .......... .......... 85% 1.15M 51s
211850K .......... .......... .......... .......... .......... 85% 1.15M 51s
211900K .......... .......... .......... .......... .......... 85% 1005K 50s
211950K .......... .......... .......... .......... .......... 85% 1.12M 50s
212000K .......... .......... .......... .......... .......... 85%  985K 50s
212050K .......... .......... .......... .......... .......... 85% 1.11M 50s
212100K .......... .......... .......... .......... .......... 85% 1.11M 50s
212150K .......... .......... .......... .......... .......... 85%  933K 50s
212200K .......... .......... .......... .......... .......... 85% 1.09M 50s
212250K .......... .......... .......... .......... .......... 85%  948K 50s
212300K .......... .......... .......... .......... .......... 85% 1.07M 50s
212350K .......... .......... .......... .......... .......... 85% 1.06M 50s
212400K .......... .......... .......... .......... .......... 85%  925K 50s
212450K .......... .......... .......... .......... .......... 85% 1.05M 50s
212500K .......... .......... .......... .......... .......... 85%  908K 50s
212550K .......... .......... .......... .......... .......... 85% 1.03M 49s
212600K .......... .......... .......... .......... .......... 85% 1.02M 49s
212650K .......... .......... .......... .......... .......... 85%  889K 49s
212700K .......... .......... .......... .......... .......... 86% 1.01M 49s
212750K .......... .......... .......... .......... .......... 86%  871K 49s
212800K .......... .......... .......... .......... .......... 86% 1016K 49s
212850K .......... .......... .......... .......... .......... 86% 1010K 49s
212900K .......... .......... .......... .......... .......... 86%  865K 49s
212950K .......... .......... .......... .......... .......... 86%  995K 49s
213000K .......... .......... .......... .......... .......... 86%  849K 49s
213050K .......... .......... .......... .......... .......... 86%  989K 49s
213100K .......... .......... .......... .......... .......... 86%  976K 49s
213150K .......... .......... .......... .......... .......... 86%  831K 49s
213200K .......... .......... .......... .......... .......... 86%  965K 49s
213250K .......... .......... .......... .......... .......... 86%  814K 48s
213300K .......... .......... .......... .......... .......... 86%  939K 48s
213350K .......... .......... .......... .......... .......... 86%  963K 48s
213400K .......... .......... .......... .......... .......... 86%  812K 48s
213450K .......... .......... .......... .......... .......... 86%  935K 48s
213500K .......... .......... .......... .......... .......... 86%  796K 48s
213550K .......... .......... .......... .......... .......... 86%  925K 48s
213600K .......... .......... .......... .......... .......... 86%  917K 48s
213650K .......... .......... .......... .......... .......... 86%  778K 48s
213700K .......... .......... .......... .......... .......... 86%  912K 48s
213750K .......... .......... .......... .......... .......... 86%  772K 48s
213800K .......... .......... .......... .......... .......... 86%  894K 48s
213850K .......... .......... .......... .......... .......... 86%  891K 48s
213900K .......... .......... .......... .......... .......... 86%  759K 48s
213950K .......... .......... .......... .......... .......... 86%  878K 47s
214000K .......... .......... .......... .......... .......... 86%  747K 47s
214050K .......... .......... .......... .......... .......... 86%  859K 47s
214100K .......... .......... .......... .......... .......... 86%  862K 47s
214150K .......... .......... .......... .......... .......... 86%  732K 47s
214200K .......... .......... .......... .......... .......... 86%  855K 47s
214250K .......... .......... .......... .......... .......... 86%  726K 47s
214300K .......... .......... .......... .......... .......... 86%  843K 47s
214350K .......... .......... .......... .......... .......... 86%  840K 47s
214400K .......... .......... .......... .......... .......... 86%  717K 47s
214450K .......... .......... .......... .......... .......... 86%  827K 47s
214500K .......... .......... .......... .......... .......... 86%  706K 47s
214550K .......... .......... .......... .......... .......... 86%  821K 47s
214600K .......... .......... .......... .......... .......... 86%  814K 46s
214650K .......... .......... .......... .......... .......... 86%  694K 46s
214700K .......... .......... .......... .......... .......... 86%  806K 46s
214750K .......... .......... .......... .......... .......... 86%  689K 46s
214800K .......... .......... .......... .......... .......... 86%  796K 46s
214850K .......... .......... .......... .......... .......... 86%  793K 46s
214900K .......... .......... .......... .......... .......... 86%  678K 46s
214950K .......... .......... .......... .......... .......... 86%  783K 46s
215000K .......... .......... .......... .......... .......... 86%  669K 46s
215050K .......... .......... .......... .......... .......... 86%  776K 46s
215100K .......... .......... .......... .......... .......... 86%  773K 46s
215150K .......... .......... .......... .......... .......... 87%  650K 46s
215200K .......... .......... .......... .......... .......... 87%  764K 46s
215250K .......... .......... .......... .......... .......... 87%  654K 46s
215300K .......... .......... .......... .......... .......... 87%  754K 45s
215350K .......... .......... .......... .......... .......... 87%  753K 45s
215400K .......... .......... .......... .......... .......... 87%  642K 45s
215450K .......... .......... .......... .......... .......... 87%  742K 45s
215500K .......... .......... .......... .......... .......... 87%  634K 45s
215550K .......... .......... .......... .......... .......... 87%  738K 45s
215600K .......... .......... .......... .......... .......... 87%  734K 45s
215650K .......... .......... .......... .......... .......... 87%  624K 45s
215700K .......... .......... .......... .......... .......... 87%  725K 45s
215750K .......... .......... .......... .......... .......... 87%  623K 45s
215800K .......... .......... .......... .......... .......... 87%  716K 45s
215850K .......... .......... .......... .......... .......... 87%  716K 45s
215900K .......... .......... .......... .......... .......... 87%  612K 45s
215950K .......... .......... .......... .......... .......... 87%  708K 45s
216000K .......... .......... .......... .......... .......... 87%  604K 44s
216050K .......... .......... .......... .......... .......... 87%  702K 44s
216100K .......... .......... .......... .......... .......... 87%  696K 44s
216150K .......... .......... .......... .......... .......... 87%  591K 44s
216200K .......... .......... .......... .......... .......... 87%  693K 44s
216250K .......... .......... .......... .......... .......... 87%  591K 44s
216300K .......... .......... .......... .......... .......... 87%  683K 44s
216350K .......... .......... .......... .......... .......... 87%  682K 44s
216400K .......... .......... .......... .......... .......... 87%  583K 44s
216450K .......... .......... .......... .......... .......... 87%  675K 44s
216500K .......... .......... .......... .......... .......... 87%  576K 44s
216550K .......... .......... .......... .......... .......... 87%  671K 44s
216600K .......... .......... .......... .......... .......... 87%  664K 44s
216650K .......... .......... .......... .......... .......... 87%  569K 44s
216700K .......... .......... .......... .......... .......... 87%  662K 44s
216750K .......... .......... .......... .......... .......... 87%  564K 43s
216800K .......... .......... .......... .......... .......... 87%  649K 43s
216850K .......... .......... .......... .......... .......... 87%  655K 43s
216900K .......... .......... .......... .......... .......... 87%  556K 43s
216950K .......... .......... .......... .......... .......... 87%  645K 43s
217000K .......... .......... .......... .......... .......... 87%  552K 43s
217050K .......... .......... .......... .......... .......... 87%  640K 43s
217100K .......... .......... .......... .......... .......... 87%  628K 43s
217150K .......... .......... .......... .......... .......... 87%  544K 43s
217200K .......... .......... .......... .......... .......... 87%  635K 43s
217250K .......... .......... .......... .......... .......... 87%  540K 43s
217300K .......... .......... .......... .......... .......... 87%  621K 43s
217350K .......... .......... .......... .......... .......... 87%  624K 43s
217400K .......... .......... .......... .......... .......... 87%  534K 43s
217450K .......... .......... .......... .......... .......... 87%  618K 42s
217500K .......... .......... .......... .......... .......... 87%  528K 42s
217550K .......... .......... .......... .......... .......... 87%  611K 42s
217600K .......... .......... .......... .......... .......... 87%  612K 42s
217650K .......... .......... .......... .......... .......... 88%  521K 42s
217700K .......... .......... .......... .......... .......... 88%  606K 42s
217750K .......... .......... .......... .......... .......... 88%  518K 42s
217800K .......... .......... .......... .......... .......... 88%  600K 42s
217850K .......... .......... .......... .......... .......... 88%  596K 42s
217900K .......... .......... .......... .......... .......... 88%  513K 42s
217950K .......... .......... .......... .......... .......... 88%  587K 42s
218000K .......... .......... .......... .......... .......... 88%  506K 42s
218050K .......... .......... .......... .......... .......... 88%  589K 42s
218100K .......... .......... .......... .......... .......... 88%  588K 42s
218150K .......... .......... .......... .......... .......... 88%  498K 42s
218200K .......... .......... .......... .......... .......... 88%  582K 41s
218250K .......... .......... .......... .......... .......... 88%  499K 41s
218300K .......... .......... .......... .......... .......... 88%  572K 41s
218350K .......... .......... .......... .......... .......... 88%  577K 41s
218400K .......... .......... .......... .......... .......... 88%  494K 41s
218450K .......... .......... .......... .......... .......... 88%  570K 41s
218500K .......... .......... .......... .......... .......... 88%  485K 41s
218550K .......... .......... .......... .......... .......... 88%  569K 41s
218600K .......... .......... .......... .......... .......... 88%  564K 41s
218650K .......... .......... .......... .......... .......... 88%  478K 41s
218700K .......... .......... .......... .......... .......... 88%  562K 41s
218750K .......... .......... .......... .......... .......... 88%  477K 41s
218800K .......... .......... .......... .......... .......... 88%  553K 41s
218850K .......... .......... .......... .......... .......... 88%  555K 41s
218900K .......... .......... .......... .......... .......... 88%  473K 40s
218950K .......... .......... .......... .......... .......... 88%  549K 40s
219000K .......... .......... .......... .......... .......... 88%  469K 40s
219050K .......... .......... .......... .......... .......... 88%  545K 40s
219100K .......... .......... .......... .......... .......... 88%  543K 40s
219150K .......... .......... .......... .......... .......... 88%  464K 40s
219200K .......... .......... .......... .......... .......... 88%  540K 40s
219250K .......... .......... .......... .......... .......... 88%  461K 40s
219300K .......... .......... .......... .......... .......... 88%  532K 40s
219350K .......... .......... .......... .......... .......... 88%  535K 40s
219400K .......... .......... .......... .......... .......... 88%  456K 40s
219450K .......... .......... .......... .......... .......... 88%  526K 40s
219500K .......... .......... .......... .......... .......... 88%  451K 40s
219550K .......... .......... .......... .......... .......... 88%  526K 40s
219600K .......... .......... .......... .......... .......... 88%  524K 40s
219650K .......... .......... .......... .......... .......... 88%  412K 39s
219700K .......... .......... .......... .......... .......... 88%  517K 39s
219750K .......... .......... .......... .......... .......... 88%  446K 39s
219800K .......... .......... .......... .......... .......... 88%  516K 39s
219850K .......... .......... .......... .......... .......... 88%  512K 39s
219900K .......... .......... .......... .......... .......... 88%  438K 39s
219950K .......... .......... .......... .......... .......... 88%  512K 39s
220000K .......... .......... .......... .......... .......... 88%  437K 39s
220050K .......... .......... .......... .......... .......... 88%  508K 39s
220100K .......... .......... .......... .......... .......... 89%  505K 39s
220150K .......... .......... .......... .......... .......... 89%  430K 39s
220200K .......... .......... .......... .......... .......... 89%  499K 39s
220250K .......... .......... .......... .......... .......... 89%  430K 39s
220300K .......... .......... .......... .......... .......... 89%  497K 39s
220350K .......... .......... .......... .......... .......... 89%  499K 39s
220400K .......... .......... .......... .......... .......... 89%  426K 38s
220450K .......... .......... .......... .......... .......... 89%  489K 38s
220500K .......... .......... .......... .......... .......... 89%  422K 38s
220550K .......... .......... .......... .......... .......... 89%  489K 38s
220600K .......... .......... .......... .......... .......... 89%  489K 38s
220650K .......... .......... .......... .......... .......... 89%  418K 38s
220700K .......... .......... .......... .......... .......... 89%  483K 38s
220750K .......... .......... .......... .......... .......... 89%  418K 38s
220800K .......... .......... .......... .......... .......... 89%  481K 38s
220850K .......... .......... .......... .......... .......... 89%  479K 38s
220900K .......... .......... .......... .......... .......... 89%  396K 38s
220950K .......... .......... .......... .......... .......... 89%  479K 38s
221000K .......... .......... .......... .......... .......... 89%  407K 38s
221050K .......... .......... .......... .......... .......... 89%  475K 38s
221100K .......... .......... .......... .......... .......... 89%  471K 38s
221150K .......... .......... .......... .......... .......... 89%  403K 37s
221200K .......... .......... .......... .......... .......... 89%  471K 37s
221250K .......... .......... .......... .......... .......... 89%  402K 37s
221300K .......... .......... .......... .......... .......... 89%  468K 37s
221350K .......... .......... .......... .......... .......... 89%  467K 37s
221400K .......... .......... .......... .......... .......... 89%  396K 37s
221450K .......... .......... .......... .......... .......... 89%  462K 37s
221500K .......... .......... .......... .......... .......... 89%  392K 37s
221550K .......... .......... .......... .......... .......... 89%  457K 37s
221600K .......... .......... .......... .......... .......... 89%  460K 37s
221650K .......... .......... .......... .......... .......... 89%  390K 37s
221700K .......... .......... .......... .......... .......... 89%  455K 37s
221750K .......... .......... .......... .......... .......... 89%  389K 37s
221800K .......... .......... .......... .......... .......... 89%  452K 37s
221850K .......... .......... .......... .......... .......... 89%  449K 37s
221900K .......... .......... .......... .......... .......... 89%  387K 36s
221950K .......... .......... .......... .......... .......... 89%  446K 36s
222000K .......... .......... .......... .......... .......... 89%  384K 36s
222050K .......... .......... .......... .......... .......... 89%  446K 36s
222100K .......... .......... .......... .......... .......... 89%  443K 36s
222150K .......... .......... .......... .......... .......... 89%  377K 36s
222200K .......... .......... .......... .......... .......... 89%  438K 36s
222250K .......... .......... .......... .......... .......... 89%  379K 36s
222300K .......... .......... .......... .......... .......... 89%  436K 36s
222350K .......... .......... .......... .......... .......... 89%  439K 36s
222400K .......... .......... .......... .......... .......... 89%  549K 36s
222450K .......... .......... .......... .......... .......... 89% 3.55M 36s
222500K .......... .......... .......... .......... .......... 89% 2.85M 36s
222550K .......... .......... .......... .......... .......... 89% 3.07M 36s
222600K .......... .......... .......... .......... .......... 90% 3.12M 35s
222650K .......... .......... .......... .......... .......... 90% 2.66M 35s
222700K .......... .......... .......... .......... .......... 90% 2.91M 35s
222750K .......... .......... .......... .......... .......... 90% 2.51M 35s
222800K .......... .......... .......... .......... .......... 90% 2.87M 35s
222850K .......... .......... .......... .......... .......... 90% 2.83M 35s
222900K .......... .......... .......... .......... .......... 90% 2.47M 35s
222950K .......... .......... .......... .......... .......... 90% 2.81M 35s
223000K .......... .......... .......... .......... .......... 90% 2.38M 35s
223050K .......... .......... .......... .......... .......... 90% 2.76M 35s
223100K .......... .......... .......... .......... .......... 90% 2.68M 35s
223150K .......... .......... .......... .......... .......... 90% 2.25M 35s
223200K .......... .......... .......... .......... .......... 90% 2.61M 35s
223250K .......... .......... .......... .......... .......... 90% 2.19M 34s
223300K .......... .......... .......... .......... .......... 90% 2.47M 34s
223350K .......... .......... .......... .......... .......... 90% 2.46M 34s
223400K .......... .......... .......... .......... .......... 90% 2.09M 34s
223450K .......... .......... .......... .......... .......... 90% 2.34M 34s
223500K .......... .......... .......... .......... .......... 90% 2.00M 34s
223550K .......... .......... .......... .......... .......... 90% 2.30M 34s
223600K .......... .......... .......... .......... .......... 90% 2.27M 34s
223650K .......... .......... .......... .......... .......... 90% 1.88M 34s
223700K .......... .......... .......... .......... .......... 90% 2.21M 34s
223750K .......... .......... .......... .......... .......... 90% 1.85M 34s
223800K .......... .......... .......... .......... .......... 90% 2.11M 34s
223850K .......... .......... .......... .......... .......... 90% 2.07M 34s
223900K .......... .......... .......... .......... .......... 90% 1.79M 33s
223950K .......... .......... .......... .......... .......... 90% 2.03M 33s
224000K .......... .......... .......... .......... .......... 90% 1.72M 33s
224050K .......... .......... .......... .......... .......... 90% 1.99M 33s
224100K .......... .......... .......... .......... .......... 90% 1.94M 33s
224150K .......... .......... .......... .......... .......... 90% 1.65M 33s
224200K .......... .......... .......... .......... .......... 90% 1.89M 33s
224250K .......... .......... .......... .......... .......... 90% 1.62M 33s
224300K .......... .......... .......... .......... .......... 90% 1.84M 33s
224350K .......... .......... .......... .......... .......... 90% 1.78M 33s
224400K .......... .......... .......... .......... .......... 90% 1.56M 33s
224450K .......... .......... .......... .......... .......... 90% 1.77M 33s
224500K .......... .......... .......... .......... .......... 90% 1.51M 33s
224550K .......... .......... .......... .......... .......... 90% 1.74M 32s
224600K .......... .......... .......... .......... .......... 90% 1.67M 32s
224650K .......... .......... .......... .......... .......... 90% 1.45M 32s
224700K .......... .......... .......... .......... .......... 90% 1.16M 32s
224750K .......... .......... .......... .......... .......... 90% 1.43M 32s
224800K .......... .......... .......... .......... .......... 90% 1.63M 32s
224850K .......... .......... .......... .......... .......... 90% 1.62M 32s
224900K .......... .......... .......... .......... .......... 90% 1.38M 32s
224950K .......... .......... .......... .......... .......... 90% 1.58M 32s
225000K .......... .......... .......... .......... .......... 90% 1.35M 32s
225050K .......... .......... .......... .......... .......... 91% 1.55M 32s
225100K .......... .......... .......... .......... .......... 91% 1.54M 32s
225150K .......... .......... .......... .......... .......... 91% 1.29M 32s
225200K .......... .......... .......... .......... .......... 91% 1.51M 32s
225250K .......... .......... .......... .......... .......... 91% 1.28M 31s
225300K .......... .......... .......... .......... .......... 91% 1.46M 31s
225350K .......... .......... .......... .......... .......... 91% 1.45M 31s
225400K .......... .......... .......... .......... .......... 91% 1.24M 31s
225450K .......... .......... .......... .......... .......... 91% 1.41M 31s
225500K .......... .......... .......... .......... .......... 91% 1.19M 31s
225550K .......... .......... .......... .......... .......... 91% 1.40M 31s
225600K .......... .......... .......... .......... .......... 91% 1.39M 31s
225650K .......... .......... .......... .......... .......... 91% 1.17M 31s
225700K .......... .......... .......... .......... .......... 91% 1.36M 31s
225750K .......... .......... .......... .......... .......... 91% 1.16M 31s
225800K .......... .......... .......... .......... .......... 91% 1.32M 31s
225850K .......... .......... .......... .......... .......... 91% 1.32M 31s
225900K .......... .......... .......... .......... .......... 91% 1.12M 30s
225950K .......... .......... .......... .......... .......... 91% 1.29M 30s
226000K .......... .......... .......... .......... .......... 91% 1.11M 30s
226050K .......... .......... .......... .......... .......... 91% 1.28M 30s
226100K .......... .......... .......... .......... .......... 91% 1.22M 30s
226150K .......... .......... .......... .......... .......... 91% 1.07M 30s
226200K .......... .......... .......... .......... .......... 91% 1.24M 30s
226250K .......... .......... .......... .......... .......... 91% 1.05M 30s
226300K .......... .......... .......... .......... .......... 91% 1.21M 30s
226350K .......... .......... .......... .......... .......... 91% 1.21M 30s
226400K .......... .......... .......... .......... .......... 91% 1.01M 30s
226450K .......... .......... .......... .......... .......... 91% 1.18M 30s
226500K .......... .......... .......... .......... .......... 91% 1.01M 30s
226550K .......... .......... .......... .......... .......... 91% 1.18M 30s
226600K .......... .......... .......... .......... .......... 91% 1.16M 29s
226650K .......... .......... .......... .......... .......... 91% 1006K 29s
226700K .......... .......... .......... .......... .......... 91% 1.15M 29s
226750K .......... .......... .......... .......... .......... 91%  993K 29s
226800K .......... .......... .......... .......... .......... 91% 1.12M 29s
226850K .......... .......... .......... .......... .......... 91% 1.12M 29s
226900K .......... .......... .......... .......... .......... 91%  972K 29s
226950K .......... .......... .......... .......... .......... 91% 1.09M 29s
227000K .......... .......... .......... .......... .......... 91%  953K 29s
227050K .......... .......... .......... .......... .......... 91% 1.09M 29s
227100K .......... .......... .......... .......... .......... 91% 1.07M 29s
227150K .......... .......... .......... .......... .......... 91%  932K 29s
227200K .......... .......... .......... .......... .......... 91% 1.06M 29s
227250K .......... .......... .......... .......... .......... 91%  921K 28s
227300K .......... .......... .......... .......... .......... 91% 1.04M 28s
227350K .......... .......... .......... .......... .......... 91% 1.03M 28s
227400K .......... .......... .......... .......... .......... 91%  903K 28s
227450K .......... .......... .......... .......... .......... 91% 1.01M 28s
227500K .......... .......... .......... .......... .......... 91%  889K 28s
227550K .......... .......... .......... .......... .......... 92% 1.01M 28s
227600K .......... .......... .......... .......... .......... 92% 1022K 28s
227650K .......... .......... .......... .......... .......... 92%  865K 28s
227700K .......... .......... .......... .......... .......... 92% 1010K 28s
227750K .......... .......... .......... .......... .......... 92%  859K 28s
227800K .......... .......... .......... .......... .......... 92%  989K 28s
227850K .......... .......... .......... .......... .......... 92%  986K 28s
227900K .......... .......... .......... .......... .......... 92%  832K 28s
227950K .......... .......... .......... .......... .......... 92%  976K 27s
228000K .......... .......... .......... .......... .......... 92%  829K 27s
228050K .......... .......... .......... .......... .......... 92%  964K 27s
228100K .......... .......... .......... .......... .......... 92%  957K 27s
228150K .......... .......... .......... .......... .......... 92%  811K 27s
228200K .......... .......... .......... .......... .......... 92%  945K 27s
228250K .......... .......... .......... .......... .......... 92%  787K 27s
228300K .......... .......... .......... .......... .......... 92%  946K 27s
228350K .......... .......... .......... .......... .......... 92%  927K 27s
228400K .......... .......... .......... .......... .......... 92%  789K 27s
228450K .......... .......... .......... .......... .......... 92%  912K 27s
228500K .......... .......... .......... .......... .......... 92%  777K 27s
228550K .......... .......... .......... .......... .......... 92%  899K 27s
228600K .......... .......... .......... .......... .......... 92%  900K 27s
228650K .......... .......... .......... .......... .......... 92%  762K 26s
228700K .......... .......... .......... .......... .......... 92%  886K 26s
228750K .......... .......... .......... .......... .......... 92%  758K 26s
228800K .......... .......... .......... .......... .......... 92%  870K 26s
228850K .......... .......... .......... .......... .......... 92%  865K 26s
228900K .......... .......... .......... .......... .......... 92%  747K 26s
228950K .......... .......... .......... .......... .......... 92%  855K 26s
229000K .......... .......... .......... .......... .......... 92%  733K 26s
229050K .......... .......... .......... .......... .......... 92%  850K 26s
229100K .......... .......... .......... .......... .......... 92%  845K 26s
229150K .......... .......... .......... .......... .......... 92%  709K 26s
229200K .......... .......... .......... .......... .......... 92%  836K 26s
229250K .......... .......... .......... .......... .......... 92%  715K 26s
229300K .......... .......... .......... .......... .......... 92%  821K 26s
229350K .......... .......... .......... .......... .......... 92%  823K 25s
229400K .......... .......... .......... .......... .......... 92%  698K 25s
229450K .......... .......... .......... .......... .......... 92%  810K 25s
229500K .......... .......... .......... .......... .......... 92%  692K 25s
229550K .......... .......... .......... .......... .......... 92%  805K 25s
229600K .......... .......... .......... .......... .......... 92%  782K 25s
229650K .......... .......... .......... .......... .......... 92%  676K 25s
229700K .......... .......... .......... .......... .......... 92%  795K 25s
229750K .......... .......... .......... .......... .......... 92%  673K 25s
229800K .......... .......... .......... .......... .......... 92%  780K 25s
229850K .......... .......... .......... .......... .......... 92%  778K 25s
229900K .......... .......... .......... .......... .......... 92%  664K 25s
229950K .......... .......... .......... .......... .......... 92%  768K 25s
230000K .......... .......... .......... .......... .......... 93%  655K 25s
230050K .......... .......... .......... .......... .......... 93%  762K 24s
230100K .......... .......... .......... .......... .......... 93%  753K 24s
230150K .......... .......... .......... .......... .......... 93%  646K 24s
230200K .......... .......... .......... .......... .......... 93%  746K 24s
230250K .......... .......... .......... .......... .......... 93%  636K 24s
230300K .......... .......... .......... .......... .......... 93%  740K 24s
230350K .......... .......... .......... .......... .......... 93%  739K 24s
230400K .......... .......... .......... .......... .......... 93%  631K 24s
230450K .......... .......... .......... .......... .......... 93%  729K 24s
230500K .......... .......... .......... .......... .......... 93%  623K 24s
230550K .......... .......... .......... .......... .......... 93%  722K 24s
230600K .......... .......... .......... .......... .......... 93%  719K 24s
230650K .......... .......... .......... .......... .......... 93%  615K 24s
230700K .......... .......... .......... .......... .......... 93%  714K 24s
230750K .......... .......... .......... .......... .......... 93%  609K 23s
230800K .......... .......... .......... .......... .......... 93%  705K 23s
230850K .......... .......... .......... .......... .......... 93%  702K 23s
230900K .......... .......... .......... .......... .......... 93%  601K 23s
230950K .......... .......... .......... .......... .......... 93%  695K 23s
231000K .......... .......... .......... .......... .......... 93%  592K 23s
231050K .......... .......... .......... .......... .......... 93%  690K 23s
231100K .......... .......... .......... .......... .......... 93%  686K 23s
231150K .......... .......... .......... .......... .......... 93%  584K 23s
231200K .......... .......... .......... .......... .......... 93%  673K 23s
231250K .......... .......... .......... .......... .......... 93%  581K 23s
231300K .......... .......... .......... .......... .......... 93%  672K 23s
231350K .......... .......... .......... .......... .......... 93%  671K 23s
231400K .......... .......... .......... .......... .......... 93%  572K 23s
231450K .......... .......... .......... .......... .......... 93%  664K 22s
231500K .......... .......... .......... .......... .......... 93%  566K 22s
231550K .......... .......... .......... .......... .......... 93%  659K 22s
231600K .......... .......... .......... .......... .......... 93%  655K 22s
231650K .......... .......... .......... .......... .......... 93%  558K 22s
231700K .......... .......... .......... .......... .......... 93%  651K 22s
231750K .......... .......... .......... .......... .......... 93%  554K 22s
231800K .......... .......... .......... .......... .......... 93%  643K 22s
231850K .......... .......... .......... .......... .......... 93%  634K 22s
231900K .......... .......... .......... .......... .......... 93%  552K 22s
231950K .......... .......... .......... .......... .......... 93%  634K 22s
232000K .......... .......... .......... .......... .......... 93%  541K 22s
232050K .......... .......... .......... .......... .......... 93%  630K 22s
232100K .......... .......... .......... .......... .......... 93%  587K 22s
232150K .......... .......... .......... .......... .......... 93%  556K 21s
232200K .......... .......... .......... .......... .......... 93%  621K 21s
232250K .......... .......... .......... .......... .......... 93%  532K 21s
232300K .......... .......... .......... .......... .......... 93%  616K 21s
232350K .......... .......... .......... .......... .......... 93%  609K 21s
232400K .......... .......... .......... .......... .......... 93%  525K 21s
232450K .......... .......... .......... .......... .......... 93%  612K 21s
232500K .......... .......... .......... .......... .......... 94%  517K 21s
232550K .......... .......... .......... .......... .......... 94%  605K 21s
232600K .......... .......... .......... .......... .......... 94%  603K 21s
232650K .......... .......... .......... .......... .......... 94%  513K 21s
232700K .......... .......... .......... .......... .......... 94%  595K 21s
232750K .......... .......... .......... .......... .......... 94%  509K 21s
232800K .......... .......... .......... .......... .......... 94%  593K 21s
232850K .......... .......... .......... .......... .......... 94%  589K 21s
232900K .......... .......... .......... .......... .......... 94%  503K 20s
232950K .......... .......... .......... .......... .......... 94%  580K 20s
233000K .......... .......... .......... .......... .......... 94%  500K 20s
233050K .......... .......... .......... .......... .......... 94%  580K 20s
233100K .......... .......... .......... .......... .......... 94%  579K 20s
233150K .......... .......... .......... .......... .......... 94%  492K 20s
233200K .......... .......... .......... .......... .......... 94%  569K 20s
233250K .......... .......... .......... .......... .......... 94%  494K 20s
233300K .......... .......... .......... .......... .......... 94%  567K 20s
233350K .......... .......... .......... .......... .......... 94%  564K 20s
233400K .......... .......... .......... .......... .......... 94%  485K 20s
233450K .......... .......... .......... .......... .......... 94%  562K 20s
233500K .......... .......... .......... .......... .......... 94%  479K 20s
233550K .......... .......... .......... .......... .......... 94%  554K 20s
233600K .......... .......... .......... .......... .......... 94%  559K 19s
233650K .......... .......... .......... .......... .......... 94%  475K 19s
233700K .......... .......... .......... .......... .......... 94%  547K 19s
233750K .......... .......... .......... .......... .......... 94%  469K 19s
233800K .......... .......... .......... .......... .......... 94%  543K 19s
233850K .......... .......... .......... .......... .......... 94%  547K 19s
233900K .......... .......... .......... .......... .......... 94%  466K 19s
233950K .......... .......... .......... .......... .......... 94%  538K 19s
234000K .......... .......... .......... .......... .......... 94%  462K 19s
234050K .......... .......... .......... .......... .......... 94%  541K 19s
234100K .......... .......... .......... .......... .......... 94%  534K 19s
234150K .......... .......... .......... .......... .......... 94%  456K 19s
234200K .......... .......... .......... .......... .......... 94%  534K 19s
234250K .......... .......... .......... .......... .......... 94%  452K 19s
234300K .......... .......... .......... .......... .......... 94%  529K 18s
234350K .......... .......... .......... .......... .......... 94%  526K 18s
234400K .......... .......... .......... .......... .......... 94%  450K 18s
234450K .......... .......... .......... .......... .......... 94%  521K 18s
234500K .......... .......... .......... .......... .......... 94%  441K 18s
234550K .......... .......... .......... .......... .......... 94%  518K 18s
234600K .......... .......... .......... .......... .......... 94%  513K 18s
234650K .......... .......... .......... .......... .......... 94%  445K 18s
234700K .......... .......... .......... .......... .......... 94%  511K 18s
234750K .......... .......... .......... .......... .......... 94%  440K 18s
234800K .......... .......... .......... .......... .......... 94%  506K 18s
234850K .......... .......... .......... .......... .......... 94%  507K 18s
234900K .......... .......... .......... .......... .......... 94%  433K 18s
234950K .......... .......... .......... .......... .......... 95%  505K 18s
235000K .......... .......... .......... .......... .......... 95%  431K 18s
235050K .......... .......... .......... .......... .......... 95%  501K 17s
235100K .......... .......... .......... .......... .......... 95%  498K 17s
235150K .......... .......... .......... .......... .......... 95%  425K 17s
235200K .......... .......... .......... .......... .......... 95%  491K 17s
235250K .......... .......... .......... .......... .......... 95%  424K 17s
235300K .......... .......... .......... .......... .......... 95%  492K 17s
235350K .......... .......... .......... .......... .......... 95%  488K 17s
235400K .......... .......... .......... .......... .......... 95%  421K 17s
235450K .......... .......... .......... .......... .......... 95%  486K 17s
235500K .......... .......... .......... .......... .......... 95%  416K 17s
235550K .......... .......... .......... .......... .......... 95%  484K 17s
235600K .......... .......... .......... .......... .......... 95%  483K 17s
235650K .......... .......... .......... .......... .......... 95%  410K 17s
235700K .......... .......... .......... .......... .......... 95%  481K 17s
235750K .......... .......... .......... .......... .......... 95%  410K 16s
235800K .......... .......... .......... .......... .......... 95%  472K 16s
235850K .......... .......... .......... .......... .......... 95%  474K 16s
235900K .......... .......... .......... .......... .......... 95%  405K 16s
235950K .......... .......... .......... .......... .......... 95%  471K 16s
236000K .......... .......... .......... .......... .......... 95%  402K 16s
236050K .......... .......... .......... .......... .......... 95%  470K 16s
236100K .......... .......... .......... .......... .......... 95%  466K 16s
236150K .......... .......... .......... .......... .......... 95%  399K 16s
236200K .......... .......... .......... .......... .......... 95%  465K 16s
236250K .......... .......... .......... .......... .......... 95%  397K 16s
236300K .......... .......... .......... .......... .......... 95%  459K 16s
236350K .......... .......... .......... .......... .......... 95%  461K 16s
236400K .......... .......... .......... .......... .......... 95%  393K 16s
236450K .......... .......... .......... .......... .......... 95%  456K 16s
236500K .......... .......... .......... .......... .......... 95%  389K 15s
236550K .......... .......... .......... .......... .......... 95%  452K 15s
236600K .......... .......... .......... .......... .......... 95%  453K 15s
236650K .......... .......... .......... .......... .......... 95%  388K 15s
236700K .......... .......... .......... .......... .......... 95%  450K 15s
236750K .......... .......... .......... .......... .......... 95%  384K 15s
236800K .......... .......... .......... .......... .......... 95%  447K 15s
236850K .......... .......... .......... .......... .......... 95%  446K 15s
236900K .......... .......... .......... .......... .......... 95%  382K 15s
236950K .......... .......... .......... .......... .......... 95%  441K 15s
237000K .......... .......... .......... .......... .......... 95%  380K 15s
237050K .......... .......... .......... .......... .......... 95%  438K 15s
237100K .......... .......... .......... .......... .......... 95%  435K 15s
237150K .......... .......... .......... .......... .......... 95%  364K 15s
237200K .......... .......... .......... .......... .......... 95%  438K 14s
237250K .......... .......... .......... .......... .......... 95%  760K 14s
237300K .......... .......... .......... .......... .......... 95% 1.11M 14s
237350K .......... .......... .......... .......... .......... 95% 1.13M 14s
237400K .......... .......... .......... .......... .......... 96%  699K 14s
237450K .......... .......... .......... .......... .......... 96%  948K 14s
237500K .......... .......... .......... .......... .......... 96%  994K 14s
237550K .......... .......... .......... .......... .......... 96% 1.13M 14s
237600K .......... .......... .......... .......... .......... 96% 1.11M 14s
237650K .......... .......... .......... .......... .......... 96%  973K 14s
237700K .......... .......... .......... .......... .......... 96% 1.10M 14s
237750K .......... .......... .......... .......... .......... 96%  960K 14s
237800K .......... .......... .......... .......... .......... 96% 1.07M 14s
237850K .......... .......... .......... .......... .......... 96% 1.08M 14s
237900K .......... .......... .......... .......... .......... 96%  939K 13s
237950K .......... .......... .......... .......... .......... 96% 1.06M 13s
238000K .......... .......... .......... .......... .......... 96%  922K 13s
238050K .......... .......... .......... .......... .......... 96% 1.04M 13s
238100K .......... .......... .......... .......... .......... 96% 1.03M 13s
238150K .......... .......... .......... .......... .......... 96%  902K 13s
238200K .......... .......... .......... .......... .......... 96% 1.02M 13s
238250K .......... .......... .......... .......... .......... 96%  893K 13s
238300K .......... .......... .......... .......... .......... 96% 1.01M 13s
238350K .......... .......... .......... .......... .......... 96% 1023K 13s
238400K .......... .......... .......... .......... .......... 96%  863K 13s
238450K .......... .......... .......... .......... .......... 96% 1007K 13s
238500K .......... .......... .......... .......... .......... 96%  860K 13s
238550K .......... .......... .......... .......... .......... 96%  998K 13s
238600K .......... .......... .......... .......... .......... 96%  986K 12s
238650K .......... .......... .......... .......... .......... 96%  845K 12s
238700K .......... .......... .......... .......... .......... 96%  978K 12s
238750K .......... .......... .......... .......... .......... 96%  831K 12s
238800K .......... .......... .......... .......... .......... 96%  961K 12s
238850K .......... .......... .......... .......... .......... 96%  957K 12s
238900K .......... .......... .......... .......... .......... 96%  818K 12s
238950K .......... .......... .......... .......... .......... 96%  944K 12s
239000K .......... .......... .......... .......... .......... 96%  804K 12s
239050K .......... .......... .......... .......... .......... 96%  937K 12s
239100K .......... .......... .......... .......... .......... 96%  930K 12s
239150K .......... .......... .......... .......... .......... 96%  784K 12s
239200K .......... .......... .......... .......... .......... 96%  922K 12s
239250K .......... .......... .......... .......... .......... 96%  781K 12s
239300K .......... .......... .......... .......... .......... 96%  899K 11s
239350K .......... .......... .......... .......... .......... 96%  897K 11s
239400K .......... .......... .......... .......... .......... 96%  747K 11s
239450K .......... .......... .......... .......... .......... 96%  889K 11s
239500K .......... .......... .......... .......... .......... 96%  757K 11s
239550K .......... .......... .......... .......... .......... 96%  876K 11s
239600K .......... .......... .......... .......... .......... 96%  872K 11s
239650K .......... .......... .......... .......... .......... 96%  740K 11s
239700K .......... .......... .......... .......... .......... 96%  855K 11s
239750K .......... .......... .......... .......... .......... 96%  735K 11s
239800K .......... .......... .......... .......... .......... 96%  851K 11s
239850K .......... .......... .......... .......... .......... 96%  845K 11s
239900K .......... .......... .......... .......... .......... 97%  724K 11s
239950K .......... .......... .......... .......... .......... 97%  836K 10s
240000K .......... .......... .......... .......... .......... 97%  712K 10s
240050K .......... .......... .......... .......... .......... 97%  829K 10s
240100K .......... .......... .......... .......... .......... 97%  822K 10s
240150K .......... .......... .......... .......... .......... 97%  701K 10s
240200K .......... .......... .......... .......... .......... 97%  813K 10s
240250K .......... .......... .......... .......... .......... 97%  695K 10s
240300K .......... .......... .......... .......... .......... 97%  802K 10s
240350K .......... .......... .......... .......... .......... 97%  802K 10s
240400K .......... .......... .......... .......... .......... 97%  683K 10s
240450K .......... .......... .......... .......... .......... 97%  790K 10s
240500K .......... .......... .......... .......... .......... 97%  675K 10s
240550K .......... .......... .......... .......... .......... 97%  784K 10s
240600K .......... .......... .......... .......... .......... 97%  780K 10s
240650K .......... .......... .......... .......... .......... 97%  660K 9s
240700K .......... .......... .......... .......... .......... 97%  774K 9s
240750K .......... .......... .......... .......... .......... 97%  659K 9s
240800K .......... .......... .......... .......... .......... 97%  759K 9s
240850K .......... .......... .......... .......... .......... 97%  751K 9s
240900K .......... .......... .......... .......... .......... 97%  647K 9s
240950K .......... .......... .......... .......... .......... 97%  753K 9s
241000K .......... .......... .......... .......... .......... 97%  639K 9s
241050K .......... .......... .......... .......... .......... 97%  744K 9s
241100K .......... .......... .......... .......... .......... 97%  740K 9s
241150K .......... .......... .......... .......... .......... 97%  630K 9s
241200K .......... .......... .......... .......... .......... 97%  732K 9s
241250K .......... .......... .......... .......... .......... 97%  626K 9s
241300K .......... .......... .......... .......... .......... 97%  723K 9s
241350K .......... .......... .......... .......... .......... 97%  722K 8s
241400K .......... .......... .......... .......... .......... 97%  617K 8s
241450K .......... .......... .......... .......... .......... 97%  713K 8s
241500K .......... .......... .......... .......... .......... 97%  610K 8s
241550K .......... .......... .......... .......... .......... 97%  707K 8s
241600K .......... .......... .......... .......... .......... 97%  705K 8s
241650K .......... .......... .......... .......... .......... 97%  594K 8s
241700K .......... .......... .......... .......... .......... 97%  707K 8s
241750K .......... .......... .......... .......... .......... 97%  596K 8s
241800K .......... .......... .......... .......... .......... 97%  688K 8s
241850K .......... .......... .......... .......... .......... 97%  677K 8s
241900K .......... .......... .......... .......... .......... 97%  582K 8s
241950K .......... .......... .......... .......... .......... 97%  682K 8s
242000K .......... .......... .......... .......... .......... 97%  581K 8s
242050K .......... .......... .......... .......... .......... 97%  674K 7s
242100K .......... .......... .......... .......... .......... 97%  669K 7s
242150K .......... .......... .......... .......... .......... 97%  574K 7s
242200K .......... .......... .......... .......... .......... 97%  665K 7s
242250K .......... .......... .......... .......... .......... 97%  569K 7s
242300K .......... .......... .......... .......... .......... 97%  656K 7s
242350K .......... .......... .......... .......... .......... 98%  656K 7s
242400K .......... .......... .......... .......... .......... 98%  562K 7s
242450K .......... .......... .......... .......... .......... 98%  651K 7s
242500K .......... .......... .......... .......... .......... 98%  554K 7s
242550K .......... .......... .......... .......... .......... 98%  644K 7s
242600K .......... .......... .......... .......... .......... 98%  643K 7s
242650K .......... .......... .......... .......... .......... 98%  547K 7s
242700K .......... .......... .......... .......... .......... 98%  631K 7s
242750K .......... .......... .......... .......... .......... 98%  543K 6s
242800K .......... .......... .......... .......... .......... 98%  624K 6s
242850K .......... .......... .......... .......... .......... 98%  635K 6s
242900K .......... .......... .......... .......... .......... 98%  536K 6s
242950K .......... .......... .......... .......... .......... 98%  622K 6s
243000K .......... .......... .......... .......... .......... 98%  532K 6s
243050K .......... .......... .......... .......... .......... 98%  619K 6s
243100K .......... .......... .......... .......... .......... 98%  614K 6s
243150K .......... .......... .......... .......... .......... 98%  524K 6s
243200K .......... .......... .......... .......... .......... 98%  612K 6s
243250K .......... .......... .......... .......... .......... 98%  521K 6s
243300K .......... .......... .......... .......... .......... 98%  600K 6s
243350K .......... .......... .......... .......... .......... 98%  600K 6s
243400K .......... .......... .......... .......... .......... 98%  516K 6s
243450K .......... .......... .......... .......... .......... 98%  601K 5s
243500K .......... .......... .......... .......... .......... 98%  507K 5s
243550K .......... .......... .......... .......... .......... 98%  595K 5s
243600K .......... .......... .......... .......... .......... 98%  585K 5s
243650K .......... .......... .......... .......... .......... 98%  502K 5s
243700K .......... .......... .......... .......... .......... 98%  579K 5s
243750K .......... .......... .......... .......... .......... 98%  506K 5s
243800K .......... .......... .......... .......... .......... 98%  583K 5s
243850K .......... .......... .......... .......... .......... 98%  578K 5s
243900K .......... .......... .......... .......... .......... 98%  497K 5s
243950K .......... .......... .......... .......... .......... 98%  573K 5s
244000K .......... .......... .......... .......... .......... 98%  491K 5s
244050K .......... .......... .......... .......... .......... 98%  566K 5s
244100K .......... .......... .......... .......... .......... 98%  569K 5s
244150K .......... .......... .......... .......... .......... 98%  481K 5s
244200K .......... .......... .......... .......... .......... 98%  565K 4s
244250K .......... .......... .......... .......... .......... 98%  481K 4s
244300K .......... .......... .......... .......... .......... 98%  563K 4s
244350K .......... .......... .......... .......... .......... 98%  557K 4s
244400K .......... .......... .......... .......... .......... 98%  472K 4s
244450K .......... .......... .......... .......... .......... 98%  551K 4s
244500K .......... .......... .......... .......... .......... 98%  472K 4s
244550K .......... .......... .......... .......... .......... 98%  548K 4s
244600K .......... .......... .......... .......... .......... 98%  548K 4s
244650K .......... .......... .......... .......... .......... 98%  463K 4s
244700K .......... .......... .......... .......... .......... 98%  541K 4s
244750K .......... .......... .......... .......... .......... 98%  465K 4s
244800K .......... .......... .......... .......... .......... 98%  537K 4s
244850K .......... .......... .......... .......... .......... 99%  534K 4s
244900K .......... .......... .......... .......... .......... 99%  459K 3s
244950K .......... .......... .......... .......... .......... 99%  533K 3s
245000K .......... .......... .......... .......... .......... 99%  454K 3s
245050K .......... .......... .......... .......... .......... 99%  526K 3s
245100K .......... .......... .......... .......... .......... 99%  527K 3s
245150K .......... .......... .......... .......... .......... 99%  449K 3s
245200K .......... .......... .......... .......... .......... 99%  525K 3s
245250K .......... .......... .......... .......... .......... 99%  447K 3s
245300K .......... .......... .......... .......... .......... 99%  514K 3s
245350K .......... .......... .......... .......... .......... 99%  517K 3s
245400K .......... .......... .......... .......... .......... 99%  444K 3s
245450K .......... .......... .......... .......... .......... 99%  511K 3s
245500K .......... .......... .......... .......... .......... 99%  441K 3s
245550K .......... .......... .......... .......... .......... 99%  510K 2s
245600K .......... .......... .......... .......... .......... 99%  506K 2s
245650K .......... .......... .......... .......... .......... 99%  432K 2s
245700K .......... .......... .......... .......... .......... 99%  506K 2s
245750K .......... .......... .......... .......... .......... 99%  431K 2s
245800K .......... .......... .......... .......... .......... 99%  502K 2s
245850K .......... .......... .......... .......... .......... 99%  423K 2s
245900K .......... .......... .......... .......... .......... 99%  496K 2s
245950K .......... .......... .......... .......... .......... 99%  494K 2s
246000K .......... .......... .......... .......... .......... 99%  416K 2s
246050K .......... .......... .......... .......... .......... 99%  496K 2s
246100K .......... .......... .......... .......... .......... 99%  419K 2s
246150K .......... .......... .......... .......... .......... 99%  491K 2s
246200K .......... .......... .......... .......... .......... 99%  488K 2s
246250K .......... .......... .......... .......... .......... 99%  418K 1s
246300K .......... .......... .......... .......... .......... 99%  482K 1s
246350K .......... .......... .......... .......... .......... 99%  414K 1s
246400K .......... .......... .......... .......... .......... 99%  483K 1s
246450K .......... .......... .......... .......... .......... 99%  482K 1s
246500K .......... .......... .......... .......... .......... 99%  405K 1s
246550K .......... .......... .......... .......... .......... 99%  481K 1s
246600K .......... .......... .......... .......... .......... 99%  407K 1s
246650K .......... .......... .......... .......... .......... 99%  472K 1s
246700K .......... .......... .......... .......... .......... 99%  471K 1s
246750K .......... .......... .......... .......... .......... 99%  403K 1s
246800K .......... .......... .......... .......... .......... 99%  469K 1s
246850K .......... .......... .......... .......... .......... 99%  399K 1s
246900K .......... .......... .......... .......... .......... 99%  469K 1s
246950K .......... .......... .......... .......... .......... 99%  465K 0s
247000K .......... .......... .......... .......... .......... 99%  399K 0s
247050K .......... .......... .......... .......... .......... 99%  461K 0s
247100K .......... .......... .......... .......... .......... 99%  394K 0s
247150K .......... .......... .......... .......... .......... 99%  458K 0s
247200K .......... .......... .......... .......... .......... 99%  456K 0s
247250K .......... .......... .......... .......... .......... 99%  391K 0s
247300K .......... .......... .......... ..........           100%  446K=5m57s

2026-05-31 18:42:08 (694 KB/s) - ‘data/expression_raw/GSE68310/GSE68310_non-normalized.txt.gz’ saved [253276917/253276917]

