--2026-05-31 18:01:34--  https://ftp.ncbi.nlm.nih.gov/geo/series/GSE68nnn/GSE68310/matrix/GSE68310_series_matrix.txt.gz
Resolving ftp.ncbi.nlm.nih.gov (ftp.ncbi.nlm.nih.gov)... 130.14.250.13, 130.14.250.31, 2607:f220:41e:250::7, ...
Connecting to ftp.ncbi.nlm.nih.gov (ftp.ncbi.nlm.nih.gov)|130.14.250.13|:443... connected.
HTTP request sent, awaiting response... 200 OK
Length: 204934272 (195M) [application/x-gzip]
Saving to: ‘data/metadata_raw/GSE68310/GSE68310_series_matrix.txt.gz’

     0K .......... .......... .......... .......... ..........  0% 58.2K 57m18s
    50K .......... .......... .......... .......... ..........  0%  127K 41m48s
   100K .......... .......... .......... .......... ..........  0%  188K 33m46s
   150K .......... .......... .......... .......... ..........  0%  192K 29m39s
   200K .......... .......... .......... .......... ..........  0%  193K 27m10s
   250K .......... .......... .......... .......... ..........  0%  374K 24m7s
   300K .......... .......... .......... .......... ..........  0%  281K 22m21s
   350K .......... .......... .......... .......... ..........  0%  206K 21m35s
   400K .......... .......... .......... .......... ..........  0%  240K 20m43s
   450K .......... .......... .......... .......... ..........  0%  226K 20m7s
   500K .......... .......... .......... .......... ..........  0%  273K 19m23s
   550K .......... .......... .......... .......... ..........  0%  240K 18m55s
   600K .......... .......... .......... .......... ..........  0%  212K 18m40s
   650K .......... .......... .......... .......... ..........  0%  239K 18m19s
   700K .......... .......... .......... .......... ..........  0%  199K 18m13s
   750K .......... .......... .......... .......... ..........  0% 48.2K 21m23s
   800K .......... .......... .......... .......... ..........  0% 5.12M 20m9s
   850K .......... .......... .......... .......... ..........  0% 4.36M 19m4s
   900K .......... .......... .......... .......... ..........  0% 5.14M 18m6s
   950K .......... .......... .......... .......... ..........  0%  235K 17m54s
  1000K .......... .......... .......... .......... ..........  0%  193K 17m51s
  1050K .......... .......... .......... .......... ..........  0%  298K 17m33s
  1100K .......... .......... .......... .......... ..........  0%  231K 17m24s
  1150K .......... .......... .......... .......... ..........  0%  213K 17m19s
  1200K .......... .......... .......... .......... ..........  0%  350K 17m0s
  1250K .......... .......... .......... .......... ..........  0%  218K 16m56s
  1300K .......... .......... .......... .......... ..........  0%  426K 16m35s
  1350K .......... .......... .......... .......... ..........  0%  251K 16m28s
  1400K .......... .......... .......... .......... ..........  0%  271K 16m19s
  1450K .......... .......... .......... .......... ..........  0%  407K 16m2s
  1500K .......... .......... .......... .......... ..........  0%  250K 15m56s
  1550K .......... .......... .......... .......... ..........  0%  290K 15m48s
  1600K .......... .......... .......... .......... ..........  0%  371K 15m35s
  1650K .......... .......... .......... .......... ..........  0%  352K 15m24s
  1700K .......... .......... .......... .......... ..........  0%  229K 15m22s
  1750K .......... .......... .......... .......... ..........  0% 71.3K 16m13s
  1800K .......... .......... .......... .......... ..........  0% 3.48M 15m48s
  1850K .......... .......... .......... .......... ..........  0% 2.86M 15m25s
  1900K .......... .......... .......... .......... ..........  0% 3.29M 15m2s
  1950K .......... .......... .......... .......... ..........  0%  339K 14m54s
  2000K .......... .......... .......... .......... ..........  1%  164K 15m2s
  2050K .......... .......... .......... .......... ..........  1%  291K 14m56s
  2100K .......... .......... .......... .......... ..........  1%  212K 14m57s
  2150K .......... .......... .......... .......... ..........  1%  235K 14m56s
  2200K .......... .......... .......... .......... ..........  1%  213K 14m56s
  2250K .......... .......... .......... .......... ..........  1%  274K 14m52s
  2300K .......... .......... .......... .......... ..........  1%  238K 14m51s
  2350K .......... .......... .......... .......... ..........  1%  220K 14m51s
  2400K .......... .......... .......... .......... ..........  1%  193K 14m53s
  2450K .......... .......... .......... .......... ..........  1%  282K 14m49s
  2500K .......... .......... .......... .......... ..........  1%  315K 14m44s
  2550K .......... .......... .......... .......... ..........  1%  171K 14m49s
  2600K .......... .......... .......... .......... ..........  1% 92.4K 15m12s
  2650K .......... .......... .......... .......... ..........  1%  108K 15m29s
  2700K .......... .......... .......... .......... ..........  1% 86.7K 15m53s
  2750K .......... .......... .......... .......... ..........  1%  151K 15m59s
  2800K .......... .......... .......... .......... ..........  1%  256K 15m56s
  2850K .......... .......... .......... .......... ..........  1%  213K 15m55s
  2900K .......... .......... .......... .......... ..........  1%  180K 15m57s
  2950K .......... .......... .......... .......... ..........  1%  245K 15m54s
  3000K .......... .......... .......... .......... ..........  1%  321K 15m48s
  3050K .......... .......... .......... .......... ..........  1%  328K 15m42s
  3100K .......... .......... .......... .......... ..........  1%  191K 15m44s
  3150K .......... .......... .......... .......... ..........  1%  296K 15m39s
  3200K .......... .......... .......... .......... ..........  1%  220K 15m38s
  3250K .......... .......... .......... .......... ..........  1%  293K 15m34s
  3300K .......... .......... .......... .......... ..........  1%  120K 15m44s
  3350K .......... .......... .......... .......... ..........  1%  403K 15m37s
  3400K .......... .......... .......... .......... ..........  1%  159K 15m41s
  3450K .......... .......... .......... .......... ..........  1%  233K 15m40s
  3500K .......... .......... .......... .......... ..........  1%  290K 15m36s
  3550K .......... .......... .......... .......... ..........  1%  524K 15m28s
  3600K .......... .......... .......... .......... ..........  1%  259K 15m25s
  3650K .......... .......... .......... .......... ..........  1%  323K 15m21s
  3700K .......... .......... .......... .......... ..........  1%  263K 15m18s
  3750K .......... .......... .......... .......... ..........  1%  346K 15m13s
  3800K .......... .......... .......... .......... ..........  1%  387K 15m8s
  3850K .......... .......... .......... .......... ..........  1%  181K 15m10s
  3900K .......... .......... .......... .......... ..........  1%  371K 15m5s
  3950K .......... .......... .......... .......... ..........  1%  315K 15m1s
  4000K .......... .......... .......... .......... ..........  2%  194K 15m2s
  4050K .......... .......... .......... .......... ..........  2%  228K 15m1s
  4100K .......... .......... .......... .......... ..........  2%  159K 15m5s
  4150K .......... .......... .......... .......... ..........  2%  177K 15m7s
  4200K .......... .......... .......... .......... ..........  2%  224K 15m7s
  4250K .......... .......... .......... .......... ..........  2%  357K 15m2s
  4300K .......... .......... .......... .......... ..........  2%  243K 15m1s
  4350K .......... .......... .......... .......... ..........  2%  179K 15m3s
  4400K .......... .......... .......... .......... ..........  2%  229K 15m2s
  4450K .......... .......... .......... .......... ..........  2%  197K 15m3s
  4500K .......... .......... .......... .......... ..........  2%  229K 15m2s
  4550K .......... .......... .......... .......... ..........  2%  212K 15m2s
  4600K .......... .......... .......... .......... ..........  2%  233K 15m1s
  4650K .......... .......... .......... .......... ..........  2%  299K 14m58s
  4700K .......... .......... .......... .......... ..........  2%  216K 14m58s
  4750K .......... .......... .......... .......... ..........  2%  236K 14m57s
  4800K .......... .......... .......... .......... ..........  2%  347K 14m54s
  4850K .......... .......... .......... .......... ..........  2%  319K 14m51s
  4900K .......... .......... .......... .......... ..........  2%  254K 14m49s
  4950K .......... .......... .......... .......... ..........  2%  419K 14m45s
  5000K .......... .......... .......... .......... ..........  2%  362K 14m41s
  5050K .......... .......... .......... .......... ..........  2%  363K 14m37s
  5100K .......... .......... .......... .......... ..........  2%  341K 14m34s
  5150K .......... .......... .......... .......... ..........  2%  453K 14m30s
  5200K .......... .......... .......... .......... ..........  2%  404K 14m26s
  5250K .......... .......... .......... .......... ..........  2%  368K 14m22s
  5300K .......... .......... .......... .......... ..........  2%  403K 14m19s
  5350K .......... .......... .......... .......... ..........  2%  408K 14m15s
  5400K .......... .......... .......... .......... ..........  2%  515K 14m10s
  5450K .......... .......... .......... .......... ..........  2%  421K 14m7s
  5500K .......... .......... .......... .......... ..........  2%  516K 14m2s
  5550K .......... .......... .......... .......... ..........  2%  457K 13m58s
  5600K .......... .......... .......... .......... ..........  2%  437K 13m54s
  5650K .......... .......... .......... .......... ..........  2%  517K 13m50s
  5700K .......... .......... .......... .......... ..........  2%  435K 13m47s
  5750K .......... .......... .......... .......... ..........  2%  511K 13m43s
  5800K .......... .......... .......... .......... ..........  2%  546K 13m38s
  5850K .......... .......... .......... .......... ..........  2%  443K 13m35s
  5900K .......... .......... .......... .......... ..........  2%  416K 13m32s
  5950K .......... .......... .......... .......... ..........  2%  268K 13m31s
  6000K .......... .......... .......... .......... ..........  3%  440K 13m28s
  6050K .......... .......... .......... .......... ..........  3%  568K 13m24s
  6100K .......... .......... .......... .......... ..........  3% 18.1K 14m44s
  6150K .......... .......... .......... .......... ..........  3%  461K 14m40s
  6200K .......... .......... .......... .......... ..........  3% 1.42M 14m34s
  6250K .......... .......... .......... .......... ..........  3% 5.35M 14m27s
  6300K .......... .......... .......... .......... ..........  3%  865K 14m22s
  6350K .......... .......... .......... .......... ..........  3%  429K 14m18s
  6400K .......... .......... .......... .......... ..........  3%  591K 14m14s
  6450K .......... .......... .......... .......... ..........  3% 1.10M 14m8s
  6500K .......... .......... .......... .......... ..........  3% 5.22M 14m2s
  6550K .......... .......... .......... .......... ..........  3% 5.59M 13m56s
  6600K .......... .......... .......... .......... ..........  3% 4.66M 13m49s
  6650K .......... .......... .......... .......... ..........  3% 5.23M 13m43s
  6700K .......... .......... .......... .......... ..........  3% 4.42M 13m37s
  6750K .......... .......... .......... .......... ..........  3% 5.59M 13m31s
  6800K .......... .......... .......... .......... ..........  3% 5.26M 13m26s
  6850K .......... .......... .......... .......... ..........  3% 4.48M 13m20s
  6900K .......... .......... .......... .......... ..........  3% 5.29M 13m14s
  6950K .......... .......... .......... .......... ..........  3% 4.66M 13m8s
  7000K .......... .......... .......... .......... ..........  3% 5.23M 13m3s
  7050K .......... .......... .......... .......... ..........  3%  400K 13m1s
  7100K .......... .......... .......... .......... ..........  3%  317K 12m59s
  7150K .......... .......... .......... .......... ..........  3%  593K 12m56s
  7200K .......... .......... .......... .......... ..........  3%  351K 12m54s
  7250K .......... .......... .......... .......... ..........  3%  508K 12m51s
  7300K .......... .......... .......... .......... ..........  3%  557K 12m48s
  7350K .......... .......... .......... .......... ..........  3%  441K 12m46s
  7400K .......... .......... .......... .......... ..........  3%  455K 12m43s
  7450K .......... .......... .......... .......... ..........  3%  326K 12m42s
  7500K .......... .......... .......... .......... ..........  3%  340K 12m40s
  7550K .......... .......... .......... .......... ..........  3%  449K 12m38s
  7600K .......... .......... .......... .......... ..........  3%  451K 12m36s
  7650K .......... .......... .......... .......... ..........  3%  371K 12m34s
  7700K .......... .......... .......... .......... ..........  3%  415K 12m32s
  7750K .......... .......... .......... .......... ..........  3%  241K 12m32s
  7800K .......... .......... .......... .......... ..........  3%  185K 12m34s
  7850K .......... .......... .......... .......... ..........  3% 16.5K 13m42s
  7900K .......... .......... .......... .......... ..........  3%  321K 13m41s
  7950K .......... .......... .......... .......... ..........  3% 4.14M 13m36s
  8000K .......... .......... .......... .......... ..........  4% 1.06M 13m31s
  8050K .......... .......... .......... .......... ..........  4%  405K 13m29s
  8100K .......... .......... .......... .......... ..........  4% 1.05M 13m25s
  8150K .......... .......... .......... .......... ..........  4% 4.78M 13m20s
  8200K .......... .......... .......... .......... ..........  4% 4.31M 13m15s
  8250K .......... .......... .......... .......... ..........  4% 5.51M 13m11s
  8300K .......... .......... .......... .......... ..........  4%  455K 13m8s
  8350K .......... .......... .......... .......... ..........  4% 1.98M 13m4s
  8400K .......... .......... .......... .......... ..........  4% 3.22M 12m59s
  8450K .......... .......... .......... .......... ..........  4% 4.19M 12m55s
  8500K .......... .......... .......... .......... ..........  4% 4.49M 12m50s
  8550K .......... .......... .......... .......... ..........  4% 5.16M 12m46s
  8600K .......... .......... .......... .......... ..........  4% 4.32M 12m42s
  8650K .......... .......... .......... .......... ..........  4% 4.76M 12m37s
  8700K .......... .......... .......... .......... ..........  4%  397K 12m35s
  8750K .......... .......... .......... .......... ..........  4%  479K 12m33s
  8800K .......... .......... .......... .......... ..........  4%  272K 12m33s
  8850K .......... .......... .......... .......... ..........  4%  247K 12m33s
  8900K .......... .......... .......... .......... ..........  4%  212K 12m33s
  8950K .......... .......... .......... .......... ..........  4%  175K 12m35s
  9000K .......... .......... .......... .......... ..........  4%  408K 12m33s
  9050K .......... .......... .......... .......... ..........  4%  203K 12m34s
  9100K .......... .......... .......... .......... ..........  4%  365K 12m33s
  9150K .......... .......... .......... .......... ..........  4%  373K 12m31s
  9200K .......... .......... .......... .......... ..........  4% 20.0K 13m18s
  9250K .......... .......... .......... .......... ..........  4% 5.19M 13m14s
  9300K .......... .......... .......... .......... ..........  4% 4.56M 13m10s
  9350K .......... .......... .......... .......... ..........  4% 4.21M 13m6s
  9400K .......... .......... .......... .......... ..........  4% 4.75M 13m1s
  9450K .......... .......... .......... .......... ..........  4% 4.12M 12m57s
  9500K .......... .......... .......... .......... ..........  4% 4.69M 12m53s
  9550K .......... .......... .......... .......... ..........  4% 4.37M 12m49s
  9600K .......... .......... .......... .......... ..........  4% 4.57M 12m45s
  9650K .......... .......... .......... .......... ..........  4% 4.52M 12m41s
  9700K .......... .......... .......... .......... ..........  4% 4.13M 12m37s
  9750K .......... .......... .......... .......... ..........  4% 4.90M 12m34s
  9800K .......... .......... .......... .......... ..........  4%  525K 12m31s
  9850K .......... .......... .......... .......... ..........  4%  334K 12m30s
  9900K .......... .......... .......... .......... ..........  4%  300K 12m30s
  9950K .......... .......... .......... .......... ..........  4%  336K 12m28s
 10000K .......... .......... .......... .......... ..........  5%  306K 12m28s
 10050K .......... .......... .......... .......... ..........  5%  373K 12m26s
 10100K .......... .......... .......... .......... ..........  5%  304K 12m25s
 10150K .......... .......... .......... .......... ..........  5%  316K 12m24s
 10200K .......... .......... .......... .......... ..........  5%  404K 12m23s
 10250K .......... .......... .......... .......... ..........  5%  327K 12m22s
 10300K .......... .......... .......... .......... ..........  5% 1.92M 12m19s
 10350K .......... .......... .......... .......... ..........  5%  368K 12m17s
 10400K .......... .......... .......... .......... ..........  5%  460K 12m16s
 10450K .......... .......... .......... .......... ..........  5%  292K 12m15s
 10500K .......... .......... .......... .......... ..........  5%  382K 12m14s
 10550K .......... .......... .......... .......... ..........  5%  460K 12m12s
 10600K .......... .......... .......... .......... ..........  5%  283K 12m12s
 10650K .......... .......... .......... .......... ..........  5%  381K 12m10s
 10700K .......... .......... .......... .......... ..........  5%  253K 12m10s
 10750K .......... .......... .......... .......... ..........  5%  267K 12m10s
 10800K .......... .......... .......... .......... ..........  5%  610K 12m8s
 10850K .......... .......... .......... .......... ..........  5%  226K 12m8s
 10900K .......... .......... .......... .......... ..........  5%  189K 12m9s
 10950K .......... .......... .......... .......... ..........  5%  221K 12m9s
 11000K .......... .......... .......... .......... ..........  5%  215K 12m10s
 11050K .......... .......... .......... .......... ..........  5%  233K 12m10s
 11100K .......... .......... .......... .......... ..........  5%  165K 12m12s
 11150K .......... .......... .......... .......... ..........  5%  204K 12m13s
 11200K .......... .......... .......... .......... ..........  5%  160K 12m14s
 11250K .......... .......... .......... .......... ..........  5%  262K 12m14s
 11300K .......... .......... .......... .......... ..........  5%  299K 12m13s
 11350K .......... .......... .......... .......... ..........  5%  192K 12m14s
 11400K .......... .......... .......... .......... ..........  5%  149K 12m16s
 11450K .......... .......... .......... .......... ..........  5%  226K 12m17s
 11500K .......... .......... .......... .......... ..........  5%  254K 12m17s
 11550K .......... .......... .......... .......... ..........  5%  250K 12m16s
 11600K .......... .......... .......... .......... ..........  5%  146K 12m19s
 11650K .......... .......... .......... .......... ..........  5%  213K 12m19s
 11700K .......... .......... .......... .......... ..........  5%  150K 12m21s
 11750K .......... .......... .......... .......... ..........  5%  265K 12m21s
 11800K .......... .......... .......... .......... ..........  5%  215K 12m21s
 11850K .......... .......... .......... .......... ..........  5%  133K 12m24s
 11900K .......... .......... .......... .......... ..........  5%  235K 12m24s
 11950K .......... .......... .......... .......... ..........  5%  129K 12m27s
 12000K .......... .......... .......... .......... ..........  6%  186K 12m27s
 12050K .......... .......... .......... .......... ..........  6%  130K 12m30s
 12100K .......... .......... .......... .......... ..........  6%  126K 12m33s
 12150K .......... .......... .......... .......... ..........  6%  122K 12m36s
 12200K .......... .......... .......... .......... ..........  6%  202K 12m37s
 12250K .......... .......... .......... .......... ..........  6%  332K 12m36s
 12300K .......... .......... .......... .......... ..........  6%  410K 12m34s
 12350K .......... .......... .......... .......... ..........  6%  262K 12m34s
 12400K .......... .......... .......... .......... ..........  6%  227K 12m34s
 12450K .......... .......... .......... .......... ..........  6%  373K 12m33s
 12500K .......... .......... .......... .......... ..........  6% 90.0K 12m38s
 12550K .......... .......... .......... .......... ..........  6% 1.59M 12m35s
 12600K .......... .......... .......... .......... ..........  6%  391K 12m34s
 12650K .......... .......... .......... .......... ..........  6%  273K 12m33s
 12700K .......... .......... .......... .......... ..........  6%  241K 12m33s
 12750K .......... .......... .......... .......... ..........  6%  393K 12m32s
 12800K .......... .......... .......... .......... ..........  6%  367K 12m31s
 12850K .......... .......... .......... .......... ..........  6%  226K 12m31s
 12900K .......... .......... .......... .......... ..........  6%  428K 12m29s
 12950K .......... .......... .......... .......... ..........  6%  318K 12m29s
 13000K .......... .......... .......... .......... ..........  6%  262K 12m28s
 13050K .......... .......... .......... .......... ..........  6%  306K 12m28s
 13100K .......... .......... .......... .......... ..........  6%  190K 12m28s
 13150K .......... .......... .......... .......... ..........  6%  213K 12m29s
 13200K .......... .......... .......... .......... ..........  6%  128K 12m31s
 13250K .......... .......... .......... .......... ..........  6% 20.2K 13m3s
 13300K .......... .......... .......... .......... ..........  6%  252K 13m3s
 13350K .......... .......... .......... .......... ..........  6% 4.18M 13m0s
 13400K .......... .......... .......... .......... ..........  6% 5.81M 12m57s
 13450K .......... .......... .......... .......... ..........  6% 4.87M 12m54s
 13500K .......... .......... .......... .......... ..........  6% 4.98M 12m51s
 13550K .......... .......... .......... .......... ..........  6% 5.45M 12m48s
 13600K .......... .......... .......... .......... ..........  6% 4.79M 12m45s
 13650K .......... .......... .......... .......... ..........  6% 5.37M 12m42s
 13700K .......... .......... .......... .......... ..........  6% 4.40M 12m39s
 13750K .......... .......... .......... .......... ..........  6% 5.68M 12m36s
 13800K .......... .......... .......... .......... ..........  6% 4.60M 12m34s
 13850K .......... .......... .......... .......... ..........  6% 4.45M 12m31s
 13900K .......... .......... .......... .......... ..........  6% 5.69M 12m28s
 13950K .......... .......... .......... .......... ..........  6%  534K 12m26s
 14000K .......... .......... .......... .......... ..........  7%  351K 12m25s
 14050K .......... .......... .......... .......... ..........  7%  300K 12m25s
 14100K .......... .......... .......... .......... ..........  7%  330K 12m24s
 14150K .......... .......... .......... .......... ..........  7%  388K 12m23s
 14200K .......... .......... .......... .......... ..........  7%  408K 12m22s
 14250K .......... .......... .......... .......... ..........  7%  333K 12m21s
 14300K .......... .......... .......... .......... ..........  7%  212K 12m21s
 14350K .......... .......... .......... .......... ..........  7%  177K 12m22s
 14400K .......... .......... .......... .......... ..........  7%  244K 12m22s
 14450K .......... .......... .......... .......... ..........  7%  275K 12m21s
 14500K .......... .......... .......... .......... ..........  7%  312K 12m21s
 14550K .......... .......... .......... .......... ..........  7%  294K 12m20s
 14600K .......... .......... .......... .......... ..........  7%  355K 12m19s
 14650K .......... .......... .......... .......... ..........  7%  257K 12m19s
 14700K .......... .......... .......... .......... ..........  7%  160K 12m20s
 14750K .......... .......... .......... .......... ..........  7%  300K 12m19s
 14800K .......... .......... .......... .......... ..........  7%  391K 12m18s
 14850K .......... .......... .......... .......... ..........  7%  327K 12m18s
 14900K .......... .......... .......... .......... ..........  7%  356K 12m17s
 14950K .......... .......... .......... .......... ..........  7%  373K 12m16s
 15000K .......... .......... .......... .......... ..........  7%  315K 12m15s
 15050K .......... .......... .......... .......... ..........  7%  291K 12m14s
 15100K .......... .......... .......... .......... ..........  7%  186K 12m15s
 15150K .......... .......... .......... .......... ..........  7%  301K 12m15s
 15200K .......... .......... .......... .......... ..........  7%  237K 12m15s
 15250K .......... .......... .......... .......... ..........  7% 98.0K 12m18s
 15300K .......... .......... .......... .......... ..........  7%  710K 12m16s
 15350K .......... .......... .......... .......... ..........  7%  195K 12m17s
 15400K .......... .......... .......... .......... ..........  7%  191K 12m17s
 15450K .......... .......... .......... .......... ..........  7%  188K 12m18s
 15500K .......... .......... .......... .......... ..........  7%  199K 12m18s
 15550K .......... .......... .......... .......... ..........  7%  240K 12m18s
 15600K .......... .......... .......... .......... ..........  7%  229K 12m18s
 15650K .......... .......... .......... .......... ..........  7%  301K 12m18s
 15700K .......... .......... .......... .......... ..........  7%  286K 12m17s
 15750K .......... .......... .......... .......... ..........  7%  263K 12m17s
 15800K .......... .......... .......... .......... ..........  7%  278K 12m16s
 15850K .......... .......... .......... .......... ..........  7%  213K 12m17s
 15900K .......... .......... .......... .......... ..........  7%  269K 12m16s
 15950K .......... .......... .......... .......... ..........  7%  210K 12m17s
 16000K .......... .......... .......... .......... ..........  8%  278K 12m16s
 16050K .......... .......... .......... .......... ..........  8%  281K 12m16s
 16100K .......... .......... .......... .......... ..........  8% 21.0K 12m40s
 16150K .......... .......... .......... .......... ..........  8% 4.80M 12m38s
 16200K .......... .......... .......... .......... ..........  8% 4.51M 12m35s
 16250K .......... .......... .......... .......... ..........  8% 5.68M 12m33s
 16300K .......... .......... .......... .......... ..........  8% 5.13M 12m31s
 16350K .......... .......... .......... .......... ..........  8% 4.25M 12m28s
 16400K .......... .......... .......... .......... ..........  8% 5.15M 12m26s
 16450K .......... .......... .......... .......... ..........  8% 4.49M 12m24s
 16500K .......... .......... .......... .......... ..........  8% 5.13M 12m21s
 16550K .......... .......... .......... .......... ..........  8% 5.15M 12m19s
 16600K .......... .......... .......... .......... ..........  8% 4.63M 12m17s
 16650K .......... .......... .......... .......... ..........  8% 5.12M 12m14s
 16700K .......... .......... .......... .......... ..........  8% 4.49M 12m12s
 16750K .......... .......... .......... .......... ..........  8% 1.11M 12m10s
 16800K .......... .......... .......... .......... ..........  8%  308K 12m10s
 16850K .......... .......... .......... .......... ..........  8%  220K 12m10s
 16900K .......... .......... .......... .......... ..........  8%  590K 12m8s
 16950K .......... .......... .......... .......... ..........  8%  281K 12m8s
 17000K .......... .......... .......... .......... ..........  8%  296K 12m7s
 17050K .......... .......... .......... .......... ..........  8%  339K 12m7s
 17100K .......... .......... .......... .......... ..........  8%  275K 12m6s
 17150K .......... .......... .......... .......... ..........  8%  315K 12m6s
 17200K .......... .......... .......... .......... ..........  8%  281K 12m5s
 17250K .......... .......... .......... .......... ..........  8%  317K 12m4s
 17300K .......... .......... .......... .......... ..........  8%  342K 12m4s
 17350K .......... .......... .......... .......... ..........  8%  248K 12m4s
 17400K .......... .......... .......... .......... ..........  8%  294K 12m3s
 17450K .......... .......... .......... .......... ..........  8%  242K 12m3s
 17500K .......... .......... .......... .......... ..........  8%  281K 12m3s
 17550K .......... .......... .......... .......... ..........  8%  272K 12m2s
 17600K .......... .......... .......... .......... ..........  8%  297K 12m2s
 17650K .......... .......... .......... .......... ..........  8%  358K 12m1s
 17700K .......... .......... .......... .......... ..........  8%  304K 12m0s
 17750K .......... .......... .......... .......... ..........  8%  429K 11m59s
 17800K .......... .......... .......... .......... ..........  8%  442K 11m58s
 17850K .......... .......... .......... .......... ..........  8%  363K 11m57s
 17900K .......... .......... .......... .......... ..........  8%  422K 11m57s
 17950K .......... .......... .......... .......... ..........  8%  382K 11m56s
 18000K .......... .......... .......... .......... ..........  9%  374K 11m55s
 18050K .......... .......... .......... .......... ..........  9%  306K 11m54s
 18100K .......... .......... .......... .......... ..........  9%  263K 11m54s
 18150K .......... .......... .......... .......... ..........  9%  327K 11m53s
 18200K .......... .......... .......... .......... ..........  9%  287K 11m53s
 18250K .......... .......... .......... .......... ..........  9%  348K 11m52s
 18300K .......... .......... .......... .......... ..........  9%  376K 11m51s
 18350K .......... .......... .......... .......... ..........  9%  305K 11m51s
 18400K .......... .......... .......... .......... ..........  9%  363K 11m50s
 18450K .......... .......... .......... .......... ..........  9%  269K 11m50s
 18500K .......... .......... .......... .......... ..........  9%  261K 11m50s
 18550K .......... .......... .......... .......... ..........  9%  326K 11m49s
 18600K .......... .......... .......... .......... ..........  9%  303K 11m49s
 18650K .......... .......... .......... .......... ..........  9%  395K 11m48s
 18700K .......... .......... .......... .......... ..........  9%  299K 11m47s
 18750K .......... .......... .......... .......... ..........  9%  384K 11m46s
 18800K .......... .......... .......... .......... ..........  9%  397K 11m46s
 18850K .......... .......... .......... .......... ..........  9%  346K 11m45s
 18900K .......... .......... .......... .......... ..........  9%  407K 11m44s
 18950K .......... .......... .......... .......... ..........  9%  343K 11m43s
 19000K .......... .......... .......... .......... ..........  9%  447K 11m42s
 19050K .......... .......... .......... .......... ..........  9%  497K 11m41s
 19100K .......... .......... .......... .......... ..........  9%  380K 11m41s
 19150K .......... .......... .......... .......... ..........  9%  474K 11m39s
 19200K .......... .......... .......... .......... ..........  9%  366K 11m39s
 19250K .......... .......... .......... .......... ..........  9%  366K 11m38s
 19300K .......... .......... .......... .......... ..........  9%  300K 11m38s
 19350K .......... .......... .......... .......... ..........  9%  278K 11m37s
 19400K .......... .......... .......... .......... ..........  9%  282K 11m37s
 19450K .......... .......... .......... .......... ..........  9%  246K 11m37s
 19500K .......... .......... .......... .......... ..........  9%  233K 11m37s
 19550K .......... .......... .......... .......... ..........  9%  317K 11m36s
 19600K .......... .......... .......... .......... ..........  9%  245K 11m36s
 19650K .......... .......... .......... .......... ..........  9%  204K 11m37s
 19700K .......... .......... .......... .......... ..........  9% 27.3K 11m51s
 19750K .......... .......... .......... .......... ..........  9% 4.82M 11m49s
 19800K .......... .......... .......... .......... ..........  9% 4.85M 11m48s
 19850K .......... .......... .......... .......... ..........  9% 4.19M 11m46s
 19900K .......... .......... .......... .......... ..........  9% 5.65M 11m44s
 19950K .......... .......... .......... .......... ..........  9% 4.76M 11m42s
 20000K .......... .......... .......... .......... .......... 10% 5.04M 11m40s
 20050K .......... .......... .......... .......... .......... 10% 5.24M 11m38s
 20100K .......... .......... .......... .......... .......... 10% 3.25M 11m36s
 20150K .......... .......... .......... .......... .......... 10% 4.92M 11m35s
 20200K .......... .......... .......... .......... .......... 10% 4.57M 11m33s
 20250K .......... .......... .......... .......... .......... 10% 5.73M 11m31s
 20300K .......... .......... .......... .......... .......... 10% 1.98M 11m29s
 20350K .......... .......... .......... .......... .......... 10%  433K 11m28s
 20400K .......... .......... .......... .......... .......... 10%  396K 11m28s
 20450K .......... .......... .......... .......... .......... 10%  405K 11m27s
 20500K .......... .......... .......... .......... .......... 10%  437K 11m26s
 20550K .......... .......... .......... .......... .......... 10%  481K 11m25s
 20600K .......... .......... .......... .......... .......... 10%  341K 11m24s
 20650K .......... .......... .......... .......... .......... 10%  442K 11m24s
 20700K .......... .......... .......... .......... .......... 10%  384K 11m23s
 20750K .......... .......... .......... .......... .......... 10%  381K 11m22s
 20800K .......... .......... .......... .......... .......... 10%  417K 11m21s
 20850K .......... .......... .......... .......... .......... 10%  294K 11m21s
 20900K .......... .......... .......... .......... .......... 10%  226K 11m21s
 20950K .......... .......... .......... .......... .......... 10%  194K 11m21s
 21000K .......... .......... .......... .......... .......... 10%  312K 11m21s
 21050K .......... .......... .......... .......... .......... 10%  403K 11m20s
 21100K .......... .......... .......... .......... .......... 10%  331K 11m20s
 21150K .......... .......... .......... .......... .......... 10%  367K 11m19s
 21200K .......... .......... .......... .......... .......... 10%  234K 11m19s
 21250K .......... .......... .......... .......... .......... 10%  286K 11m19s
 21300K .......... .......... .......... .......... .......... 10%  183K 11m19s
 21350K .......... .......... .......... .......... .......... 10%  139K 11m21s
 21400K .......... .......... .......... .......... .......... 10%  214K 11m21s
 21450K .......... .......... .......... .......... .......... 10%  240K 11m21s
 21500K .......... .......... .......... .......... .......... 10%  273K 11m20s
 21550K .......... .......... .......... .......... .......... 10% 88.4K 11m23s
 21600K .......... .......... .......... .......... .......... 10%  309K 11m23s
 21650K .......... .......... .......... .......... .......... 10%  198K 11m23s
 21700K .......... .......... .......... .......... .......... 10%  144K 11m24s
 21750K .......... .......... .......... .......... .......... 10%  174K 11m25s
 21800K .......... .......... .......... .......... .......... 10%  207K 11m25s
 21850K .......... .......... .......... .......... .......... 10%  192K 11m25s
 21900K .......... .......... .......... .......... .......... 10%  276K 11m25s
 21950K .......... .......... .......... .......... .......... 10%  137K 11m26s
 22000K .......... .......... .......... .......... .......... 11%  210K 11m27s
 22050K .......... .......... .......... .......... .......... 11%  194K 11m27s
 22100K .......... .......... .......... .......... .......... 11%  117K 11m29s
 22150K .......... .......... .......... .......... .......... 11%  236K 11m29s
 22200K .......... .......... .......... .......... .......... 11%  222K 11m29s
 22250K .......... .......... .......... .......... .......... 11%  344K 11m28s
 22300K .......... .......... .......... .......... .......... 11%  386K 11m27s
 22350K .......... .......... .......... .......... .......... 11% 57.7K 11m32s
 22400K .......... .......... .......... .......... .......... 11% 1.28M 11m31s
 22450K .......... .......... .......... .......... .......... 11%  101K 11m33s
 22500K .......... .......... .......... .......... .......... 11%  169K 11m34s
 22550K .......... .......... .......... .......... .......... 11% 87.1K 11m37s
 22600K .......... .......... .......... .......... .......... 11%  442K 11m36s
 22650K .......... .......... .......... .......... .......... 11%  290K 11m35s
 22700K .......... .......... .......... .......... .......... 11%  243K 11m35s
 22750K .......... .......... .......... .......... .......... 11%  261K 11m35s
 22800K .......... .......... .......... .......... .......... 11%  104K 11m37s
 22850K .......... .......... .......... .......... .......... 11%  482K 11m36s
 22900K .......... .......... .......... .......... .......... 11%  138K 11m37s
 22950K .......... .......... .......... .......... .......... 11%  282K 11m37s
 23000K .......... .......... .......... .......... .......... 11%  196K 11m37s
 23050K .......... .......... .......... .......... .......... 11%  187K 11m37s
 23100K .......... .......... .......... .......... .......... 11%  202K 11m38s
 23150K .......... .......... .......... .......... .......... 11%  102K 11m40s
 23200K .......... .......... .......... .......... .......... 11% 1.74M 11m38s
 23250K .......... .......... .......... .......... .......... 11% 66.1K 11m42s
 23300K .......... .......... .......... .......... .......... 11% 6.86K 12m36s
 23350K .......... .......... .......... .......... .......... 11%  480K 12m35s
 23400K .......... .......... .......... .......... .......... 11%  311K 12m34s
 23450K .......... .......... .......... .......... .......... 11%  332K 12m33s
 23500K .......... .......... .......... .......... .......... 11% 4.51M 12m32s
 23550K .......... .......... .......... .......... .......... 11% 5.35M 12m30s
 23600K .......... .......... .......... .......... .......... 11% 4.45M 12m28s
 23650K .......... .......... .......... .......... .......... 11%  639K 12m27s
 23700K .......... .......... .......... .......... .......... 11%  155K 12m28s
 23750K .......... .......... .......... .......... .......... 11%  180K 12m28s
 23800K .......... .......... .......... .......... .......... 11% 4.82M 12m26s
 23850K .......... .......... .......... .......... .......... 11% 3.74M 12m25s
 23900K .......... .......... .......... .......... .......... 11% 5.03M 12m23s
 23950K .......... .......... .......... .......... .......... 11% 4.03M 12m21s
 24000K .......... .......... .......... .......... .......... 12%  465K 12m20s
 24050K .......... .......... .......... .......... .......... 12%  292K 12m20s
 24100K .......... .......... .......... .......... .......... 12%  198K 12m20s
 24150K .......... .......... .......... .......... .......... 12%  317K 12m19s
 24200K .......... .......... .......... .......... .......... 12%  175K 12m20s
 24250K .......... .......... .......... .......... .......... 12%  159K 12m20s
 24300K .......... .......... .......... .......... .......... 12%  195K 12m20s
 24350K .......... .......... .......... .......... .......... 12%  111K 12m22s
 24400K .......... .......... .......... .......... .......... 12%  474K 12m21s
 24450K .......... .......... .......... .......... .......... 12% 83.2K 12m23s
 24500K .......... .......... .......... .......... .......... 12%  780K 12m22s
 24550K .......... .......... .......... .......... .......... 12%  157K 12m23s
 24600K .......... .......... .......... .......... .......... 12%  202K 12m23s
 24650K .......... .......... .......... .......... .......... 12%  296K 12m22s
 24700K .......... .......... .......... .......... .......... 12%  173K 12m23s
 24750K .......... .......... .......... .......... .......... 12% 84.0K 12m25s
 24800K .......... .......... .......... .......... .......... 12% 3.02M 12m23s
 24850K .......... .......... .......... .......... .......... 12%  204K 12m23s
 24900K .......... .......... .......... .......... .......... 12%  460K 12m22s
 24950K .......... .......... .......... .......... .......... 12% 83.5K 12m25s
 25000K .......... .......... .......... .......... .......... 12% 3.45M 12m23s
 25050K .......... .......... .......... .......... .......... 12%  346K 12m23s
 25100K .......... .......... .......... .......... .......... 12%  228K 12m23s
 25150K .......... .......... .......... .......... .......... 12%  369K 12m22s
 25200K .......... .......... .......... .......... .......... 12%  316K 12m21s
 25250K .......... .......... .......... .......... .......... 12%  233K 12m21s
 25300K .......... .......... .......... .......... .......... 12%  337K 12m20s
 25350K .......... .......... .......... .......... .......... 12%  278K 12m20s
 25400K .......... .......... .......... .......... .......... 12%  296K 12m19s
 25450K .......... .......... .......... .......... .......... 12%  311K 12m19s
 25500K .......... .......... .......... .......... .......... 12%  107K 12m20s
 25550K .......... .......... .......... .......... .......... 12% 1.53M 12m19s
 25600K .......... .......... .......... .......... .......... 12%  151K 12m20s
 25650K .......... .......... .......... .......... .......... 12%  260K 12m19s
 25700K .......... .......... .......... .......... .......... 12%  305K 12m19s
 25750K .......... .......... .......... .......... .......... 12%  310K 12m18s
 25800K .......... .......... .......... .......... .......... 12%  349K 12m17s
 25850K .......... .......... .......... .......... .......... 12%  229K 12m17s
 25900K .......... .......... .......... .......... .......... 12%  150K 12m18s
 25950K .......... .......... .......... .......... .......... 12%  164K 12m18s
 26000K .......... .......... .......... .......... .......... 13%  374K 12m18s
 26050K .......... .......... .......... .......... .......... 13%  359K 12m17s
 26100K .......... .......... .......... .......... .......... 13%  263K 12m17s
 26150K .......... .......... .......... .......... .......... 13%  330K 12m16s
 26200K .......... .......... .......... .......... .......... 13%  212K 12m16s
 26250K .......... .......... .......... .......... .......... 13%  227K 12m16s
 26300K .......... .......... .......... .......... .......... 13%  316K 12m15s
 26350K .......... .......... .......... .......... .......... 13%  241K 12m15s
 26400K .......... .......... .......... .......... .......... 13%  270K 12m15s
 26450K .......... .......... .......... .......... .......... 13%  175K 12m15s
 26500K .......... .......... .......... .......... .......... 13%  253K 12m14s
 26550K .......... .......... .......... .......... .......... 13%  172K 12m15s
 26600K .......... .......... .......... .......... .......... 13% 13.2K 12m38s
 26650K .......... .......... .......... .......... .......... 13%  187K 12m38s
 26700K .......... .......... .......... .......... .......... 13% 1.76M 12m37s
 26750K .......... .......... .......... .......... .......... 13% 5.24M 12m35s
 26800K .......... .......... .......... .......... .......... 13% 4.99M 12m33s
 26850K .......... .......... .......... .......... .......... 13% 4.08M 12m32s
 26900K .......... .......... .......... .......... .......... 13% 4.58M 12m30s
 26950K .......... .......... .......... .......... .......... 13% 4.14M 12m29s
 27000K .......... .......... .......... .......... .......... 13% 4.54M 12m27s
 27050K .......... .......... .......... .......... .......... 13% 5.04M 12m26s
 27100K .......... .......... .......... .......... .......... 13% 4.30M 12m24s
 27150K .......... .......... .......... .......... .......... 13% 4.72M 12m23s
 27200K .......... .......... .......... .......... .......... 13% 4.27M 12m21s
 27250K .......... .......... .......... .......... .......... 13% 5.13M 12m20s
 27300K .......... .......... .......... .......... .......... 13% 5.13M 12m18s
 27350K .......... .......... .......... .......... .......... 13%  213K 12m18s
 27400K .......... .......... .......... .......... .......... 13%  217K 12m18s
 27450K .......... .......... .......... .......... .......... 13%  154K 12m18s
 27500K .......... .......... .......... .......... .......... 13%  125K 12m19s
 27550K .......... .......... .......... .......... .......... 13%  167K 12m20s
 27600K .......... .......... .......... .......... .......... 13%  127K 12m21s
 27650K .......... .......... .......... .......... .......... 13%  170K 12m21s
 27700K .......... .......... .......... .......... .......... 13%  137K 12m22s
 27750K .......... .......... .......... .......... .......... 13%  188K 12m22s
 27800K .......... .......... .......... .......... .......... 13%  209K 12m22s
 27850K .......... .......... .......... .......... .......... 13%  240K 12m21s
 27900K .......... .......... .......... .......... .......... 13%  300K 12m21s
 27950K .......... .......... .......... .......... .......... 13%  224K 12m21s
 28000K .......... .......... .......... .......... .......... 14%  252K 12m20s
 28050K .......... .......... .......... .......... .......... 14%  264K 12m20s
 28100K .......... .......... .......... .......... .......... 14%  265K 12m20s
 28150K .......... .......... .......... .......... .......... 14%  254K 12m19s
 28200K .......... .......... .......... .......... .......... 14%  205K 12m19s
 28250K .......... .......... .......... .......... .......... 14%  220K 12m19s
 28300K .......... .......... .......... .......... .......... 14%  237K 12m19s
 28350K .......... .......... .......... .......... .......... 14%  177K 12m19s
 28400K .......... .......... .......... .......... .......... 14%  242K 12m19s
 28450K .......... .......... .......... .......... .......... 14%  193K 12m19s
 28500K .......... .......... .......... .......... .......... 14%  263K 12m19s
 28550K .......... .......... .......... .......... .......... 14%  208K 12m18s
 28600K .......... .......... .......... .......... .......... 14%  220K 12m18s
 28650K .......... .......... .......... .......... .......... 14%  280K 12m18s
 28700K .......... .......... .......... .......... .......... 14%  204K 12m18s
 28750K .......... .......... .......... .......... .......... 14%  234K 12m18s
 28800K .......... .......... .......... .......... .......... 14%  187K 12m18s
 28850K .......... .......... .......... .......... .......... 14%  195K 12m18s
 28900K .......... .......... .......... .......... .......... 14%  170K 12m18s
 28950K .......... .......... .......... .......... .......... 14% 9.35K 12m48s
 29000K .......... .......... .......... .......... .......... 14%  382K 12m47s
 29050K .......... .......... .......... .......... .......... 14% 1.36M 12m46s
 29100K .......... .......... .......... .......... .......... 14% 1.92M 12m45s
 29150K .......... .......... .......... .......... .......... 14% 2.22M 12m43s
 29200K .......... .......... .......... .......... .......... 14% 2.18M 12m42s
 29250K .......... .......... .......... .......... .......... 14% 5.08M 12m40s
 29300K .......... .......... .......... .......... .......... 14% 5.14M 12m39s
 29350K .......... .......... .......... .......... .......... 14% 4.10M 12m37s
 29400K .......... .......... .......... .......... .......... 14% 5.48M 12m36s
 29450K .......... .......... .......... .......... .......... 14% 4.48M 12m35s
 29500K .......... .......... .......... .......... .......... 14% 5.31M 12m33s
 29550K .......... .......... .......... .......... .......... 14% 5.41M 12m32s
 29600K .......... .......... .......... .......... .......... 14% 4.62M 12m30s
 29650K .......... .......... .......... .......... .......... 14%  171K 12m30s
 29700K .......... .......... .......... .......... .......... 14%  174K 12m31s
 29750K .......... .......... .......... .......... .......... 14%  107K 12m32s
 29800K .......... .......... .......... .......... .......... 14%  229K 12m32s
 29850K .......... .......... .......... .......... .......... 14%  154K 12m32s
 29900K .......... .......... .......... .......... .......... 14%  120K 12m33s
 29950K .......... .......... .......... .......... .......... 14%  218K 12m33s
 30000K .......... .......... .......... .......... .......... 15%  167K 12m33s
 30050K .......... .......... .......... .......... .......... 15%  178K 12m33s
 30100K .......... .......... .......... .......... .......... 15%  208K 12m33s
 30150K .......... .......... .......... .......... .......... 15%  189K 12m33s
 30200K .......... .......... .......... .......... .......... 15%  180K 12m33s
 30250K .......... .......... .......... .......... .......... 15%  285K 12m32s
 30300K .......... .......... .......... .......... .......... 15%  313K 12m32s
 30350K .......... .......... .......... .......... .......... 15%  189K 12m32s
 30400K .......... .......... .......... .......... .......... 15%  177K 12m32s
 30450K .......... .......... .......... .......... .......... 15%  141K 12m33s
 30500K .......... .......... .......... .......... .......... 15%  197K 12m32s
 30550K .......... .......... .......... .......... .......... 15%  205K 12m32s
 30600K .......... .......... .......... .......... .......... 15%  215K 12m32s
 30650K .......... .......... .......... .......... .......... 15%  140K 12m33s
 30700K .......... .......... .......... .......... .......... 15%  151K 12m33s
 30750K .......... .......... .......... .......... .......... 15% 19.5K 12m46s
 30800K .......... .......... .......... .......... .......... 15% 4.90M 12m44s
 30850K .......... .......... .......... .......... .......... 15% 4.35M 12m43s
 30900K .......... .......... .......... .......... .......... 15% 5.30M 12m42s
 30950K .......... .......... .......... .......... .......... 15% 4.64M 12m40s
 31000K .......... .......... .......... .......... .......... 15% 5.30M 12m39s
 31050K .......... .......... .......... .......... .......... 15% 5.51M 12m37s
 31100K .......... .......... .......... .......... .......... 15% 4.76M 12m36s
 31150K .......... .......... .......... .......... .......... 15% 5.00M 12m35s
 31200K .......... .......... .......... .......... .......... 15% 4.75M 12m33s
 31250K .......... .......... .......... .......... .......... 15% 5.46M 12m32s
 31300K .......... .......... .......... .......... .......... 15%  360K 12m31s
 31350K .......... .......... .......... .......... .......... 15%  229K 12m31s
 31400K .......... .......... .......... .......... .......... 15%  288K 12m30s
 31450K .......... .......... .......... .......... .......... 15%  197K 12m30s
 31500K .......... .......... .......... .......... .......... 15%  285K 12m30s
 31550K .......... .......... .......... .......... .......... 15%  378K 12m29s
 31600K .......... .......... .......... .......... .......... 15%  466K 12m28s
 31650K .......... .......... .......... .......... .......... 15%  419K 12m28s
 31700K .......... .......... .......... .......... .......... 15%  288K 12m27s
 31750K .......... .......... .......... .......... .......... 15%  442K 12m26s
 31800K .......... .......... .......... .......... .......... 15%  308K 12m26s
 31850K .......... .......... .......... .......... .......... 15%  245K 12m26s
 31900K .......... .......... .......... .......... .......... 15%  316K 12m25s
 31950K .......... .......... .......... .......... .......... 15%  241K 12m25s
 32000K .......... .......... .......... .......... .......... 16%  275K 12m24s
 32050K .......... .......... .......... .......... .......... 16%  246K 12m24s
 32100K .......... .......... .......... .......... .......... 16%  246K 12m24s
 32150K .......... .......... .......... .......... .......... 16%  299K 12m23s
 32200K .......... .......... .......... .......... .......... 16%  229K 12m23s
 32250K .......... .......... .......... .......... .......... 16%  206K 12m23s
 32300K .......... .......... .......... .......... .......... 16%  288K 12m22s
 32350K .......... .......... .......... .......... .......... 16%  182K 12m22s
 32400K .......... .......... .......... .......... .......... 16%  209K 12m22s
 32450K .......... .......... .......... .......... .......... 16%  154K 12m23s
 32500K .......... .......... .......... .......... .......... 16% 60.2K 12m25s
 32550K .......... .......... .......... .......... .......... 16%  379K 12m25s
 32600K .......... .......... .......... .......... .......... 16%  142K 12m25s
 32650K .......... .......... .......... .......... .......... 16%  126K 12m26s
 32700K .......... .......... .......... .......... .......... 16%  105K 12m27s
 32750K .......... .......... .......... .......... .......... 16%  129K 12m28s
 32800K .......... .......... .......... .......... .......... 16%  210K 12m27s
 32850K .......... .......... .......... .......... .......... 16%  177K 12m27s
 32900K .......... .......... .......... .......... .......... 16%  186K 12m27s
 32950K .......... .......... .......... .......... .......... 16%  218K 12m27s
 33000K .......... .......... .......... .......... .......... 16%  195K 12m27s
 33050K .......... .......... .......... .......... .......... 16%  318K 12m27s
 33100K .......... .......... .......... .......... .......... 16%  223K 12m26s
 33150K .......... .......... .......... .......... .......... 16%  175K 12m27s
 33200K .......... .......... .......... .......... .......... 16%  218K 12m26s
 33250K .......... .......... .......... .......... .......... 16%  207K 12m26s
 33300K .......... .......... .......... .......... .......... 16%  254K 12m26s
 33350K .......... .......... .......... .......... .......... 16%  397K 12m25s
 33400K .......... .......... .......... .......... .......... 16%  439K 12m24s
 33450K .......... .......... .......... .......... .......... 16%  298K 12m24s
 33500K .......... .......... .......... .......... .......... 16%  265K 12m23s
 33550K .......... .......... .......... .......... .......... 16%  282K 12m23s
 33600K .......... .......... .......... .......... .......... 16%  215K 12m23s
 33650K .......... .......... .......... .......... .......... 16%  434K 12m22s
 33700K .......... .......... .......... .......... .......... 16%  400K 12m21s
 33750K .......... .......... .......... .......... .......... 16%  274K 12m21s
 33800K .......... .......... .......... .......... .......... 16%  353K 12m20s
 33850K .......... .......... .......... .......... .......... 16%  294K 12m20s
 33900K .......... .......... .......... .......... .......... 16%  292K 12m19s
 33950K .......... .......... .......... .......... .......... 16%  237K 12m19s
 34000K .......... .......... .......... .......... .......... 17%  327K 12m19s
 34050K .......... .......... .......... .......... .......... 17%  427K 12m18s
 34100K .......... .......... .......... .......... .......... 17%  187K 12m18s
 34150K .......... .......... .......... .......... .......... 17%  568K 12m17s
 34200K .......... .......... .......... .......... .......... 17%  263K 12m17s
 34250K .......... .......... .......... .......... .......... 17%  292K 12m16s
 34300K .......... .......... .......... .......... .......... 17%  425K 12m15s
 34350K .......... .......... .......... .......... .......... 17%  262K 12m15s
 34400K .......... .......... .......... .......... .......... 17%  213K 12m15s
 34450K .......... .......... .......... .......... .......... 17%  125K 12m15s
 34500K .......... .......... .......... .......... .......... 17% 93.9K 12m17s
 34550K .......... .......... .......... .......... .......... 17%  232K 12m16s
 34600K .......... .......... .......... .......... .......... 17%  179K 12m17s
 34650K .......... .......... .......... .......... .......... 17%  179K 12m17s
 34700K .......... .......... .......... .......... .......... 17% 9.15K 12m41s
 34750K .......... .......... .......... .......... .......... 17% 5.01M 12m40s
 34800K .......... .......... .......... .......... .......... 17% 4.89M 12m39s
 34850K .......... .......... .......... .......... .......... 17% 4.43M 12m38s
 34900K .......... .......... .......... .......... .......... 17% 5.54M 12m36s
 34950K .......... .......... .......... .......... .......... 17% 4.43M 12m35s
 35000K .......... .......... .......... .......... .......... 17% 5.13M 12m34s
 35050K .......... .......... .......... .......... .......... 17% 2.35M 12m33s
 35100K .......... .......... .......... .......... .......... 17% 2.05M 12m31s
 35150K .......... .......... .......... .......... .......... 17% 2.76M 12m30s
 35200K .......... .......... .......... .......... .......... 17% 3.56M 12m29s
 35250K .......... .......... .......... .......... .......... 17% 5.51M 12m28s
 35300K .......... .......... .......... .......... .......... 17% 5.45M 12m26s
 35350K .......... .......... .......... .......... .......... 17% 4.49M 12m25s
 35400K .......... .......... .......... .......... .......... 17% 5.16M 12m24s
 35450K .......... .......... .......... .......... .......... 17% 4.50M 12m23s
 35500K .......... .......... .......... .......... .......... 17% 5.50M 12m21s
 35550K .......... .......... .......... .......... .......... 17% 5.37M 12m20s
 35600K .......... .......... .......... .......... .......... 17% 4.94M 12m19s
 35650K .......... .......... .......... .......... .......... 17% 5.11M 12m18s
 35700K .......... .......... .......... .......... .......... 17% 4.46M 12m17s
 35750K .......... .......... .......... .......... .......... 17% 5.23M 12m15s
 35800K .......... .......... .......... .......... .......... 17% 4.91M 12m14s
 35850K .......... .......... .......... .......... .......... 17%  119K 12m15s
 35900K .......... .......... .......... .......... .......... 17%  226K 12m15s
 35950K .......... .......... .......... .......... .......... 17%  197K 12m15s
 36000K .......... .......... .......... .......... .......... 18%  343K 12m14s
 36050K .......... .......... .......... .......... .......... 18%  160K 12m14s
 36100K .......... .......... .......... .......... .......... 18%  199K 12m14s
 36150K .......... .......... .......... .......... .......... 18%  252K 12m14s
 36200K .......... .......... .......... .......... .......... 18%  279K 12m13s
 36250K .......... .......... .......... .......... .......... 18%  391K 12m13s
 36300K .......... .......... .......... .......... .......... 18%  335K 12m12s
 36350K .......... .......... .......... .......... .......... 18%  270K 12m12s
 36400K .......... .......... .......... .......... .......... 18%  345K 12m11s
 36450K .......... .......... .......... .......... .......... 18%  315K 12m11s
 36500K .......... .......... .......... .......... .......... 18%  369K 12m10s
 36550K .......... .......... .......... .......... .......... 18%  409K 12m9s
 36600K .......... .......... .......... .......... .......... 18%  358K 12m9s
 36650K .......... .......... .......... .......... .......... 18%  608K 12m8s
 36700K .......... .......... .......... .......... .......... 18%  463K 12m7s
 36750K .......... .......... .......... .......... .......... 18%  613K 12m6s
 36800K .......... .......... .......... .......... .......... 18%  595K 12m5s
 36850K .......... .......... .......... .......... .......... 18%  417K 12m5s
 36900K .......... .......... .......... .......... .......... 18%  532K 12m4s
 36950K .......... .......... .......... .......... .......... 18%  385K 12m3s
 37000K .......... .......... .......... .......... .......... 18%  366K 12m3s
 37050K .......... .......... .......... .......... .......... 18%  344K 12m2s
 37100K .......... .......... .......... .......... .......... 18%  382K 12m2s
 37150K .......... .......... .......... .......... .......... 18%  353K 12m1s
 37200K .......... .......... .......... .......... .......... 18%  313K 12m1s
 37250K .......... .......... .......... .......... .......... 18%  356K 12m0s
 37300K .......... .......... .......... .......... .......... 18%  336K 11m59s
 37350K .......... .......... .......... .......... .......... 18%  283K 11m59s
 37400K .......... .......... .......... .......... .......... 18%  322K 11m58s
 37450K .......... .......... .......... .......... .......... 18%  359K 11m58s
 37500K .......... .......... .......... .......... .......... 18%  384K 11m57s
 37550K .......... .......... .......... .......... .......... 18%  388K 11m57s
 37600K .......... .......... .......... .......... .......... 18%  303K 11m56s
 37650K .......... .......... .......... .......... .......... 18%  318K 11m56s
 37700K .......... .......... .......... .......... .......... 18%  264K 11m55s
 37750K .......... .......... .......... .......... .......... 18%  361K 11m55s
 37800K .......... .......... .......... .......... .......... 18%  300K 11m54s
 37850K .......... .......... .......... .......... .......... 18%  277K 11m54s
 37900K .......... .......... .......... .......... .......... 18%  339K 11m53s
 37950K .......... .......... .......... .......... .......... 18%  266K 11m53s
 38000K .......... .......... .......... .......... .......... 19%  306K 11m53s
 38050K .......... .......... .......... .......... .......... 19%  323K 11m52s
 38100K .......... .......... .......... .......... .......... 19%  289K 11m52s
 38150K .......... .......... .......... .......... .......... 19%  413K 11m51s
 38200K .......... .......... .......... .......... .......... 19% 16.4K 12m3s
 38250K .......... .......... .......... .......... .......... 19%  530K 12m2s
 38300K .......... .......... .......... .......... .......... 19% 4.88M 12m1s
 38350K .......... .......... .......... .......... .......... 19% 4.25M 12m0s
 38400K .......... .......... .......... .......... .......... 19% 5.39M 11m59s
 38450K .......... .......... .......... .......... .......... 19% 4.71M 11m58s
 38500K .......... .......... .......... .......... .......... 19% 4.82M 11m56s
 38550K .......... .......... .......... .......... .......... 19% 5.09M 11m55s
 38600K .......... .......... .......... .......... .......... 19% 4.43M 11m54s
 38650K .......... .......... .......... .......... .......... 19% 63.7K 11m56s
 38700K .......... .......... .......... .......... .......... 19% 3.92M 11m55s
 38750K .......... .......... .......... .......... .......... 19% 5.55M 11m54s
 38800K .......... .......... .......... .......... .......... 19% 5.24M 11m53s
 38850K .......... .......... .......... .......... .......... 19% 4.08M 11m52s
 38900K .......... .......... .......... .......... .......... 19% 5.34M 11m51s
 38950K .......... .......... .......... .......... .......... 19% 4.61M 11m50s
 39000K .......... .......... .......... .......... .......... 19% 52.6K 11m53s
 39050K .......... .......... .......... .......... .......... 19% 3.80M 11m52s
 39100K .......... .......... .......... .......... .......... 19% 4.80M 11m50s
 39150K .......... .......... .......... .......... .......... 19% 5.22M 11m49s
 39200K .......... .......... .......... .......... .......... 19% 4.40M 11m48s
 39250K .......... .......... .......... .......... .......... 19% 5.22M 11m47s
 39300K .......... .......... .......... .......... .......... 19% 4.93M 11m46s
 39350K .......... .......... .......... .......... .......... 19% 3.99M 11m45s
 39400K .......... .......... .......... .......... .......... 19% 4.59M 11m44s
 39450K .......... .......... .......... .......... .......... 19% 3.94M 11m43s
 39500K .......... .......... .......... .......... .......... 19%  416K 11m42s
 39550K .......... .......... .......... .......... .......... 19%  315K 11m42s
 39600K .......... .......... .......... .......... .......... 19%  273K 11m41s
 39650K .......... .......... .......... .......... .......... 19%  304K 11m41s
 39700K .......... .......... .......... .......... .......... 19%  293K 11m41s
 39750K .......... .......... .......... .......... .......... 19%  357K 11m40s
 39800K .......... .......... .......... .......... .......... 19%  401K 11m39s
 39850K .......... .......... .......... .......... .......... 19%  397K 11m39s
 39900K .......... .......... .......... .......... .......... 19%  308K 11m38s
 39950K .......... .......... .......... .......... .......... 19%  354K 11m38s
 40000K .......... .......... .......... .......... .......... 20%  438K 11m37s
 40050K .......... .......... .......... .......... .......... 20%  343K 11m37s
 40100K .......... .......... .......... .......... .......... 20%  241K 11m37s
 40150K .......... .......... .......... .......... .......... 20%  362K 11m36s
 40200K .......... .......... .......... .......... .......... 20%  271K 11m36s
 40250K .......... .......... .......... .......... .......... 20%  269K 11m35s
 40300K .......... .......... .......... .......... .......... 20%  327K 11m35s
 40350K .......... .......... .......... .......... .......... 20%  556K 11m34s
 40400K .......... .......... .......... .......... .......... 20%  562K 11m33s
 40450K .......... .......... .......... .......... .......... 20%  321K 11m33s
 40500K .......... .......... .......... .......... .......... 20%  533K 11m32s
 40550K .......... .......... .......... .......... .......... 20%  368K 11m32s
 40600K .......... .......... .......... .......... .......... 20%  406K 11m31s
 40650K .......... .......... .......... .......... .......... 20%  383K 11m31s
 40700K .......... .......... .......... .......... .......... 20%  427K 11m30s
 40750K .......... .......... .......... .......... .......... 20%  413K 11m29s
 40800K .......... .......... .......... .......... .......... 20%  458K 11m29s
 40850K .......... .......... .......... .......... .......... 20%  322K 11m28s
 40900K .......... .......... .......... .......... .......... 20%  428K 11m28s
 40950K .......... .......... .......... .......... .......... 20%  383K 11m27s
 41000K .......... .......... .......... .......... .......... 20%  340K 11m27s
 41050K .......... .......... .......... .......... .......... 20%  378K 11m26s
 41100K .......... .......... .......... .......... .......... 20%  378K 11m26s
 41150K .......... .......... .......... .......... .......... 20%  346K 11m25s
 41200K .......... .......... .......... .......... .......... 20%  428K 11m24s
 41250K .......... .......... .......... .......... .......... 20%  386K 11m24s
 41300K .......... .......... .......... .......... .......... 20%  429K 11m23s
 41350K .......... .......... .......... .......... .......... 20%  412K 11m23s
 41400K .......... .......... .......... .......... .......... 20%  424K 11m22s
 41450K .......... .......... .......... .......... .......... 20%  304K 11m22s
 41500K .......... .......... .......... .......... .......... 20%  427K 11m21s
 41550K .......... .......... .......... .......... .......... 20%  330K 11m21s
 41600K .......... .......... .......... .......... .......... 20%  404K 11m20s
 41650K .......... .......... .......... .......... .......... 20%  467K 11m20s
 41700K .......... .......... .......... .......... .......... 20%  477K 11m19s
 41750K .......... .......... .......... .......... .......... 20%  485K 11m18s
 41800K .......... .......... .......... .......... .......... 20%  397K 11m18s
 41850K .......... .......... .......... .......... .......... 20%  410K 11m17s
 41900K .......... .......... .......... .......... .......... 20%  399K 11m17s
 41950K .......... .......... .......... .......... .......... 20%  270K 11m16s
 42000K .......... .......... .......... .......... .......... 21%  292K 11m16s
 42050K .......... .......... .......... .......... .......... 21%  176K 11m16s
 42100K .......... .......... .......... .......... .......... 21%  351K 11m15s
 42150K .......... .......... .......... .......... .......... 21%  298K 11m15s
 42200K .......... .......... .......... .......... .......... 21%  431K 11m15s
 42250K .......... .......... .......... .......... .......... 21%  384K 11m14s
 42300K .......... .......... .......... .......... .......... 21%  158K 11m14s
 42350K .......... .......... .......... .......... .......... 21% 2.50M 11m13s
 42400K .......... .......... .......... .......... .......... 21% 1.06M 11m12s
 42450K .......... .......... .......... .......... .......... 21%  360K 11m12s
 42500K .......... .......... .......... .......... .......... 21%  469K 11m11s
 42550K .......... .......... .......... .......... .......... 21%  467K 11m11s
 42600K .......... .......... .......... .......... .......... 21%  587K 11m10s
 42650K .......... .......... .......... .......... .......... 21%  551K 11m9s
 42700K .......... .......... .......... .......... .......... 21%  430K 11m9s
 42750K .......... .......... .......... .......... .......... 21%  555K 11m8s
 42800K .......... .......... .......... .......... .......... 21%  365K 11m8s
 42850K .......... .......... .......... .......... .......... 21%  423K 11m7s
 42900K .......... .......... .......... .......... .......... 21%  581K 11m6s
 42950K .......... .......... .......... .......... .......... 21%  362K 11m6s
 43000K .......... .......... .......... .......... .......... 21%  627K 11m5s
 43050K .......... .......... .......... .......... .......... 21%  291K 11m5s
 43100K .......... .......... .......... .......... .......... 21%  498K 11m4s
 43150K .......... .......... .......... .......... .......... 21%  456K 11m4s
 43200K .......... .......... .......... .......... .......... 21%  386K 11m3s
 43250K .......... .......... .......... .......... .......... 21%  512K 11m3s
 43300K .......... .......... .......... .......... .......... 21%  294K 11m2s
 43350K .......... .......... .......... .......... .......... 21%  580K 11m2s
 43400K .......... .......... .......... .......... .......... 21%  521K 11m1s
 43450K .......... .......... .......... .......... .......... 21%  350K 11m0s
 43500K .......... .......... .......... .......... .......... 21%  466K 11m0s
 43550K .......... .......... .......... .......... .......... 21%  450K 10m59s
 43600K .......... .......... .......... .......... .......... 21%  462K 10m59s
 43650K .......... .......... .......... .......... .......... 21%  342K 10m58s
 43700K .......... .......... .......... .......... .......... 21%  400K 10m58s
 43750K .......... .......... .......... .......... .......... 21%  391K 10m57s
 43800K .......... .......... .......... .......... .......... 21%  451K 10m57s
 43850K .......... .......... .......... .......... .......... 21%  531K 10m56s
 43900K .......... .......... .......... .......... .......... 21%  407K 10m56s
 43950K .......... .......... .......... .......... .......... 21%  429K 10m55s
 44000K .......... .......... .......... .......... .......... 22%  637K 10m54s
 44050K .......... .......... .......... .......... .......... 22%  400K 10m54s
 44100K .......... .......... .......... .......... .......... 22%  461K 10m53s
 44150K .......... .......... .......... .......... .......... 22%  521K 10m53s
 44200K .......... .......... .......... .......... .......... 22%  565K 10m52s
 44250K .......... .......... .......... .......... .......... 22%  660K 10m51s
 44300K .......... .......... .......... .......... .......... 22%  500K 10m51s
 44350K .......... .......... .......... .......... .......... 22%  610K 10m50s
 44400K .......... .......... .......... .......... .......... 22%  593K 10m49s
 44450K .......... .......... .......... .......... .......... 22%  625K 10m49s
 44500K .......... .......... .......... .......... .......... 22%  451K 10m48s
 44550K .......... .......... .......... .......... .......... 22%  262K 10m48s
 44600K .......... .......... .......... .......... .......... 22%  563K 10m47s
 44650K .......... .......... .......... .......... .......... 22%  629K 10m47s
 44700K .......... .......... .......... .......... .......... 22%  602K 10m46s
 44750K .......... .......... .......... .......... .......... 22%  520K 10m45s
 44800K .......... .......... .......... .......... .......... 22%  347K 10m45s
 44850K .......... .......... .......... .......... .......... 22%  641K 10m44s
 44900K .......... .......... .......... .......... .......... 22%  515K 10m44s
 44950K .......... .......... .......... .......... .......... 22%  698K 10m43s
 45000K .......... .......... .......... .......... .......... 22%  748K 10m42s
 45050K .......... .......... .......... .......... .......... 22%  607K 10m42s
 45100K .......... .......... .......... .......... .......... 22%  434K 10m41s
 45150K .......... .......... .......... .......... .......... 22%  681K 10m41s
 45200K .......... .......... .......... .......... .......... 22%  405K 10m40s
 45250K .......... .......... .......... .......... .......... 22%  641K 10m39s
 45300K .......... .......... .......... .......... .......... 22%  456K 10m39s
 45350K .......... .......... .......... .......... .......... 22%  523K 10m38s
 45400K .......... .......... .......... .......... .......... 22%  617K 10m38s
 45450K .......... .......... .......... .......... .......... 22%  619K 10m37s
 45500K .......... .......... .......... .......... .......... 22%  296K 10m37s
 45550K .......... .......... .......... .......... .......... 22%  340K 10m36s
 45600K .......... .......... .......... .......... .......... 22%  502K 10m36s
 45650K .......... .......... .......... .......... .......... 22%  472K 10m35s
 45700K .......... .......... .......... .......... .......... 22%  461K 10m35s
 45750K .......... .......... .......... .......... .......... 22%  501K 10m34s
 45800K .......... .......... .......... .......... .......... 22%  436K 10m34s
 45850K .......... .......... .......... .......... .......... 22%  526K 10m33s
 45900K .......... .......... .......... .......... .......... 22%  654K 10m32s
 45950K .......... .......... .......... .......... .......... 22%  430K 10m32s
 46000K .......... .......... .......... .......... .......... 23%  465K 10m31s
 46050K .......... .......... .......... .......... .......... 23%  405K 10m31s
 46100K .......... .......... .......... .......... .......... 23%  562K 10m30s
 46150K .......... .......... .......... .......... .......... 23%  439K 10m30s
 46200K .......... .......... .......... .......... .......... 23%  679K 10m29s
 46250K .......... .......... .......... .......... .......... 23%  793K 10m28s
 46300K .......... .......... .......... .......... .......... 23%  495K 10m28s
 46350K .......... .......... .......... .......... .......... 23%  459K 10m27s
 46400K .......... .......... .......... .......... .......... 23%  435K 10m27s
 46450K .......... .......... .......... .......... .......... 23%  417K 10m26s
 46500K .......... .......... .......... .......... .......... 23%  345K 10m26s
 46550K .......... .......... .......... .......... .......... 23% 24.9K 10m32s
 46600K .......... .......... .......... .......... .......... 23% 4.75M 10m31s
 46650K .......... .......... .......... .......... .......... 23%  583K 10m30s
 46700K .......... .......... .......... .......... .......... 23%  418K 10m30s
 46750K .......... .......... .......... .......... .......... 23% 1.61M 10m29s
 46800K .......... .......... .......... .......... .......... 23%  932K 10m28s
 46850K .......... .......... .......... .......... .......... 23% 5.12M 10m28s
 46900K .......... .......... .......... .......... .......... 23% 5.39M 10m27s
 46950K .......... .......... .......... .......... .......... 23% 3.98M 10m26s
 47000K .......... .......... .......... .......... .......... 23% 5.34M 10m25s
 47050K .......... .......... .......... .......... .......... 23% 4.50M 10m24s
 47100K .......... .......... .......... .......... .......... 23% 4.79M 10m23s
 47150K .......... .......... .......... .......... .......... 23% 4.81M 10m23s
 47200K .......... .......... .......... .......... .......... 23% 3.92M 10m22s
 47250K .......... .......... .......... .......... .......... 23% 4.28M 10m21s
 47300K .......... .......... .......... .......... .......... 23% 3.60M 10m20s
 47350K .......... .......... .......... .......... .......... 23% 4.51M 10m19s
 47400K .......... .......... .......... .......... .......... 23% 4.58M 10m18s
 47450K .......... .......... .......... .......... .......... 23% 3.67M 10m18s
 47500K .......... .......... .......... .......... .......... 23% 4.26M 10m17s
 47550K .......... .......... .......... .......... .......... 23% 1.56M 10m16s
 47600K .......... .......... .......... .......... .......... 23%  346K 10m16s
 47650K .......... .......... .......... .......... .......... 23%  529K 10m15s
 47700K .......... .......... .......... .......... .......... 23%  471K 10m15s
 47750K .......... .......... .......... .......... .......... 23%  576K 10m14s
 47800K .......... .......... .......... .......... .......... 23%  454K 10m14s
 47850K .......... .......... .......... .......... .......... 23% 24.4K 10m19s
 47900K .......... .......... .......... .......... .......... 23% 2.86M 10m18s
 47950K .......... .......... .......... .......... .......... 23% 2.71M 10m18s
 48000K .......... .......... .......... .......... .......... 24% 3.71M 10m17s
 48050K .......... .......... .......... .......... .......... 24% 3.38M 10m16s
 48100K .......... .......... .......... .......... .......... 24% 3.56M 10m15s
 48150K .......... .......... .......... .......... .......... 24% 2.77M 10m14s
 48200K .......... .......... .......... .......... .......... 24% 2.46M 10m14s
 48250K .......... .......... .......... .......... .......... 24% 2.22M 10m13s
 48300K .......... .......... .......... .......... .......... 24% 2.11M 10m12s
 48350K .......... .......... .......... .......... .......... 24% 3.33M 10m11s
 48400K .......... .......... .......... .......... .......... 24% 3.40M 10m11s
 48450K .......... .......... .......... .......... .......... 24% 2.70M 10m10s
 48500K .......... .......... .......... .......... .......... 24% 3.03M 10m9s
 48550K .......... .......... .......... .......... .......... 24% 1.96M 10m8s
 48600K .......... .......... .......... .......... .......... 24%  132K 10m9s
 48650K .......... .......... .......... .......... .......... 24%  114K 10m9s
 48700K .......... .......... .......... .......... .......... 24% 51.0K 10m11s
 48750K .......... .......... .......... .......... .......... 24%  404K 10m11s
 48800K .......... .......... .......... .......... .......... 24%  145K 10m11s
 48850K .......... .......... .......... .......... .......... 24%  233K 10m11s
 48900K .......... .......... .......... .......... .......... 24%  166K 10m11s
 48950K .......... .......... .......... .......... .......... 24%  145K 10m11s
 49000K .......... .......... .......... .......... .......... 24% 15.3K 10m21s
 49050K .......... .......... .......... .......... .......... 24% 3.81M 10m20s
 49100K .......... .......... .......... .......... .......... 24%  166K 10m20s
 49150K .......... .......... .......... .......... .......... 24% 1.08M 10m19s
 49200K .......... .......... .......... .......... .......... 24% 4.08M 10m18s
 49250K .......... .......... .......... .......... .......... 24% 4.87M 10m18s
 49300K .......... .......... .......... .......... .......... 24% 4.06M 10m17s
 49350K .......... .......... .......... .......... .......... 24% 5.19M 10m16s
 49400K .......... .......... .......... .......... .......... 24% 4.77M 10m15s
 49450K .......... .......... .......... .......... .......... 24% 3.97M 10m14s
 49500K .......... .......... .......... .......... .......... 24% 5.22M 10m14s
 49550K .......... .......... .......... .......... .......... 24% 4.01M 10m13s
 49600K .......... .......... .......... .......... .......... 24% 4.40M 10m12s
 49650K .......... .......... .......... .......... .......... 24%  274K 10m12s
 49700K .......... .......... .......... .......... .......... 24%  209K 10m12s
 49750K .......... .......... .......... .......... .......... 24%  300K 10m11s
 49800K .......... .......... .......... .......... .......... 24%  266K 10m11s
 49850K .......... .......... .......... .......... .......... 24%  224K 10m11s
 49900K .......... .......... .......... .......... .......... 24%  194K 10m11s
 49950K .......... .......... .......... .......... .......... 24%  250K 10m11s
 50000K .......... .......... .......... .......... .......... 25%  266K 10m10s
 50050K .......... .......... .......... .......... .......... 25%  175K 10m11s
 50100K .......... .......... .......... .......... .......... 25%  287K 10m10s
 50150K .......... .......... .......... .......... .......... 25%  560K 10m10s
 50200K .......... .......... .......... .......... .......... 25%  166K 10m10s
 50250K .......... .......... .......... .......... .......... 25%  242K 10m10s
 50300K .......... .......... .......... .......... .......... 25%  260K 10m9s
 50350K .......... .......... .......... .......... .......... 25%  247K 10m9s
 50400K .......... .......... .......... .......... .......... 25%  372K 10m9s
 50450K .......... .......... .......... .......... .......... 25%  216K 10m9s
 50500K .......... .......... .......... .......... .......... 25%  296K 10m8s
 50550K .......... .......... .......... .......... .......... 25%  157K 10m8s
 50600K .......... .......... .......... .......... .......... 25%  261K 10m8s
 50650K .......... .......... .......... .......... .......... 25%  173K 10m8s
 50700K .......... .......... .......... .......... .......... 25%  138K 10m9s
 50750K .......... .......... .......... .......... .......... 25%  151K 10m9s
 50800K .......... .......... .......... .......... .......... 25%  124K 10m9s
 50850K .......... .......... .......... .......... .......... 25%  159K 10m9s
 50900K .......... .......... .......... .......... .......... 25%  176K 10m9s
 50950K .......... .......... .......... .......... .......... 25%  121K 10m10s
 51000K .......... .......... .......... .......... .......... 25%  177K 10m10s
 51050K .......... .......... .......... .......... .......... 25%  135K 10m10s
 51100K .......... .......... .......... .......... .......... 25%  205K 10m10s
 51150K .......... .......... .......... .......... .......... 25%  189K 10m10s
 51200K .......... .......... .......... .......... .......... 25%  135K 10m10s
 51250K .......... .......... .......... .......... .......... 25%  143K 10m10s
 51300K .......... .......... .......... .......... .......... 25%  133K 10m11s
 51350K .......... .......... .......... .......... .......... 25%  213K 10m10s
 51400K .......... .......... .......... .......... .......... 25%  145K 10m11s
 51450K .......... .......... .......... .......... .......... 25%  146K 10m11s
 51500K .......... .......... .......... .......... .......... 25%  189K 10m11s
 51550K .......... .......... .......... .......... .......... 25%  278K 10m11s
 51600K .......... .......... .......... .......... .......... 25%  182K 10m11s
 51650K .......... .......... .......... .......... .......... 25%  129K 10m11s
 51700K .......... .......... .......... .......... .......... 25% 80.9K 10m12s
 51750K .......... .......... .......... .......... .......... 25%  152K 10m12s
 51800K .......... .......... .......... .......... .......... 25% 88.5K 10m13s
 51850K .......... .......... .......... .......... .......... 25%  146K 10m13s
 51900K .......... .......... .......... .......... .......... 25%  199K 10m13s
 51950K .......... .......... .......... .......... .......... 25%  151K 10m13s
 52000K .......... .......... .......... .......... .......... 26%  143K 10m13s
 52050K .......... .......... .......... .......... .......... 26% 59.6K 10m15s
 52100K .......... .......... .......... .......... .......... 26% 9.39K 10m29s
 52150K .......... .......... .......... .......... .......... 26%  155K 10m29s
 52200K .......... .......... .......... .......... .......... 26%  605K 10m29s
 52250K .......... .......... .......... .......... .......... 26% 5.24M 10m28s
 52300K .......... .......... .......... .......... .......... 26% 4.31M 10m27s
 52350K .......... .......... .......... .......... .......... 26% 5.42M 10m26s
 52400K .......... .......... .......... .......... .......... 26% 5.74M 10m26s
 52450K .......... .......... .......... .......... .......... 26% 4.50M 10m25s
 52500K .......... .......... .......... .......... .......... 26% 5.41M 10m24s
 52550K .......... .......... .......... .......... .......... 26% 4.87M 10m23s
 52600K .......... .......... .......... .......... .......... 26% 5.28M 10m22s
 52650K .......... .......... .......... .......... .......... 26% 5.08M 10m22s
 52700K .......... .......... .......... .......... .......... 26%  392K 10m21s
 52750K .......... .......... .......... .......... .......... 26%  112K 10m22s
 52800K .......... .......... .......... .......... .......... 26% 68.8K 10m23s
 52850K .......... .......... .......... .......... .......... 26%  114K 10m23s
 52900K .......... .......... .......... .......... .......... 26%  117K 10m24s
 52950K .......... .......... .......... .......... .......... 26%  128K 10m24s
 53000K .......... .......... .......... .......... .......... 26% 94.2K 10m25s
 53050K .......... .......... .......... .......... .......... 26%  110K 10m25s
 53100K .......... .......... .......... .......... .......... 26%  154K 10m25s
 53150K .......... .......... .......... .......... .......... 26%  152K 10m25s
 53200K .......... .......... .......... .......... .......... 26%  115K 10m26s
 53250K .......... .......... .......... .......... .......... 26%  105K 10m26s
 53300K .......... .......... .......... .......... .......... 26% 76.4K 10m27s
 53350K .......... .......... .......... .......... .......... 26%  121K 10m28s
 53400K .......... .......... .......... .......... .......... 26%  118K 10m28s
 53450K .......... .......... .......... .......... .......... 26%  107K 10m28s
 53500K .......... .......... .......... .......... .......... 26% 13.4K 10m38s
 53550K .......... .......... .......... .......... .......... 26% 4.23M 10m37s
 53600K .......... .......... .......... .......... .......... 26% 4.92M 10m36s
 53650K .......... .......... .......... .......... .......... 26% 5.21M 10m35s
 53700K .......... .......... .......... .......... .......... 26% 4.63M 10m35s
 53750K .......... .......... .......... .......... .......... 26% 5.00M 10m34s
 53800K .......... .......... .......... .......... .......... 26% 4.00M 10m33s
 53850K .......... .......... .......... .......... .......... 26% 5.08M 10m32s
 53900K .......... .......... .......... .......... .......... 26% 4.95M 10m32s
 53950K .......... .......... .......... .......... .......... 26% 3.75M 10m31s
 54000K .......... .......... .......... .......... .......... 27% 3.92M 10m30s
 54050K .......... .......... .......... .......... .......... 27% 59.0K 10m32s
 54100K .......... .......... .......... .......... .......... 27% 74.0K 10m33s
 54150K .......... .......... .......... .......... .......... 27% 92.9K 10m33s
 54200K .......... .......... .......... .......... .......... 27% 86.4K 10m34s
 54250K .......... .......... .......... .......... .......... 27% 91.3K 10m35s
 54300K .......... .......... .......... .......... .......... 27% 72.5K 10m36s
 54350K .......... .......... .......... .......... .......... 27% 39.7K 10m38s
 54400K .......... .......... .......... .......... .......... 27% 60.3K 10m40s
 54450K .......... .......... .......... .......... .......... 27% 77.6K 10m41s
 54500K .......... .......... .......... .......... .......... 27% 76.2K 10m42s
 54550K .......... .......... .......... .......... .......... 27% 74.3K 10m43s
 54600K .......... .......... .......... .......... .......... 27%  101K 10m43s
 54650K .......... .......... .......... .......... .......... 27%  110K 10m43s
 54700K .......... .......... .......... .......... .......... 27%  108K 10m44s
 54750K .......... .......... .......... .......... .......... 27%  170K 10m44s
 54800K .......... .......... .......... .......... .......... 27%  266K 10m43s
 54850K .......... .......... .......... .......... .......... 27%  275K 10m43s
 54900K .......... .......... .......... .......... .......... 27%  339K 10m43s
 54950K .......... .......... .......... .......... .......... 27%  282K 10m42s
 55000K .......... .......... .......... .......... .......... 27%  322K 10m42s
 55050K .......... .......... .......... .......... .......... 27%  324K 10m42s
 55100K .......... .......... .......... .......... .......... 27%  365K 10m41s
 55150K .......... .......... .......... .......... .......... 27%  285K 10m41s
 55200K .......... .......... .......... .......... .......... 27%  313K 10m40s
 55250K .......... .......... .......... .......... .......... 27%  308K 10m40s
 55300K .......... .......... .......... .......... .......... 27%  259K 10m40s
 55350K .......... .......... .......... .......... .......... 27%  320K 10m39s
 55400K .......... .......... .......... .......... .......... 27%  305K 10m39s
 55450K .......... .......... .......... .......... .......... 27%  272K 10m39s
 55500K .......... .......... .......... .......... .......... 27%  287K 10m38s
 55550K .......... .......... .......... .......... .......... 27%  319K 10m38s
 55600K .......... .......... .......... .......... .......... 27%  294K 10m38s
 55650K .......... .......... .......... .......... .......... 27%  304K 10m37s
 55700K .......... .......... .......... .......... .......... 27%  277K 10m37s
 55750K .......... .......... .......... .......... .......... 27%  346K 10m37s
 55800K .......... .......... .......... .......... .......... 27%  285K 10m36s
 55850K .......... .......... .......... .......... .......... 27%  216K 10m36s
 55900K .......... .......... .......... .......... .......... 27%  611K 10m35s
 55950K .......... .......... .......... .......... .......... 27%  300K 10m35s
 56000K .......... .......... .......... .......... .......... 28%  301K 10m35s
 56050K .......... .......... .......... .......... .......... 28%  274K 10m34s
 56100K .......... .......... .......... .......... .......... 28%  239K 10m34s
 56150K .......... .......... .......... .......... .......... 28%  245K 10m34s
 56200K .......... .......... .......... .......... .......... 28%  226K 10m34s
 56250K .......... .......... .......... .......... .......... 28% 15.7K 10m41s
 56300K .......... .......... .......... .......... .......... 28% 4.34M 10m40s
 56350K .......... .......... .......... .......... .......... 28%  133K 10m40s
 56400K .......... .......... .......... .......... .......... 28%  591K 10m40s
 56450K .......... .......... .......... .......... .......... 28% 2.28M 10m39s
 56500K .......... .......... .......... .......... .......... 28% 3.18M 10m38s
 56550K .......... .......... .......... .......... .......... 28% 2.74M 10m38s
 56600K .......... .......... .......... .......... .......... 28% 3.26M 10m37s
 56650K .......... .......... .......... .......... .......... 28% 3.55M 10m36s
 56700K .......... .......... .......... .......... .......... 28% 2.85M 10m35s
 56750K .......... .......... .......... .......... .......... 28% 3.37M 10m35s
 56800K .......... .......... .......... .......... .......... 28% 2.82M 10m34s
 56850K .......... .......... .......... .......... .......... 28% 3.67M 10m33s
 56900K .......... .......... .......... .......... .......... 28% 3.84M 10m32s
 56950K .......... .......... .......... .......... .......... 28% 3.23M 10m32s
 57000K .......... .......... .......... .......... .......... 28% 3.83M 10m31s
 57050K .......... .......... .......... .......... .......... 28% 3.81M 10m30s
 57100K .......... .......... .......... .......... .......... 28% 1.24M 10m30s
 57150K .......... .......... .......... .......... .......... 28%  239K 10m29s
 57200K .......... .......... .......... .......... .......... 28%  125K 10m29s
 57250K .......... .......... .......... .......... .......... 28%  182K 10m29s
 57300K .......... .......... .......... .......... .......... 28%  256K 10m29s
 57350K .......... .......... .......... .......... .......... 28%  227K 10m29s
 57400K .......... .......... .......... .......... .......... 28%  320K 10m29s
 57450K .......... .......... .......... .......... .......... 28%  158K 10m29s
 57500K .......... .......... .......... .......... .......... 28%  313K 10m28s
 57550K .......... .......... .......... .......... .......... 28%  155K 10m28s
 57600K .......... .......... .......... .......... .......... 28%  226K 10m28s
 57650K .......... .......... .......... .......... .......... 28%  180K 10m28s
 57700K .......... .......... .......... .......... .......... 28%  164K 10m28s
 57750K .......... .......... .......... .......... .......... 28%  265K 10m28s
 57800K .......... .......... .......... .......... .......... 28%  312K 10m27s
 57850K .......... .......... .......... .......... .......... 28%  275K 10m27s
 57900K .......... .......... .......... .......... .......... 28%  243K 10m27s
 57950K .......... .......... .......... .......... .......... 28%  187K 10m27s
 58000K .......... .......... .......... .......... .......... 29%  230K 10m26s
 58050K .......... .......... .......... .......... .......... 29%  215K 10m26s
 58100K .......... .......... .......... .......... .......... 29%  159K 10m26s
 58150K .......... .......... .......... .......... .......... 29%  179K 10m26s
 58200K .......... .......... .......... .......... .......... 29% 15.3K 10m33s
 58250K .......... .......... .......... .......... .......... 29% 5.23M 10m32s
 58300K .......... .......... .......... .......... .......... 29% 4.19M 10m32s
 58350K .......... .......... .......... .......... .......... 29% 5.23M 10m31s
 58400K .......... .......... .......... .......... .......... 29% 5.16M 10m30s
 58450K .......... .......... .......... .......... .......... 29% 4.28M 10m30s
 58500K .......... .......... .......... .......... .......... 29% 5.04M 10m29s
 58550K .......... .......... .......... .......... .......... 29% 4.85M 10m28s
 58600K .......... .......... .......... .......... .......... 29% 5.33M 10m27s
 58650K .......... .......... .......... .......... .......... 29% 5.27M 10m27s
 58700K .......... .......... .......... .......... .......... 29% 4.75M 10m26s
 58750K .......... .......... .......... .......... .......... 29% 5.12M 10m25s
 58800K .......... .......... .......... .......... .......... 29% 4.49M 10m24s
 58850K .......... .......... .......... .......... .......... 29% 1.67M 10m24s
 58900K .......... .......... .......... .......... .......... 29%  330K 10m23s
 58950K .......... .......... .......... .......... .......... 29%  289K 10m23s
 59000K .......... .......... .......... .......... .......... 29%  278K 10m23s
 59050K .......... .......... .......... .......... .......... 29%  151K 10m23s
 59100K .......... .......... .......... .......... .......... 29%  208K 10m23s
 59150K .......... .......... .......... .......... .......... 29%  197K 10m22s
 59200K .......... .......... .......... .......... .......... 29%  291K 10m22s
 59250K .......... .......... .......... .......... .......... 29%  488K 10m22s
 59300K .......... .......... .......... .......... .......... 29%  258K 10m21s
 59350K .......... .......... .......... .......... .......... 29%  275K 10m21s
 59400K .......... .......... .......... .......... .......... 29%  285K 10m21s
 59450K .......... .......... .......... .......... .......... 29%  125K 10m21s
 59500K .......... .......... .......... .......... .......... 29%  115K 10m21s
 59550K .......... .......... .......... .......... .......... 29% 60.2K 10m22s
 59600K .......... .......... .......... .......... .......... 29%  151K 10m22s
 59650K .......... .......... .......... .......... .......... 29%  293K 10m22s
 59700K .......... .......... .......... .......... .......... 29%  299K 10m22s
 59750K .......... .......... .......... .......... .......... 29%  341K 10m21s
 59800K .......... .......... .......... .......... .......... 29%  194K 10m21s
 59850K .......... .......... .......... .......... .......... 29%  432K 10m21s
 59900K .......... .......... .......... .......... .......... 29%  335K 10m20s
 59950K .......... .......... .......... .......... .......... 29%  169K 10m20s
 60000K .......... .......... .......... .......... .......... 30%  390K 10m20s
 60050K .......... .......... .......... .......... .......... 30%  105K 10m20s
 60100K .......... .......... .......... .......... .......... 30%  172K 10m20s
 60150K .......... .......... .......... .......... .......... 30%  177K 10m20s
 60200K .......... .......... .......... .......... .......... 30%  217K 10m20s
 60250K .......... .......... .......... .......... .......... 30%  130K 10m20s
 60300K .......... .......... .......... .......... .......... 30%  196K 10m20s
 60350K .......... .......... .......... .......... .......... 30%  229K 10m20s
 60400K .......... .......... .......... .......... .......... 30%  196K 10m20s
 60450K .......... .......... .......... .......... .......... 30%  240K 10m19s
 60500K .......... .......... .......... .......... .......... 30%  266K 10m19s
 60550K .......... .......... .......... .......... .......... 30%  180K 10m19s
 60600K .......... .......... .......... .......... .......... 30%  206K 10m19s
 60650K .......... .......... .......... .......... .......... 30%  215K 10m18s
 60700K .......... .......... .......... .......... .......... 30%  185K 10m18s
 60750K .......... .......... .......... .......... .......... 30%  375K 10m18s
 60800K .......... .......... .......... .......... .......... 30%  300K 10m18s
 60850K .......... .......... .......... .......... .......... 30%  201K 10m17s
 60900K .......... .......... .......... .......... .......... 30%  328K 10m17s
 60950K .......... .......... .......... .......... .......... 30%  234K 10m17s
 61000K .......... .......... .......... .......... .......... 30%  227K 10m17s
 61050K .......... .......... .......... .......... .......... 30% 92.9K 10m17s
 61100K .......... .......... .......... .......... .......... 30%  671K 10m17s
 61150K .......... .......... .......... .......... .......... 30%  271K 10m16s
 61200K .......... .......... .......... .......... .......... 30%  133K 10m16s
 61250K .......... .......... .......... .......... .......... 30%  218K 10m16s
 61300K .......... .......... .......... .......... .......... 30%  157K 10m16s
 61350K .......... .......... .......... .......... .......... 30%  178K 10m16s
 61400K .......... .......... .......... .......... .......... 30%  150K 10m16s
 61450K .......... .......... .......... .......... .......... 30% 10.5K 10m26s
 61500K .......... .......... .......... .......... .......... 30% 1.02M 10m25s
 61550K .......... .......... .......... .......... .......... 30%  690K 10m25s
 61600K .......... .......... .......... .......... .......... 30% 4.87M 10m24s
 61650K .......... .......... .......... .......... .......... 30% 5.05M 10m23s
 61700K .......... .......... .......... .......... .......... 30% 4.46M 10m23s
 61750K .......... .......... .......... .......... .......... 30% 5.05M 10m22s
 61800K .......... .......... .......... .......... .......... 30% 4.36M 10m21s
 61850K .......... .......... .......... .......... .......... 30% 5.29M 10m21s
 61900K .......... .......... .......... .......... .......... 30% 5.67M 10m20s
 61950K .......... .......... .......... .......... .......... 30% 4.70M 10m19s
 62000K .......... .......... .......... .......... .......... 31% 5.36M 10m19s
 62050K .......... .......... .......... .......... .......... 31% 5.19M 10m18s
 62100K .......... .......... .......... .......... .......... 31% 5.46M 10m17s
 62150K .......... .......... .......... .......... .......... 31%  501K 10m17s
 62200K .......... .......... .......... .......... .......... 31%  250K 10m16s
 62250K .......... .......... .......... .......... .......... 31%  325K 10m16s
 62300K .......... .......... .......... .......... .......... 31%  334K 10m16s
 62350K .......... .......... .......... .......... .......... 31%  356K 10m15s
 62400K .......... .......... .......... .......... .......... 31%  290K 10m15s
 62450K .......... .......... .......... .......... .......... 31%  581K 10m14s
 62500K .......... .......... .......... .......... .......... 31%  246K 10m14s
 62550K .......... .......... .......... .......... .......... 31%  270K 10m14s
 62600K .......... .......... .......... .......... .......... 31%  432K 10m13s
 62650K .......... .......... .......... .......... .......... 31%  425K 10m13s
 62700K .......... .......... .......... .......... .......... 31%  341K 10m12s
 62750K .......... .......... .......... .......... .......... 31%  420K 10m12s
 62800K .......... .......... .......... .......... .......... 31%  311K 10m12s
 62850K .......... .......... .......... .......... .......... 31%  505K 10m11s
 62900K .......... .......... .......... .......... .......... 31%  391K 10m11s
 62950K .......... .......... .......... .......... .......... 31%  361K 10m10s
 63000K .......... .......... .......... .......... .......... 31%  310K 10m10s
 63050K .......... .......... .......... .......... .......... 31%  318K 10m10s
 63100K .......... .......... .......... .......... .......... 31%  214K 10m9s
 63150K .......... .......... .......... .......... .......... 31%  336K 10m9s
 63200K .......... .......... .......... .......... .......... 31%  303K 10m9s
 63250K .......... .......... .......... .......... .......... 31%  390K 10m8s
 63300K .......... .......... .......... .......... .......... 31%  300K 10m8s
 63350K .......... .......... .......... .......... .......... 31%  339K 10m8s
 63400K .......... .......... .......... .......... .......... 31%  309K 10m7s
 63450K .......... .......... .......... .......... .......... 31%  273K 10m7s
 63500K .......... .......... .......... .......... .......... 31%  333K 10m6s
 63550K .......... .......... .......... .......... .......... 31%  221K 10m6s
 63600K .......... .......... .......... .......... .......... 31%  226K 10m6s
 63650K .......... .......... .......... .......... .......... 31%  332K 10m6s
 63700K .......... .......... .......... .......... .......... 31%  269K 10m5s
 63750K .......... .......... .......... .......... .......... 31% 80.1K 10m6s
 63800K .......... .......... .......... .......... .......... 31% 2.14M 10m5s
 63850K .......... .......... .......... .......... .......... 31%  269K 10m5s
 63900K .......... .......... .......... .......... .......... 31%  241K 10m5s
 63950K .......... .......... .......... .......... .......... 31%  208K 10m5s
 64000K .......... .......... .......... .......... .......... 32%  266K 10m4s
 64050K .......... .......... .......... .......... .......... 32%  221K 10m4s
 64100K .......... .......... .......... .......... .......... 32%  218K 10m4s
 64150K .......... .......... .......... .......... .......... 32%  417K 10m3s
 64200K .......... .......... .......... .......... .......... 32%  211K 10m3s
 64250K .......... .......... .......... .......... .......... 32%  297K 10m3s
 64300K .......... .......... .......... .......... .......... 32%  228K 10m3s
 64350K .......... .......... .......... .......... .......... 32%  338K 10m2s
 64400K .......... .......... .......... .......... .......... 32%  318K 10m2s
 64450K .......... .......... .......... .......... .......... 32%  240K 10m2s
 64500K .......... .......... .......... .......... .......... 32%  244K 10m1s
 64550K .......... .......... .......... .......... .......... 32%  168K 10m1s
 64600K .......... .......... .......... .......... .......... 32% 12.4K 10m9s
 64650K .......... .......... .......... .......... .......... 32% 3.41M 10m9s
 64700K .......... .......... .......... .......... .......... 32% 4.57M 10m8s
 64750K .......... .......... .......... .......... .......... 32% 5.76M 10m7s
 64800K .......... .......... .......... .......... .......... 32% 4.38M 10m6s
 64850K .......... .......... .......... .......... .......... 32% 5.16M 10m6s
 64900K .......... .......... .......... .......... .......... 32% 6.19M 10m5s
 64950K .......... .......... .......... .......... .......... 32% 4.74M 10m4s
 65000K .......... .......... .......... .......... .......... 32% 5.78M 10m4s
 65050K .......... .......... .......... .......... .......... 32% 5.15M 10m3s
 65100K .......... .......... .......... .......... .......... 32% 5.70M 10m2s
 65150K .......... .......... .......... .......... .......... 32% 5.92M 10m2s
 65200K .......... .......... .......... .......... .......... 32% 5.13M 10m1s
 65250K .......... .......... .......... .......... .......... 32% 5.77M 10m0s
 65300K .......... .......... .......... .......... .......... 32%  377K 10m0s
 65350K .......... .......... .......... .......... .......... 32%  230K 10m0s
 65400K .......... .......... .......... .......... .......... 32%  185K 10m0s
 65450K .......... .......... .......... .......... .......... 32%  139K 10m0s
 65500K .......... .......... .......... .......... .......... 32%  853K 9m59s
 65550K .......... .......... .......... .......... .......... 32%  132K 9m59s
 65600K .......... .......... .......... .......... .......... 32%  230K 9m59s
 65650K .......... .......... .......... .......... .......... 32%  157K 9m59s
 65700K .......... .......... .......... .......... .......... 32%  188K 9m59s
 65750K .......... .......... .......... .......... .......... 32%  189K 9m59s
 65800K .......... .......... .......... .......... .......... 32%  188K 9m59s
 65850K .......... .......... .......... .......... .......... 32%  168K 9m59s
 65900K .......... .......... .......... .......... .......... 32%  177K 9m58s
 65950K .......... .......... .......... .......... .......... 32%  145K 9m58s
 66000K .......... .......... .......... .......... .......... 33%  189K 9m58s
 66050K .......... .......... .......... .......... .......... 33%  174K 9m58s
 66100K .......... .......... .......... .......... .......... 33%  329K 9m58s
 66150K .......... .......... .......... .......... .......... 33%  307K 9m58s
 66200K .......... .......... .......... .......... .......... 33%  318K 9m57s
 66250K .......... .......... .......... .......... .......... 33%  276K 9m57s
 66300K .......... .......... .......... .......... .......... 33%  188K 9m57s
 66350K .......... .......... .......... .......... .......... 33%  159K 9m57s
 66400K .......... .......... .......... .......... .......... 33%  264K 9m56s
 66450K .......... .......... .......... .......... .......... 33%  211K 9m56s
 66500K .......... .......... .......... .......... .......... 33%  245K 9m56s
 66550K .......... .......... .......... .......... .......... 33%  277K 9m56s
 66600K .......... .......... .......... .......... .......... 33%  289K 9m55s
 66650K .......... .......... .......... .......... .......... 33%  259K 9m55s
 66700K .......... .......... .......... .......... .......... 33%  183K 9m55s
 66750K .......... .......... .......... .......... .......... 33%  220K 9m55s
 66800K .......... .......... .......... .......... .......... 33%  192K 9m55s
 66850K .......... .......... .......... .......... .......... 33%  379K 9m54s
 66900K .......... .......... .......... .......... .......... 33%  267K 9m54s
 66950K .......... .......... .......... .......... .......... 33%  202K 9m54s
 67000K .......... .......... .......... .......... .......... 33%  411K 9m53s
 67050K .......... .......... .......... .......... .......... 33%  253K 9m53s
 67100K .......... .......... .......... .......... .......... 33%  323K 9m53s
 67150K .......... .......... .......... .......... .......... 33%  288K 9m52s
 67200K .......... .......... .......... .......... .......... 33%  326K 9m52s
 67250K .......... .......... .......... .......... .......... 33%  372K 9m52s
 67300K .......... .......... .......... .......... .......... 33%  296K 9m51s
 67350K .......... .......... .......... .......... .......... 33%  345K 9m51s
 67400K .......... .......... .......... .......... .......... 33%  267K 9m51s
 67450K .......... .......... .......... .......... .......... 33%  205K 9m50s
 67500K .......... .......... .......... .......... .......... 33%  190K 9m50s
 67550K .......... .......... .......... .......... .......... 33%  485K 9m50s
 67600K .......... .......... .......... .......... .......... 33%  255K 9m50s
 67650K .......... .......... .......... .......... .......... 33%  297K 9m49s
 67700K .......... .......... .......... .......... .......... 33%  218K 9m49s
 67750K .......... .......... .......... .......... .......... 33%  316K 9m49s
 67800K .......... .......... .......... .......... .......... 33%  250K 9m48s
 67850K .......... .......... .......... .......... .......... 33%  300K 9m48s
 67900K .......... .......... .......... .......... .......... 33%  310K 9m48s
 67950K .......... .......... .......... .......... .......... 33%  213K 9m47s
 68000K .......... .......... .......... .......... .......... 34%  291K 9m47s
 68050K .......... .......... .......... .......... .......... 34%  275K 9m47s
 68100K .......... .......... .......... .......... .......... 34%  241K 9m47s
 68150K .......... .......... .......... .......... .......... 34%  237K 9m46s
 68200K .......... .......... .......... .......... .......... 34%  272K 9m46s
 68250K .......... .......... .......... .......... .......... 34%  309K 9m46s
 68300K .......... .......... .......... .......... .......... 34%  249K 9m45s
 68350K .......... .......... .......... .......... .......... 34%  272K 9m45s
 68400K .......... .......... .......... .......... .......... 34%  438K 9m45s
 68450K .......... .......... .......... .......... .......... 34%  336K 9m44s
 68500K .......... .......... .......... .......... .......... 34%  347K 9m44s
 68550K .......... .......... .......... .......... .......... 34%  319K 9m44s
 68600K .......... .......... .......... .......... .......... 34%  411K 9m43s
 68650K .......... .......... .......... .......... .......... 34%  420K 9m43s
 68700K .......... .......... .......... .......... .......... 34%  316K 9m42s
 68750K .......... .......... .......... .......... .......... 34%  365K 9m42s
 68800K .......... .......... .......... .......... .......... 34% 14.3K 9m48s
 68850K .......... .......... .......... .......... .......... 34%  357K 9m48s
 68900K .......... .......... .......... .......... .......... 34%  440K 9m47s
 68950K .......... .......... .......... .......... .......... 34% 2.65M 9m47s
 69000K .......... .......... .......... .......... .......... 34% 5.65M 9m46s
 69050K .......... .......... .......... .......... .......... 34% 4.92M 9m45s
 69100K .......... .......... .......... .......... .......... 34% 5.55M 9m45s
 69150K .......... .......... .......... .......... .......... 34% 5.84M 9m44s
 69200K .......... .......... .......... .......... .......... 34% 4.70M 9m44s
 69250K .......... .......... .......... .......... .......... 34% 5.28M 9m43s
 69300K .......... .......... .......... .......... .......... 34% 4.51M 9m42s
 69350K .......... .......... .......... .......... .......... 34% 5.44M 9m42s
 69400K .......... .......... .......... .......... .......... 34% 37.4K 9m44s
 69450K .......... .......... .......... .......... .......... 34% 1.64M 9m43s
 69500K .......... .......... .......... .......... .......... 34% 3.93M 9m42s
 69550K .......... .......... .......... .......... .......... 34% 4.74M 9m42s
 69600K .......... .......... .......... .......... .......... 34% 5.76M 9m41s
 69650K .......... .......... .......... .......... .......... 34% 5.58M 9m40s
 69700K .......... .......... .......... .......... .......... 34% 5.16M 9m40s
 69750K .......... .......... .......... .......... .......... 34% 5.77M 9m39s
 69800K .......... .......... .......... .......... .......... 34% 4.44M 9m39s
 69850K .......... .......... .......... .......... .......... 34% 5.51M 9m38s
 69900K .......... .......... .......... .......... .......... 34% 5.58M 9m37s
 69950K .......... .......... .......... .......... .......... 34% 4.64M 9m37s
 70000K .......... .......... .......... .......... .......... 35% 5.41M 9m36s
 70050K .......... .......... .......... .......... .......... 35%  189K 9m36s
 70100K .......... .......... .......... .......... .......... 35%  316K 9m36s
 70150K .......... .......... .......... .......... .......... 35%  177K 9m36s
 70200K .......... .......... .......... .......... .......... 35%  489K 9m35s
 70250K .......... .......... .......... .......... .......... 35%  318K 9m35s
 70300K .......... .......... .......... .......... .......... 35%  346K 9m34s
 70350K .......... .......... .......... .......... .......... 35%  358K 9m34s
 70400K .......... .......... .......... .......... .......... 35%  277K 9m34s
 70450K .......... .......... .......... .......... .......... 35%  240K 9m34s
 70500K .......... .......... .......... .......... .......... 35%  301K 9m33s
 70550K .......... .......... .......... .......... .......... 35%  327K 9m33s
 70600K .......... .......... .......... .......... .......... 35%  265K 9m33s
 70650K .......... .......... .......... .......... .......... 35%  271K 9m32s
 70700K .......... .......... .......... .......... .......... 35%  314K 9m32s
 70750K .......... .......... .......... .......... .......... 35%  214K 9m32s
 70800K .......... .......... .......... .......... .......... 35% 15.9K 9m37s
 70850K .......... .......... .......... .......... .......... 35% 4.20M 9m36s
 70900K .......... .......... .......... .......... .......... 35% 5.40M 9m36s
 70950K .......... .......... .......... .......... .......... 35% 2.77M 9m35s
 71000K .......... .......... .......... .......... .......... 35% 5.05M 9m34s
 71050K .......... .......... .......... .......... .......... 35% 4.83M 9m34s
 71100K .......... .......... .......... .......... .......... 35% 4.89M 9m33s
 71150K .......... .......... .......... .......... .......... 35% 5.64M 9m33s
 71200K .......... .......... .......... .......... .......... 35% 4.76M 9m32s
 71250K .......... .......... .......... .......... .......... 35% 5.35M 9m31s
 71300K .......... .......... .......... .......... .......... 35% 3.77M 9m31s
 71350K .......... .......... .......... .......... .......... 35% 5.43M 9m30s
 71400K .......... .......... .......... .......... .......... 35% 5.62M 9m30s
 71450K .......... .......... .......... .......... .......... 35% 4.71M 9m29s
 71500K .......... .......... .......... .......... .......... 35%  810K 9m28s
 71550K .......... .......... .......... .......... .......... 35%  465K 9m28s
 71600K .......... .......... .......... .......... .......... 35%  315K 9m28s
 71650K .......... .......... .......... .......... .......... 35%  373K 9m27s
 71700K .......... .......... .......... .......... .......... 35%  289K 9m27s
 71750K .......... .......... .......... .......... .......... 35%  336K 9m27s
 71800K .......... .......... .......... .......... .......... 35%  261K 9m26s
 71850K .......... .......... .......... .......... .......... 35%  317K 9m26s
 71900K .......... .......... .......... .......... .......... 35%  327K 9m26s
 71950K .......... .......... .......... .......... .......... 35%  281K 9m25s
 72000K .......... .......... .......... .......... .......... 36%  338K 9m25s
 72050K .......... .......... .......... .......... .......... 36%  115K 9m25s
 72100K .......... .......... .......... .......... .......... 36%  509K 9m25s
 72150K .......... .......... .......... .......... .......... 36%  583K 9m24s
 72200K .......... .......... .......... .......... .......... 36%  160K 9m24s
 72250K .......... .......... .......... .......... .......... 36%  266K 9m24s
 72300K .......... .......... .......... .......... .......... 36%  218K 9m24s
 72350K .......... .......... .......... .......... .......... 36%  379K 9m23s
 72400K .......... .......... .......... .......... .......... 36%  191K 9m23s
 72450K .......... .......... .......... .......... .......... 36%  222K 9m23s
 72500K .......... .......... .......... .......... .......... 36%  188K 9m23s
 72550K .......... .......... .......... .......... .......... 36%  151K 9m23s
 72600K .......... .......... .......... .......... .......... 36%  233K 9m23s
 72650K .......... .......... .......... .......... .......... 36%  343K 9m22s
 72700K .......... .......... .......... .......... .......... 36%  215K 9m22s
 72750K .......... .......... .......... .......... .......... 36%  236K 9m22s
 72800K .......... .......... .......... .......... .......... 36%  212K 9m22s
 72850K .......... .......... .......... .......... .......... 36%  221K 9m21s
 72900K .......... .......... .......... .......... .......... 36%  174K 9m21s
 72950K .......... .......... .......... .......... .......... 36% 87.4K 9m22s
 73000K .......... .......... .......... .......... .......... 36% 91.2K 9m22s
 73050K .......... .......... .......... .......... .......... 36%  201K 9m22s
 73100K .......... .......... .......... .......... .......... 36%  114K 9m22s
 73150K .......... .......... .......... .......... .......... 36%  154K 9m22s
 73200K .......... .......... .......... .......... .......... 36%  111K 9m22s
 73250K .......... .......... .......... .......... .......... 36%  489K 9m22s
 73300K .......... .......... .......... .......... .......... 36%  303K 9m21s
 73350K .......... .......... .......... .......... .......... 36%  337K 9m21s
 73400K .......... .......... .......... .......... .......... 36%  368K 9m21s
 73450K .......... .......... .......... .......... .......... 36%  318K 9m20s
 73500K .......... .......... .......... .......... .......... 36%  403K 9m20s
 73550K .......... .......... .......... .......... .......... 36%  285K 9m20s
 73600K .......... .......... .......... .......... .......... 36%  387K 9m19s
 73650K .......... .......... .......... .......... .......... 36%  331K 9m19s
 73700K .......... .......... .......... .......... .......... 36%  251K 9m19s
 73750K .......... .......... .......... .......... .......... 36%  330K 9m18s
 73800K .......... .......... .......... .......... .......... 36%  239K 9m18s
 73850K .......... .......... .......... .......... .......... 36%  287K 9m18s
 73900K .......... .......... .......... .......... .......... 36%  268K 9m18s
 73950K .......... .......... .......... .......... .......... 36%  242K 9m17s
 74000K .......... .......... .......... .......... .......... 37%  187K 9m17s
 74050K .......... .......... .......... .......... .......... 37%  108K 9m17s
 74100K .......... .......... .......... .......... .......... 37% 12.5K 9m24s
 74150K .......... .......... .......... .......... .......... 37%  429K 9m23s
 74200K .......... .......... .......... .......... .......... 37% 3.83M 9m23s
 74250K .......... .......... .......... .......... .......... 37% 4.79M 9m22s
 74300K .......... .......... .......... .......... .......... 37% 4.06M 9m21s
 74350K .......... .......... .......... .......... .......... 37% 5.54M 9m21s
 74400K .......... .......... .......... .......... .......... 37% 4.90M 9m20s
 74450K .......... .......... .......... .......... .......... 37% 4.43M 9m20s
 74500K .......... .......... .......... .......... .......... 37% 5.45M 9m19s
 74550K .......... .......... .......... .......... .......... 37% 4.68M 9m19s
 74600K .......... .......... .......... .......... .......... 37% 5.10M 9m18s
 74650K .......... .......... .......... .......... .......... 37% 5.20M 9m17s
 74700K .......... .......... .......... .......... .......... 37% 4.86M 9m17s
 74750K .......... .......... .......... .......... .......... 37%  307K 9m16s
 74800K .......... .......... .......... .......... .......... 37%  204K 9m16s
 74850K .......... .......... .......... .......... .......... 37%  244K 9m16s
 74900K .......... .......... .......... .......... .......... 37%  279K 9m16s
 74950K .......... .......... .......... .......... .......... 37%  256K 9m15s
 75000K .......... .......... .......... .......... .......... 37%  147K 9m15s
 75050K .......... .......... .......... .......... .......... 37%  310K 9m15s
 75100K .......... .......... .......... .......... .......... 37%  249K 9m15s
 75150K .......... .......... .......... .......... .......... 37%  115K 9m15s
 75200K .......... .......... .......... .......... .......... 37% 1.47M 9m14s
 75250K .......... .......... .......... .......... .......... 37%  192K 9m14s
 75300K .......... .......... .......... .......... .......... 37%  190K 9m14s
 75350K .......... .......... .......... .......... .......... 37%  275K 9m14s
 75400K .......... .......... .......... .......... .......... 37%  490K 9m13s
 75450K .......... .......... .......... .......... .......... 37%  339K 9m13s
 75500K .......... .......... .......... .......... .......... 37%  312K 9m13s
 75550K .......... .......... .......... .......... .......... 37%  251K 9m13s
 75600K .......... .......... .......... .......... .......... 37%  461K 9m12s
 75650K .......... .......... .......... .......... .......... 37%  217K 9m12s
 75700K .......... .......... .......... .......... .......... 37%  263K 9m12s
 75750K .......... .......... .......... .......... .......... 37%  278K 9m11s
 75800K .......... .......... .......... .......... .......... 37%  159K 9m11s
 75850K .......... .......... .......... .......... .......... 37%  384K 9m11s
 75900K .......... .......... .......... .......... .......... 37%  275K 9m11s
 75950K .......... .......... .......... .......... .......... 37%  345K 9m10s
 76000K .......... .......... .......... .......... .......... 38%  382K 9m10s
 76050K .......... .......... .......... .......... .......... 38%  331K 9m10s
 76100K .......... .......... .......... .......... .......... 38%  389K 9m9s
 76150K .......... .......... .......... .......... .......... 38%  275K 9m9s
 76200K .......... .......... .......... .......... .......... 38%  469K 9m8s
 76250K .......... .......... .......... .......... .......... 38%  351K 9m8s
 76300K .......... .......... .......... .......... .......... 38%  372K 9m8s
 76350K .......... .......... .......... .......... .......... 38%  391K 9m7s
 76400K .......... .......... .......... .......... .......... 38%  337K 9m7s
 76450K .......... .......... .......... .......... .......... 38%  311K 9m7s
 76500K .......... .......... .......... .......... .......... 38%  345K 9m6s
 76550K .......... .......... .......... .......... .......... 38%  378K 9m6s
 76600K .......... .......... .......... .......... .......... 38%  241K 9m6s
 76650K .......... .......... .......... .......... .......... 38%  773K 9m5s
 76700K .......... .......... .......... .......... .......... 38%  275K 9m5s
 76750K .......... .......... .......... .......... .......... 38%  439K 9m5s
 76800K .......... .......... .......... .......... .......... 38%  594K 9m4s
 76850K .......... .......... .......... .......... .......... 38%  648K 9m4s
 76900K .......... .......... .......... .......... .......... 38%  604K 9m3s
 76950K .......... .......... .......... .......... .......... 38%  592K 9m3s
 77000K .......... .......... .......... .......... .......... 38%  588K 9m2s
 77050K .......... .......... .......... .......... .......... 38%  577K 9m2s
 77100K .......... .......... .......... .......... .......... 38%  472K 9m2s
 77150K .......... .......... .......... .......... .......... 38%  610K 9m1s
 77200K .......... .......... .......... .......... .......... 38%  412K 9m1s
 77250K .......... .......... .......... .......... .......... 38%  597K 9m0s
 77300K .......... .......... .......... .......... .......... 38%  501K 9m0s
 77350K .......... .......... .......... .......... .......... 38%  453K 9m0s
 77400K .......... .......... .......... .......... .......... 38%  396K 8m59s
 77450K .......... .......... .......... .......... .......... 38%  503K 8m59s
 77500K .......... .......... .......... .......... .......... 38%  532K 8m58s
 77550K .......... .......... .......... .......... .......... 38%  427K 8m58s
 77600K .......... .......... .......... .......... .......... 38%  554K 8m58s
 77650K .......... .......... .......... .......... .......... 38%  565K 8m57s
 77700K .......... .......... .......... .......... .......... 38%  381K 8m57s
 77750K .......... .......... .......... .......... .......... 38%  548K 8m56s
 77800K .......... .......... .......... .......... .......... 38%  585K 8m56s
 77850K .......... .......... .......... .......... .......... 38%  645K 8m55s
 77900K .......... .......... .......... .......... .......... 38%  540K 8m55s
 77950K .......... .......... .......... .......... .......... 38%  555K 8m55s
 78000K .......... .......... .......... .......... .......... 38%  517K 8m54s
 78050K .......... .......... .......... .......... .......... 39%  559K 8m54s
 78100K .......... .......... .......... .......... .......... 39%  563K 8m53s
 78150K .......... .......... .......... .......... .......... 39%  627K 8m53s
 78200K .......... .......... .......... .......... .......... 39%  447K 8m53s
 78250K .......... .......... .......... .......... .......... 39%  562K 8m52s
 78300K .......... .......... .......... .......... .......... 39%  602K 8m52s
 78350K .......... .......... .......... .......... .......... 39%  441K 8m51s
 78400K .......... .......... .......... .......... .......... 39%  668K 8m51s
 78450K .......... .......... .......... .......... .......... 39%  480K 8m50s
 78500K .......... .......... .......... .......... .......... 39%  487K 8m50s
 78550K .......... .......... .......... .......... .......... 39%  399K 8m50s
 78600K .......... .......... .......... .......... .......... 39%  602K 8m49s
 78650K .......... .......... .......... .......... .......... 39%  544K 8m49s
 78700K .......... .......... .......... .......... .......... 39%  497K 8m48s
 78750K .......... .......... .......... .......... .......... 39%  213K 8m48s
 78800K .......... .......... .......... .......... .......... 39%  286K 8m48s
 78850K .......... .......... .......... .......... .......... 39%  284K 8m48s
 78900K .......... .......... .......... .......... .......... 39%  225K 8m48s
 78950K .......... .......... .......... .......... .......... 39%  145K 8m47s
 79000K .......... .......... .......... .......... .......... 39%  269K 8m47s
 79050K .......... .......... .......... .......... .......... 39%  300K 8m47s
 79100K .......... .......... .......... .......... .......... 39%  277K 8m47s
 79150K .......... .......... .......... .......... .......... 39%  231K 8m46s
 79200K .......... .......... .......... .......... .......... 39%  209K 8m46s
 79250K .......... .......... .......... .......... .......... 39%  278K 8m46s
 79300K .......... .......... .......... .......... .......... 39%  219K 8m46s
 79350K .......... .......... .......... .......... .......... 39%  310K 8m45s
 79400K .......... .......... .......... .......... .......... 39%  306K 8m45s
 79450K .......... .......... .......... .......... .......... 39%  329K 8m45s
 79500K .......... .......... .......... .......... .......... 39%  323K 8m45s
 79550K .......... .......... .......... .......... .......... 39%  285K 8m44s
 79600K .......... .......... .......... .......... .......... 39%  282K 8m44s
 79650K .......... .......... .......... .......... .......... 39%  284K 8m44s
 79700K .......... .......... .......... .......... .......... 39%  304K 8m43s
 79750K .......... .......... .......... .......... .......... 39% 19.8K 8m47s
 79800K .......... .......... .......... .......... .......... 39%  403K 8m46s
 79850K .......... .......... .......... .......... .......... 39% 5.02M 8m46s
 79900K .......... .......... .......... .......... .......... 39% 5.22M 8m45s
 79950K .......... .......... .......... .......... .......... 39% 4.30M 8m45s
 80000K .......... .......... .......... .......... .......... 39% 5.35M 8m44s
 80050K .......... .......... .......... .......... .......... 40% 4.64M 8m44s
 80100K .......... .......... .......... .......... .......... 40% 5.21M 8m43s
 80150K .......... .......... .......... .......... .......... 40% 5.02M 8m43s
 80200K .......... .......... .......... .......... .......... 40% 4.76M 8m42s
 80250K .......... .......... .......... .......... .......... 40% 5.19M 8m42s
 80300K .......... .......... .......... .......... .......... 40% 4.47M 8m41s
 80350K .......... .......... .......... .......... .......... 40% 5.22M 8m40s
 80400K .......... .......... .......... .......... .......... 40% 4.90M 8m40s
 80450K .......... .......... .......... .......... .......... 40% 4.47M 8m39s
 80500K .......... .......... .......... .......... .......... 40% 5.25M 8m39s
 80550K .......... .......... .......... .......... .......... 40%  676K 8m38s
 80600K .......... .......... .......... .......... .......... 40%  312K 8m38s
 80650K .......... .......... .......... .......... .......... 40%  326K 8m38s
 80700K .......... .......... .......... .......... .......... 40%  244K 8m38s
 80750K .......... .......... .......... .......... .......... 40%  377K 8m37s
 80800K .......... .......... .......... .......... .......... 40%  259K 8m37s
 80850K .......... .......... .......... .......... .......... 40%  285K 8m37s
 80900K .......... .......... .......... .......... .......... 40%  257K 8m37s
 80950K .......... .......... .......... .......... .......... 40%  230K 8m36s
 81000K .......... .......... .......... .......... .......... 40%  241K 8m36s
 81050K .......... .......... .......... .......... .......... 40%  223K 8m36s
 81100K .......... .......... .......... .......... .......... 40%  231K 8m36s
 81150K .......... .......... .......... .......... .......... 40%  164K 8m36s
 81200K .......... .......... .......... .......... .......... 40%  161K 8m35s
 81250K .......... .......... .......... .......... .......... 40%  238K 8m35s
 81300K .......... .......... .......... .......... .......... 40%  292K 8m35s
 81350K .......... .......... .......... .......... .......... 40%  301K 8m35s
 81400K .......... .......... .......... .......... .......... 40%  412K 8m34s
 81450K .......... .......... .......... .......... .......... 40%  252K 8m34s
 81500K .......... .......... .......... .......... .......... 40%  246K 8m34s
 81550K .......... .......... .......... .......... .......... 40% 84.5K 8m34s
 81600K .......... .......... .......... .......... .......... 40% 3.21M 8m34s
 81650K .......... .......... .......... .......... .......... 40% 18.4K 8m37s
 81700K .......... .......... .......... .......... .......... 40% 3.85M 8m37s
 81750K .......... .......... .......... .......... .......... 40% 5.03M 8m36s
 81800K .......... .......... .......... .......... .......... 40% 4.31M 8m36s
 81850K .......... .......... .......... .......... .......... 40% 5.08M 8m35s
 81900K .......... .......... .......... .......... .......... 40% 5.01M 8m34s
 81950K .......... .......... .......... .......... .......... 40% 4.41M 8m34s
 82000K .......... .......... .......... .......... .......... 40% 5.69M 8m33s
 82050K .......... .......... .......... .......... .......... 41% 4.57M 8m33s
 82100K .......... .......... .......... .......... .......... 41% 5.15M 8m32s
 82150K .......... .......... .......... .......... .......... 41% 5.54M 8m32s
 82200K .......... .......... .......... .......... .......... 41% 4.71M 8m31s
 82250K .......... .......... .......... .......... .......... 41% 5.28M 8m31s
 82300K .......... .......... .......... .......... .......... 41%  577K 8m30s
 82350K .......... .......... .......... .......... .......... 41%  166K 8m30s
 82400K .......... .......... .......... .......... .......... 41%  261K 8m30s
 82450K .......... .......... .......... .......... .......... 41%  222K 8m30s
 82500K .......... .......... .......... .......... .......... 41%  290K 8m30s
 82550K .......... .......... .......... .......... .......... 41%  231K 8m29s
 82600K .......... .......... .......... .......... .......... 41%  385K 8m29s
 82650K .......... .......... .......... .......... .......... 41%  299K 8m29s
 82700K .......... .......... .......... .......... .......... 41%  291K 8m29s
 82750K .......... .......... .......... .......... .......... 41%  374K 8m28s
 82800K .......... .......... .......... .......... .......... 41%  286K 8m28s
 82850K .......... .......... .......... .......... .......... 41%  400K 8m28s
 82900K .......... .......... .......... .......... .......... 41%  326K 8m27s
 82950K .......... .......... .......... .......... .......... 41%  299K 8m27s
 83000K .......... .......... .......... .......... .......... 41%  302K 8m27s
 83050K .......... .......... .......... .......... .......... 41%  264K 8m26s
 83100K .......... .......... .......... .......... .......... 41%  386K 8m26s
 83150K .......... .......... .......... .......... .......... 41%  324K 8m26s
 83200K .......... .......... .......... .......... .......... 41%  346K 8m25s
 83250K .......... .......... .......... .......... .......... 41%  302K 8m25s
 83300K .......... .......... .......... .......... .......... 41%  291K 8m25s
 83350K .......... .......... .......... .......... .......... 41%  347K 8m25s
 83400K .......... .......... .......... .......... .......... 41%  303K 8m24s
 83450K .......... .......... .......... .......... .......... 41%  264K 8m24s
 83500K .......... .......... .......... .......... .......... 41%  474K 8m24s
 83550K .......... .......... .......... .......... .......... 41%  355K 8m23s
 83600K .......... .......... .......... .......... .......... 41%  379K 8m23s
 83650K .......... .......... .......... .......... .......... 41%  328K 8m23s
 83700K .......... .......... .......... .......... .......... 41%  295K 8m22s
 83750K .......... .......... .......... .......... .......... 41%  342K 8m22s
 83800K .......... .......... .......... .......... .......... 41%  425K 8m22s
 83850K .......... .......... .......... .......... .......... 41%  375K 8m21s
 83900K .......... .......... .......... .......... .......... 41%  499K 8m21s
 83950K .......... .......... .......... .......... .......... 41%  380K 8m21s
 84000K .......... .......... .......... .......... .......... 41%  404K 8m20s
 84050K .......... .......... .......... .......... .......... 42%  293K 8m20s
 84100K .......... .......... .......... .......... .......... 42%  385K 8m20s
 84150K .......... .......... .......... .......... .......... 42%  397K 8m19s
 84200K .......... .......... .......... .......... .......... 42%  353K 8m19s
 84250K .......... .......... .......... .......... .......... 42%  373K 8m19s
 84300K .......... .......... .......... .......... .......... 42%  296K 8m19s
 84350K .......... .......... .......... .......... .......... 42%  305K 8m18s
 84400K .......... .......... .......... .......... .......... 42%  382K 8m18s
 84450K .......... .......... .......... .......... .......... 42%  229K 8m18s
 84500K .......... .......... .......... .......... .......... 42%  281K 8m17s
 84550K .......... .......... .......... .......... .......... 42%  256K 8m17s
 84600K .......... .......... .......... .......... .......... 42%  280K 8m17s
 84650K .......... .......... .......... .......... .......... 42%  404K 8m17s
 84700K .......... .......... .......... .......... .......... 42%  222K 8m16s
 84750K .......... .......... .......... .......... .......... 42%  352K 8m16s
 84800K .......... .......... .......... .......... .......... 42%  265K 8m16s
 84850K .......... .......... .......... .......... .......... 42%  207K 8m16s
 84900K .......... .......... .......... .......... .......... 42%  353K 8m15s
 84950K .......... .......... .......... .......... .......... 42%  271K 8m15s
 85000K .......... .......... .......... .......... .......... 42%  243K 8m15s
 85050K .......... .......                                     42%  392K=6m6s

2026-05-31 18:07:41 (233 KB/s) - Read error at byte 87109430/204934272 (Connection reset by peer). Retrying.

--2026-05-31 18:07:42--  (try: 2)  https://ftp.ncbi.nlm.nih.gov/geo/series/GSE68nnn/GSE68310/matrix/GSE68310_series_matrix.txt.gz
Connecting to ftp.ncbi.nlm.nih.gov (ftp.ncbi.nlm.nih.gov)|130.14.250.13|:443... connected.
HTTP request sent, awaiting response... 206 Partial Content
Length: 204934272 (195M), 117824842 (112M) remaining [application/x-gzip]
Saving to: ‘data/metadata_raw/GSE68310/GSE68310_series_matrix.txt.gz’

        [ skipping 85050K ]
 85050K ,,,,,,,,,, ,,,,,,,... .......... .......... .......... 42% 94.7K 31m26s
 85100K .......... .......... .......... .......... .......... 42% 95.7K 24m29s
 85150K .......... .......... .......... .......... .......... 42%  153K 19m58s
 85200K .......... .......... .......... .......... .......... 42%  188K 17m16s
 85250K .......... .......... .......... .......... .......... 42%  207K 15m32s
 85300K .......... .......... .......... .......... .......... 42%  213K 14m22s
 85350K .......... .......... .......... .......... .......... 42%  263K 13m18s
 85400K .......... .......... .......... .......... .......... 42%  177K 12m58s
 85450K .......... .......... .......... .......... .......... 42%  213K 12m30s
 85500K .......... .......... .......... .......... .......... 42%  197K 12m12s
 85550K .......... .......... .......... .......... .......... 42%  180K 12m3s
 85600K .......... .......... .......... .......... .......... 42%  282K 11m36s
 85650K .......... .......... .......... .......... .......... 42%  117K 11m58s
 85700K .......... .......... .......... .......... .......... 42% 91.5K 12m36s
 85750K .......... .......... .......... .......... .......... 42% 94.8K 13m7s
 85800K .......... .......... .......... .......... .......... 42%  113K 13m21s
 85850K .......... .......... .......... .......... .......... 42%  122K 13m29s
 85900K .......... .......... .......... .......... .......... 42%  206K 13m14s
 85950K .......... .......... .......... .......... .......... 42%  238K 12m57s
 86000K .......... .......... .......... .......... .......... 42%  117K 13m7s
 86050K .......... .......... .......... .......... .......... 43% 1.99M 12m31s
 86100K .......... .......... .......... .......... .......... 43%  175K 12m26s
 86150K .......... .......... .......... .......... .......... 43%  199K 12m18s
 86200K .......... .......... .......... .......... .......... 43%  180K 12m13s
 86250K .......... .......... .......... .......... .......... 43%  196K 12m7s
 86300K .......... .......... .......... .......... .......... 43%  186K 12m2s
 86350K .......... .......... .......... .......... .......... 43%  202K 11m55s
 86400K .......... .......... .......... .......... .......... 43%  266K 11m45s
 86450K .......... .......... .......... .......... .......... 43%  285K 11m34s
 86500K .......... .......... .......... .......... .......... 43%  240K 11m26s
 86550K .......... .......... .......... .......... .......... 43%  346K 11m14s
 86600K .......... .......... .......... .......... .......... 43%  333K 11m3s
 86650K .......... .......... .......... .......... .......... 43%  301K 10m54s
 86700K .......... .......... .......... .......... .......... 43%  276K 10m47s
 86750K .......... .......... .......... .......... .......... 43%  407K 10m36s
 86800K .......... .......... .......... .......... .......... 43%  309K 10m28s
 86850K .......... .......... .......... .......... .......... 43%  281K 10m22s
 86900K .......... .......... .......... .......... .......... 43%  368K 10m13s
 86950K .......... .......... .......... .......... .......... 43%  360K 10m5s
 87000K .......... .......... .......... .......... .......... 43%  321K 9m58s
 87050K .......... .......... .......... .......... .......... 43%  337K 9m52s
 87100K .......... .......... .......... .......... .......... 43%  349K 9m45s
 87150K .......... .......... .......... .......... .......... 43%  151K 9m48s
 87200K .......... .......... .......... .......... .......... 43%  188K 9m49s
 87250K .......... .......... .......... .......... .......... 43%  249K 9m45s
 87300K .......... .......... .......... .......... .......... 43%  185K 9m46s
 87350K .......... .......... .......... .......... .......... 43%  170K 9m47s
 87400K .......... .......... .......... .......... .......... 43%  223K 9m45s
 87450K .......... .......... .......... .......... .......... 43%  214K 9m44s
 87500K .......... .......... .......... .......... .......... 43%  167K 9m45s
 87550K .......... .......... .......... .......... .......... 43%  189K 9m45s
 87600K .......... .......... .......... .......... .......... 43% 16.9K 11m42s
 87650K .......... .......... .......... .......... .......... 43%  552K 11m33s
 87700K .......... .......... .......... .......... .......... 43%  218K 11m29s
 87750K .......... .......... .......... .......... .......... 43% 4.59M 11m17s
 87800K .......... .......... .......... .......... .......... 43% 4.59M 11m5s
 87850K .......... .......... .......... .......... .......... 43% 5.31M 10m53s
 87900K .......... .......... .......... .......... .......... 43% 5.16M 10m42s
 87950K .......... .......... .......... .......... .......... 43% 4.71M 10m31s
 88000K .......... .......... .......... .......... .......... 43% 5.41M 10m20s
 88050K .......... .......... .......... .......... .......... 44% 4.47M 10m10s
 88100K .......... .......... .......... .......... .......... 44% 3.55M 10m1s
 88150K .......... .......... .......... .......... .......... 44% 5.17M 9m51s
 88200K .......... .......... .......... .......... .......... 44% 4.59M 9m42s
 88250K .......... .......... .......... .......... .......... 44% 5.20M 9m33s
 88300K .......... .......... .......... .......... .......... 44%  620K 9m27s
 88350K .......... .......... .......... .......... .......... 44%  256K 9m24s
 88400K .......... .......... .......... .......... .......... 44%  153K 9m27s
 88450K .......... .......... .......... .......... .......... 44%  218K 9m26s
 88500K .......... .......... .......... .......... .......... 44%  321K 9m22s
 88550K .......... .......... .......... .......... .......... 44%  219K 9m21s
 88600K .......... .......... .......... .......... .......... 44%  327K 9m18s
 88650K .......... .......... .......... .......... .......... 44%  270K 9m16s
 88700K .......... .......... .......... .......... .......... 44%  314K 9m13s
 88750K .......... .......... .......... .......... .......... 44%  281K 9m10s
 88800K .......... .......... .......... .......... .......... 44%  250K 9m9s
 88850K .......... .......... .......... .......... .......... 44%  393K 9m5s
 88900K .......... .......... .......... .......... .......... 44%  373K 9m2s
 88950K .......... .......... .......... .......... .......... 44%  352K 8m59s
 89000K .......... .......... .......... .......... .......... 44%  321K 8m56s
 89050K .......... .......... .......... .......... .......... 44%  340K 8m53s
 89100K .......... .......... .......... .......... .......... 44%  355K 8m50s
 89150K .......... .......... .......... .......... .......... 44%  354K 8m47s
 89200K .......... .......... .......... .......... .......... 44%  322K 8m45s
 89250K .......... .......... .......... .......... .......... 44%  337K 8m42s
 89300K .......... .......... .......... .......... .......... 44%  326K 8m40s
 89350K .......... .......... .......... .......... .......... 44%  307K 8m38s
 89400K .......... .......... .......... .......... .......... 44%  354K 8m35s
 89450K .......... .......... .......... .......... .......... 44%  223K 8m35s
 89500K .......... .......... .......... .......... .......... 44%  271K 8m33s
 89550K .......... .......... .......... .......... .......... 44%  207K 8m33s
 89600K .......... .......... .......... .......... .......... 44%  244K 8m32s
 89650K .......... .......... .......... .......... .......... 44%  263K 8m31s
 89700K .......... .......... .......... .......... .......... 44%  288K 8m30s
 89750K .......... .......... .......... .......... .......... 44%  238K 8m29s
 89800K .......... .......... .......... .......... .......... 44%  308K 8m27s
 89850K .......... .......... .......... .......... .......... 44%  421K 8m24s
 89900K .......... .......... .......... .......... .......... 44%  277K 8m23s
 89950K .......... .......... .......... .......... .......... 44%  382K 8m21s
 90000K .......... .......... .......... .......... .......... 44%  349K 8m19s
 90050K .......... .......... .......... .......... .......... 45%  136K 8m21s
 90100K .......... .......... .......... .......... .......... 45%  229K 8m21s
 90150K .......... .......... .......... .......... .......... 45%  275K 8m20s
 90200K .......... .......... .......... .......... .......... 45%  225K 8m19s
 90250K .......... .......... .......... .......... .......... 45%  319K 8m18s
 90300K .......... .......... .......... .......... .......... 45%  351K 8m16s
 90350K .......... .......... .......... .......... .......... 45%  383K 8m14s
 90400K .......... .......... .......... .......... .......... 45%  409K 8m11s
 90450K .......... .......... .......... .......... .......... 45%  319K 8m10s
 90500K .......... .......... .......... .......... .......... 45%  477K 8m7s
 90550K .......... .......... .......... .......... .......... 45%  338K 8m5s
 90600K .......... .......... .......... .......... .......... 45%  316K 8m4s
 90650K .......... .......... .......... .......... .......... 45%  371K 8m2s
 90700K .......... .......... .......... .......... .......... 45%  309K 8m1s
 90750K .......... .......... .......... .......... .......... 45%  364K 7m59s
 90800K .......... .......... .......... .......... .......... 45%  392K 7m57s
 90850K .......... .......... .......... .......... .......... 45%  389K 7m55s
 90900K .......... .......... .......... .......... .......... 45%  331K 7m54s
 90950K .......... .......... .......... .......... .......... 45%  209K 7m54s
 91000K .......... .......... .......... .......... .......... 45%  293K 7m53s
 91050K .......... .......... .......... .......... .......... 45%  277K 7m52s
 91100K .......... .......... .......... .......... .......... 45%  314K 7m51s
 91150K .......... .......... .......... .......... .......... 45%  456K 7m49s
 91200K .......... .......... .......... .......... .......... 45%  264K 7m48s
 91250K .......... .......... .......... .......... .......... 45%  394K 7m46s
 91300K .......... .......... .......... .......... .......... 45%  335K 7m45s
 91350K .......... .......... .......... .......... .......... 45%  286K 7m44s
 91400K .......... .......... .......... .......... .......... 45%  323K 7m43s
 91450K .......... .......... .......... .......... .......... 45%  208K 7m43s
 91500K .......... .......... .......... .......... .......... 45%  180K 7m44s
 91550K .......... .......... .......... .......... .......... 45% 15.5K 8m34s
 91600K .......... .......... .......... .......... .......... 45%  500K 8m31s
 91650K .......... .......... .......... .......... .......... 45% 1.49M 8m28s
 91700K .......... .......... .......... .......... .......... 45% 4.45M 8m24s
 91750K .......... .......... .......... .......... .......... 45% 5.30M 8m20s
 91800K .......... .......... .......... .......... .......... 45% 2.88M 8m16s
 91850K .......... .......... .......... .......... .......... 45% 4.07M 8m13s
 91900K .......... .......... .......... .......... .......... 45% 4.67M 8m9s
 91950K .......... .......... .......... .......... .......... 45% 3.60M 8m6s
 92000K .......... .......... .......... .......... .......... 45% 5.19M 8m2s
 92050K .......... .......... .......... .......... .......... 46% 3.27M 7m59s
 92100K .......... .......... .......... .......... .......... 46% 4.36M 7m55s
 92150K .......... .......... .......... .......... .......... 46% 4.66M 7m52s
 92200K .......... .......... .......... .......... .......... 46% 3.50M 7m48s
 92250K .......... .......... .......... .......... .......... 46% 5.11M 7m45s
 92300K .......... .......... .......... .......... .......... 46%  569K 7m43s
 92350K .......... .......... .......... .......... .......... 46%  409K 7m41s
 92400K .......... .......... .......... .......... .......... 46%  278K 7m41s
 92450K .......... .......... .......... .......... .......... 46%  208K 7m41s
 92500K .......... .......... .......... .......... .......... 46%  293K 7m40s
 92550K .......... .......... .......... .......... .......... 46%  145K 7m42s
 92600K .......... .......... .......... .......... .......... 46%  174K 7m43s
 92650K .......... .......... .......... .......... .......... 46%  110K 7m46s
 92700K .......... .......... .......... .......... .......... 46%  165K 7m47s
 92750K .......... .......... .......... .......... .......... 46%  168K 7m48s
 92800K .......... .......... .......... .......... .......... 46%  177K 7m48s
 92850K .......... .......... .......... .......... .......... 46%  252K 7m48s
 92900K .......... .......... .......... .......... .......... 46%  229K 7m48s
 92950K .......... .......... .......... .......... .......... 46%  289K 7m47s
 93000K .......... .......... .......... .......... .......... 46%  282K 7m46s
 93050K .......... .......... .......... .......... .......... 46%  229K 7m46s
 93100K .......... .......... .......... .......... .......... 46%  241K 7m45s
 93150K .......... .......... .......... .......... .......... 46%  341K 7m44s
 93200K .......... .......... .......... .......... .......... 46%  209K 7m44s
 93250K .......... .......... .......... .......... .......... 46%  192K 7m45s
 93300K .......... .......... .......... .......... .......... 46%  234K 7m44s
 93350K .......... .......... .......... .......... .......... 46%  259K 7m44s
 93400K .......... .......... .......... .......... .......... 46%  303K 7m43s
 93450K .......... .......... .......... .......... .......... 46%  250K 7m43s
 93500K .......... .......... .......... .......... .......... 46%  324K 7m42s
 93550K .......... .......... .......... .......... .......... 46%  285K 7m41s
 93600K .......... .......... .......... .......... .......... 46%  317K 7m40s
 93650K .......... .......... .......... .......... .......... 46%  177K 7m40s
 93700K .......... .......... .......... .......... .......... 46%  267K 7m40s
 93750K .......... .......... .......... .......... .......... 46%  331K 7m39s
 93800K .......... .......... .......... .......... .......... 46%  298K 7m38s
 93850K .......... .......... .......... .......... .......... 46%  316K 7m37s
 93900K .......... .......... .......... .......... .......... 46%  272K 7m37s
 93950K .......... .......... .......... .......... .......... 46%  290K 7m36s
 94000K .......... .......... .......... .......... .......... 46%  307K 7m35s
 94050K .......... .......... .......... .......... .......... 47%  234K 7m35s
 94100K .......... .......... .......... .......... .......... 47%  382K 7m34s
 94150K .......... .......... .......... .......... .......... 47%  287K 7m33s
 94200K .......... .......... .......... .......... .......... 47%  284K 7m32s
 94250K .......... .......... .......... .......... .......... 47%  323K 7m31s
 94300K .......... .......... .......... .......... .......... 47%  175K 7m32s
 94350K .......... .......... .......... .......... .......... 47% 15.8K 8m5s
 94400K .......... .......... .......... .......... .......... 47%  481K 8m4s
 94450K .......... .......... .......... .......... .......... 47% 1.42M 8m1s
 94500K .......... .......... .......... .......... .......... 47% 2.78M 7m59s
 94550K .......... .......... .......... .......... .......... 47% 3.25M 7m56s
 94600K .......... .......... .......... .......... .......... 47% 5.41M 7m53s
 94650K .......... .......... .......... .......... .......... 47% 5.82M 7m51s
 94700K .......... .......... .......... .......... .......... 47% 4.80M 7m48s
 94750K .......... .......... .......... .......... .......... 47% 5.53M 7m46s
 94800K .......... .......... .......... .......... .......... 47% 5.06M 7m43s
 94850K .......... .......... .......... .......... .......... 47% 5.78M 7m41s
 94900K .......... .......... .......... .......... .......... 47% 5.47M 7m38s
 94950K .......... .......... .......... .......... .......... 47% 4.87M 7m36s
 95000K .......... .......... .......... .......... .......... 47% 5.83M 7m34s
 95050K .......... .......... .......... .......... .......... 47% 4.72M 7m31s
 95100K .......... .......... .......... .......... .......... 47% 5.30M 7m29s
 95150K .......... .......... .......... .......... .......... 47%  247K 7m28s
 95200K .......... .......... .......... .......... .......... 47%  224K 7m28s
 95250K .......... .......... .......... .......... .......... 47%  325K 7m28s
 95300K .......... .......... .......... .......... .......... 47%  265K 7m27s
 95350K .......... .......... .......... .......... .......... 47%  432K 7m26s
 95400K .......... .......... .......... .......... .......... 47%  420K 7m25s
 95450K .......... .......... .......... .......... .......... 47%  440K 7m23s
 95500K .......... .......... .......... .......... .......... 47%  359K 7m23s
 95550K .......... .......... .......... .......... .......... 47%  324K 7m22s
 95600K .......... .......... .......... .......... .......... 47%  374K 7m21s
 95650K .......... .......... .......... .......... .......... 47%  402K 7m20s
 95700K .......... .......... .......... .......... .......... 47%  388K 7m19s
 95750K .......... .......... .......... .......... .......... 47%  302K 7m18s
 95800K .......... .......... .......... .......... .......... 47%  401K 7m17s
 95850K .......... .......... .......... .......... .......... 47%  346K 7m16s
 95900K .......... .......... .......... .......... .......... 47%  291K 7m16s
 95950K .......... .......... .......... .......... .......... 47%  265K 7m15s
 96000K .......... .......... .......... .......... .......... 47%  260K 7m15s
 96050K .......... .......... .......... .......... .......... 48%  198K 7m15s
 96100K .......... .......... .......... .......... .......... 48%  346K 7m14s
 96150K .......... .......... .......... .......... .......... 48%  313K 7m14s
 96200K .......... .......... .......... .......... .......... 48%  199K 7m14s
 96250K .......... .......... .......... .......... .......... 48%  268K 7m13s
 96300K .......... .......... .......... .......... .......... 48%  266K 7m13s
 96350K .......... .......... .......... .......... .......... 48%  183K 7m13s
 96400K .......... .......... .......... .......... .......... 48%  203K 7m13s
 96450K .......... .......... .......... .......... .......... 48%  165K 7m14s
 96500K .......... .......... .......... .......... .......... 48%  202K 7m14s
 96550K .......... .......... .......... .......... .......... 48%  151K 7m15s
 96600K .......... .......... .......... .......... .......... 48%  174K 7m16s
 96650K .......... .......... .......... .......... .......... 48%  131K 7m17s
 96700K .......... .......... .......... .......... .......... 48%  101K 7m19s
 96750K .......... .......... .......... .......... .......... 48%  166K 7m20s
 96800K .......... .......... .......... .......... .......... 48%  152K 7m21s
 96850K .......... .......... .......... .......... .......... 48%  436K 7m20s
 96900K .......... .......... .......... .......... .......... 48%  214K 7m20s
 96950K .......... .......... .......... .......... .......... 48%  251K 7m19s
 97000K .......... .......... .......... .......... .......... 48%  400K 7m18s
 97050K .......... .......... .......... .......... .......... 48%  333K 7m17s
 97100K .......... .......... .......... .......... .......... 48%  518K 7m16s
 97150K .......... .......... .......... .......... .......... 48%  345K 7m15s
 97200K .......... .......... .......... .......... .......... 48%  239K 7m15s
 97250K .......... .......... .......... .......... .......... 48%  276K 7m15s
 97300K .......... .......... .......... .......... .......... 48%  385K 7m14s
 97350K .......... .......... .......... .......... .......... 48%  306K 7m13s
 97400K .......... .......... .......... .......... .......... 48%  349K 7m13s
 97450K .......... .......... .......... .......... .......... 48%  220K 7m12s
 97500K .......... .......... .......... .......... .......... 48%  265K 7m12s
 97550K .......... .......... .......... .......... .......... 48%  199K 7m12s
 97600K .......... .......... .......... .......... .......... 48%  142K 7m13s
 97650K .......... .......... .......... .......... .......... 48% 13.7K 7m41s
 97700K .......... .......... .......... .......... .......... 48% 1.79M 7m39s
 97750K .......... .......... .......... .......... .......... 48% 2.39M 7m37s
 97800K .......... .......... .......... .......... .......... 48% 4.17M 7m35s
 97850K .......... .......... .......... .......... .......... 48% 5.38M 7m33s
 97900K .......... .......... .......... .......... .......... 48% 4.96M 7m31s
 97950K .......... .......... .......... .......... .......... 48% 4.69M 7m29s
 98000K .......... .......... .......... .......... .......... 48% 4.80M 7m28s
 98050K .......... .......... .......... .......... .......... 49% 4.05M 7m26s
 98100K .......... .......... .......... .......... .......... 49% 5.55M 7m24s
 98150K .......... .......... .......... .......... .......... 49% 5.38M 7m22s
 98200K .......... .......... .......... .......... .......... 49% 4.54M 7m20s
 98250K .......... .......... .......... .......... .......... 49% 4.56M 7m18s
 98300K .......... .......... .......... .......... .......... 49%  212K 7m18s
 98350K .......... .......... .......... .......... .......... 49%  181K 7m19s
 98400K .......... .......... .......... .......... .......... 49%  178K 7m19s
 98450K .......... .......... .......... .......... .......... 49%  212K 7m19s
 98500K .......... .......... .......... .......... .......... 49%  244K 7m19s
 98550K .......... .......... .......... .......... .......... 49%  161K 7m19s
 98600K .......... .......... .......... .......... .......... 49%  272K 7m19s
 98650K .......... .......... .......... .......... .......... 49%  193K 7m19s
 98700K .......... .......... .......... .......... .......... 49%  151K 7m19s
 98750K .......... .......... .......... .......... .......... 49%  188K 7m19s
 98800K .......... .......... .......... .......... .......... 49%  190K 7m20s
 98850K .......... .......... .......... .......... .......... 49%  226K 7m19s
 98900K .......... .......... .......... .......... .......... 49%  224K 7m19s
 98950K .......... .......... .......... .......... .......... 49%  334K 7m19s
 99000K .......... .......... .......... .......... .......... 49%  344K 7m18s
 99050K .......... .......... .......... .......... .......... 49%  266K 7m17s
 99100K .......... .......... .......... .......... .......... 49%  234K 7m17s
 99150K .......... .......... .......... .......... .......... 49%  203K 7m17s
 99200K .......... .......... .......... .......... .......... 49%  170K 7m17s
 99250K .......... .......... .......... .......... .......... 49%  176K 7m18s
 99300K .......... .......... .......... .......... .......... 49%  163K 7m18s
 99350K .......... .......... .......... .......... .......... 49%  198K 7m18s
 99400K .......... .......... .......... .......... .......... 49%  211K 7m18s
 99450K .......... .......... .......... .......... .......... 49%  177K 7m18s
 99500K .......... .......... .......... .......... .......... 49%  179K 7m19s
 99550K .......... .......... .......... .......... .......... 49%  130K 7m19s
 99600K .......... .......... .......... .......... .......... 49%  253K 7m19s
 99650K .......... .......... .......... .......... .......... 49%  255K 7m19s
 99700K .......... .......... .......... .......... .......... 49%  193K 7m19s
 99750K .......... .......... .......... .......... .......... 49%  203K 7m19s
 99800K .......... .......... .......... .......... .......... 49%  286K 7m18s
 99850K .......... .......... .......... .......... .......... 49%  179K 7m18s
 99900K .......... .......... .......... .......... .......... 49%  368K 7m18s
 99950K .......... .......... .......... .......... .......... 49%  203K 7m18s
100000K .......... .......... .......... .......... .......... 49%  223K 7m17s
100050K .......... .......... .......... .......... .......... 50% 16.0K 7m37s
100100K .......... .......... .......... .......... .......... 50% 3.35M 7m35s
100150K .......... .......... .......... .......... .......... 50% 4.58M 7m33s
100200K .......... .......... .......... .......... .......... 50%  120K 7m34s
100250K .......... .......... .......... .......... .......... 50% 4.49M 7m33s
100300K .......... .......... .......... .......... .......... 50% 4.68M 7m31s
100350K .......... .......... .......... .......... .......... 50% 5.62M 7m29s
100400K .......... .......... .......... .......... .......... 50% 5.07M 7m28s
100450K .......... .......... .......... .......... .......... 50% 4.67M 7m26s
100500K .......... .......... .......... .......... .......... 50% 3.63M 7m25s
100550K .......... .......... .......... .......... .......... 50% 1.50M 7m23s
100600K .......... .......... .......... .......... .......... 50% 3.41M 7m22s
100650K .......... .......... .......... .......... .......... 50% 3.88M 7m20s
100700K .......... .......... .......... .......... .......... 50% 4.06M 7m19s
100750K .......... .......... .......... .......... .......... 50% 4.81M 7m17s
100800K .......... .......... .......... .......... .......... 50%  257K 7m17s
100850K .......... .......... .......... .......... .......... 50%  180K 7m17s
100900K .......... .......... .......... .......... .......... 50%  199K 7m17s
100950K .......... .......... .......... .......... .......... 50%  214K 7m17s
101000K .......... .......... .......... .......... .......... 50%  230K 7m16s
101050K .......... .......... .......... .......... .......... 50%  227K 7m16s
101100K .......... .......... .......... .......... .......... 50%  240K 7m16s
101150K .......... .......... .......... .......... .......... 50%  237K 7m16s
101200K .......... .......... .......... .......... .......... 50%  175K 7m16s
101250K .......... .......... .......... .......... .......... 50%  210K 7m16s
101300K .......... .......... .......... .......... .......... 50%  203K 7m16s
101350K .......... .......... .......... .......... .......... 50%  255K 7m15s
101400K .......... .......... .......... .......... .......... 50%  340K 7m15s
101450K .......... .......... .......... .......... .......... 50%  262K 7m14s
101500K .......... .......... .......... .......... .......... 50%  297K 7m14s
101550K .......... .......... .......... .......... .......... 50%  297K 7m13s
101600K .......... .......... .......... .......... .......... 50%  349K 7m12s
101650K .......... .......... .......... .......... .......... 50%  341K 7m12s
101700K .......... .......... .......... .......... .......... 50%  294K 7m11s
101750K .......... .......... .......... .......... .......... 50%  278K 7m11s
101800K .......... .......... .......... .......... .......... 50%  369K 7m10s
101850K .......... .......... .......... .......... .......... 50%  410K 7m9s
101900K .......... .......... .......... .......... .......... 50%  490K 7m8s
101950K .......... .......... .......... .......... .......... 50%  415K 7m8s
102000K .......... .......... .......... .......... .......... 50%  594K 7m7s
102050K .......... .......... .......... .......... .......... 51%  368K 7m6s
102100K .......... .......... .......... .......... .......... 51%  393K 7m5s
102150K .......... .......... .......... .......... .......... 51%  420K 7m4s
102200K .......... .......... .......... .......... .......... 51%  390K 7m4s
102250K .......... .......... .......... .......... .......... 51%  350K 7m3s
102300K .......... .......... .......... .......... .......... 51%  355K 7m2s
102350K .......... .......... .......... .......... .......... 51%  437K 7m2s
102400K .......... .......... .......... .......... .......... 51%  381K 7m1s
102450K .......... .......... .......... .......... .......... 51%  385K 7m0s
102500K .......... .......... .......... .......... .......... 51%  397K 7m0s
102550K .......... .......... .......... .......... .......... 51%  343K 6m59s
102600K .......... .......... .......... .......... .......... 51%  281K 6m59s
102650K .......... .......... .......... .......... .......... 51%  464K 6m58s
102700K .......... .......... .......... .......... .......... 51%  381K 6m57s
102750K .......... .......... .......... .......... .......... 51%  427K 6m56s
102800K .......... .......... .......... .......... .......... 51%  307K 6m56s
102850K .......... .......... .......... .......... .......... 51%  320K 6m55s
102900K .......... .......... .......... .......... .......... 51%  347K 6m55s
102950K .......... .......... .......... .......... .......... 51%  243K 6m54s
103000K .......... .......... .......... .......... .......... 51%  239K 6m54s
103050K .......... .......... .......... .......... .......... 51%  258K 6m54s
103100K .......... .......... .......... .......... .......... 51%  317K 6m53s
103150K .......... .......... .......... .......... .......... 51%  359K 6m53s
103200K .......... .......... .......... .......... .......... 51%  286K 6m52s
103250K .......... .......... .......... .......... .......... 51%  292K 6m52s
103300K .......... .......... .......... .......... .......... 51%  173K 6m52s
103350K .......... .......... .......... .......... .......... 51%  266K 6m52s
103400K .......... .......... .......... .......... .......... 51%  219K 6m52s
103450K .......... .......... .......... .......... .......... 51%  291K 6m51s
103500K .......... .......... .......... .......... .......... 51%  422K 6m51s
103550K .......... .......... .......... .......... .......... 51%  352K 6m50s
103600K .......... .......... .......... .......... .......... 51%  511K 6m49s
103650K .......... .......... .......... .......... .......... 51%  374K 6m49s
103700K .......... .......... .......... .......... .......... 51%  284K 6m48s
103750K .......... .......... .......... .......... .......... 51%  515K 6m47s
103800K .......... .......... .......... .......... .......... 51%  292K 6m47s
103850K .......... .......... .......... .......... .......... 51%  931K 6m46s
103900K .......... .......... .......... .......... .......... 51%  532K 6m45s
103950K .......... .......... .......... .......... .......... 51%  475K 6m44s
104000K .......... .......... .......... .......... .......... 51%  418K 6m44s
104050K .......... .......... .......... .......... .......... 52%  426K 6m43s
104100K .......... .......... .......... .......... .......... 52%  534K 6m42s
104150K .......... .......... .......... .......... .......... 52%  528K 6m41s
104200K .......... .......... .......... .......... .......... 52%  468K 6m41s
104250K .......... .......... .......... .......... .......... 52%  508K 6m40s
104300K .......... .......... .......... .......... .......... 52%  389K 6m39s
104350K .......... .......... .......... .......... .......... 52%  447K 6m39s
104400K .......... .......... .......... .......... .......... 52%  395K 6m38s
104450K .......... .......... .......... .......... .......... 52%  474K 6m37s
104500K .......... .......... .......... .......... .......... 52%  379K 6m37s
104550K .......... .......... .......... .......... .......... 52%  349K 6m36s
104600K .......... .......... .......... .......... .......... 52%  491K 6m35s
104650K .......... .......... .......... .......... .......... 52%  449K 6m35s
104700K .......... .......... .......... .......... .......... 52%  585K 6m34s
104750K .......... .......... .......... .......... .......... 52%  464K 6m33s
104800K .......... .......... .......... .......... .......... 52%  388K 6m33s
104850K .......... .......... .......... .......... .......... 52%  376K 6m32s
104900K .......... .......... .......... .......... .......... 52%  445K 6m32s
104950K .......... .......... .......... .......... .......... 52%  433K 6m31s
105000K .......... .......... .......... .......... .......... 52%  440K 6m30s
105050K .......... .......... .......... .......... .......... 52%  327K 6m30s
105100K .......... .......... .......... .......... .......... 52%  482K 6m29s
105150K .......... .......... .......... .......... .......... 52%  500K 6m28s
105200K .......... .......... .......... .......... .......... 52%  372K 6m28s
105250K .......... .......... .......... .......... .......... 52%  460K 6m27s
105300K .......... .......... .......... .......... .......... 52%  347K 6m27s
105350K .......... .......... .......... .......... .......... 52%  572K 6m26s
105400K .......... .......... .......... .......... .......... 52%  407K 6m25s
105450K .......... .......... .......... .......... .......... 52%  345K 6m25s
105500K .......... .......... .......... .......... .......... 52%  530K 6m24s
105550K .......... .......... .......... .......... .......... 52%  330K 6m24s
105600K .......... .......... .......... .......... .......... 52%  499K 6m23s
105650K .......... .......... .......... .......... .......... 52%  485K 6m22s
105700K .......... .......... .......... .......... .......... 52%  431K 6m22s
105750K .......... .......... .......... .......... .......... 52%  482K 6m21s
105800K .......... .......... .......... .......... .......... 52%  410K 6m21s
105850K .......... .......... .......... .......... .......... 52%  454K 6m20s
105900K .......... .......... .......... .......... .......... 52%  556K 6m19s
105950K .......... .......... .......... .......... .......... 52%  447K 6m19s
106000K .......... .......... .......... .......... .......... 52%  525K 6m18s
106050K .......... .......... .......... .......... .......... 53%  404K 6m18s
106100K .......... .......... .......... .......... .......... 53%  546K 6m17s
106150K .......... .......... .......... .......... .......... 53%  641K 6m16s
106200K .......... .......... .......... .......... .......... 53%  487K 6m15s
106250K .......... .......... .......... .......... .......... 53%  484K 6m15s
106300K .......... .......... .......... .......... .......... 53%  464K 6m14s
106350K .......... .......... .......... .......... .......... 53%  471K 6m14s
106400K .......... .......... .......... .......... .......... 53%  598K 6m13s
106450K .......... .......... .......... .......... .......... 53%  503K 6m12s
106500K .......... .......... .......... .......... .......... 53% 20.8K 6m22s
106550K .......... .......... .......... .......... .......... 53% 2.46M 6m21s
106600K .......... .......... .......... .......... .......... 53% 2.81M 6m20s
106650K .......... .......... .......... .......... .......... 53% 2.48M 6m19s
106700K .......... .......... .......... .......... .......... 53%  126K 6m19s
106750K .......... .......... .......... .......... .......... 53%  734K 6m19s
106800K .......... .......... .......... .......... .......... 53% 3.55M 6m18s
106850K .......... .......... .......... .......... .......... 53% 1.21M 6m17s
106900K .......... .......... .......... .......... .......... 53% 1.95M 6m16s
106950K .......... .......... .......... .......... .......... 53%  437K 6m15s
107000K .......... .......... .......... .......... .......... 53%  888K 6m14s
107050K .......... .......... .......... .......... .......... 53% 3.39M 6m13s
107100K .......... .......... .......... .......... .......... 53% 4.68M 6m12s
107150K .......... .......... .......... .......... .......... 53% 5.39M 6m11s
107200K .......... .......... .......... .......... .......... 53% 4.27M 6m10s
107250K .......... .......... .......... .......... .......... 53% 4.88M 6m9s
107300K .......... .......... .......... .......... .......... 53% 4.65M 6m8s
107350K .......... .......... .......... .......... .......... 53% 5.00M 6m7s
107400K .......... .......... .......... .......... .......... 53% 4.84M 6m6s
107450K .......... .......... .......... .......... .......... 53% 4.09M 6m5s
107500K .......... .......... .......... .......... .......... 53% 4.75M 6m4s
107550K .......... .......... .......... .......... .......... 53% 3.86M 6m3s
107600K .......... .......... .......... .......... .......... 53% 4.55M 6m3s
107650K .......... .......... .......... .......... .......... 53% 4.60M 6m2s
107700K .......... .......... .......... .......... .......... 53% 3.53M 6m1s
107750K .......... .......... .......... .......... .......... 53% 1004K 6m0s
107800K .......... .......... .......... .......... .......... 53%  528K 5m59s
107850K .......... .......... .......... .......... .......... 53%  381K 5m59s
107900K .......... .......... .......... .......... .......... 53%  356K 5m58s
107950K .......... .......... .......... .......... .......... 53%  428K 5m58s
108000K .......... .......... .......... .......... .......... 53%  438K 5m57s
108050K .......... .......... .......... .......... .......... 54%  435K 5m57s
108100K .......... .......... .......... .......... .......... 54%  513K 5m56s
108150K .......... .......... .......... .......... .......... 54%  459K 5m56s
108200K .......... .......... .......... .......... .......... 54%  427K 5m55s
108250K .......... .......... .......... .......... .......... 54%  466K 5m55s
108300K .......... .......... .......... .......... .......... 54%  390K 5m54s
108350K .......... .......... .......... .......... .......... 54%  538K 5m54s
108400K .......... .......... .......... .......... .......... 54%  508K 5m53s
108450K .......... .......... .......... .......... .......... 54%  496K 5m53s
108500K .......... .......... .......... .......... .......... 54%  429K 5m52s
108550K .......... .......... .......... .......... .......... 54%  441K 5m52s
108600K .......... .......... .......... .......... .......... 54%  618K 5m51s
108650K .......... .......... .......... .......... .......... 54%  502K 5m50s
108700K .......... .......... .......... .......... .......... 54%  385K 5m50s
108750K .......... .......... .......... .......... .......... 54%  479K 5m49s
108800K .......... .......... .......... .......... .......... 54%  444K 5m49s
108850K .......... .......... .......... .......... .......... 54%  439K 5m48s
108900K .......... .......... .......... .......... .......... 54%  436K 5m48s
108950K .......... .......... .......... .......... .......... 54%  369K 5m48s
109000K .......... .......... .......... .......... .......... 54%  605K 5m47s
109050K .......... .......... .......... .......... .......... 54%  319K 5m47s
109100K .......... .......... .......... .......... .......... 54%  366K 5m46s
109150K .......... .......... .......... .......... .......... 54%  440K 5m46s
109200K .......... .......... .......... .......... .......... 54% 22.3K 5m53s
109250K .......... .......... .......... .......... .......... 54% 4.52M 5m52s
109300K .......... .......... .......... .......... .......... 54% 4.18M 5m52s
109350K .......... .......... .......... .......... .......... 54% 3.50M 5m51s
109400K .......... .......... .......... .......... .......... 54% 4.32M 5m50s
109450K .......... .......... .......... .......... .......... 54% 4.01M 5m49s
109500K .......... .......... .......... .......... .......... 54% 4.64M 5m48s
109550K .......... .......... .......... .......... .......... 54% 4.02M 5m47s
109600K .......... .......... .......... .......... .......... 54% 4.78M 5m46s
109650K .......... .......... .......... .......... .......... 54% 4.95M 5m46s
109700K .......... .......... .......... .......... .......... 54% 3.84M 5m45s
109750K .......... .......... .......... .......... .......... 54% 4.87M 5m44s
109800K .......... .......... .......... .......... .......... 54% 2.14M 5m43s
109850K .......... .......... .......... .......... .......... 54% 3.70M 5m42s
109900K .......... .......... .......... .......... .......... 54% 3.88M 5m41s
109950K .......... .......... .......... .......... .......... 54% 3.17M 5m41s
110000K .......... .......... .......... .......... .......... 54% 3.97M 5m40s
110050K .......... .......... .......... .......... .......... 55% 2.98M 5m39s
110100K .......... .......... .......... .......... .......... 55% 1.99M 5m38s
110150K .......... .......... .......... .......... .......... 55%  541K 5m38s
110200K .......... .......... .......... .......... .......... 55%  347K 5m37s
110250K .......... .......... .......... .......... .......... 55%  508K 5m37s
110300K .......... .......... .......... .......... .......... 55%  460K 5m36s
110350K .......... .......... .......... .......... .......... 55%  572K 5m36s
110400K .......... .......... .......... .......... .......... 55%  511K 5m35s
110450K .......... .......... .......... .......... .......... 55%  545K 5m35s
110500K .......... .......... .......... .......... .......... 55%  497K 5m34s
110550K .......... .......... .......... .......... .......... 55%  339K 5m34s
110600K .......... .......... .......... .......... .......... 55%  414K 5m33s
110650K .......... .......... .......... .......... .......... 55%  467K 5m33s
110700K .......... .......... .......... .......... .......... 55%  396K 5m33s
110750K .......... .......... .......... .......... .......... 55%  429K 5m32s
110800K .......... .......... .......... .......... .......... 55%  339K 5m32s
110850K .......... .......... .......... .......... .......... 55%  453K 5m31s
110900K .......... .......... .......... .......... .......... 55%  361K 5m31s
110950K .......... .......... .......... .......... .......... 55%  269K 5m31s
111000K .......... .......... .......... .......... .......... 55%  526K 5m30s
111050K .......... .......... .......... .......... .......... 55%  287K 5m30s
111100K .......... .......... .......... .......... .......... 55%  443K 5m30s
111150K .......... .......... .......... .......... .......... 55%  475K 5m29s
111200K .......... .......... .......... .......... .......... 55%  278K 5m29s
111250K .......... .......... .......... .......... .......... 55%  472K 5m29s
111300K .......... .......... .......... .......... .......... 55%  481K 5m28s
111350K .......... .......... .......... .......... .......... 55%  416K 5m28s
111400K .......... .......... .......... .......... .......... 55%  377K 5m27s
111450K .......... .......... .......... .......... .......... 55%  327K 5m27s
111500K .......... .......... .......... .......... .......... 55%  466K 5m27s
111550K .......... .......... .......... .......... .......... 55%  437K 5m26s
111600K .......... .......... .......... .......... .......... 55%  495K 5m26s
111650K .......... .......... .......... .......... .......... 55%  401K 5m25s
111700K .......... .......... .......... .......... .......... 55%  403K 5m25s
111750K .......... .......... .......... .......... .......... 55%  435K 5m25s
111800K .......... .......... .......... .......... .......... 55%  384K 5m24s
111850K .......... .......... .......... .......... .......... 55%  421K 5m24s
111900K .......... .......... .......... .......... .......... 55%  438K 5m23s
111950K .......... .......... .......... .......... .......... 55%  497K 5m23s
112000K .......... .......... .......... .......... .......... 55%  565K 5m23s
112050K .......... .......... .......... .......... .......... 56%  334K 5m22s
112100K .......... .......... .......... .......... .......... 56%  412K 5m22s
112150K .......... .......... .......... .......... .......... 56%  348K 5m22s
112200K .......... .......... .......... .......... .......... 56%  355K 5m21s
112250K .......... .......... .......... .......... .......... 56%  430K 5m21s
112300K .......... .......... .......... .......... .......... 56%  273K 5m21s
112350K .......... .......... .......... .......... .......... 56% 1.03M 5m20s
112400K .......... .......... .......... .......... .......... 56%  445K 5m20s
112450K .......... .......... .......... .......... .......... 56%  428K 5m19s
112500K .......... .......... .......... .......... .......... 56%  458K 5m19s
112550K .......... .......... .......... .......... .......... 56%  385K 5m18s
112600K .......... .......... .......... .......... .......... 56%  595K 5m18s
112650K .......... .......... .......... .......... .......... 56%  405K 5m18s
112700K .......... .......... .......... .......... .......... 56%  366K 5m17s
112750K .......... .......... .......... .......... .......... 56%  353K 5m17s
112800K .......... .......... .......... .......... .......... 56%  313K 5m17s
112850K .......... .......... .......... .......... .......... 56%  422K 5m16s
112900K .......... .......... .......... .......... .......... 56%  327K 5m16s
112950K .......... .......... .......... .......... .......... 56%  354K 5m16s
113000K .......... .......... .......... .......... .......... 56%  522K 5m15s
113050K .......... .......... .......... .......... .......... 56%  322K 5m15s
113100K .......... .......... .......... .......... .......... 56%  603K 5m15s
113150K .......... .......... .......... .......... .......... 56%  331K 5m14s
113200K .......... .......... .......... .......... .......... 56%  384K 5m14s
113250K .......... .......... .......... .......... .......... 56%  377K 5m14s
113300K .......... .......... .......... .......... .......... 56%  394K 5m13s
113350K .......... .......... .......... .......... .......... 56%  379K 5m13s
113400K .......... .......... .......... .......... .......... 56%  570K 5m12s
113450K .......... .......... .......... .......... .......... 56%  342K 5m12s
113500K .......... .......... .......... .......... .......... 56%  502K 5m12s
113550K .......... .......... .......... .......... .......... 56%  400K 5m11s
113600K .......... .......... .......... .......... .......... 56%  486K 5m11s
113650K .......... .......... .......... .......... .......... 56%  507K 5m11s
113700K .......... .......... .......... .......... .......... 56%  334K 5m10s
113750K .......... .......... .......... .......... .......... 56%  398K 5m10s
113800K .......... .......... .......... .......... .......... 56%  383K 5m10s
113850K .......... .......... .......... .......... .......... 56%  391K 5m9s
113900K .......... .......... .......... .......... .......... 56%  507K 5m9s
113950K .......... .......... .......... .......... .......... 56%  324K 5m9s
114000K .......... .......... .......... .......... .......... 56%  367K 5m8s
114050K .......... .......... .......... .......... .......... 57%  319K 5m8s
114100K .......... .......... .......... .......... .......... 57%  445K 5m8s
114150K .......... .......... .......... .......... .......... 57%  345K 5m7s
114200K .......... .......... .......... .......... .......... 57%  355K 5m7s
114250K .......... .......... .......... .......... .......... 57%  283K 5m7s
114300K .......... .......... .......... .......... .......... 57%  378K 5m7s
114350K .......... .......... .......... .......... .......... 57%  349K 5m6s
114400K .......... .......... .......... .......... .......... 57%  335K 5m6s
114450K .......... .......... .......... .......... .......... 57%  432K 5m6s
114500K .......... .......... .......... .......... .......... 57%  460K 5m5s
114550K .......... .......... .......... .......... .......... 57%  360K 5m5s
114600K .......... .......... .......... .......... .......... 57%  432K 5m5s
114650K .......... .......... .......... .......... .......... 57%  385K 5m4s
114700K .......... .......... .......... .......... .......... 57%  376K 5m4s
114750K .......... .......... .......... .......... .......... 57%  512K 5m4s
114800K .......... .......... .......... .......... .......... 57%  309K 5m3s
114850K .......... .......... .......... .......... .......... 57%  409K 5m3s
114900K .......... .......... .......... .......... .......... 57%  547K 5m3s
114950K .......... .......... .......... .......... .......... 57%  368K 5m2s
115000K .......... .......... .......... .......... .......... 57%  331K 5m2s
115050K .......... .......... .......... .......... .......... 57%  478K 5m2s
115100K .......... .......... .......... .......... .......... 57%  389K 5m1s
115150K .......... .......... .......... .......... .......... 57%  557K 5m1s
115200K .......... .......... .......... .......... .......... 57%  355K 5m1s
115250K .......... .......... .......... .......... .......... 57%  441K 5m0s
115300K .......... .......... .......... .......... .......... 57%  388K 5m0s
115350K .......... .......... .......... .......... .......... 57%  460K 5m0s
115400K .......... .......... .......... .......... .......... 57%  502K 4m59s
115450K .......... .......... .......... .......... .......... 57%  400K 4m59s
115500K .......... .......... .......... .......... .......... 57%  356K 4m59s
115550K .......... .......... .......... .......... .......... 57%  113K 4m59s
115600K .......... .......... .......... .......... .......... 57% 2.93M 4m59s
115650K .......... .......... .......... .......... .......... 57% 19.5K 5m5s
115700K .......... .......... .......... .......... .......... 57%  269K 5m5s
115750K .......... .......... .......... .......... .......... 57%  570K 5m4s
115800K .......... .......... .......... .......... .......... 57% 1.32M 5m4s
115850K .......... .......... .......... .......... .......... 57% 4.35M 5m3s
115900K .......... .......... .......... .......... .......... 57% 1.57M 5m3s
115950K .......... .......... .......... .......... .......... 57%  863K 5m2s
116000K .......... .......... .......... .......... .......... 57%  496K 5m2s
116050K .......... .......... .......... .......... .......... 58% 3.58M 5m1s
116100K .......... .......... .......... .......... .......... 58% 4.21M 5m0s
116150K .......... .......... .......... .......... .......... 58% 4.90M 5m0s
116200K .......... .......... .......... .......... .......... 58% 3.73M 4m59s
116250K .......... .......... .......... .......... .......... 58% 4.30M 4m59s
116300K .......... .......... .......... .......... .......... 58% 4.78M 4m58s
116350K .......... .......... .......... .......... .......... 58% 4.18M 4m57s
116400K .......... .......... .......... .......... .......... 58% 4.02M 4m57s
116450K .......... .......... .......... .......... .......... 58% 1.79M 4m56s
116500K .......... .......... .......... .......... .......... 58%  436K 4m56s
116550K .......... .......... .......... .......... .......... 58%  334K 4m56s
116600K .......... .......... .......... .......... .......... 58%  513K 4m55s
116650K .......... .......... .......... .......... .......... 58%  268K 4m55s
116700K .......... .......... .......... .......... .......... 58%  296K 4m55s
116750K .......... .......... .......... .......... .......... 58%  277K 4m55s
116800K .......... .......... .......... .......... .......... 58%  396K 4m54s
116850K .......... .......... .......... .......... .......... 58%  444K 4m54s
116900K .......... .......... .......... .......... .......... 58%  435K 4m54s
116950K .......... .......... .......... .......... .......... 58%  384K 4m53s
117000K .......... .......... .......... .......... .......... 58%  520K 4m53s
117050K .......... .......... .......... .......... .......... 58%  456K 4m53s
117100K .......... .......... .......... .......... .......... 58%  513K 4m52s
117150K .......... .......... .......... .......... .......... 58%  549K 4m52s
117200K .......... .......... .......... .......... .......... 58%  113K 4m52s
117250K .......... .......... .......... .......... .......... 58%  227K 4m52s
117300K .......... .......... .......... .......... .......... 58% 16.0K 5m0s
117350K .......... .......... .......... .......... .......... 58% 4.53M 4m59s
117400K .......... .......... .......... .......... .......... 58% 4.45M 4m58s
117450K .......... .......... .......... .......... .......... 58% 4.02M 4m58s
117500K .......... .......... .......... .......... .......... 58% 83.1K 4m59s
117550K .......... .......... .......... .......... .......... 58%  211K 4m59s
117600K .......... .......... .......... .......... .......... 58% 4.11M 4m58s
117650K .......... .......... .......... .......... .......... 58% 5.11M 4m57s
117700K .......... .......... .......... .......... .......... 58% 4.10M 4m57s
117750K .......... .......... .......... .......... .......... 58% 4.62M 4m56s
117800K .......... .......... .......... .......... .......... 58% 4.58M 4m56s
117850K .......... .......... .......... .......... .......... 58% 5.19M 4m55s
117900K .......... .......... .......... .......... .......... 58% 4.88M 4m54s
117950K .......... .......... .......... .......... .......... 58% 4.13M 4m54s
118000K .......... .......... .......... .......... .......... 58% 4.77M 4m53s
118050K .......... .......... .......... .......... .......... 59% 4.03M 4m53s
118100K .......... .......... .......... .......... .......... 59%  310K 4m52s
118150K .......... .......... .......... .......... .......... 59%  170K 4m53s
118200K .......... .......... .......... .......... .......... 59%  161K 4m53s
118250K .......... .......... .......... .......... .......... 59%  149K 4m53s
118300K .......... .......... .......... .......... .......... 59%  183K 4m53s
118350K .......... .......... .......... .......... .......... 59%  195K 4m53s
118400K .......... .......... .......... .......... .......... 59%  240K 4m53s
118450K .......... .......... .......... .......... .......... 59%  175K 4m53s
118500K .......... .......... .......... .......... .......... 59%  200K 4m53s
118550K .......... .......... .......... .......... .......... 59% 82.8K 4m54s
118600K .......... .......... .......... .......... .......... 59%  297K 4m54s
118650K .......... .......... .......... .......... .......... 59%  197K 4m54s
118700K .......... .......... .......... .......... .......... 59%  218K 4m53s
118750K .......... .......... .......... .......... .......... 59%  261K 4m53s
118800K .......... .......... .......... .......... .......... 59%  238K 4m53s
118850K .......... .......... .......... .......... .......... 59%  263K 4m53s
118900K .......... .......... .......... .......... .......... 59%  291K 4m53s
118950K .......... .......... .......... .......... .......... 59%  252K 4m53s
119000K .......... .......... .......... .......... .......... 59%  367K 4m52s
119050K .......... .......... .......... .......... .......... 59%  272K 4m52s
119100K .......... .......... .......... .......... .......... 59%  346K 4m52s
119150K .......... .......... .......... .......... .......... 59%  342K 4m52s
119200K .......... .......... .......... .......... .......... 59%  300K 4m52s
119250K .......... .......... .......... .......... .......... 59%  345K 4m51s
119300K .......... .......... .......... .......... .......... 59%  300K 4m51s
119350K .......... .......... .......... .......... .......... 59%  360K 4m51s
119400K .......... .......... .......... .......... .......... 59%  385K 4m50s
119450K .......... .......... .......... .......... .......... 59%  334K 4m50s
119500K .......... .......... .......... .......... .......... 59%  343K 4m50s
119550K .......... .......... .......... .......... .......... 59%  330K 4m50s
119600K .......... .......... .......... .......... .......... 59%  285K 4m50s
119650K .......... .......... .......... .......... .......... 59%  437K 4m49s
119700K .......... .......... .......... .......... .......... 59%  261K 4m49s
119750K .......... .......... .......... .......... .......... 59%  408K 4m49s
119800K .......... .......... .......... .......... .......... 59% 23.8K 4m53s
119850K .......... .......... .......... .......... .......... 59%  386K 4m53s
119900K .......... .......... .......... .......... .......... 59%  491K 4m52s
119950K .......... .......... .......... .......... .......... 59%  247K 4m52s
120000K .......... .......... .......... .......... .......... 59%  672K 4m52s
120050K .......... .......... .......... .......... .......... 60%  177K 4m52s
120100K .......... .......... .......... .......... .......... 60% 4.39M 4m51s
120150K .......... .......... .......... .......... .......... 60% 4.84M 4m51s
120200K .......... .......... .......... .......... .......... 60% 4.20M 4m50s
120250K .......... .......... .......... .......... .......... 60% 4.99M 4m50s
120300K .......... .......... .......... .......... .......... 60% 4.11M 4m49s
120350K .......... .......... .......... .......... .......... 60% 4.57M 4m48s
120400K .......... .......... .......... .......... .......... 60%  319K 4m48s
120450K .......... .......... .......... .......... .......... 60% 12.4K 4m57s
120500K .......... .......... .......... .......... .......... 60% 4.33M 4m56s
120550K .......... .......... .......... .......... .......... 60% 4.09M 4m55s
120600K .......... .......... .......... .......... .......... 60% 4.14M 4m55s
120650K .......... .......... .......... .......... .......... 60% 4.80M 4m54s
120700K .......... .......... .......... .......... .......... 60% 3.77M 4m54s
120750K .......... .......... .......... .......... .......... 60% 4.34M 4m53s
120800K .......... .......... .......... .......... .......... 60% 3.78M 4m53s
120850K .......... .......... .......... .......... .......... 60%  361K 4m52s
120900K .......... .......... .......... .......... .......... 60%  202K 4m52s
120950K .......... .......... .......... .......... .......... 60% 70.0K 4m53s
121000K .......... .......... .......... .......... .......... 60%  837K 4m53s
121050K .......... .......... .......... .......... .......... 60%  139K 4m53s
121100K .......... .......... .......... .......... .......... 60%  183K 4m53s
121150K .......... .......... .......... .......... .......... 60%  145K 4m53s
121200K .......... .......... .......... .......... .......... 60%  168K 4m53s
121250K .......... .......... .......... .......... .......... 60%  216K 4m53s
121300K .......... .......... .......... .......... .......... 60%  140K 4m53s
121350K .......... .......... .......... .......... .......... 60%  245K 4m53s
121400K .......... .......... .......... .......... .......... 60%  268K 4m53s
121450K .......... .......... .......... .......... .......... 60%  229K 4m53s
121500K .......... .......... .......... .......... .......... 60%  144K 4m53s
121550K .......... .......... .......... .......... .......... 60%  171K 4m53s
121600K .......... .......... .......... .......... .......... 60%  178K 4m53s
121650K .......... .......... .......... .......... .......... 60%  182K 4m53s
121700K .......... .......... .......... .......... .......... 60%  219K 4m53s
121750K .......... .......... .......... .......... .......... 60%  208K 4m53s
121800K .......... .......... .......... .......... .......... 60%  215K 4m53s
121850K .......... .......... .......... .......... .......... 60%  259K 4m53s
121900K .......... .......... .......... .......... .......... 60%  271K 4m52s
121950K .......... .......... .......... .......... .......... 60%  208K 4m52s
122000K .......... .......... .......... .......... .......... 60%  229K 4m52s
122050K .......... .......... .......... .......... .......... 61%  220K 4m52s
122100K .......... .......... .......... .......... .......... 61%  211K 4m52s
122150K .......... .......... .......... .......... .......... 61%  257K 4m52s
122200K .......... .......... .......... .......... .......... 61%  203K 4m52s
122250K .......... .......... .......... .......... .......... 61%  202K 4m52s
122300K .......... .......... .......... .......... .......... 61%  166K 4m52s
122350K .......... .......... .......... .......... .......... 61%  220K 4m52s
122400K .......... .......... .......... .......... .......... 61%  166K 4m52s
122450K .......... .......... .......... .......... .......... 61%  251K 4m52s
122500K .......... .......... .......... .......... .......... 61%  320K 4m51s
122550K .......... .......... .......... .......... .......... 61%  218K 4m51s
122600K .......... .......... .......... .......... .......... 61%  233K 4m51s
122650K .......... .......... .......... .......... .......... 61%  391K 4m51s
122700K .......... .......... .......... .......... .......... 61%  245K 4m51s
122750K .......... .......... .......... .......... .......... 61%  230K 4m51s
122800K .......... .......... .......... .......... .......... 61%  206K 4m50s
122850K .......... .......... .......... .......... .......... 61%  300K 4m50s
122900K .......... .......... .......... .......... .......... 61%  263K 4m50s
122950K .......... .......... .......... .......... .......... 61%  192K 4m50s
123000K .......... .......... .......... .......... .......... 61%  246K 4m50s
123050K .......... .......... .......... .......... .......... 61%  208K 4m50s
123100K .......... .......... .......... .......... .......... 61%  231K 4m50s
123150K .......... .......... .......... .......... .......... 61%  391K 4m49s
123200K .......... .......... .......... .......... .......... 61%  262K 4m49s
123250K .......... .......... .......... .......... .......... 61%  391K 4m49s
123300K .......... .......... .......... .......... .......... 61%  304K 4m49s
123350K .......... .......... .......... .......... .......... 61%  155K 4m49s
123400K .......... .......... .......... .......... .......... 61%  181K 4m49s
123450K .......... .......... .......... .......... .......... 61%  114K 4m49s
123500K .......... .......... .......... .......... .......... 61%  128K 4m49s
123550K .......... .......... .......... .......... .......... 61%  129K 4m49s
123600K .......... .......... .......... .......... .......... 61%  147K 4m50s
123650K .......... .......... .......... .......... .......... 61%  287K 4m49s
123700K .......... .......... .......... .......... .......... 61%  215K 4m49s
123750K .......... .......... .......... .......... .......... 61%  261K 4m49s
123800K .......... .......... .......... .......... .......... 61%  296K 4m49s
123850K .......... .......... .......... .......... .......... 61%  288K 4m49s
123900K .......... .......... .......... .......... .......... 61%  253K 4m48s
123950K .......... .......... .......... .......... .......... 61%  231K 4m48s
124000K .......... .......... .......... .......... .......... 61%  256K 4m48s
124050K .......... .......... .......... .......... .......... 62%  334K 4m48s
124100K .......... .......... .......... .......... .......... 62%  228K 4m48s
124150K .......... .......... .......... .......... .......... 62% 14.3K 4m54s
124200K .......... .......... .......... .......... .......... 62%  383K 4m54s
124250K .......... .......... .......... .......... .......... 62%  210K 4m53s
124300K .......... .......... .......... .......... .......... 62%  417K 4m53s
124350K .......... .......... .......... .......... .......... 62%  912K 4m53s
124400K .......... .......... .......... .......... .......... 62%  709K 4m52s
124450K .......... .......... .......... .......... .......... 62%  383K 4m52s
124500K .......... .......... .......... .......... .......... 62% 3.88M 4m51s
124550K .......... .......... .......... .......... .......... 62% 3.50M 4m51s
124600K .......... .......... .......... .......... .......... 62% 4.30M 4m50s
124650K .......... .......... .......... .......... .......... 62%  342K 4m50s
124700K .......... .......... .......... .......... .......... 62%  292K 4m50s
124750K .......... .......... .......... .......... .......... 62% 4.26M 4m49s
124800K .......... .......... .......... .......... .......... 62%  287K 4m49s
124850K .......... .......... .......... .......... .......... 62% 4.65M 4m49s
124900K .......... .......... .......... .......... .......... 62% 4.59M 4m48s
124950K .......... .......... .......... .......... .......... 62% 4.64M 4m47s
125000K .......... .......... .......... .......... .......... 62% 5.11M 4m47s
125050K .......... .......... .......... .......... .......... 62% 4.44M 4m46s
125100K .......... .......... .......... .......... .......... 62%  304K 4m46s
125150K .......... .......... .......... .......... .......... 62%  201K 4m46s
125200K .......... .......... .......... .......... .......... 62%  284K 4m46s
125250K .......... .......... .......... .......... .......... 62%  380K 4m46s
125300K .......... .......... .......... .......... .......... 62%  237K 4m45s
125350K .......... .......... .......... .......... .......... 62%  251K 4m45s
125400K .......... .......... .......... .......... .......... 62%  274K 4m45s
125450K .......... .......... .......... .......... .......... 62%  199K 4m45s
125500K .......... .......... .......... .......... .......... 62%  214K 4m45s
125550K .......... .......... .......... .......... .......... 62%  208K 4m45s
125600K .......... .......... .......... .......... .......... 62%  148K 4m45s
125650K .......... .......... .......... .......... .......... 62% 18.4K 4m49s
125700K .......... .......... .......... .......... .......... 62% 3.85M 4m49s
125750K .......... .......... .......... .......... .......... 62% 2.56M 4m48s
125800K .......... .......... .......... .......... .......... 62% 2.24M 4m48s
125850K .......... .......... .......... .......... .......... 62% 2.34M 4m47s
125900K .......... .......... .......... .......... .......... 62% 2.21M 4m47s
125950K .......... .......... .......... .......... .......... 62% 2.66M 4m46s
126000K .......... .......... .......... .......... .......... 62% 4.12M 4m46s
126050K .......... .......... .......... .......... .......... 63% 3.97M 4m45s
126100K .......... .......... .......... .......... .......... 63% 5.33M 4m45s
126150K .......... .......... .......... .......... .......... 63% 4.23M 4m44s
126200K .......... .......... .......... .......... .......... 63% 5.18M 4m44s
126250K .......... .......... .......... .......... .......... 63% 3.70M 4m43s
126300K .......... .......... .......... .......... .......... 63%  538K 4m43s
126350K .......... .......... .......... .......... .......... 63%  218K 4m43s
126400K .......... .......... .......... .......... .......... 63%  238K 4m42s
126450K .......... .......... .......... .......... .......... 63%  215K 4m42s
126500K .......... .......... .......... .......... .......... 63%  191K 4m42s
126550K .......... .......... .......... .......... .......... 63%  202K 4m42s
126600K .......... .......... .......... .......... .......... 63%  165K 4m42s
126650K .......... .......... .......... .......... .......... 63%  241K 4m42s
126700K .......... .......... .......... .......... .......... 63%  189K 4m42s
126750K .......... .......... .......... .......... .......... 63%  203K 4m42s
126800K .......... .......... .......... .......... .......... 63%  309K 4m42s
126850K .......... .......... .......... .......... .......... 63%  358K 4m41s
126900K .......... .......... .......... .......... .......... 63%  248K 4m41s
126950K .......... .......... .......... .......... .......... 63%  220K 4m41s
127000K .......... .......... .......... .......... .......... 63%  263K 4m41s
127050K .......... .......... .......... .......... .......... 63% 36.8K 4m43s
127100K .......... .......... .......... .......... .......... 63% 4.69M 4m42s
127150K .......... .......... .......... .......... .......... 63% 4.48M 4m42s
127200K .......... .......... .......... .......... .......... 63%  527K 4m41s
127250K .......... .......... .......... .......... .......... 63%  164K 4m41s
127300K .......... .......... .......... .......... .......... 63%  156K 4m41s
127350K .......... .......... .......... .......... .......... 63%  264K 4m41s
127400K .......... .......... .......... .......... .......... 63%  173K 4m41s
127450K .......... .......... .......... .......... .......... 63%  134K 4m41s
127500K .......... .......... .......... .......... .......... 63%  157K 4m41s
127550K .......... .......... .......... .......... .......... 63% 92.9K 4m42s
127600K .......... .......... .......... .......... .......... 63%  262K 4m41s
127650K .......... .......... .......... .......... .......... 63%  216K 4m41s
127700K .......... .......... .......... .......... .......... 63%  246K 4m41s
127750K .......... .......... .......... .......... .......... 63%  186K 4m41s
127800K .......... .......... .......... .......... .......... 63%  228K 4m41s
127850K .......... .......... .......... .......... .......... 63%  230K 4m41s
127900K .......... .......... .......... .......... .......... 63%  201K 4m41s
127950K .......... .......... .......... .......... .......... 63%  308K 4m40s
128000K .......... .......... .......... .......... .......... 63%  186K 4m40s
128050K .......... .......... .......... .......... .......... 64%  184K 4m40s
128100K .......... .......... .......... .......... .......... 64%  289K 4m40s
128150K .......... .......... .......... .......... .......... 64%  240K 4m40s
128200K .......... .......... .......... .......... .......... 64%  250K 4m40s
128250K .......... .......... .......... .......... .......... 64%  261K 4m39s
128300K .......... .......... .......... .......... .......... 64%  351K 4m39s
128350K .......... .......... .......... .......... .......... 64%  248K 4m39s
128400K .......... .......... .......... .......... .......... 64%  252K 4m39s
128450K .......... .......... .......... .......... .......... 64%  390K 4m38s
128500K .......... .......... .......... .......... .......... 64%  306K 4m38s
128550K .......... .......... .......... .......... .......... 64%  198K 4m38s
128600K .......... .......... .......... .......... .......... 64%  262K 4m38s
128650K .......... .......... .......... .......... .......... 64%  251K 4m38s
128700K .......... .......... .......... .......... .......... 64%  372K 4m37s
128750K .......... .......... .......... .......... .......... 64%  400K 4m37s
128800K .......... .......... .......... .......... .......... 64%  270K 4m37s
128850K .......... .......... .......... .......... .......... 64%  273K 4m37s
128900K .......... .......... .......... .......... .......... 64%  342K 4m36s
128950K .......... .......... .......... .......... .......... 64%  514K 4m36s
129000K .......... .......... .......... .......... .......... 64%  377K 4m36s
129050K .......... .......... .......... .......... .......... 64%  351K 4m36s
129100K .......... .......... .......... .......... .......... 64%  389K 4m35s
129150K .......... .......... .......... .......... .......... 64%  333K 4m35s
129200K .......... .......... .......... .......... .......... 64%  353K 4m35s
129250K .......... .......... .......... .......... .......... 64%  340K 4m34s
129300K .......... .......... .......... .......... .......... 64%  295K 4m34s
129350K .......... .......... .......... .......... .......... 64%  407K 4m34s
129400K .......... .......... .......... .......... .......... 64%  283K 4m34s
129450K .......... .......... .......... .......... .......... 64%  280K 4m33s
129500K .......... .......... .......... .......... .......... 64%  396K 4m33s
129550K .......... .......... .......... .......... .......... 64%  315K 4m33s
129600K .......... .......... .......... .......... .......... 64%  226K 4m33s
129650K .......... .......... .......... .......... .......... 64%  216K 4m33s
129700K .......... .......... .......... .......... .......... 64% 25.2K 4m35s
129750K .......... .......... .......... .......... .......... 64% 1.05M 4m35s
129800K .......... .......... .......... .......... .......... 64% 1.22M 4m34s
129850K .......... .......... .......... .......... .......... 64% 4.38M 4m34s
129900K .......... .......... .......... .......... .......... 64% 4.69M 4m33s
129950K .......... .......... .......... .......... .......... 64% 4.83M 4m33s
130000K .......... .......... .......... .......... .......... 64% 2.62M 4m32s
130050K .......... .......... .......... .......... .......... 65% 1.78M 4m32s
130100K .......... .......... .......... .......... .......... 65% 2.02M 4m32s
130150K .......... .......... .......... .......... .......... 65% 1.71M 4m31s
130200K .......... .......... .......... .......... .......... 65% 1.95M 4m31s
130250K .......... .......... .......... .......... .......... 65% 1.93M 4m30s
130300K .......... .......... .......... .......... .......... 65% 1.78M 4m30s
130350K .......... .......... .......... .......... .......... 65% 1.99M 4m29s
130400K .......... .......... .......... .......... .......... 65% 1.68M 4m29s
130450K .......... .......... .......... .......... .......... 65% 1.85M 4m28s
130500K .......... .......... .......... .......... .......... 65% 2.76M 4m28s
130550K .......... .......... .......... .......... .......... 65% 3.64M 4m27s
130600K .......... .......... .......... .......... .......... 65% 5.36M 4m27s
130650K .......... .......... .......... .......... .......... 65%  307K 4m27s
130700K .......... .......... .......... .......... .......... 65%  465K 4m26s
130750K .......... .......... .......... .......... .......... 65%  373K 4m26s
130800K .......... .......... .......... .......... .......... 65%  334K 4m26s
130850K .......... .......... .......... .......... .......... 65%  406K 4m26s
130900K .......... .......... .......... .......... .......... 65%  363K 4m25s
130950K .......... .......... .......... .......... .......... 65%  343K 4m25s
131000K .......... .......... .......... .......... .......... 65%  462K 4m25s
131050K .......... .......... .......... .......... .......... 65%  542K 4m24s
131100K .......... .......... .......... .......... .......... 65%  373K 4m24s
131150K .......... .......... .......... .......... .......... 65%  399K 4m24s
131200K .......... .......... .......... .......... .......... 65%  367K 4m24s
131250K .......... .......... .......... .......... .......... 65%  345K 4m23s
131300K .......... .......... .......... .......... .......... 65%  309K 4m23s
131350K .......... .......... .......... .......... .......... 65%  435K 4m23s
131400K .......... .......... .......... .......... .......... 65%  378K 4m22s
131450K .......... .......... .......... .......... .......... 65%  344K 4m22s
131500K .......... .......... .......... .......... .......... 65%  774K 4m22s
131550K .......... .......... .......... .......... .......... 65%  325K 4m22s
131600K .......... .......... .......... .......... .......... 65%  320K 4m21s
131650K .......... .......... .......... .......... .......... 65%  408K 4m21s
131700K .......... .......... .......... .......... .......... 65%  365K 4m21s
131750K .......... .......... .......... .......... .......... 65%  367K 4m21s
131800K .......... .......... .......... .......... .......... 65%  315K 4m20s
131850K .......... .......... .......... .......... .......... 65%  484K 4m20s
131900K .......... .......... .......... .......... .......... 65%  316K 4m20s
131950K .......... .......... .......... .......... .......... 65%  459K 4m19s
132000K .......... .......... .......... .......... .......... 65%  441K 4m19s
132050K .......... .......... .......... .......... .......... 66%  346K 4m19s
132100K .......... .......... .......... .......... .......... 66%  301K 4m19s
132150K .......... .......... .......... .......... .......... 66%  271K 4m18s
132200K .......... .......... .......... .......... .......... 66%  375K 4m18s
132250K .......... .......... .......... .......... .......... 66%  358K 4m18s
132300K .......... .......... .......... .......... .......... 66%  220K 4m18s
132350K .......... .......... .......... .......... .......... 66%  578K 4m17s
132400K .......... .......... .......... .......... .......... 66%  287K 4m17s
132450K .......... .......... .......... .......... .......... 66%  380K 4m17s
132500K .......... .......... .......... .......... .......... 66%  476K 4m17s
132550K .......... .......... .......... .......... .......... 66%  214K 4m16s
132600K .......... .......... .......... .......... .......... 66%  207K 4m16s
132650K .......... .......... .......... .......... .......... 66% 11.3K 4m22s
132700K .......... .......... .......... .......... .......... 66% 1.02M 4m22s
132750K .......... .......... .......... .......... .......... 66% 4.56M 4m21s
132800K .......... .......... .......... .......... .......... 66%  606K 4m21s
132850K .......... .......... .......... .......... .......... 66% 39.7K 4m22s
132900K .......... .......... .......... .......... .......... 66% 3.44M 4m22s
132950K .......... .......... .......... .......... .......... 66% 4.41M 4m21s
133000K .......... .......... .......... .......... .......... 66% 2.14M 4m21s
133050K .......... .......... .......... .......... .......... 66% 2.66M 4m20s
133100K .......... .......... .......... .......... .......... 66% 5.03M 4m20s
133150K .......... .......... .......... .......... .......... 66% 3.72M 4m20s
133200K .......... .......... .......... .......... .......... 66% 4.91M 4m19s
133250K .......... .......... .......... .......... .......... 66% 4.81M 4m19s
133300K .......... .......... .......... .......... .......... 66% 4.66M 4m18s
133350K .......... .......... .......... .......... .......... 66% 4.79M 4m18s
133400K .......... .......... .......... .......... .......... 66% 4.48M 4m17s
133450K .......... .......... .......... .......... .......... 66% 5.17M 4m17s
133500K .......... .......... .......... .......... .......... 66% 4.77M 4m16s
133550K .......... .......... .......... .......... .......... 66%  207K 4m16s
133600K .......... .......... .......... .......... .......... 66%  230K 4m16s
133650K .......... .......... .......... .......... .......... 66%  155K 4m16s
133700K .......... .......... .......... .......... .......... 66%  175K 4m16s
133750K .......... .......... .......... .......... .......... 66%  123K 4m16s
133800K .......... .......... .......... .......... .......... 66%  147K 4m16s
133850K .......... .......... .......... .......... .......... 66% 4.05M 4m16s
133900K .......... .......... .......... .......... .......... 66%  113K 4m16s
133950K .......... .......... .......... .......... .......... 66% 1.36M 4m16s
134000K .......... .......... .......... .......... .......... 66%  462K 4m15s
134050K .......... .......... .......... .......... .......... 67%  186K 4m15s
134100K .......... .......... .......... .......... .......... 67%  913K 4m15s
134150K .......... .......... .......... .......... .......... 67%  184K 4m15s
134200K .......... .......... .......... .......... .......... 67%  309K 4m14s
134250K .......... .......... .......... .......... .......... 67%  280K 4m14s
134300K .......... .......... .......... .......... .......... 67%  236K 4m14s
134350K .......... .......... .......... .......... .......... 67%  236K 4m14s
134400K .......... .......... .......... .......... .......... 67%  270K 4m14s
134450K .......... .......... .......... .......... .......... 67%  246K 4m13s
134500K .......... .......... .......... .......... .......... 67%  475K 4m13s
134550K .......... .......... .......... .......... .......... 67%  330K 4m13s
134600K .......... .......... .......... .......... .......... 67%  380K 4m13s
134650K .......... .......... .......... .......... .......... 67%  187K 4m13s
134700K .......... .......... .......... .......... .......... 67%  216K 4m12s
134750K .......... .......... .......... .......... .......... 67%  105K 4m13s
134800K .......... .......... .......... .......... .......... 67%  288K 4m12s
134850K .......... .......... .......... .......... .......... 67%  237K 4m12s
134900K .......... .......... .......... .......... .......... 67%  175K 4m12s
134950K .......... .......... .......... .......... .......... 67%  166K 4m12s
135000K .......... .......... .......... .......... .......... 67%  126K 4m12s
135050K .......... .......... .......... .......... .......... 67% 1.53M 4m12s
135100K .......... .......... .......... .......... .......... 67%  108K 4m12s
135150K .......... .......... .......... .......... .......... 67% 13.9K 4m16s
135200K .......... .......... .......... .......... .......... 67%  715K 4m16s
135250K .......... .......... .......... .......... .......... 67%  731K 4m15s
135300K .......... .......... .......... .......... .......... 67%  421K 4m15s
135350K .......... .......... .......... .......... .......... 67% 2.04M 4m15s
135400K .......... .......... .......... .......... .......... 67% 1.54M 4m14s
135450K .......... .......... .......... .......... .......... 67% 4.19M 4m14s
135500K .......... .......... .......... .......... .......... 67% 4.53M 4m13s
135550K .......... .......... .......... .......... .......... 67% 4.10M 4m13s
135600K .......... .......... .......... .......... .......... 67% 5.50M 4m13s
135650K .......... .......... .......... .......... .......... 67% 4.13M 4m12s
135700K .......... .......... .......... .......... .......... 67% 4.45M 4m12s
135750K .......... .......... .......... .......... .......... 67% 5.06M 4m11s
135800K .......... .......... .......... .......... .......... 67% 1.35M 4m11s
135850K .......... .......... .......... .......... .......... 67%  345K 4m11s
135900K .......... .......... .......... .......... .......... 67%  242K 4m10s
135950K .......... .......... .......... .......... .......... 67%  348K 4m10s
136000K .......... .......... .......... .......... .......... 67%  302K 4m10s
136050K .......... .......... .......... .......... .......... 68%  410K 4m10s
136100K .......... .......... .......... .......... .......... 68%  425K 4m9s
136150K .......... .......... .......... .......... .......... 68%  333K 4m9s
136200K .......... .......... .......... .......... .......... 68%  298K 4m9s
136250K .......... .......... .......... .......... .......... 68%  386K 4m9s
136300K .......... .......... .......... .......... .......... 68%  236K 4m8s
136350K .......... .......... .......... .......... .......... 68%  284K 4m8s
136400K .......... .......... .......... .......... .......... 68%  294K 4m8s
136450K .......... .......... .......... .......... .......... 68%  312K 4m8s
136500K .......... .......... .......... .......... .......... 68%  272K 4m8s
136550K .......... .......... .......... .......... .......... 68%  231K 4m7s
136600K .......... .......... .......... .......... .......... 68%  227K 4m7s
136650K .......... .......... .......... .......... .......... 68%  167K 4m7s
136700K .......... .......... .......... .......... .......... 68%  287K 4m7s
136750K .......... .......... .......... .......... .......... 68%  276K 4m7s
136800K .......... .......... .......... .......... .......... 68%  231K 4m7s
136850K .......... .......... .......... .......... .......... 68%  245K 4m6s
136900K .......... .......... .......... .......... .......... 68%  210K 4m6s
136950K .......... .......... .......... .......... .......... 68%  238K 4m6s
137000K .......... .......... .......... .......... .......... 68%  274K 4m6s
137050K .......... .......... .......... .......... .......... 68%  213K 4m6s
137100K .......... .......... .......... .......... .......... 68%  222K 4m6s
137150K .......... .......... .......... .......... .......... 68%  186K 4m5s
137200K .......... .......... .......... .......... .......... 68%  193K 4m5s
137250K .......... .......... .......... .......... .......... 68%  173K 4m5s
137300K .......... .......... .......... .......... .......... 68%  237K 4m5s
137350K .......... .......... .......... .......... .......... 68%  267K 4m5s
137400K .......... .......... .......... .......... .......... 68%  235K 4m5s
137450K .......... .......... .......... .......... .......... 68%  335K 4m4s
137500K .......... .......... .......... .......... .......... 68%  380K 4m4s
137550K .......... .......... .......... .......... .......... 68%  323K 4m4s
137600K .......... .......... .......... .......... .......... 68%  367K 4m4s
137650K .......... .......... .......... .......... .......... 68%  317K 4m3s
137700K .......... .......... .......... .......... .......... 68%  362K 4m3s
137750K .......... .......... .......... .......... .......... 68%  325K 4m3s
137800K .......... .......... .......... .......... .......... 68%  303K 4m3s
137850K .......... .......... .......... .......... .......... 68%  316K 4m2s
137900K .......... .......... .......... .......... .......... 68%  313K 4m2s
137950K .......... .......... .......... .......... .......... 68%  314K 4m2s
138000K .......... .......... .......... .......... .......... 68%  394K 4m2s
138050K .......... .......... .......... .......... .......... 69%  268K 4m1s
138100K .......... .......... .......... .......... .......... 69%  346K 4m1s
138150K .......... .......... .......... .......... .......... 69%  336K 4m1s
138200K .......... .......... .......... .......... .......... 69%  305K 4m1s
138250K .......... .......... .......... .......... .......... 69%  298K 4m0s
138300K .......... .......... .......... .......... .......... 69%  281K 4m0s
138350K .......... .......... .......... .......... .......... 69%  274K 4m0s
138400K .......... .......... .......... .......... .......... 69%  194K 4m0s
138450K .......... .......... .......... .......... .......... 69%  246K 4m0s
138500K .......... .......... .......... .......... .......... 69%  263K 4m0s
138550K .......... .......... .......... .......... .......... 69%  170K 3m59s
138600K .......... .......... .......... .......... .......... 69%  223K 3m59s
138650K .......... .......... .......... .......... .......... 69%  188K 3m59s
138700K .......... .......... .......... .......... .......... 69%  233K 3m59s
138750K .......... .......... .......... .......... .......... 69%  244K 3m59s
138800K .......... .......... .......... .......... .......... 69%  238K 3m59s
138850K .......... .......... .......... .......... .......... 69%  274K 3m58s
138900K .......... .......... .......... .......... .......... 69%  230K 3m58s
138950K .......... .......... .......... .......... .......... 69%  252K 3m58s
139000K .......... .......... .......... .......... .......... 69%  128K 3m58s
139050K .......... .......... .......... .......... .......... 69%  219K 3m58s
139100K .......... .......... .......... .......... .......... 69%  242K 3m58s
139150K .......... .......... .......... .......... .......... 69%  279K 3m58s
139200K .......... .......... .......... .......... .......... 69%  412K 3m57s
139250K .......... .......... .......... .......... .......... 69%  431K 3m57s
139300K .......... .......... .......... .......... .......... 69%  338K 3m57s
139350K .......... .......... .......... .......... .......... 69%  184K 3m57s
139400K .......... .......... .......... .......... .......... 69%  197K 3m57s
139450K .......... .......... .......... .......... .......... 69%  355K 3m56s
139500K .......... .......... .......... .......... .......... 69%  421K 3m56s
139550K .......... .......... .......... .......... .......... 69%  250K 3m56s
139600K .......... .......... .......... .......... .......... 69%  310K 3m56s
139650K .......... .......... .......... .......... .......... 69%  176K 3m55s
139700K .......... .......... .......... .......... .......... 69%  196K 3m55s
139750K .......... .......... .......... .......... .......... 69% 8.09K 4m2s
139800K .......... .......... .......... .......... .......... 69%  206K 4m2s
139850K .......... .......... .......... .......... .......... 69%  891K 4m1s
139900K .......... .......... .......... .......... .......... 69%  181K 4m1s
139950K .......... .......... .......... .......... .......... 69%  426K 4m1s
140000K .......... .......... .......... .......... .......... 69% 4.38M 4m0s
140050K .......... .......... .......... .......... .......... 70% 4.01M 4m0s
140100K .......... .......... .......... .......... .......... 70% 4.79M 4m0s
140150K .......... .......... .......... .......... .......... 70% 4.38M 3m59s
140200K .......... .......... .......... .......... .......... 70% 5.04M 3m59s
140250K .......... .......... .......... .......... .......... 70% 5.31M 3m58s
140300K .......... .......... .......... .......... .......... 70% 4.60M 3m58s
140350K .......... .......... .......... .......... .......... 70% 5.03M 3m58s
140400K .......... .......... .......... .......... .......... 70% 4.80M 3m57s
140450K .......... .......... .......... .......... .......... 70% 5.37M 3m57s
140500K .......... .......... .......... .......... .......... 70%  274K 3m57s
140550K .......... .......... .......... .......... .......... 70% 96.6K 3m57s
140600K .......... .......... .......... .......... .......... 70%  119K 3m57s
140650K .......... .......... .......... .......... .......... 70% 85.6K 3m57s
140700K .......... .......... .......... .......... .......... 70%  107K 3m57s
140750K .......... .......... .......... .......... .......... 70%  113K 3m57s
140800K .......... .......... .......... .......... .......... 70% 89.8K 3m57s
140850K .......... .......... .......... .......... .......... 70% 73.1K 3m58s
140900K .......... .......... .......... .......... .......... 70% 7.01K 4m5s
140950K .......... .......... .......... .......... .......... 70% 1.24M 4m4s
141000K .......... .......... .......... .......... .......... 70% 1.36M 4m4s
141050K .......... .......... .......... .......... .......... 70% 1.20M 4m4s
141100K .......... .......... .......... .......... .......... 70% 2.72M 4m3s
141150K .......... .......... .......... .......... .......... 70% 2.73M 4m3s
141200K .......... .......... .......... .......... .......... 70% 3.19M 4m2s
141250K .......... .......... .......... .......... .......... 70% 3.29M 4m2s
141300K .......... .......... .......... .......... .......... 70% 2.86M 4m2s
141350K .......... .......... .......... .......... .......... 70% 3.29M 4m1s
141400K .......... .......... .......... .......... .......... 70% 2.82M 4m1s
141450K .......... .......... .......... .......... .......... 70% 3.37M 4m0s
141500K .......... .......... .......... .......... .......... 70% 3.31M 4m0s
141550K .......... .......... .......... .......... .......... 70% 78.2K 4m0s
141600K .......... .......... .......... .......... .......... 70% 95.6K 4m0s
141650K .......... .......... .......... .......... .......... 70% 97.0K 4m0s
141700K .......... .......... .......... .......... .......... 70%  103K 4m1s
141750K .......... .......... .......... .......... .......... 70% 79.3K 4m1s
141800K .......... .......... .......... .......... .......... 70% 72.5K 4m1s
141850K .......... .......... .......... .......... .......... 70% 65.8K 4m1s
141900K .......... .......... .......... .......... .......... 70% 39.1K 4m2s
141950K .......... .......... .......... .......... .......... 70% 58.6K 4m3s
142000K .......... .......... .......... .......... .......... 70% 64.5K 4m3s
142050K .......... .......... .......... .......... .......... 71% 84.1K 4m3s
142100K .......... .......... .......... .......... .......... 71% 82.8K 4m3s
142150K .......... .......... .......... .......... .......... 71% 67.5K 4m4s
142200K .......... .......... .......... .......... .......... 71%  108K 4m4s
142250K .......... .......... .......... .......... .......... 71% 8.21K 4m10s
142300K .......... .......... .......... .......... .......... 71% 2.49M 4m9s
142350K .......... .......... .......... .......... .......... 71% 3.08M 4m9s
142400K .......... .......... .......... .......... .......... 71% 2.46M 4m8s
142450K .......... .......... .......... .......... .......... 71% 2.87M 4m8s
142500K .......... .......... .......... .......... .......... 71% 2.74M 4m8s
142550K .......... .......... .......... .......... .......... 71% 2.54M 4m7s
142600K .......... .......... .......... .......... .......... 71% 2.93M 4m7s
142650K .......... .......... .......... .......... .......... 71% 2.34M 4m6s
142700K .......... .......... .......... .......... .......... 71% 2.72M 4m6s
142750K .......... .......... .......... .......... .......... 71%  204K 4m6s
142800K .......... .......... .......... .......... .......... 71%  104K 4m6s
142850K .......... .......... .......... .......... .......... 71%  179K 4m6s
142900K .......... .......... .......... .......... .......... 71%  135K 4m6s
142950K .......... .......... .......... .......... .......... 71%  198K 4m5s
143000K .......... .......... .......... .......... .......... 71%  165K 4m5s
143050K .......... .......... .......... .......... .......... 71%  122K 4m5s
143100K .......... .......... .......... .......... .......... 71%  124K 4m5s
143150K .......... .......... .......... .......... .......... 71%  177K 4m5s
143200K .......... .......... .......... .......... .......... 71%  124K 4m5s
143250K .......... .......... .......... .......... .......... 71%  126K 4m5s
143300K .......... .......... .......... .......... .......... 71% 95.7K 4m5s
143350K .......... .......... .......... .......... .......... 71%  146K 4m5s
143400K .......... .......... .......... .......... .......... 71%  165K 4m5s
143450K .......... .......... .......... .......... .......... 71%  150K 4m5s
143500K .......... .......... .......... .......... .......... 71%  104K 4m5s
143550K .......... .......... .......... .......... .......... 71%  184K 4m5s
143600K .......... .......... .......... .......... .......... 71%  120K 4m5s
143650K .......... .......... .......... .......... .......... 71% 96.8K 4m5s
143700K .......... .......... .......... .......... .......... 71%  122K 4m5s
143750K .......... .......... .......... .......... .......... 71%  115K 4m5s
143800K .......... .......... .......... .......... .......... 71%  151K 4m5s
143850K .......... .......... .......... .......... .......... 71%  122K 4m4s
143900K .......... .......... .......... .......... .......... 71% 62.4K 4m5s
143950K .......... .......... .......... .......... .......... 71%  202K 4m5s
144000K .......... .......... .......... .......... .......... 71%  135K 4m5s
144050K .......... .......... .......... .......... .......... 72% 91.6K 4m5s
144100K .......... .......... .......... .......... .......... 72%  110K 4m5s
144150K .......... .......... .......... .......... .......... 72%  109K 4m5s
144200K .......... .......... .......... .......... .......... 72% 87.4K 4m5s
144250K .......... .......... .......... .......... .......... 72% 84.2K 4m5s
144300K .......... .......... .......... .......... .......... 72% 87.5K 4m5s
144350K .......... .......... .......... .......... .......... 72% 82.9K 4m5s
144400K .......... .......... .......... .......... .......... 72% 65.7K 4m5s
144450K .......... .......... .......... .......... .......... 72%  109K 4m5s
144500K .......... .......... .......... .......... .......... 72% 2.32K 4m25s
144550K .......... .......... .......... .......... .......... 72% 5.95K 4m33s
144600K .......... .......... .......... .......... .......... 72% 1.04M 4m32s
144650K .......... .......... .......... .......... .......... 72% 2.92M 4m32s
144700K .......... .......... .......... .......... .......... 72% 3.47M 4m31s
144750K .......... .......... .......... .......... .......... 72% 3.64M 4m31s
144800K .......... .......... .......... .......... .......... 72% 3.03M 4m30s
144850K .......... .......... .......... .......... .......... 72% 3.43M 4m30s
144900K .......... .......... .......... .......... .......... 72% 3.01M 4m29s
144950K .......... .......... .......... .......... .......... 72% 3.69M 4m29s
145000K .......... .......... .......... .......... .......... 72% 3.60M 4m28s
145050K .......... .......... .......... .......... .......... 72% 3.07M 4m28s
145100K .......... .......... .......... .......... .......... 72% 2.59M 4m28s
145150K .......... .......... .......... .......... .......... 72%  513K 4m27s
145200K .......... .......... .......... .......... .......... 72% 4.13M 4m27s
145250K .......... .......... .......... .......... .......... 72% 5.45M 4m26s
145300K .......... .......... .......... .......... .......... 72% 4.59M 4m26s
145350K .......... .......... .......... .......... .......... 72% 4.82M 4m25s
145400K .......... .......... .......... .......... .......... 72% 4.41M 4m25s
145450K .......... .......... .......... .......... .......... 72% 5.63M 4m24s
145500K .......... .......... .......... .......... .......... 72% 90.1K 4m24s
145550K .......... .......... .......... .......... .......... 72% 96.4K 4m24s
145600K .......... .......... .......... .......... .......... 72%  460K 4m24s
145650K .......... .......... .......... .......... .......... 72% 4.38M 4m24s
145700K .......... .......... .......... .......... .......... 72% 4.86M 4m23s
145750K .......... .......... .......... .......... .......... 72% 4.78M 4m23s
145800K .......... .......... .......... .......... .......... 72%  219K 4m22s
145850K .......... .......... .......... .......... .......... 72%  156K 4m22s
145900K .......... .......... .......... .......... .......... 72%  116K 4m22s
145950K .......... .......... .......... .......... .......... 72%  115K 4m22s
146000K .......... .......... .......... .......... .......... 72%  124K 4m22s
146050K .......... .......... .......... .......... .......... 73% 81.8K 4m22s
146100K .......... .......... .......... .......... .......... 73% 87.9K 4m22s
146150K .......... .......... .......... .......... .......... 73% 74.3K 4m22s
146200K .......... .......... .......... .......... .......... 73% 83.9K 4m22s
146250K .......... .......... .......... .......... .......... 73% 75.1K 4m23s
146300K .......... .......... .......... .......... .......... 73% 56.0K 4m23s
146350K .......... .......... .......... .......... .......... 73% 58.1K 4m23s
146400K .......... .......... .......... .......... .......... 73% 38.8K 4m24s
146450K .......... .......... .......... .......... .......... 73% 75.7K 4m24s
146500K .......... .......... .......... .......... .......... 73% 86.0K 4m24s
146550K .......... .......... .......... .......... .......... 73% 63.0K 4m24s
146600K .......... .......... .......... .......... .......... 73% 79.1K 4m24s
146650K .......... .......... .......... .......... .......... 73% 41.6K 4m25s
146700K .......... .......... .......... .......... .......... 73% 56.0K 4m25s
146750K .......... .......... .......... .......... .......... 73% 42.3K 4m26s
146800K .......... .......... .......... .......... .......... 73% 45.0K 4m26s
146850K .......... .......... .......... .......... .......... 73% 41.7K 4m27s
146900K .......... .......... .......... .......... .......... 73% 38.6K 4m27s
146950K .......... .......... .......... .......... .......... 73% 5.21K 4m35s
147000K .......... .......... .......... .......... .......... 73% 1.79M 4m35s
147050K .......... .......... .......... .......... .......... 73% 1.65M 4m34s
147100K .......... .......... .......... .......... .......... 73% 2.06M 4m34s
147150K .......... .......... .......... .......... .......... 73% 1.69M 4m33s
147200K .......... .......... .......... .......... .......... 73% 1.72M 4m33s
147250K .......... .......... .......... .......... .......... 73% 2.57M 4m32s
147300K .......... .......... .......... .......... .......... 73% 2.22M 4m32s
147350K .......... .......... .......... .......... .......... 73% 2.74M 4m32s
147400K .......... .......... .......... .......... .......... 73% 2.51M 4m31s
147450K .......... .......... .......... .......... .......... 73% 99.5K 4m31s
147500K .......... .......... .......... .......... .......... 73% 67.0K 4m31s
147550K .......... .......... .......... .......... .......... 73% 64.9K 4m31s
147600K .......... .......... .......... .......... .......... 73% 74.4K 4m31s
147650K .......... .......... .......... .......... .......... 73% 71.0K 4m32s
147700K .......... .......... .......... .......... .......... 73%  107K 4m32s
147750K .......... .......... .......... .......... .......... 73%  136K 4m31s
147800K .......... .......... .......... .......... .......... 73%  102K 4m31s
147850K .......... .......... .......... .......... .......... 73% 42.0K 4m32s
147900K .......... .......... .......... .......... .......... 73% 23.9K 4m33s
147950K .......... .......... .......... .......... .......... 73%  136K 4m33s
148000K .......... .......... .......... .......... .......... 73%  159K 4m33s
148050K .......... .......... .......... .......... .......... 74% 47.5K 4m33s
148100K .......... .......... .......... .......... .......... 74% 56.6K 4m33s
148150K .......... .......... .......... .......... .......... 74% 60.2K 4m33s
148200K .......... .......... .......... .......... .......... 74% 61.8K 4m34s
148250K .......... .......... .......... .......... .......... 74% 5.63K 4m40s
148300K .......... .......... .......... .......... .......... 74%  209K 4m40s
148350K .......... .......... .......... .......... .......... 74% 2.37M 4m40s
148400K .......... .......... .......... .......... .......... 74% 2.61M 4m39s
148450K .......... .......... .......... .......... .......... 74% 3.36M 4m39s
148500K .......... .......... .......... .......... .......... 74% 3.12M 4m38s
148550K .......... .......... .......... .......... .......... 74% 2.73M 4m38s
148600K .......... .......... .......... .......... .......... 74% 3.35M 4m37s
148650K .......... .......... .......... .......... .......... 74% 2.80M 4m37s
148700K .......... .......... .......... .......... .......... 74% 3.29M 4m36s
148750K .......... .......... .......... .......... .......... 74%  102K 4m36s
148800K .......... .......... .......... .......... .......... 74% 62.3K 4m36s
148850K .......... .......... .......... .......... .......... 74% 86.1K 4m36s
148900K .......... .......... .......... .......... .......... 74% 74.3K 4m36s
148950K .......... .......... .......... .......... .......... 74% 60.9K 4m37s
149000K .......... .......... .......... .......... .......... 74% 60.3K 4m37s
149050K .......... .......... .......... .......... .......... 74% 62.4K 4m37s
149100K .......... .......... .......... .......... .......... 74% 7.68K 4m42s
149150K .......... .......... .......... .......... .......... 74%  294K 4m41s
149200K .......... .......... .......... .......... .......... 74% 2.08M 4m41s
149250K .......... .......... .......... .......... .......... 74% 2.33M 4m40s
149300K .......... .......... .......... .......... .......... 74% 1.88M 4m40s
149350K .......... .......... .......... .......... .......... 74% 2.44M 4m39s
149400K .......... .......... .......... .......... .......... 74% 2.30M 4m39s
149450K .......... .......... .......... .......... .......... 74% 2.69M 4m38s
149500K .......... .......... .......... .......... .......... 74% 2.65M 4m38s
149550K .......... .......... .......... .......... .......... 74%  453K 4m38s
149600K .......... .......... .......... .......... .......... 74% 78.3K 4m38s
149650K .......... .......... .......... .......... .......... 74% 34.8K 4m38s
149700K .......... .......... .......... .......... .......... 74% 74.2K 4m38s
149750K .......... .......... .......... .......... .......... 74% 71.5K 4m38s
149800K .......... .......... .......... .......... .......... 74% 48.1K 4m39s
149850K .......... .......... .......... .......... .......... 74% 46.4K 4m39s
149900K .......... .......... .......... .......... .......... 74% 31.3K 4m40s
149950K .......... .......... .......... .......... .......... 74% 63.1K 4m40s
150000K .......... .......... .......... .......... .......... 74% 78.8K 4m40s
150050K .......... .......... .......... .......... .......... 75% 86.9K 4m40s
150100K .......... .......... .......... .......... .......... 75% 98.6K 4m40s
150150K .......... .......... .......... .......... .......... 75% 99.9K 4m40s
150200K .......... .......... .......... .......... .......... 75%  129K 4m39s
150250K .......... .......... .......... .......... .......... 75% 92.7K 4m39s
150300K .......... .......... .......... .......... .......... 75% 80.3K 4m39s
150350K .......... .......... .......... .......... .......... 75% 81.9K 4m39s
150400K .......... .......... .......... .......... .......... 75% 60.7K 4m39s
150450K .......... .......... .......... .......... .......... 75%  113K 4m39s
150500K .......... .......... .......... .......... .......... 75% 8.16K 4m43s
150550K .......... .......... .......... .......... .......... 75%  101K 4m43s
150600K .......... .......... .......... .......... .......... 75%  271K 4m43s
150650K .......... .......... .......... .......... .......... 75% 4.00M 4m42s
150700K .......... .......... .......... .......... .......... 75% 5.20M 4m42s
150750K .......... .......... .......... .......... .......... 75% 5.77M 4m41s
150800K .......... .......... .......... .......... .......... 75% 4.64M 4m41s
150850K .......... .......... .......... .......... .......... 75% 5.65M 4m40s
150900K .......... .......... .......... .......... .......... 75% 4.60M 4m40s
150950K .......... .......... .......... .......... .......... 75% 5.66M 4m39s
151000K .......... .......... .......... .......... .......... 75% 5.37M 4m39s
151050K .......... .......... .......... .......... .......... 75%  116K 4m39s
151100K .......... .......... .......... .......... .......... 75% 66.1K 4m39s
151150K .......... .......... .......... .......... .......... 75% 56.2K 4m39s
151200K .......... .......... .......... .......... .......... 75% 58.0K 4m39s
151250K .......... .......... .......... .......... .......... 75% 77.0K 4m39s
151300K .......... .......... .......... .......... .......... 75% 76.1K 4m39s
151350K .......... .......... .......... .......... .......... 75% 98.0K 4m39s
151400K .......... .......... .......... .......... .......... 75% 81.8K 4m39s
151450K .......... .......... .......... .......... .......... 75% 66.0K 4m39s
151500K .......... .......... .......... .......... .......... 75% 4.56K 4m46s
151550K .......... .......... .......... .......... .......... 75%  142K 4m46s
151600K .......... .......... .......... .......... .......... 75% 3.38M 4m46s
151650K .......... .......... .......... .......... .......... 75% 1.11M 4m45s
151700K .......... .......... .......... .......... .......... 75% 1.71M 4m45s
151750K .......... .......... .......... .......... .......... 75% 1002K 4m44s
151800K .......... .......... .......... .......... .......... 75%  856K 4m44s
151850K .......... .......... .......... .......... .......... 75% 1.47M 4m43s
151900K .......... .......... .......... .......... .......... 75% 1.17M 4m43s
151950K .......... .......... .......... .......... .......... 75%  893K 4m42s
152000K .......... .......... .......... .......... .......... 75%  250K 4m42s
152050K .......... .......... .......... .......... .......... 76% 57.7K 4m42s
152100K .......... .......... .......... .......... .......... 76% 83.0K 4m42s
152150K .......... .......... .......... .......... .......... 76% 7.85K 4m46s
152200K .......... .......... .......... .......... .......... 76% 93.2K 4m46s
152250K .......... .......... .......... .......... .......... 76% 91.2K 4m46s
152300K .......... .......... .......... .......... .......... 76% 2.27M 4m45s
152350K .......... .......... .......... .......... .......... 76% 2.65M 4m45s
152400K .......... .......... .......... .......... .......... 76% 2.38M 4m44s
152450K .......... .......... .......... .......... .......... 76% 3.16M 4m44s
152500K .......... .......... .......... .......... .......... 76% 4.67M 4m43s
152550K .......... .......... .......... .......... .......... 76% 82.6K 4m43s
152600K .......... .......... .......... .......... .......... 76% 59.1K 4m43s
152650K .......... .......... .......... .......... .......... 76% 47.9K 4m44s
152700K .......... .......... .......... .......... .......... 76% 71.9K 4m44s
152750K .......... .......... .......... .......... .......... 76% 52.6K 4m44s
152800K .......... .......... .......... .......... .......... 76% 33.5K 4m44s
152850K .......... .......... .......... .......... .......... 76% 56.3K 4m44s
152900K .......... .......... .......... .......... .......... 76% 37.7K 4m45s
152950K .......... .......... .......... .......... .......... 76% 62.3K 4m45s
153000K .......... .......... .......... .......... .......... 76% 50.6K 4m45s
153050K .......... .......... .......... .......... .......... 76% 37.0K 4m45s
153100K .......... .......... .......... .......... .......... 76% 49.2K 4m46s
153150K .......... .......... .......... .......... .......... 76% 35.9K 4m46s
153200K .......... .......... .......... .......... .......... 76% 48.3K 4m46s
153250K .......... .......... .......... .......... .......... 76% 60.1K 4m46s
153300K .......... .......... .......... .......... .......... 76% 7.12K 4m51s
153350K .......... .......... .......... .......... .......... 76% 4.58M 4m50s
153400K .......... .......... .......... .......... .......... 76% 4.73M 4m50s
153450K .......... .......... .......... .......... .......... 76% 5.25M 4m49s
153500K .......... .......... .......... .......... .......... 76% 4.97M 4m49s
153550K .......... .......... .......... .......... .......... 76% 4.90M 4m48s
153600K .......... .......... .......... .......... .......... 76% 5.33M 4m48s
153650K .......... .......... .......... .......... .......... 76% 4.61M 4m47s
153700K .......... .......... .......... .......... .......... 76% 5.29M 4m47s
153750K .......... .......... .......... .......... .......... 76%  136K 4m46s
153800K .......... .......... .......... .......... .......... 76% 74.4K 4m46s
153850K .......... .......... .......... .......... .......... 76% 49.4K 4m46s
153900K .......... .......... .......... .......... .......... 76% 45.5K 4m47s
153950K .......... .......... .......... .......... .......... 76% 69.5K 4m47s
154000K .......... .......... .......... .......... .......... 76% 54.3K 4m47s
154050K .......... .......... .......... .......... .......... 76%  115K 4m46s
154100K .......... .......... .......... .......... .......... 77%  101K 4m46s
154150K .......... .......... .......... .......... .......... 77% 57.4K 4m46s
154200K .......... .......... .......... .......... .......... 77% 47.4K 4m46s
154250K .......... .......... .......... .......... .......... 77% 57.9K 4m47s
154300K .......... .......... .......... .......... .......... 77% 7.55K 4m50s
154350K .......... .......... .......... .......... .......... 77% 4.67M 4m50s
154400K .......... .......... .......... .......... .......... 77% 33.5K 4m50s
154450K .......... .......... .......... .......... .......... 77% 4.40M 4m50s
154500K .......... .......... .......... .......... .......... 77% 5.00M 4m49s
154550K .......... .......... .......... .......... .......... 77% 5.07M 4m49s
154600K .......... .......... .......... .......... .......... 77% 5.43M 4m48s
154650K .......... .......... .......... .......... .......... 77% 4.74M 4m48s
154700K .......... .......... .......... .......... .......... 77% 5.34M 4m47s
154750K .......... .......... .......... .......... .......... 77% 5.76M 4m47s
154800K .......... .......... .......... .......... .......... 77% 1.78M 4m46s
154850K .......... .......... .......... .......... .......... 77% 86.6K 4m46s
154900K .......... .......... .......... .......... .......... 77% 92.3K 4m46s
154950K .......... .......... .......... .......... .......... 77% 99.5K 4m46s
155000K .......... .......... .......... .......... .......... 77% 82.0K 4m46s
155050K .......... .......... .......... .......... .......... 77% 67.3K 4m45s
155100K .......... .......... .......... .......... .......... 77% 72.5K 4m45s
155150K .......... .......... .......... .......... .......... 77% 36.3K 4m46s
155200K .......... .......... .......... .......... .......... 77% 69.3K 4m46s
155250K .......... .......... .......... .......... .......... 77% 63.9K 4m46s
155300K .......... .......... .......... .......... .......... 77% 93.6K 4m46s
155350K .......... .......... .......... .......... .......... 77%  108K 4m45s
155400K .......... .......... .......... .......... .......... 77%  109K 4m45s
155450K .......... .......... .......... .......... .......... 77%  127K 4m45s
155500K .......... .......... .......... .......... .......... 77%  102K 4m45s
155550K .......... .......... .......... .......... .......... 77% 71.7K 4m44s
155600K .......... .......... .......... .......... .......... 77% 79.0K 4m44s
155650K .......... .......... .......... .......... .......... 77% 90.1K 4m44s
155700K .......... .......... .......... .......... .......... 77%  113K 4m44s
155750K .......... .......... .......... .......... .......... 77%  108K 4m44s
155800K .......... .......... .......... .......... .......... 77%  110K 4m43s
155850K .......... .......... .......... .......... .......... 77% 81.0K 4m43s
155900K .......... .......... .......... .......... .......... 77% 5.61K 4m48s
155950K .......... .......... .......... .......... .......... 77% 6.42K 4m53s
156000K .......... .......... .......... .......... .......... 77%  121K 4m52s
156050K .......... .......... .......... .......... .......... 77% 4.24M 4m52s
156100K .......... .......... .......... .......... .......... 78% 5.04M 4m51s
156150K .......... .......... .......... .......... .......... 78% 1.49M 4m51s
156200K .......... .......... .......... .......... .......... 78% 1.50M 4m50s
156250K .......... .......... .......... .......... .......... 78% 1.55M 4m50s
156300K .......... .......... .......... .......... .......... 78% 1.29M 4m49s
156350K .......... .......... .......... .......... .......... 78% 1.46M 4m49s
156400K .......... .......... .......... .......... .......... 78% 1.94M 4m48s
156450K .......... .......... .......... .......... .......... 78%  374K 4m48s
156500K .......... .......... .......... .......... .......... 78% 20.0K 4m49s
156550K .......... .......... .......... .......... .......... 78% 70.6K 4m49s
156600K .......... .......... .......... .......... .......... 78% 13.8K 4m50s
156650K .......... .......... .......... .......... .......... 78% 84.4K 4m50s
156700K .......... .......... .......... .......... .......... 78% 4.52M 4m50s
156750K .......... .......... .......... .......... .......... 78% 5.44M 4m49s
156800K .......... .......... .......... .......... .......... 78% 4.12M 4m49s
156850K .......... .......... .......... .......... .......... 78% 4.98M 4m48s
156900K .......... .......... .......... .......... .......... 78% 4.60M 4m48s
156950K .......... .......... .......... .......... .......... 78% 51.2K 4m48s
157000K .......... .......... .......... .......... .......... 78% 42.5K 4m48s
157050K .......... .......... .......... .......... .......... 78% 43.5K 4m48s
157100K .......... .......... .......... .......... .......... 78% 77.4K 4m48s
157150K .......... .......... .......... .......... .......... 78% 57.2K 4m48s
157200K .......... .......... .......... .......... .......... 78% 73.0K 4m48s
157250K .......... .......... .......... .......... .......... 78% 82.0K 4m47s
157300K .......... .......... .......... .......... .......... 78% 59.8K 4m47s
157350K .......... .......... .......... .......... .......... 78% 71.9K 4m47s
157400K .......... .......... .......... .......... .......... 78% 48.9K 4m47s
157450K .......... .......... .......... .......... .......... 78% 53.5K 4m47s
157500K .......... .......... .......... .......... .......... 78% 62.0K 4m47s
157550K .......... .......... .......... .......... .......... 78% 57.6K 4m47s
157600K .......... .......... .......... .......... .......... 78% 79.4K 4m47s
157650K .......... .......... .......... .......... .......... 78% 51.5K 4m47s
157700K .......... .......... .......... .......... .......... 78% 60.5K 4m47s
157750K .......... .......... .......... .......... .......... 78% 44.1K 4m47s
157800K .......... .......... .......... .......... .......... 78% 63.2K 4m47s
157850K .......... .......... .......... .......... .......... 78% 67.1K 4m47s
157900K .......... .......... .......... .......... .......... 78% 66.5K 4m47s
157950K .......... .......... .......... .......... .......... 78% 85.6K 4m47s
158000K .......... .......... .......... .......... .......... 78% 70.7K 4m47s
158050K .......... .......... .......... .......... .......... 78% 6.25K 4m51s
158100K .......... .......... .......... .......... .......... 79% 33.8K 4m51s
158150K .......... .......... .......... .......... .......... 79% 2.92M 4m50s
158200K .......... .......... .......... .......... .......... 79% 2.66M 4m50s
158250K .......... .......... .......... .......... .......... 79% 2.88M 4m49s
158300K .......... .......... .......... .......... .......... 79% 2.36M 4m49s
158350K .......... .......... .......... .......... .......... 79% 2.31M 4m48s
158400K .......... .......... .......... .......... .......... 79% 2.88M 4m48s
158450K .......... .......... .......... .......... .......... 79% 5.18M 4m47s
158500K .......... .......... .......... .......... .......... 79% 4.06M 4m47s
158550K .......... .......... .......... .......... .......... 79% 70.0K 4m47s
158600K .......... .......... .......... .......... .......... 79% 37.3K 4m47s
158650K .......... .......... .......... .......... .......... 79% 33.7K 4m47s
158700K .......... .......... .......... .......... .......... 79% 30.0K 4m48s
158750K .......... .......... .......... .......... .......... 79% 38.6K 4m48s
158800K .......... .......... .......... .......... .......... 79% 5.64K 4m52s
158850K .......... .......... .......... .......... .......... 79%  127K 4m52s
158900K .......... .......... .......... .......... .......... 79% 66.7K 4m52s
158950K .......... .......... .......... .......... .......... 79%  153K 4m51s
159000K .......... .......... .......... .......... .......... 79%  275K 4m51s
159050K .......... .......... .......... .......... .......... 79%  169K 4m50s
159100K .......... .......... .......... .......... .......... 79% 1.54M 4m50s
159150K .......... .......... .......... .......... .......... 79% 38.2K 4m50s
159200K .......... .......... .......... .......... .......... 79% 2.12M 4m50s
159250K .......... .......... .......... .......... .......... 79% 2.13M 4m49s
159300K .......... .......... .......... .......... .......... 79% 1.75M 4m48s
159350K .......... .......... .......... .......... .......... 79%  247K 4m48s
159400K .......... .......... .......... .......... .......... 79% 78.9K 4m48s
159450K .......... .......... .......... .......... .......... 79% 86.3K 4m48s
159500K .......... .......... .......... .......... .......... 79% 56.7K 4m48s
159550K .......... .......... .......... .......... .......... 79% 60.6K 4m47s
159600K .......... .......... .......... .......... .......... 79% 95.4K 4m47s
159650K .......... .......... .......... .......... .......... 79% 86.3K 4m47s
159700K .......... .......... .......... .......... .......... 79% 79.5K 4m47s
159750K .......... .......... .......... .......... .......... 79% 94.0K 4m46s
159800K .......... .......... .......... .......... .......... 79% 66.8K 4m46s
159850K .......... .......... .......... .......... .......... 79% 45.1K 4m46s
159900K .......... .......... .......... .......... .......... 79% 59.0K 4m46s
159950K .......... .......... .......... .......... .......... 79% 88.9K 4m46s
160000K .......... .......... .......... .......... .......... 79%  112K 4m46s
160050K .......... .......... .......... .......... .......... 79%  102K 4m45s
160100K .......... .......... .......... .......... .......... 80%  109K 4m45s
160150K .......... .......... .......... .......... .......... 80%  105K 4m45s
160200K .......... .......... .......... .......... .......... 80%  132K 4m45s
160250K .......... .......... .......... .......... .......... 80%  131K 4m44s
160300K .......... .......... .......... .......... .......... 80%  103K 4m44s
160350K .......... .......... .......... .......... .......... 80%  143K 4m44s
160400K .......... .......... .......... .......... .......... 80% 98.8K 4m43s
160450K .......... .......... .......... .......... .......... 80%  110K 4m43s
160500K .......... .......... .......... .......... .......... 80%  126K 4m43s
160550K .......... .......... .......... .......... .......... 80%  146K 4m42s
160600K .......... .......... .......... .......... .......... 80%  247K 4m42s
160650K .......... .......... .......... .......... .......... 80%  228K 4m41s
160700K .......... .......... .......... .......... .......... 80%  197K 4m41s
160750K .......... .......... .......... .......... .......... 80% 12.6K 4m42s
160800K .......... .......... .......... .......... .......... 80%  668K 4m42s
160850K .......... .......... .......... .......... .......... 80% 1.03M 4m41s
160900K .......... .......... .......... .......... .......... 80%  427K 4m41s
160950K .......... .......... .......... .......... .......... 80% 2.71M 4m40s
161000K .......... .......... .......... .......... .......... 80%  446K 4m40s
161050K .......... .......... .......... .......... .......... 80% 3.38M 4m39s
161100K .......... .......... .......... .......... .......... 80% 5.54M 4m39s
161150K .......... .......... .......... .......... .......... 80% 4.49M 4m38s
161200K .......... .......... .......... .......... .......... 80% 5.29M 4m38s
161250K .......... .......... .......... .......... .......... 80% 5.89M 4m37s
161300K .......... .......... .......... .......... .......... 80% 5.01M 4m37s
161350K .......... .......... .......... .......... .......... 80% 5.97M 4m36s
161400K .......... .......... .......... .......... .......... 80% 3.74M 4m36s
161450K .......... .......... .......... .......... .......... 80% 4.18M 4m35s
161500K .......... .......... .......... .......... .......... 80% 3.94M 4m35s
161550K .......... .......... .......... .......... .......... 80% 3.51M 4m34s
161600K .......... .......... .......... .......... .......... 80%  443K 4m34s
161650K .......... .......... .......... .......... .......... 80%  241K 4m33s
161700K .......... .......... .......... .......... .......... 80%  246K 4m33s
161750K .......... .......... .......... .......... .......... 80%  289K 4m32s
161800K .......... .......... .......... .......... .......... 80%  245K 4m32s
161850K .......... .......... .......... .......... .......... 80%  325K 4m31s
161900K .......... .......... .......... .......... .......... 80%  272K 4m31s
161950K .......... .......... .......... .......... .......... 80%  296K 4m31s
162000K .......... .......... .......... .......... .......... 80%  312K 4m30s
162050K .......... .......... .......... .......... .......... 80%  289K 4m30s
162100K .......... .......... .......... .......... .......... 81%  277K 4m29s
162150K .......... .......... .......... .......... .......... 81%  154K 4m29s
162200K .......... .......... .......... .......... .......... 81%  213K 4m28s
162250K .......... .......... .......... .......... .......... 81%  247K 4m28s
162300K .......... .......... .......... .......... .......... 81%  211K 4m28s
162350K .......... .......... .......... .......... .......... 81%  239K 4m27s
162400K .......... .......... .......... .......... .......... 81%  190K 4m27s
162450K .......... .......... .......... .......... .......... 81%  318K 4m26s
162500K .......... .......... .......... .......... .......... 81%  308K 4m26s
162550K .......... .......... .......... .......... .......... 81%  235K 4m25s
162600K .......... .......... .......... .......... .......... 81%  409K 4m25s
162650K .......... .......... .......... .......... .......... 81%  230K 4m25s
162700K .......... .......... .......... .......... .......... 81%  334K 4m24s
162750K .......... .......... .......... .......... .......... 81%  327K 4m24s
162800K .......... .......... .......... .......... .......... 81%  301K 4m23s
162850K .......... .......... .......... .......... .......... 81%  294K 4m23s
162900K .......... .......... .......... .......... .......... 81%  294K 4m22s
162950K .......... .......... .......... .......... .......... 81%  342K 4m22s
163000K .......... .......... .......... .......... .......... 81%  199K 4m21s
163050K .......... .......... .......... .......... .......... 81% 14.6K 4m23s
163100K .......... .......... .......... .......... .......... 81%  652K 4m22s
163150K .......... .......... .......... .......... .......... 81%  387K 4m22s
163200K .......... .......... .......... .......... .......... 81%  284K 4m21s
163250K .......... .......... .......... .......... .......... 81% 1.42M 4m21s
163300K .......... .......... .......... .......... .......... 81% 3.96M 4m20s
163350K .......... .......... .......... .......... .......... 81% 3.32M 4m20s
163400K .......... .......... .......... .......... .......... 81% 3.84M 4m19s
163450K .......... .......... .......... .......... .......... 81% 5.89M 4m19s
163500K .......... .......... .......... .......... .......... 81% 5.07M 4m18s
163550K .......... .......... .......... .......... .......... 81% 4.70M 4m18s
163600K .......... .......... .......... .......... .......... 81% 3.64M 4m17s
163650K .......... .......... .......... .......... .......... 81% 3.10M 4m17s
163700K .......... .......... .......... .......... .......... 81% 3.41M 4m16s
163750K .......... .......... .......... .......... .......... 81% 3.59M 4m16s
163800K .......... .......... .......... .......... .......... 81% 2.87M 4m15s
163850K .......... .......... .......... .......... .......... 81% 3.33M 4m15s
163900K .......... .......... .......... .......... .......... 81% 1.87M 4m14s
163950K .......... .......... .......... .......... .......... 81%  490K 4m14s
164000K .......... .......... .......... .......... .......... 81%  234K 4m13s
164050K .......... .......... .......... .......... .......... 81%  114K 4m13s
164100K .......... .......... .......... .......... .......... 82%  134K 4m13s
164150K .......... .......... .......... .......... .......... 82%  131K 4m12s
164200K .......... .......... .......... .......... .......... 82%  153K 4m12s
164250K .......... .......... .......... .......... .......... 82%  178K 4m11s
164300K .......... .......... .......... .......... .......... 82%  151K 4m11s
164350K .......... .......... .......... .......... .......... 82%  110K 4m11s
164400K .......... .......... .......... .......... .......... 82% 96.8K 4m11s
164450K .......... .......... .......... .......... .......... 82% 12.3K 4m12s
164500K .......... .......... .......... .......... .......... 82% 4.91M 4m11s
164550K .......... .......... .......... .......... .......... 82% 4.83M 4m11s
164600K .......... .......... .......... .......... .......... 82% 5.33M 4m10s
164650K .......... .......... .......... .......... .......... 82% 4.45M 4m10s
164700K .......... .......... .......... .......... .......... 82% 5.46M 4m9s
164750K .......... .......... .......... .......... .......... 82% 5.22M 4m9s
164800K .......... .......... .......... .......... .......... 82% 4.85M 4m8s
164850K .......... .......... .......... .......... .......... 82% 5.15M 4m8s
164900K .......... .......... .......... .......... .......... 82% 4.73M 4m7s
164950K .......... .......... .......... .......... .......... 82% 5.83M 4m7s
165000K .......... .......... .......... .......... .......... 82% 5.05M 4m6s
165050K .......... .......... .......... .......... .......... 82% 5.25M 4m6s
165100K .......... .......... .......... .......... .......... 82%  191K 4m5s
165150K .......... .......... .......... .......... .......... 82%  160K 4m5s
165200K .......... .......... .......... .......... .......... 82%  225K 4m5s
165250K .......... .......... .......... .......... .......... 82%  164K 4m4s
165300K .......... .......... .......... .......... .......... 82%  124K 4m4s
165350K .......... .......... .......... .......... .......... 82% 74.8K 4m4s
165400K .......... .......... .......... .......... .......... 82%  114K 4m3s
165450K .......... .......... .......... .......... .......... 82%  166K 4m3s
165500K .......... .......... .......... .......... .......... 82%  112K 4m3s
165550K .......... .......... .......... .......... .......... 82%  107K 4m2s
165600K .......... .......... .......... .......... .......... 82%  160K 4m2s
165650K .......... .......... .......... .......... .......... 82% 74.8K 4m2s
165700K .......... .......... .......... .......... .......... 82%  103K 4m2s
165750K .......... .......... .......... .......... .......... 82% 65.5K 4m1s
165800K .......... .......... .......... .......... .......... 82% 78.1K 4m1s
165850K .......... .......... .......... .......... .......... 82% 83.9K 4m1s
165900K .......... .......... .......... .......... .......... 82% 92.9K 4m1s
165950K .......... .......... .......... .......... .......... 82%  113K 4m0s
166000K .......... .......... .......... .......... .......... 82%  129K 4m0s
166050K .......... .......... .......... .......... .......... 82% 92.7K 4m0s
166100K .......... .......... .......... .......... .......... 83% 87.3K 3m59s
166150K .......... .......... .......... .......... .......... 83% 60.3K 3m59s
166200K .......... .......... .......... .......... .......... 83% 96.0K 3m59s
166250K .......... .......... .......... .......... .......... 83% 93.4K 3m59s
166300K .......... .......... .......... .......... .......... 83%  126K 3m58s
166350K .......... .......... .......... .......... .......... 83%  120K 3m58s
166400K .......... .......... .......... .......... .......... 83% 9.32K 4m0s
166450K .......... .......... .......... .......... .......... 83%  488K 3m59s
166500K .......... .......... .......... .......... .......... 83%  291K 3m59s
166550K .......... .......... .......... .......... .......... 83%  111K 3m59s
166600K .......... .......... .......... .......... .......... 83% 1.61M 3m58s
166650K .......... .......... .......... .......... .......... 83% 1.03M 3m58s
166700K .......... .......... .......... .......... .......... 83% 4.24M 3m57s
166750K .......... .......... .......... .......... .......... 83% 4.53M 3m57s
166800K .......... .......... .......... .......... .......... 83% 4.45M 3m56s
166850K .......... .......... .......... .......... .......... 83% 4.52M 3m56s
166900K .......... .......... .......... .......... .......... 83% 3.98M 3m55s
166950K .......... .......... .......... .......... .......... 83% 5.17M 3m55s
167000K .......... .......... .......... .......... .......... 83% 3.80M 3m54s
167050K .......... .......... .......... .......... .......... 83% 3.20M 3m54s
167100K .......... .......... .......... .......... .......... 83%  248K 3m53s
167150K .......... .......... .......... .......... .......... 83% 91.1K 3m53s
167200K .......... .......... .......... .......... .......... 83%  105K 3m53s
167250K .......... .......... .......... .......... .......... 83%  116K 3m52s
167300K .......... .......... .......... .......... .......... 83%  162K 3m52s
167350K .......... .......... .......... .......... .......... 83%  202K 3m52s
167400K .......... .......... .......... .......... .......... 83% 92.5K 3m51s
167450K .......... .......... .......... .......... .......... 83%  161K 3m51s
167500K .......... .......... .......... .......... .......... 83%  109K 3m51s
167550K .......... .......... .......... .......... .......... 83%  143K 3m50s
167600K .......... .......... .......... .......... .......... 83%  170K 3m50s
167650K .......... .......... .......... .......... .......... 83%  105K 3m50s
167700K .......... .......... .......... .......... .......... 83%  145K 3m49s
167750K .......... .......... .......... .......... .......... 83% 84.5K 3m49s
167800K .......... .......... .......... .......... .......... 83%  127K 3m49s
167850K .......... .......... .......... .......... .......... 83%  140K 3m48s
167900K .......... .......... .......... .......... .......... 83%  104K 3m48s
167950K .......... .......... .......... .......... .......... 83%  133K 3m48s
168000K .......... .......... .......... .......... .......... 83% 72.9K 3m47s
168050K .......... .......... .......... .......... .......... 83%  111K 3m47s
168100K .......... .......... .......... .......... .......... 84%  117K 3m47s
168150K .......... .......... .......... .......... .......... 84%  156K 3m46s
168200K .......... .......... .......... .......... .......... 84%  143K 3m46s
168250K .......... .......... .......... .......... .......... 84%  127K 3m46s
168300K .......... .......... .......... .......... .......... 84%  120K 3m45s
168350K .......... .......... .......... .......... .......... 84%  124K 3m45s
168400K .......... .......... .......... .......... .......... 84%  121K 3m45s
168450K .......... .......... .......... .......... .......... 84%  228K 3m44s
168500K .......... .......... .......... .......... .......... 84%  155K 3m44s
168550K .......... .......... .......... .......... .......... 84%  204K 3m44s
168600K .......... .......... .......... .......... .......... 84%  143K 3m43s
168650K .......... .......... .......... .......... .......... 84%  189K 3m43s
168700K .......... .......... .......... .......... .......... 84%  180K 3m42s
168750K .......... .......... .......... .......... .......... 84%  149K 3m42s
168800K .......... .......... .......... .......... .......... 84%  252K 3m42s
168850K .......... .......... .......... .......... .......... 84%  214K 3m41s
168900K .......... .......... .......... .......... .......... 84%  145K 3m41s
168950K .......... .......... .......... .......... .......... 84%  171K 3m40s
169000K .......... .......... .......... .......... .......... 84% 9.03K 3m42s
169050K .......... .......... .......... .......... .......... 84% 3.26M 3m42s
169100K .......... .......... .......... .......... .......... 84%  226K 3m41s
169150K .......... .......... .......... .......... .......... 84%  208K 3m41s
169200K .......... .......... .......... .......... .......... 84% 5.05M 3m40s
169250K .......... .......... .......... .......... .......... 84% 4.36M 3m40s
169300K .......... .......... .......... .......... .......... 84% 5.00M 3m39s
169350K .......... .......... .......... .......... .......... 84% 5.17M 3m39s
169400K .......... .......... .......... .......... .......... 84% 4.68M 3m38s
169450K .......... .......... .......... .......... .......... 84% 5.01M 3m38s
169500K .......... .......... .......... .......... .......... 84% 4.29M 3m37s
169550K .......... .......... .......... .......... .......... 84% 5.56M 3m37s
169600K .......... .......... .......... .......... .......... 84% 4.65M 3m36s
169650K .......... .......... .......... .......... .......... 84% 4.23M 3m36s
169700K .......... .......... .......... .......... .......... 84% 3.92M 3m35s
169750K .......... .......... .......... .......... .......... 84% 2.98M 3m35s
169800K .......... .......... .......... .......... .......... 84%  424K 3m35s
169850K .......... .......... .......... .......... .......... 84%  277K 3m34s
169900K .......... .......... .......... .......... .......... 84%  189K 3m34s
169950K .......... .......... .......... .......... .......... 84%  234K 3m33s
170000K .......... .......... .......... .......... .......... 84%  206K 3m33s
170050K .......... .......... .......... .......... .......... 84%  235K 3m33s
170100K .......... .......... .......... .......... .......... 85%  216K 3m32s
170150K .......... .......... .......... .......... .......... 85%  184K 3m32s
170200K .......... .......... .......... .......... .......... 85%  190K 3m31s
170250K .......... .......... .......... .......... .......... 85%  157K 3m31s
170300K .......... .......... .......... .......... .......... 85%  150K 3m31s
170350K .......... .......... .......... .......... .......... 85%  145K 3m30s
170400K .......... .......... .......... .......... .......... 85%  163K 3m30s
170450K .......... .......... .......... .......... .......... 85%  194K 3m30s
170500K .......... .......... .......... .......... .......... 85%  125K 3m29s
170550K .......... .......... .......... .......... .......... 85%  246K 3m29s
170600K .......... .......... .......... .......... .......... 85%  266K 3m28s
170650K .......... .......... .......... .......... .......... 85%  207K 3m28s
170700K .......... .......... .......... .......... .......... 85%  261K 3m28s
170750K .......... .......... .......... .......... .......... 85%  257K 3m27s
170800K .......... .......... .......... .......... .......... 85%  333K 3m27s
170850K .......... .......... .......... .......... .......... 85%  388K 3m26s
170900K .......... .......... .......... .......... .......... 85%  285K 3m26s
170950K .......... .......... .......... .......... .......... 85%  394K 3m25s
171000K .......... .......... .......... .......... .......... 85%  292K 3m25s
171050K .......... .......... .......... .......... .......... 85%  468K 3m25s
171100K .......... .......... .......... .......... .......... 85%  465K 3m24s
171150K .......... .......... .......... .......... .......... 85%  260K 3m24s
171200K .......... .......... .......... .......... .......... 85%  742K 3m23s
171250K .......... .......... .......... .......... .......... 85%  348K 3m23s
171300K .......... .......... .......... .......... .......... 85%  502K 3m22s
171350K .......... .......... .......... .......... .......... 85%  237K 3m22s
171400K .......... .......... .......... .......... .......... 85%  207K 3m22s
171450K .......... .......... .......... .......... .......... 85%  165K 3m21s
171500K .......... .......... .......... .......... .......... 85%  133K 3m21s
171550K .......... .......... .......... .......... .......... 85% 6.75K 3m23s
171600K .......... .......... .......... .......... .......... 85%  182K 3m23s
171650K .......... .......... .......... .......... .......... 85% 4.44M 3m22s
171700K .......... .......... .......... .......... .......... 85% 4.81M 3m22s
171750K .......... .......... .......... .......... .......... 85% 79.4K 3m21s
171800K .......... .......... .......... .......... .......... 85%  192K 3m21s
171850K .......... .......... .......... .......... .......... 85% 2.14M 3m21s
171900K .......... .......... .......... .......... .......... 85%  138K 3m20s
171950K .......... .......... .......... .......... .......... 85%  181K 3m20s
172000K .......... .......... .......... .......... .......... 85% 3.70M 3m19s
172050K .......... .......... .......... .......... .......... 85% 5.05M 3m19s
172100K .......... .......... .......... .......... .......... 86% 4.33M 3m18s
172150K .......... .......... .......... .......... .......... 86% 4.12M 3m18s
172200K .......... .......... .......... .......... .......... 86% 4.97M 3m17s
172250K .......... .......... .......... .......... .......... 86% 4.08M 3m17s
172300K .......... .......... .......... .......... .......... 86% 4.72M 3m17s
172350K .......... .......... .......... .......... .......... 86% 4.48M 3m16s
172400K .......... .......... .......... .......... .......... 86% 4.26M 3m16s
172450K .......... .......... .......... .......... .......... 86%  180K 3m15s
172500K .......... .......... .......... .......... .......... 86% 97.0K 3m15s
172550K .......... .......... .......... .......... .......... 86% 71.1K 3m15s
172600K .......... .......... .......... .......... .......... 86% 87.7K 3m14s
172650K .......... .......... .......... .......... .......... 86%  106K 3m14s
172700K .......... .......... .......... .......... .......... 86%  172K 3m14s
172750K .......... .......... .......... .......... .......... 86%  155K 3m13s
172800K .......... .......... .......... .......... .......... 86%  102K 3m13s
172850K .......... .......... .......... .......... .......... 86%  103K 3m13s
172900K .......... .......... .......... .......... .......... 86% 81.3K 3m12s
172950K .......... .......... .......... .......... .......... 86% 88.8K 3m12s
173000K .......... .......... .......... .......... .......... 86%  133K 3m12s
173050K .......... .......... .......... .......... .......... 86% 67.9K 3m12s
173100K .......... .......... .......... .......... .......... 86% 76.5K 3m11s
173150K .......... .......... .......... .......... .......... 86%  138K 3m11s
173200K .......... .......... .......... .......... .......... 86%  172K 3m11s
173250K .......... .......... .......... .......... .......... 86%  161K 3m10s
173300K .......... .......... .......... .......... .......... 86%  240K 3m10s
173350K .......... .......... .......... .......... .......... 86%  322K 3m9s
173400K .......... .......... .......... .......... .......... 86%  245K 3m9s
173450K .......... .......... .......... .......... .......... 86%  274K 3m9s
173500K .......... .......... .......... .......... .......... 86%  238K 3m8s
173550K .......... .......... .......... .......... .......... 86%  241K 3m8s
173600K .......... .......... .......... .......... .......... 86%  299K 3m7s
173650K .......... .......... .......... .......... .......... 86%  345K 3m7s
173700K .......... .......... .......... .......... .......... 86%  489K 3m7s
173750K .......... .......... .......... .......... .......... 86%  445K 3m6s
173800K .......... .......... .......... .......... .......... 86%  366K 3m6s
173850K .......... .......... .......... .......... .......... 86%  464K 3m5s
173900K .......... .......... .......... .......... .......... 86%  359K 3m5s
173950K .......... .......... .......... .......... .......... 86%  414K 3m4s
174000K .......... .......... .......... .......... .......... 86%  340K 3m4s
174050K .......... .......... .......... .......... .......... 86%  272K 3m4s
174100K .......... .......... .......... .......... .......... 87%  294K 3m3s
174150K .......... .......... .......... .......... .......... 87%  403K 3m3s
174200K .......... .......... .......... .......... .......... 87%  388K 3m2s
174250K .......... .......... .......... .......... .......... 87%  300K 3m2s
174300K .......... .......... .......... .......... .......... 87%  350K 3m2s
174350K .......... .......... .......... .......... .......... 87%  384K 3m1s
174400K .......... .......... .......... .......... .......... 87%  176K 3m1s
174450K .......... .......... .......... .......... .......... 87%  216K 3m0s
174500K .......... .......... .......... .......... .......... 87%  251K 3m0s
174550K .......... .......... .......... .......... .......... 87%  536K 3m0s
174600K .......... .......... .......... .......... .......... 87%  480K 2m59s
174650K .......... .......... .......... .......... .......... 87%  258K 2m59s
174700K .......... .......... .......... .......... .......... 87%  234K 2m58s
174750K .......... .......... .......... .......... .......... 87% 20.8K 2m59s
174800K .......... .......... .......... .......... .......... 87% 1.06M 2m58s
174850K .......... .......... .......... .......... .......... 87% 4.61M 2m58s
174900K .......... .......... .......... .......... .......... 87% 4.45M 2m57s
174950K .......... .......... .......... .......... .......... 87% 4.80M 2m57s
175000K .......... .......... .......... .......... .......... 87% 4.35M 2m56s
175050K .......... .......... .......... .......... .......... 87% 4.97M 2m56s
175100K .......... .......... .......... .......... .......... 87% 2.96M 2m55s
175150K .......... .......... .......... .......... .......... 87% 2.43M 2m55s
175200K .......... .......... .......... .......... .......... 87% 2.85M 2m55s
175250K .......... .......... .......... .......... .......... 87% 2.45M 2m54s
175300K .......... .......... .......... .......... .......... 87% 2.79M 2m54s
175350K .......... .......... .......... .......... .......... 87% 2.82M 2m53s
175400K .......... .......... .......... .......... .......... 87% 2.40M 2m53s
175450K .......... .......... .......... .......... .......... 87% 2.83M 2m52s
175500K .......... .......... .......... .......... .......... 87% 2.47M 2m52s
175550K .......... .......... .......... .......... .......... 87% 5.16M 2m51s
175600K .......... .......... .......... .......... .......... 87% 5.10M 2m51s
175650K .......... .......... .......... .......... .......... 87%  487K 2m51s
175700K .......... .......... .......... .......... .......... 87%  355K 2m50s
175750K .......... .......... .......... .......... .......... 87%  345K 2m50s
175800K .......... .......... .......... .......... .......... 87%  249K 2m49s
175850K .......... .......... .......... .......... .......... 87%  386K 2m49s
175900K .......... .......... .......... .......... .......... 87%  260K 2m49s
175950K .......... .......... .......... .......... .......... 87%  581K 2m48s
176000K .......... .......... .......... .......... .......... 87%  343K 2m48s
176050K .......... .......... .......... .......... .......... 87% 94.7K 2m48s
176100K .......... .......... .......... .......... .......... 88%  152K 2m47s
176150K .......... .......... .......... .......... .......... 88% 89.0K 2m47s
176200K .......... .......... .......... .......... .......... 88%  179K 2m47s
176250K .......... .......... .......... .......... .......... 88%  234K 2m46s
176300K .......... .......... .......... .......... .......... 88%  374K 2m46s
176350K .......... .......... .......... .......... .......... 88%  432K 2m45s
176400K .......... .......... .......... .......... .......... 88%  351K 2m45s
176450K .......... .......... .......... .......... .......... 88%  354K 2m45s
176500K .......... .......... .......... .......... .......... 88%  349K 2m44s
176550K .......... .......... .......... .......... .......... 88%  398K 2m44s
176600K .......... .......... .......... .......... .......... 88%  463K 2m43s
176650K .......... .......... .......... .......... .......... 88%  216K 2m43s
176700K .......... .......... .......... .......... .......... 88%  527K 2m43s
176750K .......... .......... .......... .......... .......... 88%  341K 2m42s
176800K .......... .......... .......... .......... .......... 88%  314K 2m42s
176850K .......... .......... .......... .......... .......... 88%  274K 2m41s
176900K .......... .......... .......... .......... .......... 88%  193K 2m41s
176950K .......... .......... .......... .......... .......... 88%  231K 2m41s
177000K .......... .......... .......... .......... .......... 88%  168K 2m40s
177050K .......... .......... .......... .......... .......... 88%  228K 2m40s
177100K .......... .......... .......... .......... .......... 88% 9.10K 2m41s
177150K .......... .......... .......... .......... .......... 88% 1.59M 2m40s
177200K .......... .......... .......... .......... .......... 88% 2.06M 2m40s
177250K .......... .......... .......... .......... .......... 88% 76.3K 2m40s
177300K .......... .......... .......... .......... .......... 88% 4.23M 2m39s
177350K .......... .......... .......... .......... .......... 88%  409K 2m39s
177400K .......... .......... .......... .......... .......... 88% 4.25M 2m38s
177450K .......... .......... .......... .......... .......... 88% 5.12M 2m38s
177500K .......... .......... .......... .......... .......... 88% 4.25M 2m37s
177550K .......... .......... .......... .......... .......... 88% 5.93M 2m37s
177600K .......... .......... .......... .......... .......... 88% 4.85M 2m37s
177650K .......... .......... .......... .......... .......... 88% 4.14M 2m36s
177700K .......... .......... .......... .......... .......... 88% 5.11M 2m36s
177750K .......... .......... .......... .......... .......... 88% 4.20M 2m35s
177800K .......... .......... .......... .......... .......... 88% 5.25M 2m35s
177850K .......... .......... .......... .......... .......... 88% 4.75M 2m34s
177900K .......... .......... .......... .......... .......... 88%  457K 2m34s
177950K .......... .......... .......... .......... .......... 88%  310K 2m34s
178000K .......... .......... .......... .......... .......... 88% 97.7K 2m33s
178050K .......... .......... .......... .......... .......... 88%  156K 2m33s
178100K .......... .......... .......... .......... .......... 89%  243K 2m33s
178150K .......... .......... .......... .......... .......... 89%  262K 2m32s
178200K .......... .......... .......... .......... .......... 89%  260K 2m32s
178250K .......... .......... .......... .......... .......... 89%  159K 2m32s
178300K .......... .......... .......... .......... .......... 89% 99.3K 2m31s
178350K .......... .......... .......... .......... .......... 89%  301K 2m31s
178400K .......... .......... .......... .......... .......... 89%  135K 2m30s
178450K .......... .......... .......... .......... .......... 89%  103K 2m30s
178500K .......... .......... .......... .......... .......... 89%  118K 2m30s
178550K .......... .......... .......... .......... .......... 89% 39.2K 2m30s
178600K .......... .......... .......... .......... .......... 89% 92.0K 2m29s
178650K .......... .......... .......... .......... .......... 89% 68.1K 2m29s
178700K .......... .......... .......... .......... .......... 89%  105K 2m29s
178750K .......... .......... .......... .......... .......... 89%  139K 2m28s
178800K .......... .......... .......... .......... .......... 89%  221K 2m28s
178850K .......... .......... .......... .......... .......... 89%  211K 2m28s
178900K .......... .......... .......... .......... .......... 89%  329K 2m27s
178950K .......... .......... .......... .......... .......... 89%  540K 2m27s
179000K .......... .......... .......... .......... .......... 89%  383K 2m27s
179050K .......... .......... .......... .......... .......... 89%  484K 2m26s
179100K .......... .......... .......... .......... .......... 89%  519K 2m26s
179150K .......... .......... .......... .......... .......... 89%  374K 2m25s
179200K .......... .......... .......... .......... .......... 89%  468K 2m25s
179250K .......... .......... .......... .......... .......... 89%  420K 2m25s
179300K .......... .......... .......... .......... .......... 89%  366K 2m24s
179350K .......... .......... .......... .......... .......... 89%  456K 2m24s
179400K .......... .......... .......... .......... .......... 89%  388K 2m23s
179450K .......... .......... .......... .......... .......... 89%  368K 2m23s
179500K .......... .......... .......... .......... .......... 89%  344K 2m23s
179550K .......... .......... .......... .......... .......... 89%  400K 2m22s
179600K .......... .......... .......... .......... .......... 89%  384K 2m22s
179650K .......... .......... .......... .......... .......... 89%  398K 2m21s
179700K .......... .......... .......... .......... .......... 89%  560K 2m21s
179750K .......... .......... .......... .......... .......... 89%  343K 2m21s
179800K .......... .......... .......... .......... .......... 89%  485K 2m20s
179850K .......... .......... .......... .......... .......... 89%  476K 2m20s
179900K .......... .......... .......... .......... .......... 89%  394K 2m19s
179950K .......... .......... .......... .......... .......... 89%  550K 2m19s
180000K .......... .......... .......... .......... .......... 89%  328K 2m19s
180050K .......... .......... .......... .......... .......... 89%  483K 2m18s
180100K .......... .......... .......... .......... .......... 90%  407K 2m18s
180150K .......... .......... .......... .......... .......... 90%  348K 2m17s
180200K .......... .......... .......... .......... .......... 90%  461K 2m17s
180250K .......... .......... .......... .......... .......... 90%  348K 2m17s
180300K .......... .......... .......... .......... .......... 90%  307K 2m16s
180350K .......... .......... .......... .......... .......... 90%  405K 2m16s
180400K .......... .......... .......... .......... .......... 90%  480K 2m16s
180450K .......... .......... .......... .......... .......... 90%  456K 2m15s
180500K .......... .......... .......... .......... .......... 90%  336K 2m15s
180550K .......... .......... .......... .......... .......... 90%  611K 2m14s
180600K .......... .......... .......... .......... .......... 90%  356K 2m14s
180650K .......... .......... .......... .......... .......... 90%  302K 2m14s
180700K .......... .......... .......... .......... .......... 90%  518K 2m13s
180750K .......... .......... .......... .......... .......... 90%  266K 2m13s
180800K .......... .......... .......... .......... .......... 90%  341K 2m12s
180850K .......... .......... .......... .......... .......... 90%  398K 2m12s
180900K .......... .......... .......... .......... .......... 90%  373K 2m12s
180950K .......... .......... .......... .......... .......... 90%  360K 2m11s
181000K .......... .......... .......... .......... .......... 90%  218K 2m11s
181050K .......... .......... .......... .......... .......... 90%  104K 2m11s
181100K .......... .......... .......... .......... .......... 90%  250K 2m10s
181150K .......... .......... .......... .......... .......... 90% 20.6K 2m10s
181200K .......... .......... .......... .......... .......... 90%  221K 2m10s
181250K .......... .......... .......... .......... .......... 90%  278K 2m10s
181300K .......... .......... .......... .......... .......... 90% 2.66M 2m9s
181350K .......... .......... .......... .......... .......... 90% 1.76M 2m9s
181400K .......... .......... .......... .......... .......... 90% 1.47M 2m8s
181450K .......... .......... .......... .......... .......... 90% 1.62M 2m8s
181500K .......... .......... .......... .......... .......... 90% 1.40M 2m8s
181550K .......... .......... .......... .......... .......... 90% 1.73M 2m7s
181600K .......... .......... .......... .......... .......... 90% 1.62M 2m7s
181650K .......... .......... .......... .......... .......... 90% 1.16M 2m6s
181700K .......... .......... .......... .......... .......... 90% 2.64M 2m6s
181750K .......... .......... .......... .......... .......... 90% 2.96M 2m5s
181800K .......... .......... .......... .......... .......... 90% 3.39M 2m5s
181850K .......... .......... .......... .......... .......... 90% 3.58M 2m5s
181900K .......... .......... .......... .......... .......... 90%  268K 2m4s
181950K .......... .......... .......... .......... .......... 90%  220K 2m4s
182000K .......... .......... .......... .......... .......... 90%  126K 2m4s
182050K .......... .......... .......... .......... .......... 90%  129K 2m3s
182100K .......... .......... .......... .......... .......... 91%  185K 2m3s
182150K .......... .......... .......... .......... .......... 91%  100K 2m3s
182200K .......... .......... .......... .......... .......... 91%  153K 2m2s
182250K .......... .......... .......... .......... .......... 91%  112K 2m2s
182300K .......... .......... .......... .......... .......... 91%  214K 2m2s
182350K .......... .......... .......... .......... .......... 91%  105K 2m1s
182400K .......... .......... .......... .......... .......... 91%  121K 2m1s
182450K .......... .......... .......... .......... .......... 91%  177K 2m1s
182500K .......... .......... .......... .......... .......... 91%  161K 2m0s
182550K .......... .......... .......... .......... .......... 91%  192K 2m0s
182600K .......... .......... .......... .......... .......... 91%  156K 2m0s
182650K .......... .......... .......... .......... .......... 91%  172K 1m59s
182700K .......... .......... .......... .......... .......... 91%  237K 1m59s
182750K .......... .......... .......... .......... .......... 91%  179K 1m58s
182800K .......... .......... .......... .......... .......... 91%  484K 1m58s
182850K .......... .......... .......... .......... .......... 91%  191K 1m58s
182900K .......... .......... .......... .......... .......... 91%  180K 1m57s
182950K .......... .......... .......... .......... .......... 91%  191K 1m57s
183000K .......... .......... .......... .......... .......... 91%  186K 1m57s
183050K .......... .......... .......... .......... .......... 91% 16.1K 1m57s
183100K .......... .......... .......... .......... .......... 91% 2.65M 1m56s
183150K .......... .......... .......... .......... .......... 91% 2.71M 1m56s
183200K .......... .......... .......... .......... .......... 91% 3.41M 1m56s
183250K .......... .......... .......... .......... .......... 91% 2.99M 1m55s
183300K .......... .......... .......... .......... .......... 91% 3.38M 1m55s
183350K .......... .......... .......... .......... .......... 91% 3.43M 1m54s
183400K .......... .......... .......... .......... .......... 91% 3.04M 1m54s
183450K .......... .......... .......... .......... .......... 91% 3.12M 1m54s
183500K .......... .......... .......... .......... .......... 91% 2.70M 1m53s
183550K .......... .......... .......... .......... .......... 91% 3.41M 1m53s
183600K .......... .......... .......... .......... .......... 91% 5.25M 1m52s
183650K .......... .......... .......... .......... .......... 91% 4.00M 1m52s
183700K .......... .......... .......... .......... .......... 91% 4.35M 1m52s
183750K .......... .......... .......... .......... .......... 91% 4.74M 1m51s
183800K .......... .......... .......... .......... .......... 91%  900K 1m51s
183850K .......... .......... .......... .......... .......... 91%  280K 1m50s
183900K .......... .......... .......... .......... .......... 91%  282K 1m50s
183950K .......... .......... .......... .......... .......... 91%  285K 1m50s
184000K .......... .......... .......... .......... .......... 91%  290K 1m49s
184050K .......... .......... .......... .......... .......... 91%  267K 1m49s
184100K .......... .......... .......... .......... .......... 92%  310K 1m49s
184150K .......... .......... .......... .......... .......... 92%  283K 1m48s
184200K .......... .......... .......... .......... .......... 92%  502K 1m48s
184250K .......... .......... .......... .......... .......... 92%  342K 1m48s
184300K .......... .......... .......... .......... .......... 92%  268K 1m47s
184350K .......... .......... .......... .......... .......... 92%  362K 1m47s
184400K .......... .......... .......... .......... .......... 92%  320K 1m46s
184450K .......... .......... .......... .......... .......... 92%  367K 1m46s
184500K .......... .......... .......... .......... .......... 92%  295K 1m46s
184550K .......... .......... .......... .......... .......... 92%  200K 1m45s
184600K .......... .......... .......... .......... .......... 92%  240K 1m45s
184650K .......... .......... .......... .......... .......... 92%  242K 1m45s
184700K .......... .......... .......... .......... .......... 92%  304K 1m44s
184750K .......... .......... .......... .......... .......... 92%  251K 1m44s
184800K .......... .......... .......... .......... .......... 92%  168K 1m44s
184850K .......... .......... .......... .......... .......... 92%  202K 1m43s
184900K .......... .......... .......... .......... .......... 92%  210K 1m43s
184950K .......... .......... .......... .......... .......... 92%  266K 1m42s
185000K .......... .......... .......... .......... .......... 92%  214K 1m42s
185050K .......... .......... .......... .......... .......... 92%  245K 1m42s
185100K .......... .......... .......... .......... .......... 92%  217K 1m41s
185150K .......... .......... .......... .......... .......... 92%  131K 1m41s
185200K .......... .......... .......... .......... .......... 92%  255K 1m41s
185250K .......... .......... .......... .......... .......... 92%  169K 1m40s
185300K .......... .......... .......... .......... .......... 92%  205K 1m40s
185350K .......... .......... .......... .......... .......... 92%  154K 1m40s
185400K .......... .......... .......... .......... .......... 92%  164K 99s
185450K .......... .......... .......... .......... .......... 92%  198K 99s
185500K .......... .......... .......... .......... .......... 92%  168K 99s
185550K .......... .......... .......... .......... .......... 92%  209K 98s
185600K .......... .......... .......... .......... .......... 92%  478K 98s
185650K .......... .......... .......... .......... .......... 92%  221K 98s
185700K .......... .......... .......... .......... .......... 92%  270K 97s
185750K .......... .......... .......... .......... .......... 92%  115K 97s
185800K .......... .......... .......... .......... .......... 92%  255K 97s
185850K .......... .......... .......... .......... .......... 92%  204K 96s
185900K .......... .......... .......... .......... .......... 92%  150K 96s
185950K .......... .......... .......... .......... .......... 92%  102K 96s
186000K .......... .......... .......... .......... .......... 92%  137K 95s
186050K .......... .......... .......... .......... .......... 92%  156K 95s
186100K .......... .......... .......... .......... .......... 93% 93.9K 95s
186150K .......... .......... .......... .......... .......... 93% 73.5K 94s
186200K .......... .......... .......... .......... .......... 93%  123K 94s
186250K .......... .......... .......... .......... .......... 93% 95.5K 94s
186300K .......... .......... .......... .......... .......... 93% 11.6K 94s
186350K .......... .......... .......... .......... .......... 93%  306K 93s
186400K .......... .......... .......... .......... .......... 93% 3.92M 93s
186450K .......... .......... .......... .......... .......... 93% 5.04M 93s
186500K .......... .......... .......... .......... .......... 93% 3.75M 92s
186550K .......... .......... .......... .......... .......... 93% 5.11M 92s
186600K .......... .......... .......... .......... .......... 93% 5.37M 92s
186650K .......... .......... .......... .......... .......... 93% 4.09M 91s
186700K .......... .......... .......... .......... .......... 93% 5.32M 91s
186750K .......... .......... .......... .......... .......... 93% 4.15M 90s
186800K .......... .......... .......... .......... .......... 93% 5.28M 90s
186850K .......... .......... .......... .......... .......... 93% 4.58M 90s
186900K .......... .......... .......... .......... .......... 93% 4.55M 89s
186950K .......... .......... .......... .......... .......... 93% 5.06M 89s
187000K .......... .......... .......... .......... .......... 93%  333K 88s
187050K .......... .......... .......... .......... .......... 93%  124K 88s
187100K .......... .......... .......... .......... .......... 93%  164K 88s
187150K .......... .......... .......... .......... .......... 93%  101K 87s
187200K .......... .......... .......... .......... .......... 93%  108K 87s
187250K .......... .......... .......... .......... .......... 93% 70.8K 87s
187300K .......... .......... .......... .......... .......... 93%  108K 87s
187350K .......... .......... .......... .......... .......... 93% 98.7K 86s
187400K .......... .......... .......... .......... .......... 93%  164K 86s
187450K .......... .......... .......... .......... .......... 93%  134K 86s
187500K .......... .......... .......... .......... .......... 93%  131K 85s
187550K .......... .......... .......... .......... .......... 93%  240K 85s
187600K .......... .......... .......... .......... .......... 93%  194K 85s
187650K .......... .......... .......... .......... .......... 93%  115K 84s
187700K .......... .......... .......... .......... .......... 93%  186K 84s
187750K .......... .......... .......... .......... .......... 93%  121K 84s
187800K .......... .......... .......... .......... .......... 93%  138K 83s
187850K .......... .......... .......... .......... .......... 93%  175K 83s
187900K .......... .......... .......... .......... .......... 93% 87.4K 83s
187950K .......... .......... .......... .......... .......... 93% 7.34K 83s
188000K .......... .......... .......... .......... .......... 93%  195K 83s
188050K .......... .......... .......... .......... .......... 93% 2.75M 82s
188100K .......... .......... .......... .......... .......... 94% 2.31M 82s
188150K .......... .......... .......... .......... .......... 94% 2.22M 81s
188200K .......... .......... .......... .......... .......... 94% 2.84M 81s
188250K .......... .......... .......... .......... .......... 94% 2.48M 81s
188300K .......... .......... .......... .......... .......... 94% 2.79M 80s
188350K .......... .......... .......... .......... .......... 94% 2.87M 80s
188400K .......... .......... .......... .......... .......... 94% 2.57M 80s
188450K .......... .......... .......... .......... .......... 94% 2.82M 79s
188500K .......... .......... .......... .......... .......... 94% 2.45M 79s
188550K .......... .......... .......... .......... .......... 94% 2.92M 78s
188600K .......... .......... .......... .......... .......... 94% 2.84M 78s
188650K .......... .......... .......... .......... .......... 94% 90.9K 78s
188700K .......... .......... .......... .......... .......... 94% 95.1K 77s
188750K .......... .......... .......... .......... .......... 94% 75.2K 77s
188800K .......... .......... .......... .......... .......... 94%  130K 77s
188850K .......... .......... .......... .......... .......... 94%  114K 76s
188900K .......... .......... .......... .......... .......... 94% 90.2K 76s
188950K .......... .......... .......... .......... .......... 94%  130K 76s
189000K .......... .......... .......... .......... .......... 94% 98.2K 75s
189050K .......... .......... .......... .......... .......... 94%  127K 75s
189100K .......... .......... .......... .......... .......... 94%  141K 75s
189150K .......... .......... .......... .......... .......... 94%  139K 74s
189200K .......... .......... .......... .......... .......... 94%  141K 74s
189250K .......... .......... .......... .......... .......... 94%  128K 74s
189300K .......... .......... .......... .......... .......... 94%  155K 73s
189350K .......... .......... .......... .......... .......... 94%  125K 73s
189400K .......... .......... .......... .......... .......... 94%  170K 73s
189450K .......... .......... .......... .......... .......... 94%  234K 72s
189500K .......... .......... .......... .......... .......... 94%  163K 72s
189550K .......... .......... .......... .......... .......... 94%  217K 72s
189600K .......... .......... .......... .......... .......... 94%  177K 71s
189650K .......... .......... .......... .......... .......... 94%  157K 71s
189700K .......... .......... .......... .......... .......... 94%  223K 71s
189750K .......... .......... .......... .......... .......... 94%  137K 70s
189800K .......... .......... .......... .......... .......... 94%  161K 70s
189850K .......... .......... .......... .......... .......... 94%  182K 70s
189900K .......... .......... .......... .......... .......... 94% 69.6K 69s
189950K .......... .......... .......... .......... .......... 94%  122K 69s
190000K .......... .......... .......... .......... .......... 94%  167K 69s
190050K .......... .......... .......... .......... .......... 94%  134K 68s
190100K .......... .......... .......... .......... .......... 95%  143K 68s
190150K .......... .......... .......... .......... .......... 95%  147K 68s
190200K .......... .......... .......... .......... .......... 95%  187K 67s
190250K .......... .......... .......... .......... .......... 95%  174K 67s
190300K .......... .......... .......... .......... .......... 95%  240K 67s
190350K .......... .......... .......... .......... .......... 95%  246K 66s
190400K .......... .......... .......... .......... .......... 95%  195K 66s
190450K .......... .......... .......... .......... .......... 95%  287K 66s
190500K .......... .......... .......... .......... .......... 95%  179K 65s
190550K .......... .......... .......... .......... .......... 95%  190K 65s
190600K .......... .......... .......... .......... .......... 95%  216K 65s
190650K .......... .......... .......... .......... .......... 95%  188K 64s
190700K .......... .......... .......... .......... .......... 95%  290K 64s
190750K .......... .......... .......... .......... .......... 95%  234K 63s
190800K .......... .......... .......... .......... .......... 95%  251K 63s
190850K .......... .......... .......... .......... .......... 95%  333K 63s
190900K .......... .......... .......... .......... .......... 95%  232K 62s
190950K .......... .......... .......... .......... .......... 95%  199K 62s
191000K .......... .......... .......... .......... .......... 95% 15.5K 62s
191050K .......... .......... .......... .......... .......... 95%  360K 62s
191100K .......... .......... .......... .......... .......... 95%  394K 61s
191150K .......... .......... .......... .......... .......... 95%  376K 61s
191200K .......... .......... .......... .......... .......... 95% 3.26M 61s
191250K .......... .......... .......... .......... .......... 95% 2.91M 60s
191300K .......... .......... .......... .......... .......... 95% 3.30M 60s
191350K .......... .......... .......... .......... .......... 95% 3.10M 59s
191400K .......... .......... .......... .......... .......... 95% 1.42M 59s
191450K .......... .......... .......... .......... .......... 95% 3.07M 59s
191500K .......... .......... .......... .......... .......... 95% 2.85M 58s
191550K .......... .......... .......... .......... .......... 95% 2.71M 58s
191600K .......... .......... .......... .......... .......... 95% 3.70M 58s
191650K .......... .......... .......... .......... .......... 95% 3.90M 57s
191700K .......... .......... .......... .......... .......... 95% 3.86M 57s
191750K .......... .......... .......... .......... .......... 95% 3.54M 56s
191800K .......... .......... .......... .......... .......... 95% 4.06M 56s
191850K .......... .......... .......... .......... .......... 95% 1.76M 56s
191900K .......... .......... .......... .......... .......... 95%  196K 55s
191950K .......... .......... .......... .......... .......... 95%  228K 55s
192000K .......... .......... .......... .......... .......... 95%  223K 55s
192050K .......... .......... .......... .......... .......... 95%  302K 54s
192100K .......... .......... .......... .......... .......... 96%  242K 54s
192150K .......... .......... .......... .......... .......... 96%  158K 54s
192200K .......... .......... .......... .......... .......... 96%  211K 53s
192250K .......... .......... .......... .......... .......... 96%  204K 53s
192300K .......... .......... .......... .......... .......... 96%  228K 53s
192350K .......... .......... .......... .......... .......... 96%  144K 52s
192400K .......... .......... .......... .......... .......... 96%  149K 52s
192450K .......... .......... .......... .......... .......... 96%  208K 52s
192500K .......... .......... .......... .......... .......... 96%  200K 51s
192550K .......... .......... .......... .......... .......... 96%  238K 51s
192600K .......... .......... .......... .......... .......... 96%  158K 51s
192650K .......... .......... .......... .......... .......... 96% 12.2K 51s
192700K .......... .......... .......... .......... .......... 96%  207K 50s
192750K .......... .......... .......... .......... .......... 96%  488K 50s
192800K .......... .......... .......... .......... .......... 96% 4.19M 49s
192850K .......... .......... .......... .......... .......... 96% 4.77M 49s
192900K .......... .......... .......... .......... .......... 96% 4.30M 49s
192950K .......... .......... .......... .......... .......... 96% 5.21M 48s
193000K .......... .......... .......... .......... .......... 96% 4.07M 48s
193050K .......... .......... .......... .......... .......... 96% 5.63M 48s
193100K .......... .......... .......... .......... .......... 96% 4.79M 47s
193150K .......... .......... .......... .......... .......... 96% 4.37M 47s
193200K .......... .......... .......... .......... .......... 96% 5.22M 47s
193250K .......... .......... .......... .......... .......... 96% 4.23M 46s
193300K .......... .......... .......... .......... .......... 96% 5.01M 46s
193350K .......... .......... .......... .......... .......... 96% 4.91M 45s
193400K .......... .......... .......... .......... .......... 96%  188K 45s
193450K .......... .......... .......... .......... .......... 96%  251K 45s
193500K .......... .......... .......... .......... .......... 96%  178K 44s
193550K .......... .......... .......... .......... .......... 96%  250K 44s
193600K .......... .......... .......... .......... .......... 96%  144K 44s
193650K .......... .......... .......... .......... .......... 96%  109K 43s
193700K .......... .......... .......... .......... .......... 96% 78.6K 43s
193750K .......... .......... .......... .......... .......... 96%  105K 43s
193800K .......... .......... .......... .......... .......... 96%  130K 42s
193850K .......... .......... .......... .......... .......... 96% 87.8K 42s
193900K .......... .......... .......... .......... .......... 96% 90.9K 42s
193950K .......... .......... .......... .......... .......... 96%  246K 41s
194000K .......... .......... .......... .......... .......... 96%  144K 41s
194050K .......... .......... .......... .......... .......... 96%  146K 41s
194100K .......... .......... .......... .......... .......... 97%  170K 40s
194150K .......... .......... .......... .......... .......... 97% 92.1K 40s
194200K .......... .......... .......... .......... .......... 97% 84.4K 40s
194250K .......... .......... .......... .......... .......... 97%  131K 39s
194300K .......... .......... .......... .......... .......... 97%  163K 39s
194350K .......... .......... .......... .......... .......... 97%  147K 39s
194400K .......... .......... .......... .......... .......... 97%  126K 38s
194450K .......... .......... .......... .......... .......... 97%  185K 38s
194500K .......... .......... .......... .......... .......... 97%  235K 38s
194550K .......... .......... .......... .......... .......... 97%  310K 37s
194600K .......... .......... .......... .......... .......... 97%  272K 37s
194650K .......... .......... .......... .......... .......... 97%  277K 37s
194700K .......... .......... .......... .......... .......... 97%  338K 36s
194750K .......... .......... .......... .......... .......... 97%  327K 36s
194800K .......... .......... .......... .......... .......... 97%  331K 36s
194850K .......... .......... .......... .......... .......... 97%  165K 35s
194900K .......... .......... .......... .......... .......... 97%  217K 35s
194950K .......... .......... .......... .......... .......... 97%  312K 35s
195000K .......... .......... .......... .......... .......... 97%  337K 34s
195050K .......... .......... .......... .......... .......... 97%  363K 34s
195100K .......... .......... .......... .......... .......... 97%  338K 34s
195150K .......... .......... .......... .......... .......... 97%  346K 33s
195200K .......... .......... .......... .......... .......... 97%  318K 33s
195250K .......... .......... .......... .......... .......... 97%  384K 33s
195300K .......... .......... .......... .......... .......... 97%  362K 32s
195350K .......... .......... .......... .......... .......... 97%  368K 32s
195400K .......... .......... .......... .......... .......... 97%  315K 32s
195450K .......... .......... .......... .......... .......... 97%  496K 31s
195500K .......... .......... .......... .......... .......... 97%  139K 31s
195550K .......... .......... .......... .......... .......... 97%  137K 31s
195600K .......... .......... .......... .......... .......... 97%  224K 30s
195650K .......... .......... .......... .......... .......... 97%  353K 30s
195700K .......... .......... .......... .......... .......... 97%  389K 29s
195750K .......... .......... .......... .......... .......... 97%  159K 29s
195800K .......... .......... .......... .......... .......... 97%  218K 29s
195850K .......... .......... .......... .......... .......... 97%  191K 28s
195900K .......... .......... .......... .......... .......... 97% 10.5K 28s
195950K .......... .......... .......... .......... .......... 97%  613K 28s
196000K .......... .......... .......... .......... .......... 97%  159K 28s
196050K .......... .......... .......... .......... .......... 97%  145K 27s
196100K .......... .......... .......... .......... .......... 98%  596K 27s
196150K .......... .......... .......... .......... .......... 98% 1.52M 27s
196200K .......... .......... .......... .......... .......... 98% 2.06M 26s
196250K .......... .......... .......... .......... .......... 98% 3.65M 26s
196300K .......... .......... .......... .......... .......... 98% 4.48M 26s
196350K .......... .......... .......... .......... .......... 98% 4.84M 25s
196400K .......... .......... .......... .......... .......... 98% 4.18M 25s
196450K .......... .......... .......... .......... .......... 98% 5.07M 24s
196500K .......... .......... .......... .......... .......... 98% 3.87M 24s
196550K .......... .......... .......... .......... .......... 98% 4.65M 24s
196600K .......... .......... .......... .......... .......... 98% 4.90M 23s
196650K .......... .......... .......... .......... .......... 98%  369K 23s
196700K .......... .......... .......... .......... .......... 98% 94.2K 23s
196750K .......... .......... .......... .......... .......... 98%  122K 22s
196800K .......... .......... .......... .......... .......... 98%  215K 22s
196850K .......... .......... .......... .......... .......... 98%  101K 22s
196900K .......... .......... .......... ..........            98% 71.0K=12m34s

2026-05-31 18:19:50 (148 KB/s) - Read error at byte 201666796/204934272 (Connection reset by peer). Retrying.

--2026-05-31 18:19:52--  (try: 3)  https://ftp.ncbi.nlm.nih.gov/geo/series/GSE68nnn/GSE68310/matrix/GSE68310_series_matrix.txt.gz
Connecting to ftp.ncbi.nlm.nih.gov (ftp.ncbi.nlm.nih.gov)|130.14.250.13|:443... connected.
HTTP request sent, awaiting response... 206 Partial Content
Length: 204934272 (195M), 3267476 (3.1M) remaining [application/x-gzip]
Saving to: ‘data/metadata_raw/GSE68310/GSE68310_series_matrix.txt.gz’

        [ skipping 196900K ]
196900K ,,,,,,,,,, ,,,,,,,,,, ,,,,,,,,,, ,,,,,,,,,, .......... 98% 1.56M 10s
196950K .......... .......... .......... .......... .......... 98% 69.2K 39s
197000K .......... .......... .......... .......... .......... 98%  131K 32s
197050K .......... .......... .......... .......... .......... 98% 1.58M 22s
197100K .......... .......... .......... .......... .......... 98% 1.40M 17s
197150K .......... .......... .......... .......... .......... 98%  144K 17s
197200K .......... .......... .......... .......... .......... 98%  737K 15s
197250K .......... .......... .......... .......... .......... 98% 1.43M 13s
197300K .......... .......... .......... .......... .......... 98% 1.48M 11s
197350K .......... .......... .......... .......... .......... 98%  272K 11s
197400K .......... .......... .......... .......... .......... 98%  706K 10s
197450K .......... .......... .......... .......... .......... 98% 1.28M 9s
197500K .......... .......... .......... .......... .......... 98% 1.86M 8s
197550K .......... .......... .......... .......... .......... 98% 1.46M 8s
197600K .......... .......... .......... .......... .......... 98% 1.70M 7s
197650K .......... .......... .......... .......... .......... 98% 1.39M 7s
197700K .......... .......... .......... .......... .......... 98%  389K 7s
197750K .......... .......... .......... .......... .......... 98%  613K 6s
197800K .......... .......... .......... .......... .......... 98% 1.64M 6s
197850K .......... .......... .......... .......... .......... 98%  826K 6s
197900K .......... .......... .......... .......... .......... 98% 4.34M 5s
197950K .......... .......... .......... .......... .......... 98% 1.38M 5s
198000K .......... .......... .......... .......... .......... 98% 1.16M 5s
198050K .......... .......... .......... .......... .......... 98%  510K 5s
198100K .......... .......... .......... .......... .......... 99% 1.05M 4s
198150K .......... .......... .......... .......... .......... 99%  809K 4s
198200K .......... .......... .......... .......... .......... 99%  664K 4s
198250K .......... .......... .......... .......... .......... 99% 1.19M 4s
198300K .......... .......... .......... .......... .......... 99% 1.31M 4s
198350K .......... .......... .......... .......... .......... 99% 1.13M 3s
198400K .......... .......... .......... .......... .......... 99% 1.62M 3s
198450K .......... .......... .......... .......... .......... 99% 1.03M 3s
198500K .......... .......... .......... .......... .......... 99%  680K 3s
198550K .......... .......... .......... .......... .......... 99% 1.78M 3s
198600K .......... .......... .......... .......... .......... 99%  646K 3s
198650K .......... .......... .......... .......... .......... 99% 1.42M 3s
198700K .......... .......... .......... .......... .......... 99% 1.65M 2s
198750K .......... .......... .......... .......... .......... 99%  968K 2s
198800K .......... .......... .......... .......... .......... 99% 1.71M 2s
198850K .......... .......... .......... .......... .......... 99%  698K 2s
198900K .......... .......... .......... .......... .......... 99% 1.50M 2s
198950K .......... .......... .......... .......... .......... 99% 1.20M 2s
199000K .......... .......... .......... .......... .......... 99%  569K 2s
199050K .......... .......... .......... .......... .......... 99% 1.94M 2s
199100K .......... .......... .......... .......... .......... 99% 1.86M 2s
199150K .......... .......... .......... .......... .......... 99% 1.34M 1s
199200K .......... .......... .......... .......... .......... 99%  523K 1s
199250K .......... .......... .......... .......... .......... 99% 2.38M 1s
199300K .......... .......... .......... .......... .......... 99% 1.70M 1s
199350K .......... .......... .......... .......... .......... 99% 2.28M 1s
199400K .......... .......... .......... .......... .......... 99%  984K 1s
199450K .......... .......... .......... .......... .......... 99%  625K 1s
199500K .......... .......... .......... .......... .......... 99% 2.08M 1s
199550K .......... .......... .......... .......... .......... 99% 1.94M 1s
199600K .......... .......... .......... .......... .......... 99% 1.13M 1s
199650K .......... .......... .......... .......... .......... 99%  523K 1s
199700K .......... .......... .......... .......... .......... 99% 2.01M 1s
199750K .......... .......... .......... .......... .......... 99%  614K 0s
199800K .......... .......... .......... .......... .......... 99% 2.38M 0s
199850K .......... .......... .......... .......... .......... 99% 2.32M 0s
199900K .......... .......... .......... .......... .......... 99% 1.56M 0s
199950K .......... .......... .......... .......... .......... 99% 1.14M 0s
200000K .......... .......... .......... .......... .......... 99% 1.63M 0s
200050K .......... .......... .......... .......... .......... 99% 2.18M 0s
200100K .......... .......... .......... .                    100% 1.55M=4.4s

2026-05-31 18:19:56 (727 KB/s) - ‘data/metadata_raw/GSE68310/GSE68310_series_matrix.txt.gz’ saved [204934272/204934272]

