--2026-05-31 17:25:57--  https://ftp.ncbi.nlm.nih.gov/geo/series/GSE68nnn/GSE68310/soft/GSE68310_family.soft.gz
Resolving ftp.ncbi.nlm.nih.gov (ftp.ncbi.nlm.nih.gov)... 130.14.250.10, 130.14.250.11, 2607:f220:41e:250::13, ...
Connecting to ftp.ncbi.nlm.nih.gov (ftp.ncbi.nlm.nih.gov)|130.14.250.10|:443... connected.
HTTP request sent, awaiting response... 200 OK
Length: 404592570 (386M) [application/x-gzip]
Saving to: ‘data/metadata_raw/GSE68310/GSE68310_family.soft.gz’

     0K .......... .......... .......... .......... ..........  0% 62.2K 1h45m
    50K .......... .......... .......... .......... ..........  0%  962K 56m23s
   100K .......... .......... .......... .......... ..........  0%  127K 54m53s
   150K .......... .......... .......... .......... ..........  0% 1.30M 42m24s
   200K .......... .......... .......... .......... ..........  0%  140K 43m17s
   250K .......... .......... .......... .......... ..........  0%  369K 39m2s
   300K .......... .......... .......... .......... ..........  0%  232K 37m30s
   350K .......... .......... .......... .......... ..........  0%  231K 36m23s
   400K .......... .......... .......... .......... ..........  0% 1.81M 32m43s
   450K .......... .......... .......... .......... ..........  0%  219K 32m27s
   500K .......... .......... .......... .......... ..........  0%  278K 31m39s
   550K .......... .......... .......... .......... ..........  0% 1.27M 29m26s
   600K .......... .......... .......... .......... ..........  0%  185K 29m54s
   650K .......... .......... .......... .......... ..........  0%  270K 29m30s
   700K .......... .......... .......... .......... ..........  0%  434K 28m32s
   750K .......... .......... .......... .......... ..........  0%  330K 28m0s
   800K .......... .......... .......... .......... ..........  0%  280K 27m44s
   850K .......... .......... .......... .......... ..........  0%  707K 26m42s
   900K .......... .......... .......... .......... ..........  0%  270K 26m34s
   950K .......... .......... .......... .......... ..........  0%  307K 26m18s
  1000K .......... .......... .......... .......... ..........  0%  969K 25m22s
  1050K .......... .......... .......... .......... ..........  0%  880K 24m33s
  1100K .......... .......... .......... .......... ..........  0%  181K 25m4s
  1150K .......... .......... .......... .......... ..........  0%  359K 24m47s
  1200K .......... .......... .......... .......... ..........  0% 1.55M 23m57s
  1250K .......... .......... .......... .......... ..........  0%  247K 24m3s
  1300K .......... .......... .......... .......... ..........  0%  806K 23m27s
  1350K .......... .......... .......... .......... ..........  0%  270K 23m29s
  1400K .......... .......... .......... .......... ..........  0% 1.14M 22m52s
  1450K .......... .......... .......... .......... ..........  0%  211K 23m8s
  1500K .......... .......... .......... .......... ..........  0%  379K 22m57s
  1550K .......... .......... .......... .......... ..........  0% 1.45M 22m22s
  1600K .......... .......... .......... .......... ..........  0%  570K 22m2s
  1650K .......... .......... .......... .......... ..........  0%  278K 22m5s
  1700K .......... .......... .......... .......... ..........  0%  240K 22m13s
  1750K .......... .......... .......... .......... ..........  0% 2.56M 21m40s
  1800K .......... .......... .......... .......... ..........  0% 1.60M 21m12s
  1850K .......... .......... .......... .......... ..........  0%  247K 21m20s
  1900K .......... .......... .......... .......... ..........  0%  429K 21m10s
  1950K .......... .......... .......... .......... ..........  0%  707K 20m52s
  2000K .......... .......... .......... .......... ..........  0% 1.13M 20m30s
  2050K .......... .......... .......... .......... ..........  0%  186K 20m51s
  2100K .......... .......... .......... .......... ..........  0% 1.66M 20m27s
  2150K .......... .......... .......... .......... ..........  0%  919K 20m9s
  2200K .......... .......... .......... .......... ..........  0%  935K 19m51s
  2250K .......... .......... .......... .......... ..........  0%  154K 20m20s
  2300K .......... .......... .......... .......... ..........  0%  258K 20m26s
  2350K .......... .......... .......... .......... ..........  0%  184K 20m45s
  2400K .......... .......... .......... .......... ..........  0%  486K 20m36s
  2450K .......... .......... .......... .......... ..........  0%  982K 20m19s
  2500K .......... .......... .......... .......... ..........  0% 1.32M 20m1s
  2550K .......... .......... .......... .......... ..........  0% 1.14M 19m44s
  2600K .......... .......... .......... .......... ..........  0%  241K 19m52s
  2650K .......... .......... .......... .......... ..........  0%  752K 19m40s
  2700K .......... .......... .......... .......... ..........  0%  829K 19m27s
  2750K .......... .......... .......... .......... ..........  0% 1.20M 19m11s
  2800K .......... .......... .......... .......... ..........  0%  792K 19m0s
  2850K .......... .......... .......... .......... ..........  0%  398K 18m57s
  2900K .......... .......... .......... .......... ..........  0%  496K 18m51s
  2950K .......... .......... .......... .......... ..........  0%  937K 18m39s
  3000K .......... .......... .......... .......... ..........  0%  371K 18m38s
  3050K .......... .......... .......... .......... ..........  0%  823K 18m27s
  3100K .......... .......... .......... .......... ..........  0%  513K 18m22s
  3150K .......... .......... .......... .......... ..........  0%  738K 18m13s
  3200K .......... .......... .......... .......... ..........  0%  643K 18m5s
  3250K .......... .......... .......... .......... ..........  0% 1.16M 17m53s
  3300K .......... .......... .......... .......... ..........  0%  257K 18m0s
  3350K .......... .......... .......... .......... ..........  0%  394K 17m59s
  3400K .......... .......... .......... .......... ..........  0%  347K 17m59s
  3450K .......... .......... .......... .......... ..........  0%  340K 18m0s
  3500K .......... .......... .......... .......... ..........  0%  708K 17m53s
  3550K .......... .......... .......... .......... ..........  0% 1.04M 17m43s
  3600K .......... .......... .......... .......... ..........  0%  725K 17m35s
  3650K .......... .......... .......... .......... ..........  0%  953K 17m26s
  3700K .......... .......... .......... .......... ..........  0%  187K 17m40s
  3750K .......... .......... .......... .......... ..........  0%  620K 17m34s
  3800K .......... .......... .......... .......... ..........  0%  442K 17m32s
  3850K .......... .......... .......... .......... ..........  0%  349K 17m33s
  3900K .......... .......... .......... .......... ..........  0%  541K 17m29s
  3950K .......... .......... .......... .......... ..........  1%  250K 17m35s
  4000K .......... .......... .......... .......... ..........  1%  277K 17m39s
  4050K .......... .......... .......... .......... ..........  1%  407K 17m38s
  4100K .......... .......... .......... .......... ..........  1%  471K 17m35s
  4150K .......... .......... .......... .......... ..........  1%  433K 17m33s
  4200K .......... .......... .......... .......... ..........  1%  219K 17m41s
  4250K .......... .......... .......... .......... ..........  1%  170K 17m56s
  4300K .......... .......... .......... .......... ..........  1%  512K 17m52s
  4350K .......... .......... .......... .......... ..........  1% 29.6K 20m10s
  4400K .......... .......... .......... .......... ..........  1%  385K 20m8s
  4450K .......... .......... .......... .......... ..........  1%  725K 20m0s
  4500K .......... .......... .......... .......... ..........  1% 2.89M 19m48s
  4550K .......... .......... .......... .......... ..........  1% 3.12M 19m36s
  4600K .......... .......... .......... .......... ..........  1% 2.65M 19m25s
  4650K .......... .......... .......... .......... ..........  1% 2.98M 19m14s
  4700K .......... .......... .......... .......... ..........  1% 2.52M 19m3s
  4750K .......... .......... .......... .......... ..........  1% 2.89M 18m53s
  4800K .......... .......... .......... .......... ..........  1% 2.83M 18m42s
  4850K .......... .......... .......... .......... ..........  1% 75.1K 19m24s
  4900K .......... .......... .......... .......... ..........  1%  263K 19m27s
  4950K .......... .......... .......... .......... ..........  1% 1.09M 19m18s
  5000K .......... .......... .......... .......... ..........  1% 2.61M 19m8s
  5050K .......... .......... .......... .......... ..........  1% 2.61M 18m58s
  5100K .......... .......... .......... .......... ..........  1% 2.18M 18m49s
  5150K .......... .......... .......... .......... ..........  1% 2.50M 18m39s
  5200K .......... .......... .......... .......... ..........  1% 2.12M 18m30s
  5250K .......... .......... .......... .......... ..........  1% 2.45M 18m21s
  5300K .......... .......... .......... .......... ..........  1%  234K 18m26s
  5350K .......... .......... .......... .......... ..........  1% 30.5K 20m14s
  5400K .......... .......... .......... .......... ..........  1% 3.19M 20m4s
  5450K .......... .......... .......... .......... ..........  1%  478K 20m0s
  5500K .......... .......... .......... .......... ..........  1%  532K 19m56s
  5550K .......... .......... .......... .......... ..........  1% 3.46M 19m46s
  5600K .......... .......... .......... .......... ..........  1% 3.29M 19m36s
  5650K .......... .......... .......... .......... ..........  1% 4.20M 19m27s
  5700K .......... .......... .......... .......... ..........  1% 3.79M 19m17s
  5750K .......... .......... .......... .......... ..........  1% 4.15M 19m8s
  5800K .......... .......... .......... .......... ..........  1% 4.32M 18m59s
  5850K .......... .......... .......... .......... ..........  1% 3.74M 18m50s
  5900K .......... .......... .......... .......... ..........  1% 2.34M 18m41s
  5950K .......... .......... .......... .......... ..........  1%  840K 18m36s
  6000K .......... .......... .......... .......... ..........  1% 1.49M 18m29s
  6050K .......... .......... .......... .......... ..........  1% 1.07M 18m22s
  6100K .......... .......... .......... .......... ..........  1%  204K 18m29s
  6150K .......... .......... .......... .......... ..........  1% 1.96M 18m21s
  6200K .......... .......... .......... .......... ..........  1% 1.61M 18m14s
  6250K .......... .......... .......... .......... ..........  1%  394K 18m13s
  6300K .......... .......... .......... .......... ..........  1% 2.40M 18m6s
  6350K .......... .......... .......... .......... ..........  1% 1.08M 18m0s
  6400K .......... .......... .......... .......... ..........  1%  266K 18m2s
  6450K .......... .......... .......... .......... ..........  1% 1.10M 17m57s
  6500K .......... .......... .......... .......... ..........  1%  324K 17m57s
  6550K .......... .......... .......... .......... ..........  1%  756K 17m53s
  6600K .......... .......... .......... .......... ..........  1%  819K 17m48s
  6650K .......... .......... .......... .......... ..........  1%  456K 17m47s
  6700K .......... .......... .......... .......... ..........  1%  701K 17m43s
  6750K .......... .......... .......... .......... ..........  1%  286K 17m45s
  6800K .......... .......... .......... .......... ..........  1% 1.18M 17m39s
  6850K .......... .......... .......... .......... ..........  1%  457K 17m38s
  6900K .......... .......... .......... .......... ..........  1%  317K 17m39s
  6950K .......... .......... .......... .......... ..........  1%  245K 17m42s
  7000K .......... .......... .......... .......... ..........  1%  983K 17m37s
  7050K .......... .......... .......... .......... ..........  1%  349K 17m38s
  7100K .......... .......... .......... .......... ..........  1%  635K 17m34s
  7150K .......... .......... .......... .......... ..........  1% 1.22M 17m29s
  7200K .......... .......... .......... .......... ..........  1%  597K 17m26s
  7250K .......... .......... .......... .......... ..........  1% 1.20M 17m21s
  7300K .......... .......... .......... .......... ..........  1%  486K 17m19s
  7350K .......... .......... .......... .......... ..........  1%  150K 17m30s
  7400K .......... .......... .......... .......... ..........  1%  635K 17m26s
  7450K .......... .......... .......... .......... ..........  1%  619K 17m23s
  7500K .......... .......... .......... .......... ..........  1%  523K 17m21s
  7550K .......... .......... .......... .......... ..........  1%  765K 17m18s
  7600K .......... .......... .......... .......... ..........  1%  248K 17m21s
  7650K .......... .......... .......... .......... ..........  1%  804K 17m17s
  7700K .......... .......... .......... .......... ..........  1%  335K 17m18s
  7750K .......... .......... .......... .......... ..........  1%  857K 17m14s
  7800K .......... .......... .......... .......... ..........  1%  557K 17m12s
  7850K .......... .......... .......... .......... ..........  1%  365K 17m12s
  7900K .......... .......... .......... .......... ..........  2%  302K 17m13s
  7950K .......... .......... .......... .......... ..........  2%  336K 17m14s
  8000K .......... .......... .......... .......... ..........  2%  584K 17m11s
  8050K .......... .......... .......... .......... ..........  2%  794K 17m8s
  8100K .......... .......... .......... .......... ..........  2% 1.02M 17m4s
  8150K .......... .......... .......... .......... ..........  2%  776K 17m0s
  8200K .......... .......... .......... .......... ..........  2%  428K 17m0s
  8250K .......... .......... .......... .......... ..........  2%  332K 17m0s
  8300K .......... .......... .......... .......... ..........  2%  547K 16m58s
  8350K .......... .......... .......... .......... ..........  2%  855K 16m55s
  8400K .......... .......... .......... .......... ..........  2%  474K 16m53s
  8450K .......... .......... .......... .......... ..........  2%  414K 16m53s
  8500K .......... .......... .......... .......... ..........  2%  401K 16m52s
  8550K .......... .......... .......... .......... ..........  2%  286K 16m54s
  8600K .......... .......... .......... .......... ..........  2%  308K 16m56s
  8650K .......... .......... .......... .......... ..........  2% 1.75M 16m51s
  8700K .......... .......... .......... .......... ..........  2%  500K 16m49s
  8750K .......... .......... .......... .......... ..........  2% 1.32M 16m45s
  8800K .......... .......... .......... .......... ..........  2%  953K 16m42s
  8850K .......... .......... .......... .......... ..........  2%  913K 16m38s
  8900K .......... .......... .......... .......... ..........  2%  833K 16m35s
  8950K .......... .......... .......... .......... ..........  2%  191K 16m41s
  9000K .......... .......... .......... .......... ..........  2%  466K 16m40s
  9050K .......... .......... .......... .......... ..........  2% 1.87M 16m35s
  9100K .......... .......... .......... .......... ..........  2%  968K 16m32s
  9150K .......... .......... .......... .......... ..........  2% 1.80M 16m27s
  9200K .......... .......... .......... .......... ..........  2% 1.04M 16m24s
  9250K .......... .......... .......... .......... ..........  2% 1.27M 16m20s
  9300K .......... .......... .......... .......... ..........  2%  304K 16m21s
  9350K .......... .......... .......... .......... ..........  2%  246K 16m24s
  9400K .......... .......... .......... .......... ..........  2%  673K 16m22s
  9450K .......... .......... .......... .......... ..........  2%  693K 16m20s
  9500K .......... .......... .......... .......... ..........  2%  804K 16m17s
  9550K .......... .......... .......... .......... ..........  2%  675K 16m15s
  9600K .......... .......... .......... .......... ..........  2% 1.18M 16m11s
  9650K .......... .......... .......... .......... ..........  2%  462K 16m10s
  9700K .......... .......... .......... .......... ..........  2%  161K 16m18s
  9750K .......... .......... .......... .......... ..........  2%  440K 16m17s
  9800K .......... .......... .......... .......... ..........  2%  263K 16m19s
  9850K .......... .......... .......... .......... ..........  2%  433K 16m19s
  9900K .......... .......... .......... .......... ..........  2%  690K 16m16s
  9950K .......... .......... .......... .......... ..........  2%  248K 16m19s
 10000K .......... .......... .......... .......... ..........  2%  777K 16m17s
 10050K .......... .......... .......... .......... ..........  2%  322K 16m18s
 10100K .......... .......... .......... .......... ..........  2%  196K 16m22s
 10150K .......... .......... .......... .......... ..........  2%  207K 16m27s
 10200K .......... .......... .......... .......... ..........  2%  734K 16m24s
 10250K .......... .......... .......... .......... ..........  2%  863K 16m21s
 10300K .......... .......... .......... .......... ..........  2%  386K 16m21s
 10350K .......... .......... .......... .......... ..........  2%  652K 16m19s
 10400K .......... .......... .......... .......... ..........  2% 1.13M 16m16s
 10450K .......... .......... .......... .......... ..........  2%  500K 16m15s
 10500K .......... .......... .......... .......... ..........  2%  169K 16m21s
 10550K .......... .......... .......... .......... ..........  2%  569K 16m19s
 10600K .......... .......... .......... .......... ..........  2%  756K 16m17s
 10650K .......... .......... .......... .......... ..........  2%  490K 16m16s
 10700K .......... .......... .......... .......... ..........  2%  143K 16m24s
 10750K .......... .......... .......... .......... ..........  2%  326K 16m25s
 10800K .......... .......... .......... .......... ..........  2%  484K 16m24s
 10850K .......... .......... .......... .......... ..........  2%  487K 16m23s
 10900K .......... .......... .......... .......... ..........  2%  819K 16m20s
 10950K .......... .......... .......... .......... ..........  2%  712K 16m18s
 11000K .......... .......... .......... .......... ..........  2%  315K 16m19s
 11050K .......... .......... .......... .......... ..........  2%  706K 16m17s
 11100K .......... .......... .......... .......... ..........  2%  719K 16m15s
 11150K .......... .......... .......... .......... ..........  2%  944K 16m12s
 11200K .......... .......... .......... .......... ..........  2% 1.03M 16m9s
 11250K .......... .......... .......... .......... ..........  2%  825K 16m7s
 11300K .......... .......... .......... .......... ..........  2% 1.26M 16m4s
 11350K .......... .......... .......... .......... ..........  2%  869K 16m2s
 11400K .......... .......... .......... .......... ..........  2%  872K 15m59s
 11450K .......... .......... .......... .......... ..........  2%  771K 15m57s
 11500K .......... .......... .......... .......... ..........  2%  499K 15m56s
 11550K .......... .......... .......... .......... ..........  2%  489K 15m55s
 11600K .......... .......... .......... .......... ..........  2% 1.39M 15m52s
 11650K .......... .......... .......... .......... ..........  2%  789K 15m50s
 11700K .......... .......... .......... .......... ..........  2% 1.01M 15m47s
 11750K .......... .......... .......... .......... ..........  2%  911K 15m45s
 11800K .......... .......... .......... .......... ..........  2%  351K 15m46s
 11850K .......... .......... .......... .......... ..........  3%  488K 15m45s
 11900K .......... .......... .......... .......... ..........  3%  927K 15m42s
 11950K .......... .......... .......... .......... ..........  3%  105K 15m54s
 12000K .......... .......... .......... .......... ..........  3%  921K 15m51s
 12050K .......... .......... .......... .......... ..........  3%  878K 15m49s
 12100K .......... .......... .......... .......... ..........  3%  912K 15m47s
 12150K .......... .......... .......... .......... ..........  3%  305K 15m48s
 12200K .......... .......... .......... .......... ..........  3%  524K 15m47s
 12250K .......... .......... .......... .......... ..........  3%  556K 15m46s
 12300K .......... .......... .......... .......... ..........  3%  161K 15m51s
 12350K .......... .......... .......... .......... ..........  3% 43.9K 16m23s
 12400K .......... .......... .......... .......... ..........  3% 1.16M 16m20s
 12450K .......... .......... .......... .......... ..........  3% 1.83M 16m17s
 12500K .......... .......... .......... .......... ..........  3% 3.24M 16m13s
 12550K .......... .......... .......... .......... ..........  3% 3.19M 16m9s
 12600K .......... .......... .......... .......... ..........  3% 2.72M 16m6s
 12650K .......... .......... .......... .......... ..........  3% 2.35M 16m3s
 12700K .......... .......... .......... .......... ..........  3% 2.59M 15m59s
 12750K .......... .......... .......... .......... ..........  3% 2.95M 15m56s
 12800K .......... .......... .......... .......... ..........  3% 2.90M 15m53s
 12850K .......... .......... .......... .......... ..........  3% 2.44M 15m49s
 12900K .......... .......... .......... .......... ..........  3% 2.80M 15m46s
 12950K .......... .......... .......... .......... ..........  3% 2.39M 15m43s
 13000K .......... .......... .......... .......... ..........  3% 2.67M 15m40s
 13050K .......... .......... .......... .......... ..........  3% 2.66M 15m37s
 13100K .......... .......... .......... .......... ..........  3% 2.26M 15m34s
 13150K .......... .......... .......... .......... ..........  3% 1.37M 15m31s
 13200K .......... .......... .......... .......... ..........  3%  250K 15m33s
 13250K .......... .......... .......... .......... ..........  3% 1.40M 15m30s
 13300K .......... .......... .......... .......... ..........  3% 1.66M 15m28s
 13350K .......... .......... .......... .......... ..........  3% 1.86M 15m25s
 13400K .......... .......... .......... .......... ..........  3% 1.49M 15m22s
 13450K .......... .......... .......... .......... ..........  3%  811K 15m20s
 13500K .......... .......... .......... .......... ..........  3% 1.76M 15m18s
 13550K .......... .......... .......... .......... ..........  3% 1.53M 15m15s
 13600K .......... .......... .......... .......... ..........  3%  200K 15m19s
 13650K .......... .......... .......... .......... ..........  3% 2.69M 15m16s
 13700K .......... .......... .......... .......... ..........  3% 3.05M 15m13s
 13750K .......... .......... .......... .......... ..........  3%  322K 15m14s
 13800K .......... .......... .......... .......... ..........  3% 1.63M 15m11s
 13850K .......... .......... .......... .......... ..........  3% 2.51M 15m8s
 13900K .......... .......... .......... .......... ..........  3% 3.08M 15m5s
 13950K .......... .......... .......... .......... ..........  3% 2.05M 15m2s
 14000K .......... .......... .......... .......... ..........  3% 1.50M 15m0s
 14050K .......... .......... .......... .......... ..........  3%  223K 15m3s
 14100K .......... .......... .......... .......... ..........  3%  564K 15m2s
 14150K .......... .......... .......... .......... ..........  3%  939K 15m0s
 14200K .......... .......... .......... .......... ..........  3%  434K 15m0s
 14250K .......... .......... .......... .......... ..........  3% 1.13M 14m58s
 14300K .......... .......... .......... .......... ..........  3% 1.08M 14m56s
 14350K .......... .......... .......... .......... ..........  3%  634K 14m54s
 14400K .......... .......... .......... .......... ..........  3% 1.14M 14m52s
 14450K .......... .......... .......... .......... ..........  3%  841K 14m51s
 14500K .......... .......... .......... .......... ..........  3% 1.61M 14m48s
 14550K .......... .......... .......... .......... ..........  3% 1.14M 14m46s
 14600K .......... .......... .......... .......... ..........  3%  984K 14m44s
 14650K .......... .......... .......... .......... ..........  3% 1.53M 14m42s
 14700K .......... .......... .......... .......... ..........  3%  811K 14m41s
 14750K .......... .......... .......... .......... ..........  3% 1.23M 14m39s
 14800K .......... .......... .......... .......... ..........  3% 1.03M 14m37s
 14850K .......... .......... .......... .......... ..........  3%  273K 14m38s
 14900K .......... .......... .......... .......... ..........  3% 3.73M 14m36s
 14950K .......... .......... .......... .......... ..........  3% 3.17M 14m33s
 15000K .......... .......... .......... .......... ..........  3% 3.60M 14m30s
 15050K .......... .......... .......... .......... ..........  3% 2.90M 14m28s
 15100K .......... .......... .......... .......... ..........  3% 1.11M 14m26s
 15150K .......... .......... .......... .......... ..........  3% 2.25M 14m23s
 15200K .......... .......... .......... .......... ..........  3% 1.32M 14m21s
 15250K .......... .......... .......... .......... ..........  3% 1.79M 14m19s
 15300K .......... .......... .......... .......... ..........  3% 1.37M 14m17s
 15350K .......... .......... .......... .......... ..........  3%  275K 14m19s
 15400K .......... .......... .......... .......... ..........  3% 1.63M 14m17s
 15450K .......... .......... .......... .......... ..........  3% 1.83M 14m14s
 15500K .......... .......... .......... .......... ..........  3% 1.19M 14m12s
 15550K .......... .......... .......... .......... ..........  3% 2.33M 14m10s
 15600K .......... .......... .......... .......... ..........  3%  329K 14m11s
 15650K .......... .......... .......... .......... ..........  3% 1.44M 14m9s
 15700K .......... .......... .......... .......... ..........  3% 1.81M 14m7s
 15750K .......... .......... .......... .......... ..........  3% 1.77M 14m5s
 15800K .......... .......... .......... .......... ..........  4%  728K 14m4s
 15850K .......... .......... .......... .......... ..........  4% 1.58M 14m2s
 15900K .......... .......... .......... .......... ..........  4% 1.39M 14m0s
 15950K .......... .......... .......... .......... ..........  4% 1.27M 13m58s
 16000K .......... .......... .......... .......... ..........  4% 2.01M 13m56s
 16050K .......... .......... .......... .......... ..........  4% 1.46M 13m54s
 16100K .......... .......... .......... .......... ..........  4%  995K 13m52s
 16150K .......... .......... .......... .......... ..........  4% 1.13M 13m51s
 16200K .......... .......... .......... .......... ..........  4% 1.52M 13m49s
 16250K .......... .......... .......... .......... ..........  4% 1.47M 13m47s
 16300K .......... .......... .......... .......... ..........  4% 1.43M 13m45s
 16350K .......... .......... .......... .......... ..........  4%  261K 13m47s
 16400K .......... .......... .......... .......... ..........  4% 2.25M 13m45s
 16450K .......... .......... .......... .......... ..........  4% 1.87M 13m43s
 16500K .......... .......... .......... .......... ..........  4% 2.14M 13m41s
 16550K .......... .......... .......... .......... ..........  4% 2.11M 13m38s
 16600K .......... .......... .......... .......... ..........  4% 1.83M 13m37s
 16650K .......... .......... .......... .......... ..........  4% 2.05M 13m35s
 16700K .......... .......... .......... .......... ..........  4% 1.77M 13m33s
 16750K .......... .......... .......... .......... ..........  4% 2.02M 13m31s
 16800K .......... .......... .......... .......... ..........  4% 1.80M 13m29s
 16850K .......... .......... .......... .......... ..........  4% 1.18M 13m27s
 16900K .......... .......... .......... .......... ..........  4%  266K 13m29s
 16950K .......... .......... .......... .......... ..........  4% 1.54M 13m27s
 17000K .......... .......... .......... .......... ..........  4% 1.53M 13m25s
 17050K .......... .......... .......... .......... ..........  4% 91.0K 13m35s
 17100K .......... .......... .......... .......... ..........  4% 2.32M 13m33s
 17150K .......... .......... .......... .......... ..........  4% 2.66M 13m31s
 17200K .......... .......... .......... .......... ..........  4% 2.25M 13m29s
 17250K .......... .......... .......... .......... ..........  4% 2.59M 13m27s
 17300K .......... .......... .......... .......... ..........  4% 2.56M 13m25s
 17350K .......... .......... .......... .......... ..........  4% 2.14M 13m23s
 17400K .......... .......... .......... .......... ..........  4% 2.49M 13m21s
 17450K .......... .......... .......... .......... ..........  4% 2.09M 13m19s
 17500K .......... .......... .......... .......... ..........  4% 2.39M 13m17s
 17550K .......... .......... .......... .......... ..........  4% 2.36M 13m15s
 17600K .......... .......... .......... .......... ..........  4% 1.99M 13m13s
 17650K .......... .......... .......... .......... ..........  4% 2.30M 13m12s
 17700K .......... .......... .......... .......... ..........  4% 1.93M 13m10s
 17750K .......... .......... .......... .......... ..........  4% 2.23M 13m8s
 17800K .......... .......... .......... .......... ..........  4% 2.21M 13m6s
 17850K .......... .......... .......... .......... ..........  4% 1.84M 13m4s
 17900K .......... .......... .......... .......... ..........  4% 2.15M 13m2s
 17950K .......... .......... .......... .......... ..........  4% 1.56M 13m1s
 18000K .......... .......... .......... .......... ..........  4% 1.23M 12m59s
 18050K .......... .......... .......... .......... ..........  4% 1.93M 12m58s
 18100K .......... .......... .......... .......... ..........  4%  306K 12m59s
 18150K .......... .......... .......... .......... ..........  4% 2.05M 12m57s
 18200K .......... .......... .......... .......... ..........  4% 1017K 12m56s
 18250K .......... .......... .......... .......... ..........  4% 1.51M 12m54s
 18300K .......... .......... .......... .......... ..........  4% 1.90M 12m53s
 18350K .......... .......... .......... .......... ..........  4%  982K 12m51s
 18400K .......... .......... .......... .......... ..........  4% 1.14M 12m50s
 18450K .......... .......... .......... .......... ..........  4%  506K 12m50s
 18500K .......... .......... .......... .......... ..........  4%  768K 12m49s
 18550K .......... .......... .......... .......... ..........  4%  889K 12m48s
 18600K .......... .......... .......... .......... ..........  4% 1.49M 12m47s
 18650K .......... .......... .......... .......... ..........  4% 1.37M 12m45s
 18700K .......... .......... .......... .......... ..........  4% 1.50M 12m44s
 18750K .......... .......... .......... .......... ..........  4% 1.73M 12m42s
 18800K .......... .......... .......... .......... ..........  4% 1.13M 12m41s
 18850K .......... .......... .......... .......... ..........  4%  266K 12m42s
 18900K .......... .......... .......... .......... ..........  4% 1.49M 12m41s
 18950K .......... .......... .......... .......... ..........  4%  901K 12m40s
 19000K .......... .......... .......... .......... ..........  4%  345K 12m41s
 19050K .......... .......... .......... .......... ..........  4% 2.21M 12m39s
 19100K .......... .......... .......... .......... ..........  4% 1.37M 12m38s
 19150K .......... .......... .......... .......... ..........  4% 1.28M 12m36s
 19200K .......... .......... .......... .......... ..........  4% 1.37M 12m35s
 19250K .......... .......... .......... .......... ..........  4% 1.38M 12m34s
 19300K .......... .......... .......... .......... ..........  4% 1.80M 12m32s
 19350K .......... .......... .......... .......... ..........  4%  354K 12m33s
 19400K .......... .......... .......... .......... ..........  4% 3.18M 12m31s
 19450K .......... .......... .......... .......... ..........  4%  671K 12m30s
 19500K .......... .......... .......... .......... ..........  4% 1.24M 12m29s
 19550K .......... .......... .......... .......... ..........  4% 2.31M 12m28s
 19600K .......... .......... .......... .......... ..........  4% 1.18M 12m26s
 19650K .......... .......... .......... .......... ..........  4% 1.50M 12m25s
 19700K .......... .......... .......... .......... ..........  4% 1.76M 12m24s
 19750K .......... .......... .......... .......... ..........  5%  446K 12m24s
 19800K .......... .......... .......... .......... ..........  5%  773K 12m23s
 19850K .......... .......... .......... .......... ..........  5%  789K 12m22s
 19900K .......... .......... .......... .......... ..........  5% 1.07M 12m21s
 19950K .......... .......... .......... .......... ..........  5% 1.32M 12m20s
 20000K .......... .......... .......... .......... ..........  5% 1.33M 12m19s
 20050K .......... .......... .......... .......... ..........  5% 1.49M 12m17s
 20100K .......... .......... .......... .......... ..........  5% 1.27M 12m16s
 20150K .......... .......... .......... .......... ..........  5%  567K 12m16s
 20200K .......... .......... .......... .......... ..........  5% 1.96M 12m14s
 20250K .......... .......... .......... .......... ..........  5% 1.46M 12m13s
 20300K .......... .......... .......... .......... ..........  5% 1.08M 12m12s
 20350K .......... .......... .......... .......... ..........  5%  522K 12m12s
 20400K .......... .......... .......... .......... ..........  5% 1.64M 12m10s
 20450K .......... .......... .......... .......... ..........  5% 1.49M 12m9s
 20500K .......... .......... .......... .......... ..........  5% 1.11M 12m8s
 20550K .......... .......... .......... .......... ..........  5% 1.32M 12m7s
 20600K .......... .......... .......... .......... ..........  5%  513K 12m7s
 20650K .......... .......... .......... .......... ..........  5% 1.49M 12m6s
 20700K .......... .......... .......... .......... ..........  5%  876K 12m5s
 20750K .......... .......... .......... .......... ..........  5%  408K 12m5s
 20800K .......... .......... .......... .......... ..........  5%  774K 12m4s
 20850K .......... .......... .......... .......... ..........  5%  775K 12m4s
 20900K .......... .......... .......... .......... ..........  5%  808K 12m3s
 20950K .......... .......... .......... .......... ..........  5%  415K 12m3s
 21000K .......... .......... .......... .......... ..........  5% 1.17M 12m2s
 21050K .......... .......... .......... .......... ..........  5% 1.50M 12m1s
 21100K .......... .......... .......... .......... ..........  5% 1.12M 12m0s
 21150K .......... .......... .......... .......... ..........  5% 1.41M 11m59s
 21200K .......... .......... .......... .......... ..........  5% 1.10M 11m58s
 21250K .......... .......... .......... .......... ..........  5% 1.05M 11m57s
 21300K .......... .......... .......... .......... ..........  5%  905K 11m56s
 21350K .......... .......... .......... .......... ..........  5% 1.02M 11m55s
 21400K .......... .......... .......... .......... ..........  5%  421K 11m55s
 21450K .......... .......... .......... .......... ..........  5%  535K 11m55s
 21500K .......... .......... .......... .......... ..........  5%  396K 11m56s
 21550K .......... .......... .......... .......... ..........  5% 1.73M 11m55s
 21600K .......... .......... .......... .......... ..........  5% 1.11M 11m54s
 21650K .......... .......... .......... .......... ..........  5% 1020K 11m53s
 21700K .......... .......... .......... .......... ..........  5%  779K 11m52s
 21750K .......... .......... .......... .......... ..........  5% 1.08M 11m51s
 21800K .......... .......... .......... .......... ..........  5% 1.31M 11m50s
 21850K .......... .......... .......... .......... ..........  5%  935K 11m49s
 21900K .......... .......... .......... .......... ..........  5% 1.32M 11m48s
 21950K .......... .......... .......... .......... ..........  5%  365K 11m49s
 22000K .......... .......... .......... .......... ..........  5%  632K 11m48s
 22050K .......... .......... .......... .......... ..........  5%  455K 11m48s
 22100K .......... .......... .......... .......... ..........  5% 1.05M 11m48s
 22150K .......... .......... .......... .......... ..........  5% 1.24M 11m47s
 22200K .......... .......... .......... .......... ..........  5% 1.26M 11m46s
 22250K .......... .......... .......... .......... ..........  5% 1.15M 11m45s
 22300K .......... .......... .......... .......... ..........  5% 1.09M 11m44s
 22350K .......... .......... .......... .......... ..........  5% 1.09M 11m43s
 22400K .......... .......... .......... .......... ..........  5% 1.35M 11m42s
 22450K .......... .......... .......... .......... ..........  5%  929K 11m41s
 22500K .......... .......... .......... .......... ..........  5%  391K 11m41s
 22550K .......... .......... .......... .......... ..........  5% 1.42M 11m40s
 22600K .......... .......... .......... .......... ..........  5%  975K 11m39s
 22650K .......... .......... .......... .......... ..........  5% 1.29M 11m38s
 22700K .......... .......... .......... .......... ..........  5%  292K 11m40s
 22750K .......... .......... .......... .......... ..........  5% 1.35M 11m39s
 22800K .......... .......... .......... .......... ..........  5% 1.33M 11m38s
 22850K .......... .......... .......... .......... ..........  5% 1.13M 11m37s
 22900K .......... .......... .......... .......... ..........  5% 1.32M 11m36s
 22950K .......... .......... .......... .......... ..........  5%  429K 11m36s
 23000K .......... .......... .......... .......... ..........  5% 1.28M 11m35s
 23050K .......... .......... .......... .......... ..........  5% 1.26M 11m34s
 23100K .......... .......... .......... .......... ..........  5% 1.10M 11m33s
 23150K .......... .......... .......... .......... ..........  5% 1.26M 11m32s
 23200K .......... .......... .......... .......... ..........  5% 1.06M 11m31s
 23250K .......... .......... .......... .......... ..........  5% 1.13M 11m30s
 23300K .......... .......... .......... .......... ..........  5%  408K 11m31s
 23350K .......... .......... .......... .......... ..........  5%  606K 11m31s
 23400K .......... .......... .......... .......... ..........  5%  566K 11m30s
 23450K .......... .......... .......... .......... ..........  5%  521K 11m30s
 23500K .......... .......... .......... .......... ..........  5%  656K 11m30s
 23550K .......... .......... .......... .......... ..........  5%  737K 11m29s
 23600K .......... .......... .......... .......... ..........  5%  524K 11m29s
 23650K .......... .......... .......... .......... ..........  5% 1.03M 11m29s
 23700K .......... .......... .......... .......... ..........  6%  222K 11m31s
 23750K .......... .......... .......... .......... ..........  6% 1.04M 11m30s
 23800K .......... .......... .......... .......... ..........  6%  931K 11m29s
 23850K .......... .......... .......... .......... ..........  6%  288K 11m30s
 23900K .......... .......... .......... .......... ..........  6% 1.10M 11m29s
 23950K .......... .......... .......... .......... ..........  6%  999K 11m29s
 24000K .......... .......... .......... .......... ..........  6% 1.10M 11m28s
 24050K .......... .......... .......... .......... ..........  6% 1.10M 11m27s
 24100K .......... .......... .......... .......... ..........  6%  962K 11m26s
 24150K .......... .......... .......... .......... ..........  6%  339K 11m27s
 24200K .......... .......... .......... .......... ..........  6%  944K 11m26s
 24250K .......... .......... .......... .......... ..........  6% 1.07M 11m26s
 24300K .......... .......... .......... .......... ..........  6% 1.07M 11m25s
 24350K .......... .......... .......... .......... ..........  6%  895K 11m24s
 24400K .......... .......... .......... .......... ..........  6% 1.03M 11m23s
 24450K .......... .......... .......... .......... ..........  6%  905K 11m23s
 24500K .......... .......... .......... .......... ..........  6%  979K 11m22s
 24550K .......... .......... .......... .......... ..........  6%  473K 11m22s
 24600K .......... .......... .......... .......... ..........  6%  746K 11m22s
 24650K .......... .......... .......... .......... ..........  6%  362K 11m22s
 24700K .......... .......... .......... .......... ..........  6%  482K 11m22s
 24750K .......... .......... .......... .......... ..........  6%  650K 11m22s
 24800K .......... .......... .......... .......... ..........  6%  685K 11m22s
 24850K .......... .......... .......... .......... ..........  6%  336K 11m22s
 24900K .......... .......... .......... .......... ..........  6%  406K 11m23s
 24950K .......... .......... .......... .......... ..........  6%  304K 11m24s
 25000K .......... .......... .......... .......... ..........  6%  713K 11m23s
 25050K .......... .......... .......... .......... ..........  6%  354K 11m24s
 25100K .......... .......... .......... .......... ..........  6%  866K 11m23s
 25150K .......... .......... .......... .......... ..........  6%  921K 11m23s
 25200K .......... .......... .......... .......... ..........  6%  856K 11m22s
 25250K .......... .......... .......... .......... ..........  6%  972K 11m21s
 25300K .......... .......... .......... .......... ..........  6%  962K 11m21s
 25350K .......... .......... .......... .......... ..........  6%  817K 11m20s
 25400K .......... .......... .......... .......... ..........  6%  950K 11m19s
 25450K .......... .......... .......... .......... ..........  6%  814K 11m19s
 25500K .......... .......... .......... .......... ..........  6%  938K 11m18s
 25550K .......... .......... .......... .......... ..........  6%  935K 11m18s
 25600K .......... .......... .......... .......... ..........  6%  801K 11m17s
 25650K .......... .......... .......... .......... ..........  6%  924K 11m16s
 25700K .......... .......... .......... .......... ..........  6%  785K 11m16s
 25750K .......... .......... .......... .......... ..........  6%  890K 11m15s
 25800K .......... .......... .......... .......... ..........  6%  907K 11m15s
 25850K .......... .......... .......... .......... ..........  6%  774K 11m14s
 25900K .......... .......... .......... .......... ..........  6%  885K 11m14s
 25950K .......... .......... .......... .......... ..........  6%  775K 11m13s
 26000K .......... .......... .......... .......... ..........  6%  885K 11m13s
 26050K .......... .......... .......... .......... ..........  6%  883K 11m12s
 26100K .......... .......... .......... .......... ..........  6%  755K 11m12s
 26150K .......... .......... .......... .......... ..........  6%  873K 11m11s
 26200K .......... .......... .......... .......... ..........  6%  741K 11m11s
 26250K .......... .......... .......... .......... ..........  6%  866K 11m10s
 26300K .......... .......... .......... .......... ..........  6%  861K 11m10s
 26350K .......... .......... .......... .......... ..........  6%  732K 11m9s
 26400K .......... .......... .......... .......... ..........  6%  851K 11m9s
 26450K .......... .......... .......... .......... ..........  6%  725K 11m8s
 26500K .......... .......... .......... .......... ..........  6%  838K 11m8s
 26550K .......... .......... .......... .......... ..........  6%  838K 11m7s
 26600K .......... .......... .......... .......... ..........  6%  715K 11m7s
 26650K .......... .......... .......... .......... ..........  6%  828K 11m6s
 26700K .......... .......... .......... .......... ..........  6%  707K 11m6s
 26750K .......... .......... .......... .......... ..........  6%  818K 11m5s
 26800K .......... .......... .......... .......... ..........  6%  820K 11m5s
 26850K .......... .......... .......... .......... ..........  6%  694K 11m5s
 26900K .......... .......... .......... .......... ..........  6%  811K 11m4s
 26950K .......... .......... .......... .......... ..........  6%  692K 11m4s
 27000K .......... .......... .......... .......... ..........  6%  797K 11m3s
 27050K .......... .......... .......... .......... ..........  6%  798K 11m3s
 27100K .......... .......... .......... .......... ..........  6%  680K 11m3s
 27150K .......... .......... .......... .......... ..........  6%  789K 11m2s
 27200K .......... .......... .......... .......... ..........  6%  670K 11m2s
 27250K .......... .......... .......... .......... ..........  6%  783K 11m1s
 27300K .......... .......... .......... .......... ..........  6%  776K 11m1s
 27350K .......... .......... .......... .......... ..........  6%  660K 11m1s
 27400K .......... .......... .......... .......... ..........  6%  773K 11m0s
 27450K .......... .......... .......... .......... ..........  6%  654K 11m0s
 27500K .......... .......... .......... .......... ..........  6%  764K 11m0s
 27550K .......... .......... .......... .......... ..........  6%  753K 10m59s
 27600K .......... .......... .......... .......... ..........  6%  648K 10m59s
 27650K .......... .......... .......... .......... ..........  7%  750K 10m59s
 27700K .......... .......... .......... .......... ..........  7%  643K 10m58s
 27750K .......... .......... .......... .......... ..........  7%  745K 10m58s
 27800K .......... .......... .......... .......... ..........  7%  743K 10m57s
 27850K .......... .......... .......... .......... ..........  7%  630K 10m57s
 27900K .......... .......... .......... .......... ..........  7%  736K 10m57s
 27950K .......... .......... .......... .......... ..........  7%  627K 10m57s
 28000K .......... .......... .......... .......... ..........  7%  727K 10m56s
 28050K .......... .......... .......... .......... ..........  7%  725K 10m56s
 28100K .......... .......... .......... .......... ..........  7%  618K 10m56s
 28150K .......... .......... .......... .......... ..........  7%  720K 10m55s
 28200K .......... .......... .......... .......... ..........  7%  611K 10m55s
 28250K .......... .......... .......... .......... ..........  7%  714K 10m55s
 28300K .......... .......... .......... .......... ..........  7%  711K 10m55s
 28350K .......... .......... .......... .......... ..........  7%  604K 10m54s
 28400K .......... .......... .......... .......... ..........  7%  702K 10m54s
 28450K .......... .......... .......... .......... ..........  7%  601K 10m54s
 28500K .......... .......... .......... .......... ..........  7%  696K 10m54s
 28550K .......... .......... .......... .......... ..........  7%  692K 10m53s
 28600K .......... .......... .......... .......... ..........  7%  594K 10m53s
 28650K .......... .......... .......... .......... ..........  7%  682K 10m53s
 28700K .......... .......... .......... .......... ..........  7%  591K 10m53s
 28750K .......... .......... .......... .......... ..........  7%  684K 10m52s
 28800K .......... .......... .......... .......... ..........  7%  679K 10m52s
 28850K .......... .......... .......... .......... ..........  7%  579K 10m52s
 28900K .......... .......... .......... .......... ..........  7%  665K 10m52s
 28950K .......... .......... .......... .......... ..........  7%  575K 10m52s
 29000K .......... .......... .......... .......... ..........  7%  668K 10m51s
 29050K .......... .......... .......... .......... ..........  7%  667K 10m51s
 29100K .......... .......... .......... .......... ..........  7%  568K 10m51s
 29150K .......... .......... .......... .......... ..........  7%  660K 10m51s
 29200K .......... .......... .......... .......... ..........  7%  564K 10m51s
 29250K .......... .......... .......... .......... ..........  7%  651K 10m50s
 29300K .......... .......... .......... .......... ..........  7%  655K 10m50s
 29350K .......... .......... .......... .......... ..........  7%  557K 10m50s
 29400K .......... .......... .......... .......... ..........  7%  649K 10m50s
 29450K .......... .......... .......... .......... ..........  7%  551K 10m50s
 29500K .......... .......... .......... .......... ..........  7%  638K 10m50s
 29550K .......... .......... .......... .......... ..........  7%  641K 10m49s
 29600K .......... .......... .......... .......... ..........  7%  548K 10m49s
 29650K .......... .......... .......... .......... ..........  7%  633K 10m49s
 29700K .......... .......... .......... .......... ..........  7%  541K 10m49s
 29750K .......... .......... .......... .......... ..........  7%  630K 10m49s
 29800K .......... .......... .......... .......... ..........  7%  628K 10m49s
 29850K .......... .......... .......... .......... ..........  7%  535K 10m49s
 29900K .......... .......... .......... .......... ..........  7%  622K 10m48s
 29950K .......... .......... .......... .......... ..........  7%  532K 10m48s
 30000K .......... .......... .......... .......... ..........  7%  615K 10m48s
 30050K .......... .......... .......... .......... ..........  7%  615K 10m48s
 30100K .......... .......... .......... .......... ..........  7%  526K 10m48s
 30150K .......... .......... .......... .......... ..........  7%  610K 10m48s
 30200K .......... .......... .......... .......... ..........  7%  521K 10m48s
 30250K .......... .......... .......... .......... ..........  7%  605K 10m48s
 30300K .......... .......... .......... .......... ..........  7%  606K 10m47s
 30350K .......... .......... .......... .......... ..........  7%  509K 10m48s
 30400K .......... .......... .......... .......... ..........  7%  605K 10m47s
 30450K .......... .......... .......... .......... ..........  7%  513K 10m47s
 30500K .......... .......... .......... .......... ..........  7%  585K 10m47s
 30550K .......... .......... .......... .......... ..........  7%  599K 10m47s
 30600K .......... .......... .......... .......... ..........  7%  507K 10m47s
 30650K .......... .......... .......... .......... ..........  7%  586K 10m47s
 30700K .......... .......... .......... .......... ..........  7%  504K 10m47s
 30750K .......... .......... .......... .......... ..........  7%  585K 10m47s
 30800K .......... .......... .......... .......... ..........  7%  582K 10m47s
 30850K .......... .......... .......... .......... ..........  7%  498K 10m47s
 30900K .......... .......... .......... .......... ..........  7%  579K 10m47s
 30950K .......... .......... .......... .......... ..........  7%  495K 10m47s
 31000K .......... .......... .......... .......... ..........  7%  570K 10m47s
 31050K .......... .......... .......... .......... ..........  7%  575K 10m47s
 31100K .......... .......... .......... .......... ..........  7%  488K 10m47s
 31150K .......... .......... .......... .......... ..........  7%  566K 10m47s
 31200K .......... .......... .......... .......... ..........  7%  485K 10m47s
 31250K .......... .......... .......... .......... ..........  7%  566K 10m47s
 31300K .......... .......... .......... .......... ..........  7%  563K 10m46s
 31350K .......... .......... .......... .......... ..........  7%  476K 10m47s
 31400K .......... .......... .......... .......... ..........  7%  561K 10m46s
 31450K .......... .......... .......... .......... ..........  7%  475K 10m47s
 31500K .......... .......... .......... .......... ..........  7%  556K 10m46s
 31550K .......... .......... .......... .......... ..........  7%  553K 10m46s
 31600K .......... .......... .......... .......... ..........  8%  471K 10m46s
 31650K .......... .......... .......... .......... ..........  8%  550K 10m46s
 31700K .......... .......... .......... .......... ..........  8%  466K 10m47s
 31750K .......... .......... .......... .......... ..........  8%  547K 10m46s
 31800K .......... .......... .......... .......... ..........  8%  545K 10m46s
 31850K .......... .......... .......... .......... ..........  8%  463K 10m47s
 31900K .......... .......... .......... .......... ..........  8%  530K 10m47s
 31950K .......... .......... .......... .......... ..........  8%  468K 10m47s
 32000K .......... .......... .......... .......... ..........  8%  535K 10m47s
 32050K .......... .......... .......... .......... ..........  8%  533K 10m47s
 32100K .......... .......... .......... .......... ..........  8%  458K 10m47s
 32150K .......... .......... .......... .......... ..........  8%  529K 10m47s
 32200K .......... .......... .......... .......... ..........  8%  454K 10m47s
 32250K .......... .......... .......... .......... ..........  8%  527K 10m47s
 32300K .......... .......... .......... .......... ..........  8%  527K 10m47s
 32350K .......... .......... .......... .......... ..........  8%  448K 10m47s
 32400K .......... .......... .......... .......... ..........  8%  519K 10m47s
 32450K .......... .......... .......... .......... ..........  8%  449K 10m47s
 32500K .......... .......... .......... .......... ..........  8%  518K 10m47s
 32550K .......... .......... .......... .......... ..........  8%  516K 10m47s
 32600K .......... .......... .......... .......... ..........  8%  443K 10m47s
 32650K .......... .......... .......... .......... ..........  8%  501K 10m47s
 32700K .......... .......... .......... .......... ..........  8%  439K 10m47s
 32750K .......... .......... .......... .......... ..........  8%  509K 10m47s
 32800K .......... .......... .......... .......... ..........  8%  509K 10m47s
 32850K .......... .......... .......... .......... ..........  8%  436K 10m48s
 32900K .......... .......... .......... .......... ..........  8%  506K 10m48s
 32950K .......... .......... .......... .......... ..........  8%  433K 10m48s
 33000K .......... .......... .......... .......... ..........  8%  498K 10m48s
 33050K .......... .......... .......... .......... ..........  8%  502K 10m48s
 33100K .......... .......... .......... .......... ..........  8%  429K 10m48s
 33150K .......... .......... .......... .......... ..........  8%  497K 10m48s
 33200K .......... .......... .......... .......... ..........  8%  426K 10m48s
 33250K .......... .......... .......... .......... ..........  8%  495K 10m48s
 33300K .......... .......... .......... .......... ..........  8%  494K 10m48s
 33350K .......... .......... .......... .......... ..........  8%  418K 10m49s
 33400K .......... .......... .......... .......... ..........  8%  492K 10m49s
 33450K .......... .......... .......... .......... ..........  8%  421K 10m49s
 33500K .......... .......... .......... .......... ..........  8%  484K 10m49s
 33550K .......... .......... .......... .......... ..........  8%  487K 10m49s
 33600K .......... .......... .......... .......... ..........  8%  417K 10m49s
 33650K .......... .......... .......... .......... ..........  8%  482K 10m49s
 33700K .......... .......... .......... .......... ..........  8%  505K 10m49s
 33750K .......... .......... .......... .......... ..........  8% 3.90M 10m48s
 33800K .......... .......... .......... .......... ..........  8% 3.35M 10m48s
 33850K .......... .......... .......... .......... ..........  8% 2.96M 10m47s
 33900K .......... .......... .......... .......... ..........  8% 3.39M 10m46s
 33950K .......... .......... .......... .......... ..........  8% 2.87M 10m45s
 34000K .......... .......... .......... .......... ..........  8% 3.27M 10m44s
 34050K .......... .......... .......... .......... ..........  8% 3.11M 10m43s
 34100K .......... .......... .......... .......... ..........  8% 2.69M 10m42s
 34150K .......... .......... .......... .......... ..........  8% 3.07M 10m41s
 34200K .......... .......... .......... .......... ..........  8% 2.50M 10m41s
 34250K .......... .......... .......... .......... ..........  8% 2.99M 10m40s
 34300K .......... .......... .......... .......... ..........  8% 3.09M 10m39s
 34350K .......... .......... .......... .......... ..........  8% 2.53M 10m38s
 34400K .......... .......... .......... .......... ..........  8% 2.94M 10m37s
 34450K .......... .......... .......... .......... ..........  8% 2.50M 10m36s
 34500K .......... .......... .......... .......... ..........  8% 2.81M 10m36s
 34550K .......... .......... .......... .......... ..........  8% 2.76M 10m35s
 34600K .......... .......... .......... .......... ..........  8% 2.37M 10m34s
 34650K .......... .......... .......... .......... ..........  8% 2.65M 10m33s
 34700K .......... .......... .......... .......... ..........  8% 2.27M 10m32s
 34750K .......... .......... .......... .......... ..........  8% 2.60M 10m32s
 34800K .......... .......... .......... .......... ..........  8% 2.55M 10m31s
 34850K .......... .......... .......... .......... ..........  8% 2.16M 10m30s
 34900K .......... .......... .......... .......... ..........  8% 2.46M 10m29s
 34950K .......... .......... .......... .......... ..........  8% 2.11M 10m29s
 35000K .......... .......... .......... .......... ..........  8% 2.40M 10m28s
 35050K .......... .......... .......... .......... ..........  8% 2.36M 10m27s
 35100K .......... .......... .......... .......... ..........  8% 2.01M 10m26s
 35150K .......... .......... .......... .......... ..........  8% 2.30M 10m26s
 35200K .......... .......... .......... .......... ..........  8% 1.93M 10m25s
 35250K .......... .......... .......... .......... ..........  8% 2.10M 10m24s
 35300K .......... .......... .......... .......... ..........  8% 2.22M 10m23s
 35350K .......... .......... .......... .......... ..........  8% 1.83M 10m23s
 35400K .......... .......... .......... .......... ..........  8% 2.13M 10m22s
 35450K .......... .......... .......... .......... ..........  8% 1.83M 10m21s
 35500K .......... .......... .......... .......... ..........  8% 2.05M 10m21s
 35550K .......... .......... .......... .......... ..........  9% 2.08M 10m20s
 35600K .......... .......... .......... .......... ..........  9% 1.75M 10m19s
 35650K .......... .......... .......... .......... ..........  9% 1.97M 10m18s
 35700K .......... .......... .......... .......... ..........  9% 1.71M 10m18s
 35750K .......... .......... .......... .......... ..........  9% 1.95M 10m17s
 35800K .......... .......... .......... .......... ..........  9% 1.94M 10m16s
 35850K .......... .......... .......... .......... ..........  9% 1.63M 10m16s
 35900K .......... .......... .......... .......... ..........  9% 1.89M 10m15s
 35950K .......... .......... .......... .......... ..........  9% 1.60M 10m14s
 36000K .......... .......... .......... .......... ..........  9% 1.83M 10m14s
 36050K .......... .......... .......... .......... ..........  9% 1.81M 10m13s
 36100K .......... .......... .......... .......... ..........  9% 1.55M 10m12s
 36150K .......... .......... .......... .......... ..........  9% 1.77M 10m12s
 36200K .......... .......... .......... .......... ..........  9% 1.49M 10m11s
 36250K .......... .......... .......... .......... ..........  9% 1.74M 10m11s
 36300K .......... .......... .......... .......... ..........  9% 1.72M 10m10s
 36350K .......... .......... .......... .......... ..........  9% 1.45M 10m9s
 36400K .......... .......... .......... .......... ..........  9% 1.68M 10m9s
 36450K .......... .......... .......... .......... ..........  9% 1.43M 10m8s
 36500K .......... .......... .......... .......... ..........  9% 1.63M 10m7s
 36550K .......... .......... .......... .......... ..........  9% 1.62M 10m7s
 36600K .......... .......... .......... .......... ..........  9% 1.38M 10m6s
 36650K .......... .......... .......... .......... ..........  9% 1.60M 10m6s
 36700K .......... .......... .......... .......... ..........  9% 1.35M 10m5s
 36750K .......... .......... .......... .......... ..........  9% 1.57M 10m4s
 36800K .......... .......... .......... .......... ..........  9% 1.55M 10m4s
 36850K .......... .......... .......... .......... ..........  9% 1.30M 10m3s
 36900K .......... .......... .......... .......... ..........  9% 1.52M 10m3s
 36950K .......... .......... .......... .......... ..........  9% 1.29M 10m2s
 37000K .......... .......... .......... .......... ..........  9% 1.48M 10m2s
 37050K .......... .......... .......... .......... ..........  9% 1.47M 10m1s
 37100K .......... .......... .......... .......... ..........  9% 1.23M 10m1s
 37150K .......... .......... .......... .......... ..........  9% 1.43M 10m0s
 37200K .......... .......... .......... .......... ..........  9% 1.23M 9m59s
 37250K .......... .......... .......... .......... ..........  9% 1.42M 9m59s
 37300K .......... .......... .......... .......... ..........  9% 1.41M 9m58s
 37350K .......... .......... .......... .......... ..........  9% 1.19M 9m58s
 37400K .......... .......... .......... .......... ..........  9% 1.39M 9m57s
 37450K .......... .......... .......... .......... ..........  9% 1.18M 9m57s
 37500K .......... .......... .......... .......... ..........  9% 1.35M 9m56s
 37550K .......... .......... .......... .......... ..........  9% 1.34M 9m56s
 37600K .......... .......... .......... .......... ..........  9%  283K 9m57s
 37650K .......... .......... .......... .......... ..........  9% 1.32M 9m56s
 37700K .......... .......... .......... .......... ..........  9%  490K 9m56s
 37750K .......... .......... .......... .......... ..........  9%  286K 9m57s
 37800K .......... .......... .......... .......... ..........  9% 35.2K 10m9s
 37850K .......... .......... .......... .......... ..........  9%  302K 10m10s
 37900K .......... .......... .......... .......... ..........  9%  241K 10m11s
 37950K .......... .......... .......... .......... ..........  9% 33.2K 10m24s
 38000K .......... .......... .......... .......... ..........  9% 1.07M 10m24s
 38050K .......... .......... .......... .......... ..........  9% 3.40M 10m23s
 38100K .......... .......... .......... .......... ..........  9% 2.87M 10m22s
 38150K .......... .......... .......... .......... ..........  9% 3.28M 10m22s
 38200K .......... .......... .......... .......... ..........  9% 2.74M 10m21s
 38250K .......... .......... .......... .......... ..........  9% 1.05M 10m21s
 38300K .......... .......... .......... .......... ..........  9% 3.10M 10m20s
 38350K .......... .......... .......... .......... ..........  9% 2.37M 10m19s
 38400K .......... .......... .......... .......... ..........  9% 3.04M 10m18s
 38450K .......... .......... .......... .......... ..........  9% 2.51M 10m18s
 38500K .......... .......... .......... .......... ..........  9% 2.84M 10m17s
 38550K .......... .......... .......... .......... ..........  9% 2.83M 10m16s
 38600K .......... .......... .......... .......... ..........  9% 2.39M 10m15s
 38650K .......... .......... .......... .......... ..........  9%  421K 10m16s
 38700K .......... .......... .......... .......... ..........  9%  494K 10m16s
 38750K .......... .......... .......... .......... ..........  9% 1.52M 10m15s
 38800K .......... .......... .......... .......... ..........  9%  380K 10m15s
 38850K .......... .......... .......... .......... ..........  9%  509K 10m16s
 38900K .......... .......... .......... .......... ..........  9% 2.44M 10m15s
 38950K .......... .......... .......... .......... ..........  9%  962K 10m14s
 39000K .......... .......... .......... .......... ..........  9%  426K 10m15s
 39050K .......... .......... .......... .......... ..........  9%  174K 10m16s
 39100K .......... .......... .......... .......... ..........  9%  259K 10m17s
 39150K .......... .......... .......... .......... ..........  9%  809K 10m17s
 39200K .......... .......... .......... .......... ..........  9% 26.9K 10m33s
 39250K .......... .......... .......... .......... ..........  9%  302K 10m33s
 39300K .......... .......... .......... .......... ..........  9%  526K 10m33s
 39350K .......... .......... .......... .......... ..........  9%  259K 10m34s
 39400K .......... .......... .......... .......... ..........  9%  363K 10m35s
 39450K .......... .......... .......... .......... ..........  9%  609K 10m35s
 39500K .......... .......... .......... .......... .......... 10%  589K 10m34s
 39550K .......... .......... .......... .......... .......... 10% 4.63M 10m34s
 39600K .......... .......... .......... .......... .......... 10%  766K 10m33s
 39650K .......... .......... .......... .......... .......... 10%  529K 10m33s
 39700K .......... .......... .......... .......... .......... 10%  587K 10m33s
 39750K .......... .......... .......... .......... .......... 10%  568K 10m33s
 39800K .......... .......... .......... .......... .......... 10%  537K 10m33s
 39850K .......... .......... .......... .......... .......... 10%  400K 10m33s
 39900K .......... .......... .......... .......... .......... 10%  841K 10m33s
 39950K .......... .......... .......... .......... .......... 10%  723K 10m33s
 40000K .......... .......... .......... .......... .......... 10%  610K 10m32s
 40050K .......... .......... .......... .......... .......... 10%  199K 10m34s
 40100K .......... .......... .......... .......... .......... 10%  117K 10m37s
 40150K .......... .......... .......... .......... .......... 10%  561K 10m37s
 40200K .......... .......... .......... .......... .......... 10%  491K 10m37s
 40250K .......... .......... .......... .......... .......... 10%  909K 10m36s
 40300K .......... .......... .......... .......... .......... 10%  927K 10m36s
 40350K .......... .......... .......... .......... .......... 10%  632K 10m36s
 40400K .......... .......... .......... .......... .......... 10%  308K 10m36s
 40450K .......... .......... .......... .......... .......... 10%  165K 10m38s
 40500K .......... .......... .......... .......... .......... 10%  221K 10m39s
 40550K .......... .......... .......... .......... .......... 10%  144K 10m41s
 40600K .......... .......... .......... .......... .......... 10%  248K 10m42s
 40650K .......... .......... .......... .......... .......... 10%  191K 10m43s
 40700K .......... .......... .......... .......... .......... 10%  393K 10m44s
 40750K .......... .......... .......... .......... .......... 10% 1.13M 10m43s
 40800K .......... .......... .......... .......... .......... 10% 1.04M 10m43s
 40850K .......... .......... .......... .......... .......... 10%  495K 10m43s
 40900K .......... .......... .......... .......... .......... 10%  234K 10m44s
 40950K .......... .......... .......... .......... .......... 10%  160K 10m46s
 41000K .......... .......... .......... .......... .......... 10%  542K 10m45s
 41050K .......... .......... .......... .......... .......... 10%  835K 10m45s
 41100K .......... .......... .......... .......... .......... 10%  399K 10m45s
 41150K .......... .......... .......... .......... .......... 10%  732K 10m45s
 41200K .......... .......... .......... .......... .......... 10%  217K 10m46s
 41250K .......... .......... .......... .......... .......... 10% 1.32M 10m46s
 41300K .......... .......... .......... .......... .......... 10%  401K 10m46s
 41350K .......... .......... .......... .......... .......... 10%  601K 10m46s
 41400K .......... .......... .......... .......... .......... 10%  505K 10m46s
 41450K .......... .......... .......... .......... .......... 10%  453K 10m46s
 41500K .......... .......... .......... .......... .......... 10%  524K 10m46s
 41550K .......... .......... .......... .......... .......... 10%  356K 10m46s
 41600K .......... .......... .......... .......... .......... 10%  509K 10m46s
 41650K .......... .......... .......... .......... .......... 10%  619K 10m46s
 41700K .......... .......... .......... .......... .......... 10%  361K 10m46s
 41750K .......... .......... .......... .......... .......... 10%  427K 10m46s
 41800K .......... .......... .......... .......... .......... 10%  240K 10m47s
 41850K .......... .......... .......... .......... .......... 10%  598K 10m47s
 41900K .......... .......... .......... .......... .......... 10%  497K 10m47s
 41950K .......... .......... .......... .......... .......... 10% 1.12M 10m46s
 42000K .......... .......... .......... .......... .......... 10% 1.10M 10m46s
 42050K .......... .......... .......... .......... .......... 10%  427K 10m46s
 42100K .......... .......... .......... .......... .......... 10%  582K 10m46s
 42150K .......... .......... .......... .......... .......... 10%  216K 10m47s
 42200K .......... .......... .......... .......... .......... 10%  265K 10m48s
 42250K .......... .......... .......... .......... .......... 10%  283K 10m48s
 42300K .......... .......... .......... .......... .......... 10%  248K 10m49s
 42350K .......... .......... .......... .......... .......... 10%  358K 10m49s
 42400K .......... .......... .......... .......... .......... 10%  649K 10m49s
 42450K .......... .......... .......... .......... .......... 10%  400K 10m49s
 42500K .......... .......... .......... .......... .......... 10% 1.06M 10m49s
 42550K .......... .......... .......... .......... .......... 10%  590K 10m49s
 42600K .......... .......... .......... .......... .......... 10%  485K 10m49s
 42650K .......... .......... .......... .......... .......... 10%  393K 10m49s
 42700K .......... .......... .......... .......... .......... 10%  327K 10m49s
 42750K .......... .......... .......... .......... .......... 10%  612K 10m49s
 42800K .......... .......... .......... .......... .......... 10%  775K 10m49s
 42850K .......... .......... .......... .......... .......... 10%  200K 10m50s
 42900K .......... .......... .......... .......... .......... 10%  169K 10m52s
 42950K .......... .......... .......... .......... .......... 10%  240K 10m52s
 43000K .......... .......... .......... .......... .......... 10%  203K 10m54s
 43050K .......... .......... .......... .......... .......... 10%  184K 10m55s
 43100K .......... .......... .......... .......... .......... 10% 2.19M 10m54s
 43150K .......... .......... .......... .......... .......... 10% 1.27M 10m54s
 43200K .......... .......... .......... .......... .......... 10%  593K 10m54s
 43250K .......... .......... .......... .......... .......... 10% 1.20M 10m53s
 43300K .......... .......... .......... .......... .......... 10%  518K 10m53s
 43350K .......... .......... .......... .......... .......... 10%  706K 10m53s
 43400K .......... .......... .......... .......... .......... 10%  584K 10m53s
 43450K .......... .......... .......... .......... .......... 11%  954K 10m52s
 43500K .......... .......... .......... .......... .......... 11%  288K 10m53s
 43550K .......... .......... .......... .......... .......... 11%  301K 10m53s
 43600K .......... .......... .......... .......... .......... 11%  469K 10m53s
 43650K .......... .......... .......... .......... .......... 11%  858K 10m53s
 43700K .......... .......... .......... .......... .......... 11%  368K 10m53s
 43750K .......... .......... .......... .......... .......... 11%  309K 10m54s
 43800K .......... .......... .......... .......... .......... 11%  335K 10m54s
 43850K .......... .......... .......... .......... .......... 11%  369K 10m54s
 43900K .......... .......... .......... .......... .......... 11%  186K 10m56s
 43950K .......... .......... .......... .......... .......... 11% 86.2K 10m59s
 44000K .......... .......... .......... .......... .......... 11% 2.24M 10m59s
 44050K .......... .......... .......... .......... .......... 11% 2.32M 10m58s
 44100K .......... .......... .......... .......... .......... 11% 1.86M 10m57s
 44150K .......... .......... .......... .......... .......... 11%  932K 10m57s
 44200K .......... .......... .......... .......... .......... 11%  396K 10m57s
 44250K .......... .......... .......... .......... .......... 11%  643K 10m57s
 44300K .......... .......... .......... .......... .......... 11%  195K 10m58s
 44350K .......... .......... .......... .......... .......... 11%  136K 11m0s
 44400K .......... .......... .......... .......... .......... 11% 1.06M 11m0s
 44450K .......... .......... .......... .......... .......... 11% 1.10M 10m59s
 44500K .......... .......... .......... .......... .......... 11% 1.69M 10m59s
 44550K .......... .......... .......... .......... .......... 11% 1.08M 10m58s
 44600K .......... .......... .......... .......... .......... 11% 1.02M 10m58s
 44650K .......... .......... .......... .......... .......... 11%  995K 10m57s
 44700K .......... .......... .......... .......... .......... 11% 1.16M 10m57s
 44750K .......... .......... .......... .......... .......... 11%  975K 10m56s
 44800K .......... .......... .......... .......... .......... 11% 1002K 10m56s
 44850K .......... .......... .......... .......... .......... 11% 1.37M 10m55s
 44900K .......... .......... .......... .......... .......... 11% 1.19M 10m55s
 44950K .......... .......... .......... .......... .......... 11% 1.02M 10m54s
 45000K .......... .......... .......... .......... .......... 11% 1.20M 10m54s
 45050K .......... .......... .......... .......... .......... 11%  336K 10m54s
 45100K .......... .......... .......... .......... .......... 11%  456K 10m54s
 45150K .......... .......... .......... .......... .......... 11%  729K 10m54s
 45200K .......... .......... .......... .......... .......... 11%  518K 10m54s
 45250K .......... .......... .......... .......... .......... 11% 1010K 10m53s
 45300K .......... .......... .......... .......... .......... 11%  422K 10m54s
 45350K .......... .......... .......... .......... .......... 11%  991K 10m53s
 45400K .......... .......... .......... .......... .......... 11%  730K 10m53s
 45450K .......... .......... .......... .......... .......... 11%  273K 10m53s
 45500K .......... .......... .......... .......... .......... 11%  418K 10m54s
 45550K .......... .......... .......... .......... .......... 11% 1.53M 10m53s
 45600K .......... .......... .......... .......... .......... 11% 1.56M 10m52s
 45650K .......... .......... .......... .......... .......... 11%  565K 10m52s
 45700K .......... .......... .......... .......... .......... 11%  423K 10m52s
 45750K .......... .......... .......... .......... .......... 11%  848K 10m52s
 45800K .......... .......... .......... .......... .......... 11%  204K 10m53s
 45850K .......... .......... .......... .......... .......... 11%  555K 10m53s
 45900K .......... .......... .......... .......... .......... 11%  234K 10m54s
 45950K .......... .......... .......... .......... .......... 11% 34.2K 11m4s
 46000K .......... .......... .......... .......... .......... 11% 1.02M 11m4s
 46050K .......... .......... .......... .......... .......... 11%  988K 11m3s
 46100K .......... .......... .......... .......... .......... 11% 4.50M 11m2s
 46150K .......... .......... .......... .......... .......... 11% 4.98M 11m2s
 46200K .......... .......... .......... .......... .......... 11%  229K 11m3s
 46250K .......... .......... .......... .......... .......... 11% 1.75M 11m2s
 46300K .......... .......... .......... .......... .......... 11% 2.26M 11m1s
 46350K .......... .......... .......... .......... .......... 11% 2.68M 11m1s
 46400K .......... .......... .......... .......... .......... 11% 3.93M 11m0s
 46450K .......... .......... .......... .......... .......... 11%  232K 11m1s
 46500K .......... .......... .......... .......... .......... 11% 1.44M 11m0s
 46550K .......... .......... .......... .......... .......... 11% 1.91M 11m0s
 46600K .......... .......... .......... .......... .......... 11% 3.05M 10m59s
 46650K .......... .......... .......... .......... .......... 11% 5.26M 10m58s
 46700K .......... .......... .......... .......... .......... 11% 4.78M 10m57s
 46750K .......... .......... .......... .......... .......... 11% 5.25M 10m57s
 46800K .......... .......... .......... .......... .......... 11% 4.02M 10m56s
 46850K .......... .......... .......... .......... .......... 11% 5.28M 10m55s
 46900K .......... .......... .......... .......... .......... 11% 5.23M 10m55s
 46950K .......... .......... .......... .......... .......... 11% 4.23M 10m54s
 47000K .......... .......... .......... .......... .......... 11%  898K 10m53s
 47050K .......... .......... .......... .......... .......... 11%  249K 10m54s
 47100K .......... .......... .......... .......... .......... 11% 3.76M 10m53s
 47150K .......... .......... .......... .......... .......... 11%  360K 10m54s
 47200K .......... .......... .......... .......... .......... 11%  271K 10m54s
 47250K .......... .......... .......... .......... .......... 11%  997K 10m54s
 47300K .......... .......... .......... .......... .......... 11%  230K 10m55s
 47350K .......... .......... .......... .......... .......... 11%  688K 10m54s
 47400K .......... .......... .......... .......... .......... 12%  870K 10m54s
 47450K .......... .......... .......... .......... .......... 12%  177K 10m55s
 47500K .......... .......... .......... .......... .......... 12%  321K 10m56s
 47550K .......... .......... .......... .......... .......... 12%  291K 10m56s
 47600K .......... .......... .......... .......... .......... 12%  464K 10m56s
 47650K .......... .......... .......... .......... .......... 12%  990K 10m56s
 47700K .......... .......... .......... .......... .......... 12%  252K 10m56s
 47750K .......... .......... .......... .......... .......... 12% 36.1K 11m6s
 47800K .......... .......... .......... .......... .......... 12%  609K 11m6s
 47850K .......... .......... .......... .......... .......... 12% 3.37M 11m5s
 47900K .......... .......... .......... .......... .......... 12% 1.26M 11m4s
 47950K .......... .......... .......... .......... .......... 12%  153K 11m6s
 48000K .......... .......... .......... .......... .......... 12% 1.09M 11m5s
 48050K .......... .......... .......... .......... .......... 12% 1.94M 11m5s
 48100K .......... .......... .......... .......... .......... 12% 2.86M 11m4s
 48150K .......... .......... .......... .......... .......... 12% 2.91M 11m3s
 48200K .......... .......... .......... .......... .......... 12% 2.53M 11m3s
 48250K .......... .......... .......... .......... .......... 12% 2.84M 11m2s
 48300K .......... .......... .......... .......... .......... 12% 2.38M 11m2s
 48350K .......... .......... .......... .......... .......... 12% 2.72M 11m1s
 48400K .......... .......... .......... .......... .......... 12% 2.68M 11m0s
 48450K .......... .......... .......... .......... .......... 12% 2.26M 11m0s
 48500K .......... .......... .......... .......... .......... 12%  721K 10m59s
 48550K .......... .......... .......... .......... .......... 12%  723K 10m59s
 48600K .......... .......... .......... .......... .......... 12%  241K 11m0s
 48650K .......... .......... .......... .......... .......... 12%  530K 11m0s
 48700K .......... .......... .......... .......... .......... 12%  430K 11m0s
 48750K .......... .......... .......... .......... .......... 12% 1.04M 10m59s
 48800K .......... .......... .......... .......... .......... 12%  590K 10m59s
 48850K .......... .......... .......... .......... .......... 12%  334K 10m59s
 48900K .......... .......... .......... .......... .......... 12%  258K 11m0s
 48950K .......... .......... .......... .......... .......... 12%  481K 11m0s
 49000K .......... .......... .......... .......... .......... 12%  608K 11m0s
 49050K .......... .......... .......... .......... .......... 12%  671K 11m0s
 49100K .......... .......... .......... .......... .......... 12%  948K 10m59s
 49150K .......... .......... .......... .......... .......... 12% 1.22M 10m59s
 49200K .......... .......... .......... .......... .......... 12% 1011K 10m58s
 49250K .......... .......... .......... .......... .......... 12%  883K 10m58s
 49300K .......... .......... .......... .......... .......... 12% 1.08M 10m57s
 49350K .......... .......... .......... .......... .......... 12% 1.20M 10m57s
 49400K .......... .......... .......... .......... .......... 12%  280K 10m57s
 49450K .......... .......... .......... .......... .......... 12% 1.69M 10m57s
 49500K .......... .......... .......... .......... .......... 12% 1.93M 10m56s
 49550K .......... .......... .......... .......... .......... 12%  633K 10m56s
 49600K .......... .......... .......... .......... .......... 12%  736K 10m56s
 49650K .......... .......... .......... .......... .......... 12%  801K 10m56s
 49700K .......... .......... .......... .......... .......... 12%  762K 10m55s
 49750K .......... .......... .......... .......... .......... 12%  507K 10m55s
 49800K .......... .......... .......... .......... .......... 12%  319K 10m55s
 49850K .......... .......... .......... .......... .......... 12%  462K 10m55s
 49900K .......... .......... .......... .......... .......... 12%  563K 10m55s
 49950K .......... .......... .......... .......... .......... 12%  682K 10m55s
 50000K .......... .......... .......... .......... .......... 12%  553K 10m55s
 50050K .......... .......... .......... .......... .......... 12%  263K 10m56s
 50100K .......... .......... .......... .......... .......... 12%  195K 10m57s
 50150K .......... .......... .......... .......... .......... 12%  784K 10m56s
 50200K .......... .......... .......... .......... .......... 12%  659K 10m56s
 50250K .......... .......... .......... .......... .......... 12%  869K 10m56s
 50300K .......... .......... .......... .......... .......... 12%  550K 10m56s
 50350K .......... .......... .......... .......... .......... 12%  140K 10m57s
 50400K .......... .......... .......... .......... .......... 12%  731K 10m57s
 50450K .......... .......... .......... .......... .......... 12%  430K 10m57s
 50500K .......... .......... .......... .......... .......... 12%  565K 10m57s
 50550K .......... .......... .......... .......... .......... 12%  492K 10m57s
 50600K .......... .......... .......... .......... .......... 12%  796K 10m56s
 50650K .......... .......... .......... .......... .......... 12%  486K 10m56s
 50700K .......... .......... .......... .......... .......... 12%  240K 10m57s
 50750K .......... .......... .......... .......... .......... 12%  758K 10m57s
 50800K .......... .......... .......... .......... .......... 12%  234K 10m58s
 50850K .......... .......... .......... .......... .......... 12%  406K 10m58s
 50900K .......... .......... .......... .......... .......... 12%  215K 10m58s
 50950K .......... .......... .......... .......... .......... 12%  263K 10m59s
 51000K .......... .......... .......... .......... .......... 12%  770K 10m59s
 51050K .......... .......... .......... .......... .......... 12% 31.4K 11m9s
 51100K .......... .......... .......... .......... .......... 12%  243K 11m9s
 51150K .......... .......... .......... .......... .......... 12%  582K 11m9s
 51200K .......... .......... .......... .......... .......... 12% 2.33M 11m9s
 51250K .......... .......... .......... .......... .......... 12% 2.48M 11m8s
 51300K .......... .......... .......... .......... .......... 12% 1.39M 11m7s
 51350K .......... .......... .......... .......... .......... 13% 1.81M 11m7s
 51400K .......... .......... .......... .......... .......... 13% 2.56M 11m6s
 51450K .......... .......... .......... .......... .......... 13% 2.84M 11m6s
 51500K .......... .......... .......... .......... .......... 13% 3.50M 11m5s
 51550K .......... .......... .......... .......... .......... 13% 3.15M 11m4s
 51600K .......... .......... .......... .......... .......... 13%  484K 11m4s
 51650K .......... .......... .......... .......... .......... 13%  236K 11m5s
 51700K .......... .......... .......... .......... .......... 13%  319K 11m5s
 51750K .......... .......... .......... .......... .......... 13%  435K 11m5s
 51800K .......... .......... .......... .......... .......... 13%  239K 11m6s
 51850K .......... .......... .......... .......... .......... 13%  725K 11m6s
 51900K .......... .......... .......... .......... .......... 13%  862K 11m5s
 51950K .......... .......... .......... .......... .......... 13%  430K 11m5s
 52000K .......... .......... .......... .......... .......... 13%  270K 11m6s
 52050K .......... .......... .......... .......... .......... 13%  496K 11m6s
 52100K .......... .......... .......... .......... .......... 13%  636K 11m5s
 52150K .......... .......... .......... .......... .......... 13%  288K 11m6s
 52200K .......... .......... .......... .......... .......... 13% 39.9K 11m13s
 52250K .......... .......... .......... .......... .......... 13% 5.04M 11m13s
 52300K .......... .......... .......... .......... .......... 13% 4.52M 11m12s
 52350K .......... .......... .......... .......... .......... 13% 5.33M 11m11s
 52400K .......... .......... .......... .......... .......... 13% 5.57M 11m11s
 52450K .......... .......... .......... .......... .......... 13% 4.36M 11m10s
 52500K .......... .......... .......... .......... .......... 13% 5.34M 11m9s
 52550K .......... .......... .......... .......... .......... 13% 4.60M 11m9s
 52600K .......... .......... .......... .......... .......... 13% 4.93M 11m8s
 52650K .......... .......... .......... .......... .......... 13% 1.58M 11m7s
 52700K .......... .......... .......... .......... .......... 13%  427K 11m7s
 52750K .......... .......... .......... .......... .......... 13%  201K 11m8s
 52800K .......... .......... .......... .......... .......... 13%  221K 11m9s
 52850K .......... .......... .......... .......... .......... 13%  200K 11m10s
 52900K .......... .......... .......... .......... .......... 13%  248K 11m11s
 52950K .......... .......... .......... .......... .......... 13%  571K 11m10s
 53000K .......... .......... .......... .......... .......... 13%  213K 11m11s
 53050K .......... .......... .......... .......... .......... 13%  488K 11m11s
 53100K .......... .......... .......... .......... .......... 13%  169K 11m12s
 53150K .......... .......... .......... .......... .......... 13%  131K 11m14s
 53200K .......... .......... .......... .......... .......... 13%  211K 11m15s
 53250K .......... .......... .......... .......... .......... 13%  336K 11m15s
 53300K .......... .......... .......... .......... .......... 13% 29.2K 11m25s
 53350K .......... .......... .......... .......... .......... 13% 43.5K 11m32s
 53400K .......... .......... .......... .......... .......... 13% 2.01M 11m31s
 53450K .......... .......... .......... .......... .......... 13% 2.30M 11m31s
 53500K .......... .......... .......... .......... .......... 13% 2.71M 11m30s
 53550K .......... .......... .......... .......... .......... 13% 3.65M 11m29s
 53600K .......... .......... .......... .......... .......... 13% 5.15M 11m29s
 53650K .......... .......... .......... .......... .......... 13% 4.97M 11m28s
 53700K .......... .......... .......... .......... .......... 13%  381K 11m28s
 53750K .......... .......... .......... .......... .......... 13%  541K 11m28s
 53800K .......... .......... .......... .......... .......... 13%  178K 11m29s
 53850K .......... .......... .......... .......... .......... 13%  375K 11m29s
 53900K .......... .......... .......... .......... .......... 13%  500K 11m29s
 53950K .......... .......... .......... .......... .......... 13%  403K 11m29s
 54000K .......... .......... .......... .......... .......... 13%  191K 11m30s
 54050K .......... .......... .......... .......... .......... 13%  226K 11m31s
 54100K .......... .......... .......... .......... .......... 13%  761K 11m30s
 54150K .......... .......... .......... .......... .......... 13%  527K 11m30s
 54200K .......... .......... .......... .......... .......... 13%  194K 11m31s
 54250K .......... .......... .......... .......... .......... 13%  527K 11m31s
 54300K .......... .......... .......... .......... .......... 13%  469K 11m31s
 54350K .......... .......... .......... .......... .......... 13%  708K 11m31s
 54400K .......... .......... .......... .......... .......... 13%  198K 11m31s
 54450K .......... .......... .......... .......... .......... 13%  174K 11m32s
 54500K .......... .......... .......... .......... .......... 13%  215K 11m33s
 54550K .......... .......... .......... .......... .......... 13%  147K 11m35s
 54600K .......... .......... .......... .......... .......... 13%  454K 11m34s
 54650K .......... .......... .......... .......... .......... 13%  253K 11m35s
 54700K .......... .......... .......... .......... .......... 13%  199K 11m36s
 54750K .......... .......... .......... .......... .......... 13%  273K 11m36s
 54800K .......... .......... .......... .......... .......... 13%  290K 11m37s
 54850K .......... .......... .......... .......... .......... 13%  448K 11m36s
 54900K .......... .......... .......... .......... .......... 13%  413K 11m37s
 54950K .......... .......... .......... .......... .......... 13%  265K 11m37s
 55000K .......... .......... .......... .......... .......... 13%  166K 11m38s
 55050K .......... .......... .......... .......... .......... 13%  386K 11m38s
 55100K .......... .......... .......... .......... .......... 13%  345K 11m38s
 55150K .......... .......... .......... .......... .......... 13%  466K 11m38s
 55200K .......... .......... .......... .......... .......... 13%  686K 11m38s
 55250K .......... .......... .......... .......... .......... 13%  445K 11m38s
 55300K .......... .......... .......... .......... .......... 14%  279K 11m38s
 55350K .......... .......... .......... .......... .......... 14%  616K 11m38s
 55400K .......... .......... .......... .......... .......... 14%  653K 11m38s
 55450K .......... .......... .......... .......... .......... 14%  576K 11m38s
 55500K .......... .......... .......... .......... .......... 14%  330K 11m38s
 55550K .......... .......... .......... .......... .......... 14%  571K 11m38s
 55600K .......... .......... .......... .......... .......... 14%  789K 11m37s
 55650K .......... .......... .......... .......... .......... 14%  827K 11m37s
 55700K .......... .......... .......... .......... .......... 14%  611K 11m37s
 55750K .......... .......... .......... .......... .......... 14%  332K 11m37s
 55800K .......... .......... .......... .......... .......... 14%  465K 11m37s
 55850K .......... .......... .......... .......... .......... 14%  220K 11m37s
 55900K .......... .......... .......... .......... .......... 14%  209K 11m38s
 55950K .......... .......... .......... .......... .......... 14%  405K 11m38s
 56000K .......... .......... .......... .......... .......... 14% 1.30M 11m38s
 56050K .......... .......... .......... .......... .......... 14%  198K 11m38s
 56100K .......... .......... .......... .......... .......... 14% 1.96M 11m38s
 56150K .......... .......... .......... .......... .......... 14% 1.95M 11m37s
 56200K .......... .......... .......... .......... .......... 14%  598K 11m37s
 56250K .......... .......... .......... .......... .......... 14% 1.12M 11m37s
 56300K .......... .......... .......... .......... .......... 14%  293K 11m37s
 56350K .......... .......... .......... .......... .......... 14%  484K 11m37s
 56400K .......... .......... .......... .......... .......... 14%  363K 11m37s
 56450K .......... .......... .......... .......... .......... 14%  437K 11m37s
 56500K .......... .......... .......... .......... .......... 14%  670K 11m37s
 56550K .......... .......... .......... .......... .......... 14%  430K 11m37s
 56600K .......... .......... .......... .......... .......... 14%  785K 11m36s
 56650K .......... .......... .......... .......... .......... 14%  459K 11m36s
 56700K .......... .......... .......... .......... .......... 14%  492K 11m36s
 56750K .......... .......... .......... .......... .......... 14%  315K 11m36s
 56800K .......... .......... .......... .......... .......... 14%  470K 11m36s
 56850K .......... .......... .......... .......... .......... 14%  399K 11m36s
 56900K .......... .......... .......... .......... .......... 14%  355K 11m36s
 56950K .......... .......... .......... .......... .......... 14%  150K 11m38s
 57000K .......... .......... .......... .......... .......... 14%  366K 11m38s
 57050K .......... .......... .......... .......... .......... 14%  444K 11m38s
 57100K .......... .......... .......... .......... .......... 14%  313K 11m38s
 57150K .......... .......... .......... .......... .......... 14%  666K 11m38s
 57200K .......... .......... .......... .......... .......... 14%  290K 11m38s
 57250K .......... .......... .......... .......... .......... 14%  480K 11m38s
 57300K .......... .......... .......... .......... .......... 14%  247K 11m38s
 57350K .......... .......... .......... .......... .......... 14%  374K 11m38s
 57400K .......... .......... .......... .......... .......... 14%  609K 11m38s
 57450K .......... .......... .......... .......... .......... 14%  229K 11m39s
 57500K .......... .......... .......... .......... .......... 14% 1.52M 11m38s
 57550K .......... .......... .......... .......... .......... 14%  454K 11m38s
 57600K .......... .......... .......... .......... .......... 14%  677K 11m38s
 57650K .......... .......... .......... .......... .......... 14% 1.24M 11m37s
 57700K .......... .......... .......... .......... .......... 14%  287K 11m38s
 57750K .......... .......... .......... .......... .......... 14%  450K 11m38s
 57800K .......... .......... .......... .......... .......... 14%  319K 11m38s
 57850K .......... .......... .......... .......... .......... 14% 2.21M 11m37s
 57900K .......... .......... .......... .......... .......... 14%  585K 11m37s
 57950K .......... .......... .......... .......... .......... 14%  626K 11m37s
 58000K .......... .......... .......... .......... .......... 14% 1.41M 11m36s
 58050K .......... .......... .......... .......... .......... 14% 1.18M 11m36s
 58100K .......... .......... .......... .......... .......... 14% 1.45M 11m35s
 58150K .......... .......... .......... .......... .......... 14%  511K 11m35s
 58200K .......... .......... .......... .......... .......... 14% 1.28M 11m35s
 58250K .......... .......... .......... .......... .......... 14% 2.18M 11m34s
 58300K .......... .......... .......... .......... .......... 14%  624K 11m34s
 58350K .......... .......... .......... .......... .......... 14%  411K 11m34s
 58400K .......... .......... .......... .......... .......... 14%  248K 11m34s
 58450K .......... .......... .......... .......... .......... 14%  578K 11m34s
 58500K .......... .......... .......... .......... .......... 14% 1.02M 11m34s
 58550K .......... .......... .......... .......... .......... 14%  610K 11m34s
 58600K .......... .......... .......... .......... .......... 14%  992K 11m33s
 58650K .......... .......... .......... .......... .......... 14%  230K 11m34s
 58700K .......... .......... .......... .......... .......... 14%  984K 11m33s
 58750K .......... .......... .......... .......... .......... 14% 1.12M 11m33s
 58800K .......... .......... .......... .......... .......... 14% 1.11M 11m32s
 58850K .......... .......... .......... .......... .......... 14%  970K 11m32s
 58900K .......... .......... .......... .......... .......... 14% 1.81M 11m32s
 58950K .......... .......... .......... .......... .......... 14% 1.19M 11m31s
 59000K .......... .......... .......... .......... .......... 14% 1.24M 11m31s
 59050K .......... .......... .......... .......... .......... 14% 1.13M 11m30s
 59100K .......... .......... .......... .......... .......... 14% 1.53M 11m30s
 59150K .......... .......... .......... .......... .......... 14%  985K 11m29s
 59200K .......... .......... .......... .......... .......... 14%  753K 11m29s
 59250K .......... .......... .......... .......... .......... 15% 1.32M 11m28s
 59300K .......... .......... .......... .......... .......... 15%  382K 11m29s
 59350K .......... .......... .......... .......... .......... 15% 1.06M 11m28s
 59400K .......... .......... .......... .......... .......... 15% 1.00M 11m28s
 59450K .......... .......... .......... .......... .......... 15%  982K 11m27s
 59500K .......... .......... .......... .......... .......... 15% 1.35M 11m27s
 59550K .......... .......... .......... .......... .......... 15% 1.14M 11m26s
 59600K .......... .......... .......... .......... .......... 15% 1.53M 11m26s
 59650K .......... .......... .......... .......... .......... 15% 1.48M 11m25s
 59700K .......... .......... .......... .......... .......... 15% 1.28M 11m25s
 59750K .......... .......... .......... .......... .......... 15% 1.49M 11m24s
 59800K .......... .......... .......... .......... .......... 15% 1.26M 11m24s
 59850K .......... .......... .......... .......... .......... 15%  731K 11m24s
 59900K .......... .......... .......... .......... .......... 15% 1.45M 11m23s
 59950K .......... .......... .......... .......... .......... 15% 1.09M 11m23s
 60000K .......... .......... .......... .......... .......... 15%  486K 11m23s
 60050K .......... .......... .......... .......... .......... 15%  454K 11m23s
 60100K .......... .......... .......... .......... .......... 15% 1.43M 11m22s
 60150K .......... .......... .......... .......... .......... 15% 1.39M 11m22s
 60200K .......... .......... .......... .......... .......... 15% 1.18M 11m21s
 60250K .......... .......... .......... .......... .......... 15% 1.36M 11m21s
 60300K .......... .......... .......... .......... .......... 15% 1.16M 11m20s
 60350K .......... .......... .......... .......... .......... 15% 1.34M 11m20s
 60400K .......... .......... .......... .......... .......... 15% 1.33M 11m19s
 60450K .......... .......... .......... .......... .......... 15% 1.13M 11m19s
 60500K .......... .......... .......... .......... .......... 15% 1.30M 11m19s
 60550K .......... .......... .......... .......... .......... 15% 1.11M 11m18s
 60600K .......... .......... .......... .......... .......... 15% 1.28M 11m18s
 60650K .......... .......... .......... .......... .......... 15% 1.27M 11m17s
 60700K .......... .......... .......... .......... .......... 15% 1.07M 11m17s
 60750K .......... .......... .......... .......... .......... 15% 1.28M 11m16s
 60800K .......... .......... .......... .......... .......... 15% 1.06M 11m16s
 60850K .......... .......... .......... .......... .......... 15% 1.23M 11m16s
 60900K .......... .......... .......... .......... .......... 15%  633K 11m15s
 60950K .......... .......... .......... .......... .......... 15%  708K 11m15s
 61000K .......... .......... .......... .......... .......... 15%  909K 11m15s
 61050K .......... .......... .......... .......... .......... 15%  873K 11m14s
 61100K .......... .......... .......... .......... .......... 15%  871K 11m14s
 61150K .......... .......... .......... .......... .......... 15%  586K 11m14s
 61200K .......... .......... .......... .......... .......... 15%  617K 11m14s
 61250K .......... .......... .......... .......... .......... 15%  429K 11m14s
 61300K .......... .......... .......... .......... .......... 15%  282K 11m14s
 61350K .......... .......... .......... .......... .......... 15% 1.14M 11m13s
 61400K .......... .......... .......... .......... .......... 15% 1.14M 11m13s
 61450K .......... .......... .......... .......... .......... 15%  983K 11m13s
 61500K .......... .......... .......... .......... .......... 15% 1.08M 11m12s
 61550K .......... .......... .......... .......... .......... 15%  988K 11m12s
 61600K .......... .......... .......... .......... .......... 15% 1.10M 11m12s
 61650K .......... .......... .......... .......... .......... 15% 1.09M 11m11s
 61700K .......... .......... .......... .......... .......... 15%  942K 11m11s
 61750K .......... .......... .......... .......... .......... 15% 1.08M 11m10s
 61800K .......... .......... .......... .......... .......... 15%  938K 11m10s
 61850K .......... .......... .......... .......... .......... 15% 1.06M 11m10s
 61900K .......... .......... .......... .......... .......... 15% 1.06M 11m9s
 61950K .......... .......... .......... .......... .......... 15%  919K 11m9s
 62000K .......... .......... .......... .......... .......... 15% 1.04M 11m8s
 62050K .......... .......... .......... .......... .......... 15%  908K 11m8s
 62100K .......... .......... .......... .......... .......... 15% 1.03M 11m8s
 62150K .......... .......... .......... .......... .......... 15% 1.02M 11m7s
 62200K .......... .......... .......... .......... .......... 15%  890K 11m7s
 62250K .......... .......... .......... .......... .......... 15% 1021K 11m7s
 62300K .......... .......... .......... .......... .......... 15%  875K 11m6s
 62350K .......... .......... .......... .......... .......... 15% 1017K 11m6s
 62400K .......... .......... .......... .......... .......... 15% 1011K 11m6s
 62450K .......... .......... .......... .......... .......... 15%  862K 11m5s
 62500K .......... .......... .......... .......... .......... 15%  998K 11m5s
 62550K .......... .......... .......... .......... .......... 15%  851K 11m5s
 62600K .......... .......... .......... .......... .......... 15%  982K 11m4s
 62650K .......... .......... .......... .......... .......... 15%  982K 11m4s
 62700K .......... .......... .......... .......... .......... 15%  837K 11m4s
 62750K .......... .......... .......... .......... .......... 15%  970K 11m3s
 62800K .......... .......... .......... .......... .......... 15%  824K 11m3s
 62850K .......... .......... .......... .......... .......... 15%  958K 11m3s
 62900K .......... .......... .......... .......... .......... 15%  951K 11m2s
 62950K .......... .......... .......... .......... .......... 15%  806K 11m2s
 63000K .......... .......... .......... .......... .......... 15%  945K 11m2s
 63050K .......... .......... .......... .......... .......... 15%  804K 11m1s
 63100K .......... .......... .......... .......... .......... 15%  930K 11m1s
 63150K .......... .......... .......... .......... .......... 15%  923K 11m1s
 63200K .......... .......... .......... .......... .......... 16%  784K 11m0s
 63250K .......... .......... .......... .......... .......... 16%  915K 11m0s
 63300K .......... .......... .......... .......... .......... 16%  777K 11m0s
 63350K .......... .......... .......... .......... .......... 16%  905K 10m59s
 63400K .......... .......... .......... .......... .......... 16%  900K 10m59s
 63450K .......... .......... .......... .......... .......... 16%  763K 10m59s
 63500K .......... .......... .......... .......... .......... 16%  891K 10m58s
 63550K .......... .......... .......... .......... .......... 16%  761K 10m58s
 63600K .......... .......... .......... .......... .......... 16%  878K 10m58s
 63650K .......... .......... .......... .......... .......... 16%  870K 10m58s
 63700K .......... .......... .......... .......... .......... 16%  743K 10m57s
 63750K .......... .......... .......... .......... .......... 16%  870K 10m57s
 63800K .......... .......... .......... .......... .......... 16%  731K 10m57s
 63850K .......... .......... .......... .......... .......... 16%  860K 10m56s
 63900K .......... .......... .......... .......... .......... 16%  852K 10m56s
 63950K .......... .......... .......... .......... .......... 16%  724K 10m56s
 64000K .......... .......... .......... .......... .......... 16%  838K 10m55s
 64050K .......... .......... .......... .......... .......... 16%  719K 10m55s
 64100K .......... .......... .......... .......... .......... 16%  833K 10m55s
 64150K .......... .......... .......... .......... .......... 16%  826K 10m55s
 64200K .......... .......... .......... .......... .......... 16%  707K 10m54s
 64250K .......... .......... .......... .......... .......... 16%  821K 10m54s
 64300K .......... .......... .......... .......... .......... 16%  695K 10m54s
 64350K .......... .......... .......... .......... .......... 16% 55.6K 10m58s
 64400K .......... .......... .......... .......... .......... 16% 1.65M 10m57s
 64450K .......... .......... .......... .......... .......... 16% 2.19M 10m57s
 64500K .......... .......... .......... .......... .......... 16% 2.48M 10m56s
 64550K .......... .......... .......... .......... .......... 16% 2.10M 10m56s
 64600K .......... .......... .......... .......... .......... 16% 2.38M 10m55s
 64650K .......... .......... .......... .......... .......... 16% 2.36M 10m55s
 64700K .......... .......... .......... .......... .......... 16% 2.01M 10m54s
 64750K .......... .......... .......... .......... .......... 16% 2.30M 10m54s
 64800K .......... .......... .......... .......... .......... 16% 1.93M 10m53s
 64850K .......... .......... .......... .......... .......... 16% 2.22M 10m53s
 64900K .......... .......... .......... .......... .......... 16% 2.21M 10m53s
 64950K .......... .......... .......... .......... .......... 16% 1.80M 10m52s
 65000K .......... .......... .......... .......... .......... 16% 2.15M 10m52s
 65050K .......... .......... .......... .......... .......... 16% 1.81M 10m51s
 65100K .......... .......... .......... .......... .......... 16% 2.07M 10m51s
 65150K .......... .......... .......... .......... .......... 16% 2.04M 10m50s
 65200K .......... .......... .......... .......... .......... 16% 1.74M 10m50s
 65250K .......... .......... .......... .......... .......... 16% 2.01M 10m49s
 65300K .......... .......... .......... .......... .......... 16% 1.68M 10m49s
 65350K .......... .......... .......... .......... .......... 16% 1.95M 10m48s
 65400K .......... .......... .......... .......... .......... 16% 1.90M 10m48s
 65450K .......... .......... .......... .......... .......... 16% 1.58M 10m47s
 65500K .......... .......... .......... .......... .......... 16% 1.87M 10m47s
 65550K .......... .......... .......... .......... .......... 16% 1.60M 10m46s
 65600K .......... .......... .......... .......... .......... 16% 1.83M 10m46s
 65650K .......... .......... .......... .......... .......... 16% 1.81M 10m46s
 65700K .......... .......... .......... .......... .......... 16% 1.55M 10m45s
 65750K .......... .......... .......... .......... .......... 16% 1.75M 10m45s
 65800K .......... .......... .......... .......... .......... 16% 1.50M 10m44s
 65850K .......... .......... .......... .......... .......... 16% 1.73M 10m44s
 65900K .......... .......... .......... .......... .......... 16% 1.72M 10m43s
 65950K .......... .......... .......... .......... .......... 16% 1.45M 10m43s
 66000K .......... .......... .......... .......... .......... 16% 1.66M 10m43s
 66050K .......... .......... .......... .......... .......... 16% 1.44M 10m42s
 66100K .......... .......... .......... .......... .......... 16% 1.64M 10m42s
 66150K .......... .......... .......... .......... .......... 16% 1.62M 10m41s
 66200K .......... .......... .......... .......... .......... 16% 1.38M 10m41s
 66250K .......... .......... .......... .......... .......... 16% 1.60M 10m40s
 66300K .......... .......... .......... .......... .......... 16% 1.35M 10m40s
 66350K .......... .......... .......... .......... .......... 16% 1.54M 10m40s
 66400K .......... .......... .......... .......... .......... 16% 1.50M 10m39s
 66450K .......... .......... .......... .......... .......... 16% 1.28M 10m39s
 66500K .......... .......... .......... .......... .......... 16% 1.52M 10m38s
 66550K .......... .......... .......... .......... .......... 16% 1.29M 10m38s
 66600K .......... .......... .......... .......... .......... 16% 1.48M 10m38s
 66650K .......... .......... .......... .......... .......... 16% 1.47M 10m37s
 66700K .......... .......... .......... .......... .......... 16% 1.25M 10m37s
 66750K .......... .......... .......... .......... .......... 16% 1.42M 10m36s
 66800K .......... .......... .......... .......... .......... 16% 1.22M 10m36s
 66850K .......... .......... .......... .......... .......... 16% 1.42M 10m36s
 66900K .......... .......... .......... .......... .......... 16% 1.41M 10m35s
 66950K .......... .......... .......... .......... .......... 16% 1.19M 10m35s
 67000K .......... .......... .......... .......... .......... 16% 1.38M 10m34s
 67050K .......... .......... .......... .......... .......... 16% 1.17M 10m34s
 67100K .......... .......... .......... .......... .......... 16% 1.35M 10m34s
 67150K .......... .......... .......... .......... .......... 17% 1.34M 10m33s
 67200K .......... .......... .......... .......... .......... 17% 1.14M 10m33s
 67250K .......... .......... .......... .......... .......... 17% 1.32M 10m33s
 67300K .......... .......... .......... .......... .......... 17% 1.12M 10m32s
 67350K .......... .......... .......... .......... .......... 17% 1.30M 10m32s
 67400K .......... .......... .......... .......... .......... 17%  221K 10m32s
 67450K .......... .......... .......... .......... .......... 17% 2.25M 10m32s
 67500K .......... .......... .......... .......... .......... 17% 3.41M 10m31s
 67550K .......... .......... .......... .......... .......... 17% 3.14M 10m31s
 67600K .......... .......... .......... .......... .......... 17% 3.56M 10m30s
 67650K .......... .......... .......... .......... .......... 17%  450K 10m30s
 67700K .......... .......... .......... .......... .......... 17%  830K 10m30s
 67750K .......... .......... .......... .......... .......... 17% 1.28M 10m30s
 67800K .......... .......... .......... .......... .......... 17% 1.27M 10m29s
 67850K .......... .......... .......... .......... .......... 17% 1.62M 10m29s
 67900K .......... .......... .......... .......... .......... 17% 1.43M 10m29s
 67950K .......... .......... .......... .......... .......... 17% 1.24M 10m28s
 68000K .......... .......... .......... .......... .......... 17%  377K 10m28s
 68050K .......... .......... .......... .......... .......... 17%  731K 10m28s
 68100K .......... .......... .......... .......... .......... 17% 2.84M 10m28s
 68150K .......... .......... .......... .......... .......... 17% 2.78M 10m27s
 68200K .......... .......... .......... .......... .......... 17% 2.41M 10m27s
 68250K .......... .......... .......... .......... .......... 17% 2.77M 10m26s
 68300K .......... .......... .......... .......... .......... 17% 1.59M 10m26s
 68350K .......... .......... .......... .......... .......... 17% 1.68M 10m25s
 68400K .......... .......... .......... .......... .......... 17% 1.38M 10m25s
 68450K .......... .......... .......... .......... .......... 17% 1.32M 10m25s
 68500K .......... .......... .......... .......... .......... 17% 1.14M 10m24s
 68550K .......... .......... .......... .......... .......... 17% 2.13M 10m24s
 68600K .......... .......... .......... .......... .......... 17% 1.91M 10m23s
 68650K .......... .......... .......... .......... .......... 17% 2.21M 10m23s
 68700K .......... .......... .......... .......... .......... 17% 1.01M 10m23s
 68750K .......... .......... .......... .......... .......... 17% 1.72M 10m22s
 68800K .......... .......... .......... .......... .......... 17% 1.36M 10m22s
 68850K .......... .......... .......... .......... .......... 17% 1.28M 10m21s
 68900K .......... .......... .......... .......... .......... 17%  773K 10m21s
 68950K .......... .......... .......... .......... .......... 17%  374K 10m21s
 69000K .......... .......... .......... .......... .......... 17%  847K 10m21s
 69050K .......... .......... .......... .......... .......... 17%  609K 10m21s
 69100K .......... .......... .......... .......... .......... 17% 1.13M 10m21s
 69150K .......... .......... .......... .......... .......... 17%  455K 10m20s
 69200K .......... .......... .......... .......... .......... 17%  648K 10m20s
 69250K .......... .......... .......... .......... .......... 17% 1.28M 10m20s
 69300K .......... .......... .......... .......... .......... 17%  984K 10m20s
 69350K .......... .......... .......... .......... .......... 17% 1.26M 10m19s
 69400K .......... .......... .......... .......... .......... 17% 1.07M 10m19s
 69450K .......... .......... .......... .......... .......... 17%  460K 10m19s
 69500K .......... .......... .......... .......... .......... 17%  989K 10m19s
 69550K .......... .......... .......... .......... .......... 17%  791K 10m18s
 69600K .......... .......... .......... .......... .......... 17% 1.15M 10m18s
 69650K .......... .......... .......... .......... .......... 17% 1.13M 10m18s
 69700K .......... .......... .......... .......... .......... 17%  765K 10m17s
 69750K .......... .......... .......... .......... .......... 17%  438K 10m17s
 69800K .......... .......... .......... .......... .......... 17% 1.35M 10m17s
 69850K .......... .......... .......... .......... .......... 17%  756K 10m17s
 69900K .......... .......... .......... .......... .......... 17% 1.09M 10m17s
 69950K .......... .......... .......... .......... .......... 17%  742K 10m16s
 70000K .......... .......... .......... .......... .......... 17% 1.14M 10m16s
 70050K .......... .......... .......... .......... .......... 17% 1.01M 10m16s
 70100K .......... .......... .......... .......... .......... 17% 1.08M 10m15s
 70150K .......... .......... .......... .......... .......... 17% 1.32M 10m15s
 70200K .......... .......... .......... .......... .......... 17% 1.24M 10m15s
 70250K .......... .......... .......... .......... .......... 17%  469K 10m15s
 70300K .......... .......... .......... .......... .......... 17% 1.35M 10m14s
 70350K .......... .......... .......... .......... .......... 17% 1.58M 10m14s
 70400K .......... .......... .......... .......... .......... 17% 1.57M 10m13s
 70450K .......... .......... .......... .......... .......... 17% 1.32M 10m13s
 70500K .......... .......... .......... .......... .......... 17% 1.53M 10m13s
 70550K .......... .......... .......... .......... .......... 17% 1.30M 10m12s
 70600K .......... .......... .......... .......... .......... 17% 1.50M 10m12s
 70650K .......... .......... .......... .......... .......... 17% 1.47M 10m12s
 70700K .......... .......... .......... .......... .......... 17% 1.27M 10m11s
 70750K .......... .......... .......... .......... .......... 17% 1.45M 10m11s
 70800K .......... .......... .......... .......... .......... 17% 1.23M 10m11s
 70850K .......... .......... .......... .......... .......... 17%  477K 10m10s
 70900K .......... .......... .......... .......... .......... 17% 1.40M 10m10s
 70950K .......... .......... .......... .......... .......... 17% 1.20M 10m10s
 71000K .......... .......... .......... .......... .......... 17% 1.39M 10m9s
 71050K .......... .......... .......... .......... .......... 17% 1.18M 10m9s
 71100K .......... .......... .......... .......... .......... 18% 1.36M 10m9s
 71150K .......... .......... .......... .......... .......... 18% 1.36M 10m8s
 71200K .......... .......... .......... .......... .......... 18% 1.15M 10m8s
 71250K .......... .......... .......... .......... .......... 18% 1.30M 10m8s
 71300K .......... .......... .......... .......... .......... 18% 1.14M 10m7s
 71350K .......... .......... .......... .......... .......... 18% 1.31M 10m7s
 71400K .......... .......... .......... .......... .......... 18% 1.30M 10m7s
 71450K .......... .......... .......... .......... .......... 18% 1.10M 10m6s
 71500K .......... .......... .......... .......... .......... 18% 1.28M 10m6s
 71550K .......... .......... .......... .......... .......... 18% 1.09M 10m6s
 71600K .......... .......... .......... .......... .......... 18% 1.26M 10m5s
 71650K .......... .......... .......... .......... .......... 18% 1.25M 10m5s
 71700K .......... .......... .......... .......... .......... 18% 1.06M 10m5s
 71750K .......... .......... .......... .......... .......... 18% 1.23M 10m4s
 71800K .......... .......... .......... .......... .......... 18% 1.04M 10m4s
 71850K .......... .......... .......... .......... .......... 18% 1.21M 10m4s
 71900K .......... .......... .......... .......... .......... 18% 1.21M 10m3s
 71950K .......... .......... .......... .......... .......... 18% 1.02M 10m3s
 72000K .......... .......... .......... .......... .......... 18% 1.18M 10m3s
 72050K .......... .......... .......... .......... .......... 18% 1.01M 10m2s
 72100K .......... .......... .......... .......... .......... 18% 1.16M 10m2s
 72150K .......... .......... .......... .......... .......... 18% 1.15M 10m2s
 72200K .......... .......... .......... .......... .......... 18% 1010K 10m2s
 72250K .......... .......... .......... .......... .......... 18% 1.14M 10m1s
 72300K .......... .......... .......... .......... .......... 18%  985K 10m1s
 72350K .......... .......... .......... .......... .......... 18% 1.13M 10m1s
 72400K .......... .......... .......... .......... .......... 18% 1.12M 10m0s
 72450K .......... .......... .......... .......... .......... 18%  970K 10m0s
 72500K .......... .......... .......... .......... .......... 18% 1.09M 10m0s
 72550K .......... .......... .......... .......... .......... 18%  959K 9m59s
 72600K .......... .......... .......... .......... .......... 18% 1.09M 9m59s
 72650K .......... .......... .......... .......... .......... 18% 1.08M 9m59s
 72700K .......... .......... .......... .......... .......... 18%  942K 9m59s
 72750K .......... .......... .......... .......... .......... 18% 1.06M 9m58s
 72800K .......... .......... .......... .......... .......... 18%  922K 9m58s
 72850K .......... .......... .......... .......... .......... 18% 1.05M 9m58s
 72900K .......... .......... .......... .......... .......... 18% 1.04M 9m57s
 72950K .......... .......... .......... .......... .......... 18%  909K 9m57s
 73000K .......... .......... .......... .......... .......... 18% 1.03M 9m57s
 73050K .......... .......... .......... .......... .......... 18%  896K 9m57s
 73100K .......... .......... .......... .......... .......... 18% 1.01M 9m56s
 73150K .......... .......... .......... .......... .......... 18% 1.00M 9m56s
 73200K .......... .......... .......... .......... .......... 18%  883K 9m56s
 73250K .......... .......... .......... .......... .......... 18% 1024K 9m56s
 73300K .......... .......... .......... .......... .......... 18%  861K 9m55s
 73350K .......... .......... .......... .......... .......... 18% 1011K 9m55s
 73400K .......... .......... .......... .......... .......... 18% 1003K 9m55s
 73450K .......... .......... .......... .......... .......... 18%  852K 9m54s
 73500K .......... .......... .......... .......... .......... 18%  986K 9m54s
 73550K .......... .......... .......... .......... .......... 18%  839K 9m54s
 73600K .......... .......... .......... .......... .......... 18%  982K 9m54s
 73650K .......... .......... .......... .......... .......... 18%  970K 9m53s
 73700K .......... .......... .......... .......... .......... 18%  828K 9m53s
 73750K .......... .......... .......... .......... .......... 18%  958K 9m53s
 73800K .......... .......... .......... .......... .......... 18%  815K 9m53s
 73850K .......... .......... .......... .......... .......... 18%  947K 9m52s
 73900K .......... .......... .......... .......... .......... 18%  944K 9m52s
 73950K .......... .......... .......... .......... .......... 18%  795K 9m52s
 74000K .......... .......... .......... .......... .......... 18%  930K 9m52s
 74050K .......... .......... .......... .......... .......... 18%  795K 9m51s
 74100K .......... .......... .......... .......... .......... 18%  912K 9m51s
 74150K .......... .......... .......... .......... .......... 18% 33.6K 9m57s
 74200K .......... .......... .......... .......... .......... 18% 2.75M 9m57s
 74250K .......... .......... .......... .......... .......... 18% 3.39M 9m56s
 74300K .......... .......... .......... .......... .......... 18% 2.75M 9m56s
 74350K .......... .......... .......... .......... .......... 18% 4.92M 9m55s
 74400K .......... .......... .......... .......... .......... 18% 3.33M 9m55s
 74450K .......... .......... .......... .......... .......... 18%  193K 9m56s
 74500K .......... .......... .......... .......... .......... 18% 4.41M 9m55s
 74550K .......... .......... .......... .......... .......... 18%  779K 9m55s
 74600K .......... .......... .......... .......... .......... 18% 1.91M 9m55s
 74650K .......... .......... .......... .......... .......... 18% 1.74M 9m54s
 74700K .......... .......... .......... .......... .......... 18% 3.01M 9m54s
 74750K .......... .......... .......... .......... .......... 18% 2.06M 9m53s
 74800K .......... .......... .......... .......... .......... 18% 3.86M 9m53s
 74850K .......... .......... .......... .......... .......... 18% 5.24M 9m53s
 74900K .......... .......... .......... .......... .......... 18% 4.38M 9m52s
 74950K .......... .......... .......... .......... .......... 18% 3.95M 9m52s
 75000K .......... .......... .......... .......... .......... 18% 5.00M 9m51s
 75050K .......... .......... .......... .......... .......... 19% 3.93M 9m51s
 75100K .......... .......... .......... .......... .......... 19%  754K 9m51s
 75150K .......... .......... .......... .......... .......... 19%  903K 9m50s
 75200K .......... .......... .......... .......... .......... 19%  413K 9m50s
 75250K .......... .......... .......... .......... .......... 19% 1.79M 9m50s
 75300K .......... .......... .......... .......... .......... 19% 1.21M 9m50s
 75350K .......... .......... .......... .......... .......... 19% 4.66M 9m49s
 75400K .......... .......... .......... .......... .......... 19% 4.61M 9m49s
 75450K .......... .......... .......... .......... .......... 19% 3.77M 9m48s
 75500K .......... .......... .......... .......... .......... 19% 4.31M 9m48s
 75550K .......... .......... .......... .......... .......... 19% 3.63M 9m48s
 75600K .......... .......... .......... .......... .......... 19% 4.09M 9m47s
 75650K .......... .......... .......... .......... .......... 19% 3.95M 9m47s
 75700K .......... .......... .......... .......... .......... 19% 3.34M 9m46s
 75750K .......... .......... .......... .......... .......... 19% 3.80M 9m46s
 75800K .......... .......... .......... .......... .......... 19% 3.14M 9m45s
 75850K .......... .......... .......... .......... .......... 19% 3.61M 9m45s
 75900K .......... .......... .......... .......... .......... 19% 3.57M 9m45s
 75950K .......... .......... .......... .......... .......... 19% 1.32M 9m44s
 76000K .......... .......... .......... .......... .......... 19%  501K 9m44s
 76050K .......... .......... .......... .......... .......... 19%  577K 9m44s
 76100K .......... .......... .......... .......... .......... 19%  849K 9m44s
 76150K .......... .......... .......... .......... .......... 19%  840K 9m44s
 76200K .......... .......... .......... .......... .......... 19% 1.38M 9m43s
 76250K .......... .......... .......... .......... .......... 19%  592K 9m43s
 76300K .......... .......... .......... .......... .......... 19%  598K 9m43s
 76350K .......... .......... .......... .......... .......... 19%  729K 9m43s
 76400K .......... .......... .......... .......... .......... 19% 1.32M 9m43s
 76450K .......... .......... .......... .......... .......... 19%  939K 9m42s
 76500K .......... .......... .......... .......... .......... 19% 1.11M 9m42s
 76550K .......... .......... .......... .......... .......... 19%  656K 9m42s
 76600K .......... .......... .......... .......... .......... 19%  699K 9m42s
 76650K .......... .......... .......... .......... .......... 19%  907K 9m41s
 76700K .......... .......... .......... .......... .......... 19%  451K 9m41s
 76750K .......... .......... .......... .......... .......... 19% 1.40M 9m41s
 76800K .......... .......... .......... .......... .......... 19%  740K 9m41s
 76850K .......... .......... .......... .......... .......... 19%  986K 9m41s
 76900K .......... .......... .......... .......... .......... 19%  525K 9m41s
 76950K .......... .......... .......... .......... .......... 19% 1.52M 9m40s
 77000K .......... .......... .......... .......... .......... 19% 1.47M 9m40s
 77050K .......... .......... .......... .......... .......... 19%  729K 9m40s
 77100K .......... .......... .......... .......... .......... 19% 1.49M 9m39s
 77150K .......... .......... .......... .......... .......... 19%  597K 9m39s
 77200K .......... .......... .......... .......... .......... 19%  548K 9m39s
 77250K .......... .......... .......... .......... .......... 19%  400K 9m39s
 77300K .......... .......... .......... .......... .......... 19%  468K 9m39s
 77350K .......... .......... .......... .......... .......... 19% 1.03M 9m39s
 77400K .......... .......... .......... .......... .......... 19%  661K 9m39s
 77450K .......... .......... .......... .......... .......... 19% 1.71M 9m38s
 77500K .......... .......... .......... .......... .......... 19%  396K 9m38s
 77550K .......... .......... .......... .......... .......... 19%  573K 9m38s
 77600K .......... .......... .......... .......... .......... 19% 1.17M 9m38s
 77650K .......... .......... .......... .......... .......... 19%  664K 9m38s
 77700K .......... .......... .......... .......... .......... 19%  354K 9m38s
 77750K .......... .......... .......... .......... .......... 19% 40.1K 9m43s
 77800K .......... .......... .......... .......... .......... 19% 1.37M 9m42s
 77850K .......... .......... .......... .......... .......... 19% 1.92M 9m42s
 77900K .......... .......... .......... .......... .......... 19% 1.91M 9m42s
 77950K .......... .......... .......... .......... .......... 19% 1.61M 9m41s
 78000K .......... .......... .......... .......... .......... 19% 2.70M 9m41s
 78050K .......... .......... .......... .......... .......... 19% 3.50M 9m40s
 78100K .......... .......... .......... .......... .......... 19% 3.92M 9m40s
 78150K .......... .......... .......... .......... .......... 19% 3.55M 9m40s
 78200K .......... .......... .......... .......... .......... 19% 3.34M 9m39s
 78250K .......... .......... .......... .......... .......... 19% 3.55M 9m39s
 78300K .......... .......... .......... .......... .......... 19% 3.12M 9m38s
 78350K .......... .......... .......... .......... .......... 19% 3.64M 9m38s
 78400K .......... .......... .......... .......... .......... 19% 3.57M 9m38s
 78450K .......... .......... .......... .......... .......... 19% 2.91M 9m37s
 78500K .......... .......... .......... .......... .......... 19% 3.36M 9m37s
 78550K .......... .......... .......... .......... .......... 19% 2.86M 9m36s
 78600K .......... .......... .......... .......... .......... 19% 3.19M 9m36s
 78650K .......... .......... .......... .......... .......... 19% 3.15M 9m36s
 78700K .......... .......... .......... .......... .......... 19% 2.69M 9m35s
 78750K .......... .......... .......... .......... .......... 19% 3.03M 9m35s
 78800K .......... .......... .......... .......... .......... 19% 2.54M 9m35s
 78850K .......... .......... .......... .......... .......... 19% 2.93M 9m34s
 78900K .......... .......... .......... .......... .......... 19% 2.90M 9m34s
 78950K .......... .......... .......... .......... .......... 19% 2.40M 9m33s
 79000K .......... .......... .......... .......... .......... 20% 2.78M 9m33s
 79050K .......... .......... .......... .......... .......... 20% 2.33M 9m33s
 79100K .......... .......... .......... .......... .......... 20% 2.68M 9m32s
 79150K .......... .......... .......... .......... .......... 20% 2.62M 9m32s
 79200K .......... .......... .......... .......... .......... 20% 2.22M 9m32s
 79250K .......... .......... .......... .......... .......... 20% 2.04M 9m31s
 79300K .......... .......... .......... .......... .......... 20%  695K 9m31s
 79350K .......... .......... .......... .......... .......... 20%  908K 9m31s
 79400K .......... .......... .......... .......... .......... 20% 1.35M 9m30s
 79450K .......... .......... .......... .......... .......... 20%  942K 9m30s
 79500K .......... .......... .......... .......... .......... 20%  783K 9m30s
 79550K .......... .......... .......... .......... .......... 20%  525K 9m30s
 79600K .......... .......... .......... .......... .......... 20%  443K 9m30s
 79650K .......... .......... .......... .......... .......... 20% 1.14M 9m30s
 79700K .......... .......... .......... .......... .......... 20%  756K 9m29s
 79750K .......... .......... .......... .......... .......... 20% 1.10M 9m29s
 79800K .......... .......... .......... .......... .......... 20% 1.09M 9m29s
 79850K .......... .......... .......... .......... .......... 20% 1.38M 9m29s
 79900K .......... .......... .......... .......... .......... 20% 1.50M 9m28s
 79950K .......... .......... .......... .......... .......... 20% 1005K 9m28s
 80000K .......... .......... .......... .......... .......... 20% 1.08M 9m28s
 80050K .......... .......... .......... .......... .......... 20%  986K 9m28s
 80100K .......... .......... .......... .......... .......... 20%  831K 9m27s
 80150K .......... .......... .......... .......... .......... 20% 1023K 9m27s
 80200K .......... .......... .......... .......... .......... 20%  644K 9m27s
 80250K .......... .......... .......... .......... .......... 20%  439K 9m27s
 80300K .......... .......... .......... .......... .......... 20%  902K 9m27s
 80350K .......... .......... .......... .......... .......... 20% 1.23M 9m26s
 80400K .......... .......... .......... .......... .......... 20% 1.68M 9m26s
 80450K .......... .......... .......... .......... .......... 20% 1.20M 9m26s
 80500K .......... .......... .......... .......... .......... 20%  743K 9m26s
 80550K .......... .......... .......... .......... .......... 20%  569K 9m26s
 80600K .......... .......... .......... .......... .......... 20%  599K 9m25s
 80650K .......... .......... .......... .......... .......... 20%  560K 9m25s
 80700K .......... .......... .......... .......... .......... 20%  211K 9m26s
 80750K .......... .......... .......... .......... .......... 20%  515K 9m26s
 80800K .......... .......... .......... .......... .......... 20%  199K 9m26s
 80850K .......... .......... .......... .......... .......... 20% 36.2K 9m31s
 80900K .......... .......... .......... .......... .......... 20%  175K 9m32s
 80950K .......... .......... .......... .......... .......... 20% 1.26M 9m32s
 81000K .......... .......... .......... .......... .......... 20% 1.17M 9m31s
 81050K .......... .......... .......... .......... .......... 20%  410K 9m31s
 81100K .......... .......... .......... .......... .......... 20%  756K 9m31s
 81150K .......... .......... .......... .......... .......... 20% 1.51M 9m31s
 81200K .......... .......... .......... .......... .......... 20%  431K 9m31s
 81250K .......... .......... .......... .......... .......... 20% 3.34M 9m30s
 81300K .......... .......... .......... .......... .......... 20%  457K 9m30s
 81350K .......... .......... .......... .......... .......... 20%  689K 9m30s
 81400K .......... .......... .......... .......... .......... 20%  449K 9m30s
 81450K .......... .......... .......... .......... .......... 20% 2.56M 9m30s
 81500K .......... .......... .......... .......... .......... 20% 2.95M 9m30s
 81550K .......... .......... .......... .......... .......... 20% 2.49M 9m29s
 81600K .......... .......... .......... .......... .......... 20% 2.84M 9m29s
 81650K .......... .......... .......... .......... .......... 20%  860K 9m29s
 81700K .......... .......... .......... .......... .......... 20%  442K 9m29s
 81750K .......... .......... .......... .......... .......... 20%  630K 9m28s
 81800K .......... .......... .......... .......... .......... 20%  805K 9m28s
 81850K .......... .......... .......... .......... .......... 20% 1.27M 9m28s
 81900K .......... .......... .......... .......... .......... 20% 1.17M 9m28s
 81950K .......... .......... .......... .......... .......... 20%  694K 9m28s
 82000K .......... .......... .......... .......... .......... 20%  412K 9m28s
 82050K .......... .......... .......... .......... .......... 20%  470K 9m28s
 82100K .......... .......... .......... .......... .......... 20%  500K 9m27s
 82150K .......... .......... .......... .......... .......... 20%  580K 9m27s
 82200K .......... .......... .......... .......... .......... 20%  355K 9m27s
 82250K .......... .......... .......... .......... .......... 20%  251K 9m28s
 82300K .......... .......... .......... .......... .......... 20%  220K 9m28s
 82350K .......... .......... .......... .......... .......... 20%  385K 9m28s
 82400K .......... .......... .......... .......... .......... 20%  277K 9m28s
 82450K .......... .......... .......... .......... .......... 20% 32.7K 9m34s
 82500K .......... .......... .......... .......... .......... 20%  314K 9m34s
 82550K .......... .......... .......... .......... .......... 20%  542K 9m34s
 82600K .......... .......... .......... .......... .......... 20%  980K 9m34s
 82650K .......... .......... .......... .......... .......... 20% 1.56M 9m33s
 82700K .......... .......... .......... .......... .......... 20% 1.08M 9m33s
 82750K .......... .......... .......... .......... .......... 20%  961K 9m33s
 82800K .......... .......... .......... .......... .......... 20% 3.11M 9m32s
 82850K .......... .......... .......... .......... .......... 20% 1.42M 9m32s
 82900K .......... .......... .......... .......... .......... 20% 4.69M 9m32s
 82950K .......... .......... .......... .......... .......... 21%  419K 9m32s
 83000K .......... .......... .......... .......... .......... 21% 5.51M 9m31s
 83050K .......... .......... .......... .......... .......... 21%  876K 9m31s
 83100K .......... .......... .......... .......... .......... 21%  341K 9m31s
 83150K .......... .......... .......... .......... .......... 21%  349K 9m31s
 83200K .......... .......... .......... .......... .......... 21%  461K 9m31s
 83250K .......... .......... .......... .......... .......... 21%  755K 9m31s
 83300K .......... .......... .......... .......... .......... 21%  693K 9m31s
 83350K .......... .......... .......... .......... .......... 21%  466K 9m31s
 83400K .......... .......... .......... .......... .......... 21% 4.28M 9m31s
 83450K .......... .......... .......... .......... .......... 21%  360K 9m31s
 83500K .......... .......... .......... .......... .......... 21%  663K 9m31s
 83550K .......... .......... .......... .......... .......... 21%  675K 9m30s
 83600K .......... .......... .......... .......... .......... 21%  862K 9m30s
 83650K .......... .......... .......... .......... .......... 21% 1.03M 9m30s
 83700K .......... .......... .......... .......... .......... 21%  494K 9m30s
 83750K .......... .......... .......... .......... .......... 21%  162K 9m31s
 83800K .......... .......... .......... .......... .......... 21%  415K 9m31s
 83850K .......... .......... .......... .......... .......... 21%  336K 9m31s
 83900K .......... .......... .......... .......... .......... 21% 1.23M 9m30s
 83950K .......... .......... .......... .......... .......... 21%  689K 9m30s
 84000K .......... .......... .......... .......... .......... 21%  469K 9m30s
 84050K .......... .......... .......... .......... .......... 21%  133K 9m31s
 84100K .......... .......... .......... .......... .......... 21%  358K 9m31s
 84150K .......... .......... .......... .......... .......... 21%  470K 9m31s
 84200K .......... .......... .......... .......... .......... 21%  259K 9m31s
 84250K .......... .......... .......... .......... .......... 21%  251K 9m32s
 84300K .......... .......... .......... .......... .......... 21%  503K 9m32s
 84350K .......... .......... .......... .......... .......... 21%  355K 9m32s
 84400K .......... .......... .......... .......... .......... 21% 1.06M 9m32s
 84450K .......... .......... .......... .......... .......... 21%  694K 9m31s
 84500K .......... .......... .......... .......... .......... 21%  427K 9m31s
 84550K .......... .......... .......... .......... .......... 21%  311K 9m32s
 84600K .......... .......... .......... .......... .......... 21% 1.23M 9m31s
 84650K .......... .......... .......... .......... .......... 21%  528K 9m31s
 84700K .......... .......... .......... .......... .......... 21%  668K 9m31s
 84750K .......... .......... .......... .......... .......... 21%  692K 9m31s
 84800K .......... .......... .......... .......... .......... 21%  345K 9m31s
 84850K .......... .......... .......... .......... .......... 21%  572K 9m31s
 84900K .......... .......... .......... .......... .......... 21%  149K 9m32s
 84950K .......... .......... .......... .......... .......... 21%  126K 9m33s
 85000K .......... .......... .......... .......... .......... 21% 42.2K 9m37s
 85050K .......... .......... .......... .......... .......... 21% 2.15M 9m36s
 85100K .......... .......... .......... .......... .......... 21% 2.47M 9m36s
 85150K .......... .......... .......... .......... .......... 21% 79.9K 9m38s
 85200K .......... .......... .......... .......... .......... 21%  752K 9m37s
 85250K .......... .......... .......... .......... .......... 21% 1.35M 9m37s
 85300K .......... .......... .......... .......... .......... 21% 2.00M 9m37s
 85350K .......... .......... .......... .......... .......... 21% 2.29M 9m36s
 85400K .......... .......... .......... .......... .......... 21% 2.27M 9m36s
 85450K .......... .......... .......... .......... .......... 21% 1.89M 9m36s
 85500K .......... .......... .......... .......... .......... 21% 2.24M 9m35s
 85550K .......... .......... .......... .......... .......... 21% 1.86M 9m35s
 85600K .......... .......... .......... .......... .......... 21% 2.14M 9m35s
 85650K .......... .......... .......... .......... .......... 21% 2.11M 9m34s
 85700K .......... .......... .......... .......... .......... 21%  350K 9m35s
 85750K .......... .......... .......... .......... .......... 21%  498K 9m34s
 85800K .......... .......... .......... .......... .......... 21%  280K 9m35s
 85850K .......... .......... .......... .......... .......... 21%  704K 9m35s
 85900K .......... .......... .......... .......... .......... 21%  369K 9m35s
 85950K .......... .......... .......... .......... .......... 21%  277K 9m35s
 86000K .......... .......... .......... .......... .......... 21%  211K 9m35s
 86050K .......... .......... .......... .......... .......... 21%  320K 9m35s
 86100K .......... .......... .......... .......... .......... 21%  428K 9m35s
 86150K .......... .......... .......... .......... .......... 21%  194K 9m36s
 86200K .......... .......... .......... .......... .......... 21%  190K 9m36s
 86250K .......... .......... .......... .......... .......... 21%  174K 9m37s
 86300K .......... .......... .......... .......... .......... 21% 32.5K 9m42s
 86350K .......... .......... .......... .......... .......... 21% 1.78M 9m42s
 86400K .......... .......... .......... .......... .......... 21% 1.73M 9m41s
 86450K .......... .......... .......... .......... .......... 21% 1.48M 9m41s
 86500K .......... .......... .......... .......... .......... 21% 1.71M 9m41s
 86550K .......... .......... .......... .......... .......... 21% 1.45M 9m40s
 86600K .......... .......... .......... .......... .......... 21%  864K 9m40s
 86650K .......... .......... .......... .......... .......... 21% 1.13M 9m40s
 86700K .......... .......... .......... .......... .......... 21% 1.37M 9m40s
 86750K .......... .......... .......... .......... .......... 21% 1.59M 9m39s
 86800K .......... .......... .......... .......... .......... 21% 1.04M 9m39s
 86850K .......... .......... .......... .......... .......... 21%  997K 9m39s
 86900K .......... .......... .......... .......... .......... 22%  332K 9m39s
 86950K .......... .......... .......... .......... .......... 22%  328K 9m39s
 87000K .......... .......... .......... .......... .......... 22%  288K 9m39s
 87050K .......... .......... .......... .......... .......... 22%  812K 9m39s
 87100K .......... .......... .......... .......... .......... 22% 1.15M 9m39s
 87150K .......... .......... .......... .......... .......... 22%  173K 9m39s
 87200K .......... .......... .......... .......... .......... 22%  249K 9m40s
 87250K .......... .......... .......... .......... .......... 22%  393K 9m40s
 87300K .......... .......... .......... .......... .......... 22%  477K 9m40s
 87350K .......... .......... .......... .......... .......... 22% 1.06M 9m39s
 87400K .......... .......... .......... .......... .......... 22% 1.42M 9m39s
 87450K .......... .......... .......... .......... .......... 22% 1.20M 9m39s
 87500K .......... .......... .......... .......... .......... 22%  280K 9m39s
 87550K .......... .......... .......... .......... .......... 22% 1.19M 9m39s
 87600K .......... .......... .......... .......... .......... 22% 1.03M 9m38s
 87650K .......... .......... .......... .......... .......... 22%  770K 9m38s
 87700K .......... .......... .......... .......... .......... 22% 1.09M 9m38s
 87750K .......... .......... .......... .......... .......... 22%  773K 9m38s
 87800K .......... .......... .......... .......... .......... 22%  444K 9m38s
 87850K .......... .......... .......... .......... .......... 22%  781K 9m37s
 87900K .......... .......... .......... .......... .......... 22%  166K 9m38s
 87950K .......... .......... .......... .......... .......... 22%  302K 9m38s
 88000K .......... .......... .......... .......... .......... 22%  455K 9m38s
 88050K .......... .......... .......... .......... .......... 22%  482K 9m38s
 88100K .......... .......... .......... .......... .......... 22%  555K 9m38s
 88150K .......... .......... .......... .......... .......... 22%  131K 9m39s
 88200K .......... .......... .......... .......... .......... 22%  180K 9m39s
 88250K .......... .......... .......... .......... .......... 22%  176K 9m40s
 88300K .......... .......... .......... .......... .......... 22% 35.1K 9m45s
 88350K .......... .......... .......... .......... .......... 22%  600K 9m44s
 88400K .......... .......... .......... .......... .......... 22%  733K 9m44s
 88450K .......... .......... .......... .......... .......... 22%  637K 9m44s
 88500K .......... .......... .......... .......... .......... 22% 1.18M 9m44s
 88550K .......... .......... .......... .......... .......... 22% 1.00M 9m44s
 88600K .......... .......... .......... .......... .......... 22% 1.15M 9m43s
 88650K .......... .......... .......... .......... .......... 22% 1.15M 9m43s
 88700K .......... .......... .......... .......... .......... 22%  531K 9m43s
 88750K .......... .......... .......... .......... .......... 22%  359K 9m43s
 88800K .......... .......... .......... .......... .......... 22%  274K 9m43s
 88850K .......... .......... .......... .......... .......... 22%  744K 9m43s
 88900K .......... .......... .......... .......... .......... 22% 1.09M 9m43s
 88950K .......... .......... .......... .......... .......... 22%  963K 9m42s
 89000K .......... .......... .......... .......... .......... 22%  575K 9m42s
 89050K .......... .......... .......... .......... .......... 22%  227K 9m43s
 89100K .......... .......... .......... .......... .......... 22% 1.11M 9m42s
 89150K .......... .......... .......... .......... .......... 22% 1.07M 9m42s
 89200K .......... .......... .......... .......... .......... 22%  934K 9m42s
 89250K .......... .......... .......... .......... .......... 22% 1.05M 9m42s
 89300K .......... .......... .......... .......... .......... 22%  219K 9m42s
 89350K .......... .......... .......... .......... .......... 22%  782K 9m42s
 89400K .......... .......... .......... .......... .......... 22%  492K 9m42s
 89450K .......... .......... .......... .......... .......... 22%  860K 9m42s
 89500K .......... .......... .......... .......... .......... 22% 1.02M 9m41s
 89550K .......... .......... .......... .......... .......... 22%  890K 9m41s
 89600K .......... .......... .......... .......... .......... 22%  413K 9m41s
 89650K .......... .......... .......... .......... .......... 22%  395K 9m41s
 89700K .......... .......... .......... .......... .......... 22%  907K 9m41s
 89750K .......... .......... .......... .......... .......... 22% 1003K 9m41s
 89800K .......... .......... .......... .......... .......... 22%  723K 9m40s
 89850K .......... .......... .......... .......... .......... 22%  378K 9m40s
 89900K .......... .......... .......... .......... .......... 22%  337K 9m40s
 89950K .......... .......... .......... .......... .......... 22%  154K 9m41s
 90000K .......... .......... .......... .......... .......... 22%  223K 9m42s
 90050K .......... .......... .......... .......... .......... 22%  413K 9m42s
 90100K .......... .......... .......... .......... .......... 22%  655K 9m41s
 90150K .......... .......... .......... .......... .......... 22%  427K 9m41s
 90200K .......... .......... .......... .......... .......... 22%  340K 9m41s
 90250K .......... .......... .......... .......... .......... 22%  572K 9m41s
 90300K .......... .......... .......... .......... .......... 22%  277K 9m41s
 90350K .......... .......... .......... .......... .......... 22%  694K 9m41s
 90400K .......... .......... .......... .......... .......... 22%  971K 9m41s
 90450K .......... .......... .......... .......... .......... 22%  522K 9m41s
 90500K .......... .......... .......... .......... .......... 22%  587K 9m41s
 90550K .......... .......... .......... .......... .......... 22%  360K 9m41s
 90600K .......... .......... .......... .......... .......... 22%  773K 9m41s
 90650K .......... .......... .......... .......... .......... 22%  906K 9m40s
 90700K .......... .......... .......... .......... .......... 22%  306K 9m41s
 90750K .......... .......... .......... .......... .......... 22%  810K 9m40s
 90800K .......... .......... .......... .......... .......... 22%  446K 9m40s
 90850K .......... .......... .......... .......... .......... 23%  668K 9m40s
 90900K .......... .......... .......... .......... .......... 23%  832K 9m40s
 90950K .......... .......... .......... .......... .......... 23%  499K 9m40s
 91000K .......... .......... .......... .......... .......... 23%  819K 9m40s
 91050K .......... .......... .......... .......... .......... 23%  296K 9m40s
 91100K .......... .......... .......... .......... .......... 23%  809K 9m40s
 91150K .......... .......... .......... .......... .......... 23%  430K 9m40s
 91200K .......... .......... .......... .......... .......... 23%  346K 9m40s
 91250K .......... .......... .......... .......... .......... 23%  566K 9m40s
 91300K .......... .......... .......... .......... .......... 23%  533K 9m39s
 91350K .......... .......... .......... .......... .......... 23%  840K 9m39s
 91400K .......... .......... .......... .......... .......... 23%  387K 9m39s
 91450K .......... .......... .......... .......... .......... 23%  215K 9m40s
 91500K .......... .......... .......... .......... .......... 23%  337K 9m40s
 91550K .......... .......... .......... .......... .......... 23%  613K 9m40s
 91600K .......... .......... .......... .......... .......... 23%  810K 9m39s
 91650K .......... .......... .......... .......... .......... 23%  813K 9m39s
 91700K .......... .......... .......... .......... .......... 23%  649K 9m39s
 91750K .......... .......... .......... .......... .......... 23%  480K 9m39s
 91800K .......... .......... .......... .......... .......... 23%  523K 9m39s
 91850K .......... .......... .......... .......... .......... 23%  795K 9m39s
 91900K .......... .......... .......... .......... .......... 23%  793K 9m38s
 91950K .......... .......... .......... .......... .......... 23%  413K 9m38s
 92000K .......... .......... .......... .......... .......... 23%  761K 9m38s
 92050K .......... .......... .......... .......... .......... 23%  294K 9m38s
 92100K .......... .......... .......... .......... .......... 23%  454K 9m38s
 92150K .......... .......... .......... .......... .......... 23%  290K 9m38s
 92200K .......... .......... .......... .......... .......... 23%  272K 9m39s
 92250K .......... .......... .......... .......... .......... 23%  271K 9m39s
 92300K .......... .......... .......... .......... .......... 23%  514K 9m39s
 92350K .......... .......... .......... .......... .......... 23%  764K 9m39s
 92400K .......... .......... .......... .......... .......... 23%  749K 9m38s
 92450K .......... .......... .......... .......... .......... 23%  580K 9m38s
 92500K .......... .......... .......... .......... .......... 23%  751K 9m38s
 92550K .......... .......... .......... .......... .......... 23%  637K 9m38s
 92600K .......... .......... .......... .......... .......... 23%  451K 9m38s
 92650K .......... .......... .......... .......... .......... 23%  676K 9m38s
 92700K .......... .......... .......... .......... .......... 23%  323K 9m38s
 92750K .......... .......... .......... .......... .......... 23%  655K 9m38s
 92800K .......... .......... .......... .......... .......... 23%  622K 9m37s
 92850K .......... .......... .......... .......... .......... 23%  351K 9m38s
 92900K .......... .......... .......... .......... .......... 23%  718K 9m37s
 92950K .......... .......... .......... .......... .......... 23%  613K 9m37s
 93000K .......... .......... .......... .......... .......... 23%  714K 9m37s
 93050K .......... .......... .......... .......... .......... 23%  608K 9m37s
 93100K .......... .......... .......... .......... .......... 23%  706K 9m37s
 93150K .......... .......... .......... .......... .......... 23%  700K 9m37s
 93200K .......... .......... .......... .......... .......... 23%  600K 9m36s
 93250K .......... .......... .......... .......... .......... 23%  696K 9m36s
 93300K .......... .......... .......... .......... .......... 23%  589K 9m36s
 93350K .......... .......... .......... .......... .......... 23%  700K 9m36s
 93400K .......... .......... .......... .......... .......... 23%  688K 9m36s
 93450K .......... .......... .......... .......... .......... 23%  586K 9m36s
 93500K .......... .......... .......... .......... .......... 23%  683K 9m35s
 93550K .......... .......... .......... .......... .......... 23%  365K 9m36s
 93600K .......... .......... .......... .......... .......... 23%  708K 9m35s
 93650K .......... .......... .......... .......... .......... 23%  673K 9m35s
 93700K .......... .......... .......... .......... .......... 23%  294K 9m35s
 93750K .......... .......... .......... .......... .......... 23%  696K 9m35s
 93800K .......... .......... .......... .......... .......... 23%  570K 9m35s
 93850K .......... .......... .......... .......... .......... 23%  162K 9m36s
 93900K .......... .......... .......... .......... .......... 23%  288K 9m36s
 93950K .......... .......... .......... .......... .......... 23%  525K 9m36s
 94000K .......... .......... .......... .......... .......... 23%  351K 9m36s
 94050K .......... .......... .......... .......... .......... 23%  558K 9m36s
 94100K .......... .......... .......... .......... .......... 23%  431K 9m36s
 94150K .......... .......... .......... .......... .......... 23%  495K 9m36s
 94200K .......... .......... .......... .......... .......... 23%  382K 9m36s
 94250K .......... .......... .......... .......... .......... 23%  320K 9m36s
 94300K .......... .......... .......... .......... .......... 23%  569K 9m36s
 94350K .......... .......... .......... .......... .......... 23%  389K 9m36s
 94400K .......... .......... .......... .......... .......... 23%  634K 9m35s
 94450K .......... .......... .......... .......... .......... 23%  536K 9m35s
 94500K .......... .......... .......... .......... .......... 23%  626K 9m35s
 94550K .......... .......... .......... .......... .......... 23%  535K 9m35s
 94600K .......... .......... .......... .......... .......... 23%  597K 9m35s
 94650K .......... .......... .......... .......... .......... 23%  648K 9m35s
 94700K .......... .......... .......... .......... .......... 23%  529K 9m35s
 94750K .......... .......... .......... .......... .......... 23%  261K 9m35s
 94800K .......... .......... .......... .......... .......... 24%  525K 9m35s
 94850K .......... .......... .......... .......... .......... 24%  613K 9m35s
 94900K .......... .......... .......... .......... .......... 24%  607K 9m34s
 94950K .......... .......... .......... .......... .......... 24%  519K 9m34s
 95000K .......... .......... .......... .......... .......... 24%  603K 9m34s
 95050K .......... .......... .......... .......... .......... 24%  517K 9m34s
 95100K .......... .......... .......... .......... .......... 24%  600K 9m34s
 95150K .......... .......... .......... .......... .......... 24%  597K 9m34s
 95200K .......... .......... .......... .......... .......... 24%  510K 9m34s
 95250K .......... .......... .......... .......... .......... 24%  590K 9m34s
 95300K .......... .......... .......... .......... .......... 24%  505K 9m34s
 95350K .......... .......... .......... .......... .......... 24%  588K 9m33s
 95400K .......... .......... .......... .......... .......... 24%  586K 9m33s
 95450K .......... .......... .......... .......... .......... 24%  499K 9m33s
 95500K .......... .......... .......... .......... .......... 24%  579K 9m33s
 95550K .......... .......... .......... .......... .......... 24%  499K 9m33s
 95600K .......... .......... .......... .......... .......... 24%  576K 9m33s
 95650K .......... .......... .......... .......... .......... 24%  575K 9m33s
 95700K .......... .......... .......... .......... .......... 24%  492K 9m33s
 95750K .......... .......... .......... .......... .......... 24%  568K 9m33s
 95800K .......... .......... .......... .......... .......... 24%  487K 9m33s
 95850K .......... .......... .......... .......... .......... 24%  569K 9m32s
 95900K .......... .......... .......... .......... .......... 24%  565K 9m32s
 95950K .......... .......... .......... .......... .......... 24%  482K 9m32s
 96000K .......... .......... .......... .......... .......... 24%  562K 9m32s
 96050K .......... .......... .......... .......... .......... 24%  477K 9m32s
 96100K .......... .......... .......... .......... .......... 24%  545K 9m32s
 96150K .......... .......... .......... .......... .......... 24%  555K 9m32s
 96200K .......... .......... .......... .......... .......... 24%  475K 9m32s
 96250K .......... .......... .......... .......... .......... 24%  550K 9m32s
 96300K .......... .......... .......... .......... .......... 24%  471K 9m32s
 96350K .......... .......... .......... .......... .......... 24%  548K 9m31s
 96400K .......... .......... .......... .......... .......... 24%  545K 9m31s
 96450K .......... .......... .......... .......... .......... 24%  465K 9m31s
 96500K .......... .......... .......... .......... .......... 24%  544K 9m31s
 96550K .......... .......... .......... .......... .......... 24%  463K 9m31s
 96600K .......... .......... .......... .......... .......... 24%  538K 9m31s
 96650K .......... .......... .......... .......... .......... 24%  537K 9m31s
 96700K .......... .......... .......... .......... .......... 24%  459K 9m31s
 96750K .......... .......... .......... .......... .......... 24%  531K 9m31s
 96800K .......... .......... .......... .......... .......... 24%  455K 9m31s
 96850K .......... .......... .......... .......... .......... 24%  529K 9m31s
 96900K .......... .......... .......... .......... .......... 24%  528K 9m31s
 96950K .......... .......... .......... .......... .......... 24%  450K 9m30s
 97000K .......... .......... .......... .......... .......... 24%  525K 9m30s
 97050K .......... .......... .......... .......... .......... 24%  447K 9m30s
 97100K .......... .......... .......... .......... .......... 24%  518K 9m30s
 97150K .......... .......... .......... .......... .......... 24%  522K 9m30s
 97200K .......... .......... .......... .......... .......... 24%  444K 9m30s
 97250K .......... .......... .......... .......... .......... 24%  514K 9m30s
 97300K .......... .......... .......... .......... .......... 24%  440K 9m30s
 97350K .......... .......... .......... .......... .......... 24%  513K 9m30s
 97400K .......... .......... .......... .......... .......... 24%  510K 9m30s
 97450K .......... .......... .......... .......... .......... 24%  436K 9m30s
 97500K .......... .......... .......... .......... .......... 24%  508K 9m30s
 97550K .......... .......... .......... .......... .......... 24%  432K 9m30s
 97600K .......... .......... .......... .......... .......... 24%  503K 9m30s
 97650K .......... .......... .......... .......... .......... 24%  502K 9m29s
 97700K .......... .......... .......... .......... .......... 24%  430K 9m29s
 97750K .......... .......... .......... .......... .......... 24%  497K 9m29s
 97800K .......... .......... .......... .......... .......... 24%  427K 9m29s
 97850K .......... .......... .......... .......... .......... 24%  495K 9m29s
 97900K .......... .......... .......... .......... .......... 24%  495K 9m29s
 97950K .......... .......... .......... .......... .......... 24%  422K 9m29s
 98000K .......... .......... .......... .......... .......... 24%  492K 9m29s
 98050K .......... .......... .......... .......... .......... 24%  420K 9m29s
 98100K .......... .......... .......... .......... .......... 24%  488K 9m29s
 98150K .......... .......... .......... .......... .......... 24%  487K 9m29s
 98200K .......... .......... .......... .......... .......... 24%  412K 9m29s
 98250K .......... .......... .......... .......... .......... 24%  484K 9m29s
 98300K .......... .......... .......... .......... .......... 24%  414K 9m29s
 98350K .......... .......... .......... .......... .......... 24%  481K 9m29s
 98400K .......... .......... .......... .......... .......... 24%  480K 9m29s
 98450K .......... .......... .......... .......... .......... 24%  410K 9m29s
 98500K .......... .......... .......... .......... .......... 24%  478K 9m29s
 98550K .......... .......... .......... .......... .......... 24%  402K 9m29s
 98600K .......... .......... .......... .......... .......... 24%  478K 9m28s
 98650K .......... .......... .......... .......... .......... 24%  474K 9m28s
 98700K .......... .......... .......... .......... .......... 24%  404K 9m28s
 98750K .......... .......... .......... .......... .......... 25%  470K 9m28s
 98800K .......... .......... .......... .......... .......... 25%  401K 9m28s
 98850K .......... .......... .......... .......... .......... 25% 1.82M 9m28s
 98900K .......... .......... .......... .......... .......... 25% 4.74M 9m28s
 98950K .......... .......... .......... .......... .......... 25% 4.50M 9m27s
 99000K .......... .......... .......... .......... .......... 25% 5.49M 9m27s
 99050K .......... .......... .......... .......... .......... 25% 4.66M 9m27s
 99100K .......... .......... .......... .......... .......... 25% 5.13M 9m26s
 99150K .......... .......... .......... .......... .......... 25% 5.70M 9m26s
 99200K .......... .......... .......... .......... .......... 25% 4.82M 9m26s
 99250K .......... .......... .......... .......... .......... 25% 5.27M 9m25s
 99300K .......... .......... .......... .......... .......... 25% 4.67M 9m25s
 99350K .......... .......... .......... .......... .......... 25% 5.61M 9m24s
 99400K .......... .......... .......... .......... .......... 25% 5.02M 9m24s
 99450K .......... .......... .......... .......... .......... 25% 4.37M 9m24s
 99500K .......... .......... .......... .......... .......... 25% 5.88M 9m23s
 99550K .......... .......... .......... .......... .......... 25% 4.52M 9m23s
 99600K .......... .......... .......... .......... .......... 25% 5.46M 9m23s
 99650K .......... .......... .......... .......... .......... 25% 5.42M 9m22s
 99700K .......... .......... .......... .......... .......... 25% 4.67M 9m22s
 99750K .......... .......... .......... .......... .......... 25% 5.08M 9m22s
 99800K .......... .......... .......... .......... .......... 25% 4.55M 9m21s
 99850K .......... .......... .......... .......... .......... 25% 5.36M 9m21s
 99900K .......... .......... .......... .......... .......... 25% 3.22M 9m21s
 99950K .......... .......... .......... .......... .......... 25% 3.14M 9m20s
100000K .......... .......... .......... .......... .......... 25% 4.42M 9m20s
100050K .......... .......... .......... .......... .......... 25% 3.45M 9m20s
100100K .......... .......... .......... .......... .......... 25% 4.25M 9m19s
100150K .......... .......... .......... .......... .......... 25% 4.40M 9m19s
100200K .......... .......... .......... .......... .......... 25% 3.59M 9m19s
100250K .......... .......... .......... .......... .......... 25% 4.07M 9m18s
100300K .......... .......... .......... .......... .......... 25% 3.43M 9m18s
100350K .......... .......... .......... .......... .......... 25% 3.86M 9m18s
100400K .......... .......... .......... .......... .......... 25% 3.78M 9m17s
100450K .......... .......... .......... .......... .......... 25% 3.11M 9m17s
100500K .......... .......... .......... .......... .......... 25% 3.70M 9m17s
100550K .......... .......... .......... .......... .......... 25% 3.06M 9m16s
100600K .......... .......... .......... .......... .......... 25% 3.50M 9m16s
100650K .......... .......... .......... .......... .......... 25% 3.47M 9m16s
100700K .......... .......... .......... .......... .......... 25% 2.90M 9m15s
100750K .......... .......... .......... .......... .......... 25% 3.25M 9m15s
100800K .......... .......... .......... .......... .......... 25% 2.77M 9m15s
100850K .......... .......... .......... .......... .......... 25% 3.18M 9m14s
100900K .......... .......... .......... .......... .......... 25% 2.78M 9m14s
100950K .......... .......... .......... .......... .......... 25% 2.32M 9m14s
101000K .......... .......... .......... .......... .......... 25% 2.95M 9m13s
101050K .......... .......... .......... .......... .......... 25% 2.51M 9m13s
101100K .......... .......... .......... .......... .......... 25% 2.79M 9m13s
101150K .......... .......... .......... .......... .......... 25% 2.83M 9m12s
101200K .......... .......... .......... .......... .......... 25%  601K 9m12s
101250K .......... .......... .......... .......... .......... 25% 59.9K 9m14s
101300K .......... .......... .......... .......... .......... 25%  810K 9m14s
101350K .......... .......... .......... .......... .......... 25%  601K 9m14s
101400K .......... .......... .......... .......... .......... 25% 1.31M 9m14s
101450K .......... .......... .......... .......... .......... 25% 2.10M 9m14s
101500K .......... .......... .......... .......... .......... 25% 2.51M 9m13s
101550K .......... .......... .......... .......... .......... 25% 2.10M 9m13s
101600K .......... .......... .......... .......... .......... 25% 2.38M 9m13s
101650K .......... .......... .......... .......... .......... 25% 2.38M 9m12s
101700K .......... .......... .......... .......... .......... 25% 2.04M 9m12s
101750K .......... .......... .......... .......... .......... 25% 2.27M 9m12s
101800K .......... .......... .......... .......... .......... 25% 1.95M 9m11s
101850K .......... .......... .......... .......... .......... 25% 2.26M 9m11s
101900K .......... .......... .......... .......... .......... 25% 2.22M 9m11s
101950K .......... .......... .......... .......... .......... 25% 1.86M 9m11s
102000K .......... .......... .......... .......... .......... 25% 2.16M 9m10s
102050K .......... .......... .......... .......... .......... 25% 1.81M 9m10s
102100K .......... .......... .......... .......... .......... 25% 2.07M 9m10s
102150K .......... .......... .......... .......... .......... 25% 2.08M 9m9s
102200K .......... .......... .......... .......... .......... 25% 1.75M 9m9s
102250K .......... .......... .......... .......... .......... 25% 1.99M 9m9s
102300K .......... .......... .......... .......... .......... 25% 1.70M 9m8s
102350K .......... .......... .......... .......... .......... 25% 1.97M 9m8s
102400K .......... .......... .......... .......... .......... 25% 1.93M 9m8s
102450K .......... .......... .......... .......... .......... 25% 1.63M 9m8s
102500K .......... .......... .......... .......... .......... 25% 1.90M 9m7s
102550K .......... .......... .......... .......... .......... 25% 1.60M 9m7s
102600K .......... .......... .......... .......... .......... 25% 1.83M 9m7s
102650K .......... .......... .......... .......... .......... 25% 1.80M 9m6s
102700K .......... .......... .......... .......... .......... 26% 1.55M 9m6s
102750K .......... .......... .......... .......... .......... 26% 1.77M 9m6s
102800K .......... .......... .......... .......... .......... 26% 1.51M 9m6s
102850K .......... .......... .......... .......... .......... 26% 1.74M 9m5s
102900K .......... .......... .......... .......... .......... 26% 1.73M 9m5s
102950K .......... .......... .......... .......... .......... 26% 1.45M 9m5s
103000K .......... .......... .......... .......... .......... 26% 1.69M 9m5s
103050K .......... .......... .......... .......... .......... 26% 1.42M 9m4s
103100K .......... .......... .......... .......... .......... 26% 1.64M 9m4s
103150K .......... .......... .......... .......... .......... 26% 1.64M 9m4s
103200K .......... .......... .......... .......... .......... 26% 1.38M 9m4s
103250K .......... .......... .......... .......... .......... 26% 1.57M 9m3s
103300K .......... .......... .......... .......... .......... 26% 1.36M 9m3s
103350K .......... .......... .......... .......... .......... 26% 1.57M 9m3s
103400K .......... .......... .......... .......... .......... 26% 1.55M 9m2s
103450K .......... .......... .......... .......... .......... 26% 1.31M 9m2s
103500K .......... .......... .......... .......... .......... 26% 1.52M 9m2s
103550K .......... .......... .......... .......... .......... 26% 1.29M 9m2s
103600K .......... .......... .......... .......... .......... 26% 1.47M 9m1s
103650K .......... .......... .......... .......... .......... 26% 1.48M 9m1s
103700K .......... .......... .......... .......... .......... 26% 1.26M 9m1s
103750K .......... .......... .......... .......... .......... 26% 1.43M 9m1s
103800K .......... .......... .......... .......... .......... 26% 1.23M 9m0s
103850K .......... .......... .......... .......... .......... 26% 1.41M 9m0s
103900K .......... .......... .......... .......... .......... 26% 1.41M 9m0s
103950K .......... .......... .......... .......... .......... 26% 1.19M 9m0s
104000K .......... .......... .......... .......... .......... 26% 1.03M 8m59s
104050K .......... .......... .......... .......... .......... 26% 1.17M 8m59s
104100K .......... .......... .......... .......... .......... 26% 1.36M 8m59s
104150K .......... .......... .......... .......... .......... 26% 1.34M 8m59s
104200K .......... .......... .......... .......... .......... 26% 1.14M 8m59s
104250K .......... .......... .......... .......... .......... 26% 1.32M 8m58s
104300K .......... .......... .......... .......... .......... 26%  476K 8m58s
104350K .......... .......... .......... .......... .......... 26% 1.30M 8m58s
104400K .......... .......... .......... .......... .......... 26% 1.29M 8m58s
104450K .......... .......... .......... .......... .......... 26% 1.09M 8m57s
104500K .......... .......... .......... .......... .......... 26%  642K 8m57s
104550K .......... .......... .......... .......... .......... 26% 1.06M 8m57s
104600K .......... .......... .......... .......... .......... 26% 1.25M 8m57s
104650K .......... .......... .......... .......... .......... 26% 1.24M 8m57s
104700K .......... .......... .......... .......... .......... 26% 1.05M 8m56s
104750K .......... .......... .......... .......... .......... 26% 1.21M 8m56s
104800K .......... .......... .......... .......... .......... 26% 1.04M 8m56s
104850K .......... .......... .......... .......... .......... 26% 1.20M 8m56s
104900K .......... .......... .......... .......... .......... 26% 1.19M 8m56s
104950K .......... .......... .......... .......... .......... 26% 1.01M 8m55s
105000K .......... .......... .......... .......... .......... 26% 1.17M 8m55s
105050K .......... .......... .......... .......... .......... 26% 1020K 8m55s
105100K .......... .......... .......... .......... .......... 26% 1.15M 8m55s
105150K .......... .......... .......... .......... .......... 26% 1.13M 8m54s
105200K .......... .......... .......... .......... .......... 26%  998K 8m54s
105250K .......... .......... .......... .......... .......... 26% 1.13M 8m54s
105300K .......... .......... .......... .......... .......... 26%  980K 8m54s
105350K .......... .......... .......... .......... .......... 26% 1.11M 8m54s
105400K .......... .......... .......... .......... .......... 26% 1.10M 8m53s
105450K .......... .......... .......... .......... .......... 26%  957K 8m53s
105500K .......... .......... .......... .......... .......... 26% 1.09M 8m53s
105550K .......... .......... .......... .......... .......... 26%  945K 8m53s
105600K .......... .......... .......... .......... .......... 26% 1.07M 8m52s
105650K .......... .......... .......... .......... .......... 26% 1.06M 8m52s
105700K .......... .......... .......... .......... .......... 26%  929K 8m52s
105750K .......... .......... .......... .......... .......... 26% 1.04M 8m52s
105800K .......... .......... .......... .......... .......... 26%  913K 8m52s
105850K .......... .......... .......... .......... .......... 26% 1.04M 8m51s
105900K .......... .......... .......... .......... .......... 26% 1.02M 8m51s
105950K .......... .......... .......... .......... .......... 26%  898K 8m51s
106000K .......... .......... .......... .......... .......... 26% 1.01M 8m51s
106050K .......... .......... .......... .......... .......... 26%  873K 8m51s
106100K .......... .......... .......... .......... .......... 26% 1.01M 8m50s
106150K .......... .......... .......... .......... .......... 26% 1022K 8m50s
106200K .......... .......... .......... .......... .......... 26%  868K 8m50s
106250K .......... .......... .......... .......... .......... 26%  998K 8m50s
106300K .......... .......... .......... .......... .......... 26%  855K 8m50s
106350K .......... .......... .......... .......... .......... 26%  987K 8m49s
106400K .......... .......... .......... .......... .......... 26%  987K 8m49s
106450K .......... .......... .......... .......... .......... 26%  840K 8m49s
106500K .......... .......... .......... .......... .......... 26%  972K 8m49s
106550K .......... .......... .......... .......... .......... 26%  831K 8m49s
106600K .......... .......... .......... .......... .......... 26%  958K 8m48s
106650K .......... .......... .......... .......... .......... 27%  954K 8m48s
106700K .......... .......... .......... .......... .......... 27%  819K 8m48s
106750K .......... .......... .......... .......... .......... 27%  924K 8m48s
106800K .......... .......... .......... .......... .......... 27%  814K 8m48s
106850K .......... .......... .......... .......... .......... 27%  921K 8m48s
106900K .......... .......... .......... .......... .......... 27%  893K 8m47s
106950K .......... .......... .......... .......... .......... 27%  789K 8m47s
107000K .......... .......... .......... .......... .......... 27%  919K 8m47s
107050K .......... .......... .......... .......... .......... 27%  780K 8m47s
107100K .......... .......... .......... .......... .......... 27%  898K 8m47s
107150K .......... .......... .......... .......... .......... 27%  906K 8m46s
107200K .......... .......... .......... .......... .......... 27%  768K 8m46s
107250K .......... .......... .......... .......... .......... 27%  889K 8m46s
107300K .......... .......... .......... .......... .......... 27%  759K 8m46s
107350K .......... .......... .......... .......... .......... 27%  881K 8m46s
107400K .......... .......... .......... .......... .......... 27%  876K 8m46s
107450K .......... .......... .......... .......... .......... 27%  745K 8m45s
107500K .......... .......... .......... .......... .......... 27%  869K 8m45s
107550K .......... .......... .......... .......... .......... 27%  737K 8m45s
107600K .......... .......... .......... .......... .......... 27%  851K 8m45s
107650K .......... .......... .......... .......... .......... 27%  848K 8m45s
107700K .......... .......... .......... .......... .......... 27%  729K 8m45s
107750K .......... .......... .......... .......... .......... 27%  837K 8m44s
107800K .......... .......... .......... .......... .......... 27%  720K 8m44s
107850K .......... .......... .......... .......... .......... 27%  835K 8m44s
107900K .......... .......... .......... .......... .......... 27%  829K 8m44s
107950K .......... .......... .......... .......... .......... 27%  705K 8m44s
108000K .......... .......... .......... .......... .......... 27%  820K 8m44s
108050K .......... .......... .......... .......... .......... 27%  696K 8m43s
108100K .......... .......... .......... .......... .......... 27%  812K 8m43s
108150K .......... .......... .......... .......... .......... 27%  806K 8m43s
108200K .......... .......... .......... .......... .......... 27%  692K 8m43s
108250K .......... .......... .......... .......... .......... 27%  797K 8m43s
108300K .......... .......... .......... .......... .......... 27%  681K 8m43s
108350K .......... .......... .......... .......... .......... 27%  794K 8m43s
108400K .......... .......... .......... .......... .......... 27%  786K 8m42s
108450K .......... .......... .......... .......... .......... 27% 26.7K 8m47s
108500K .......... .......... .......... .......... .......... 27%  786K 8m47s
108550K .......... .......... .......... .......... .......... 27%  665K 8m47s
108600K .......... .......... .......... .......... .......... 27%  772K 8m46s
108650K .......... .......... .......... .......... .......... 27%  763K 8m46s
108700K .......... .......... .......... .......... .......... 27%  658K 8m46s
108750K .......... .......... .......... .......... .......... 27%  759K 8m46s
108800K .......... .......... .......... .......... .......... 27%  649K 8m46s
108850K .......... .......... .......... .......... .......... 27%  756K 8m46s
108900K .......... .......... .......... .......... .......... 27%  747K 8m46s
108950K .......... .......... .......... .......... .......... 27%  638K 8m45s
109000K .......... .......... .......... .......... .......... 27%  744K 8m45s
109050K .......... .......... .......... .......... .......... 27%  634K 8m45s
109100K .......... .......... .......... .......... .......... 27%  733K 8m45s
109150K .......... .......... .......... .......... .......... 27%  734K 8m45s
109200K .......... .......... .......... .......... .......... 27%  622K 8m45s
109250K .......... .......... .......... .......... .......... 27%  726K 8m45s
109300K .......... .......... .......... .......... .......... 27%  605K 8m44s
109350K .......... .......... .......... .......... .......... 27%  682K 8m44s
109400K .......... .......... .......... .......... .......... 27%  714K 8m44s
109450K .......... .......... .......... .......... .......... 27%  606K 8m44s
109500K .......... .......... .......... .......... .......... 27%  709K 8m44s
109550K .......... .......... .......... .......... .......... 27%  608K 8m44s
109600K .......... .......... .......... .......... .......... 27%  702K 8m44s
109650K .......... .......... .......... .......... .......... 27%  699K 8m44s
109700K .......... .......... .......... .......... .......... 27%  596K 8m43s
109750K .......... .......... .......... .......... .......... 27%  692K 8m43s
109800K .......... .......... .......... .......... .......... 27%  590K 8m43s
109850K .......... .......... .......... .......... .......... 27%  687K 8m43s
109900K .......... .......... .......... .......... .......... 27%  682K 8m43s
109950K .......... .......... .......... .......... .......... 27%  582K 8m43s
110000K .......... .......... .......... .......... .......... 27%  680K 8m43s
110050K .......... .......... .......... .......... .......... 27%  576K 8m43s
110100K .......... .......... .......... .......... .......... 27%  674K 8m42s
110150K .......... .......... .......... .......... .......... 27%  667K 8m42s
110200K .......... .......... .......... .......... .......... 27%  573K 8m42s
110250K .......... .......... .......... .......... .......... 27%  661K 8m42s
110300K .......... .......... .......... .......... .......... 27%  564K 8m42s
110350K .......... .......... .......... .......... .......... 27%  661K 8m42s
110400K .......... .......... .......... .......... .......... 27%  653K 8m42s
110450K .......... .......... .......... .......... .......... 27%  559K 8m42s
110500K .......... .......... .......... .......... .......... 27%  650K 8m41s
110550K .......... .......... .......... .......... .......... 27%  555K 8m41s
110600K .......... .......... .......... .......... .......... 28%  641K 8m41s
110650K .......... .......... .......... .......... .......... 28%  643K 8m41s
110700K .......... .......... .......... .......... .......... 28%  870K 8m41s
110750K .......... .......... .......... .......... .......... 28% 4.15M 8m41s
110800K .......... .......... .......... .......... .......... 28% 3.80M 8m40s
110850K .......... .......... .......... .......... .......... 28% 3.86M 8m40s
110900K .......... .......... .......... .......... .......... 28% 4.61M 8m40s
110950K .......... .......... .......... .......... .......... 28% 3.86M 8m39s
111000K .......... .......... .......... .......... .......... 28% 5.12M 8m39s
111050K .......... .......... .......... .......... .......... 28% 4.20M 8m39s
111100K .......... .......... .......... .......... .......... 28% 4.92M 8m39s
111150K .......... .......... .......... .......... .......... 28% 4.85M 8m38s
111200K .......... .......... .......... .......... .......... 28% 4.34M 8m38s
111250K .......... .......... .......... .......... .......... 28% 4.52M 8m38s
111300K .......... .......... .......... .......... .......... 28% 4.39M 8m37s
111350K .......... .......... .......... .......... .......... 28% 4.60M 8m37s
111400K .......... .......... .......... .......... .......... 28% 4.65M 8m37s
111450K .......... .......... .......... .......... .......... 28% 4.17M 8m36s
111500K .......... .......... .......... .......... .......... 28% 4.93M 8m36s
111550K .......... .......... .......... .......... .......... 28% 4.00M 8m36s
111600K .......... .......... .......... .......... .......... 28% 4.60M 8m36s
111650K .......... .......... .......... .......... .......... 28% 4.56M 8m35s
111700K .......... .......... .......... .......... .......... 28% 3.93M 8m35s
111750K .......... .......... .......... .......... .......... 28% 4.07M 8m35s
111800K .......... .......... .......... .......... .......... 28% 3.74M 8m34s
111850K .......... .......... .......... .......... .......... 28% 4.31M 8m34s
111900K .......... .......... .......... .......... .......... 28% 3.21M 8m34s
111950K .......... .......... .......... .......... .......... 28% 3.79M 8m34s
112000K .......... .......... .......... .......... .......... 28% 4.46M 8m33s
112050K .......... .......... .......... .......... .......... 28% 3.71M 8m33s
112100K .......... .......... .......... .......... .......... 28% 4.15M 8m33s
112150K .......... .......... .......... .......... .......... 28% 4.06M 8m32s
112200K .......... .......... .......... .......... .......... 28% 3.46M 8m32s
112250K .......... .......... .......... .......... .......... 28% 3.76M 8m32s
112300K .......... .......... .......... .......... .......... 28% 47.0K 8m34s
112350K .......... .......... .......... .......... .......... 28%  541K 8m34s
112400K .......... .......... .......... .......... .......... 28%  646K 8m34s
112450K .......... .......... .......... .......... .......... 28% 1.10M 8m34s
112500K .......... .......... .......... .......... .......... 28% 3.51M 8m33s
112550K .......... .......... .......... .......... .......... 28% 2.21M 8m33s
112600K .......... .......... .......... .......... .......... 28% 2.59M 8m33s
112650K .......... .......... .......... .......... .......... 28% 1.23M 8m33s
112700K .......... .......... .......... .......... .......... 28% 1.07M 8m33s
112750K .......... .......... .......... .......... .......... 28% 1.28M 8m32s
112800K .......... .......... .......... .......... .......... 28%  894K 8m32s
112850K .......... .......... .......... .......... .......... 28% 2.78M 8m32s
112900K .......... .......... .......... .......... .......... 28% 2.82M 8m32s
112950K .......... .......... .......... .......... .......... 28% 2.38M 8m31s
113000K .......... .......... .......... .......... .......... 28% 2.84M 8m31s
113050K .......... .......... .......... .......... .......... 28% 2.35M 8m31s
113100K .......... .......... .......... .......... .......... 28% 2.71M 8m30s
113150K .......... .......... .......... .......... .......... 28%  432K 8m30s
113200K .......... .......... .......... .......... .......... 28% 1.88M 8m30s
113250K .......... .......... .......... .......... .......... 28%  702K 8m30s
113300K .......... .......... .......... .......... .......... 28%  594K 8m30s
113350K .......... .......... .......... .......... .......... 28%  570K 8m30s
113400K .......... .......... .......... .......... .......... 28%  438K 8m30s
113450K .......... .......... .......... .......... .......... 28%  472K 8m30s
113500K .......... .......... .......... .......... .......... 28%  243K 8m30s
113550K .......... .......... .......... .......... .......... 28%  545K 8m30s
113600K .......... .......... .......... .......... .......... 28%  440K 8m30s
113650K .......... .......... .......... .......... .......... 28%  795K 8m30s
113700K .......... .......... .......... .......... .......... 28%  247K 8m30s
113750K .......... .......... .......... .......... .......... 28%  200K 8m30s
113800K .......... .......... .......... .......... .......... 28%  649K 8m30s
113850K .......... .......... .......... .......... .......... 28%  724K 8m30s
113900K .......... .......... .......... .......... .......... 28% 1.05M 8m30s
113950K .......... .......... .......... .......... .......... 28%  679K 8m30s
114000K .......... .......... .......... .......... .......... 28%  473K 8m30s
114050K .......... .......... .......... .......... .......... 28%  528K 8m29s
114100K .......... .......... .......... .......... .......... 28% 2.00M 8m29s
114150K .......... .......... .......... .......... .......... 28%  376K 8m29s
114200K .......... .......... .......... .......... .......... 28%  572K 8m29s
114250K .......... .......... .......... .......... .......... 28%  369K 8m29s
114300K .......... .......... .......... .......... .......... 28%  185K 8m29s
114350K .......... .......... .......... .......... .......... 28%  849K 8m29s
114400K .......... .......... .......... .......... .......... 28%  254K 8m29s
114450K .......... .......... .......... .......... .......... 28% 1.57M 8m29s
114500K .......... .......... .......... .......... .......... 28%  355K 8m29s
114550K .......... .......... .......... .......... .......... 29%  451K 8m29s
114600K .......... .......... .......... .......... .......... 29%  489K 8m29s
114650K .......... .......... .......... .......... .......... 29%  960K 8m29s
114700K .......... .......... .......... .......... .......... 29%  227K 8m29s
114750K .......... .......... .......... .......... .......... 29%  409K 8m29s
114800K .......... .......... .......... .......... .......... 29%  431K 8m29s
114850K .......... .......... .......... .......... .......... 29%  933K 8m29s
114900K .......... .......... .......... .......... .......... 29%  307K 8m29s
114950K .......... .......... .......... .......... .......... 29%  227K 8m29s
115000K .......... .......... .......... .......... .......... 29%  335K 8m29s
115050K .......... .......... .......... .......... .......... 29% 1.01M 8m29s
115100K .......... .......... .......... .......... .......... 29% 1.15M 8m29s
115150K .......... .......... .......... .......... .......... 29% 1.26M 8m29s
115200K .......... .......... .......... .......... .......... 29% 1.32M 8m29s
115250K .......... .......... .......... .......... .......... 29% 1.15M 8m28s
115300K .......... .......... .......... .......... .......... 29%  903K 8m28s
115350K .......... .......... .......... .......... .......... 29% 1.15M 8m28s
115400K .......... .......... .......... .......... .......... 29% 1.39M 8m28s
115450K .......... .......... .......... .......... .......... 29%  849K 8m28s
115500K .......... .......... .......... .......... .......... 29%  402K 8m28s
115550K .......... .......... .......... .......... .......... 29%  564K 8m27s
115600K .......... .......... .......... .......... .......... 29%  328K 8m27s
115650K .......... .......... .......... .......... .......... 29%  238K 8m28s
115700K .......... .......... .......... .......... .......... 29%  379K 8m28s
115750K .......... .......... .......... .......... .......... 29%  266K 8m28s
115800K .......... .......... .......... .......... .......... 29%  823K 8m28s
115850K .......... .......... .......... .......... .......... 29%  982K 8m27s
115900K .......... .......... .......... .......... .......... 29%  870K 8m27s
115950K .......... .......... .......... .......... .......... 29% 1002K 8m27s
116000K .......... .......... .......... .......... .......... 29%  432K 8m27s
116050K .......... .......... .......... .......... .......... 29%  553K 8m27s
116100K .......... .......... .......... .......... .......... 29%  283K 8m27s
116150K .......... .......... .......... .......... .......... 29%  422K 8m27s
116200K .......... .......... .......... .......... .......... 29%  432K 8m27s
116250K .......... .......... .......... .......... .......... 29%  628K 8m27s
116300K .......... .......... .......... .......... .......... 29%  713K 8m27s
116350K .......... .......... .......... .......... .......... 29%  467K 8m27s
116400K .......... .......... .......... .......... .......... 29%  495K 8m27s
116450K .......... .......... .......... .......... .......... 29%  305K 8m27s
116500K .......... .......... .......... .......... .......... 29%  379K 8m27s
116550K .......... .......... .......... .......... .......... 29% 1.07M 8m27s
116600K .......... .......... .......... .......... .......... 29% 1.21M 8m26s
116650K .......... .......... .......... .......... .......... 29%  418K 8m26s
116700K .......... .......... .......... .......... .......... 29% 1.05M 8m26s
116750K .......... .......... .......... .......... .......... 29% 1.14M 8m26s
116800K .......... .......... .......... .......... .......... 29%  939K 8m26s
116850K .......... .......... .......... .......... .......... 29%  310K 8m26s
116900K .......... .......... .......... .......... .......... 29% 1.17M 8m26s
116950K .......... .......... .......... .......... .......... 29% 1005K 8m25s
117000K .......... .......... .......... .......... .......... 29% 1.14M 8m25s
117050K .......... .......... .......... .......... .......... 29%  405K 8m25s
117100K .......... .......... .......... .......... .......... 29%  308K 8m25s
117150K .......... .......... .......... .......... .......... 29%  391K 8m25s
117200K .......... .......... .......... .......... .......... 29%  426K 8m25s
117250K .......... .......... .......... .......... .......... 29%  587K 8m25s
117300K .......... .......... .......... .......... .......... 29%  725K 8m25s
117350K .......... .......... .......... .......... .......... 29% 1.07M 8m25s
117400K .......... .......... .......... .......... .......... 29% 1.03M 8m25s
117450K .......... .......... .......... .......... .......... 29%  935K 8m24s
117500K .......... .......... .......... .......... .......... 29% 1.06M 8m24s
117550K .......... .......... .......... .......... .......... 29%  669K 8m24s
117600K .......... .......... .......... .......... .......... 29% 1.05M 8m24s
117650K .......... .......... .......... .......... .......... 29% 1.03M 8m24s
117700K .......... .......... .......... .......... .......... 29%  910K 8m24s
117750K .......... .......... .......... .......... .......... 29% 1.02M 8m23s
117800K .......... .......... .......... .......... .......... 29%  889K 8m23s
117850K .......... .......... .......... .......... .......... 29% 1.01M 8m23s
117900K .......... .......... .......... .......... .......... 29% 1004K 8m23s
117950K .......... .......... .......... .......... .......... 29%  891K 8m23s
118000K .......... .......... .......... .......... .......... 29% 1015K 8m22s
118050K .......... .......... .......... .......... .......... 29%  861K 8m22s
118100K .......... .......... .......... .......... .......... 29%  995K 8m22s
118150K .......... .......... .......... .......... .......... 29%  994K 8m22s
118200K .......... .......... .......... .......... .......... 29%  848K 8m22s
118250K .......... .......... .......... .......... .......... 29%  979K 8m22s
118300K .......... .......... .......... .......... .......... 29%  835K 8m21s
118350K .......... .......... .......... .......... .......... 29%  972K 8m21s
118400K .......... .......... .......... .......... .......... 29%  961K 8m21s
118450K .......... .......... .......... .......... .......... 29%  819K 8m21s
118500K .......... .......... .......... .......... .......... 30%  952K 8m21s
118550K .......... .......... .......... .......... .......... 30%  811K 8m21s
118600K .......... .......... .......... .......... .......... 30%  936K 8m20s
118650K .......... .......... .......... .......... .......... 30%  936K 8m20s
118700K .......... .......... .......... .......... .......... 30%  795K 8m20s
118750K .......... .......... .......... .......... .......... 30%  922K 8m20s
118800K .......... .......... .......... .......... .......... 30%  787K 8m20s
118850K .......... .......... .......... .......... .......... 30%  914K 8m20s
118900K .......... .......... .......... .......... .......... 30%  903K 8m19s
118950K .......... .......... .......... .......... .......... 30%  773K 8m19s
119000K .......... .......... .......... .......... .......... 30%  891K 8m19s
119050K .......... .......... .......... .......... .......... 30%  763K 8m19s
119100K .......... .......... .......... .......... .......... 30%  885K 8m19s
119150K .......... .......... .......... .......... .......... 30%  878K 8m19s
119200K .......... .......... .......... .......... .......... 30%  754K 8m18s
119250K .......... .......... .......... .......... .......... 30%  866K 8m18s
119300K .......... .......... .......... .......... .......... 30%  742K 8m18s
119350K .......... .......... .......... .......... .......... 30%  853K 8m18s
119400K .......... .......... .......... .......... .......... 30%  864K 8m18s
119450K .......... .......... .......... .......... .......... 30%  731K 8m18s
119500K .......... .......... .......... .......... .......... 30%  847K 8m17s
119550K .......... .......... .......... .......... .......... 30%  719K 8m17s
119600K .......... .......... .......... .......... .......... 30%  840K 8m17s
119650K .......... .......... .......... .......... .......... 30%  835K 8m17s
119700K .......... .......... .......... .......... .......... 30%  713K 8m17s
119750K .......... .......... .......... .......... .......... 30%  810K 8m17s
119800K .......... .......... .......... .......... .......... 30%  712K 8m17s
119850K .......... .......... .......... .......... .......... 30%  810K 8m16s
119900K .......... .......... .......... .......... .......... 30%  736K 8m16s
119950K .......... .......... .......... .......... .......... 30%  584K 8m16s
120000K .......... .......... .......... .......... .......... 30%  805K 8m16s
120050K .......... .......... .......... .......... .......... 30%  687K 8m16s
120100K .......... .......... .......... .......... .......... 30%  795K 8m16s
120150K .......... .......... .......... .......... .......... 30%  792K 8m16s
120200K .......... .......... .......... .......... .......... 30%  675K 8m15s
120250K .......... .......... .......... .......... .......... 30%  779K 8m15s
120300K .......... .......... .......... .......... .......... 30%  671K 8m15s
120350K .......... .......... .......... .......... .......... 30%  780K 8m15s
120400K .......... .......... .......... .......... .......... 30%  769K 8m15s
120450K .......... .......... .......... .......... .......... 30%  652K 8m15s
120500K .......... .......... .......... .......... .......... 30%  774K 8m15s
120550K .......... .......... .......... .......... .......... 30%  654K 8m15s
120600K .......... .......... .......... .......... .......... 30%  760K 8m14s
120650K .......... .......... .......... .......... .......... 30%  756K 8m14s
120700K .......... .......... .......... .......... .......... 30%  645K 8m14s
120750K .......... .......... .......... .......... .......... 30%  744K 8m14s
120800K .......... .......... .......... .......... .......... 30%  633K 8m14s
120850K .......... .......... .......... .......... .......... 30%  749K 8m14s
120900K .......... .......... .......... .......... .......... 30%  736K 8m14s
120950K .......... .......... .......... .......... .......... 30%  625K 8m13s
121000K .......... .......... .......... .......... .......... 30%  732K 8m13s
121050K .......... .......... .......... .......... .......... 30%  623K 8m13s
121100K .......... .......... .......... .......... .......... 30%  714K 8m13s
121150K .......... .......... .......... .......... .......... 30%  726K 8m13s
121200K .......... .......... .......... .......... .......... 30%  614K 8m13s
121250K .......... .......... .......... .......... .......... 30%  708K 8m13s
121300K .......... .......... .......... .......... .......... 30%  603K 8m13s
121350K .......... .......... .......... .......... .......... 30%  707K 8m12s
121400K .......... .......... .......... .......... .......... 30%  703K 8m12s
121450K .......... .......... .......... .......... .......... 30%  600K 8m12s
121500K .......... .......... .......... .......... .......... 30%  695K 8m12s
121550K .......... .......... .......... .......... .......... 30%  601K 8m12s
121600K .......... .......... .......... .......... .......... 30%  684K 8m12s
121650K .......... .......... .......... .......... .......... 30%  686K 8m12s
121700K .......... .......... .......... .......... .......... 30%  588K 8m12s
121750K .......... .......... .......... .......... .......... 30%  685K 8m11s
121800K .......... .......... .......... .......... .......... 30%  582K 8m11s
121850K .......... .......... .......... .......... .......... 30%  675K 8m11s
121900K .......... .......... .......... .......... .......... 30%  672K 8m11s
121950K .......... .......... .......... .......... .......... 30%  569K 8m11s
122000K .......... .......... .......... .......... .......... 30%  670K 8m11s
122050K .......... .......... .......... .......... .......... 30%  569K 8m11s
122100K .......... .......... .......... .......... .......... 30%  660K 8m11s
122150K .......... .......... .......... .......... .......... 30%  656K 8m11s
122200K .......... .......... .......... .......... .......... 30%  564K 8m10s
122250K .......... .......... .......... .......... .......... 30%  650K 8m10s
122300K .......... .......... .......... .......... .......... 30%  558K 8m10s
122350K .......... .......... .......... .......... .......... 30%  646K 8m10s
122400K .......... .......... .......... .......... .......... 30%  644K 8m10s
122450K .......... .......... .......... .......... .......... 31%  551K 8m10s
122500K .......... .......... .......... .......... .......... 31%  641K 8m10s
122550K .......... .......... .......... .......... .......... 31%  546K 8m10s
122600K .......... .......... .......... .......... .......... 31%  633K 8m10s
122650K .......... .......... .......... .......... .......... 31%  631K 8m10s
122700K .......... .......... .......... .......... .......... 31%  541K 8m9s
122750K .......... .......... .......... .......... .......... 31%  624K 8m9s
122800K .......... .......... .......... .......... .......... 31%  533K 8m9s
122850K .......... .......... .......... .......... .......... 31%  623K 8m9s
122900K .......... .......... .......... .......... .......... 31%  528K 8m9s
122950K .......... .......... .......... .......... .......... 31%  619K 8m9s
123000K .......... .......... .......... .......... .......... 31%  616K 8m9s
123050K .......... .......... .......... .......... .......... 31%  524K 8m9s
123100K .......... .......... .......... .......... .......... 31%  607K 8m9s
123150K .......... .......... .......... .......... .......... 31%  519K 8m9s
123200K .......... .......... .......... .......... .......... 31%  607K 8m8s
123250K .......... .......... .......... .......... .......... 31%  602K 8m8s
123300K .......... .......... .......... .......... .......... 31%  513K 8m8s
123350K .......... .......... .......... .......... .......... 31%  599K 8m8s
123400K .......... .......... .......... .......... .......... 31%  510K 8m8s
123450K .......... .......... .......... .......... .......... 31%  594K 8m8s
123500K .......... .......... .......... .......... .......... 31%  593K 8m8s
123550K .......... .......... .......... .......... .......... 31%  504K 8m8s
123600K .......... .......... .......... .......... .......... 31%  586K 8m8s
123650K .......... .......... .......... .......... .......... 31%  499K 8m8s
123700K .......... .......... .......... .......... .......... 31%  582K 8m8s
123750K .......... .......... .......... .......... .......... 31%  582K 8m7s
123800K .......... .......... .......... .......... .......... 31%  496K 8m7s
123850K .......... .......... .......... .......... .......... 31%  575K 8m7s
123900K .......... .......... .......... .......... .......... 31%  492K 8m7s
123950K .......... .......... .......... .......... .......... 31%  575K 8m7s
124000K .......... .......... .......... .......... .......... 31%  570K 8m7s
124050K .......... .......... .......... .......... .......... 31%  487K 8m7s
124100K .......... .......... .......... .......... .......... 31%  566K 8m7s
124150K .......... .......... .......... .......... .......... 31%  486K 8m7s
124200K .......... .......... .......... .......... .......... 31%  561K 8m7s
124250K .......... .......... .......... .......... .......... 31%  560K 8m7s
124300K .......... .......... .......... .......... .......... 31%  480K 8m7s
124350K .......... .......... .......... .......... .......... 31%  554K 8m7s
124400K .......... .......... .......... .......... .......... 31%  476K 8m6s
124450K .......... .......... .......... .......... .......... 31%  549K 8m6s
124500K .......... .......... .......... .......... .......... 31%  551K 8m6s
124550K .......... .......... .......... .......... .......... 31%  471K 8m6s
124600K .......... .......... .......... .......... .......... 31%  547K 8m6s
124650K .......... .......... .......... .......... .......... 31%  468K 8m6s
124700K .......... .......... .......... .......... .......... 31%  542K 8m6s
124750K .......... .......... .......... .......... .......... 31%  542K 8m6s
124800K .......... .......... .......... .......... .......... 31%  463K 8m6s
124850K .......... .......... .......... .......... .......... 31%  537K 8m6s
124900K .......... .......... .......... .......... .......... 31%  457K 8m6s
124950K .......... .......... .......... .......... .......... 31%  535K 8m6s
125000K .......... .......... .......... .......... .......... 31%  534K 8m6s
125050K .......... .......... .......... .......... .......... 31%  453K 8m6s
125100K .......... .......... .......... .......... .......... 31%  528K 8m5s
125150K .......... .......... .......... .......... .......... 31%  453K 8m5s
125200K .......... .......... .......... .......... .......... 31%  514K 8m5s
125250K .......... .......... .......... .......... .......... 31%  518K 8m5s
125300K .......... .......... .......... .......... .......... 31%  448K 8m5s
125350K .......... .......... .......... .......... .......... 31%  520K 8m5s
125400K .......... .......... .......... .......... .......... 31%  444K 8m5s
125450K .......... .......... .......... .......... .......... 31%  517K 8m5s
125500K .......... .......... .......... .......... .......... 31%  516K 8m5s
125550K .......... .......... .......... .......... .......... 31%  434K 8m5s
125600K .......... .......... .......... .......... .......... 31%  514K 8m5s
125650K .......... .......... .......... .......... .......... 31%  438K 8m5s
125700K .......... .......... .......... .......... .......... 31%  511K 8m5s
125750K .......... .......... .......... .......... .......... 31%  501K 8m5s
125800K .......... .......... .......... .......... .......... 31%  437K 8m5s
125850K .......... .......... .......... .......... .......... 31%  505K 8m5s
125900K .......... .......... .......... .......... .......... 31%  430K 8m5s
125950K .......... .......... .......... .......... .......... 31%  500K 8m4s
126000K .......... .......... .......... .......... .......... 31%  500K 8m4s
126050K .......... .......... .......... .......... .......... 31%  426K 8m4s
126100K .......... .......... .......... .......... .......... 31%  495K 8m4s
126150K .......... .......... .......... .......... .......... 31%  424K 8m4s
126200K .......... .......... .......... .......... .......... 31%  491K 8m4s
126250K .......... .......... .......... .......... .......... 31%  491K 8m4s
126300K .......... .......... .......... .......... .......... 31%  420K 8m4s
126350K .......... .......... .......... .......... .......... 31%  487K 8m4s
126400K .......... .......... .......... .......... .......... 32%  418K 8m4s
126450K .......... .......... .......... .......... .......... 32%  485K 8m4s
126500K .......... .......... .......... .......... .......... 32%  485K 8m4s
126550K .......... .......... .......... .......... .......... 32%  413K 8m4s
126600K .......... .......... .......... .......... .......... 32%  478K 8m4s
126650K .......... .......... .......... .......... .......... 32%  413K 8m4s
126700K .......... .......... .......... .......... .......... 32%  477K 8m4s
126750K .......... .......... .......... .......... .......... 32%  476K 8m4s
126800K .......... .......... .......... .......... .......... 32%  408K 8m4s
126850K .......... .......... .......... .......... .......... 32%  473K 8m4s
126900K .......... .......... .......... .......... .......... 32%  403K 8m4s
126950K .......... .......... .......... .......... .......... 32%  473K 8m3s
127000K .......... .......... .......... .......... .......... 32%  470K 8m3s
127050K .......... .......... .......... .......... .......... 32%  400K 8m3s
127100K .......... .......... .......... .......... .......... 32% 1.78M 8m3s
127150K .......... .......... .......... .......... .......... 32% 4.09M 8m3s
127200K .......... .......... .......... .......... .......... 32% 4.24M 8m3s
127250K .......... .......... .......... .......... .......... 32% 5.31M 8m2s
127300K .......... .......... .......... .......... .......... 32% 4.30M 8m2s
127350K .......... .......... .......... .......... .......... 32% 4.96M 8m2s
127400K .......... .......... .......... .......... .......... 32% 4.19M 8m2s
127450K .......... .......... .......... .......... .......... 32% 4.90M 8m1s
127500K .......... .......... .......... .......... .......... 32% 5.09M 8m1s
127550K .......... .......... .......... .......... .......... 32% 4.08M 8m1s
127600K .......... .......... .......... .......... .......... 32% 5.03M 8m1s
127650K .......... .......... .......... .......... .......... 32% 4.27M 8m0s
127700K .......... .......... .......... .......... .......... 32% 4.90M 8m0s
127750K .......... .......... .......... .......... .......... 32% 5.32M 8m0s
127800K .......... .......... .......... .......... .......... 32% 4.41M 8m0s
127850K .......... .......... .......... .......... .......... 32% 4.89M 7m59s
127900K .......... .......... .......... .......... .......... 32% 4.34M 7m59s
127950K .......... .......... .......... .......... .......... 32% 5.34M 7m59s
128000K .......... .......... .......... .......... .......... 32% 5.29M 7m59s
128050K .......... .......... .......... .......... .......... 32% 4.32M 7m58s
128100K .......... .......... .......... .......... .......... 32% 5.00M 7m58s
128150K .......... .......... .......... .......... .......... 32% 4.15M 7m58s
128200K .......... .......... .......... .......... .......... 32% 4.63M 7m58s
128250K .......... .......... .......... .......... .......... 32% 4.51M 7m57s
128300K .......... .......... .......... .......... .......... 32% 3.90M 7m57s
128350K .......... .......... .......... .......... .......... 32% 4.31M 7m57s
128400K .......... .......... .......... .......... .......... 32% 3.67M 7m57s
128450K .......... .......... .......... .......... .......... 32% 4.23M 7m56s
128500K .......... .......... .......... .......... .......... 32% 4.09M 7m56s
128550K .......... .......... .......... .......... .......... 32% 3.34M 7m56s
128600K .......... .......... .......... .......... .......... 32% 3.85M 7m56s
128650K .......... .......... .......... .......... .......... 32% 3.29M 7m55s
128700K .......... .......... .......... .......... .......... 32% 3.65M 7m55s
128750K .......... .......... .......... .......... .......... 32% 3.55M 7m55s
128800K .......... .......... .......... .......... .......... 32% 3.03M 7m55s
128850K .......... .......... .......... .......... .......... 32% 3.48M 7m54s
128900K .......... .......... .......... .......... .......... 32% 2.82M 7m54s
128950K .......... .......... .......... .......... .......... 32% 3.31M 7m54s
129000K .......... .......... .......... .......... .......... 32% 3.29M 7m54s
129050K .......... .......... .......... .......... .......... 32% 2.67M 7m53s
129100K .......... .......... .......... .......... .......... 32% 3.13M 7m53s
129150K .......... .......... .......... .......... .......... 32% 2.61M 7m53s
129200K .......... .......... .......... .......... .......... 32% 2.95M 7m53s
129250K .......... .......... .......... .......... .......... 32% 2.93M 7m52s
129300K .......... .......... .......... .......... .......... 32% 2.47M 7m52s
129350K .......... .......... .......... .......... .......... 32% 2.81M 7m52s
129400K .......... .......... .......... .......... .......... 32% 2.35M 7m52s
129450K .......... .......... .......... .......... .......... 32% 2.73M 7m52s
129500K .......... .......... .......... .......... .......... 32% 2.70M 7m51s
129550K .......... .......... .......... .......... .......... 32% 2.21M 7m51s
129600K .......... .......... .......... .......... .......... 32% 2.60M 7m51s
129650K .......... .......... .......... .......... .......... 32% 2.19M 7m51s
129700K .......... .......... .......... .......... .......... 32% 2.46M 7m50s
129750K .......... .......... .......... .......... .......... 32% 2.46M 7m50s
129800K .......... .......... .......... .......... .......... 32% 2.09M 7m50s
129850K .......... .......... .......... .......... .......... 32% 2.38M 7m50s
129900K .......... .......... .......... .......... .......... 32% 2.01M 7m49s
129950K .......... .......... .......... .......... .......... 32% 2.33M 7m49s
130000K .......... .......... .......... .......... .......... 32% 2.30M 7m49s
130050K .......... .......... .......... .......... .......... 32% 1.90M 7m49s
130100K .......... .......... .......... .......... .......... 32% 2.21M 7m49s
130150K .......... .......... .......... .......... .......... 32% 1.89M 7m48s
130200K .......... .......... .......... .......... .......... 32% 2.08M 7m48s
130250K .......... .......... .......... .......... .......... 32% 2.15M 7m48s
130300K .......... .......... .......... .......... .......... 32% 1.80M 7m48s
130350K .......... .......... .......... .......... .......... 33% 2.07M 7m47s
130400K .......... .......... .......... .......... .......... 33% 1.74M 7m47s
130450K .......... .......... .......... .......... .......... 33% 2.01M 7m47s
130500K .......... .......... .......... .......... .......... 33% 2.01M 7m47s
130550K .......... .......... .......... .......... .......... 33% 1.66M 7m47s
130600K .......... .......... .......... .......... .......... 33% 1.94M 7m46s
130650K .......... .......... .......... .......... .......... 33% 1.65M 7m46s
130700K .......... .......... .......... .......... .......... 33% 1.87M 7m46s
130750K .......... .......... .......... .......... .......... 33% 1.86M 7m46s
130800K .......... .......... .......... .......... .......... 33% 1.58M 7m46s
130850K .......... .......... .......... .......... .......... 33% 1.83M 7m45s
130900K .......... .......... .......... .......... .......... 33% 1.54M 7m45s
130950K .......... .......... .......... .......... .......... 33% 1.79M 7m45s
131000K .......... .......... .......... .......... .......... 33% 1.77M 7m45s
131050K .......... .......... .......... .......... .......... 33% 1.48M 7m45s
131100K .......... .......... .......... .......... .......... 33% 1.73M 7m44s
131150K .......... .......... .......... .......... .......... 33% 1.47M 7m44s
131200K .......... .......... .......... .......... .......... 33% 1.67M 7m44s
131250K .......... .......... .......... .......... .......... 33% 1.66M 7m44s
131300K .......... .......... .......... .......... .......... 33% 1.40M 7m44s
131350K .......... .......... .......... .......... .......... 33% 1.64M 7m43s
131400K .......... .......... .......... .......... .......... 33% 1.38M 7m43s
131450K .......... .......... .......... .......... .......... 33% 1.60M 7m43s
131500K .......... .......... .......... .......... .......... 33% 1.59M 7m43s
131550K .......... .......... .......... .......... .......... 33% 1.33M 7m43s
131600K .......... .......... .......... .......... .......... 33% 1.54M 7m42s
131650K .......... .......... .......... .......... .......... 33% 1.33M 7m42s
131700K .......... .......... .......... .......... .......... 33% 1.49M 7m42s
131750K .......... .......... .......... .......... .......... 33% 1.50M 7m42s
131800K .......... .......... .......... .......... .......... 33% 1.28M 7m42s
131850K .......... .......... .......... .......... .......... 33% 1.47M 7m41s
131900K .......... .......... .......... .......... .......... 33% 1.25M 7m41s
131950K .......... .......... .......... .......... .......... 33% 1.45M 7m41s
132000K .......... .......... .......... .......... .......... 33% 1.44M 7m41s
132050K .......... .......... .......... .......... .......... 33% 1.22M 7m41s
132100K .......... .......... .......... .......... .......... 33% 1.41M 7m40s
132150K .......... .......... .......... .......... .......... 33% 1.20M 7m40s
132200K .......... .......... .......... .......... .......... 33% 1.38M 7m40s
132250K .......... .......... .......... .......... .......... 33% 1.36M 7m40s
132300K .......... .......... .......... .......... .......... 33% 1.17M 7m40s
132350K .......... .......... .......... .......... .......... 33% 1.35M 7m40s
132400K .......... .......... .......... .......... .......... 33% 1.14M 7m39s
132450K .......... .......... .......... .......... .......... 33% 1.33M 7m39s
132500K .......... .......... .......... .......... .......... 33% 1.31M 7m39s
132550K .......... .......... .......... .......... .......... 33% 1.11M 7m39s
132600K .......... .......... .......... .......... .......... 33% 1.30M 7m39s
132650K .......... .......... .......... .......... .......... 33% 1.10M 7m38s
132700K .......... .......... .......... .......... .......... 33% 1.27M 7m38s
132750K .......... .......... .......... .......... .......... 33% 1.26M 7m38s
132800K .......... .......... .......... .......... .......... 33% 1.07M 7m38s
132850K .......... .......... .......... .......... .......... 33% 1.25M 7m38s
132900K .......... .......... .......... .......... .......... 33% 1.05M 7m38s
132950K .......... .......... .......... .......... .......... 33% 1.23M 7m37s
133000K .......... .......... .......... .......... .......... 33% 1.22M 7m37s
133050K .......... .......... .......... .......... .......... 33% 1.02M 7m37s
133100K .......... .......... .......... .......... .......... 33% 1.20M 7m37s
133150K .......... .......... .......... .......... .......... 33% 1.02M 7m37s
133200K .......... .......... .......... .......... .......... 33% 1.17M 7m36s
133250K .......... .......... .......... .......... .......... 33% 1.17M 7m36s
133300K .......... .......... .......... .......... .......... 33% 1018K 7m36s
133350K .......... .......... .......... .......... .......... 33% 1.15M 7m36s
133400K .......... .......... .......... .......... .......... 33% 1001K 7m36s
133450K .......... .......... .......... .......... .......... 33% 1.14M 7m36s
133500K .......... .......... .......... .......... .......... 33% 1.12M 7m35s
133550K .......... .......... .......... .......... .......... 33%  973K 7m35s
133600K .......... .......... .......... .......... .......... 33% 1.11M 7m35s
133650K .......... .......... .......... .......... .......... 33%  970K 7m35s
133700K .......... .......... .......... .......... .......... 33% 1.09M 7m35s
133750K .......... .......... .......... .......... .......... 33% 1.09M 7m35s
133800K .......... .......... .......... .......... .......... 33%  949K 7m34s
133850K .......... .......... .......... .......... .......... 33% 1.07M 7m34s
133900K .......... .......... .......... .......... .......... 33%  935K 7m34s
133950K .......... .......... .......... .......... .......... 33% 1.06M 7m34s
134000K .......... .......... .......... .......... .......... 33% 1.05M 7m34s
134050K .......... .......... .......... .......... .......... 33%  910K 7m34s
134100K .......... .......... .......... .......... .......... 33% 1.04M 7m34s
134150K .......... .......... .......... .......... .......... 33%  904K 7m33s
134200K .......... .......... .......... .......... .......... 33% 1.02M 7m33s
134250K .......... .......... .......... .......... .......... 33% 1.02M 7m33s
134300K .......... .......... .......... .......... .......... 34%  887K 7m33s
134350K .......... .......... .......... .......... .......... 34% 1.00M 7m33s
134400K .......... .......... .......... .......... .......... 34%  871K 7m33s
134450K .......... .......... .......... .......... .......... 34% 1010K 7m32s
134500K .......... .......... .......... .......... .......... 34% 1010K 7m32s
134550K .......... .......... .......... .......... .......... 34%  855K 7m32s
134600K .......... .......... .......... .......... .......... 34%  995K 7m32s
134650K .......... .......... .......... .......... .......... 34%  852K 7m32s
134700K .......... .......... .......... .......... .......... 34%  977K 7m32s
134750K .......... .......... .......... .......... .......... 34%  982K 7m32s
134800K .......... .......... .......... .......... .......... 34%  833K 7m31s
134850K .......... .......... .......... .......... .......... 34%  965K 7m31s
134900K .......... .......... .......... .......... .......... 34%  446K 7m31s
134950K .......... .......... .......... .......... .......... 34%  880K 7m31s
135000K .......... .......... .......... .......... .......... 34%  949K 7m31s
135050K .......... .......... .......... .......... .......... 34%  803K 7m31s
135100K .......... .......... .......... .......... .......... 34%  444K 7m31s
135150K .......... .......... .......... .......... .......... 34%  418K 7m31s
135200K .......... .......... .......... .......... .......... 34%  895K 7m31s
135250K .......... .......... .......... .......... .......... 34%  917K 7m30s
135300K .......... .......... .......... .......... .......... 34%  782K 7m30s
135350K .......... .......... .......... .......... .......... 34%  911K 7m30s
135400K .......... .......... .......... .......... .......... 34%  765K 7m30s
135450K .......... .......... .......... .......... .......... 34%  694K 7m30s
135500K .......... .......... .......... .......... .......... 34%  938K 7m30s
135550K .......... .......... .......... .......... .......... 34%  758K 7m30s
135600K .......... .......... .......... .......... .......... 34%  883K 7m29s
135650K .......... .......... .......... .......... .......... 34%  755K 7m29s
135700K .......... .......... .......... .......... .......... 34%  872K 7m29s
135750K .......... .......... .......... .......... .......... 34%  869K 7m29s
135800K .......... .......... .......... .......... .......... 34%  741K 7m29s
135850K .......... .......... .......... .......... .......... 34%  858K 7m29s
135900K .......... .......... .......... .......... .......... 34%  731K 7m29s
135950K .......... .......... .......... .......... .......... 34%  495K 7m29s
136000K .......... .......... .......... .......... .......... 34%  839K 7m28s
136050K .......... .......... .......... .......... .......... 34%  719K 7m28s
136100K .......... .......... .......... .......... .......... 34%  717K 7m28s
136150K .......... .......... .......... .......... .......... 34%  318K 7m28s
136200K .......... .......... .......... .......... .......... 34%  569K 7m28s
136250K .......... .......... .......... .......... .......... 34%  249K 7m28s
136300K .......... .......... .......... .......... .......... 34%  655K 7m28s
136350K .......... .......... .......... .......... .......... 34%  811K 7m28s
136400K .......... .......... .......... .......... .......... 34%  694K 7m28s
136450K .......... .......... .......... .......... .......... 34%  486K 7m28s
136500K .......... .......... .......... .......... .......... 34%  517K 7m28s
136550K .......... .......... .......... .......... .......... 34%  682K 7m28s
136600K .......... .......... .......... .......... .......... 34%  793K 7m28s
136650K .......... .......... .......... .......... .......... 34%  676K 7m28s
136700K .......... .......... .......... .......... .......... 34%  783K 7m27s
136750K .......... .......... .......... .......... .......... 34%  773K 7m27s
136800K .......... .......... .......... .......... .......... 34%  677K 7m27s
136850K .......... .......... .......... .......... .......... 34%  774K 7m27s
136900K .......... .......... .......... .......... .......... 34%  658K 7m27s
136950K .......... .......... .......... .......... .......... 34%  765K 7m27s
137000K .......... .......... .......... .......... .......... 34%  763K 7m27s
137050K .......... .......... .......... .......... .......... 34%  236K 7m27s
137100K .......... .......... .......... .......... .......... 34% 2.52K 8m4s
137150K .......... .......... .......... .......... .......... 34%  636K 8m4s
137200K .......... .......... .......... .......... .......... 34%  140K 8m4s
137250K .......... .......... .......... .......... .......... 34%  743K 8m4s
137300K .......... .......... .......... .......... .......... 34%  546K 8m4s
137350K .......... .......... .......... .......... .......... 34%  736K 8m4s
137400K .......... .......... .......... .......... .......... 34%  633K 8m4s
137450K .......... .......... .......... .......... .......... 34%  734K 8m4s
137500K .......... .......... .......... .......... .......... 34%  730K 8m3s
137550K .......... .......... .......... .......... .......... 34%  618K 8m3s
137600K .......... .......... .......... .......... .......... 34%  721K 8m3s
137650K .......... .......... .......... .......... .......... 34%  616K 8m3s
137700K .......... .......... .......... .......... .......... 34%  711K 8m3s
137750K .......... .......... .......... .......... .......... 34%  705K 8m3s
137800K .......... .......... .......... .......... .......... 34%  611K 8m3s
137850K .......... .......... .......... .......... .......... 34%  704K 8m3s
137900K .......... .......... .......... .......... .......... 34%  600K 8m2s
137950K .......... .......... .......... .......... .......... 34%  701K 8m2s
138000K .......... .......... .......... .......... .......... 34%  695K 8m2s
138050K .......... .......... .......... .......... .......... 34%  594K 8m2s
138100K .......... .......... .......... .......... .......... 34%  688K 8m2s
138150K .......... .......... .......... .......... .......... 34%  584K 8m2s
138200K .......... .......... .......... .......... .......... 34%  681K 8m2s
138250K .......... .......... .......... .......... .......... 35%  678K 8m2s
138300K .......... .......... .......... .......... .......... 35%  580K 8m1s
138350K .......... .......... .......... .......... .......... 35%  661K 8m1s
138400K .......... .......... .......... .......... .......... 35%  583K 8m1s
138450K .......... .......... .......... .......... .......... 35%  668K 8m1s
138500K .......... .......... .......... .......... .......... 35%  670K 8m1s
138550K .......... .......... .......... .......... .......... 35%  567K 8m1s
138600K .......... .......... .......... .......... .......... 35%  659K 8m1s
138650K .......... .......... .......... .......... .......... 35%  564K 8m1s
138700K .......... .......... .......... .......... .......... 35%  652K 8m0s
138750K .......... .......... .......... .......... .......... 35%  652K 8m0s
138800K .......... .......... .......... .......... .......... 35%  556K 8m0s
138850K .......... .......... .......... .......... .......... 35%  645K 8m0s
138900K .......... .......... .......... .......... .......... 35%  549K 8m0s
138950K .......... .......... .......... .......... .......... 35%  645K 8m0s
139000K .......... .......... .......... .......... .......... 35%  636K 8m0s
139050K .......... .......... .......... .......... .......... 35%  541K 8m0s
139100K .......... .......... .......... .......... .......... 35%  634K 8m0s
139150K .......... .......... .......... .......... .......... 35%  543K 7m59s
139200K .......... .......... .......... .......... .......... 35%  626K 7m59s
139250K .......... .......... .......... .......... .......... 35%  625K 7m59s
139300K .......... .......... .......... .......... .......... 35%  532K 7m59s
139350K .......... .......... .......... .......... .......... 35%  623K 7m59s
139400K .......... .......... .......... .......... .......... 35%  529K 7m59s
139450K .......... .......... .......... .......... .......... 35%  616K 7m59s
139500K .......... .......... .......... .......... .......... 35%  609K 7m59s
139550K .......... .......... .......... .......... .......... 35%  522K 7m59s
139600K .......... .......... .......... .......... .......... 35%  608K 7m58s
139650K .......... .......... .......... .......... .......... 35%  516K 7m58s
139700K .......... .......... .......... .......... .......... 35%  601K 7m58s
139750K .......... .......... .......... .......... .......... 35%  601K 7m58s
139800K .......... .......... .......... .......... .......... 35%  511K 7m58s
139850K .......... .......... .......... .......... .......... 35%  599K 7m58s
139900K .......... .......... .......... .......... .......... 35%  507K 7m58s
139950K .......... .......... .......... .......... .......... 35%  595K 7m58s
140000K .......... .......... .......... .......... .......... 35%  591K 7m58s
140050K .......... .......... .......... .......... .......... 35%  502K 7m58s
140100K .......... .......... .......... .......... .......... 35%  586K 7m57s
140150K .......... .......... .......... .......... .......... 35%  501K 7m57s
140200K .......... .......... .......... .......... .......... 35%  579K 7m57s
140250K .......... .......... .......... .......... .......... 35%  578K 7m57s
140300K .......... .......... .......... .......... .......... 35%  493K 7m57s
140350K .......... .......... .......... .......... .......... 35%  576K 7m57s
140400K .......... .......... .......... .......... .......... 35%  487K 7m57s
140450K .......... .......... .......... .......... .......... 35%  573K 7m57s
140500K .......... .......... .......... .......... .......... 35%  569K 7m57s
140550K .......... .......... .......... .......... .......... 35%  485K 7m57s
140600K .......... .......... .......... .......... .......... 35%  562K 7m57s
140650K .......... .......... .......... .......... .......... 35%  484K 7m56s
140700K .......... .......... .......... .......... .......... 35%  558K 7m56s
140750K .......... .......... .......... .......... .......... 35%  559K 7m56s
140800K .......... .......... .......... .......... .......... 35%  477K 7m56s
140850K .......... .......... .......... .......... .......... 35%  555K 7m56s
140900K .......... .......... .......... .......... .......... 35%  472K 7m56s
140950K .......... .......... .......... .......... .......... 35%  550K 7m56s
141000K .......... .......... .......... .......... .......... 35%  550K 7m56s
141050K .......... .......... .......... .......... .......... 35%  467K 7m56s
141100K .......... .......... .......... .......... .......... 35%  547K 7m56s
141150K .......... .......... .......... .......... .......... 35%  463K 7m56s
141200K .......... .......... .......... .......... .......... 35%  544K 7m55s
141250K .......... .......... .......... .......... .......... 35%  538K 7m55s
141300K .......... .......... .......... .......... .......... 35%  460K 7m55s
141350K .......... .......... .......... .......... .......... 35%  537K 7m55s
141400K .......... .......... .......... .......... .......... 35%  456K 7m55s
141450K .......... .......... .......... .......... .......... 35%  530K 7m55s
141500K .......... .......... .......... .......... .......... 35%  532K 7m55s
141550K .......... .......... .......... .......... .......... 35%  452K 7m55s
141600K .......... .......... .......... .......... .......... 35%  526K 7m55s
141650K .......... .......... .......... .......... .......... 35%  450K 7m55s
141700K .......... .......... .......... .......... .......... 35%  521K 7m55s
141750K .......... .......... .......... .......... .......... 35%  521K 7m55s
141800K .......... .......... .......... .......... .......... 35%  445K 7m55s
141850K .......... .......... .......... .......... .......... 35%  518K 7m54s
141900K .......... .......... .......... .......... .......... 35%  439K 7m54s
141950K .......... .......... .......... .......... .......... 35%  464K 7m54s
142000K .......... .......... .......... .......... .......... 35%  514K 7m54s
142050K .......... .......... .......... .......... .......... 35%  437K 7m54s
142100K .......... .......... .......... .......... .......... 35%  509K 7m54s
142150K .......... .......... .......... .......... .......... 35%  435K 7m54s
142200K .......... .......... .......... .......... .......... 36%  502K 7m54s
142250K .......... .......... .......... .......... .......... 36%  503K 7m54s
142300K .......... .......... .......... .......... .......... 36%  431K 7m54s
142350K .......... .......... .......... .......... .......... 36%  499K 7m54s
142400K .......... .......... .......... .......... .......... 36%  423K 7m54s
142450K .......... .......... .......... .......... .......... 36%  503K 7m54s
142500K .......... .......... .......... .......... .......... 36%  496K 7m53s
142550K .......... .......... .......... .......... .......... 36%  423K 7m53s
142600K .......... .......... .......... .......... .......... 36%  494K 7m53s
142650K .......... .......... .......... .......... .......... 36%  422K 7m53s
142700K .......... .......... .......... .......... .......... 36%  489K 7m53s
142750K .......... .......... .......... .......... .......... 36%  488K 7m53s
142800K .......... .......... .......... .......... .......... 36%  418K 7m53s
142850K .......... .......... .......... .......... .......... 36%  483K 7m53s
142900K .......... .......... .......... .......... .......... 36%  413K 7m53s
142950K .......... .......... .......... .......... .......... 36%  484K 7m53s
143000K .......... .......... .......... .......... .......... 36%  481K 7m53s
143050K .......... .......... .......... .......... .......... 36%  410K 7m53s
143100K .......... .......... .......... .......... .......... 36%  478K 7m53s
143150K .......... .......... .......... .......... .......... 36%  409K 7m53s
143200K .......... .......... .......... .......... .......... 36%  474K 7m53s
143250K .......... .......... .......... .......... .......... 36%  474K 7m53s
143300K .......... .......... .......... .......... .......... 36%  405K 7m52s
143350K .......... .......... .......... .......... .......... 36%  470K 7m52s
143400K .......... .......... .......... .......... .......... 36%  402K 7m52s
143450K .......... .......... .......... .......... .......... 36%  666K 7m52s
143500K .......... .......... .......... .......... .......... 36% 4.94M 7m52s
143550K .......... .......... .......... .......... .......... 36% 4.22M 7m52s
143600K .......... .......... .......... .......... .......... 36% 4.80M 7m52s
143650K .......... .......... .......... .......... .......... 36% 4.71M 7m51s
143700K .......... .......... .......... .......... .......... 36% 4.68M 7m51s
143750K .......... .......... .......... .......... .......... 36% 5.35M 7m51s
143800K .......... .......... .......... .......... .......... 36% 4.54M 7m51s
143850K .......... .......... .......... .......... .......... 36% 4.86M 7m50s
143900K .......... .......... .......... .......... .......... 36% 4.20M 7m50s
143950K .......... .......... .......... .......... .......... 36% 4.99M 7m50s
144000K .......... .......... .......... .......... .......... 36% 5.29M 7m50s
144050K .......... .......... .......... .......... .......... 36% 4.07M 7m49s
144100K .......... .......... .......... .......... .......... 36% 4.55M 7m49s
144150K .......... .......... .......... .......... .......... 36% 4.26M 7m49s
144200K .......... .......... .......... .......... .......... 36% 4.80M 7m49s
144250K .......... .......... .......... .......... .......... 36% 4.83M 7m48s
144300K .......... .......... .......... .......... .......... 36% 4.11M 7m48s
144350K .......... .......... .......... .......... .......... 36% 4.83M 7m48s
144400K .......... .......... .......... .......... .......... 36% 4.14M 7m48s
144450K .......... .......... .......... .......... .......... 36% 4.95M 7m47s
144500K .......... .......... .......... .......... .......... 36% 5.02M 7m47s
144550K .......... .......... .......... .......... .......... 36% 3.75M 7m47s
144600K .......... .......... .......... .......... .......... 36% 4.49M 7m47s
144650K .......... .......... .......... .......... .......... 36% 3.99M 7m47s
144700K .......... .......... .......... .......... .......... 36% 4.29M 7m46s
144750K .......... .......... .......... .......... .......... 36% 4.27M 7m46s
144800K .......... .......... .......... .......... .......... 36% 3.61M 7m46s
144850K .......... .......... .......... .......... .......... 36% 3.83M 7m46s
144900K .......... .......... .......... .......... .......... 36% 3.38M 7m45s
144950K .......... .......... .......... .......... .......... 36% 3.84M 7m45s
145000K .......... .......... .......... .......... .......... 36% 3.85M 7m45s
145050K .......... .......... .......... .......... .......... 36% 3.13M 7m45s
145100K .......... .......... .......... .......... .......... 36% 3.58M 7m44s
145150K .......... .......... .......... .......... .......... 36% 3.05M 7m44s
145200K .......... .......... .......... .......... .......... 36% 3.38M 7m44s
145250K .......... .......... .......... .......... .......... 36% 3.35M 7m44s
145300K .......... .......... .......... .......... .......... 36% 2.82M 7m44s
145350K .......... .......... .......... .......... .......... 36% 3.24M 7m43s
145400K .......... .......... .......... .......... .......... 36% 2.67M 7m43s
145450K .......... .......... .......... .......... .......... 36% 3.11M 7m43s
145500K .......... .......... .......... .......... .......... 36% 3.05M 7m43s
145550K .......... .......... .......... .......... .......... 36% 2.51M 7m42s
145600K .......... .......... .......... .......... .......... 36% 2.90M 7m42s
145650K .......... .......... .......... .......... .......... 36% 2.45M 7m42s
145700K .......... .......... .......... .......... .......... 36% 2.76M 7m42s
145750K .......... .......... .......... .......... .......... 36% 2.75M 7m42s
145800K .......... .......... .......... .......... .......... 36% 2.32M 7m41s
145850K .......... .......... .......... .......... .......... 36% 2.64M 7m41s
145900K .......... .......... .......... .......... .......... 36% 2.22M 7m41s
145950K .......... .......... .......... .......... .......... 36% 2.55M 7m41s
146000K .......... .......... .......... .......... .......... 36% 2.54M 7m40s
146050K .......... .......... .......... .......... .......... 36% 2.11M 7m40s
146100K .......... .......... .......... .......... .......... 36% 2.43M 7m40s
146150K .......... .......... .......... .......... .......... 37% 2.06M 7m40s
146200K .......... .......... .......... .......... .......... 37% 2.35M 7m40s
146250K .......... .......... .......... .......... .......... 37% 2.31M 7m39s
146300K .......... .......... .......... .......... .......... 37% 1.97M 7m39s
146350K .......... .......... .......... .......... .......... 37% 2.26M 7m39s
146400K .......... .......... .......... .......... .......... 37% 1.89M 7m39s
146450K .......... .......... .......... .......... .......... 37% 2.20M 7m39s
146500K .......... .......... .......... .......... .......... 37% 2.18M 7m38s
146550K .......... .......... .......... .......... .......... 37% 1.80M 7m38s
146600K .......... .......... .......... .......... .......... 37% 2.04M 7m38s
146650K .......... .......... .......... .......... .......... 37% 1.79M 7m38s
146700K .......... .......... .......... .......... .......... 37% 2.02M 7m38s
146750K .......... .......... .......... .......... .......... 37% 2.00M 7m37s
146800K .......... .......... .......... .......... .......... 37% 1.71M 7m37s
146850K .......... .......... .......... .......... .......... 37% 1.96M 7m37s
146900K .......... .......... .......... .......... .......... 37% 1.65M 7m37s
146950K .......... .......... .......... .......... .......... 37% 1.91M 7m37s
147000K .......... .......... .......... .......... .......... 37% 1.89M 7m36s
147050K .......... .......... .......... .......... .......... 37% 1.58M 7m36s
147100K .......... .......... .......... .......... .......... 37% 1.85M 7m36s
147150K .......... .......... .......... .......... .......... 37% 1.56M 7m36s
147200K .......... .......... .......... .......... .......... 37% 1.78M 7m36s
147250K .......... .......... .......... .......... .......... 37% 1.76M 7m35s
147300K .......... .......... .......... .......... .......... 37% 1.51M 7m35s
147350K .......... .......... .......... .......... .......... 37% 1.73M 7m35s
147400K .......... .......... .......... .......... .......... 37% 1.46M 7m35s
147450K .......... .......... .......... .......... .......... 37% 1.69M 7m35s
147500K .......... .......... .......... .......... .......... 37% 1.68M 7m34s
147550K .......... .......... .......... .......... .......... 37%  878K 7m34s
147600K .......... .......... .......... .......... .......... 37% 1.60M 7m34s
147650K .......... .......... .......... .......... .......... 37% 1.39M 7m34s
147700K .......... .......... .......... .......... .......... 37% 1.58M 7m34s
147750K .......... .......... .......... .......... .......... 37% 1.57M 7m33s
147800K .......... .......... .......... .......... .......... 37% 1.35M 7m33s
147850K .......... .......... .......... .......... .......... 37% 1.56M 7m33s
147900K .......... .......... .......... .......... .......... 37% 1.31M 7m33s
147950K .......... .......... .......... .......... .......... 37% 1.53M 7m33s
148000K .......... .......... .......... .......... .......... 37% 1.51M 7m33s
148050K .......... .......... .......... .......... .......... 37% 1.28M 7m32s
148100K .......... .......... .......... .......... .......... 37% 1.48M 7m32s
148150K .......... .......... .......... .......... .......... 37% 1.26M 7m32s
148200K .......... .......... .......... .......... .......... 37% 1.44M 7m32s
148250K .......... .......... .......... .......... .......... 37% 1.44M 7m32s
148300K .......... .......... .......... .......... .......... 37% 1.22M 7m31s
148350K .......... .......... .......... .......... .......... 37% 1.36M 7m31s
148400K .......... .......... .......... .......... .......... 37% 1.20M 7m31s
148450K .......... .......... .......... .......... .......... 37% 1.37M 7m31s
148500K .......... .......... .......... .......... .......... 37% 1.39M 7m31s
148550K .......... .......... .......... .......... .......... 37% 1.16M 7m31s
148600K .......... .......... .......... .......... .......... 37% 1.33M 7m30s
148650K .......... .......... .......... .......... .......... 37% 1.15M 7m30s
148700K .......... .......... .......... .......... .......... 37% 1.31M 7m30s
148750K .......... .......... .......... .......... .......... 37% 1.32M 7m30s
148800K .......... .......... .......... .......... .......... 37% 1.13M 7m30s
148850K .......... .......... .......... .......... .......... 37% 1.29M 7m29s
148900K .......... .......... .......... .......... .......... 37% 1.09M 7m29s
148950K .......... .......... .......... .......... .......... 37% 1.29M 7m29s
149000K .......... .......... .......... .......... .......... 37% 1.27M 7m29s
149050K .......... .......... .......... .......... .......... 37%  831K 7m29s
149100K .......... .......... .......... .......... .......... 37% 1.23M 7m29s
149150K .......... .......... .......... .......... .......... 37% 1.04M 7m28s
149200K .......... .......... .......... .......... .......... 37% 1.22M 7m28s
149250K .......... .......... .......... .......... .......... 37% 1.21M 7m28s
149300K .......... .......... .......... .......... .......... 37% 1.03M 7m28s
149350K .......... .......... .......... .......... .......... 37% 1.19M 7m28s
149400K .......... .......... .......... .......... .......... 37% 1.01M 7m28s
149450K .......... .......... .......... .......... .......... 37% 1.17M 7m27s
149500K .......... .......... .......... .......... .......... 37% 1.17M 7m27s
149550K .......... .......... .......... .......... .......... 37%  999K 7m27s
149600K .......... .......... .......... .......... .......... 37% 1.14M 7m27s
149650K .......... .......... .......... .......... .......... 37% 1011K 7m27s
149700K .......... .......... .......... .......... .......... 37% 1.13M 7m27s
149750K .......... .......... .......... .......... .......... 37% 1.12M 7m26s
149800K .......... .......... .......... .......... .......... 37%  985K 7m26s
149850K .......... .......... .......... .......... .......... 37% 1.11M 7m26s
149900K .......... .......... .......... .......... .......... 37%  954K 7m26s
149950K .......... .......... .......... .......... .......... 37% 1.10M 7m26s
150000K .......... .......... .......... .......... .......... 37% 1.09M 7m26s
150050K .......... .......... .......... .......... .......... 37%  930K 7m25s
150100K .......... .......... .......... .......... .......... 38% 1.08M 7m25s
150150K .......... .......... .......... .......... .......... 38%  932K 7m25s
150200K .......... .......... .......... .......... .......... 38% 1.05M 7m25s
150250K .......... .......... .......... .......... .......... 38% 1.05M 7m25s
150300K .......... .......... .......... .......... .......... 38%  916K 7m25s
150350K .......... .......... .......... .......... .......... 38% 1.03M 7m24s
150400K .......... .......... .......... .......... .......... 38%  115K 7m25s
150450K .......... .......... .......... .......... .......... 38%  149K 7m25s
150500K .......... .......... .......... .......... .......... 38%  393K 7m25s
150550K .......... .......... .......... .......... .......... 38%  289K 7m25s
150600K .......... .......... .......... .......... .......... 38%  268K 7m25s
150650K .......... .......... .......... .......... .......... 38% 45.4K 7m27s
150700K .......... .......... .......... .......... .......... 38%  125K 7m27s
150750K .......... .......... .......... .......... .......... 38%  699K 7m27s
150800K .......... .......... .......... .......... .......... 38% 1.59M 7m27s
150850K .......... .......... .......... .......... .......... 38%  573K 7m27s
150900K .......... .......... .......... .......... .......... 38% 2.97M 7m27s
150950K .......... .......... .......... .......... .......... 38% 3.63M 7m26s
151000K .......... .......... .......... .......... .......... 38% 3.56M 7m26s
151050K .......... .......... .......... .......... .......... 38% 2.92M 7m26s
151100K .......... .......... .......... .......... .......... 38% 3.39M 7m26s
151150K .......... .......... .......... .......... .......... 38% 2.83M 7m26s
151200K .......... .......... .......... .......... .......... 38% 3.19M 7m25s
151250K .......... .......... .......... .......... .......... 38%  290K 7m25s
151300K .......... .......... .......... .......... .......... 38%  588K 7m25s
151350K .......... .......... .......... .......... .......... 38%  361K 7m25s
151400K .......... .......... .......... .......... .......... 38%  357K 7m25s
151450K .......... .......... .......... .......... .......... 38%  191K 7m25s
151500K .......... .......... .......... .......... .......... 38%  431K 7m25s
151550K .......... .......... .......... .......... .......... 38%  266K 7m25s
151600K .......... .......... .......... .......... .......... 38%  209K 7m26s
151650K .......... .......... .......... .......... .......... 38%  181K 7m26s
151700K .......... .......... .......... .......... .......... 38%  638K 7m26s
151750K .......... .......... .......... .......... .......... 38%  543K 7m26s
151800K .......... .......... .......... .......... .......... 38%  394K 7m26s
151850K .......... .......... .......... .......... .......... 38%  487K 7m26s
151900K .......... .......... .......... .......... .......... 38%  175K 7m26s
151950K .......... .......... .......... .......... .......... 38%  235K 7m26s
152000K .......... .......... .......... .......... .......... 38%  197K 7m26s
152050K .......... .......... .......... .......... .......... 38% 36.8K 7m28s
152100K .......... .......... .......... .......... .......... 38%  147K 7m28s
152150K .......... .......... .......... .......... .......... 38% 3.31M 7m28s
152200K .......... .......... .......... .......... .......... 38% 3.70M 7m28s
152250K .......... .......... .......... .......... .......... 38% 3.64M 7m28s
152300K .......... .......... .......... .......... .......... 38% 3.06M 7m27s
152350K .......... .......... .......... .......... .......... 38%  111K 7m28s
152400K .......... .......... .......... .......... .......... 38% 2.90M 7m28s
152450K .......... .......... .......... .......... .......... 38% 3.36M 7m27s
152500K .......... .......... .......... .......... .......... 38% 3.30M 7m27s
152550K .......... .......... .......... .......... .......... 38% 2.71M 7m27s
152600K .......... .......... .......... .......... .......... 38% 3.09M 7m27s
152650K .......... .......... .......... .......... .......... 38% 2.66M 7m27s
152700K .......... .......... .......... .......... .......... 38%  237K 7m27s
152750K .......... .......... .......... .......... .......... 38%  133K 7m27s
152800K .......... .......... .......... .......... .......... 38% 41.6K 7m29s
152850K .......... .......... .......... .......... .......... 38% 2.87M 7m28s
152900K .......... .......... .......... .......... .......... 38% 2.38M 7m28s
152950K .......... .......... .......... .......... .......... 38% 2.74M 7m28s
153000K .......... .......... .......... .......... .......... 38%  129K 7m28s
153050K .......... .......... .......... .......... .......... 38% 1.43M 7m28s
153100K .......... .......... .......... .......... .......... 38% 2.60M 7m28s
153150K .......... .......... .......... .......... .......... 38% 2.16M 7m28s
153200K .......... .......... .......... .......... .......... 38% 2.48M 7m28s
153250K .......... .......... .......... .......... .......... 38% 2.45M 7m27s
153300K .......... .......... .......... .......... .......... 38% 2.12M 7m27s
153350K .......... .......... .......... .......... .......... 38%  875K 7m27s
153400K .......... .......... .......... .......... .......... 38%  163K 7m27s
153450K .......... .......... .......... .......... .......... 38% 2.35M 7m27s
153500K .......... .......... .......... .......... .......... 38% 1.29M 7m27s
153550K .......... .......... .......... .......... .......... 38%  722K 7m27s
153600K .......... .......... .......... .......... .......... 38%  772K 7m27s
153650K .......... .......... .......... .......... .......... 38%  212K 7m27s
153700K .......... .......... .......... .......... .......... 38%  420K 7m27s
153750K .......... .......... .......... .......... .......... 38% 1.35M 7m27s
153800K .......... .......... .......... .......... .......... 38%  975K 7m26s
153850K .......... .......... .......... .......... .......... 38% 1.43M 7m26s
153900K .......... .......... .......... .......... .......... 38%  245K 7m26s
153950K .......... .......... .......... .......... .......... 38%  186K 7m27s
154000K .......... .......... .......... .......... .......... 38%  877K 7m26s
154050K .......... .......... .......... .......... .......... 39%  360K 7m26s
154100K .......... .......... .......... .......... .......... 39%  659K 7m26s
154150K .......... .......... .......... .......... .......... 39%  680K 7m26s
154200K .......... .......... .......... .......... .......... 39%  749K 7m26s
154250K .......... .......... .......... .......... .......... 39%  830K 7m26s
154300K .......... .......... .......... .......... .......... 39%  304K 7m26s
154350K .......... .......... .......... .......... .......... 39% 1.06M 7m26s
154400K .......... .......... .......... .......... .......... 39%  566K 7m26s
154450K .......... .......... .......... .......... .......... 39%  260K 7m26s
154500K .......... .......... .......... .......... .......... 39% 1.76M 7m25s
154550K .......... .......... .......... .......... .......... 39% 1.04M 7m25s
154600K .......... .......... .......... .......... .......... 39% 1.01M 7m25s
154650K .......... .......... .......... .......... .......... 39%  368K 7m25s
154700K .......... .......... .......... .......... .......... 39%  350K 7m25s
154750K .......... .......... .......... .......... .......... 39%  542K 7m25s
154800K .......... .......... .......... .......... .......... 39%  272K 7m25s
154850K .......... .......... .......... .......... .......... 39%  618K 7m25s
154900K .......... .......... .......... .......... .......... 39%  827K 7m25s
154950K .......... .......... .......... .......... .......... 39%  850K 7m25s
155000K .......... .......... .......... .......... .......... 39%  571K 7m25s
155050K .......... .......... .......... .......... .......... 39%  961K 7m24s
155100K .......... .......... .......... .......... .......... 39%  408K 7m24s
155150K .......... .......... .......... .......... .......... 39%  245K 7m24s
155200K .......... .......... .......... .......... .......... 39% 3.09M 7m24s
155250K .......... .......... .......... .......... .......... 39% 3.08M 7m24s
155300K .......... .......... .......... .......... .......... 39%  788K 7m24s
155350K .......... .......... .......... .......... .......... 39%  804K 7m24s
155400K .......... .......... .......... .......... .......... 39%  157K 7m24s
155450K .......... .......... .......... .......... .......... 39%  349K 7m24s
155500K .......... .......... .......... .......... .......... 39%  406K 7m24s
155550K .......... .......... .......... .......... .......... 39% 1.16M 7m24s
155600K .......... .......... .......... .......... .......... 39%  590K 7m24s
155650K .......... .......... .......... .......... .......... 39%  230K 7m24s
155700K .......... .......... .......... .......... .......... 39%  440K 7m24s
155750K .......... .......... .......... .......... .......... 39%  468K 7m24s
155800K .......... .......... .......... .......... .......... 39%  457K 7m24s
155850K .......... .......... .......... .......... .......... 39%  372K 7m24s
155900K .......... .......... .......... .......... .......... 39%  792K 7m23s
155950K .......... .......... .......... .......... .......... 39%  779K 7m23s
156000K .......... .......... .......... .......... .......... 39%  607K 7m23s
156050K .......... .......... .......... .......... .......... 39%  478K 7m23s
156100K .......... .......... .......... .......... .......... 39%  756K 7m23s
156150K .......... .......... .......... .......... .......... 39%  759K 7m23s
156200K .......... .......... .......... .......... .......... 39%  656K 7m23s
156250K .......... .......... .......... .......... .......... 39%  912K 7m23s
156300K .......... .......... .......... .......... .......... 39%  521K 7m22s
156350K .......... .......... .......... .......... .......... 39%  545K 7m22s
156400K .......... .......... .......... .......... .......... 39%  547K 7m22s
156450K .......... .......... .......... .......... .......... 39% 1.27M 7m22s
156500K .......... .......... .......... .......... .......... 39%  765K 7m22s
156550K .......... .......... .......... .......... .......... 39%  545K 7m22s
156600K .......... .......... .......... .......... .......... 39%  409K 7m22s
156650K .......... .......... .......... .......... .......... 39%  824K 7m22s
156700K .......... .......... .......... .......... .......... 39%  701K 7m22s
156750K .......... .......... .......... .......... .......... 39%  373K 7m21s
156800K .......... .......... .......... .......... .......... 39%  545K 7m21s
156850K .......... .......... .......... .......... .......... 39%  422K 7m21s
156900K .......... .......... .......... .......... .......... 39% 1.01M 7m21s
156950K .......... .......... .......... .......... .......... 39%  781K 7m21s
157000K .......... .......... .......... .......... .......... 39%  323K 7m21s
157050K .......... .......... .......... .......... .......... 39% 1.56M 7m21s
157100K .......... .......... .......... .......... .......... 39%  861K 7m21s
157150K .......... .......... .......... .......... .......... 39%  507K 7m21s
157200K .......... .......... .......... .......... .......... 39%  847K 7m20s
157250K .......... .......... .......... .......... .......... 39%  334K 7m20s
157300K .......... .......... .......... .......... .......... 39%  727K 7m20s
157350K .......... .......... .......... .......... .......... 39% 1.25M 7m20s
157400K .......... .......... .......... .......... .......... 39%  244K 7m20s
157450K .......... .......... .......... .......... .......... 39% 1.04M 7m20s
157500K .......... .......... .......... .......... .......... 39%  426K 7m20s
157550K .......... .......... .......... .......... .......... 39%  481K 7m20s
157600K .......... .......... .......... .......... .......... 39% 1.09M 7m20s
157650K .......... .......... .......... .......... .......... 39%  613K 7m20s
157700K .......... .......... .......... .......... .......... 39%  597K 7m20s
157750K .......... .......... .......... .......... .......... 39% 1.21M 7m19s
157800K .......... .......... .......... .......... .......... 39%  296K 7m19s
157850K .......... .......... .......... .......... .......... 39% 1.47M 7m19s
157900K .......... .......... .......... .......... .......... 39%  512K 7m19s
157950K .......... .......... .......... .......... .......... 39%  478K 7m19s
158000K .......... .......... .......... .......... .......... 40% 1.23M 7m19s
158050K .......... .......... .......... .......... .......... 40%  421K 7m19s
158100K .......... .......... .......... .......... .......... 40% 1.10M 7m19s
158150K .......... .......... .......... .......... .......... 40%  868K 7m19s
158200K .......... .......... .......... .......... .......... 40%  470K 7m18s
158250K .......... .......... .......... .......... .......... 40%  651K 7m18s
158300K .......... .......... .......... .......... .......... 40%  791K 7m18s
158350K .......... .......... .......... .......... .......... 40%  959K 7m18s
158400K .......... .......... .......... .......... .......... 40% 1.17M 7m18s
158450K .......... .......... .......... .......... .......... 40%  710K 7m18s
158500K .......... .......... .......... .......... .......... 40%  285K 7m18s
158550K .......... .......... .......... .......... .......... 40%  680K 7m18s
158600K .......... .......... .......... .......... .......... 40% 1.24M 7m18s
158650K .......... .......... .......... .......... .......... 40%  444K 7m17s
158700K .......... .......... .......... .......... .......... 40% 1.30M 7m17s
158750K .......... .......... .......... .......... .......... 40% 1.30M 7m17s
158800K .......... .......... .......... .......... .......... 40% 1.10M 7m17s
158850K .......... .......... .......... .......... .......... 40%  454K 7m17s
158900K .......... .......... .......... .......... .......... 40% 1.08M 7m17s
158950K .......... .......... .......... .......... .......... 40%  261K 7m17s
159000K .......... .......... .......... .......... .......... 40%  560K 7m17s
159050K .......... .......... .......... .......... .......... 40%  339K 7m17s
159100K .......... .......... .......... .......... .......... 40%  739K 7m17s
159150K .......... .......... .......... .......... .......... 40%  691K 7m16s
159200K .......... .......... .......... .......... .......... 40% 1.19M 7m16s
159250K .......... .......... .......... .......... .......... 40% 1.19M 7m16s
159300K .......... .......... .......... .......... .......... 40% 1.01M 7m16s
159350K .......... .......... .......... .......... .......... 40% 1.18M 7m16s
159400K .......... .......... .......... .......... .......... 40%  444K 7m16s
159450K .......... .......... .......... .......... .......... 40% 1.16M 7m16s
159500K .......... .......... .......... .......... .......... 40%  809K 7m15s
159550K .......... .......... .......... .......... .......... 40%  933K 7m15s
159600K .......... .......... .......... .......... .......... 40%  466K 7m15s
159650K .......... .......... .......... .......... .......... 40%  474K 7m15s
159700K .......... .......... .......... .......... .......... 40% 1.11M 7m15s
159750K .......... .......... .......... .......... .......... 40% 1.11M 7m15s
159800K .......... .......... .......... .......... .......... 40%  964K 7m15s
159850K .......... .......... .......... .......... .......... 40% 1.09M 7m14s
159900K .......... .......... .......... .......... .......... 40%  947K 7m14s
159950K .......... .......... .......... .......... .......... 40% 1.07M 7m14s
160000K .......... .......... .......... .......... .......... 40% 1.06M 7m14s
160050K .......... .......... .......... .......... .......... 40%  599K 7m14s
160100K .......... .......... .......... .......... .......... 40%  854K 7m14s
160150K .......... .......... .......... .......... .......... 40%  386K 7m14s
160200K .......... .......... .......... .......... .......... 40%  546K 7m14s
160250K .......... .......... .......... .......... .......... 40%  953K 7m13s
160300K .......... .......... .......... .......... .......... 40%  901K 7m13s
160350K .......... .......... .......... .......... .......... 40% 1.02M 7m13s
160400K .......... .......... .......... .......... .......... 40%  883K 7m13s
160450K .......... .......... .......... .......... .......... 40%  851K 7m13s
160500K .......... .......... .......... .......... .......... 40%  684K 7m13s
160550K .......... .......... .......... .......... .......... 40%  670K 7m13s
160600K .......... .......... .......... .......... .......... 40%  924K 7m12s
160650K .......... .......... .......... .......... .......... 40%  506K 7m12s
160700K .......... .......... .......... .......... .......... 40%  530K 7m12s
160750K .......... .......... .......... .......... .......... 40%  853K 7m12s
160800K .......... .......... .......... .......... .......... 40%  827K 7m12s
160850K .......... .......... .......... .......... .......... 40% 1017K 7m12s
160900K .......... .......... .......... .......... .......... 40%  830K 7m12s
160950K .......... .......... .......... .......... .......... 40%  965K 7m12s
161000K .......... .......... .......... .......... .......... 40%  962K 7m11s
161050K .......... .......... .......... .......... .......... 40%  813K 7m11s
161100K .......... .......... .......... .......... .......... 40%  951K 7m11s
161150K .......... .......... .......... .......... .......... 40%  809K 7m11s
161200K .......... .......... .......... .......... .......... 40%  935K 7m11s
161250K .......... .......... .......... .......... .......... 40%  257K 7m11s
161300K .......... .......... .......... .......... .......... 40%  442K 7m11s
161350K .......... .......... .......... .......... .......... 40%  928K 7m11s
161400K .......... .......... .......... .......... .......... 40%  783K 7m11s
161450K .......... .......... .......... .......... .......... 40%  909K 7m10s
161500K .......... .......... .......... .......... .......... 40%  906K 7m10s
161550K .......... .......... .......... .......... .......... 40%  768K 7m10s
161600K .......... .......... .......... .......... .......... 40%  899K 7m10s
161650K .......... .......... .......... .......... .......... 40%  302K 7m10s
161700K .......... .......... .......... .......... .......... 40%  884K 7m10s
161750K .......... .......... .......... .......... .......... 40%  708K 7m10s
161800K .......... .......... .......... .......... .......... 40%  256K 7m10s
161850K .......... .......... .......... .......... .......... 40%  296K 7m10s
161900K .......... .......... .......... .......... .......... 40%  201K 7m10s
161950K .......... .......... .......... .......... .......... 41%  283K 7m10s
162000K .......... .......... .......... .......... .......... 41% 30.0K 7m12s
162050K .......... .......... .......... .......... .......... 41%  383K 7m12s
162100K .......... .......... .......... .......... .......... 41%  454K 7m12s
162150K .......... .......... .......... .......... .......... 41%  580K 7m12s
162200K .......... .......... .......... .......... .......... 41%  505K 7m12s
162250K .......... .......... .......... .......... .......... 41% 2.43M 7m12s
162300K .......... .......... .......... .......... .......... 41% 1.49M 7m12s
162350K .......... .......... .......... .......... .......... 41% 2.68M 7m11s
162400K .......... .......... .......... .......... .......... 41% 1.21M 7m11s
162450K .......... .......... .......... .......... .......... 41% 4.29M 7m11s
162500K .......... .......... .......... .......... .......... 41% 4.74M 7m11s
162550K .......... .......... .......... .......... .......... 41% 3.56M 7m11s
162600K .......... .......... .......... .......... .......... 41% 4.47M 7m10s
162650K .......... .......... .......... .......... .......... 41% 4.15M 7m10s
162700K .......... .......... .......... .......... .......... 41% 4.42M 7m10s
162750K .......... .......... .......... .......... .......... 41% 3.10M 7m10s
162800K .......... .......... .......... .......... .......... 41% 1.02M 7m10s
162850K .......... .......... .......... .......... .......... 41% 1.41M 7m9s
162900K .......... .......... .......... .......... .......... 41%  300K 7m9s
162950K .......... .......... .......... .......... .......... 41% 5.23M 7m9s
163000K .......... .......... .......... .......... .......... 41% 2.57M 7m9s
163050K .......... .......... .......... .......... .......... 41%  532K 7m9s
163100K .......... .......... .......... .......... .......... 41% 4.86M 7m9s
163150K .......... .......... .......... .......... .......... 41% 1.55M 7m8s
163200K .......... .......... .......... .......... .......... 41% 1022K 7m8s
163250K .......... .......... .......... .......... .......... 41%  871K 7m8s
163300K .......... .......... .......... .......... .......... 41%  831K 7m8s
163350K .......... .......... .......... .......... .......... 41% 1.05M 7m8s
163400K .......... .......... .......... .......... .......... 41%  658K 7m8s
163450K .......... .......... .......... .......... .......... 41% 1.15M 7m8s
163500K .......... .......... .......... .......... .......... 41% 1.95M 7m7s
163550K .......... .......... .......... .......... .......... 41%  401K 7m7s
163600K .......... .......... .......... .......... .......... 41%  831K 7m7s
163650K .......... .......... .......... .......... .......... 41%  848K 7m7s
163700K .......... .......... .......... .......... .......... 41%  893K 7m7s
163750K .......... .......... .......... .......... .......... 41%  868K 7m7s
163800K .......... .......... .......... .......... .......... 41%  745K 7m7s
163850K .......... .......... .......... .......... .......... 41%  475K 7m7s
163900K .......... .......... .......... .......... .......... 41%  442K 7m7s
163950K .......... .......... .......... .......... .......... 41%  368K 7m7s
164000K .......... .......... .......... .......... .......... 41%  554K 7m6s
164050K .......... .......... .......... .......... .......... 41%  403K 7m6s
164100K .......... .......... .......... .......... .......... 41%  625K 7m6s
164150K .......... .......... .......... .......... .......... 41%  840K 7m6s
164200K .......... .......... .......... .......... .......... 41%  709K 7m6s
164250K .......... .......... .......... .......... .......... 41% 1.01M 7m6s
164300K .......... .......... .......... .......... .......... 41%  696K 7m6s
164350K .......... .......... .......... .......... .......... 41%  888K 7m6s
164400K .......... .......... .......... .......... .......... 41%  351K 7m6s
164450K .......... .......... .......... .......... .......... 41%  685K 7m5s
164500K .......... .......... .......... .......... .......... 41%  897K 7m5s
164550K .......... .......... .......... .......... .......... 41%  584K 7m5s
164600K .......... .......... .......... .......... .......... 41%  798K 7m5s
164650K .......... .......... .......... .......... .......... 41%  739K 7m5s
164700K .......... .......... .......... .......... .......... 41% 1.15M 7m5s
164750K .......... .......... .......... .......... .......... 41%  693K 7m5s
164800K .......... .......... .......... .......... .......... 41%  598K 7m5s
164850K .......... .......... .......... .......... .......... 41%  386K 7m5s
164900K .......... .......... .......... .......... .......... 41% 1.85M 7m4s
164950K .......... .......... .......... .......... .......... 41%  396K 7m4s
165000K .......... .......... .......... .......... .......... 41% 2.27M 7m4s
165050K .......... .......... .......... .......... .......... 41%  782K 7m4s
165100K .......... .......... .......... .......... .......... 41%  592K 7m4s
165150K .......... .......... .......... .......... .......... 41%  457K 7m4s
165200K .......... .......... .......... .......... .......... 41%  780K 7m4s
165250K .......... .......... .......... .......... .......... 41%  657K 7m4s
165300K .......... .......... .......... .......... .......... 41%  235K 7m4s
165350K .......... .......... .......... .......... .......... 41% 1.89M 7m3s
165400K .......... .......... .......... .......... .......... 41% 1.73M 7m3s
165450K .......... .......... .......... .......... .......... 41% 1.96M 7m3s
165500K .......... .......... .......... .......... .......... 41% 1.95M 7m3s
165550K .......... .......... .......... .......... .......... 41% 1.61M 7m3s
165600K .......... .......... .......... .......... .......... 41% 1.93M 7m3s
165650K .......... .......... .......... .......... .......... 41% 1.61M 7m2s
165700K .......... .......... .......... .......... .......... 41% 1.86M 7m2s
165750K .......... .......... .......... .......... .......... 41% 1.82M 7m2s
165800K .......... .......... .......... .......... .......... 41% 1.57M 7m2s
165850K .......... .......... .......... .......... .......... 41% 1.78M 7m2s
165900K .......... .......... .......... .......... .......... 42% 1.52M 7m1s
165950K .......... .......... .......... .......... .......... 42%  633K 7m1s
166000K .......... .......... .......... .......... .......... 42% 1.35M 7m1s
166050K .......... .......... .......... .......... .......... 42% 1.31M 7m1s
166100K .......... .......... .......... .......... .......... 42%  214K 7m1s
166150K .......... .......... .......... .......... .......... 42% 1.45M 7m1s
166200K .......... .......... .......... .......... .......... 42% 1.66M 7m1s
166250K .......... .......... .......... .......... .......... 42% 1.64M 7m1s
166300K .......... .......... .......... .......... .......... 42% 1.39M 7m0s
166350K .......... .......... .......... .......... .......... 42% 1.60M 7m0s
166400K .......... .......... .......... .......... .......... 42% 1.36M 7m0s
166450K .......... .......... .......... .......... .......... 42% 1.57M 7m0s
166500K .......... .......... .......... .......... .......... 42%  831K 7m0s
166550K .......... .......... .......... .......... .......... 42%  799K 7m0s
166600K .......... .......... .......... .......... .......... 42%  480K 7m0s
166650K .......... .......... .......... .......... .......... 42%  381K 7m0s
166700K .......... .......... .......... .......... .......... 42% 1.14M 6m59s
166750K .......... .......... .......... .......... .......... 42%  951K 6m59s
166800K .......... .......... .......... .......... .......... 42% 1.01M 6m59s
166850K .......... .......... .......... .......... .......... 42% 1.04M 6m59s
166900K .......... .......... .......... .......... .......... 42%  803K 6m59s
166950K .......... .......... .......... .......... .......... 42%  913K 6m59s
167000K .......... .......... .......... .......... .......... 42%  897K 6m58s
167050K .......... .......... .......... .......... .......... 42%  467K 6m58s
167100K .......... .......... .......... .......... .......... 42%  840K 6m58s
167150K .......... .......... .......... .......... .......... 42% 1023K 6m58s
167200K .......... .......... .......... .......... .......... 42%  392K 6m58s
167250K .......... .......... .......... .......... .......... 42% 1.10M 6m58s
167300K .......... .......... .......... .......... .......... 42%  586K 6m58s
167350K .......... .......... .......... .......... .......... 42%  633K 6m58s
167400K .......... .......... .......... .......... .......... 42%  798K 6m58s
167450K .......... .......... .......... .......... .......... 42%  989K 6m57s
167500K .......... .......... .......... .......... .......... 42% 1.07M 6m57s
167550K .......... .......... .......... .......... .......... 42%  850K 6m57s
167600K .......... .......... .......... .......... .......... 42%  934K 6m57s
167650K .......... .......... .......... .......... .......... 42%  739K 6m57s
167700K .......... .......... .......... .......... .......... 42%  401K 6m57s
167750K .......... .......... .......... .......... .......... 42%  361K 6m57s
167800K .......... .......... .......... .......... .......... 42%  552K 6m57s
167850K .......... .......... .......... .......... .......... 42%  722K 6m57s
167900K .......... .......... .......... .......... .......... 42%  373K 6m57s
167950K .......... .......... .......... .......... .......... 42%  553K 6m56s
168000K .......... .......... .......... .......... .......... 42%  817K 6m56s
168050K .......... .......... .......... .......... .......... 42%  335K 6m56s
168100K .......... .......... .......... .......... .......... 42%  616K 6m56s
168150K .......... .......... .......... .......... .......... 42%  935K 6m56s
168200K .......... .......... .......... .......... .......... 42%  388K 6m56s
168250K .......... .......... .......... .......... .......... 42%  847K 6m56s
168300K .......... .......... .......... .......... .......... 42%  853K 6m56s
168350K .......... .......... .......... .......... .......... 42%  773K 6m56s
168400K .......... .......... .......... .......... .......... 42%  860K 6m55s
168450K .......... .......... .......... .......... .......... 42% 1.07M 6m55s
168500K .......... .......... .......... .......... .......... 42%  823K 6m55s
168550K .......... .......... .......... .......... .......... 42%  744K 6m55s
168600K .......... .......... .......... .......... .......... 42% 1.09M 6m55s
168650K .......... .......... .......... .......... .......... 42%  372K 6m55s
168700K .......... .......... .......... .......... .......... 42%  421K 6m55s
168750K .......... .......... .......... .......... .......... 42%  366K 6m55s
168800K .......... .......... .......... .......... .......... 42%  399K 6m55s
168850K .......... .......... .......... .......... .......... 42%  322K 6m55s
168900K .......... .......... .......... .......... .......... 42%  914K 6m55s
168950K .......... .......... .......... .......... .......... 42% 1.04M 6m54s
169000K .......... .......... .......... .......... .......... 42% 1.02M 6m54s
169050K .......... .......... .......... .......... .......... 42%  896K 6m54s
169100K .......... .......... .......... .......... .......... 42% 1.02M 6m54s
169150K .......... .......... .......... .......... .......... 42%  393K 6m54s
169200K .......... .......... .......... .......... .......... 42% 1021K 6m54s
169250K .......... .......... .......... .......... .......... 42%  454K 6m54s
169300K .......... .......... .......... .......... .......... 42%  867K 6m54s
169350K .......... .......... .......... .......... .......... 42%  286K 6m54s
169400K .......... .......... .......... .......... .......... 42%  855K 6m54s
169450K .......... .......... .......... .......... .......... 42%  994K 6m53s
169500K .......... .......... .......... .......... .......... 42%  980K 6m53s
169550K .......... .......... .......... .......... .......... 42%  287K 6m53s
169600K .......... .......... .......... .......... .......... 42%  969K 6m53s
169650K .......... .......... .......... .......... .......... 42%  211K 6m53s
169700K .......... .......... .......... .......... .......... 42%  455K 6m53s
169750K .......... .......... .......... .......... .......... 42%  398K 6m53s
169800K .......... .......... .......... .......... .......... 42%  842K 6m53s
169850K .......... .......... .......... .......... .......... 43% 1.03M 6m53s
169900K .......... .......... .......... .......... .......... 43%  233K 6m53s
169950K .......... .......... .......... .......... .......... 43% 27.1K 6m55s
170000K .......... .......... .......... .......... .......... 43%  472K 6m55s
170050K .......... .......... .......... .......... .......... 43% 29.6K 6m57s
170100K .......... .......... .......... .......... .......... 43%  537K 6m57s
170150K .......... .......... .......... .......... .......... 43% 1.33M 6m57s
170200K .......... .......... .......... .......... .......... 43%  459K 6m57s
170250K .......... .......... .......... .......... .......... 43% 2.09M 6m57s
170300K .......... .......... .......... .......... .......... 43%  250K 6m57s
170350K .......... .......... .......... .......... .......... 43% 2.28M 6m56s
170400K .......... .......... .......... .......... .......... 43% 3.90M 6m56s
170450K .......... .......... .......... .......... .......... 43% 4.93M 6m56s
170500K .......... .......... .......... .......... .......... 43% 4.73M 6m56s
170550K .......... .......... .......... .......... .......... 43%  149K 6m56s
170600K .......... .......... .......... .......... .......... 43% 5.31M 6m56s
170650K .......... .......... .......... .......... .......... 43% 4.18M 6m56s
170700K .......... .......... .......... .......... .......... 43% 5.21M 6m55s
170750K .......... .......... .......... .......... .......... 43% 33.8K 6m57s
170800K .......... .......... .......... .......... .......... 43% 1.83M 6m57s
170850K .......... .......... .......... .......... .......... 43% 5.24M 6m57s
170900K .......... .......... .......... .......... .......... 43% 4.60M 6m57s
170950K .......... .......... .......... .......... .......... 43% 5.35M 6m56s
171000K .......... .......... .......... .......... .......... 43% 5.15M 6m56s
171050K .......... .......... .......... .......... .......... 43% 4.48M 6m56s
171100K .......... .......... .......... .......... .......... 43% 5.18M 6m56s
171150K .......... .......... .......... .......... .......... 43% 4.11M 6m56s
171200K .......... .......... .......... .......... .......... 43% 55.1K 6m57s
171250K .......... .......... .......... .......... .......... 43% 4.77M 6m56s
171300K .......... .......... .......... .......... .......... 43% 3.83M 6m56s
171350K .......... .......... .......... .......... .......... 43% 4.38M 6m56s
171400K .......... .......... .......... .......... .......... 43% 3.71M 6m56s
171450K .......... .......... .......... .......... .......... 43% 4.22M 6m56s
171500K .......... .......... .......... .......... .......... 43%  264K 6m56s
171550K .......... .......... .......... .......... .......... 43%  305K 6m56s
171600K .......... .......... .......... .......... .......... 43%  431K 6m55s
171650K .......... .......... .......... .......... .......... 43%  251K 6m56s
171700K .......... .......... .......... .......... .......... 43%  721K 6m55s
171750K .......... .......... .......... .......... .......... 43%  638K 6m55s
171800K .......... .......... .......... .......... .......... 43%  433K 6m55s
171850K .......... .......... .......... .......... .......... 43% 1.04M 6m55s
171900K .......... .......... .......... .......... .......... 43%  712K 6m55s
171950K .......... .......... .......... .......... .......... 43%  832K 6m55s
172000K .......... .......... .......... .......... .......... 43% 1.05M 6m55s
172050K .......... .......... .......... .......... .......... 43% 64.6K 6m55s
172100K .......... .......... .......... .......... .......... 43% 3.05M 6m55s
172150K .......... .......... .......... .......... .......... 43% 2.57M 6m55s
172200K .......... .......... .......... .......... .......... 43% 2.93M 6m55s
172250K .......... .......... .......... .......... .......... 43% 2.86M 6m55s
172300K .......... .......... .......... .......... .......... 43% 2.42M 6m55s
172350K .......... .......... .......... .......... .......... 43% 2.77M 6m54s
172400K .......... .......... .......... .......... .......... 43% 2.34M 6m54s
172450K .......... .......... .......... .......... .......... 43% 2.70M 6m54s
172500K .......... .......... .......... .......... .......... 43%  331K 6m54s
172550K .......... .......... .......... .......... .......... 43%  784K 6m54s
172600K .......... .......... .......... .......... .......... 43% 83.3K 6m54s
172650K .......... .......... .......... .......... .......... 43% 2.15M 6m54s
172700K .......... .......... .......... .......... .......... 43% 2.45M 6m54s
172750K .......... .......... .......... .......... .......... 43% 2.43M 6m54s
172800K .......... .......... .......... .......... .......... 43% 2.05M 6m54s
172850K .......... .......... .......... .......... .......... 43% 2.35M 6m53s
172900K .......... .......... .......... .......... .......... 43% 1.98M 6m53s
172950K .......... .......... .......... .......... .......... 43%  869K 6m53s
173000K .......... .......... .......... .......... .......... 43%  148K 6m53s
173050K .......... .......... .......... .......... .......... 43%  548K 6m53s
173100K .......... .......... .......... .......... .......... 43%  650K 6m53s
173150K .......... .......... .......... .......... .......... 43%  656K 6m53s
173200K .......... .......... .......... .......... .......... 43%  121K 6m53s
173250K .......... .......... .......... .......... .......... 43%  211K 6m53s
173300K .......... .......... .......... .......... .......... 43%  328K 6m53s
173350K .......... .......... .......... .......... .......... 43%  905K 6m53s
173400K .......... .......... .......... .......... .......... 43%  135K 6m54s
173450K .......... .......... .......... .......... .......... 43%  502K 6m53s
173500K .......... .......... .......... .......... .......... 43%  317K 6m53s
173550K .......... .......... .......... .......... .......... 43%  151K 6m54s
173600K .......... .......... .......... .......... .......... 43%  547K 6m54s
173650K .......... .......... .......... .......... .......... 43%  409K 6m53s
173700K .......... .......... .......... .......... .......... 43%  386K 6m53s
173750K .......... .......... .......... .......... .......... 43%  722K 6m53s
173800K .......... .......... .......... .......... .......... 44%  374K 6m53s
173850K .......... .......... .......... .......... .......... 44%  806K 6m53s
173900K .......... .......... .......... .......... .......... 44%  226K 6m53s
173950K .......... .......... .......... .......... .......... 44%  318K 6m53s
174000K .......... .......... .......... .......... .......... 44% 1.71M 6m53s
174050K .......... .......... .......... .......... .......... 44%  627K 6m53s
174100K .......... .......... .......... .......... .......... 44%  338K 6m53s
174150K .......... .......... .......... .......... .......... 44%  319K 6m53s
174200K .......... .......... .......... .......... .......... 44% 1.64M 6m53s
174250K .......... .......... .......... .......... .......... 44% 1.42M 6m53s
174300K .......... .......... .......... .......... .......... 44%  437K 6m52s
174350K .......... .......... .......... .......... .......... 44%  199K 6m53s
174400K .......... .......... .......... .......... .......... 44%  428K 6m52s
174450K .......... .......... .......... .......... .......... 44%  251K 6m53s
174500K .......... .......... .......... .......... .......... 44%  206K 6m53s
174550K .......... .......... .......... .......... .......... 44%  458K 6m53s
174600K .......... .......... .......... .......... .......... 44%  833K 6m52s
174650K .......... .......... .......... .......... .......... 44%  658K 6m52s
174700K .......... .......... .......... .......... .......... 44%  877K 6m52s
174750K .......... .......... .......... .......... .......... 44%  297K 6m52s
174800K .......... .......... .......... .......... .......... 44%  595K 6m52s
174850K .......... .......... .......... .......... .......... 44%  769K 6m52s
174900K .......... .......... .......... .......... .......... 44%  457K 6m52s
174950K .......... .......... .......... .......... .......... 44%  366K 6m52s
175000K .......... .......... .......... .......... .......... 44%  677K 6m52s
175050K .......... .......... .......... .......... .......... 44%  296K 6m52s
175100K .......... .......... .......... .......... .......... 44%  657K 6m52s
175150K .......... .......... .......... .......... .......... 44%  527K 6m51s
175200K .......... .......... .......... .......... .......... 44%  404K 6m51s
175250K .......... .......... .......... .......... .......... 44%  328K 6m51s
175300K .......... .......... .......... .                     44%  991K=5m28s

2026-05-31 17:31:03 (534 KB/s) - Read error at byte 179539510/404592570 (Connection reset by peer). Retrying.

--2026-05-31 17:31:04--  (try: 2)  https://ftp.ncbi.nlm.nih.gov/geo/series/GSE68nnn/GSE68310/soft/GSE68310_family.soft.gz
Connecting to ftp.ncbi.nlm.nih.gov (ftp.ncbi.nlm.nih.gov)|130.14.250.10|:443... connected.
HTTP request sent, awaiting response... 206 Partial Content
Length: 404592570 (386M), 225053060 (215M) remaining [application/x-gzip]
Saving to: ‘data/metadata_raw/GSE68310/GSE68310_family.soft.gz’

        [ skipping 175300K ]
175300K ,,,,,,,,,, ,,,,,,,,,, ,,,,,,,,,, ,......... .......... 44%  128K 77m32s
175350K .......... .......... .......... .......... .......... 44%  122K 42m46s
175400K .......... .......... .......... .......... .......... 44% 66.3K 48m2s
175450K .......... .......... .......... .......... .......... 44% 4.74M 33m59s
175500K .......... .......... .......... .......... .......... 44%  596K 27m37s
175550K .......... .......... .......... .......... .......... 44%  138K 27m24s
175600K .......... .......... .......... .......... .......... 44%  132K 27m26s
175650K .......... .......... .......... .......... .......... 44%  553K 24m37s
175700K .......... .......... .......... .......... .......... 44%  145K 24m40s
175750K .......... .......... .......... .......... .......... 44%  265K 23m30s
175800K .......... .......... .......... .......... .......... 44%  184K 23m9s
175850K .......... .......... .......... .......... .......... 44%  143K 23m22s
175900K .......... .......... .......... .......... .......... 44%  267K 22m35s
175950K .......... .......... .......... .......... .......... 44%  163K 22m33s
176000K .......... .......... .......... .......... .......... 44%  349K 21m42s
176050K .......... .......... .......... .......... .......... 44%  193K 21m31s
176100K .......... .......... .......... .......... .......... 44%  473K 20m41s
176150K .......... .......... .......... .......... .......... 44%  175K 20m41s
176200K .......... .......... .......... .......... .......... 44%  272K 20m17s
176250K .......... .......... .......... .......... .......... 44%  239K 20m1s
176300K .......... .......... .......... .......... .......... 44%  277K 19m41s
176350K .......... .......... .......... .......... .......... 44%  412K 19m10s
176400K .......... .......... .......... .......... .......... 44%  187K 19m10s
176450K .......... .......... .......... .......... .......... 44%  414K 18m44s
176500K .......... .......... .......... .......... .......... 44%  186K 18m46s
176550K .......... .......... .......... .......... .......... 44%  389K 18m23s
176600K .......... .......... .......... .......... .......... 44%  153K 18m35s
176650K .......... .......... .......... .......... .......... 44%  262K 18m25s
176700K .......... .......... .......... .......... .......... 44%  156K 18m35s
176750K .......... .......... .......... .......... .......... 44%  760K 18m6s
176800K .......... .......... .......... .......... .......... 44%  163K 18m14s
176850K .......... .......... .......... .......... .......... 44%  619K 17m50s
176900K .......... .......... .......... .......... .......... 44%  184K 17m54s
176950K .......... .......... .......... .......... .......... 44%  451K 17m36s
177000K .......... .......... .......... .......... .......... 44%  286K 17m27s
177050K .......... .......... .......... .......... .......... 44%  239K 17m23s
177100K .......... .......... .......... .......... .......... 44%  272K 17m16s
177150K .......... .......... .......... .......... .......... 44%  271K 17m10s
177200K .......... .......... .......... .......... .......... 44%  235K 17m7s
177250K .......... .......... .......... .......... .......... 44%  171K 17m13s
177300K .......... .......... .......... .......... .......... 44%  628K 16m56s
177350K .......... .......... .......... .......... .......... 44%  277K 16m50s
177400K .......... .......... .......... .......... .......... 44%  272K 16m45s
177450K .......... .......... .......... .......... .......... 44%  263K 16m40s
177500K .......... .......... .......... .......... .......... 44%  142K 16m52s
177550K .......... .......... .......... .......... .......... 44%  150K 17m1s
177600K .......... .......... .......... .......... .......... 44%  716K 16m46s
177650K .......... .......... .......... .......... .......... 44%  507K 16m33s
177700K .......... .......... .......... .......... .......... 44%  221K 16m33s
177750K .......... .......... .......... .......... .......... 45%  561K 16m20s
177800K .......... .......... .......... .......... .......... 45%  650K 16m7s
177850K .......... .......... .......... .......... .......... 45%  203K 16m9s
177900K .......... .......... .......... .......... .......... 45%  295K 16m5s
177950K .......... .......... .......... .......... .......... 45%  488K 15m55s
178000K .......... .......... .......... .......... .......... 45%  363K 15m48s
178050K .......... .......... .......... .......... .......... 45% 1.30M 15m33s
178100K .......... .......... .......... .......... .......... 45%  184K 15m38s
178150K .......... .......... .......... .......... .......... 45%  367K 15m31s
178200K .......... .......... .......... .......... .......... 45%  753K 15m20s
178250K .......... .......... .......... .......... .......... 45%  582K 15m11s
178300K .......... .......... .......... .......... .......... 45%  675K 15m1s
178350K .......... .......... .......... .......... .......... 45%  251K 15m0s
178400K .......... .......... .......... .......... .......... 45% 1.55M 14m47s
178450K .......... .......... .......... .......... .......... 45%  623K 14m39s
178500K .......... .......... .......... .......... .......... 45%  614K 14m30s
178550K .......... .......... .......... .......... .......... 45%  412K 14m25s
178600K .......... .......... .......... .......... .......... 45%  465K 14m19s
178650K .......... .......... .......... .......... .......... 45%  583K 14m11s
178700K .......... .......... .......... .......... .......... 45% 1.02M 14m2s
178750K .......... .......... .......... .......... .......... 45%  267K 14m1s
178800K .......... .......... .......... .......... .......... 45%  281K 14m0s
178850K .......... .......... .......... .......... .......... 45%  658K 13m52s
178900K .......... .......... .......... .......... .......... 45%  175K 13m58s
178950K .......... .......... .......... .......... .......... 45%  314K 13m56s
179000K .......... .......... .......... .......... .......... 45% 2.56M 13m45s
179050K .......... .......... .......... .......... .......... 45%  631K 13m39s
179100K .......... .......... .......... .......... .......... 45%  920K 13m31s
179150K .......... .......... .......... .......... .......... 45%  708K 13m24s
179200K .......... .......... .......... .......... .......... 45%  480K 13m19s
179250K .......... .......... .......... .......... .......... 45%  910K 13m12s
179300K .......... .......... .......... .......... .......... 45% 1.12M 13m4s
179350K .......... .......... .......... .......... .......... 45% 1.13M 12m57s
179400K .......... .......... .......... .......... .......... 45%  389K 12m54s
179450K .......... .......... .......... .......... .......... 45%  603K 12m49s
179500K .......... .......... .......... .......... .......... 45%  870K 12m43s
179550K .......... .......... .......... .......... .......... 45%  400K 12m40s
179600K .......... .......... .......... .......... .......... 45% 2.99M 12m32s
179650K .......... .......... .......... .......... .......... 45%  333K 12m30s
179700K .......... .......... .......... .......... .......... 45%  484K 12m27s
179750K .......... .......... .......... .......... .......... 45%  687K 12m22s
179800K .......... .......... .......... .......... .......... 45%  428K 12m19s
179850K .......... .......... .......... .......... .......... 45%  961K 12m13s
179900K .......... .......... .......... .......... .......... 45%  759K 12m8s
179950K .......... .......... .......... .......... .......... 45%  496K 12m5s
180000K .......... .......... .......... .......... .......... 45%  749K 12m0s
180050K .......... .......... .......... .......... .......... 45%  863K 11m55s
180100K .......... .......... .......... .......... .......... 45%  678K 11m50s
180150K .......... .......... .......... .......... .......... 45%  312K 11m50s
180200K .......... .......... .......... .......... .......... 45%  177K 11m55s
180250K .......... .......... .......... .......... .......... 45%  441K 11m53s
180300K .......... .......... .......... .......... .......... 45% 1.05M 11m47s
180350K .......... .......... .......... .......... .......... 45%  604K 11m44s
180400K .......... .......... .......... .......... .......... 45%  179K 11m48s
180450K .......... .......... .......... .......... .......... 45% 29.6K 12m52s
180500K .......... .......... .......... .......... .......... 45%  890K 12m46s
180550K .......... .......... .......... .......... .......... 45% 2.85M 12m40s
180600K .......... .......... .......... .......... .......... 45%  550K 12m36s
180650K .......... .......... .......... .......... .......... 45% 1.30M 12m30s
180700K .......... .......... .......... .......... .......... 45% 1.55M 12m24s
180750K .......... .......... .......... .......... .......... 45% 2.87M 12m18s
180800K .......... .......... .......... .......... .......... 45% 3.22M 12m12s
180850K .......... .......... .......... .......... .......... 45% 3.08M 12m6s
180900K .......... .......... .......... .......... .......... 45% 2.65M 12m0s
180950K .......... .......... .......... .......... .......... 45% 3.05M 11m54s
181000K .......... .......... .......... .......... .......... 45% 2.53M 11m48s
181050K .......... .......... .......... .......... .......... 45% 2.63M 11m42s
181100K .......... .......... .......... .......... .......... 45% 2.85M 11m37s
181150K .......... .......... .......... .......... .......... 45% 2.35M 11m32s
181200K .......... .......... .......... .......... .......... 45%  786K 11m28s
181250K .......... .......... .......... .......... .......... 45%  327K 11m27s
181300K .......... .......... .......... .......... .......... 45%  846K 11m24s
181350K .......... .......... .......... .......... .......... 45%  551K 11m21s
181400K .......... .......... .......... .......... .......... 45%  347K 11m20s
181450K .......... .......... .......... .......... .......... 45%  249K 11m22s
181500K .......... .......... .......... .......... .......... 45%  185K 11m25s
181550K .......... .......... .......... .......... .......... 45%  385K 11m24s
181600K .......... .......... .......... .......... .......... 45%  418K 11m23s
181650K .......... .......... .......... .......... .......... 45%  157K 11m28s
181700K .......... .......... .......... .......... .......... 45%  390K 11m26s
181750K .......... .......... .......... .......... .......... 46%  182K 11m30s
181800K .......... .......... .......... .......... .......... 46% 45.2K 12m1s
181850K .......... .......... .......... .......... .......... 46%  275K 12m1s
181900K .......... .......... .......... .......... .......... 46%  791K 11m57s
181950K .......... .......... .......... .......... .......... 46%  935K 11m54s
182000K .......... .......... .......... .......... .......... 46% 2.94M 11m49s
182050K .......... .......... .......... .......... .......... 46% 3.40M 11m44s
182100K .......... .......... .......... .......... .......... 46% 3.37M 11m39s
182150K .......... .......... .......... .......... .......... 46% 2.74M 11m34s
182200K .......... .......... .......... .......... .......... 46% 3.18M 11m29s
182250K .......... .......... .......... .......... .......... 46% 2.68M 11m25s
182300K .......... .......... .......... .......... .......... 46%  630K 11m22s
182350K .......... .......... .......... .......... .......... 46%  170K 11m26s
182400K .......... .......... .......... .......... .......... 46%  213K 11m28s
182450K .......... .......... .......... .......... .......... 46%  271K 11m29s
182500K .......... .......... .......... .......... .......... 46%  325K 11m28s
182550K .......... .......... .......... .......... .......... 46%  505K 11m26s
182600K .......... .......... .......... .......... .......... 46%  306K 11m26s
182650K .......... .......... .......... .......... .......... 46%  131K 11m32s
182700K .......... .......... .......... .......... .......... 46% 31.9K 12m12s
182750K .......... .......... .......... .......... .......... 46%  915K 12m9s
182800K .......... .......... .......... .......... .......... 46%  465K 12m7s
182850K .......... .......... .......... .......... .......... 46% 2.48M 12m2s
182900K .......... .......... .......... .......... .......... 46% 81.1K 12m15s
182950K .......... .......... .......... .......... .......... 46%  429K 12m13s
183000K .......... .......... .......... .......... .......... 46%  287K 12m13s
183050K .......... .......... .......... .......... .......... 46%  555K 12m10s
183100K .......... .......... .......... .......... .......... 46% 2.30M 12m6s
183150K .......... .......... .......... .......... .......... 46%  580K 12m4s
183200K .......... .......... .......... .......... .......... 46%  823K 12m0s
183250K .......... .......... .......... .......... .......... 46%  973K 11m57s
183300K .......... .......... .......... .......... .......... 46%  609K 11m55s
183350K .......... .......... .......... .......... .......... 46% 1.06M 11m51s
183400K .......... .......... .......... .......... .......... 46%  262K 11m52s
183450K .......... .......... .......... .......... .......... 46%  428K 11m50s
183500K .......... .......... .......... .......... .......... 46%  602K 11m48s
183550K .......... .......... .......... .......... .......... 46%  677K 11m45s
183600K .......... .......... .......... .......... .......... 46%  417K 11m44s
183650K .......... .......... .......... .......... .......... 46%  580K 11m42s
183700K .......... .......... .......... .......... .......... 46%  852K 11m39s
183750K .......... .......... .......... .......... .......... 46%  328K 11m38s
183800K .......... .......... .......... .......... .......... 46%  451K 11m37s
183850K .......... .......... .......... .......... .......... 46%  488K 11m35s
183900K .......... .......... .......... .......... .......... 46%  334K 11m35s
183950K .......... .......... .......... .......... .......... 46%  574K 11m33s
184000K .......... .......... .......... .......... .......... 46%  554K 11m31s
184050K .......... .......... .......... .......... .......... 46%  344K 11m30s
184100K .......... .......... .......... .......... .......... 46%  822K 11m27s
184150K .......... .......... .......... .......... .......... 46%  182K 11m30s
184200K .......... .......... .......... .......... .......... 46%  358K 11m29s
184250K .......... .......... .......... .......... .......... 46%  444K 11m28s
184300K .......... .......... .......... .......... .......... 46%  260K 11m28s
184350K .......... .......... .......... .......... .......... 46%  907K 11m26s
184400K .......... .......... .......... .......... .......... 46%  870K 11m23s
184450K .......... .......... .......... .......... .......... 46%  913K 11m20s
184500K .......... .......... .......... .......... .......... 46%  411K 11m19s
184550K .......... .......... .......... .......... .......... 46%  416K 11m18s
184600K .......... .......... .......... .......... .......... 46%  582K 11m16s
184650K .......... .......... .......... .......... .......... 46%  220K 11m18s
184700K .......... .......... .......... .......... .......... 46%  380K 11m17s
184750K .......... .......... .......... .......... .......... 46%  312K 11m17s
184800K .......... .......... .......... .......... .......... 46% 1.05M 11m14s
184850K .......... .......... .......... .......... .......... 46%  368K 11m13s
184900K .......... .......... .......... .......... .......... 46%  287K 11m14s
184950K .......... .......... .......... .......... .......... 46%  353K 11m13s
185000K .......... .......... .......... .......... .......... 46%  843K 11m11s
185050K .......... .......... .......... .......... .......... 46%  827K 11m8s
185100K .......... .......... .......... .......... .......... 46%  681K 11m6s
185150K .......... .......... .......... .......... .......... 46% 1.07M 11m4s
185200K .......... .......... .......... .......... .......... 46%  669K 11m2s
185250K .......... .......... .......... .......... .......... 46% 1.19M 10m59s
185300K .......... .......... .......... .......... .......... 46%  262K 11m0s
185350K .......... .......... .......... .......... .......... 46% 1.71M 10m57s
185400K .......... .......... .......... .......... .......... 46% 2.23M 10m54s
185450K .......... .......... .......... .......... .......... 46% 1.25M 10m51s
185500K .......... .......... .......... .......... .......... 46%  888K 10m49s
185550K .......... .......... .......... .......... .......... 46%  978K 10m47s
185600K .......... .......... .......... .......... .......... 46%  811K 10m45s
185650K .......... .......... .......... .......... .......... 46%  289K 10m45s
185700K .......... .......... .......... .......... .......... 47% 1021K 10m43s
185750K .......... .......... .......... .......... .......... 47% 1.20M 10m40s
185800K .......... .......... .......... .......... .......... 47%  296K 10m41s
185850K .......... .......... .......... .......... .......... 47% 1.50M 10m38s
185900K .......... .......... .......... .......... .......... 47% 1.03M 10m36s
185950K .......... .......... .......... .......... .......... 47%  174K 10m38s
186000K .......... .......... .......... .......... .......... 47%  564K 10m37s
186050K .......... .......... .......... .......... .......... 47%  193K 10m39s
186100K .......... .......... .......... .......... .......... 47% 2.34M 10m36s
186150K .......... .......... .......... .......... .......... 47%  286K 10m36s
186200K .......... .......... .......... .......... .......... 47%  813K 10m35s
186250K .......... .......... .......... .......... .......... 47%  582K 10m33s
186300K .......... .......... .......... .......... .......... 47%  694K 10m32s
186350K .......... .......... .......... .......... .......... 47% 1.08M 10m29s
186400K .......... .......... .......... .......... .......... 47%  815K 10m28s
186450K .......... .......... .......... .......... .......... 47%  241K 10m28s
186500K .......... .......... .......... .......... .......... 47%  401K 10m28s
186550K .......... .......... .......... .......... .......... 47%  299K 10m28s
186600K .......... .......... .......... .......... .......... 47%  973K 10m26s
186650K .......... .......... .......... .......... .......... 47%  168K 10m29s
186700K .......... .......... .......... .......... .......... 47% 1.05M 10m26s
186750K .......... .......... .......... .......... .......... 47%  695K 10m25s
186800K .......... .......... .......... .......... .......... 47% 1.05M 10m23s
186850K .......... .......... .......... .......... .......... 47%  659K 10m21s
186900K .......... .......... .......... .......... .......... 47%  413K 10m21s
186950K .......... .......... .......... .......... .......... 47%  759K 10m19s
187000K .......... .......... .......... .......... .......... 47%  725K 10m18s
187050K .......... .......... .......... .......... .......... 47%  254K 10m18s
187100K .......... .......... .......... .......... .......... 47% 1.87M 10m16s
187150K .......... .......... .......... .......... .......... 47%  485K 10m15s
187200K .......... .......... .......... .......... .......... 47%  634K 10m14s
187250K .......... .......... .......... .......... .......... 47%  576K 10m12s
187300K .......... .......... .......... .......... .......... 47%  883K 10m11s
187350K .......... .......... .......... .......... .......... 47%  750K 10m9s
187400K .......... .......... .......... .......... .......... 47%  848K 10m8s
187450K .......... .......... .......... .......... .......... 47% 1.08M 10m6s
187500K .......... .......... .......... .......... .......... 47%  229K 10m7s
187550K .......... .......... .......... .......... .......... 47% 1.18M 10m5s
187600K .......... .......... .......... .......... .......... 47%  481K 10m4s
187650K .......... .......... .......... .......... .......... 47%  866K 10m2s
187700K .......... .......... .......... .......... .......... 47% 1.22M 10m1s
187750K .......... .......... .......... .......... .......... 47%  314K 10m1s
187800K .......... .......... .......... .......... .......... 47%  305K 10m1s
187850K .......... .......... .......... .......... .......... 47% 1.10M 9m59s
187900K .......... .......... .......... .......... .......... 47% 1.15M 9m57s
187950K .......... .......... .......... .......... .......... 47%  960K 9m55s
188000K .......... .......... .......... .......... .......... 47% 1.03M 9m54s
188050K .......... .......... .......... .......... .......... 47%  446K 9m53s
188100K .......... .......... .......... .......... .......... 47%  791K 9m52s
188150K .......... .......... .......... .......... .......... 47%  868K 9m50s
188200K .......... .......... .......... .......... .......... 47%  592K 9m49s
188250K .......... .......... .......... .......... .......... 47%  981K 9m48s
188300K .......... .......... .......... .......... .......... 47% 1.23M 9m46s
188350K .......... .......... .......... .......... .......... 47%  434K 9m45s
188400K .......... .......... .......... .......... .......... 47%  553K 9m44s
188450K .......... .......... .......... .......... .......... 47%  642K 9m43s
188500K .......... .......... .......... .......... .......... 47%  440K 9m43s
188550K .......... .......... .......... .......... .......... 47% 1.48M 9m41s
188600K .......... .......... .......... .......... .......... 47% 1.05M 9m39s
188650K .......... .......... .......... .......... .......... 47%  680K 9m38s
188700K .......... .......... .......... .......... .......... 47%  403K 9m38s
188750K .......... .......... .......... .......... .......... 47%  366K 9m37s
188800K .......... .......... .......... .......... .......... 47%  895K 9m36s
188850K .......... .......... .......... .......... .......... 47% 1.26M 9m34s
188900K .......... .......... .......... .......... .......... 47%  983K 9m33s
188950K .......... .......... .......... .......... .......... 47% 1.41M 9m31s
189000K .......... .......... .......... .......... .......... 47%  700K 9m30s
189050K .......... .......... .......... .......... .......... 47%  713K 9m29s
189100K .......... .......... .......... .......... .......... 47%  783K 9m28s
189150K .......... .......... .......... .......... .......... 47%  316K 9m28s
189200K .......... .......... .......... .......... .......... 47%  210K 9m29s
189250K .......... .......... .......... .......... .......... 47%  289K 9m29s
189300K .......... .......... .......... .......... .......... 47%  198K 9m31s
189350K .......... .......... .......... .......... .......... 47%  210K 9m32s
189400K .......... .......... .......... .......... .......... 47%  431K 9m32s
189450K .......... .......... .......... .......... .......... 47%  410K 9m31s
189500K .......... .......... .......... .......... .......... 47%  484K 9m31s
189550K .......... .......... .......... .......... .......... 47%  905K 9m29s
189600K .......... .......... .......... .......... .......... 47% 1.01M 9m28s
189650K .......... .......... .......... .......... .......... 48%  900K 9m27s
189700K .......... .......... .......... .......... .......... 48%  648K 9m26s
189750K .......... .......... .......... .......... .......... 48%  474K 9m25s
189800K .......... .......... .......... .......... .......... 48% 1.16M 9m24s
189850K .......... .......... .......... .......... .......... 48%  961K 9m22s
189900K .......... .......... .......... .......... .......... 48%  891K 9m21s
189950K .......... .......... .......... .......... .......... 48%  585K 9m20s
190000K .......... .......... .......... .......... .......... 48%  705K 9m19s
190050K .......... .......... .......... .......... .......... 48%  559K 9m18s
190100K .......... .......... .......... .......... .......... 48%  749K 9m17s
190150K .......... .......... .......... .......... .......... 48%  265K 9m18s
190200K .......... .......... .......... .......... .......... 48%  223K 9m19s
190250K .......... .......... .......... .......... .......... 48%  222K 9m20s
190300K .......... .......... .......... .......... .......... 48%  238K 9m21s
190350K .......... .......... .......... .......... .......... 48%  944K 9m19s
190400K .......... .......... .......... .......... .......... 48% 30.7K 9m40s
190450K .......... .......... .......... .......... .......... 48%  702K 9m38s
190500K .......... .......... .......... .......... .......... 48% 1.09M 9m37s
190550K .......... .......... .......... .......... .......... 48%  491K 9m36s
190600K .......... .......... .......... .......... .......... 48%  437K 9m36s
190650K .......... .......... .......... .......... .......... 48% 3.28M 9m34s
190700K .......... .......... .......... .......... .......... 48%  575K 9m33s
190750K .......... .......... .......... .......... .......... 48% 4.16M 9m31s
190800K .......... .......... .......... .......... .......... 48% 5.18M 9m30s
190850K .......... .......... .......... .......... .......... 48% 4.94M 9m28s
190900K .......... .......... .......... .......... .......... 48% 4.45M 9m26s
190950K .......... .......... .......... .......... .......... 48% 5.01M 9m24s
191000K .......... .......... .......... .......... .......... 48% 4.22M 9m22s
191050K .......... .......... .......... .......... .......... 48% 5.48M 9m20s
191100K .......... .......... .......... .......... .......... 48% 2.19M 9m19s
191150K .......... .......... .......... .......... .......... 48%  547K 9m18s
191200K .......... .......... .......... .......... .......... 48%  793K 9m17s
191250K .......... .......... .......... .......... .......... 48%  788K 9m16s
191300K .......... .......... .......... .......... .......... 48%  954K 9m15s
191350K .......... .......... .......... .......... .......... 48%  992K 9m14s
191400K .......... .......... .......... .......... .......... 48%  741K 9m13s
191450K .......... .......... .......... .......... .......... 48%  713K 9m12s
191500K .......... .......... .......... .......... .......... 48%  259K 9m12s
191550K .......... .......... .......... .......... .......... 48% 4.80M 9m10s
191600K .......... .......... .......... .......... .......... 48%  673K 9m10s
191650K .......... .......... .......... .......... .......... 48% 1.14M 9m8s
191700K .......... .......... .......... .......... .......... 48% 1013K 9m7s
191750K .......... .......... .......... .......... .......... 48%  399K 9m7s
191800K .......... .......... .......... .......... .......... 48% 3.89M 9m5s
191850K .......... .......... .......... .......... .......... 48% 1022K 9m4s
191900K .......... .......... .......... .......... .......... 48%  681K 9m3s
191950K .......... .......... .......... .......... .......... 48%  555K 9m2s
192000K .......... .......... .......... .......... .......... 48%  380K 9m2s
192050K .......... .......... .......... .......... .......... 48%  542K 9m2s
192100K .......... .......... .......... .......... .......... 48%  363K 9m2s
192150K .......... .......... .......... .......... .......... 48%  866K 9m1s
192200K .......... .......... .......... .......... .......... 48% 1.68M 8m59s
192250K .......... .......... .......... .......... .......... 48% 1.20M 8m58s
192300K .......... .......... .......... .......... .......... 48% 1014K 8m57s
192350K .......... .......... .......... .......... .......... 48% 1.08M 8m56s
192400K .......... .......... .......... .......... .......... 48%  865K 8m55s
192450K .......... .......... .......... .......... .......... 48%  847K 8m54s
192500K .......... .......... .......... .......... .......... 48%  427K 8m53s
192550K .......... .......... .......... .......... .......... 48%  452K 8m53s
192600K .......... .......... .......... .......... .......... 48% 1.17M 8m52s
192650K .......... .......... .......... .......... .......... 48%  786K 8m51s
192700K .......... .......... .......... .......... .......... 48%  874K 8m50s
192750K .......... .......... .......... .......... .......... 48%  943K 8m49s
192800K .......... .......... .......... .......... .......... 48% 1.08M 8m48s
192850K .......... .......... .......... .......... .......... 48%  728K 8m47s
192900K .......... .......... .......... .......... .......... 48%  711K 8m46s
192950K .......... .......... .......... .......... .......... 48%  687K 8m45s
193000K .......... .......... .......... .......... .......... 48%  289K 8m46s
193050K .......... .......... .......... .......... .......... 48%  491K 8m45s
193100K .......... .......... .......... .......... .......... 48%  176K 8m47s
193150K .......... .......... .......... .......... .......... 48%  352K 8m47s
193200K .......... .......... .......... .......... .......... 48%  283K 8m47s
193250K .......... .......... .......... .......... .......... 48% 1.55M 8m46s
193300K .......... .......... .......... .......... .......... 48% 2.03M 8m45s
193350K .......... .......... .......... .......... .......... 48% 2.00M 8m43s
193400K .......... .......... .......... .......... .......... 48%  824K 8m42s
193450K .......... .......... .......... .......... .......... 48% 1.14M 8m41s
193500K .......... .......... .......... .......... .......... 48%  912K 8m40s
193550K .......... .......... .......... .......... .......... 48%  410K 8m40s
193600K .......... .......... .......... .......... .......... 49% 1.86M 8m39s
193650K .......... .......... .......... .......... .......... 49%  984K 8m38s
193700K .......... .......... .......... .......... .......... 49%  905K 8m37s
193750K .......... .......... .......... .......... .......... 49%  404K 8m37s
193800K .......... .......... .......... .......... .......... 49% 1.38M 8m36s
193850K .......... .......... .......... .......... .......... 49%  910K 8m35s
193900K .......... .......... .......... .......... .......... 49%  294K 8m35s
193950K .......... .......... .......... .......... .......... 49% 3.48M 8m34s
194000K .......... .......... .......... .......... .......... 49% 1.04M 8m33s
194050K .......... .......... .......... .......... .......... 49%  795K 8m32s
194100K .......... .......... .......... .......... .......... 49%  582K 8m31s
194150K .......... .......... .......... .......... .......... 49% 1.03M 8m30s
194200K .......... .......... .......... .......... .......... 49%  976K 8m29s
194250K .......... .......... .......... .......... .......... 49%  385K 8m29s
194300K .......... .......... .......... .......... .......... 49%  583K 8m29s
194350K .......... .......... .......... .......... .......... 49%  870K 8m28s
194400K .......... .......... .......... .......... .......... 49% 1.06M 8m27s
194450K .......... .......... .......... .......... .......... 49%  803K 8m26s
194500K .......... .......... .......... .......... .......... 49%  578K 8m26s
194550K .......... .......... .......... .......... .......... 49%  562K 8m25s
194600K .......... .......... .......... .......... .......... 49%  959K 8m24s
194650K .......... .......... .......... .......... .......... 49% 1.10M 8m23s
194700K .......... .......... .......... .......... .......... 49%  891K 8m22s
194750K .......... .......... .......... .......... .......... 49%  207K 8m23s
194800K .......... .......... .......... .......... .......... 49%  213K 8m24s
194850K .......... .......... .......... .......... .......... 49%  275K 8m25s
194900K .......... .......... .......... .......... .......... 49%  146K 8m27s
194950K .......... .......... .......... .......... .......... 49% 30.9K 8m42s
195000K .......... .......... .......... .......... .......... 49% 1.65M 8m41s
195050K .......... .......... .......... .......... .......... 49%  521K 8m40s
195100K .......... .......... .......... .......... .......... 49% 1.56M 8m39s
195150K .......... .......... .......... .......... .......... 49% 2.04M 8m38s
195200K .......... .......... .......... .......... .......... 49% 2.34M 8m37s
195250K .......... .......... .......... .......... .......... 49% 1019K 8m36s
195300K .......... .......... .......... .......... .......... 49%  280K 8m36s
195350K .......... .......... .......... .......... .......... 49% 2.24M 8m35s
195400K .......... .......... .......... .......... .......... 49%  320K 8m35s
195450K .......... .......... .......... .......... .......... 49% 2.20M 8m34s
195500K .......... .......... .......... .......... .......... 49% 1.80M 8m33s
195550K .......... .......... .......... .......... .......... 49% 2.11M 8m32s
195600K .......... .......... .......... .......... .......... 49% 1.71M 8m31s
195650K .......... .......... .......... .......... .......... 49%  200K 8m32s
195700K .......... .......... .......... .......... .......... 49% 2.01M 8m31s
195750K .......... .......... .......... .......... .......... 49%  191K 8m32s
195800K .......... .......... .......... .......... .......... 49%  288K 8m32s
195850K .......... .......... .......... .......... .......... 49% 29.3K 8m47s
195900K .......... .......... .......... .......... .......... 49%  302K 8m47s
195950K .......... .......... .......... .......... .......... 49%  616K 8m47s
196000K .......... .......... .......... .......... .......... 49% 1.46M 8m46s
196050K .......... .......... .......... .......... .......... 49% 2.82M 8m44s
196100K .......... .......... .......... .......... .......... 49% 3.59M 8m43s
196150K .......... .......... .......... .......... .......... 49% 1.19M 8m42s
196200K .......... .......... .......... .......... .......... 49% 1.28M 8m41s
196250K .......... .......... .......... .......... .......... 49% 2.44M 8m40s
196300K .......... .......... .......... .......... .......... 49% 2.21M 8m39s
196350K .......... .......... .......... .......... .......... 49% 5.38M 8m38s
196400K .......... .......... .......... .......... .......... 49% 4.49M 8m36s
196450K .......... .......... .......... .......... .......... 49% 4.88M 8m35s
196500K .......... .......... .......... .......... .......... 49% 4.04M 8m34s
196550K .......... .......... .......... .......... .......... 49%  288K 8m34s
196600K .......... .......... .......... .......... .......... 49%  566K 8m34s
196650K .......... .......... .......... .......... .......... 49%  433K 8m33s
196700K .......... .......... .......... .......... .......... 49%  385K 8m33s
196750K .......... .......... .......... .......... .......... 49%  453K 8m33s
196800K .......... .......... .......... .......... .......... 49% 1.01M 8m32s
196850K .......... .......... .......... .......... .......... 49% 1.35M 8m31s
196900K .......... .......... .......... .......... .......... 49%  289K 8m31s
196950K .......... .......... .......... .......... .......... 49%  388K 8m31s
197000K .......... .......... .......... .......... .......... 49%  415K 8m31s
197050K .......... .......... .......... .......... .......... 49%  567K 8m31s
197100K .......... .......... .......... .......... .......... 49%  317K 8m31s
197150K .......... .......... .......... .......... .......... 49%  228K 8m31s
197200K .......... .......... .......... .......... .......... 49% 4.11M 8m30s
197250K .......... .......... .......... .......... .......... 49%  286K 8m30s
197300K .......... .......... .......... .......... .......... 49%  676K 8m30s
197350K .......... .......... .......... .......... .......... 49%  995K 8m29s
197400K .......... .......... .......... .......... .......... 49% 1.14M 8m28s
197450K .......... .......... .......... .......... .......... 49% 1.05M 8m27s
197500K .......... .......... .......... .......... .......... 49%  640K 8m27s
197550K .......... .......... .......... .......... .......... 50%  270K 8m27s
197600K .......... .......... .......... .......... .......... 50% 1.01M 8m26s
197650K .......... .......... .......... .......... .......... 50%  311K 8m26s
197700K .......... .......... .......... .......... .......... 50%  896K 8m26s
197750K .......... .......... .......... .......... .......... 50%  645K 8m25s
197800K .......... .......... .......... .......... .......... 50% 1014K 8m24s
197850K .......... .......... .......... .......... .......... 50%  879K 8m23s
197900K .......... .......... .......... .......... .......... 50% 1005K 8m23s
197950K .......... .......... .......... .......... .......... 50%  332K 8m23s
198000K .......... .......... .......... .......... .......... 50%  990K 8m22s
198050K .......... .......... .......... .......... .......... 50% 1.14M 8m21s
198100K .......... .......... .......... .......... .......... 50%  636K 8m21s
198150K .......... .......... .......... .......... .......... 50%  920K 8m20s
198200K .......... .......... .......... .......... .......... 50%  644K 8m19s
198250K .......... .......... .......... .......... .......... 50%  550K 8m19s
198300K .......... .......... .......... .......... .......... 50%  875K 8m18s
198350K .......... .......... .......... .......... .......... 50%  927K 8m17s
198400K .......... .......... .......... .......... .......... 50%  709K 8m17s
198450K .......... .......... .......... .......... .......... 50%  296K 8m17s
198500K .......... .......... .......... .......... .......... 50%  677K 8m16s
198550K .......... .......... .......... .......... .......... 50% 1.01M 8m16s
198600K .......... .......... .......... .......... .......... 50%  588K 8m15s
198650K .......... .......... .......... .......... .......... 50%  720K 8m15s
198700K .......... .......... .......... .......... .......... 50%  761K 8m14s
198750K .......... .......... .......... .......... .......... 50%  521K 8m14s
198800K .......... .......... .......... .......... .......... 50%  793K 8m13s
198850K .......... .......... .......... .......... .......... 50%  332K 8m13s
198900K .......... .......... .......... .......... .......... 50%  396K 8m13s
198950K .......... .......... .......... .......... .......... 50% 1.38M 8m12s
199000K .......... .......... .......... .......... .......... 50%  707K 8m11s
199050K .......... .......... .......... .......... .......... 50%  827K 8m11s
199100K .......... .......... .......... .......... .......... 50%  888K 8m10s
199150K .......... .......... .......... .......... .......... 50%  860K 8m9s
199200K .......... .......... .......... .......... .......... 50% 1.11M 8m9s
199250K .......... .......... .......... .......... .......... 50%  914K 8m8s
199300K .......... .......... .......... .......... .......... 50%  316K 8m8s
199350K .......... .......... .......... .......... .......... 50%  597K 8m8s
199400K .......... .......... .......... .......... .......... 50% 1.52M 8m7s
199450K .......... .......... .......... .......... .......... 50% 1.43M 8m6s
199500K .......... .......... .......... .......... .......... 50%  555K 8m5s
199550K .......... .......... .......... .......... .......... 50%  618K 8m5s
199600K .......... .......... .......... .......... .......... 50%  786K 8m4s
199650K .......... .......... .......... .......... .......... 50%  930K 8m4s
199700K .......... .......... .......... .......... .......... 50% 1.04M 8m3s
199750K .......... .......... .......... .......... .......... 50%  458K 8m3s
199800K .......... .......... .......... .......... .......... 50%  223K 8m3s
199850K .......... .......... .......... .......... .......... 50% 1.16M 8m3s
199900K .......... .......... .......... .......... .......... 50%  745K 8m2s
199950K .......... .......... .......... .......... .......... 50%  282K 8m2s
200000K .......... .......... .......... .......... .......... 50%  232K 8m3s
200050K .......... .......... .......... .......... .......... 50%  274K 8m3s
200100K .......... .......... .......... .......... .......... 50%  951K 8m3s
200150K .......... .......... .......... .......... .......... 50%  925K 8m2s
200200K .......... .......... .......... .......... .......... 50% 1.15M 8m1s
200250K .......... .......... .......... .......... .......... 50% 1.11M 8m0s
200300K .......... .......... .......... .......... .......... 50%  907K 8m0s
200350K .......... .......... .......... .......... .......... 50% 1.00M 7m59s
200400K .......... .......... .......... .......... .......... 50% 1.30M 7m58s
200450K .......... .......... .......... .......... .......... 50%  722K 7m58s
200500K .......... .......... .......... .......... .......... 50%  862K 7m57s
200550K .......... .......... .......... .......... .......... 50%  852K 7m56s
200600K .......... .......... .......... .......... .......... 50%  899K 7m56s
200650K .......... .......... .......... .......... .......... 50%  715K 7m55s
200700K .......... .......... .......... .......... .......... 50%  820K 7m55s
200750K .......... .......... .......... .......... .......... 50%  471K 7m54s
200800K .......... .......... .......... .......... .......... 50%  786K 7m54s
200850K .......... .......... .......... .......... .......... 50%  931K 7m53s
200900K .......... .......... .......... .......... .......... 50%  342K 7m53s
200950K .......... .......... .......... .......... .......... 50% 1.34M 7m53s
201000K .......... .......... .......... .......... .......... 50%  742K 7m52s
201050K .......... .......... .......... .......... .......... 50%  265K 7m52s
201100K .......... .......... .......... .......... .......... 50%  477K 7m52s
201150K .......... .......... .......... .......... .......... 50%  405K 7m52s
201200K .......... .......... .......... .......... .......... 50%  930K 7m51s
201250K .......... .......... .......... .......... .......... 50%  908K 7m51s
201300K .......... .......... .......... .......... .......... 50%  644K 7m50s
201350K .......... .......... .......... .......... .......... 50% 1.31M 7m50s
201400K .......... .......... .......... .......... .......... 50%  282K 7m50s
201450K .......... .......... .......... .......... .......... 50%  722K 7m49s
201500K .......... .......... .......... .......... .......... 51%  536K 7m49s
201550K .......... .......... .......... .......... .......... 51%  562K 7m49s
201600K .......... .......... .......... .......... .......... 51%  178K 7m50s
201650K .......... .......... .......... .......... .......... 51%  199K 7m51s
201700K .......... .......... .......... .......... .......... 51%  794K 7m50s
201750K .......... .......... .......... .......... .......... 51%  838K 7m49s
201800K .......... .......... .......... .......... .......... 51%  911K 7m49s
201850K .......... .......... .......... .......... .......... 51%  494K 7m49s
201900K .......... .......... .......... .......... .......... 51%  334K 7m49s
201950K .......... .......... .......... .......... .......... 51% 1.15M 7m48s
202000K .......... .......... .......... .......... .......... 51%  999K 7m47s
202050K .......... .......... .......... .......... .......... 51%  534K 7m47s
202100K .......... .......... .......... .......... .......... 51%  334K 7m47s
202150K .......... .......... .......... .......... .......... 51% 1002K 7m47s
202200K .......... .......... .......... .......... .......... 51% 1.12M 7m46s
202250K .......... .......... .......... .......... .......... 51%  971K 7m45s
202300K .......... .......... .......... .......... .......... 51% 1.09M 7m45s
202350K .......... .......... .......... .......... .......... 51% 1.09M 7m44s
202400K .......... .......... .......... .......... .......... 51%  949K 7m43s
202450K .......... .......... .......... .......... .......... 51%  688K 7m43s
202500K .......... .......... .......... .......... .......... 51%  925K 7m42s
202550K .......... .......... .......... .......... .......... 51% 1.07M 7m42s
202600K .......... .......... .......... .......... .......... 51%  795K 7m41s
202650K .......... .......... .......... .......... .......... 51%  904K 7m41s
202700K .......... .......... .......... .......... .......... 51% 1.05M 7m40s
202750K .......... .......... .......... .......... .......... 51%  906K 7m39s
202800K .......... .......... .......... .......... .......... 51% 1.02M 7m39s
202850K .......... .......... .......... .......... .......... 51% 1.01M 7m38s
202900K .......... .......... .......... .......... .......... 51%  888K 7m38s
202950K .......... .......... .......... .......... .......... 51% 1.00M 7m37s
203000K .......... .......... .......... .......... .......... 51%  610K 7m37s
203050K .......... .......... .......... .......... .......... 51%  346K 7m37s
203100K .......... .......... .......... .......... .......... 51%  363K 7m37s
203150K .......... .......... .......... .......... .......... 51%  740K 7m36s
203200K .......... .......... .......... .......... .......... 51%  993K 7m36s
203250K .......... .......... .......... .......... .......... 51%  848K 7m35s
203300K .......... .......... .......... .......... .......... 51%  869K 7m34s
203350K .......... .......... .......... .......... .......... 51%  504K 7m34s
203400K .......... .......... .......... .......... .......... 51%  829K 7m34s
203450K .......... .......... .......... .......... .......... 51%  957K 7m33s
203500K .......... .......... .......... .......... .......... 51%  820K 7m33s
203550K .......... .......... .......... .......... .......... 51%  373K 7m33s
203600K .......... .......... .......... .......... .......... 51%  986K 7m32s
203650K .......... .......... .......... .......... .......... 51%  570K 7m32s
203700K .......... .......... .......... .......... .......... 51%  834K 7m31s
203750K .......... .......... .......... .......... .......... 51%  636K 7m31s
203800K .......... .......... .......... .......... .......... 51%  695K 7m30s
203850K .......... .......... .......... .......... .......... 51%  619K 7m30s
203900K .......... .......... .......... .......... .......... 51%  719K 7m30s
203950K .......... .......... .......... .......... .......... 51%  525K 7m29s
204000K .......... .......... .......... .......... .......... 51%  623K 7m29s
204050K .......... .......... .......... .......... .......... 51%  628K 7m29s
204100K .......... .......... .......... .......... .......... 51%  820K 7m28s
204150K .......... .......... .......... .......... .......... 51%  486K 7m28s
204200K .......... .......... .......... .......... .......... 51%  333K 7m28s
204250K .......... .......... .......... .......... .......... 51%  291K 7m28s
204300K .......... .......... .......... .......... .......... 51%  860K 7m28s
204350K .......... .......... .......... .......... .......... 51%  867K 7m27s
204400K .......... .......... .......... .......... .......... 51%  394K 7m27s
204450K .......... .......... .......... .......... .......... 51%  842K 7m27s
204500K .......... .......... .......... .......... .......... 51%  128K 7m28s
204550K .......... .......... .......... .......... .......... 51%  193K 7m29s
204600K .......... .......... .......... .......... .......... 51% 36.0K 7m37s
204650K .......... .......... .......... .......... .......... 51%  695K 7m37s
204700K .......... .......... .......... .......... .......... 51%  878K 7m36s
204750K .......... .......... .......... .......... .......... 51% 3.22M 7m36s
204800K .......... .......... .......... .......... .......... 51% 3.70M 7m35s
204850K .......... .......... .......... .......... .......... 51%  972K 7m34s
204900K .......... .......... .......... .......... .......... 51%  525K 7m34s
204950K .......... .......... .......... .......... .......... 51% 3.50M 7m33s
205000K .......... .......... .......... .......... .......... 51%  507K 7m33s
205050K .......... .......... .......... .......... .......... 51% 1.51M 7m32s
205100K .......... .......... .......... .......... .......... 51% 3.29M 7m31s
205150K .......... .......... .......... .......... .......... 51% 1.70M 7m31s
205200K .......... .......... .......... .......... .......... 51% 1.83M 7m30s
205250K .......... .......... .......... .......... .......... 51% 1.58M 7m29s
205300K .......... .......... .......... .......... .......... 51% 2.32M 7m29s
205350K .......... .......... .......... .......... .......... 51% 1000K 7m28s
205400K .......... .......... .......... .......... .......... 51%  647K 7m28s
205450K .......... .......... .......... .......... .......... 52%  724K 7m27s
205500K .......... .......... .......... .......... .......... 52%  723K 7m27s
205550K .......... .......... .......... .......... .......... 52%  481K 7m27s
205600K .......... .......... .......... .......... .......... 52%  911K 7m26s
205650K .......... .......... .......... .......... .......... 52%  177K 7m27s
205700K .......... .......... .......... .......... .......... 52%  285K 7m27s
205750K .......... .......... .......... .......... .......... 52%  465K 7m27s
205800K .......... .......... .......... .......... .......... 52%  638K 7m27s
205850K .......... .......... .......... .......... .......... 52% 1.14M 7m26s
205900K .......... .......... .......... .......... .......... 52%  995K 7m26s
205950K .......... .......... .......... .......... .......... 52%  937K 7m25s
206000K .......... .......... .......... .......... .......... 52%  700K 7m25s
206050K .......... .......... .......... .......... .......... 52%  580K 7m24s
206100K .......... .......... .......... .......... .......... 52%  593K 7m24s
206150K .......... .......... .......... .......... .......... 52%  538K 7m24s
206200K .......... .......... .......... .......... .......... 52%  475K 7m24s
206250K .......... .......... .......... .......... .......... 52%  416K 7m23s
206300K .......... .......... .......... .......... .......... 52%  543K 7m23s
206350K .......... .......... .......... .......... .......... 52%  703K 7m23s
206400K .......... .......... .......... .......... .......... 52%  327K 7m23s
206450K .......... .......... .......... .......... .......... 52% 1.09M 7m22s
206500K .......... .......... .......... .......... .......... 52%  361K 7m22s
206550K .......... .......... .......... .......... .......... 52%  618K 7m22s
206600K .......... .......... .......... .......... .......... 52%  359K 7m22s
206650K .......... .......... .......... .......... .......... 52%  310K 7m22s
206700K .......... .......... .......... .......... .......... 52%  291K 7m22s
206750K .......... .......... .......... .......... .......... 52%  280K 7m23s
206800K .......... .......... .......... .......... .......... 52%  325K 7m23s
206850K .......... .......... .......... .......... .......... 52%  418K 7m23s
206900K .......... .......... .......... .......... .......... 52%  269K 7m23s
206950K .......... .......... .......... .......... .......... 52% 30.5K 7m32s
207000K .......... .......... .......... .......... .......... 52%  369K 7m32s
207050K .......... .......... .......... .......... .......... 52%  749K 7m31s
207100K .......... .......... .......... .......... .......... 52% 2.35M 7m31s
207150K .......... .......... .......... .......... .......... 52% 1.61M 7m30s
207200K .......... .......... .......... .......... .......... 52%  286K 7m30s
207250K .......... .......... .......... .......... .......... 52% 2.09M 7m30s
207300K .......... .......... .......... .......... .......... 52%  191K 7m30s
207350K .......... .......... .......... .......... .......... 52%  378K 7m30s
207400K .......... .......... .......... .......... .......... 52%  389K 7m30s
207450K .......... .......... .......... .......... .......... 52% 1.99M 7m29s
207500K .......... .......... .......... .......... .......... 52% 3.03M 7m29s
207550K .......... .......... .......... .......... .......... 52% 3.60M 7m28s
207600K .......... .......... .......... .......... .......... 52% 3.60M 7m27s
207650K .......... .......... .......... .......... .......... 52% 2.96M 7m27s
207700K .......... .......... .......... .......... .......... 52%  851K 7m26s
207750K .......... .......... .......... .......... .......... 52%  241K 7m27s
207800K .......... .......... .......... .......... .......... 52%  245K 7m27s
207850K .......... .......... .......... .......... .......... 52%  262K 7m27s
207900K .......... .......... .......... .......... .......... 52%  163K 7m28s
207950K .......... .......... .......... .......... .......... 52% 41.3K 7m34s
208000K .......... .......... .......... .......... .......... 52% 2.58M 7m34s
208050K .......... .......... .......... .......... .......... 52%  499K 7m33s
208100K .......... .......... .......... .......... .......... 52% 2.94M 7m33s
208150K .......... .......... .......... .......... .......... 52% 2.43M 7m32s
208200K .......... .......... .......... .......... .......... 52% 1.10M 7m31s
208250K .......... .......... .......... .......... .......... 52% 2.32M 7m31s
208300K .......... .......... .......... .......... .......... 52% 2.69M 7m30s
208350K .......... .......... .......... .......... .......... 52% 2.68M 7m29s
208400K .......... .......... .......... .......... .......... 52% 2.07M 7m29s
208450K .......... .......... .......... .......... .......... 52% 2.55M 7m28s
208500K .......... .......... .......... .......... .......... 52%  458K 7m28s
208550K .......... .......... .......... .......... .......... 52% 1.16M 7m27s
208600K .......... .......... .......... .......... .......... 52% 1.22M 7m27s
208650K .......... .......... .......... .......... .......... 52%  218K 7m27s
208700K .......... .......... .......... .......... .......... 52% 1.22M 7m27s
208750K .......... .......... .......... .......... .......... 52% 1.09M 7m26s
208800K .......... .......... .......... .......... .......... 52% 1.30M 7m25s
208850K .......... .......... .......... .......... .......... 52% 1.04M 7m25s
208900K .......... .......... .......... .......... .......... 52%  248K 7m25s
208950K .......... .......... .......... .......... .......... 52%  360K 7m25s
209000K .......... .......... .......... .......... .......... 52%  236K 7m26s
209050K .......... .......... .......... .......... .......... 52%  439K 7m25s
209100K .......... .......... .......... .......... .......... 52%  529K 7m25s
209150K .......... .......... .......... .......... .......... 52% 1.17M 7m25s
209200K .......... .......... .......... .......... .......... 52% 1.10M 7m24s
209250K .......... .......... .......... .......... .......... 52% 1.49M 7m24s
209300K .......... .......... .......... .......... .......... 52%  712K 7m23s
209350K .......... .......... .......... .......... .......... 52%  648K 7m23s
209400K .......... .......... .......... .......... .......... 53%  196K 7m23s
209450K .......... .......... .......... .......... .......... 53% 2.93M 7m23s
209500K .......... .......... .......... .......... .......... 53% 2.40M 7m22s
209550K .......... .......... .......... .......... .......... 53% 2.84M 7m21s
209600K .......... .......... .......... .......... .......... 53% 1.97M 7m21s
209650K .......... .......... .......... .......... .......... 53% 1.07M 7m20s
209700K .......... .......... .......... .......... .......... 53%  474K 7m20s
209750K .......... .......... .......... .......... .......... 53%  260K 7m20s
209800K .......... .......... .......... .......... .......... 53% 1.15M 7m20s
209850K .......... .......... .......... .......... .......... 53% 1.60M 7m19s
209900K .......... .......... .......... .......... .......... 53%  306K 7m19s
209950K .......... .......... .......... .......... .......... 53% 2.46M 7m19s
210000K .......... .......... .......... .......... .......... 53% 2.05M 7m18s
210050K .......... .......... .......... .......... .......... 53%  491K 7m18s
210100K .......... .......... .......... .......... .......... 53% 1000K 7m17s
210150K .......... .......... .......... .......... .......... 53% 1.11M 7m17s
210200K .......... .......... .......... .......... .......... 53%  467K 7m17s
210250K .......... .......... .......... .......... .......... 53%  622K 7m16s
210300K .......... .......... .......... .......... .......... 53%  939K 7m16s
210350K .......... .......... .......... .......... .......... 53% 1.08M 7m15s
210400K .......... .......... .......... .......... .......... 53%  447K 7m15s
210450K .......... .......... .......... .......... .......... 53% 1.01M 7m15s
210500K .......... .......... .......... .......... .......... 53% 1.42M 7m14s
210550K .......... .......... .......... .......... .......... 53% 1.11M 7m14s
210600K .......... .......... .......... .......... .......... 53%  633K 7m13s
210650K .......... .......... .......... .......... .......... 53% 1.41M 7m13s
210700K .......... .......... .......... .......... .......... 53%  416K 7m13s
210750K .......... .......... .......... .......... .......... 53% 1.03M 7m12s
210800K .......... .......... .......... .......... .......... 53%  915K 7m12s
210850K .......... .......... .......... .......... .......... 53% 1.93M 7m11s
210900K .......... .......... .......... .......... .......... 53% 1.27M 7m11s
210950K .......... .......... .......... .......... .......... 53%  357K 7m11s
211000K .......... .......... .......... .......... .......... 53% 1.10M 7m10s
211050K .......... .......... .......... .......... .......... 53% 1.21M 7m10s
211100K .......... .......... .......... .......... .......... 53%  862K 7m9s
211150K .......... .......... .......... .......... .......... 53%  889K 7m9s
211200K .......... .......... .......... .......... .......... 53% 1.22M 7m8s
211250K .......... .......... .......... .......... .......... 53% 1.05M 7m8s
211300K .......... .......... .......... .......... .......... 53%  432K 7m8s
211350K .......... .......... .......... .......... .......... 53% 1.04M 7m7s
211400K .......... .......... .......... .......... .......... 53%  855K 7m7s
211450K .......... .......... .......... .......... .......... 53%  270K 7m7s
211500K .......... .......... .......... .......... .......... 53%  296K 7m7s
211550K .......... .......... .......... .......... .......... 53%  695K 7m7s
211600K .......... .......... .......... .......... .......... 53%  719K 7m7s
211650K .......... .......... .......... .......... .......... 53%  841K 7m6s
211700K .......... .......... .......... .......... .......... 53% 1.01M 7m6s
211750K .......... .......... .......... .......... .......... 53%  814K 7m5s
211800K .......... .......... .......... .......... .......... 53% 1015K 7m5s
211850K .......... .......... .......... .......... .......... 53%  573K 7m5s
211900K .......... .......... .......... .......... .......... 53%  378K 7m5s
211950K .......... .......... .......... .......... .......... 53% 1.11M 7m4s
212000K .......... .......... .......... .......... .......... 53% 1005K 7m4s
212050K .......... .......... .......... .......... .......... 53% 1.17M 7m3s
212100K .......... .......... .......... .......... .......... 53%  932K 7m3s
212150K .......... .......... .......... .......... .......... 53% 1005K 7m2s
212200K .......... .......... .......... .......... .......... 53%  365K 7m2s
212250K .......... .......... .......... .......... .......... 53%  796K 7m2s
212300K .......... .......... .......... .......... .......... 53% 1.39M 7m1s
212350K .......... .......... .......... .......... .......... 53% 1.37M 7m1s
212400K .......... .......... .......... .......... .......... 53%  952K 7m0s
212450K .......... .......... .......... .......... .......... 53%  433K 7m0s
212500K .......... .......... .......... .......... .......... 53% 1.14M 7m0s
212550K .......... .......... .......... .......... .......... 53%  716K 7m0s
212600K .......... .......... .......... .......... .......... 53% 1.14M 6m59s
212650K .......... .......... .......... .......... .......... 53%  867K 6m59s
212700K .......... .......... .......... .......... .......... 53%  982K 6m58s
212750K .......... .......... .......... .......... .......... 53%  506K 6m58s
212800K .......... .......... .......... .......... .......... 53% 1.16M 6m58s
212850K .......... .......... .......... .......... .......... 53% 1.08M 6m57s
212900K .......... .......... .......... .......... .......... 53%  664K 6m57s
212950K .......... .......... .......... .......... .......... 53% 1.03M 6m56s
213000K .......... .......... .......... .......... .......... 53%  277K 6m57s
213050K .......... .......... .......... .......... .......... 53% 1.23M 6m56s
213100K .......... .......... .......... .......... .......... 53% 1.22M 6m56s
213150K .......... .......... .......... .......... .......... 53% 1.03M 6m55s
213200K .......... .......... .......... .......... .......... 53% 1.20M 6m55s
213250K .......... .......... .......... .......... .......... 53%  773K 6m54s
213300K .......... .......... .......... .......... .......... 53%  871K 6m54s
213350K .......... .......... .......... .......... .......... 54%  435K 6m54s
213400K .......... .......... .......... .......... .......... 54%  985K 6m54s
213450K .......... .......... .......... .......... .......... 54%  989K 6m53s
213500K .......... .......... .......... .......... .......... 54%  283K 6m53s
213550K .......... .......... .......... .......... .......... 54% 1.13M 6m53s
213600K .......... .......... .......... .......... .......... 54%  944K 6m52s
213650K .......... .......... .......... .......... .......... 54%  906K 6m52s
213700K .......... .......... .......... .......... .......... 54% 1.05M 6m52s
213750K .......... .......... .......... .......... .......... 54%  977K 6m51s
213800K .......... .......... .......... .......... .......... 54% 1.09M 6m51s
213850K .......... .......... .......... .......... .......... 54%  514K 6m51s
213900K .......... .......... .......... .......... .......... 54%  907K 6m50s
213950K .......... .......... .......... .......... .......... 54% 1.07M 6m50s
214000K .......... .......... .......... .......... .......... 54%  929K 6m49s
214050K .......... .......... .......... .......... .......... 54%  316K 6m49s
214100K .......... .......... .......... .......... .......... 54% 1.06M 6m49s
214150K .......... .......... .......... .......... .......... 54%  907K 6m49s
214200K .......... .......... .......... .......... .......... 54% 1.03M 6m48s
214250K .......... .......... .......... .......... .......... 54%  899K 6m48s
214300K .......... .......... .......... .......... .......... 54% 1.01M 6m47s
214350K .......... .......... .......... .......... .......... 54% 1.01M 6m47s
214400K .......... .......... .......... .......... .......... 54%  443K 6m47s
214450K .......... .......... .......... .......... .......... 54%  372K 6m47s
214500K .......... .......... .......... .......... .......... 54%  379K 6m47s
214550K .......... .......... .......... .......... .......... 54% 1003K 6m47s
214600K .......... .......... .......... .......... .......... 54% 1004K 6m46s
214650K .......... .......... .......... .......... .......... 54%  848K 6m46s
214700K .......... .......... .......... .......... .......... 54%  983K 6m45s
214750K .......... .......... .......... .......... .......... 54%  840K 6m45s
214800K .......... .......... .......... .......... .......... 54%  977K 6m45s
214850K .......... .......... .......... .......... .......... 54%  968K 6m44s
214900K .......... .......... .......... .......... .......... 54%  826K 6m44s
214950K .......... .......... .......... .......... .......... 54%  957K 6m43s
215000K .......... .......... .......... .......... .......... 54%  813K 6m43s
215050K .......... .......... .......... .......... .......... 54%  945K 6m43s
215100K .......... .......... .......... .......... .......... 54%  942K 6m42s
215150K .......... .......... .......... .......... .......... 54%  797K 6m42s
215200K .......... .......... .......... .......... .......... 54%  929K 6m42s
215250K .......... .......... .......... .......... .......... 54%  793K 6m41s
215300K .......... .......... .......... .......... .......... 54%  915K 6m41s
215350K .......... .......... .......... .......... .......... 54%  906K 6m41s
215400K .......... .......... .......... .......... .......... 54%  504K 6m40s
215450K .......... .......... .......... .......... .......... 54%  938K 6m40s
215500K .......... .......... .......... .......... .......... 54%  765K 6m40s
215550K .......... .......... .......... .......... .......... 54%  892K 6m39s
215600K .......... .......... .......... .......... .......... 54%  885K 6m39s
215650K .......... .......... .......... .......... .......... 54%  755K 6m39s
215700K .......... .......... .......... .......... .......... 54%  875K 6m38s
215750K .......... .......... .......... .......... .......... 54%  747K 6m38s
215800K .......... .......... .......... .......... .......... 54%  863K 6m38s
215850K .......... .......... .......... .......... .......... 54%  858K 6m37s
215900K .......... .......... .......... .......... .......... 54%  737K 6m37s
215950K .......... .......... .......... .......... .......... 54%  845K 6m37s
216000K .......... .......... .......... .......... .......... 54%  723K 6m36s
216050K .......... .......... .......... .......... .......... 54%  842K 6m36s
216100K .......... .......... .......... .......... .......... 54%  841K 6m36s
216150K .......... .......... .......... .......... .......... 54%  712K 6m36s
216200K .......... .......... .......... .......... .......... 54%  827K 6m35s
216250K .......... .......... .......... .......... .......... 54%  708K 6m35s
216300K .......... .......... .......... .......... .......... 54%  819K 6m35s
216350K .......... .......... .......... .......... .......... 54%  818K 6m34s
216400K .......... .......... .......... .......... .......... 54%  695K 6m34s
216450K .......... .......... .......... .......... .......... 54%  806K 6m34s
216500K .......... .......... .......... .......... .......... 54%  689K 6m33s
216550K .......... .......... .......... .......... .......... 54%  799K 6m33s
216600K .......... .......... .......... .......... .......... 54%  795K 6m33s
216650K .......... .......... .......... .......... .......... 54%  675K 6m32s
216700K .......... .......... .......... .......... .......... 54%  791K 6m32s
216750K .......... .......... .......... .......... .......... 54%  671K 6m32s
216800K .......... .......... .......... .......... .......... 54%  772K 6m32s
216850K .......... .......... .......... .......... .......... 54%  782K 6m31s
216900K .......... .......... .......... .......... .......... 54%  661K 6m31s
216950K .......... .......... .......... .......... .......... 54%  768K 6m31s
217000K .......... .......... .......... .......... .......... 54%  656K 6m30s
217050K .......... .......... .......... .......... .......... 54%  758K 6m30s
217100K .......... .......... .......... .......... .......... 54%  753K 6m30s
217150K .......... .......... .......... .......... .......... 54%  646K 6m30s
217200K .......... .......... .......... .......... .......... 54%  749K 6m29s
217250K .......... .......... .......... .......... .......... 54%  639K 6m29s
217300K .......... .......... .......... .......... .......... 55%  736K 6m29s
217350K .......... .......... .......... .......... .......... 55%  738K 6m29s
217400K .......... .......... .......... .......... .......... 55%  628K 6m28s
217450K .......... .......... .......... .......... .......... 55%  730K 6m28s
217500K .......... .......... .......... .......... .......... 55%  624K 6m28s
217550K .......... .......... .......... .......... .......... 55%  727K 6m28s
217600K .......... .......... .......... .......... .......... 55%  718K 6m27s
217650K .......... .......... .......... .......... .......... 55%  615K 6m27s
217700K .......... .......... .......... .......... .......... 55%  711K 6m27s
217750K .......... .......... .......... .......... .......... 55%  603K 6m27s
217800K .......... .......... .......... .......... .......... 55%  713K 6m26s
217850K .......... .......... .......... .......... .......... 55%  706K 6m26s
217900K .......... .......... .......... .......... .......... 55%  602K 6m26s
217950K .......... .......... .......... .......... .......... 55%  695K 6m26s
218000K .......... .......... .......... .......... .......... 55%  599K 6m25s
218050K .......... .......... .......... .......... .......... 55%  684K 6m25s
218100K .......... .......... .......... .......... .......... 55%  657K 6m25s
218150K .......... .......... .......... .......... .......... 55%  587K 6m25s
218200K .......... .......... .......... .......... .......... 55%  684K 6m24s
218250K .......... .......... .......... .......... .......... 55%  581K 6m24s
218300K .......... .......... .......... .......... .......... 55%  677K 6m24s
218350K .......... .......... .......... .......... .......... 55%  674K 6m24s
218400K .......... .......... .......... .......... .......... 55%  574K 6m23s
218450K .......... .......... .......... .......... .......... 55%  666K 6m23s
218500K .......... .......... .......... .......... .......... 55%  570K 6m23s
218550K .......... .......... .......... .......... .......... 55%  662K 6m23s
218600K .......... .......... .......... .......... .......... 55%  658K 6m23s
218650K .......... .......... .......... .......... .......... 55%  564K 6m22s
218700K .......... .......... .......... .......... .......... 55%  651K 6m22s
218750K .......... .......... .......... .......... .......... 55%  558K 6m22s
218800K .......... .......... .......... .......... .......... 55%  650K 6m22s
218850K .......... .......... .......... .......... .......... 55%  645K 6m21s
218900K .......... .......... .......... .......... .......... 55%  552K 6m21s
218950K .......... .......... .......... .......... .......... 55%  634K 6m21s
219000K .......... .......... .......... .......... .......... 55%  545K 6m21s
219050K .......... .......... .......... .......... .......... 55%  637K 6m21s
219100K .......... .......... .......... .......... .......... 55%  632K 6m20s
219150K .......... .......... .......... .......... .......... 55%  539K 6m20s
219200K .......... .......... .......... .......... .......... 55%  628K 6m20s
219250K .......... .......... .......... .......... .......... 55%  534K 6m20s
219300K .......... .......... .......... .......... .......... 55%  620K 6m20s
219350K .......... .......... .......... .......... .......... 55%  621K 6m19s
219400K .......... .......... .......... .......... .......... 55%  528K 6m19s
219450K .......... .......... .......... .......... .......... 55%  612K 6m19s
219500K .......... .......... .......... .......... .......... 55%  524K 6m19s
219550K .......... .......... .......... .......... .......... 55%  612K 6m19s
219600K .......... .......... .......... .......... .......... 55%  605K 6m18s
219650K .......... .......... .......... .......... .......... 55%  518K 6m18s
219700K .......... .......... .......... .......... .......... 55%  602K 6m18s
219750K .......... .......... .......... .......... .......... 55%  514K 6m18s
219800K .......... .......... .......... .......... .......... 55%  595K 6m18s
219850K .......... .......... .......... .......... .......... 55%  596K 6m18s
219900K .......... .......... .......... .......... .......... 55%  508K 6m17s
219950K .......... .......... .......... .......... .......... 55%  589K 6m17s
220000K .......... .......... .......... .......... .......... 55%  504K 6m17s
220050K .......... .......... .......... .......... .......... 55%  586K 6m17s
220100K .......... .......... .......... .......... .......... 55%  583K 6m17s
220150K .......... .......... .......... .......... .......... 55%  498K 6m17s
220200K .......... .......... .......... .......... .......... 55%  580K 6m16s
220250K .......... .......... .......... .......... .......... 55%  494K 6m16s
220300K .......... .......... .......... .......... .......... 55%  575K 6m16s
220350K .......... .......... .......... .......... .......... 55%  574K 6m16s
220400K .......... .......... .......... .......... .......... 55%  488K 6m16s
220450K .......... .......... .......... .......... .......... 55%  569K 6m16s
220500K .......... .......... .......... .......... .......... 55%  486K 6m15s
220550K .......... .......... .......... .......... .......... 55%  565K 6m15s
220600K .......... .......... .......... .......... .......... 55%  561K 6m15s
220650K .......... .......... .......... .......... .......... 55%  481K 6m15s
220700K .......... .......... .......... .......... .......... 55%  560K 6m15s
220750K .......... .......... .......... .......... .......... 55%  477K 6m15s
220800K .......... .......... .......... .......... .......... 55%  554K 6m14s
220850K .......... .......... .......... .......... .......... 55%  553K 6m14s
220900K .......... .......... .......... .......... .......... 55%  471K 6m14s
220950K .......... .......... .......... .......... .......... 55%  547K 6m14s
221000K .......... .......... .......... .......... .......... 55%  469K 6m14s
221050K .......... .......... .......... .......... .......... 55%  544K 6m14s
221100K .......... .......... .......... .......... .......... 55%  544K 6m14s
221150K .......... .......... .......... .......... .......... 55%  464K 6m13s
221200K .......... .......... .......... .......... .......... 55%  539K 6m13s
221250K .......... .......... .......... .......... .......... 56%  460K 6m13s
221300K .......... .......... .......... .......... .......... 56%  535K 6m13s
221350K .......... .......... .......... .......... .......... 56%  533K 6m13s
221400K .......... .......... .......... .......... .......... 56%  453K 6m13s
221450K .......... .......... .......... .......... .......... 56%  527K 6m13s
221500K .......... .......... .......... .......... .......... 56%  454K 6m13s
221550K .......... .......... .......... .......... .......... 56%  527K 6m12s
221600K .......... .......... .......... .......... .......... 56%  522K 6m12s
221650K .......... .......... .......... .......... .......... 56%  448K 6m12s
221700K .......... .......... .......... .......... .......... 56%  522K 6m12s
221750K .......... .......... .......... .......... .......... 56%  445K 6m12s
221800K .......... .......... .......... .......... .......... 56%  517K 6m12s
221850K .......... .......... .......... .......... .......... 56%  516K 6m12s
221900K .......... .......... .......... .......... .......... 56%  440K 6m12s
221950K .......... .......... .......... .......... .......... 56%  513K 6m11s
222000K .......... .......... .......... .......... .......... 56%  438K 6m11s
222050K .......... .......... .......... .......... .......... 56%  509K 6m11s
222100K .......... .......... .......... .......... .......... 56%  505K 6m11s
222150K .......... .......... .......... .......... .......... 56%  433K 6m11s
222200K .......... .......... .......... .......... .......... 56%  505K 6m11s
222250K .......... .......... .......... .......... .......... 56%  429K 6m11s
222300K .......... .......... .......... .......... .......... 56%  501K 6m11s
222350K .......... .......... .......... .......... .......... 56%  499K 6m10s
222400K .......... .......... .......... .......... .......... 56%  426K 6m10s
222450K .......... .......... .......... .......... .......... 56%  495K 6m10s
222500K .......... .......... .......... .......... .......... 56%  424K 6m10s
222550K .......... .......... .......... .......... .......... 56%  492K 6m10s
222600K .......... .......... .......... .......... .......... 56%  488K 6m10s
222650K .......... .......... .......... .......... .......... 56%  422K 6m10s
222700K .......... .......... .......... .......... .......... 56%  488K 6m10s
222750K .......... .......... .......... .......... .......... 56%  416K 6m10s
222800K .......... .......... .......... .......... .......... 56%  482K 6m10s
222850K .......... .......... .......... .......... .......... 56%  484K 6m9s
222900K .......... .......... .......... .......... .......... 56%  414K 6m9s
222950K .......... .......... .......... .......... .......... 56%  480K 6m9s
223000K .......... .......... .......... .......... .......... 56%  411K 6m9s
223050K .......... .......... .......... .......... .......... 56%  478K 6m9s
223100K .......... .......... .......... .......... .......... 56%  475K 6m9s
223150K .......... .......... .......... .......... .......... 56%  405K 6m9s
223200K .......... .......... .......... .......... .......... 56%  474K 6m9s
223250K .......... .......... .......... .......... .......... 56%  405K 6m9s
223300K .......... .......... .......... .......... .......... 56%  470K 6m9s
223350K .......... .......... .......... .......... .......... 56%  469K 6m9s
223400K .......... .......... .......... .......... .......... 56%  399K 6m9s
223450K .......... .......... .......... .......... .......... 56%  465K 6m8s
223500K .......... .......... .......... .......... .......... 56%  399K 6m8s
223550K .......... .......... .......... .......... .......... 56%  463K 6m8s
223600K .......... .......... .......... .......... .......... 56%  731K 6m8s
223650K .......... .......... .......... .......... .......... 56% 3.18M 6m8s
223700K .......... .......... .......... .......... .......... 56% 3.52M 6m7s
223750K .......... .......... .......... .......... .......... 56% 2.85M 6m7s
223800K .......... .......... .......... .......... .......... 56% 3.17M 6m6s
223850K .......... .......... .......... .......... .......... 56% 3.18M 6m6s
223900K .......... .......... .......... .......... .......... 56% 2.63M 6m5s
223950K .......... .......... .......... .......... .......... 56% 3.02M 6m5s
224000K .......... .......... .......... .......... .......... 56% 2.62M 6m5s
224050K .......... .......... .......... .......... .......... 56% 2.91M 6m4s
224100K .......... .......... .......... .......... .......... 56% 2.94M 6m4s
224150K .......... .......... .......... .......... .......... 56% 2.53M 6m3s
224200K .......... .......... .......... .......... .......... 56% 2.95M 6m3s
224250K .......... .......... .......... .......... .......... 56% 2.45M 6m3s
224300K .......... .......... .......... .......... .......... 56% 2.78M 6m2s
224350K .......... .......... .......... .......... .......... 56% 2.79M 6m2s
224400K .......... .......... .......... .......... .......... 56% 2.32M 6m1s
224450K .......... .......... .......... .......... .......... 56% 2.64M 6m1s
224500K .......... .......... .......... .......... .......... 56% 2.27M 6m0s
224550K .......... .......... .......... .......... .......... 56% 2.57M 6m0s
224600K .......... .......... .......... .......... .......... 56% 2.54M 6m0s
224650K .......... .......... .......... .......... .......... 56% 2.14M 5m59s
224700K .......... .......... .......... .......... .......... 56% 2.47M 5m59s
224750K .......... .......... .......... .......... .......... 56% 2.06M 5m58s
224800K .......... .......... .......... .......... .......... 56% 2.38M 5m58s
224850K .......... .......... .......... .......... .......... 56% 2.35M 5m58s
224900K .......... .......... .......... .......... .......... 56% 1.98M 5m57s
224950K .......... .......... .......... .......... .......... 56% 2.27M 5m57s
225000K .......... .......... .......... .......... .......... 56% 1.92M 5m57s
225050K .......... .......... .......... .......... .......... 56% 2.22M 5m56s
225100K .......... .......... .......... .......... .......... 56% 2.18M 5m56s
225150K .......... .......... .......... .......... .......... 56% 1.85M 5m55s
225200K .......... .......... .......... .......... .......... 57% 2.13M 5m55s
225250K .......... .......... .......... .......... .......... 57% 1.78M 5m55s
225300K .......... .......... .......... .......... .......... 57% 2.06M 5m54s
225350K .......... .......... .......... .......... .......... 57% 2.04M 5m54s
225400K .......... .......... .......... .......... .......... 57% 1.73M 5m54s
225450K .......... .......... .......... .......... .......... 57% 1.95M 5m53s
225500K .......... .......... .......... .......... .......... 57% 1.67M 5m53s
225550K .......... .......... .......... .......... .......... 57% 1.87M 5m52s
225600K .......... .......... .......... .......... .......... 57% 1.90M 5m52s
225650K .......... .......... .......... .......... .......... 57% 1.61M 5m52s
225700K .......... .......... .......... .......... .......... 57% 1.87M 5m51s
225750K .......... .......... .......... .......... .......... 57% 1.56M 5m51s
225800K .......... .......... .......... .......... .......... 57% 1.81M 5m51s
225850K .......... .......... .......... .......... .......... 57% 1.81M 5m50s
225900K .......... .......... .......... .......... .......... 57% 1.52M 5m50s
225950K .......... .......... .......... .......... .......... 57% 1.74M 5m50s
226000K .......... .......... .......... .......... .......... 57% 1.49M 5m49s
226050K .......... .......... .......... .......... .......... 57% 1.69M 5m49s
226100K .......... .......... .......... .......... .......... 57% 1.69M 5m49s
226150K .......... .......... .......... .......... .......... 57% 1.44M 5m48s
226200K .......... .......... .......... .......... .......... 57% 1.66M 5m48s
226250K .......... .......... .......... .......... .......... 57% 1.40M 5m48s
226300K .......... .......... .......... .......... .......... 57% 1.62M 5m47s
226350K .......... .......... .......... .......... .......... 57% 1.60M 5m47s
226400K .......... .......... .......... .......... .......... 57% 1.36M 5m47s
226450K .......... .......... .......... .......... .......... 57% 1.56M 5m46s
226500K .......... .......... .......... .......... .......... 57% 1.33M 5m46s
226550K .......... .......... .......... .......... .......... 57% 1.55M 5m46s
226600K .......... .......... .......... .......... .......... 57% 1.51M 5m45s
226650K .......... .......... .......... .......... .......... 57% 1.29M 5m45s
226700K .......... .......... .......... .......... .......... 57% 1.49M 5m45s
226750K .......... .......... .......... .......... .......... 57% 1.26M 5m44s
226800K .......... .......... .......... .......... .......... 57% 1.46M 5m44s
226850K .......... .......... .......... .......... .......... 57% 1.46M 5m44s
226900K .......... .......... .......... .......... .......... 57% 1.23M 5m43s
226950K .......... .......... .......... .......... .......... 57% 1.41M 5m43s
227000K .......... .......... .......... .......... .......... 57% 1.21M 5m43s
227050K .......... .......... .......... .......... .......... 57% 1.40M 5m42s
227100K .......... .......... .......... .......... .......... 57% 1.38M 5m42s
227150K .......... .......... .......... .......... .......... 57% 1.17M 5m42s
227200K .......... .......... .......... .......... .......... 57% 1.37M 5m41s
227250K .......... .......... .......... .......... .......... 57% 1.15M 5m41s
227300K .......... .......... .......... .......... .......... 57% 1.33M 5m41s
227350K .......... .......... .......... .......... .......... 57% 1.33M 5m41s
227400K .......... .......... .......... .......... .......... 57% 1.12M 5m40s
227450K .......... .......... .......... .......... .......... 57% 1.30M 5m40s
227500K .......... .......... .......... .......... .......... 57% 1.10M 5m40s
227550K .......... .......... .......... .......... .......... 57% 1.28M 5m39s
227600K .......... .......... .......... .......... .......... 57% 1.26M 5m39s
227650K .......... .......... .......... .......... .......... 57% 1.08M 5m39s
227700K .......... .......... .......... .......... .......... 57% 1.25M 5m38s
227750K .......... .......... .......... .......... .......... 57% 1.06M 5m38s
227800K .......... .......... .......... .......... .......... 57% 1.23M 5m38s
227850K .......... .......... .......... .......... .......... 57% 1.22M 5m38s
227900K .......... .......... .......... .......... .......... 57% 1.03M 5m37s
227950K .......... .......... .......... .......... .......... 57% 1.19M 5m37s
228000K .......... .......... .......... .......... .......... 57% 1.02M 5m37s
228050K .......... .......... .......... .......... .......... 57% 1.17M 5m36s
228100K .......... .......... .......... .......... .......... 57% 1.17M 5m36s
228150K .......... .......... .......... .......... .......... 57% 1014K 5m36s
228200K .......... .......... .......... .......... .......... 57% 1.16M 5m36s
228250K .......... .......... .......... .......... .......... 57% 1001K 5m35s
228300K .......... .......... .......... .......... .......... 57% 1.13M 5m35s
228350K .......... .......... .......... .......... .......... 57% 1.14M 5m35s
228400K .......... .......... .......... .......... .......... 57%  980K 5m35s
228450K .......... .......... .......... .......... .......... 57% 1.07M 5m34s
228500K .......... .......... .......... .......... .......... 57%  964K 5m34s
228550K .......... .......... .......... .......... .......... 57% 1.09M 5m34s
228600K .......... .......... .......... .......... .......... 57% 1.09M 5m33s
228650K .......... .......... .......... .......... .......... 57%  946K 5m33s
228700K .......... .......... .......... .......... .......... 57% 1.07M 5m33s
228750K .......... .......... .......... .......... .......... 57%  928K 5m33s
228800K .......... .......... .......... .......... .......... 57% 1.05M 5m32s
228850K .......... .......... .......... .......... .......... 57% 1.05M 5m32s
228900K .......... .......... .......... .......... .......... 57%  913K 5m32s
228950K .......... .......... .......... .......... .......... 57% 1.03M 5m32s
229000K .......... .......... .......... .......... .......... 57%  901K 5m31s
229050K .......... .......... .......... .......... .......... 57% 1.02M 5m31s
229100K .......... .......... .......... .......... .......... 57% 1.01M 5m31s
229150K .......... .......... .......... .......... .......... 58%  881K 5m31s
229200K .......... .......... .......... .......... .......... 58% 1.00M 5m30s
229250K .......... .......... .......... .......... .......... 58%  869K 5m30s
229300K .......... .......... .......... .......... .......... 58% 1008K 5m30s
229350K .......... .......... .......... .......... .......... 58% 1006K 5m30s
229400K .......... .......... .......... .......... .......... 58%  854K 5m29s
229450K .......... .......... .......... .......... .......... 58%  987K 5m29s
229500K .......... .......... .......... .......... .......... 58%  846K 5m29s
229550K .......... .......... .......... .......... .......... 58%  972K 5m29s
229600K .......... .......... .......... .......... .......... 58%  962K 5m29s
229650K .......... .......... .......... .......... .......... 58%  825K 5m28s
229700K .......... .......... .......... .......... .......... 58%  960K 5m28s
229750K .......... .......... .......... .......... .......... 58%  816K 5m28s
229800K .......... .......... .......... .......... .......... 58%  944K 5m28s
229850K .......... .......... .......... .......... .......... 58%  942K 5m27s
229900K .......... .......... .......... .......... .......... 58% 61.8K 5m29s
229950K .......... .......... .......... .......... .......... 58% 2.42M 5m29s
230000K .......... .......... .......... .......... .......... 58% 2.17M 5m29s
230050K .......... .......... .......... .......... .......... 58% 2.47M 5m28s
230100K .......... .......... .......... .......... .......... 58% 2.42M 5m28s
230150K .......... .......... .......... .......... .......... 58% 2.05M 5m28s
230200K .......... .......... .......... .......... .......... 58% 2.39M 5m27s
230250K .......... .......... .......... .......... .......... 58% 1.98M 5m27s
230300K .......... .......... .......... .......... .......... 58% 2.28M 5m27s
230350K .......... .......... .......... .......... .......... 58% 2.27M 5m26s
230400K .......... .......... .......... .......... .......... 58% 1.90M 5m26s
230450K .......... .......... .......... .......... .......... 58% 2.16M 5m26s
230500K .......... .......... .......... .......... .......... 58% 1.86M 5m25s
230550K .......... .......... .......... .......... .......... 58% 2.10M 5m25s
230600K .......... .......... .......... .......... .......... 58% 2.08M 5m25s
230650K .......... .......... .......... .......... .......... 58% 1.77M 5m25s
230700K .......... .......... .......... .......... .......... 58% 2.05M 5m24s
230750K .......... .......... .......... .......... .......... 58% 1.71M 5m24s
230800K .......... .......... .......... .......... .......... 58% 1.98M 5m24s
230850K .......... .......... .......... .......... .......... 58% 1.97M 5m23s
230900K .......... .......... .......... .......... .......... 58% 1.66M 5m23s
230950K .......... .......... .......... .......... .......... 58% 1.89M 5m23s
231000K .......... .......... .......... .......... .......... 58% 1.62M 5m22s
231050K .......... .......... .......... .......... .......... 58% 1.86M 5m22s
231100K .......... .......... .......... .......... .......... 58% 1.82M 5m22s
231150K .......... .......... .......... .......... .......... 58% 1.55M 5m21s
231200K .......... .......... .......... .......... .......... 58% 1.81M 5m21s
231250K .......... .......... .......... .......... .......... 58% 1.51M 5m21s
231300K .......... .......... .......... .......... .......... 58% 1.75M 5m21s
231350K .......... .......... .......... .......... .......... 58% 1.73M 5m20s
231400K .......... .......... .......... .......... .......... 58% 1.47M 5m20s
231450K .......... .......... .......... .......... .......... 58% 1.68M 5m20s
231500K .......... .......... .......... .......... .......... 58% 1.44M 5m19s
231550K .......... .......... .......... .......... .......... 58% 1.64M 5m19s
231600K .......... .......... .......... .......... .......... 58% 1.64M 5m19s
231650K .......... .......... .......... .......... .......... 58% 1.39M 5m18s
231700K .......... .......... .......... .......... .......... 58% 1.61M 5m18s
231750K .......... .......... .......... .......... .......... 58% 1.33M 5m18s
231800K .......... .......... .......... .......... .......... 58% 1.58M 5m18s
231850K .......... .......... .......... .......... .......... 58% 1.56M 5m17s
231900K .......... .......... .......... .......... .......... 58% 61.4K 5m19s
231950K .......... .......... .......... .......... .......... 58%  920K 5m19s
232000K .......... .......... .......... .......... .......... 58% 1.16M 5m19s
232050K .......... .......... .......... .......... .......... 58% 3.26M 5m18s
232100K .......... .......... .......... .......... .......... 58% 3.09M 5m18s
232150K .......... .......... .......... .......... .......... 58%  156K 5m19s
232200K .......... .......... .......... .......... .......... 58% 3.04M 5m18s
232250K .......... .......... .......... .......... .......... 58%  851K 5m18s
232300K .......... .......... .......... .......... .......... 58% 1.20M 5m18s
232350K .......... .......... .......... .......... .......... 58%  541K 5m18s
232400K .......... .......... .......... .......... .......... 58%  619K 5m18s
232450K .......... .......... .......... .......... .......... 58%  662K 5m17s
232500K .......... .......... .......... .......... .......... 58%  446K 5m17s
232550K .......... .......... .......... .......... .......... 58%  948K 5m17s
232600K .......... .......... .......... .......... .......... 58%  271K 5m17s
232650K .......... .......... .......... .......... .......... 58% 1.86M 5m17s
232700K .......... .......... .......... .......... .......... 58% 2.34M 5m17s
232750K .......... .......... .......... .......... .......... 58% 1.90M 5m16s
232800K .......... .......... .......... .......... .......... 58% 2.42M 5m16s
232850K .......... .......... .......... .......... .......... 58% 2.40M 5m16s
232900K .......... .......... .......... .......... .......... 58% 1.99M 5m16s
232950K .......... .......... .......... .......... .......... 58% 2.31M 5m15s
233000K .......... .......... .......... .......... .......... 58% 1.96M 5m15s
233050K .......... .......... .......... .......... .......... 58% 2.25M 5m15s
233100K .......... .......... .......... .......... .......... 59% 2.17M 5m14s
233150K .......... .......... .......... .......... .......... 59%  433K 5m14s
233200K .......... .......... .......... .......... .......... 59%  438K 5m14s
233250K .......... .......... .......... .......... .......... 59%  282K 5m14s
233300K .......... .......... .......... .......... .......... 59%  742K 5m14s
233350K .......... .......... .......... .......... .......... 59%  905K 5m14s
233400K .......... .......... .......... .......... .......... 59%  763K 5m14s
233450K .......... .......... .......... .......... .......... 59%  640K 5m14s
233500K .......... .......... .......... .......... .......... 59% 1.03M 5m13s
233550K .......... .......... .......... .......... .......... 59% 1.08M 5m13s
233600K .......... .......... .......... .......... .......... 59%  658K 5m13s
233650K .......... .......... .......... .......... .......... 59%  374K 5m13s
233700K .......... .......... .......... .......... .......... 59%  304K 5m13s
233750K .......... .......... .......... .......... .......... 59% 1.59M 5m13s
233800K .......... .......... .......... .......... .......... 59%  805K 5m13s
233850K .......... .......... .......... .......... .......... 59%  688K 5m12s
233900K .......... .......... .......... .......... .......... 59%  420K 5m12s
233950K .......... .......... .......... .......... .......... 59%  463K 5m12s
234000K .......... .......... .......... .......... .......... 59%  374K 5m12s
234050K .......... .......... .......... .......... .......... 59%  311K 5m12s
234100K .......... .......... .......... .......... .......... 59%  688K 5m12s
234150K .......... .......... .......... .......... .......... 59%  399K 5m12s
234200K .......... .......... .......... .......... .......... 59%  845K 5m12s
234250K .......... .......... .......... .......... .......... 59%  536K 5m12s
234300K .......... .......... .......... .......... .......... 59%  928K 5m12s
234350K .......... .......... .......... .......... .......... 59%  825K 5m11s
234400K .......... .......... .......... .......... .......... 59%  918K 5m11s
234450K .......... .......... .......... .......... .......... 59%  279K 5m11s
234500K .......... .......... .......... .......... .......... 59% 1.35M 5m11s
234550K .......... .......... .......... .......... .......... 59% 1.55M 5m11s
234600K .......... .......... .......... .......... .......... 59% 1.52M 5m11s
234650K .......... .......... .......... .......... .......... 59% 1.30M 5m10s
234700K .......... .......... .......... .......... .......... 59% 1.51M 5m10s
234750K .......... .......... .......... .......... .......... 59%  748K 5m10s
234800K .......... .......... .......... .......... .......... 59%  435K 5m10s
234850K .......... .......... .......... .......... .......... 59%  231K 5m10s
234900K .......... .......... .......... .......... .......... 59%  323K 5m10s
234950K .......... .......... .......... .......... .......... 59%  342K 5m10s
235000K .......... .......... .......... .......... .......... 59%  316K 5m10s
235050K .......... .......... .......... .......... .......... 59%  483K 5m10s
235100K .......... .......... .......... .......... .......... 59% 33.6K 5m14s
235150K .......... .......... .......... .......... .......... 59%  245K 5m14s
235200K .......... .......... .......... .......... .......... 59% 1.07M 5m14s
235250K .......... .......... .......... .......... .......... 59% 2.24M 5m13s
235300K .......... .......... .......... .......... .......... 59% 2.56M 5m13s
235350K .......... .......... .......... .......... .......... 59%  686K 5m13s
235400K .......... .......... .......... .......... .......... 59% 1.12M 5m13s
235450K .......... .......... .......... .......... .......... 59%  442K 5m13s
235500K .......... .......... .......... .......... .......... 59%  742K 5m12s
235550K .......... .......... .......... .......... .......... 59%  543K 5m12s
235600K .......... .......... .......... .......... .......... 59%  467K 5m12s
235650K .......... .......... .......... .......... .......... 59% 1.91M 5m12s
235700K .......... .......... .......... .......... .......... 59% 2.29M 5m12s
235750K .......... .......... .......... .......... .......... 59% 1.90M 5m11s
235800K .......... .......... .......... .......... .......... 59% 2.19M 5m11s
235850K .......... .......... .......... .......... .......... 59% 2.19M 5m11s
235900K .......... .......... .......... .......... .......... 59% 1.82M 5m11s
235950K .......... .......... .......... .......... .......... 59% 1.98M 5m10s
236000K .......... .......... .......... .......... .......... 59%  804K 5m10s
236050K .......... .......... .......... .......... .......... 59%  592K 5m10s
236100K .......... .......... .......... .......... .......... 59%  484K 5m10s
236150K .......... .......... .......... .......... .......... 59% 1.20M 5m10s
236200K .......... .......... .......... .......... .......... 59%  567K 5m9s
236250K .......... .......... .......... .......... .......... 59% 1.65M 5m9s
236300K .......... .......... .......... .......... .......... 59%  411K 5m9s
236350K .......... .......... .......... .......... .......... 59% 1.12M 5m9s
236400K .......... .......... .......... .......... .......... 59%  566K 5m9s
236450K .......... .......... .......... .......... .......... 59%  793K 5m9s
236500K .......... .......... .......... .......... .......... 59%  548K 5m9s
236550K .......... .......... .......... .......... .......... 59% 1.09M 5m8s
236600K .......... .......... .......... .......... .......... 59% 1.51M 5m8s
236650K .......... .......... .......... .......... .......... 59% 1.33M 5m8s
236700K .......... .......... .......... .......... .......... 59% 1.38M 5m7s
236750K .......... .......... .......... .......... .......... 59%  199K 5m8s
236800K .......... .......... .......... .......... .......... 59%  279K 5m8s
236850K .......... .......... .......... .......... .......... 59%  199K 5m8s
236900K .......... .......... .......... .......... .......... 59%  201K 5m9s
236950K .......... .......... .......... .......... .......... 59%  827K 5m8s
237000K .......... .......... .......... .......... .......... 59%  351K 5m8s
237050K .......... .......... .......... .......... .......... 60%  482K 5m8s
237100K .......... .......... .......... .......... .......... 60% 30.8K 5m12s
237150K .......... .......... .......... .......... .......... 60% 1.04M 5m12s
237200K .......... .......... .......... .......... .......... 60%  448K 5m12s
237250K .......... .......... .......... .......... .......... 60% 2.17M 5m11s
237300K .......... .......... .......... .......... .......... 60%  799K 5m11s
237350K .......... .......... .......... .......... .......... 60% 1.11M 5m11s
237400K .......... .......... .......... .......... .......... 60% 2.75M 5m11s
237450K .......... .......... .......... .......... .......... 60% 3.09M 5m10s
237500K .......... .......... .......... .......... .......... 60% 2.66M 5m10s
237550K .......... .......... .......... .......... .......... 60% 2.99M 5m10s
237600K .......... .......... .......... .......... .......... 60%  914K 5m10s
237650K .......... .......... .......... .......... .......... 60%  844K 5m9s
237700K .......... .......... .......... .......... .......... 60%  760K 5m9s
237750K .......... .......... .......... .......... .......... 60% 2.40M 5m9s
237800K .......... .......... .......... .......... .......... 60% 2.71M 5m9s
237850K .......... .......... .......... .......... .......... 60% 2.73M 5m8s
237900K .......... .......... .......... .......... .......... 60%  564K 5m8s
237950K .......... .......... .......... .......... .......... 60%  264K 5m8s
238000K .......... .......... .......... .......... .......... 60%  282K 5m8s
238050K .......... .......... .......... .......... .......... 60% 1.16M 5m8s
238100K .......... .......... .......... .......... .......... 60%  511K 5m8s
238150K .......... .......... .......... .......... .......... 60%  712K 5m8s
238200K .......... .......... .......... .......... .......... 60%  333K 5m8s
238250K .......... .......... .......... .......... .......... 60%  277K 5m8s
238300K .......... .......... .......... .......... .......... 60%  842K 5m8s
238350K .......... .......... .......... .......... .......... 60%  229K 5m8s
238400K .......... .......... .......... .......... .......... 60%  246K 5m8s
238450K .......... .......... .......... .......... .......... 60%  306K 5m8s
238500K .......... .......... .......... .......... .......... 60%  660K 5m8s
238550K .......... .......... .......... .......... .......... 60%  582K 5m8s
238600K .......... .......... .......... .......... .......... 60%  244K 5m8s
238650K .......... .......... .......... .......... .......... 60%  635K 5m8s
238700K .......... .......... .......... .......... .......... 60%  641K 5m8s
238750K .......... .......... .......... .......... .......... 60%  223K 5m8s
238800K .......... .......... .......... .......... .......... 60% 32.5K 5m12s
238850K .......... .......... .......... .......... .......... 60%  301K 5m12s
238900K .......... .......... .......... .......... .......... 60% 1013K 5m11s
238950K .......... .......... .......... .......... .......... 60%  574K 5m11s
239000K .......... .......... .......... .......... .......... 60%  228K 5m11s
239050K .......... .......... .......... .......... .......... 60% 1.39M 5m11s
239100K .......... .......... .......... .......... .......... 60% 1.33M 5m11s
239150K .......... .......... .......... .......... .......... 60%  308K 5m11s
239200K .......... .......... .......... .......... .......... 60%  360K 5m11s
239250K .......... .......... .......... .......... .......... 60%  996K 5m11s
239300K .......... .......... .......... .......... .......... 60% 5.08M 5m10s
239350K .......... .......... .......... .......... .......... 60% 3.78M 5m10s
239400K .......... .......... .......... .......... .......... 60%  155K 5m11s
239450K .......... .......... .......... .......... .......... 60%  595K 5m10s
239500K .......... .......... .......... .......... .......... 60%  239K 5m11s
239550K .......... .......... .......... .......... .......... 60%  140K 5m11s
239600K .......... .......... .......... .......... .......... 60% 1.63M 5m11s
239650K .......... .......... .......... .......... .......... 60%  952K 5m11s
239700K .......... .......... .......... .......... .......... 60%  296K 5m11s
239750K .......... .......... .......... .......... .......... 60%  218K 5m11s
239800K .......... .......... .......... .......... .......... 60%  340K 5m11s
239850K .......... .......... .......... .......... .......... 60%  592K 5m11s
239900K .......... .......... .......... .......... .......... 60% 1.05M 5m11s
239950K .......... .......... .......... .......... .......... 60% 4.02M 5m10s
240000K .......... .......... .......... .......... .......... 60% 2.20M 5m10s
240050K .......... .......... .......... .......... .......... 60% 1.57M 5m10s
240100K .......... .......... .......... .......... .......... 60% 1.46M 5m9s
240150K .......... .......... .......... .......... .......... 60%  869K 5m9s
240200K .......... .......... .......... .......... .......... 60%  264K 5m9s
240250K .......... .......... .......... .......... .......... 60%  645K 5m9s
240300K .......... .......... .......... .......... .......... 60% 2.86M 5m9s
240350K .......... .......... .......... .......... .......... 60% 2.36M 5m9s
240400K .......... .......... .......... .......... .......... 60%  273K 5m9s
240450K .......... .......... .......... .......... .......... 60% 2.81M 5m8s
240500K .......... .......... .......... .......... .......... 60% 2.93M 5m8s
240550K .......... .......... .......... .......... .......... 60% 3.07M 5m8s
240600K .......... .......... .......... .......... .......... 60%  915K 5m8s
240650K .......... .......... .......... .......... .......... 60%  777K 5m7s
240700K .......... .......... .......... .......... .......... 60% 1.49M 5m7s
240750K .......... .......... .......... .......... .......... 60%  596K 5m7s
240800K .......... .......... .......... .......... .......... 60%  461K 5m7s
240850K .......... .......... .......... .......... .......... 60% 1.50M 5m7s
240900K .......... .......... .......... .......... .......... 60% 1.11M 5m6s
240950K .......... .......... .......... .......... .......... 60% 1.34M 5m6s
241000K .......... .......... .......... .......... .......... 61%  468K 5m6s
241050K .......... .......... .......... .......... .......... 61% 2.43M 5m6s
241100K .......... .......... .......... .......... .......... 61% 1.55M 5m6s
241150K .......... .......... .......... .......... .......... 61% 1.91M 5m5s
241200K .......... .......... .......... .......... .......... 61%  563K 5m5s
241250K .......... .......... .......... .......... .......... 61% 1.05M 5m5s
241300K .......... .......... .......... .......... .......... 61%  168K 5m5s
241350K .......... .......... .......... .......... .......... 61% 2.54M 5m5s
241400K .......... .......... .......... .......... .......... 61% 2.09M 5m5s
241450K .......... .......... .......... .......... .......... 61% 2.40M 5m5s
241500K .......... .......... .......... .......... .......... 61% 2.04M 5m4s
241550K .......... .......... .......... .......... .......... 61%  289K 5m4s
241600K .......... .......... .......... .......... .......... 61% 2.76M 5m4s
241650K .......... .......... .......... .......... .......... 61% 1.79M 5m4s
241700K .......... .......... .......... .......... .......... 61% 2.09M 5m3s
241750K .......... .......... .......... .......... .......... 61%  588K 5m3s
241800K .......... .......... .......... .......... .......... 61% 1.82M 5m3s
241850K .......... .......... .......... .......... .......... 61% 1.37M 5m3s
241900K .......... .......... .......... .......... .......... 61% 1.39M 5m3s
241950K .......... .......... .......... .......... .......... 61%  430K 5m3s
242000K .......... .......... .......... .......... .......... 61%  420K 5m2s
242050K .......... .......... .......... .......... .......... 61% 1.21M 5m2s
242100K .......... .......... .......... .......... .......... 61%  260K 5m2s
242150K .......... .......... .......... .......... .......... 61%  444K 5m2s
242200K .......... .......... .......... .......... .......... 61%  704K 5m2s
242250K .......... .......... .......... .......... .......... 61%  947K 5m2s
242300K .......... .......... .......... .......... .......... 61% 1.39M 5m2s
242350K .......... .......... .......... .......... .......... 61% 1.23M 5m1s
242400K .......... .......... .......... .......... .......... 61% 1.60M 5m1s
242450K .......... .......... .......... .......... .......... 61% 1.20M 5m1s
242500K .......... .......... .......... .......... .......... 61% 1.75M 5m1s
242550K .......... .......... .......... .......... .......... 61%  673K 5m1s
242600K .......... .......... .......... .......... .......... 61%  227K 5m1s
242650K .......... .......... .......... .......... .......... 61%  794K 5m1s
242700K .......... .......... .......... .......... .......... 61% 1.50M 5m0s
242750K .......... .......... .......... .......... .......... 61% 1.08M 5m0s
242800K .......... .......... .......... .......... .......... 61%  761K 5m0s
242850K .......... .......... .......... .......... .......... 61%  759K 5m0s
242900K .......... .......... .......... .......... .......... 61%  141K 5m0s
242950K .......... .......... .......... .......... .......... 61%  186K 5m1s
243000K .......... .......... .......... .......... .......... 61%  274K 5m1s
243050K .......... .......... .......... .......... .......... 61%  406K 5m1s
243100K .......... .......... .......... .......... .......... 61%  198K 5m1s
243150K .......... .......... .......... .......... .......... 61%  494K 5m1s
243200K .......... .......... .......... .......... .......... 61%  343K 5m1s
243250K .......... .......... .......... .......... .......... 61% 57.2K 5m2s
243300K .......... .......... .......... .......... .......... 61%  605K 5m2s
243350K .......... .......... .......... .......... .......... 61% 2.61M 5m2s
243400K .......... .......... .......... .......... .......... 61% 2.20M 5m2s
243450K .......... .......... .......... .......... .......... 61% 2.45M 5m1s
243500K .......... .......... .......... .......... .......... 61% 2.16M 5m1s
243550K .......... .......... .......... .......... .......... 61% 2.45M 5m1s
243600K .......... .......... .......... .......... .......... 61% 2.42M 5m1s
243650K .......... .......... .......... .......... .......... 61% 2.02M 5m0s
243700K .......... .......... .......... .......... .......... 61% 2.33M 5m0s
243750K .......... .......... .......... .......... .......... 61%  326K 5m0s
243800K .......... .......... .......... .......... .......... 61% 1.37M 5m0s
243850K .......... .......... .......... .......... .......... 61% 1.46M 5m0s
243900K .......... .......... .......... .......... .......... 61%  996K 4m59s
243950K .......... .......... .......... .......... .......... 61% 1.11M 4m59s
244000K .......... .......... .......... .......... .......... 61% 1.11M 4m59s
244050K .......... .......... .......... .......... .......... 61%  237K 4m59s
244100K .......... .......... .......... .......... .......... 61% 1.04M 4m59s
244150K .......... .......... .......... .......... .......... 61%  955K 4m59s
244200K .......... .......... .......... .......... .......... 61% 1.09M 4m58s
244250K .......... .......... .......... .......... .......... 61% 1.72M 4m58s
244300K .......... .......... .......... .......... .......... 61% 1.22M 4m58s
244350K .......... .......... .......... .......... .......... 61% 1.41M 4m58s
244400K .......... .......... .......... .......... .......... 61%  236K 4m58s
244450K .......... .......... .......... .......... .......... 61%  228K 4m58s
244500K .......... .......... .......... .......... .......... 61%  431K 4m58s
244550K .......... .......... .......... .......... .......... 61%  290K 4m58s
244600K .......... .......... .......... .......... .......... 61%  813K 4m58s
244650K .......... .......... .......... .......... .......... 61% 1000K 4m58s
244700K .......... .......... .......... .......... .......... 61%  970K 4m57s
244750K .......... .......... .......... .......... .......... 61%  413K 4m57s
244800K .......... .......... .......... .......... .......... 61%  301K 4m57s
244850K .......... .......... .......... .......... .......... 61% 1.84M 4m57s
244900K .......... .......... .......... .......... .......... 61%  651K 4m57s
244950K .......... .......... .......... .......... .......... 62%  818K 4m57s
245000K .......... .......... .......... .......... .......... 62%  445K 4m57s
245050K .......... .......... .......... .......... .......... 62% 1.27M 4m57s
245100K .......... .......... .......... .......... .......... 62%  973K 4m56s
245150K .......... .......... .......... .......... .......... 62%  809K 4m56s
245200K .......... .......... .......... .......... .......... 62%  520K 4m56s
245250K .......... .......... .......... .......... .......... 62%  194K 4m56s
245300K .......... .......... .......... .......... .......... 62%  296K 4m56s
245350K .......... .......... .......... .......... .......... 62%  490K 4m56s
245400K .......... .......... .......... .......... .......... 62%  536K 4m56s
245450K .......... .......... .......... .......... .......... 62%  683K 4m56s
245500K .......... .......... .......... .......... .......... 62%  338K 4m56s
245550K .......... .......... .......... .......... .......... 62%  514K 4m56s
245600K .......... .......... .......... .......... .......... 62%  188K 4m56s
245650K .......... .......... .......... .......... .......... 62% 27.7K 5m0s
245700K .......... .......... .......... .......... .......... 62%  407K 5m0s
245750K .......... .......... .......... .......... .......... 62% 1.87M 4m59s
245800K .......... .......... .......... .......... .......... 62% 1.38M 4m59s
245850K .......... .......... .......... .......... .......... 62% 1.39M 4m59s
245900K .......... .......... .......... .......... .......... 62% 2.38M 4m59s
245950K .......... .......... .......... .......... .......... 62% 2.01M 4m58s
246000K .......... .......... .......... .......... .......... 62% 1.64M 4m58s
246050K .......... .......... .......... .......... .......... 62% 2.63M 4m58s
246100K .......... .......... .......... .......... .......... 62% 1.24M 4m58s
246150K .......... .......... .......... .......... .......... 62%  213K 4m58s
246200K .......... .......... .......... .......... .......... 62%  638K 4m58s
246250K .......... .......... .......... .......... .......... 62%  536K 4m58s
246300K .......... .......... .......... .......... .......... 62%  889K 4m57s
246350K .......... .......... .......... .......... .......... 62%  275K 4m57s
246400K .......... .......... .......... .......... .......... 62%  139K 4m58s
246450K .......... .......... .......... .......... .......... 62%  555K 4m58s
246500K .......... .......... .......... .......... .......... 62%  435K 4m58s
246550K .......... .......... .......... .......... .......... 62%  689K 4m58s
246600K .......... .......... .......... .......... .......... 62%  312K 4m58s
246650K .......... .......... .......... .......... .......... 62%  221K 4m58s
246700K .......... .......... .......... .......... .......... 62% 1.01M 4m57s
246750K .......... .......... .......... .......... .......... 62% 1.23M 4m57s
246800K .......... .......... .......... .......... .......... 62%  176K 4m58s
246850K .......... .......... .......... .......... .......... 62%  507K 4m57s
246900K .......... .......... .......... .......... .......... 62% 1020K 4m57s
246950K .......... .......... .......... .......... .......... 62%  226K 4m57s
247000K .......... .......... .......... .......... .......... 62%  220K 4m58s
247050K .......... .......... .......... .......... .......... 62%  397K 4m58s
247100K .......... .......... .......... .......... .......... 62%  920K 4m57s
247150K .......... .......... .......... .......... .......... 62%  233K 4m57s
247200K .......... .......... .......... .......... .......... 62% 2.76M 4m57s
247250K .......... .......... .......... .......... .......... 62%  535K 4m57s
247300K .......... .......... .......... .......... .......... 62% 2.49M 4m57s
247350K .......... .......... .......... .......... .......... 62%  827K 4m57s
247400K .......... .......... .......... .......... .......... 62%  928K 4m56s
247450K .......... .......... .......... .......... .......... 62%  823K 4m56s
247500K .......... .......... .......... .......... .......... 62%  184K 4m56s
247550K .......... .......... .......... .......... .......... 62%  929K 4m56s
247600K .......... .......... .......... .......... .......... 62%  576K 4m56s
247650K .......... .......... .......... .......... .......... 62% 1.04M 4m56s
247700K .......... .......... .......... .......... .......... 62%  618K 4m56s
247750K .......... .......... .......... .......... .......... 62%  416K 4m56s
247800K .......... .......... .......... .......... .......... 62%  642K 4m56s
247850K .......... .......... .......... .......... .......... 62%  611K 4m55s
247900K .......... .......... .......... .......... .......... 62%  479K 4m55s
247950K .......... .......... .......... .......... .......... 62%  170K 4m56s
248000K .......... .......... .......... .......... .......... 62%  342K 4m56s
248050K .......... .......... .......... .......... .......... 62%  853K 4m55s
248100K .......... .......... .......... .......... .......... 62% 67.4K 4m57s
248150K .......... .......... .......... .......... .......... 62% 2.81M 4m56s
248200K .......... .......... .......... .......... .......... 62% 3.23M 4m56s
248250K .......... .......... .......... .......... .......... 62% 2.67M 4m56s
248300K .......... .......... .......... .......... .......... 62% 3.02M 4m56s
248350K .......... .......... .......... .......... .......... 62% 3.07M 4m55s
248400K .......... .......... .......... .......... .......... 62% 2.54M 4m55s
248450K .......... .......... .......... .......... .......... 62% 2.84M 4m55s
248500K .......... .......... .......... .......... .......... 62% 2.47M 4m55s
248550K .......... .......... .......... .......... .......... 62%  484K 4m54s
248600K .......... .......... .......... .......... .......... 62% 1.57M 4m54s
248650K .......... .......... .......... .......... .......... 62%  405K 4m54s
248700K .......... .......... .......... .......... .......... 62%  482K 4m54s
248750K .......... .......... .......... .......... .......... 62%  736K 4m54s
248800K .......... .......... .......... .......... .......... 62%  111K 4m54s
248850K .......... .......... .......... .......... .......... 62% 1.93M 4m54s
248900K .......... .......... .......... .......... .......... 63%  149K 4m55s
248950K .......... .......... .......... .......... .......... 63%  108K 4m55s
249000K .......... .......... .......... .......... .......... 63% 26.4K 4m59s
249050K .......... .......... .......... .......... .......... 63%  346K 4m59s
249100K .......... .......... .......... .......... .......... 63% 4.96M 4m58s
249150K .......... .......... .......... .......... .......... 63%  335K 4m58s
249200K .......... .......... .......... .......... .......... 63% 4.37M 4m58s
249250K .......... .......... .......... .......... .......... 63% 4.23M 4m58s
249300K .......... .......... .......... .......... .......... 63% 61.6K 4m59s
249350K .......... .......... .......... .......... .......... 63% 4.86M 4m59s
249400K .......... .......... .......... .......... .......... 63% 4.05M 4m59s
249450K .......... .......... .......... .......... .......... 63% 5.32M 4m58s
249500K .......... .......... .......... .......... .......... 63%  696K 4m58s
249550K .......... .......... .......... .......... .......... 63%  385K 4m58s
249600K .......... .......... .......... .......... .......... 63%  472K 4m58s
249650K .......... .......... .......... .......... .......... 63%  172K 4m58s
249700K .......... .......... .......... .......... .......... 63%  134K 4m59s
249750K .......... .......... .......... .......... .......... 63%  416K 4m59s
249800K .......... .......... .......... .......... .......... 63%  388K 4m58s
249850K .......... .......... .......... .......... .......... 63%  262K 4m59s
249900K .......... .......... .......... .......... .......... 63%  157K 4m59s
249950K .......... .......... .......... .......... .......... 63%  802K 4m59s
250000K .......... .......... .......... .......... .......... 63%  606K 4m59s
250050K .......... .......... .......... .......... .......... 63%  245K 4m59s
250100K .......... .......... .......... .......... .......... 63%  578K 4m59s
250150K .......... .......... .......... .......... .......... 63%  199K 4m59s
250200K .......... .......... .......... .......... .......... 63%  240K 4m59s
250250K .......... .......... .......... .......... .......... 63%  473K 4m59s
250300K .......... .......... .......... .......... .......... 63%  736K 4m59s
250350K .......... .......... .......... .......... .......... 63%  244K 4m59s
250400K .......... .......... .......... .......... .......... 63%  619K 4m58s
250450K .......... .......... .......... .......... .......... 63%  506K 4m58s
250500K .......... .......... .......... .......... .......... 63%  333K 4m58s
250550K .......... .......... .......... .......... .......... 63%  237K 4m58s
250600K .......... .......... .......... .......... .......... 63%  396K 4m58s
250650K .......... .......... .......... .......... .......... 63%  217K 4m59s
250700K .......... .......... .......... .......... .......... 63%  468K 4m58s
250750K .......... .......... .......... .......... .......... 63%  642K 4m58s
250800K .......... .......... .......... .......... .......... 63%  452K 4m58s
250850K .......... .......... .......... .......... .......... 63%  221K 4m58s
250900K .......... .......... .......... .......... .......... 63%  363K 4m58s
250950K .......... .......... .......... .......... .......... 63%  680K 4m58s
251000K .......... .......... .......... .......... .......... 63%  265K 4m58s
251050K .......... .......... .......... .......... .......... 63%  439K 4m58s
251100K .......... .......... .......... .......... .......... 63%  374K 4m58s
251150K .......... .......... .......... .......... .......... 63%  425K 4m58s
251200K .......... .......... .......... .......... .......... 63%  812K 4m58s
251250K .......... .......... .......... .......... .......... 63%  159K 4m58s
251300K .......... .......... .......... .......... .......... 63%  286K 4m58s
251350K .......... .......... .......... .......... .......... 63%  463K 4m58s
251400K .......... .......... .......... .......... .......... 63%  408K 4m58s
251450K .......... .......... .......... .......... .......... 63%  629K 4m58s
251500K .......... .......... .......... .......... .......... 63%  229K 4m58s
251550K .......... .......... .......... .......... .......... 63%  751K 4m58s
251600K .......... .......... .......... .......... .......... 63%  390K 4m58s
251650K .......... .......... .......... .......... .......... 63%  276K 4m58s
251700K .......... .......... .......... .......... .......... 63%  395K 4m58s
251750K .......... .......... .......... .......... .......... 63%  350K 4m58s
251800K .......... .......... .......... .......... .......... 63%  745K 4m57s
251850K .......... .......... .......... .......... .......... 63%  303K 4m57s
251900K .......... .......... .......... .......... .......... 63%  495K 4m57s
251950K .......... .......... .......... .......... .......... 63%  325K 4m57s
252000K .......... .......... .......... .......... .......... 63%  266K 4m57s
252050K .......... .......... .......... .......... .......... 63%  108K 4m58s
252100K .......... .......... .......... .......... .......... 63%  790K 4m58s
252150K .......... .......... .......... .......... .......... 63% 1020K 4m58s
252200K .......... .......... .......... .......... .......... 63% 1.05M 4m57s
252250K .......... .......... .......... .......... .......... 63%  162K 4m58s
252300K .......... .......... .......... .......... .......... 63%  843K 4m57s
252350K .......... .......... .......... .......... .......... 63%  550K 4m57s
252400K .......... .......... .......... .......... .......... 63%  829K 4m57s
252450K .......... .......... .......... .......... .......... 63%  260K 4m57s
252500K .......... .......... .......... .......... .......... 63%  715K 4m57s
252550K .......... .......... .......... .......... .......... 63%  651K 4m57s
252600K .......... .......... .......... .......... .......... 63%  458K 4m57s
252650K .......... .......... .......... .......... .......... 63%  375K 4m57s
252700K .......... .......... .......... .......... .......... 63%  473K 4m57s
252750K .......... .......... .......... .......... .......... 63%  649K 4m56s
252800K .......... .......... .......... .......... .......... 63%  354K 4m56s
252850K .......... .......... .......... .......... .......... 64%  375K 4m56s
252900K .......... .......... .......... .......... .......... 64%  233K 4m56s
252950K .......... .......... .......... .......... .......... 64% 2.44M 4m56s
253000K .......... .......... .......... .......... .......... 64%  763K 4m56s
253050K .......... .......... .......... .......... .......... 64% 1.11M 4m56s
253100K .......... .......... .......... .......... .......... 64%  416K 4m56s
253150K .......... .......... .......... .......... .......... 64%  113K 4m56s
253200K .......... .......... .......... .......... .......... 64%  884K 4m56s
253250K .......... .......... .......... .......... .......... 64% 1012K 4m56s
253300K .......... .......... .......... .......... .......... 64%  698K 4m56s
253350K .......... .......... .......... .......... .......... 64%  781K 4m56s
253400K .......... .......... .......... .......... .......... 64%  775K 4m55s
253450K .......... .......... .......... .......... .......... 64%  370K 4m55s
253500K .......... .......... .......... .......... .......... 64%  712K 4m55s
253550K .......... .......... .......... .......... .......... 64%  206K 4m55s
253600K .......... .......... .......... .......... .......... 64%  214K 4m55s
253650K .......... .......... .......... .......... .......... 64%  341K 4m55s
253700K .......... .......... .......... .......... .......... 64%  633K 4m55s
253750K .......... .......... .......... .......... .......... 64%  196K 4m55s
253800K .......... .......... .......... .......... .......... 64%  201K 4m56s
253850K .......... .......... .......... .......... .......... 64%  298K 4m56s
253900K .......... .......... .......... .......... .......... 64%  315K 4m56s
253950K .......... .......... .......... .......... .......... 64% 1.13M 4m55s
254000K .......... .......... .......... .......... .......... 64%  586K 4m55s
254050K .......... .......... .......... .......... .......... 64%  306K 4m55s
254100K .......... .......... .......... .......... .......... 64%  761K 4m55s
254150K .......... .......... .......... .......... .......... 64%  735K 4m55s
254200K .......... .......... .......... .......... .......... 64%  177K 4m55s
254250K .......... .......... .......... .......... .......... 64% 93.4K 4m56s
254300K .......... .......... .......... .......... .......... 64% 18.7K 5m0s
254350K .......... .......... .......... .......... .......... 64% 1.71M 5m0s
254400K .......... .......... .......... .......... .......... 64% 1.68M 5m0s
254450K .......... .......... .......... .......... .......... 64%  256K 5m0s
254500K .......... .......... .......... .......... .......... 64% 4.40M 5m0s
254550K .......... .......... .......... .......... .......... 64% 5.60M 4m59s
254600K .......... .......... .......... .......... .......... 64% 4.99M 4m59s
254650K .......... .......... .......... .......... .......... 64%  823K 4m59s
254700K .......... .......... .......... .......... .......... 64% 5.15M 4m58s
254750K .......... .......... .......... .......... .......... 64% 4.49M 4m58s
254800K .......... .......... .......... .......... .......... 64% 5.53M 4m58s
254850K .......... .......... .......... .......... .......... 64% 2.73M 4m58s
254900K .......... .......... .......... .......... .......... 64%  705K 4m58s
254950K .......... .......... .......... .......... .......... 64%  386K 4m57s
255000K .......... .......... .......... .......... .......... 64%  742K 4m57s
255050K .......... .......... .......... .......... .......... 64%  240K 4m57s
255100K .......... .......... .......... .......... .......... 64% 3.34M 4m57s
255150K .......... .......... .......... .......... .......... 64% 1.40M 4m57s
255200K .......... .......... .......... .......... .......... 64%  764K 4m57s
255250K .......... .......... .......... .......... .......... 64%  865K 4m56s
255300K .......... .......... .......... .......... .......... 64% 1.15M 4m56s
255350K .......... .......... .......... .......... .......... 64%  664K 4m56s
255400K .......... .......... .......... .......... .......... 64%  613K 4m56s
255450K .......... .......... .......... .......... .......... 64%  477K 4m56s
255500K .......... .......... .......... .......... .......... 64%  905K 4m56s
255550K .......... .......... .......... .......... .......... 64%  935K 4m55s
255600K .......... .......... .......... .......... .......... 64% 1.11M 4m55s
255650K .......... .......... .......... .......... .......... 64%  291K 4m55s
255700K .......... .......... .......... .......... .......... 64%  432K 4m55s
255750K .......... .......... .......... .......... .......... 64%  285K 4m55s
255800K .......... .......... .......... .......... .......... 64%  449K 4m55s
255850K .......... .......... .......... .......... .......... 64%  623K 4m55s
255900K .......... .......... .......... .......... .......... 64%  255K 4m55s
255950K .......... .......... .......... .......... .......... 64% 1.74M 4m55s
256000K .......... .......... .......... .......... .......... 64%  315K 4m55s
256050K .......... .......... .......... .......... .......... 64%  386K 4m55s
256100K .......... .......... .......... .......... .......... 64%  406K 4m55s
256150K .......... .......... .......... .......... .......... 64%  542K 4m54s
256200K .......... .......... .......... .......... .......... 64%  443K 4m54s
256250K .......... .......... .......... .......... .......... 64%  301K 4m54s
256300K .......... .......... .......... .......... .......... 64%  490K 4m54s
256350K .......... .......... .......... .......... .......... 64%  573K 4m54s
256400K .......... .......... .......... .......... .......... 64%  338K 4m54s
256450K .......... .......... .......... .......... .......... 64%  986K 4m54s
256500K .......... .......... .......... .......... .......... 64%  282K 4m54s
256550K .......... .......... .......... .......... .......... 64%  638K 4m54s
256600K .......... .......... .......... .......... .......... 64%  727K 4m54s
256650K .......... .......... .......... .......... .......... 64%  318K 4m54s
256700K .......... .......... .......... .......... .......... 64%  387K 4m53s
256750K .......... .......... .......... .......... .......... 64%  249K 4m54s
256800K .......... .......... .......... .......... .......... 65%  138K 4m54s
256850K .......... .......... .......... .......... .......... 65%  804K 4m54s
256900K .......... .......... .......... .......... .......... 65%  612K 4m54s
256950K .......... .......... .......... .......... .......... 65%  926K 4m53s
257000K .......... .......... .......... .......... .......... 65%  183K 4m54s
257050K .......... .......... .......... .......... .......... 65% 44.0K 4m55s
257100K .......... .......... .......... .......... .......... 65% 2.00M 4m55s
257150K .......... .......... .......... .......... .......... 65%  306K 4m55s
257200K .......... .......... .......... .......... .......... 65% 1.33M 4m55s
257250K .......... .......... .......... .......... .......... 65% 2.28M 4m54s
257300K .......... .......... .......... .......... .......... 65% 3.32M 4m54s
257350K .......... .......... .......... .......... .......... 65% 3.14M 4m54s
257400K .......... .......... .......... .......... .......... 65% 3.53M 4m54s
257450K .......... .......... .......... .......... .......... 65% 3.51M 4m53s
257500K .......... .......... .......... .......... .......... 65% 2.84M 4m53s
257550K .......... .......... .......... .......... .......... 65% 3.22M 4m53s
257600K .......... .......... .......... .......... .......... 65% 2.79M 4m53s
257650K .......... .......... .......... .......... .......... 65%  904K 4m52s
257700K .......... .......... .......... .......... .......... 65%  586K 4m52s
257750K .......... .......... .......... .......... .......... 65%  287K 4m52s
257800K .......... .......... .......... .......... .......... 65%  370K 4m52s
257850K .......... .......... .......... .......... .......... 65%  336K 4m52s
257900K .......... .......... .......... .......... .......... 65%  201K 4m52s
257950K .......... .......... .......... .......... .......... 65%  164K 4m53s
258000K .......... .......... .......... .......... .......... 65% 36.4K 4m55s
258050K .......... .......... .......... .......... .......... 65%  636K 4m54s
258100K .......... .......... .......... .......... .......... 65% 1.69M 4m54s
258150K .......... .......... .......... .......... .......... 65% 2.65M 4m54s
258200K .......... .......... .......... .......... .......... 65% 2.58M 4m54s
258250K .......... .......... .......... .......... .......... 65% 2.16M 4m53s
258300K .......... .......... .......... .......... .......... 65% 2.50M 4m53s
258350K .......... .......... .......... .......... .......... 65% 2.13M 4m53s
258400K .......... .......... .......... .......... .......... 65% 2.41M 4m53s
258450K .......... .......... .......... .......... .......... 65% 2.42M 4m52s
258500K .......... .......... .......... .......... .......... 65%  331K 4m52s
258550K .......... .......... .......... .......... .......... 65%  373K 4m52s
258600K .......... .......... .......... .......... .......... 65%  229K 4m52s
258650K .......... .......... .......... .......... .......... 65%  217K 4m52s
258700K .......... .......... .......... .......... .......... 65%  164K 4m53s
258750K .......... .......... .......... .......... .......... 65%  210K 4m53s
258800K .......... .......... .......... .......... .......... 65%  435K 4m53s
258850K .......... .......... .......... .......... .......... 65% 1.28M 4m52s
258900K .......... .......... .......... .......... .......... 65% 1.31M 4m52s
258950K .......... .......... .......... .......... .......... 65% 1.42M 4m52s
259000K .......... .......... .......... .......... .......... 65%  453K 4m52s
259050K .......... .......... .......... .......... .......... 65%  551K 4m52s
259100K .......... .......... .......... .......... .......... 65%  231K 4m52s
259150K .......... .......... .......... .......... .......... 65% 1.09M 4m52s
259200K .......... .......... .......... .......... .......... 65% 1.38M 4m51s
259250K .......... .......... .......... .......... .......... 65%  951K 4m51s
259300K .......... .......... .......... .......... .......... 65% 1.40M 4m51s
259350K .......... .......... .......... .......... .......... 65%  178K 4m51s
259400K .......... .......... .......... .......... .......... 65%  244K 4m51s
259450K .......... .......... .......... .......... .......... 65%  467K 4m51s
259500K .......... .......... .......... .......... .......... 65%  323K 4m51s
259550K .......... .......... .......... .......... .......... 65%  776K 4m51s
259600K .......... .......... .......... .......... .......... 65% 1.02M 4m51s
259650K .......... .......... .......... .......... .......... 65%  503K 4m51s
259700K .......... .......... .......... .......... .......... 65% 1.14M 4m50s
259750K .......... .......... .......... .......... .......... 65% 1.38M 4m50s
259800K .......... .......... .......... .......... .......... 65%  439K 4m50s
259850K .......... .......... .......... .......... .......... 65%  494K 4m50s
259900K .......... .......... .......... .......... .......... 65%  795K 4m50s
259950K .......... .......... .......... .......... .......... 65% 1.02M 4m50s
260000K .......... .......... .......... .......... .......... 65% 1.01M 4m49s
260050K .......... .......... .......... .......... .......... 65%  997K 4m49s
260100K .......... .......... .......... .......... .......... 65%  600K 4m49s
260150K .......... .......... .......... .......... .......... 65%  484K 4m49s
260200K .......... .......... .......... .......... .......... 65%  273K 4m49s
260250K .......... .......... .......... .......... .......... 65%  281K 4m49s
260300K .......... .......... .......... .......... .......... 65%  270K 4m49s
260350K .......... .......... .......... .......... .......... 65%  589K 4m49s
260400K .......... .......... .......... .......... .......... 65%  483K 4m49s
260450K .......... .......... .......... .......... .......... 65%  956K 4m48s
260500K .......... .......... .......... .......... .......... 65%  315K 4m48s
260550K .......... .......... .......... .......... .......... 65%  688K 4m48s
260600K .......... .......... .......... .......... .......... 65%  144K 4m49s
260650K .......... .......... .......... .......... .......... 65%  559K 4m48s
260700K .......... .......... .......... .......... .......... 65%  365K 4m48s
260750K .......... .......... .......... .......... .......... 66%  848K 4m48s
260800K .......... .......... .......... .......... .......... 66% 1.20M 4m48s
260850K .......... .......... .......... .......... .......... 66%  737K 4m48s
260900K .......... .......... .......... .......... .......... 66%  570K 4m48s
260950K .......... .......... .......... .......... .......... 66%  759K 4m47s
261000K .......... .......... .......... .......... .......... 66%  411K 4m47s
261050K .......... .......... .......... .......... .......... 66%  115K 4m48s
261100K .......... .......... .......... .......... .......... 66%  538K 4m48s
261150K .......... .......... .......... .......... .......... 66%  664K 4m48s
261200K .......... .......... .......... .......... .......... 66%  672K 4m47s
261250K .......... .......... .......... .......... .......... 66%  616K 4m47s
261300K .......... .......... .......... .......... .......... 66%  328K 4m47s
261350K .......... .......... .......... .......... .......... 66%  705K 4m47s
261400K .......... .......... .......... .......... .......... 66%  265K 4m47s
261450K .......... .......... .......... .......... .......... 66%  600K 4m47s
261500K .......... .......... .......... .......... .......... 66%  806K 4m47s
261550K .......... .......... .......... .......... .......... 66%  432K 4m47s
261600K .......... .......... .......... .......... .......... 66% 1.16M 4m46s
261650K .......... .......... .......... .......... .......... 66%  400K 4m46s
261700K .......... .......... .......... .......... .......... 66% 84.2K 4m47s
261750K .......... .......... .......... .......... .......... 66% 2.68M 4m47s
261800K .......... .......... .......... .......... .......... 66% 3.09M 4m46s
261850K .......... .......... .......... .......... .......... 66% 2.60M 4m46s
261900K .......... .......... .......... .......... .......... 66% 2.88M 4m46s
261950K .......... .......... .......... .......... .......... 66% 2.88M 4m46s
262000K .......... .......... .......... .......... .......... 66% 2.47M 4m45s
262050K .......... .......... .......... .......... .......... 66% 2.79M 4m45s
262100K .......... .......... .......... .......... .......... 66%  388K 4m45s
262150K .......... .......... .......... .......... .......... 66%  852K 4m45s
262200K .......... .......... .......... .......... .......... 66%  784K 4m45s
262250K .......... .......... .......... .......... .......... 66%  547K 4m45s
262300K .......... .......... .......... .......... .......... 66%  932K 4m45s
262350K .......... .......... .......... .......... .......... 66%  266K 4m45s
262400K .......... .......... .......... .......... .......... 66%  166K 4m45s
262450K .......... .......... .......... .......... .......... 66%  472K 4m45s
262500K .......... .......... .......... .......... .......... 66%  536K 4m44s
262550K .......... .......... .......... .......... .......... 66%  300K 4m44s
262600K .......... .......... .......... .......... .......... 66%  218K 4m45s
262650K .......... .......... .......... .......... .......... 66%  321K 4m44s
262700K .......... .......... .......... .......... .......... 66%  533K 4m44s
262750K .......... .......... .......... .......... .......... 66%  335K 4m44s
262800K .......... .......... .......... .......... .......... 66%  318K 4m44s
262850K .......... .......... .......... .......... .......... 66%  448K 4m44s
262900K .......... .......... .......... .......... .......... 66%  986K 4m44s
262950K .......... .......... .......... .......... .......... 66%  489K 4m44s
263000K .......... .......... .......... .......... .......... 66%  756K 4m44s
263050K .......... .......... .......... .......... .......... 66%  263K 4m44s
263100K .......... .......... .......... .......... .......... 66%  649K 4m44s
263150K .......... .......... .......... .......... .......... 66%  323K 4m44s
263200K .......... .......... .......... .......... .......... 66%  443K 4m43s
263250K .......... .......... .......... .......... .......... 66%  562K 4m43s
263300K .......... .......... .......... .......... .......... 66%  501K 4m43s
263350K .......... .......... .......... .......... .......... 66%  376K 4m43s
263400K .......... .......... .......... .......... .......... 66%  573K 4m43s
263450K .......... .......... .......... .......... .......... 66% 1012K 4m43s
263500K .......... .......... .......... .......... .......... 66%  358K 4m43s
263550K .......... .......... .......... .......... .......... 66%  887K 4m43s
263600K .......... .......... .......... .......... .......... 66%  588K 4m42s
263650K .......... .......... .......... .......... .......... 66%  494K 4m42s
263700K .......... .......... .......... .......... .......... 66%  516K 4m42s
263750K .......... .......... .......... .......... .......... 66%  250K 4m42s
263800K .......... .......... .......... .......... .......... 66%  449K 4m42s
263850K .......... .......... .......... .......... .......... 66%  279K 4m42s
263900K .......... .......... .......... .......... .......... 66%  440K 4m42s
263950K .......... .......... .......... .......... .......... 66%  274K 4m42s
264000K .......... .......... .......... .......... .......... 66%  713K 4m42s
264050K .......... .......... .......... .......... .......... 66%  123K 4m42s
264100K .......... .......... .......... .......... .......... 66%  354K 4m42s
264150K .......... .......... .......... .......... .......... 66%  883K 4m42s
264200K .......... .......... .......... .......... .......... 66%  625K 4m42s
264250K .......... .......... .......... .......... .......... 66%  345K 4m42s
264300K .......... .......... .......... .......... .......... 66%  198K 4m42s
264350K .......... .......... .......... .......... .......... 66%  274K 4m42s
264400K .......... .......... .......... .......... .......... 66%  182K 4m42s
264450K .......... .......... .......... .......... .......... 66%  608K 4m42s
264500K .......... .......... .......... .......... .......... 66%  705K 4m42s
264550K .......... .......... .......... .......... .......... 66% 1.18M 4m41s
264600K .......... .......... .......... .......... .......... 66%  681K 4m41s
264650K .......... .......... .......... .......... .......... 66%  628K 4m41s
264700K .......... .......... .......... .......... .......... 67%  435K 4m41s
264750K .......... .......... .......... .......... .......... 67%  443K 4m41s
264800K .......... .......... .......... .......... .......... 67%  282K 4m41s
264850K .......... .......... .......... .......... .......... 67%  662K 4m41s
264900K .......... .......... .......... .......... .......... 67% 1.17M 4m41s
264950K .......... .......... .......... .......... .......... 67% 1.07M 4m40s
265000K .......... .......... .......... .......... .......... 67%  710K 4m40s
265050K .......... .......... .......... .......... .......... 67% 1.27M 4m40s
265100K .......... .......... .......... .......... .......... 67%  301K 4m40s
265150K .......... .......... .......... .......... .......... 67% 41.8K 4m41s
265200K .......... .......... .......... .......... .......... 67% 1.82M 4m41s
265250K .......... .......... .......... .......... .......... 67% 2.33M 4m41s
265300K .......... .......... .......... .......... .......... 67% 3.05M 4m41s
265350K .......... .......... .......... .......... .......... 67% 2.62M 4m41s
265400K .......... .......... .......... .......... .......... 67% 2.99M 4m40s
265450K .......... .......... .......... .......... .......... 67% 3.12M 4m40s
265500K .......... .......... .......... .......... .......... 67% 2.69M 4m40s
265550K .......... .......... .......... .......... .......... 67% 1.30M 4m40s
265600K .......... .......... .......... .......... .......... 67%  174K 4m40s
265650K .......... .......... .......... .......... .......... 67%  638K 4m40s
265700K .......... .......... .......... .......... .......... 67%  488K 4m39s
265750K .......... .......... .......... .......... .......... 67% 1.37M 4m39s
265800K .......... .......... .......... .......... .......... 67%  428K 4m39s
265850K .......... .......... .......... .......... .......... 67%  365K 4m39s
265900K .......... .......... .......... .......... .......... 67%  225K 4m39s
265950K .......... .......... .......... .......... .......... 67% 1.08M 4m39s
266000K .......... .......... .......... .......... .......... 67%  566K 4m39s
266050K .......... .......... .......... .......... .......... 67%  476K 4m39s
266100K .......... .......... .......... .......... .......... 67%  395K 4m39s
266150K .......... .......... .......... .......... .......... 67%  547K 4m38s
266200K .......... .......... .......... .......... .......... 67%  229K 4m39s
266250K .......... .......... .......... .......... .......... 67%  267K 4m39s
266300K .......... .......... .......... .......... .......... 67%  208K 4m39s
266350K .......... .......... .......... .......... .......... 67%  187K 4m39s
266400K .......... .......... .......... .......... .......... 67%  288K 4m39s
266450K .......... .......... .......... .......... .......... 67%  176K 4m39s
266500K .......... .......... .......... .......... .......... 67%  585K 4m39s
266550K .......... .......... .......... .......... .......... 67%  194K 4m39s
266600K .......... .......... .......... .......... .......... 67%  309K 4m39s
266650K .......... .......... .......... .......... .......... 67%  603K 4m39s
266700K .......... .......... .......... .......... .......... 67%  651K 4m38s
266750K .......... .......... .......... .......... .......... 67%  609K 4m38s
266800K .......... .......... .......... .......... .......... 67%  175K 4m38s
266850K .......... .......... .......... .......... .......... 67%  647K 4m38s
266900K .......... .......... .......... .......... .......... 67%  517K 4m38s
266950K .......... .......... .......... .......... .......... 67% 1.06M 4m38s
267000K .......... .......... .......... .......... .......... 67%  492K 4m38s
267050K .......... .......... .......... .......... .......... 67%  456K 4m38s
267100K .......... .......... .......... .......... .......... 67%  239K 4m38s
267150K .......... .......... .......... .......... .......... 67%  216K 4m38s
267200K .......... .......... .......... .......... .......... 67%  240K 4m38s
267250K .......... .......... .......... .......... .......... 67%  375K 4m38s
267300K .......... .......... .......... .......... .......... 67%  647K 4m38s
267350K .......... .......... .......... .......... .......... 67% 1.02M 4m37s
267400K .......... .......... .......... .......... .......... 67% 1.56M 4m37s
267450K .......... .......... .......... .......... .......... 67%  122K 4m38s
267500K .......... .......... .......... .......... .......... 67% 1001K 4m37s
267550K .......... .......... .......... .......... .......... 67%  114K 4m38s
267600K .......... .......... .......... .......... .......... 67%  405K 4m38s
267650K .......... .......... .......... .......... .......... 67%  567K 4m38s
267700K .......... .......... .......... .......... .......... 67%  240K 4m38s
267750K .......... .......... .......... .......... .......... 67%  308K 4m38s
267800K .......... .......... .......... .......... .......... 67%  606K 4m37s
267850K .......... .......... .......... .......... .......... 67%  181K 4m37s
267900K .......... .......... .......... .......... .......... 67%  134K 4m38s
267950K .......... .......... .......... .......... .......... 67%  229K 4m38s
268000K .......... .......... .......... .......... .......... 67%  245K 4m38s
268050K .......... .......... .......... .......... .......... 67%  219K 4m38s
268100K .......... .......... .......... .......... .......... 67% 37.4K 4m39s
268150K .......... .......... .......... .......... .......... 67% 2.73M 4m39s
268200K .......... .......... .......... .......... .......... 67% 3.44M 4m39s
268250K .......... .......... .......... .......... .......... 67% 2.96M 4m39s
268300K .......... .......... .......... .......... .......... 67% 3.43M 4m38s
268350K .......... .......... .......... .......... .......... 67% 2.86M 4m38s
268400K .......... .......... .......... .......... .......... 67% 3.21M 4m38s
268450K .......... .......... .......... .......... .......... 67% 3.19M 4m38s
268500K .......... .......... .......... .......... .......... 67%  255K 4m38s
268550K .......... .......... .......... .......... .......... 67%  260K 4m38s
268600K .......... .......... .......... .......... .......... 67%  402K 4m38s
268650K .......... .......... .......... .......... .......... 68%  602K 4m38s
268700K .......... .......... .......... .......... .......... 68% 70.3K 4m38s
268750K .......... .......... .......... .......... .......... 68%  254K 4m38s
268800K .......... .......... .......... .......... .......... 68%  618K 4m38s
268850K .......... .......... .......... .......... .......... 68%  287K 4m38s
268900K .......... .......... .......... .......... .......... 68%  681K 4m38s
268950K .......... .......... .......... .......... .......... 68%  469K 4m38s
269000K .......... .......... .......... .......... .......... 68%  290K 4m38s
269050K .......... .......... .......... .......... .......... 68%  206K 4m38s
269100K .......... .......... .......... .......... .......... 68%  397K 4m38s
269150K .......... .......... .......... .......... .......... 68%  599K 4m38s
269200K .......... .......... .......... .......... .......... 68%  259K 4m38s
269250K .......... .......... .......... .......... .......... 68%  489K 4m37s
269300K .......... .......... .......... .......... .......... 68%  385K 4m37s
269350K .......... .......... .......... .......... .......... 68%  820K 4m37s
269400K .......... .......... .......... .......... .......... 68%  151K 4m37s
269450K .......... .......... .......... .......... .......... 68%  583K 4m37s
269500K .......... .......... .......... .......... .......... 68%  351K 4m37s
269550K .......... .......... .......... .......... .......... 68%  760K 4m37s
269600K .......... .......... .......... .......... .......... 68%  272K 4m37s
269650K .......... .......... .......... .......... .......... 68%  967K 4m37s
269700K .......... .......... .......... .......... .......... 68%  708K 4m37s
269750K .......... .......... .......... .......... .......... 68%  631K 4m37s
269800K .......... .......... .......... .......... .......... 68% 1.07M 4m36s
269850K .......... .......... .......... .......... .......... 68%  614K 4m36s
269900K .......... .......... .......... .......... .......... 68%  844K 4m36s
269950K .......... .......... .......... .......... .......... 68%  322K 4m36s
270000K .......... .......... .......... .......... .......... 68%  289K 4m36s
270050K .......... .......... .......... .......... .......... 68%  334K 4m36s
270100K .......... .......... .......... .......... .......... 68%  687K 4m36s
270150K .......... .......... .......... .......... .......... 68% 1.22M 4m35s
270200K .......... .......... .......... .......... .......... 68%  869K 4m35s
270250K .......... .......... .......... .......... .......... 68%  210K 4m35s
270300K .......... .......... .......... .......... .......... 68%  346K 4m35s
270350K .......... .......... .......... .......... .......... 68%  743K 4m35s
270400K .......... .......... .......... .......... .......... 68%  324K 4m35s
270450K .......... .......... .......... .......... .......... 68% 67.7K 4m36s
270500K .......... .......... .......... .......... .......... 68% 29.9K 4m38s
270550K .......... .......... .......... .......... .......... 68% 89.2K 4m38s
270600K .......... .......... .......... .......... .......... 68% 63.3K 4m39s
270650K .......... .......... .......... .......... .......... 68%  109K 4m39s
270700K .......... .......... .......... .......... .......... 68%  179K 4m39s
270750K .......... .......... .......... .......... .......... 68%  169K 4m40s
270800K .......... .......... .......... .......... .......... 68%  416K 4m39s
270850K .......... .......... .......... .......... .......... 68%  102K 4m40s
270900K .......... .......... .......... .......... .......... 68%  133K 4m40s
270950K .......... .......... .......... .......... .......... 68%  158K 4m40s
271000K .......... .......... .......... .......... .......... 68%  187K 4m40s
271050K .......... .......... .......... .......... .......... 68%  144K 4m40s
271100K .......... .......... .......... .......... .......... 68%  173K 4m41s
271150K .......... .......... .......... .......... .......... 68%  227K 4m41s
271200K .......... .......... .......... .......... .......... 68%  187K 4m41s
271250K .......... .......... .......... .......... .......... 68% 32.6K 4m42s
271300K .......... .......... .......... .......... .......... 68% 7.74K 4m50s
271350K .......... .......... .......... .......... .......... 68%  139K 4m51s
271400K .......... .......... .......... .......... .......... 68%  291K 4m51s
271450K .......... .......... .......... .......... .......... 68% 87.7K 4m51s
271500K .......... .......... .......... .......... .......... 68% 1.48M 4m51s
271550K .......... .......... .......... .......... .......... 68% 2.64M 4m51s
271600K .......... .......... .......... .......... .......... 68% 1.41M 4m50s
271650K .......... .......... .......... .......... .......... 68% 25.3K 4m53s
271700K .......... .......... .......... .......... .......... 68% 4.92M 4m52s
271750K .......... .......... .......... .......... .......... 68% 23.1K 4m55s
271800K .......... .......... .......... .......... .......... 68% 1.76M 4m55s
271850K .......... .......... .......... .......... .......... 68% 51.0K 4m56s
271900K .......... .......... .......... .......... .......... 68%  524K 4m56s
271950K .......... .......... .......... .......... .......... 68% 10.6K 5m1s
272000K .......... .......... .......... .......... .......... 68% 37.0K 5m3s
272050K .......... .......... .......... .......... .......... 68% 2.63M 5m2s
272100K .......... .......... .......... .......... .......... 68%  560K 5m2s
272150K .......... .......... .......... .......... .......... 68%  148K 5m2s
272200K .......... .......... .......... .......... .......... 68%  221K 5m2s
272250K .......... .......... .......... .......... .......... 68% 88.0K 5m3s
272300K .......... .......... .......... .......... .......... 68% 67.2K 5m4s
272350K .......... .......... .......... .......... .......... 68% 73.7K 5m4s
272400K .......... .......... .......... .......... .......... 68%  126K 5m4s
272450K .......... .......... .......... .......... .......... 68% 81.5K 5m5s
272500K .......... .......... .......... .......... .......... 68% 81.7K 5m5s
272550K .......... .......... .......... .......... .......... 68% 44.1K 5m6s
272600K .......... .......... .......... .......... .......... 69% 31.7K 5m8s
272650K .......... .......... .......... .......... .......... 69%  361K 5m8s
272700K .......... .......... .......... .......... .......... 69% 77.1K 5m9s
272750K .......... .......... .......... .......... .......... 69%  209K 5m9s
272800K .......... .......... .......... .......... .......... 69%  187K 5m9s
272850K .......... .......... .......... .......... .......... 69%  248K 5m9s
272900K .......... .......... .......... .......... .......... 69% 53.1K 5m10s
272950K .......... .......... .......... .......... .......... 69%  230K 5m9s
273000K .......... .......... .......... .......... .......... 69% 5.36K 5m21s
273050K .......... .......... .......... .......... .......... 69% 32.6K 5m22s
273100K .......... .......... .......... .......... .......... 69%  152K 5m23s
273150K .......... .......... .......... .......... .......... 69%  174K 5m23s
273200K .......... .......... .......... .......... .......... 69%  118K 5m23s
273250K .......... .......... .......... .......... .......... 69% 1.78M 5m23s
273300K .......... .......... .......... .......... .......... 69%  146K 5m23s
273350K .......... .......... .......... .......... .......... 69% 85.8K 5m23s
273400K .......... .......... .......... .......... .......... 69% 57.2K 5m24s
273450K .......... .......... .......... .......... .......... 69% 4.43M 5m24s
273500K .......... .......... .......... .......... .......... 69% 3.91M 5m23s
273550K .......... .......... .......... .......... .......... 69%  170K 5m23s
273600K .......... .......... .......... .......... .......... 69%  407K 5m23s
273650K .......... .......... .......... .......... .......... 69%  119K 5m24s
273700K .......... .......... .......... .......... .......... 69% 1.16M 5m23s
273750K .......... .......... .......... .......... .......... 69%  123K 5m23s
273800K .......... .......... .......... .......... .......... 69%  704K 5m23s
273850K .......... .......... .......... .......... .......... 69%  146K 5m23s
273900K .......... .......... .......... .......... .......... 69%  679K 5m23s
273950K .......... .......... .......... .......... .......... 69%  131K 5m23s
274000K .......... .......... .......... .......... .......... 69%  156K 5m23s
274050K .......... .......... .......... .......... .......... 69%  463K 5m23s
274100K .......... .......... .......... .......... .......... 69%  142K 5m23s
274150K .......... .......... .......... .......... .......... 69%  948K 5m23s
274200K .......... .......... .......... .......... .......... 69% 67.1K 5m24s
274250K .......... .......... .......... .......... .......... 69%  415K 5m24s
274300K .......... .......... .......... .......... .......... 69%  418K 5m24s
274350K .......... .......... .......... .......... .......... 69%  176K 5m24s
274400K .......... .......... .......... .......... .......... 69% 63.3K 5m24s
274450K .......... .......... .......... .......... .......... 69% 94.6K 5m25s
274500K .......... .......... .......... .......... .......... 69% 58.7K 5m25s
274550K .......... .......... .......... .......... .......... 69%  134K 5m25s
274600K .......... .......... .......... .......... .......... 69% 72.1K 5m26s
274650K .......... .......... .......... .......... .......... 69% 3.54M 5m26s
274700K .......... .......... .......... .......... .......... 69% 3.58M 5m25s
274750K .......... .......... .......... .......... .......... 69% 97.4K 5m26s
274800K .......... .......... .......... .......... .......... 69%  357K 5m26s
274850K .......... .......... .......... .......... .......... 69%  149K 5m26s
274900K .......... .......... .......... .......... .......... 69%  343K 5m26s
274950K .......... .......... .......... .......... .......... 69%  121K 5m26s
275000K .......... .......... .......... .......... .......... 69%  558K 5m26s
275050K .......... .......... .......... .......... .......... 69%  277K 5m26s
275100K .......... .......... .......... .......... .......... 69%  137K 5m26s
275150K .......... .......... .......... .......... .......... 69% 5.12K 5m37s
275200K .......... .......... .......... .......... .......... 69% 79.0K 5m38s
275250K .......... .......... .......... .......... .......... 69%  218K 5m38s
275300K .......... .......... .......... .......... .......... 69%  155K 5m38s
275350K .......... .......... .......... .......... .......... 69%  934K 5m37s
275400K .......... .......... .......... .......... .......... 69%  329K 5m37s
275450K .......... .......... .......... .......... .......... 69%  568K 5m37s
275500K .......... .......... .......... .......... .......... 69%  350K 5m37s
275550K .......... .......... .......... .......... .......... 69%  500K 5m37s
275600K .......... .......... .......... .......... .......... 69%  423K 5m37s
275650K .......... .......... .......... .......... .......... 69%  489K 5m36s
275700K .......... .......... .......... .......... .......... 69%  572K 5m36s
275750K .......... .......... .......... .......... .......... 69%  311K 5m36s
275800K .......... .......... .......... .......... .......... 69%  737K 5m36s
275850K .......... .......... .......... .......... .......... 69%  505K 5m36s
275900K .......... .......... .......... .......... .......... 69%  580K 5m35s
275950K .......... .......... .......... .......... .......... 69%  638K 5m35s
276000K .......... .......... .......... .......... .......... 69% 51.0K 5m36s
276050K .......... .......... .......... .......... .......... 69% 2.06M 5m36s
276100K .......... .......... .......... .......... .......... 69% 2.53M 5m35s
276150K .......... .......... .......... .......... .......... 69% 3.55M 5m35s
276200K .......... .......... .......... .......... .......... 69%  270K 5m35s
276250K .......... .......... .......... .......... .......... 69% 3.71M 5m35s
276300K .......... .......... .......... .......... .......... 69% 4.62M 5m34s
276350K .......... .......... .......... .......... .......... 69% 3.97M 5m34s
276400K .......... .......... .......... .......... .......... 69% 4.36M 5m34s
276450K .......... .......... .......... .......... .......... 69% 4.34M 5m34s
276500K .......... .......... .......... .......... .......... 69% 3.64M 5m33s
276550K .......... .......... .......... .......... .......... 70% 3.83M 5m33s
276600K .......... .......... .......... .......... .......... 70% 60.2K 5m34s
276650K .......... .......... .......... .......... .......... 70% 1.44M 5m33s
276700K .......... .......... .......... .......... .......... 70% 2.91M 5m33s
276750K .......... .......... .......... .......... .......... 70% 2.85M 5m33s
276800K .......... .......... .......... .......... .......... 70% 3.50M 5m33s
276850K .......... .......... .......... .......... .......... 70% 2.96M 5m32s
276900K .......... .......... .......... .......... .......... 70% 1.62M 5m32s
276950K .......... .......... .......... .......... .......... 70%  180K 5m32s
277000K .......... .......... .......... .......... .......... 70%  425K 5m32s
277050K .......... .......... .......... .......... .......... 70%  495K 5m32s
277100K .......... .......... .......... .......... .......... 70%  207K 5m32s
277150K .......... .......... .......... .......... .......... 70%  444K 5m31s
277200K .......... .......... .......... .......... .......... 70%  568K 5m31s
277250K .......... .......... .......... .......... .......... 70%  226K 5m31s
277300K .......... .......... .......... .......... .......... 70%  101K 5m32s
277350K .......... .......... .......... .......... .......... 70%  956K 5m31s
277400K .......... .......... .......... .......... .......... 70%  446K 5m31s
277450K .......... .......... .......... .......... .......... 70%  207K 5m31s
277500K .......... .......... .......... .......... .......... 70%  189K 5m31s
277550K .......... .......... .......... .......... .......... 70% 2.66M 5m31s
277600K .......... .......... .......... .......... .......... 70%  374K 5m31s
277650K .......... .......... .......... .......... .......... 70%  215K 5m31s
277700K .......... .......... .......... .......... .......... 70%  593K 5m30s
277750K .......... .......... .......... .......... .......... 70%  520K 5m30s
277800K .......... .......... .......... .......... .......... 70%  651K 5m30s
277850K .......... .......... .......... .......... .......... 70%  220K 5m30s
277900K .......... .......... .......... .......... .......... 70%  106K 5m30s
277950K .......... .......... .......... .......... .......... 70%  842K 5m30s
278000K .......... .......... .......... .......... .......... 70%  393K 5m30s
278050K .......... .......... .......... .......... .......... 70%  226K 5m30s
278100K .......... .......... .......... .......... .......... 70%  565K 5m30s
278150K .......... .......... .......... .......... .......... 70%  672K 5m29s
278200K .......... .......... .......... .......... .......... 70%  176K 5m29s
278250K .......... .......... .......... .......... .......... 70%  775K 5m29s
278300K .......... .......... .......... .......... .......... 70%  655K 5m29s
278350K .......... .......... .......... .......... .......... 70%  178K 5m29s
278400K .......... .......... .......... .......... .......... 70%  506K 5m29s
278450K .......... .......... .......... .......... .......... 70%  651K 5m29s
278500K .......... .......... .......... .......... .......... 70% 84.3K 5m29s
278550K .......... .......... .......... .......... .......... 70% 1.58M 5m29s
278600K .......... .......... .......... .......... .......... 70%  224K 5m29s
278650K .......... .......... .......... .......... .......... 70%  221K 5m29s
278700K .......... .......... .......... .......... .......... 70%  580K 5m28s
278750K .......... .......... .......... .......... .......... 70%  349K 5m28s
278800K .......... .......... .......... .......... .......... 70%  351K 5m28s
278850K .......... .......... .......... .......... .......... 70%  221K 5m28s
278900K .......... .......... .......... .......... .......... 70% 37.1K 5m29s
278950K .......... .......... .......... .......... .......... 70%  162K 5m29s
279000K .......... .......... .......... .......... .......... 70%  780K 5m29s
279050K .......... .......... .......... .......... .......... 70% 1.37M 5m29s
279100K .......... .......... .......... .......... .......... 70%  153K 5m29s
279150K .......... .......... .......... .......... .......... 70%  140K 5m29s
279200K .......... .......... .......... .......... .......... 70% 1.15M 5m29s
279250K .......... .......... .......... .......... .......... 70%  137K 5m29s
279300K .......... .......... .......... .......... .......... 70% 1.10M 5m29s
279350K .......... .......... .......... .......... .......... 70% 77.8K 5m29s
279400K .......... .......... .......... .......... .......... 70% 1.44M 5m29s
279450K .......... .......... .......... .......... .......... 70%  162K 5m29s
279500K .......... .......... .......... .......... .......... 70%  175K 5m29s
279550K .......... .......... .......... .......... .......... 70%  748K 5m29s
279600K .......... .......... .......... .......... .......... 70%  132K 5m29s
279650K .......... .......... .......... .......... .......... 70% 18.6K 5m31s
279700K .......... .......... .......... .......... .......... 70% 4.01M 5m31s
279750K .......... .......... .......... .......... .......... 70% 4.67M 5m31s
279800K .......... .......... .......... .......... .......... 70% 6.02M 5m30s
279850K .......... .......... .......... .......... .......... 70% 5.16M 5m30s
279900K .......... .......... .......... .......... .......... 70% 5.56M 5m30s
279950K .......... .......... .......... .......... .......... 70% 5.93M 5m30s
280000K .......... .......... .......... .......... .......... 70% 5.24M 5m29s
280050K .......... .......... .......... .......... .......... 70% 5.59M 5m29s
280100K .......... .......... .......... .......... .......... 70% 16.7K 5m32s
280150K .......... .......... .......... .......... .......... 70% 5.57M 5m32s
280200K .......... .......... .......... .......... .......... 70% 5.82M 5m31s
280250K .......... .......... .......... .......... .......... 70% 4.85M 5m31s
280300K .......... .......... .......... .......... .......... 70%  160K 5m31s
280350K .......... .......... .......... .......... .......... 70% 14.3K 5m35s
280400K .......... .......... .......... .......... .......... 70% 5.42M 5m34s
280450K .......... .......... .......... .......... .......... 70% 53.4K 5m35s
280500K .......... .......... .......... .......... .......... 71% 29.9K 5m37s
280550K .......... .......... .......... .......... .......... 71% 40.4K 5m38s
280600K .......... .......... .......... .......... .......... 71% 45.2K 5m39s
280650K .......... .......... .......... .......... .......... 71% 51.8K 5m39s
280700K .......... .......... .......... .......... .......... 71%  454K 5m39s
280750K .......... .......... .......... .......... .......... 71% 59.7K 5m40s
280800K .......... .......... .......... .......... .......... 71%  232K 5m40s
280850K .......... .......... .......... .......... .......... 71%  154K 5m40s
280900K .......... .......... .......... .......... .......... 71%  163K 5m40s
280950K .......... .......... .......... .......... .......... 71%  333K 5m40s
281000K .......... .......... .......... .......... .......... 71%  161K 5m40s
281050K .......... .......... .......... .......... .......... 71%  151K 5m40s
281100K .......... .......... .......... .......... .......... 71%  237K 5m40s
281150K .......... .......... .......... .......... .......... 71%  184K 5m40s
281200K .......... .......... .......... .......... .......... 71%  407K 5m39s
281250K .......... .......... .......... .......... .......... 71%  168K 5m39s
281300K .......... .......... .......... .......... .......... 71%  684K 5m39s
281350K .......... .......... .......... .......... .......... 71%  143K 5m39s
281400K .......... .......... .......... .......... .......... 71%  544K 5m39s
281450K .......... .......... .......... .......... .......... 71%  418K 5m39s
281500K .......... .......... .......... .......... .......... 71%  140K 5m39s
281550K .......... .......... .......... .......... .......... 71%  866K 5m39s
281600K .......... .......... .......... .......... .......... 71%  201K 5m39s
281650K .......... .......... .......... .......... .......... 71%  162K 5m39s
281700K .......... .......... .......... .......... .......... 71%  220K 5m39s
281750K .......... .......... .......... .......... .......... 71%  524K 5m38s
281800K .......... .......... .......... .......... .......... 71%  642K 5m38s
281850K .......... .......... .......... .......... .......... 71%  243K 5m38s
281900K .......... .......... .......... .......... .......... 71%  540K 5m38s
281950K .......... .......... .......... .......... .......... 71%  550K 5m38s
282000K .......... .......... .......... .......... .......... 71%  332K 5m37s
282050K .......... .......... .......... .......... .......... 71%  637K 5m37s
282100K .......... .......... .......... .......... .......... 71%  254K 5m37s
282150K .......... .......... .......... .......... .......... 71%  931K 5m37s
282200K .......... .......... .......... .......... .......... 71%  218K 5m37s
282250K .......... .......... .......... .......... .......... 71% 1.52M 5m37s
282300K .......... .......... .......... .......... .......... 71% 2.74M 5m36s
282350K .......... .......... .......... .......... .......... 71%  501K 5m36s
282400K .......... .......... .......... .......... .......... 71%  230K 5m36s
282450K .......... .......... .......... .......... .......... 71%  541K 5m36s
282500K .......... .......... .......... .......... .......... 71%  421K 5m36s
282550K .......... .......... .......... .......... .......... 71%  656K 5m35s
282600K .......... .......... .......... .......... .......... 71%  408K 5m35s
282650K .......... .......... .......... .......... .......... 71%  288K 5m35s
282700K .......... .......... .......... .......... .......... 71% 1.16M 5m35s
282750K .......... .......... .......... .......... .......... 71%  401K 5m35s
282800K .......... .......... .......... .......... .......... 71%  451K 5m34s
282850K .......... .......... .......... .......... .......... 71%  381K 5m34s
282900K .......... .......... .......... .......... .......... 71%  103K 5m34s
282950K .......... .......... .......... .......... .......... 71%  240K 5m34s
283000K .......... .......... .......... .......... .......... 71% 2.52M 5m34s
283050K .......... .......... .......... .......... .......... 71% 5.21M 5m34s
283100K .......... .......... .......... .......... .......... 71%  310K 5m34s
283150K .......... .......... .......... .......... .......... 71%  965K 5m33s
283200K .......... .......... .......... .......... .......... 71%  616K 5m33s
283250K .......... .......... .......... .......... .......... 71%  559K 5m33s
283300K .......... .......... .......... .......... .......... 71%  604K 5m33s
283350K .......... .......... .......... .......... .......... 71%  321K 5m33s
283400K .......... .......... .......... .......... .......... 71%  113K 5m33s
283450K .......... .......... .......... .......... .......... 71% 4.86M 5m32s
283500K .......... .......... .......... .......... .......... 71%  229K 5m32s
283550K .......... .......... .......... .......... .......... 71% 39.1K 5m33s
283600K .......... .......... .......... .......... .......... 71%  537K 5m33s
283650K .......... .......... .......... .......... .......... 71%  608K 5m33s
283700K .......... .......... .......... .......... .......... 71% 1.02M 5m33s
283750K .......... .......... .......... .......... .......... 71%  553K 5m33s
283800K .......... .......... .......... .......... .......... 71% 1.23M 5m32s
283850K .......... .......... .......... .......... .......... 71% 1003K 5m32s
283900K .......... .......... .......... .......... .......... 71% 4.85M 5m32s
283950K .......... .......... .......... .......... .......... 71% 4.96M 5m31s
284000K .......... .......... .......... .......... .......... 71% 4.11M 5m31s
284050K .......... .......... .......... .......... .......... 71% 4.62M 5m31s
284100K .......... .......... .......... .......... .......... 71% 3.86M 5m31s
284150K .......... .......... .......... .......... .......... 71% 4.43M 5m30s
284200K .......... .......... .......... .......... .......... 71% 4.24M 5m30s
284250K .......... .......... .......... .......... .......... 71% 3.55M 5m30s
284300K .......... .......... .......... .......... .......... 71% 4.13M 5m29s
284350K .......... .......... .......... .......... .......... 71% 3.44M 5m29s
284400K .......... .......... .......... .......... .......... 71%  915K 5m29s
284450K .......... .......... .......... .......... .......... 72%  783K 5m29s
284500K .......... .......... .......... .......... .......... 72%  706K 5m28s
284550K .......... .......... .......... .......... .......... 72%  818K 5m28s
284600K .......... .......... .......... .......... .......... 72%  689K 5m28s
284650K .......... .......... .......... .......... .......... 72%  750K 5m28s
284700K .......... .......... .......... .......... .......... 72%  875K 5m27s
284750K .......... .......... .......... .......... .......... 72%  753K 5m27s
284800K .......... .......... .......... .......... .......... 72%  950K 5m27s
284850K .......... .......... .......... .......... .......... 72%  839K 5m27s
284900K .......... .......... .......... .......... .......... 72%  886K 5m27s
284950K .......... .......... .......... .......... .......... 72%  853K 5m26s
285000K .......... .......... .......... .......... .......... 72%  362K 5m26s
285050K .......... .......... .......... .......... .......... 72%  247K 5m26s
285100K .......... .......... .......... .......... .......... 72% 1.75M 5m26s
285150K .......... .......... .......... .......... .......... 72% 2.86M 5m25s
285200K .......... .......... .......... .......... .......... 72% 2.79M 5m25s
285250K .......... .......... .......... .......... .......... 72%  663K 5m25s
285300K .......... .......... .......... .......... .......... 72%  701K 5m25s
285350K .......... .......... .......... .......... .......... 72%  782K 5m25s
285400K .......... .......... .......... .......... .......... 72%  277K 5m24s
285450K .......... .......... .......... .......... .......... 72% 2.40M 5m24s
285500K .......... .......... .......... .......... .......... 72% 1.20M 5m24s
285550K .......... .......... .......... .......... .......... 72%  448K 5m24s
285600K .......... .......... .......... .......... .......... 72%  706K 5m23s
285650K .......... .......... .......... .......... .......... 72%  800K 5m23s
285700K .......... .......... .......... .......... .......... 72%  882K 5m23s
285750K .......... .......... .......... .......... .......... 72%  697K 5m23s
285800K .......... .......... .......... .......... .......... 72%  728K 5m23s
285850K .......... .......... .......... .......... .......... 72%  721K 5m22s
285900K .......... .......... .......... .......... .......... 72%  815K 5m22s
285950K .......... .......... .......... .......... .......... 72%  654K 5m22s
286000K .......... .......... .......... .......... .......... 72%  619K 5m22s
286050K .......... .......... .......... .......... .......... 72%  768K 5m21s
286100K .......... .......... .......... .......... .......... 72%  752K 5m21s
286150K .......... .......... .......... .......... .......... 72%  786K 5m21s
286200K .......... .......... .......... .......... .......... 72%  767K 5m21s
286250K .......... .......... .......... .......... .......... 72%  648K 5m21s
286300K .......... .......... .......... .......... .......... 72%  304K 5m20s
286350K .......... .......... .......... .......... .......... 72%  945K 5m20s
286400K .......... .......... .......... .......... .......... 72%  723K 5m20s
286450K .......... .......... .......... .......... .......... 72%  701K 5m20s
286500K .......... .......... .......... .......... .......... 72%  414K 5m20s
286550K .......... .......... .......... .......... .......... 72%  167K 5m20s
286600K .......... .......... .......... .......... .......... 72%  674K 5m19s
286650K .......... .......... .......... .......... .......... 72%  723K 5m19s
286700K .......... .......... .......... .......... .......... 72%  666K 5m19s
286750K .......... .......... .......... .......... .......... 72%  557K 5m19s
286800K .......... .......... .......... .......... .......... 72%  720K 5m18s
286850K .......... .......... .......... .......... .......... 72%  613K 5m18s
286900K .......... .......... .......... .......... .......... 72%  181K 5m18s
286950K .......... .......... .......... .......... .......... 72% 2.06M 5m18s
287000K .......... .......... .......... .......... .......... 72% 2.10M 5m18s
287050K .......... .......... .......... .......... .......... 72% 2.23M 5m17s
287100K .......... .......... .......... .......... .......... 72%  603K 5m17s
287150K .......... .......... .......... .......... .......... 72%  662K 5m17s
287200K .......... .......... .......... .......... .......... 72%  474K 5m17s
287250K .......... .......... .......... .......... .......... 72%  625K 5m17s
287300K .......... .......... .......... .......... .......... 72%  312K 5m16s
287350K .......... .......... .......... .......... .......... 72%  562K 5m16s
287400K .......... .......... .......... .......... .......... 72%  775K 5m16s
287450K .......... .......... .......... .......... .......... 72%  665K 5m16s
287500K .......... .......... .......... .......... .......... 72%  604K 5m16s
287550K .......... .......... .......... .......... .......... 72%  777K 5m15s
287600K .......... .......... .......... .......... .......... 72%  731K 5m15s
287650K .......... .......... .......... .......... .......... 72%  770K 5m15s
287700K .......... .......... .......... .......... .......... 72%  793K 5m15s
287750K .......... .......... .......... .......... .......... 72%  700K 5m15s
287800K .......... .......... .......... .......... .......... 72%  842K 5m14s
287850K .......... .......... .......... .......... .......... 72%  453K 5m14s
287900K .......... .......... .......... .......... .......... 72%  879K 5m14s
287950K .......... .......... .......... .......... .......... 72%  776K 5m14s
288000K .......... .......... .......... .......... .......... 72%  670K 5m13s
288050K .......... .......... .......... .......... .......... 72%  874K 5m13s
288100K .......... .......... .......... .......... .......... 72% 73.2K 5m14s
288150K .......... .......... .......... .......... .......... 72%  204K 5m14s
288200K .......... .......... .......... .......... .......... 72%  258K 5m13s
288250K .......... .......... .......... .......... .......... 72%  491K 5m13s
288300K .......... .......... .......... .......... .......... 72%  595K 5m13s
288350K .......... .......... .......... .......... .......... 72%  274K 5m13s
288400K .......... .......... .......... .......... .......... 73% 29.3K 5m14s
288450K .......... .......... .......... .......... .......... 73% 5.01M 5m14s
288500K .......... .......... .......... .......... .......... 73% 4.94M 5m14s
288550K .......... .......... .......... .......... .......... 73% 5.51M 5m13s
288600K .......... .......... .......... .......... .......... 73% 5.13M 5m13s
288650K .......... .......... .......... .......... .......... 73% 5.88M 5m13s
288700K .......... .......... .......... .......... .......... 73% 5.66M 5m13s
288750K .......... .......... .......... .......... .......... 73% 5.06M 5m12s
288800K .......... .......... .......... .......... .......... 73% 6.01M 5m12s
288850K .......... .......... .......... .......... .......... 73% 5.04M 5m12s
288900K .......... .......... .......... .......... .......... 73% 5.73M 5m11s
288950K .......... .......... .......... .......... .......... 73% 6.06M 5m11s
289000K .......... .......... .......... .......... .......... 73% 5.06M 5m11s
289050K .......... .......... .......... .......... .......... 73% 5.74M 5m11s
289100K .......... .......... .......... .......... .......... 73% 5.13M 5m10s
289150K .......... .......... .......... .......... .......... 73% 6.19M 5m10s
289200K .......... .......... .......... .......... .......... 73% 5.61M 5m10s
289250K .......... .......... .......... .......... .......... 73% 5.00M 5m10s
289300K .......... .......... .......... .......... .......... 73% 6.10M 5m9s
289350K .......... .......... .......... .......... .......... 73% 5.02M 5m9s
289400K .......... .......... .......... .......... .......... 73% 5.26M 5m9s
289450K .......... .......... .......... .......... .......... 73% 5.43M 5m8s
289500K .......... .......... .......... .......... .......... 73% 4.54M 5m8s
289550K .......... .......... .......... .......... .......... 73% 5.07M 5m8s
289600K .......... .......... .......... .......... .......... 73% 4.26M 5m8s
289650K .......... .......... .......... .......... .......... 73% 1.11M 5m7s
289700K .......... .......... .......... .......... .......... 73%  915K 5m7s
289750K .......... .......... .......... .......... .......... 73%  717K 5m7s
289800K .......... .......... .......... .......... .......... 73%  899K 5m7s
289850K .......... .......... .......... .......... .......... 73%  404K 5m7s
289900K .......... .......... .......... .......... .......... 73% 2.77M 5m6s
289950K .......... .......... .......... .......... .......... 73%  934K 5m6s
290000K .......... .......... .......... .......... .......... 73%  225K 5m6s
290050K .......... .......... .......... .......... .......... 73%  761K 5m6s
290100K .......... .......... .......... .......... .......... 73%  619K 5m6s
290150K .......... .......... .......... .......... .......... 73%  587K 5m5s
290200K .......... .......... .......... .......... .......... 73%  593K 5m5s
290250K .......... .......... .......... .......... .......... 73%  222K 5m5s
290300K .......... .......... .......... .......... .......... 73% 3.34M 5m5s
290350K .......... .......... .......... .......... .......... 73%  420K 5m5s
290400K .......... .......... .......... .......... .......... 73% 3.22M 5m4s
290450K .......... .......... .......... .......... .......... 73% 1007K 5m4s
290500K .......... .......... .......... .......... .......... 73%  642K 5m4s
290550K .......... .......... .......... .......... .......... 73%  836K 5m4s
290600K .......... .......... .......... .......... .......... 73%  639K 5m4s
290650K .......... .......... .......... .......... .......... 73%  743K 5m3s
290700K .......... .......... .......... .......... .......... 73%  576K 5m3s
290750K .......... .......... .......... .......... .......... 73%  651K 5m3s
290800K .......... .......... .......... .......... .......... 73%  759K 5m3s
290850K .......... .......... .......... .......... .......... 73%  583K 5m2s
290900K .......... .......... .......... .......... .......... 73%  876K 5m2s
290950K .......... .......... .......... .......... .......... 73%  822K 5m2s
291000K .......... .......... .......... .......... .......... 73%  811K 5m2s
291050K .......... .......... .......... .......... .......... 73%  749K 5m2s
291100K .......... .......... .......... .......... .......... 73%  590K 5m1s
291150K .......... .......... .......... .......... .......... 73%  883K 5m1s
291200K .......... .......... .......... .......... .......... 73%  235K 5m1s
291250K .......... .......... .......... .......... .......... 73% 2.25M 5m1s
291300K .......... .......... .......... .......... .......... 73% 1.14M 5m1s
291350K .......... .......... .......... .......... .......... 73%  665K 5m0s
291400K .......... .......... .......... .......... .......... 73%  815K 5m0s
291450K .......... .......... .......... .......... .......... 73%  777K 5m0s
291500K .......... .......... .......... .......... .......... 73%  699K 5m0s
291550K .......... .......... .......... .......... .......... 73%  841K 5m0s
291600K .......... .......... .......... .......... .......... 73%  712K 4m59s
291650K .......... .......... .......... .......... .......... 73%  230K 4m59s
291700K .......... .......... .......... .......... .......... 73% 2.11M 4m59s
291750K .......... .......... .......... .......... .......... 73% 1.24M 4m59s
291800K .......... .......... .......... .......... .......... 73%  810K 4m59s
291850K .......... .......... .......... .......... .......... 73%  661K 4m58s
291900K .......... .......... .......... .......... .......... 73%  771K 4m58s
291950K .......... .......... .......... .......... .......... 73%  872K 4m58s
292000K .......... .......... .......... .......... .......... 73% 45.5K 4m59s
292050K .......... .......... .......... .......... .......... 73% 5.46M 4m58s
292100K .......... .......... .......... .......... .......... 73% 4.54M 4m58s
292150K .......... .......... .......... .......... .......... 73% 6.37M 4m58s
292200K .......... .......... .......... .......... .......... 73% 5.82M 4m58s
292250K .......... .......... .......... .......... .......... 73% 5.02M 4m57s
292300K .......... .......... .......... .......... .......... 73% 6.20M 4m57s
292350K .......... .......... .......... .......... .......... 74% 5.18M 4m57s
292400K .......... .......... .......... .......... .......... 74% 5.94M 4m56s
292450K .......... .......... .......... .......... .......... 74% 6.25M 4m56s
292500K .......... .......... .......... .......... .......... 74% 5.41M 4m56s
292550K .......... .......... .......... .......... .......... 74% 5.68M 4m56s
292600K .......... .......... .......... .......... .......... 74% 4.95M 4m55s
292650K .......... .......... .......... .......... .......... 74% 6.22M 4m55s
292700K .......... .......... .......... .......... .......... 74% 5.94M 4m55s
292750K .......... .......... .......... .......... .......... 74% 1.05M 4m55s
292800K .......... .......... .......... .......... .......... 74% 1.72M 4m54s
292850K .......... .......... .......... .......... .......... 74%  601K 4m54s
292900K .......... .......... .......... .......... .......... 74%  400K 4m54s
292950K .......... .......... .......... .......... .......... 74%  730K 4m54s
293000K .......... .......... .......... .......... .......... 74%  585K 4m54s
293050K .......... .......... .......... .......... .......... 74%  715K 4m53s
293100K .......... .......... .......... .......... .......... 74%  663K 4m53s
293150K .......... .......... .......... .......... .......... 74%  660K 4m53s
293200K .......... .......... .......... .......... .......... 74%  674K 4m53s
293250K .......... .......... .......... .......... .......... 74%  759K 4m53s
293300K .......... .......... .......... .......... .......... 74%  102K 4m53s
293350K .......... .......... .......... .......... .......... 74%  804K 4m53s
293400K .......... .......... .......... .......... .......... 74% 4.23M 4m52s
293450K .......... .......... .......... .......... .......... 74%  828K 4m52s
293500K .......... .......... .......... .......... .......... 74% 76.1K 4m52s
293550K .......... .......... .......... .......... .......... 74% 59.3K 4m53s
293600K .......... .......... .......... .......... .......... 74%  181K 4m53s
293650K .......... .......... .......... .......... .......... 74%  495K 4m53s
293700K .......... .......... .......... .......... .......... 74% 3.76M 4m52s
293750K .......... .......... .......... .......... .......... 74% 2.78M 4m52s
293800K .......... .......... .......... .......... .......... 74% 3.62M 4m52s
293850K .......... .......... .......... .......... .......... 74% 3.02M 4m52s
293900K .......... .......... .......... .......... .......... 74% 3.38M 4m51s
293950K .......... .......... .......... .......... .......... 74% 3.35M 4m51s
294000K .......... .......... .......... .......... .......... 74% 2.83M 4m51s
294050K .......... .......... .......... .......... .......... 74% 3.18M 4m51s
294100K .......... .......... .......... .......... .......... 74%  243K 4m51s
294150K .......... .......... .......... .......... .......... 74%  916K 4m50s
294200K .......... .......... .......... .......... .......... 74%  901K 4m50s
294250K .......... .......... .......... .......... .......... 74%  777K 4m50s
294300K .......... .......... .......... .......... .......... 74%  812K 4m50s
294350K .......... .......... .......... .......... .......... 74%  117K 4m50s
294400K .......... .......... .......... .......... .......... 74% 2.40M 4m50s
294450K .......... .......... .......... .......... .......... 74% 1.25M 4m49s
294500K .......... .......... .......... .......... .......... 74%  701K 4m49s
294550K .......... .......... .......... .......... .......... 74%  815K 4m49s
294600K .......... .......... .......... .......... .......... 74%  754K 4m49s
294650K .......... .......... .......... .......... .......... 74%  194K 4m49s
294700K .......... .......... .......... .......... .......... 74% 1.45M 4m48s
294750K .......... .......... .......... .......... .......... 74%  409K 4m48s
294800K .......... .......... .......... .......... .......... 74%  479K 4m48s
294850K .......... .......... .......... .......... .......... 74%  435K 4m48s
294900K .......... .......... .......... .......... .......... 74%  750K 4m48s
294950K .......... .......... .......... .......... .......... 74%  237K 4m48s
295000K .......... .......... .......... .......... .......... 74%  615K 4m47s
295050K .......... .......... .......... .......... .......... 74%  256K 4m47s
295100K .......... .......... .......... .......... .......... 74% 2.50M 4m47s
295150K .......... .......... .......... .......... .......... 74%  529K 4m47s
295200K .......... .......... .......... .......... .......... 74%  853K 4m47s
295250K .......... .......... .......... .......... .......... 74%  138K 4m47s
295300K .......... .......... .......... .......... .......... 74% 1.65M 4m46s
295350K .......... .......... .......... .......... .......... 74% 1022K 4m46s
295400K .......... .......... .......... .......... .......... 74%  560K 4m46s
295450K .......... .......... .......... .......... .......... 74%  705K 4m46s
295500K .......... .......... .......... .......... .......... 74%  203K 4m46s
295550K .......... .......... .......... .......... .......... 74% 1.23M 4m46s
295600K .......... .......... .......... .......... .......... 74% 1.67M 4m45s
295650K .......... .......... .......... .......... .......... 74%  841K 4m45s
295700K .......... .......... .......... .......... .......... 74%  830K 4m45s
295750K .......... .......... .......... .......... .......... 74%  553K 4m45s
295800K .......... .......... .......... .......... .......... 74%  636K 4m44s
295850K .......... .......... .......... .......... .......... 74%  613K 4m44s
295900K .......... .......... .......... .......... .......... 74%  185K 4m44s
295950K .......... .......... .......... .......... .......... 74% 2.66M 4m44s
296000K .......... .......... .......... .......... .......... 74% 2.25M 4m44s
296050K .......... .......... .......... .......... .......... 74%  793K 4m44s
296100K .......... .......... .......... .......... .......... 74%  750K 4m43s
296150K .......... .......... .......... .......... .......... 74%  849K 4m43s
296200K .......... .......... .......... .......... .......... 74%  762K 4m43s
296250K .......... .......... .......... .......... .......... 74%  714K 4m43s
296300K .......... .......... .......... .......... .......... 75%  278K 4m43s
296350K .......... .......... .......... .......... .......... 75%  672K 4m42s
296400K .......... .......... .......... .......... .......... 75%  621K 4m42s
296450K .......... .......... .......... .......... .......... 75%  782K 4m42s
296500K .......... .......... .......... .......... .......... 75%  695K 4m42s
296550K .......... .......... .......... .......... .......... 75%  864K 4m42s
296600K .......... .......... .......... .......... .......... 75%  636K 4m41s
296650K .......... .......... .......... .......... .......... 75%  300K 4m41s
296700K .......... .......... .......... .......... .......... 75%  192K 4m41s
296750K .......... .......... .......... .......... .......... 75% 1.81M 4m41s
296800K .......... .......... .......... .......... .......... 75% 2.20M 4m41s
296850K .......... .......... .......... .......... .......... 75%  697K 4m41s
296900K .......... .......... .......... .......... .......... 75%  754K 4m40s
296950K .......... .......... .......... .......... .......... 75%  857K 4m40s
297000K .......... .......... .......... .......... .......... 75%  217K 4m40s
297050K .......... .......... .......... .......... .......... 75%  764K 4m40s
297100K .......... .......... .......... .......... .......... 75%  519K 4m40s
297150K .......... .......... .......... .......... .......... 75%  676K 4m39s
297200K .......... .......... .......... .......... .......... 75%  677K 4m39s
297250K .......... .......... .......... .......... .......... 75%  602K 4m39s
297300K .......... .......... .......... .......... .......... 75%  330K 4m39s
297350K .......... .......... .......... .......... .......... 75%  763K 4m39s
297400K .......... .......... .......... .......... .......... 75%  640K 4m39s
297450K .......... .......... .......... .......... .......... 75%  734K 4m38s
297500K .......... .......... .......... .......... .......... 75%  569K 4m38s
297550K .......... .......... .......... .......... .......... 75%  736K 4m38s
297600K .......... .......... .......... .......... .......... 75%  598K 4m38s
297650K .......... .......... .......... .......... .......... 75%  774K 4m38s
297700K .......... .......... .......... .......... .......... 75%  370K 4m37s
297750K .......... .......... .......... .......... .......... 75%  557K 4m37s
297800K .......... .......... .......... .......... .......... 75%  810K 4m37s
297850K .......... .......... .......... .......... .......... 75%  405K 4m37s
297900K .......... .......... .......... .......... .......... 75%  678K 4m37s
297950K .......... .......... .......... .......... .......... 75%  538K 4m36s
298000K .......... .......... .......... .......... .......... 75%  466K 4m36s
298050K .......... .......... .......... .......... .......... 75%  322K 4m36s
298100K .......... .......... .......... .......... .......... 75%  360K 4m36s
298150K .......... .......... .......... .......... .......... 75%  494K 4m36s
298200K .......... .......... .......... .......... .......... 75%  493K 4m36s
298250K .......... .......... .......... .......... .......... 75%  493K 4m36s
298300K .......... .......... .......... .......... .......... 75% 82.7K 4m36s
298350K .......... .......... .......... .......... .......... 75%  221K 4m36s
298400K .......... .......... .......... .......... .......... 75% 2.31M 4m35s
298450K .......... .......... .......... .......... .......... 75% 1.93M 4m35s
298500K .......... .......... .......... .......... .......... 75%  647K 4m35s
298550K .......... .......... .......... .......... .......... 75%  442K 4m35s
298600K .......... .......... .......... .......... .......... 75%  598K 4m35s
298650K .......... .......... .......... .......... .......... 75%  722K 4m34s
298700K .......... .......... .......... .......... .......... 75%  212K 4m34s
298750K .......... .......... .......... .......... .......... 75% 2.59M 4m34s
298800K .......... .......... .......... .......... .......... 75%  762K 4m34s
298850K .......... .......... .......... .......... .......... 75%  594K 4m34s
298900K .......... .......... .......... .......... .......... 75%  707K 4m34s
298950K .......... .......... .......... .......... .......... 75%  553K 4m33s
299000K .......... .......... .......... .......... .......... 75%  587K 4m33s
299050K .......... .......... .......... .......... .......... 75%  249K 4m33s
299100K .......... .......... .......... .......... .......... 75%  664K 4m33s
299150K .......... .......... .......... .......... .......... 75%  421K 4m33s
299200K .......... .......... .......... .......... .......... 75%  482K 4m33s
299250K .......... .......... .......... .......... .......... 75%  520K 4m32s
299300K .......... .......... .......... .......... .......... 75%  599K 4m32s
299350K .......... .......... .......... .......... .......... 75%  256K 4m32s
299400K .......... .......... .......... .......... .......... 75%  578K 4m32s
299450K .......... .......... .......... .......... .......... 75%  498K 4m32s
299500K .......... .......... .......... .......... .......... 75%  550K 4m32s
299550K .......... .......... .......... .......... .......... 75% 26.2K 4m33s
299600K .......... .......... .......... .......... .......... 75% 4.01M 4m33s
299650K .......... .......... .......... .......... .......... 75% 5.21M 4m32s
299700K .......... .......... .......... .......... .......... 75% 4.10M 4m32s
299750K .......... .......... .......... .......... .......... 75% 5.08M 4m32s
299800K .......... .......... .......... .......... .......... 75% 5.13M 4m32s
299850K .......... .......... .......... .......... .......... 75% 4.16M 4m31s
299900K .......... .......... .......... .......... .......... 75%  117K 4m31s
299950K .......... .......... .......... .......... .......... 75%  637K 4m31s
300000K .......... .......... .......... .......... .......... 75%  812K 4m31s
300050K .......... .......... .......... .......... .......... 75%  643K 4m31s
300100K .......... .......... .......... .......... .......... 75% 2.05M 4m31s
300150K .......... .......... .......... .......... .......... 75% 5.51M 4m30s
300200K .......... .......... .......... .......... .......... 75% 4.93M 4m30s
300250K .......... .......... .......... .......... .......... 76% 5.80M 4m30s
300300K .......... .......... .......... .......... .......... 76% 6.04M 4m30s
300350K .......... .......... .......... .......... .......... 76% 4.81M 4m29s
300400K .......... .......... .......... .......... .......... 76%  128K 4m29s
300450K .......... .......... .......... .......... .......... 76%  110K 4m29s
300500K .......... .......... .......... .......... .......... 76%  710K 4m29s
300550K .......... .......... .......... .......... .......... 76% 1.96M 4m29s
300600K .......... .......... .......... .......... .......... 76% 32.4K 4m30s
300650K .......... .......... .......... .......... .......... 76%  261K 4m30s
300700K .......... .......... .......... .......... .......... 76% 48.4K 4m30s
300750K .......... .......... .......... .......... .......... 76% 4.74M 4m30s
300800K .......... .......... .......... .......... .......... 76% 4.91M 4m30s
300850K .......... .......... .......... .......... .......... 76% 3.96M 4m30s
300900K .......... .......... .......... .......... .......... 76% 4.54M 4m29s
300950K .......... .......... .......... .......... .......... 76% 3.82M 4m29s
301000K .......... .......... .......... .......... .......... 76% 4.25M 4m29s
301050K .......... .......... .......... .......... .......... 76% 4.16M 4m29s
301100K .......... .......... .......... .......... .......... 76% 3.50M 4m28s
301150K .......... .......... .......... .......... .......... 76% 4.00M 4m28s
301200K .......... .......... .......... .......... .......... 76% 3.27M 4m28s
301250K .......... .......... .......... .......... .......... 76%  443K 4m28s
301300K .......... .......... .......... .......... .......... 76% 3.73M 4m28s
301350K .......... .......... .......... .......... .......... 76%  204K 4m28s
301400K .......... .......... .......... .......... .......... 76%  478K 4m27s
301450K .......... .......... .......... .......... .......... 76%  451K 4m27s
301500K .......... .......... .......... .......... .......... 76%  715K 4m27s
301550K .......... .......... .......... .......... .......... 76%  815K 4m27s
301600K .......... .......... .......... .......... .......... 76%  497K 4m27s
301650K .......... .......... .......... .......... .......... 76%  510K 4m26s
301700K .......... .......... .......... .......... .......... 76%  381K 4m26s
301750K .......... .......... .......... .......... .......... 76%  515K 4m26s
301800K .......... .......... .......... .......... .......... 76%  603K 4m26s
301850K .......... .......... .......... .......... .......... 76%  157K 4m26s
301900K .......... .......... .......... .......... .......... 76%  964K 4m26s
301950K .......... .......... .......... .......... .......... 76%  544K 4m26s
302000K .......... .......... .......... .......... .......... 76%  536K 4m25s
302050K .......... .......... .......... .......... .......... 76%  560K 4m25s
302100K .......... .......... .......... .......... .......... 76%  789K 4m25s
302150K .......... .......... .......... .......... .......... 76%  368K 4m25s
302200K .......... .......... .......... .......... .......... 76% 1.04M 4m25s
302250K .......... .......... .......... .......... .......... 76%  485K 4m24s
302300K .......... .......... .......... .......... .......... 76%  469K 4m24s
302350K .......... .......... .......... .......... .......... 76%  597K 4m24s
302400K .......... .......... .......... .......... .......... 76%  426K 4m24s
302450K .......... .......... .......... .......... .......... 76%  593K 4m24s
302500K .......... .......... .......... .......... .......... 76%  160K 4m24s
302550K .......... .......... .......... .......... .......... 76%  968K 4m23s
302600K .......... .......... .......... .......... .......... 76%  193K 4m23s
302650K .......... .......... .......... .......... .......... 76% 1.88M 4m23s
302700K .......... .......... .......... .......... .......... 76% 1.51M 4m23s
302750K .......... .......... .......... .......... .......... 76%  829K 4m23s
302800K .......... .......... .......... .......... .......... 76%  888K 4m23s
302850K .......... .......... .......... .......... .......... 76%  508K 4m22s
302900K .......... .......... .......... .......... .......... 76%  454K 4m22s
302950K .......... .......... .......... .......... .......... 76%  390K 4m22s
303000K .......... .......... .......... .......... .......... 76%  428K 4m22s
303050K .......... .......... .......... .......... .......... 76% 89.2K 4m22s
303100K .......... .......... .......... .......... .......... 76%  204K 4m22s
303150K .......... .......... .......... .......... .......... 76% 3.19M 4m22s
303200K .......... .......... .......... .......... .......... 76% 3.12M 4m22s
303250K .......... .......... .......... .......... .......... 76% 1.10M 4m21s
303300K .......... .......... .......... .......... .......... 76%  792K 4m21s
303350K .......... .......... .......... .......... .......... 76%  765K 4m21s
303400K .......... .......... .......... .......... .......... 76%  330K 4m21s
303450K .......... .......... .......... .......... .......... 76%  655K 4m21s
303500K .......... .......... .......... .......... .......... 76%  984K 4m20s
303550K .......... .......... .......... .......... .......... 76%  277K 4m20s
303600K .......... .......... .......... .......... .......... 76%  859K 4m20s
303650K .......... .......... .......... .......... .......... 76%  799K 4m20s
303700K .......... .......... .......... .......... .......... 76%  727K 4m20s
303750K .......... .......... .......... .......... .......... 76%  819K 4m19s
303800K .......... .......... .......... .......... .......... 76%  821K 4m19s
303850K .......... .......... .......... .......... .......... 76%  447K 4m19s
303900K .......... .......... .......... .......... .......... 76%  345K 4m19s
303950K .......... .......... .......... .......... .......... 76%  884K 4m19s
304000K .......... .......... .......... .......... .......... 76%  855K 4m19s
304050K .......... .......... .......... .......... .......... 76%  692K 4m18s
304100K .......... .......... .......... .......... .......... 76%  729K 4m18s
304150K .......... .......... .......... .......... .......... 76%  251K 4m18s
304200K .......... .......... .......... .......... .......... 77% 2.15M 4m18s
304250K .......... .......... .......... .......... .......... 77% 2.48M 4m18s
304300K .......... .......... .......... .......... .......... 77% 2.48M 4m17s
304350K .......... .......... .......... .......... .......... 77%  376K 4m17s
304400K .......... .......... .......... .......... .......... 77%  956K 4m17s
304450K .......... .......... .......... .......... .......... 77%  230K 4m17s
304500K .......... .......... .......... .......... .......... 77%  433K 4m17s
304550K .......... .......... .......... .......... .......... 77%  975K 4m17s
304600K .......... .......... .......... .......... .......... 77%  679K 4m16s
304650K .......... .......... .......... .......... .......... 77%  432K 4m16s
304700K .......... .......... .......... .......... .......... 77%  597K 4m16s
304750K .......... .......... .......... .......... .......... 77%  837K 4m16s
304800K .......... .......... .......... .......... .......... 77%  790K 4m16s
304850K .......... .......... .......... .......... .......... 77%  718K 4m15s
304900K .......... .......... .......... .......... .......... 77%  745K 4m15s
304950K .......... .......... .......... .......... .......... 77%  748K 4m15s
305000K .......... .......... .......... .......... .......... 77%  844K 4m15s
305050K .......... .......... .......... .......... .......... 77%  786K 4m15s
305100K .......... .......... .......... .......... .......... 77%  275K 4m15s
305150K .......... .......... .......... .......... .......... 77% 1002K 4m14s
305200K .......... .......... .......... .......... .......... 77%  513K 4m14s
305250K .......... .......... .......... .......... .......... 77% 1.37M 4m14s
305300K .......... .......... .......... .......... .......... 77%  583K 4m14s
305350K .......... .......... .......... .......... .......... 77%  986K 4m14s
305400K .......... .......... .......... .......... .......... 77%  921K 4m13s
305450K .......... .......... .......... .......... .......... 77%  478K 4m13s
305500K .......... .......... .......... .......... .......... 77%  276K 4m13s
305550K .......... .......... .......... .......... .......... 77% 1.44M 4m13s
305600K .......... .......... .......... .......... .......... 77%  644K 4m13s
305650K .......... .......... .......... .......... .......... 77%  845K 4m13s
305700K .......... .......... .......... .......... .......... 77%  712K 4m12s
305750K .......... .......... .......... .......... .......... 77%  756K 4m12s
305800K .......... .......... .......... .......... .......... 77%  868K 4m12s
305850K .......... .......... .......... .......... .......... 77%  659K 4m12s
305900K .......... .......... .......... .......... .......... 77%  369K 4m12s
305950K .......... .......... .......... .......... .......... 77%  667K 4m11s
306000K .......... .......... .......... .......... .......... 77%  856K 4m11s
306050K .......... .......... .......... .......... .......... 77%  238K 4m11s
306100K .......... .......... .......... .......... .......... 77% 2.92M 4m11s
306150K .......... .......... .......... .......... .......... 77% 3.31M 4m11s
306200K .......... .......... .......... .......... .......... 77% 2.74M 4m10s
306250K .......... .......... .......... .......... .......... 77% 1.01M 4m10s
306300K .......... .......... .......... .......... .......... 77%  854K 4m10s
306350K .......... .......... .......... .......... .......... 77%  442K 4m10s
306400K .......... .......... .......... .......... .......... 77%  870K 4m10s
306450K .......... .......... .......... .......... .......... 77%  510K 4m10s
306500K .......... .......... .......... .......... .......... 77%  780K 4m9s
306550K .......... .......... .......... .......... .......... 77%  787K 4m9s
306600K .......... .......... .......... .......... .......... 77%  553K 4m9s
306650K .......... .......... .......... .......... .......... 77% 1.02M 4m9s
306700K .......... .......... .......... .......... .......... 77%  668K 4m9s
306750K .......... .......... .......... .......... .......... 77%  374K 4m8s
306800K .......... .......... .......... .......... .......... 77% 1.21M 4m8s
306850K .......... .......... .......... .......... .......... 77%  458K 4m8s
306900K .......... .......... .......... .......... .......... 77% 1.59M 4m8s
306950K .......... .......... .......... .......... .......... 77%  528K 4m8s
307000K .......... .......... .......... .......... .......... 77%  912K 4m8s
307050K .......... .......... .......... .......... .......... 77%  693K 4m7s
307100K .......... .......... .......... .......... .......... 77%  499K 4m7s
307150K .......... .......... .......... .......... .......... 77%  316K 4m7s
307200K .......... .......... .......... .......... .......... 77%  785K 4m7s
307250K .......... .......... .......... .......... .......... 77%  696K 4m7s
307300K .......... .......... .......... .......... .......... 77%  893K 4m6s
307350K .......... .......... .......... .......... .......... 77%  433K 4m6s
307400K .......... .......... .......... .......... .......... 77%  771K 4m6s
307450K .......... .......... .......... .......... .......... 77%  639K 4m6s
307500K .......... .......... .......... .......... .......... 77%  698K 4m6s
307550K .......... .......... .......... .......... .......... 77%  226K 4m6s
307600K .......... .......... .......... .......... .......... 77%  874K 4m5s
307650K .......... .......... .......... .......... .......... 77%  722K 4m5s
307700K .......... .......... .......... .......... .......... 77%  547K 4m5s
307750K .......... .......... .......... .......... .......... 77%  768K 4m5s
307800K .......... .......... .......... .......... .......... 77%  620K 4m5s
307850K .......... .......... .......... .......... .......... 77%  652K 4m5s
307900K .......... .......... .......... .......... .......... 77%  454K 4m4s
307950K .......... .......... .......... .......... .......... 77%  556K 4m4s
308000K .......... .......... .......... .......... .......... 77%  270K 4m4s
308050K .......... .......... .......... .......... .......... 77% 2.70M 4m4s
308100K .......... .......... .......... .......... .......... 77% 1.13M 4m4s
308150K .......... .......... .......... .......... .......... 78%  540K 4m4s
308200K .......... .......... .......... .......... .......... 78%  560K 4m3s
308250K .......... .......... .......... .......... .......... 78%  604K 4m3s
308300K .......... .......... .......... .......... .......... 78%  615K 4m3s
308350K .......... .......... .......... .......... .......... 78%  517K 4m3s
308400K .......... .......... .......... .......... .......... 78%  671K 4m3s
308450K .......... .......... .......... .......... .......... 78%  618K 4m2s
308500K .......... .......... .......... .......... .......... 78%  649K 4m2s
308550K .......... .......... .......... .......... .......... 78%  761K 4m2s
308600K .......... .......... .......... .......... .......... 78%  641K 4m2s
308650K .......... .......... .......... .......... .......... 78%  695K 4m2s
308700K .......... .......... .......... .......... .......... 78%  596K 4m2s
308750K .......... .......... .......... .......... .......... 78%  652K 4m1s
308800K .......... .......... .......... .......... .......... 78%  656K 4m1s
308850K .......... .......... .......... .......... .......... 78%  560K 4m1s
308900K .......... .......... .......... .......... .......... 78%  714K 4m1s
308950K .......... .......... .......... .......... .......... 78%  534K 4m1s
309000K .......... .......... .......... .......... .......... 78% 91.6K 4m1s
309050K .......... .......... .......... .......... .......... 78%  155K 4m1s
309100K .......... .......... .......... .......... .......... 78% 42.4K 4m1s
309150K .......... .......... .......... .......... .......... 78% 90.5K 4m1s
309200K .......... .......... .......... .......... .......... 78%  113K 4m1s
309250K .......... .......... .......... .......... .......... 78%  287K 4m1s
309300K .......... .......... .......... .......... .......... 78% 24.3K 4m2s
309350K .......... .......... .......... .......... .......... 78%  519K 4m2s
309400K .......... .......... .......... .......... .......... 78%  533K 4m2s
309450K .......... .......... .......... .......... .......... 78%  378K 4m2s
309500K .......... .......... .......... .......... .......... 78% 1.70M 4m2s
309550K .......... .......... .......... .......... .......... 78%  582K 4m2s
309600K .......... .......... .......... .......... .......... 78%  640K 4m1s
309650K .......... .......... .......... .......... .......... 78% 4.42M 4m1s
309700K .......... .......... .......... .......... .......... 78% 4.43M 4m1s
309750K .......... .......... .......... .......... .......... 78% 5.54M 4m1s
309800K .......... .......... .......... .......... .......... 78% 5.40M 4m0s
309850K .......... .......... .......... .......... .......... 78% 4.49M 4m0s
309900K .......... .......... .......... .......... .......... 78% 71.2K 4m0s
309950K .......... .......... .......... .......... .......... 78% 2.99M 4m0s
310000K .......... .......... .......... .......... .......... 78% 2.63M 4m0s
310050K .......... .......... .......... .......... .......... 78% 3.86M 4m0s
310100K .......... .......... .......... .......... .......... 78% 4.32M 4m0s
310150K .......... .......... .......... .......... .......... 78% 5.08M 3m59s
310200K .......... .......... .......... .......... .......... 78% 4.25M 3m59s
310250K .......... .......... .......... .......... .......... 78%  269K 3m59s
310300K .......... .......... .......... .......... .......... 78%  145K 3m59s
310350K .......... .......... .......... .......... .......... 78%  247K 3m59s
310400K .......... .......... .......... .......... .......... 78%  363K 3m59s
310450K .......... .......... .......... .......... .......... 78%  198K 3m59s
310500K .......... .......... .......... .......... .......... 78%  259K 3m59s
310550K .......... .......... .......... .......... .......... 78%  227K 3m58s
310600K .......... .......... .......... .......... .......... 78%  388K 3m58s
310650K .......... .......... .......... .......... .......... 78%  229K 3m58s
310700K .......... .......... .......... .......... ..         78% 2.28M=6m22s

2026-05-31 17:51:13 (354 KB/s) - Read error at byte 318199915/404592570 (Connection timed out). Retrying.

--2026-05-31 17:51:15--  (try: 3)  https://ftp.ncbi.nlm.nih.gov/geo/series/GSE68nnn/GSE68310/soft/GSE68310_family.soft.gz
Connecting to ftp.ncbi.nlm.nih.gov (ftp.ncbi.nlm.nih.gov)|130.14.250.10|:443... connected.
HTTP request sent, awaiting response... 206 Partial Content
Length: 404592570 (386M), 86392655 (82M) remaining [application/x-gzip]
Saving to: ‘data/metadata_raw/GSE68310/GSE68310_family.soft.gz’

        [ skipping 310700K ]
310700K ,,,,,,,,,, ,,,,,,,,,, ,,,,,,,,,, ,,,,,,,,,, ,,........ 78%  105K 84m40s
310750K .......... .......... .......... .......... .......... 78% 99.7K 23m43s
310800K .......... .......... .......... .......... .......... 78% 90.2K 19m56s
310850K .......... .......... .......... .......... .......... 78% 75.5K 19m30s
310900K .......... .......... .......... .......... .......... 78% 90.0K 18m33s
310950K .......... .......... .......... .......... .......... 78% 84.1K 18m11s
311000K .......... .......... .......... .......... .......... 78% 97.6K 17m33s
311050K .......... .......... .......... .......... .......... 78%  135K 16m33s
311100K .......... .......... .......... .......... .......... 78%  108K 16m6s
311150K .......... .......... .......... .......... .......... 78%  145K 15m23s
311200K .......... .......... .......... .......... .......... 78%  153K 14m46s
311250K .......... .......... .......... .......... .......... 78% 99.3K 14m41s
311300K .......... .......... .......... .......... .......... 78%  595K 13m40s
311350K .......... .......... .......... .......... .......... 78%  142K 13m22s
311400K .......... .......... .......... .......... .......... 78%  324K 12m43s
311450K .......... .......... .......... .......... .......... 78%  241K 12m15s
311500K .......... .......... .......... .......... .......... 78%  101K 12m21s
311550K .......... .......... .......... .......... .......... 78%  264K 11m55s
311600K .......... .......... .......... .......... .......... 78% 4.35M 11m17s
311650K .......... .......... .......... .......... .......... 78%  195K 11m3s
311700K .......... .......... .......... .......... .......... 78%  176K 10m54s
311750K .......... .......... .......... .......... .......... 78%  270K 10m37s
311800K .......... .......... .......... .......... .......... 78%  351K 10m18s
311850K .......... .......... .......... .......... .......... 78%  284K 10m4s
311900K .......... .......... .......... .......... .......... 78%  262K 9m52s
311950K .......... .......... .......... .......... .......... 78%  298K 9m39s
312000K .......... .......... .......... .......... .......... 78%  324K 9m26s
312050K .......... .......... .......... .......... .......... 78%  294K 9m16s
312100K .......... .......... .......... .......... .......... 79%  289K 9m6s
312150K .......... .......... .......... .......... .......... 79% 95.4K 9m16s
312200K .......... .......... .......... .......... .......... 79% 3.09M 8m59s
312250K .......... .......... .......... .......... .......... 79%  263K 8m51s
312300K .......... .......... .......... .......... .......... 79%  169K 8m49s
312350K .......... .......... .......... .......... .......... 79%  139K 8m51s
312400K .......... .......... .......... .......... .......... 79% 98.7K 9m0s
312450K .......... .......... .......... .......... .......... 79% 1.42M 8m46s
312500K .......... .......... .......... .......... .......... 79%  186K 8m43s
312550K .......... .......... .......... .......... .......... 79% 1.10M 8m31s
312600K .......... .......... .......... .......... .......... 79%  303K 8m24s
312650K .......... .......... .......... .......... .......... 79%  296K 8m18s
312700K .......... .......... .......... .......... .......... 79%  304K 8m12s
312750K .......... .......... .......... .......... .......... 79%  289K 8m7s
312800K .......... .......... .......... .......... .......... 79%  123K 8m11s
312850K .......... .......... .......... .......... .......... 79%  155K 8m11s
312900K .......... .......... .......... .......... .......... 79%  311K 8m6s
312950K .......... .......... .......... .......... .......... 79%  343K 8m0s
313000K .......... .......... .......... .......... .......... 79%  259K 7m56s
313050K .......... .......... .......... .......... .......... 79%  203K 7m55s
313100K .......... .......... .......... .......... .......... 79% 13.4K 9m52s
313150K .......... .......... .......... .......... .......... 79%  551K 9m42s
313200K .......... .......... .......... .......... .......... 79% 1.38M 9m32s
313250K .......... .......... .......... .......... .......... 79% 3.02M 9m21s
313300K .......... .......... .......... .......... .......... 79%  306K 9m15s
313350K .......... .......... .......... .......... .......... 79%  514K 9m7s
313400K .......... .......... .......... .......... .......... 79% 1.26M 8m58s
313450K .......... .......... .......... .......... .......... 79%  264K 8m53s
313500K .......... .......... .......... .......... .......... 79% 3.05M 8m44s
313550K .......... .......... .......... .......... .......... 79% 4.82M 8m35s
313600K .......... .......... .......... .......... .......... 79% 4.82M 8m26s
313650K .......... .......... .......... .......... .......... 79% 4.41M 8m17s
313700K .......... .......... .......... .......... .......... 79% 4.16M 8m9s
313750K .......... .......... .......... .......... .......... 79% 5.16M 8m1s
313800K .......... .......... .......... .......... .......... 79% 4.81M 7m53s
313850K .......... .......... .......... .......... .......... 79% 4.31M 7m46s
313900K .......... .......... .......... .......... .......... 79% 5.37M 7m38s
313950K .......... .......... .......... .......... .......... 79% 4.48M 7m31s
314000K .......... .......... .......... .......... .......... 79%  677K 7m26s
314050K .......... .......... .......... .......... .......... 79%  283K 7m23s
314100K .......... .......... .......... .......... .......... 79%  273K 7m21s
314150K .......... .......... .......... .......... .......... 79%  290K 7m18s
314200K .......... .......... .......... .......... .......... 79%  297K 7m16s
314250K .......... .......... .......... .......... .......... 79% 85.1K 7m23s
314300K .......... .......... .......... .......... .......... 79%  138K 7m24s
314350K .......... .......... .......... .......... .......... 79% 83.2K 7m31s
314400K .......... .......... .......... .......... .......... 79%  129K 7m33s
314450K .......... .......... .......... .......... .......... 79%  152K 7m34s
314500K .......... .......... .......... .......... .......... 79%  258K 7m32s
314550K .......... .......... .......... .......... .......... 79%  203K 7m31s
314600K .......... .......... .......... .......... .......... 79%  164K 7m31s
314650K .......... .......... .......... .......... .......... 79% 84.6K 7m37s
314700K .......... .......... .......... .......... .......... 79%  183K 7m37s
314750K .......... .......... .......... .......... .......... 79%  282K 7m34s
314800K .......... .......... .......... .......... .......... 79%  242K 7m33s
314850K .......... .......... .......... .......... .......... 79% 75.9K 7m40s
314900K .......... .......... .......... .......... .......... 79%  150K 7m40s
314950K .......... .......... .......... .......... .......... 79%  280K 7m38s
315000K .......... .......... .......... .......... .......... 79%  292K 7m35s
315050K .......... .......... .......... .......... .......... 79%  260K 7m33s
315100K .......... .......... .......... .......... .......... 79% 82.4K 7m39s
315150K .......... .......... .......... .......... .......... 79%  511K 7m35s
315200K .......... .......... .......... .......... .......... 79%  183K 7m35s
315250K .......... .......... .......... .......... .......... 79%  196K 7m34s
315300K .......... .......... .......... .......... .......... 79% 15.9K 8m23s
315350K .......... .......... .......... .......... .......... 79%  388K 8m20s
315400K .......... .......... .......... .......... .......... 79%  737K 8m15s
315450K .......... .......... .......... .......... .......... 79% 3.95M 8m10s
315500K .......... .......... .......... .......... .......... 79%  221K 8m8s
315550K .......... .......... .......... .......... .......... 79%  421K 8m5s
315600K .......... .......... .......... .......... .......... 79% 4.25M 8m0s
315650K .......... .......... .......... .......... .......... 79% 4.83M 7m55s
315700K .......... .......... .......... .......... .......... 79% 4.37M 7m50s
315750K .......... .......... .......... .......... .......... 79% 90.0K 7m54s
315800K .......... .......... .......... .......... .......... 79% 2.83M 7m49s
315850K .......... .......... .......... .......... .......... 79% 3.96M 7m44s
315900K .......... .......... .......... .......... .......... 79% 5.16M 7m40s
315950K .......... .......... .......... .......... .......... 79% 4.58M 7m35s
316000K .......... .......... .......... .......... .......... 79% 4.85M 7m31s
316050K .......... .......... .......... .......... .......... 80% 5.23M 7m27s
316100K .......... .......... .......... .......... .......... 80% 4.62M 7m22s
316150K .......... .......... .......... .......... .......... 80% 5.02M 7m18s
316200K .......... .......... .......... .......... .......... 80%  419K 7m16s
316250K .......... .......... .......... .......... .......... 80%  235K 7m14s
316300K .......... .......... .......... .......... .......... 80%  189K 7m14s
316350K .......... .......... .......... .......... .......... 80%  105K 7m16s
316400K .......... .......... .......... .......... .......... 80%  454K 7m14s
316450K .......... .......... .......... .......... .......... 80%  162K 7m14s
316500K .......... .......... .......... .......... .......... 80%  154K 7m14s
316550K .......... .......... .......... .......... .......... 80%  173K 7m14s
316600K .......... .......... .......... .......... .......... 80%  168K 7m14s
316650K .......... .......... .......... .......... .......... 80%  143K 7m15s
316700K .......... .......... .......... .......... .......... 80%  175K 7m15s
316750K .......... .......... .......... .......... .......... 80%  194K 7m14s
316800K .......... .......... .......... .......... .......... 80%  196K 7m14s
316850K .......... .......... .......... .......... .......... 80%  155K 7m14s
316900K .......... .......... .......... .......... .......... 80%  155K 7m14s
316950K .......... .......... .......... .......... .......... 80% 16.9K 7m47s
317000K .......... .......... .......... .......... .......... 80% 3.52M 7m44s
317050K .......... .......... .......... .......... .......... 80% 4.62M 7m40s
317100K .......... .......... .......... .......... .......... 80% 4.30M 7m36s
317150K .......... .......... .......... .......... .......... 80% 4.65M 7m32s
317200K .......... .......... .......... .......... .......... 80% 4.07M 7m29s
317250K .......... .......... .......... .......... .......... 80% 4.99M 7m25s
317300K .......... .......... .......... .......... .......... 80% 4.73M 7m22s
317350K .......... .......... .......... .......... .......... 80% 4.08M 7m18s
317400K .......... .......... .......... .......... .......... 80% 4.76M 7m15s
317450K .......... .......... .......... .......... .......... 80% 4.25M 7m11s
317500K .......... .......... .......... .......... .......... 80% 4.98M 7m8s
317550K .......... .......... .......... .......... .......... 80%  298K 7m7s
317600K .......... .......... .......... .......... .......... 80%  154K 7m7s
317650K .......... .......... .......... .......... .......... 80%  281K 7m5s
317700K .......... .......... .......... .......... .......... 80%  241K 7m4s
317750K .......... .......... .......... .......... .......... 80%  109K 7m6s
317800K .......... .......... .......... .......... .......... 80%  300K 7m5s
317850K .......... .......... .......... .......... .......... 80%  135K 7m5s
317900K .......... .......... .......... .......... .......... 80%  231K 7m5s
317950K .......... .......... .......... .......... .......... 80%  114K 7m6s
318000K .......... .......... .......... .......... .......... 80% 93.0K 7m9s
318050K .......... .......... .......... .......... .......... 80% 61.0K 7m14s
318100K .......... .......... .......... .......... .......... 80% 56.0K 7m20s
318150K .......... .......... .......... .......... .......... 80%  130K 7m21s
318200K .......... .......... .......... .......... .......... 80% 75.7K 7m24s
318250K .......... .......... .......... .......... .......... 80% 1.23M 7m21s
318300K .......... .......... .......... .......... .......... 80%  133K 7m22s
318350K .......... .......... .......... .......... .......... 80% 82.2K 7m25s
318400K .......... .......... .......... .......... .......... 80%  104K 7m27s
318450K .......... .......... .......... .......... .......... 80%  106K 7m28s
318500K .......... .......... .......... .......... .......... 80% 86.4K 7m31s
318550K .......... .......... .......... .......... .......... 80%  144K 7m31s
318600K .......... .......... .......... .......... .......... 80% 70.9K 7m34s
318650K .......... .......... .......... .......... .......... 80%  135K 7m35s
318700K .......... .......... .......... .......... .......... 80% 79.8K 7m38s
318750K .......... .......... .......... .......... .......... 80%  228K 7m37s
318800K .......... .......... .......... .......... .......... 80%  135K 7m37s
318850K .......... .......... .......... .......... .......... 80%  262K 7m36s
318900K .......... .......... .......... .......... .......... 80% 98.2K 7m37s
318950K .......... .......... .......... .......... .......... 80%  409K 7m35s
319000K .......... .......... .......... .......... .......... 80% 90.0K 7m37s
319050K .......... .......... .......... .......... .......... 80% 62.7K 7m42s
319100K .......... .......... .......... .......... .......... 80% 15.0K 8m9s
319150K .......... .......... .......... .......... .......... 80% 3.27M 8m6s
319200K .......... .......... .......... .......... .......... 80% 3.85M 8m3s
319250K .......... .......... .......... .......... .......... 80% 5.41M 8m0s
319300K .......... .......... .......... .......... .......... 80% 4.99M 7m57s
319350K .......... .......... .......... .......... .......... 80% 4.28M 7m54s
319400K .......... .......... .......... .......... .......... 80% 5.34M 7m51s
319450K .......... .......... .......... .......... .......... 80% 4.36M 7m48s
319500K .......... .......... .......... .......... .......... 80% 4.91M 7m45s
319550K .......... .......... .......... .......... .......... 80% 4.89M 7m42s
319600K .......... .......... .......... .......... .......... 80% 4.38M 7m39s
319650K .......... .......... .......... .......... .......... 80%  999K 7m37s
319700K .......... .......... .......... .......... .......... 80%  266K 7m36s
319750K .......... .......... .......... .......... .......... 80%  249K 7m34s
319800K .......... .......... .......... .......... .......... 80%  263K 7m33s
319850K .......... .......... .......... .......... .......... 80%  226K 7m32s
319900K .......... .......... .......... .......... .......... 80%  217K 7m31s
319950K .......... .......... .......... .......... .......... 80%  205K 7m31s
320000K .......... .......... .......... .......... .......... 81%  263K 7m29s
320050K .......... .......... .......... .......... .......... 81%  301K 7m28s
320100K .......... .......... .......... .......... .......... 81% 90.7K 7m30s
320150K .......... .......... .......... .......... .......... 81%  700K 7m28s
320200K .......... .......... .......... .......... .......... 81%  168K 7m27s
320250K .......... .......... .......... .......... .......... 81% 92.2K 7m29s
320300K .......... .......... .......... .......... .......... 81% 75.5K 7m31s
320350K .......... .......... .......... .......... .......... 81%  227K 7m31s
320400K .......... .......... .......... .......... .......... 81%  208K 7m30s
320450K .......... .......... .......... .......... .......... 81% 54.4K 7m34s
320500K .......... .......... .......... .......... .......... 81%  154K 7m34s
320550K .......... .......... .......... .......... .......... 81%  237K 7m33s
320600K .......... .......... .......... .......... .......... 81%  109K 7m34s
320650K .......... .......... .......... .......... .......... 81% 1.86M 7m31s
320700K .......... .......... .......... .......... .......... 81%  202K 7m31s
320750K .......... .......... .......... .......... .......... 81%  226K 7m30s
320800K .......... .......... .......... .......... .......... 81%  288K 7m29s
320850K .......... .......... .......... .......... .......... 81%  188K 7m28s
320900K .......... .......... .......... .......... .......... 81%  207K 7m27s
320950K .......... .......... .......... .......... .......... 81%  207K 7m27s
321000K .......... .......... .......... .......... .......... 81%  236K 7m26s
321050K .......... .......... .......... .......... .......... 81%  208K 7m25s
321100K .......... .......... .......... .......... .......... 81% 65.7K 7m28s
321150K .......... .......... .......... .......... .......... 81% 93.9K 7m29s
321200K .......... .......... .......... .......... .......... 81%  131K 7m29s
321250K .......... .......... .......... .......... .......... 81%  125K 7m30s
321300K .......... .......... .......... .......... .......... 81% 79.5K 7m32s
321350K .......... .......... .......... .......... .......... 81% 8.37K 8m11s
321400K .......... .......... .......... .......... .......... 81% 1.71M 8m8s
321450K .......... .......... .......... .......... .......... 81% 2.41M 8m6s
321500K .......... .......... .......... .......... .......... 81% 4.85M 8m3s
321550K .......... .......... .......... .......... .......... 81% 5.29M 8m1s
321600K .......... .......... .......... .......... .......... 81% 4.40M 7m58s
321650K .......... .......... .......... .......... .......... 81% 5.01M 7m56s
321700K .......... .......... .......... .......... .......... 81% 3.27M 7m53s
321750K .......... .......... .......... .......... .......... 81% 4.98M 7m51s
321800K .......... .......... .......... .......... .......... 81% 5.24M 7m49s
321850K .......... .......... .......... .......... .......... 81% 4.45M 7m46s
321900K .......... .......... .......... .......... .......... 81% 97.4K 7m47s
321950K .......... .......... .......... .......... .......... 81% 69.7K 7m50s
322000K .......... .......... .......... .......... .......... 81%  157K 7m49s
322050K .......... .......... .......... .......... .......... 81%  155K 7m49s
322100K .......... .......... .......... .......... .......... 81%  108K 7m50s
322150K .......... .......... .......... .......... .......... 81%  105K 7m50s
322200K .......... .......... .......... .......... .......... 81% 85.2K 7m52s
322250K .......... .......... .......... .......... .......... 81% 81.9K 7m53s
322300K .......... .......... .......... .......... .......... 81% 1.69M 7m51s
322350K .......... .......... .......... .......... .......... 81%  286K 7m50s
322400K .......... .......... .......... .......... .......... 81%  186K 7m49s
322450K .......... .......... .......... .......... .......... 81%  182K 7m48s
322500K .......... .......... .......... .......... .......... 81% 62.0K 7m51s
322550K .......... .......... .......... .......... .......... 81% 73.3K 7m53s
322600K .......... .......... .......... .......... .......... 81%  104K 7m53s
322650K .......... .......... .......... .......... .......... 81%  102K 7m54s
322700K .......... .......... .......... .......... .......... 81% 48.6K 7m58s
322750K .......... .......... .......... .......... .......... 81%  113K 7m58s
322800K .......... .......... .......... .......... .......... 81%  281K 7m57s
322850K .......... .......... .......... .......... .......... 81% 55.7K 8m0s
322900K .......... .......... .......... .......... .......... 81% 46.7K 8m4s
322950K .......... .......... .......... .......... .......... 81% 34.7K 8m10s
323000K .......... .......... .......... .......... .......... 81% 38.0K 8m16s
323050K .......... .......... .......... .......... .......... 81% 4.35K 9m20s
323100K .......... .......... .......... .......... .......... 81% 71.1K 9m22s
323150K .......... .......... .......... .......... .......... 81%  180K 9m21s
323200K .......... .......... .......... .......... .......... 81%  157K 9m20s
323250K .......... .......... .......... .......... .......... 81% 1.06M 9m18s
323300K .......... .......... .......... .......... .......... 81% 2.18M 9m15s
323350K .......... .......... .......... .......... .......... 81% 4.45M 9m13s
323400K .......... .......... .......... .......... .......... 81% 1.61K 12m5s
323450K .......... .......... .......... .......... .......... 81% 1003K 12m2s
323500K .......... .......... .......... .......... .......... 81% 1.76M 11m58s
323550K .......... .......... .......... .......... .......... 81% 1.64M 11m55s
323600K .......... .......... .......... .......... .......... 81% 1.34M 11m52s
323650K .......... .......... .......... .......... .......... 81%  246K 11m50s
323700K .......... .......... .......... .......... .......... 81% 33.8K 11m55s
323750K .......... .......... .......... .......... .......... 81% 3.53M 11m52s
323800K .......... .......... .......... .......... .......... 81% 3.41M 11m49s
323850K .......... .......... .......... .......... .......... 81% 3.12M 11m46s
323900K .......... .......... .......... .......... .......... 81% 5.76M 11m43s
323950K .......... .......... .......... .......... .......... 82% 4.71M 11m39s
324000K .......... .......... .......... .......... .......... 82% 5.26M 11m36s
324050K .......... .......... .......... .......... .......... 82% 28.3K 11m43s
324100K .......... .......... .......... .......... .......... 82%  154K 11m41s
324150K .......... .......... .......... .......... .......... 82% 86.7K 11m41s
324200K .......... .......... .......... .......... .......... 82% 24.0K 11m49s
324250K .......... .......... .......... .......... .......... 82% 57.6K 11m51s
324300K .......... .......... .......... .......... .......... 82% 32.2K 11m55s
324350K .......... .......... .......... .......... .......... 82% 29.2K 12m1s
324400K .......... .......... .......... .......... .......... 82% 4.23M 11m58s
324450K .......... .......... .......... .......... .......... 82% 4.57M 11m55s
324500K .......... .......... .......... .......... .......... 82% 5.53M 11m52s
324550K .......... .......... .......... .......... .......... 82% 5.62M 11m49s
324600K .......... .......... .......... .......... .......... 82% 4.94M 11m46s
324650K .......... .......... .......... .......... .......... 82%  136K 11m45s
324700K .......... .......... .......... .......... .......... 82%  130K 11m44s
324750K .......... .......... .......... .......... .......... 82% 93.1K 11m43s
324800K .......... .......... .......... .......... .......... 82% 85.8K 11m43s
324850K .......... .......... .......... .......... .......... 82% 68.4K 11m44s
324900K .......... .......... .......... .......... .......... 82% 91.3K 11m44s
324950K .......... .......... .......... .......... .......... 82% 71.3K 11m44s
325000K .......... .......... .......... .......... .......... 82%  120K 11m43s
325050K .......... .......... .......... .......... .......... 82%  194K 11m42s
325100K .......... .......... .......... .......... .......... 82%  180K 11m40s
325150K .......... .......... .......... .......... .......... 82%  156K 11m39s
325200K .......... .......... .......... .......... .......... 82% 87.0K 11m39s
325250K .......... .......... .......... .......... .......... 82%  461K 11m36s
325300K .......... .......... .......... .......... .......... 82% 53.5K 11m38s
325350K .......... .......... .......... .......... .......... 82%  475K 11m35s
325400K .......... .......... .......... .......... .......... 82%  635K 11m33s
325450K .......... .......... .......... .......... .......... 82%  106K 11m32s
325500K .......... .......... .......... .......... .......... 82%  240K 11m30s
325550K .......... .......... .......... .......... .......... 82% 31.6K 11m35s
325600K .......... .......... .......... .......... .......... 82%  171K 11m33s
325650K .......... .......... .......... .......... .......... 82%  313K 11m31s
325700K .......... .......... .......... .......... .......... 82%  191K 11m30s
325750K .......... .......... .......... .......... .......... 82% 83.6K 11m30s
325800K .......... .......... .......... .......... .......... 82% 77.1K 11m30s
325850K .......... .......... .......... .......... .......... 82% 83.0K 11m30s
325900K .......... .......... .......... .......... .......... 82%  191K 11m28s
325950K .......... .......... .......... .......... .......... 82%  188K 11m27s
326000K .......... .......... .......... .......... .......... 82%  219K 11m25s
326050K .......... .......... .......... .......... .......... 82%  183K 11m24s
326100K .......... .......... .......... .......... .......... 82%  122K 11m23s
326150K .......... .......... .......... .......... .......... 82%  155K 11m22s
326200K .......... .......... .......... .......... .......... 82%  212K 11m20s
326250K .......... .......... .......... .......... .......... 82%  215K 11m18s
326300K .......... .......... .......... .......... .......... 82%  128K 11m17s
326350K .......... .......... .......... .......... .......... 82%  194K 11m16s
326400K .......... .......... .......... .......... .......... 82%  129K 11m15s
326450K .......... .......... .......... .......... .......... 82% 6.89K 11m44s
326500K .......... .......... .......... .......... .......... 82%  179K 11m42s
326550K .......... .......... .......... .......... .......... 82%  264K 11m40s
326600K .......... .......... .......... .......... .......... 82%  208K 11m39s
326650K .......... .......... .......... .......... .......... 82%  187K 11m37s
326700K .......... .......... .......... .......... .......... 82% 8.78K 11m59s
326750K .......... .......... .......... .......... .......... 82% 5.32M 11m56s
326800K .......... .......... .......... .......... .......... 82% 5.49M 11m53s
326850K .......... .......... .......... .......... .......... 82% 4.97M 11m51s
326900K .......... .......... .......... .......... .......... 82% 5.75M 11m48s
326950K .......... .......... .......... .......... .......... 82% 2.17M 11m45s
327000K .......... .......... .......... .......... .......... 82%  139K 11m44s
327050K .......... .......... .......... .......... .......... 82% 16.3K 11m54s
327100K .......... .......... .......... .......... .......... 82%  178K 11m53s
327150K .......... .......... .......... .......... .......... 82% 1.45M 11m50s
327200K .......... .......... .......... .......... .......... 82% 1.30M 11m48s
327250K .......... .......... .......... .......... .......... 82% 1.53M 11m45s
327300K .......... .......... .......... .......... .......... 82%  317K 11m43s
327350K .......... .......... .......... .......... .......... 82% 75.1K 11m43s
327400K .......... .......... .......... .......... .......... 82% 46.9K 11m45s
327450K .......... .......... .......... .......... .......... 82% 27.4K 11m50s
327500K .......... .......... .......... .......... .......... 82% 64.7K 11m50s
327550K .......... .......... .......... .......... .......... 82%  154K 11m49s
327600K .......... .......... .......... .......... .......... 82%  122K 11m48s
327650K .......... .......... .......... .......... .......... 82%  207K 11m46s
327700K .......... .......... .......... .......... .......... 82%  474K 11m44s
327750K .......... .......... .......... .......... .......... 82%  163K 11m43s
327800K .......... .......... .......... .......... .......... 82%  207K 11m41s
327850K .......... .......... .......... .......... .......... 82%  260K 11m39s
327900K .......... .......... .......... .......... .......... 83%  284K 11m37s
327950K .......... .......... .......... .......... .......... 83%  258K 11m35s
328000K .......... .......... .......... .......... .......... 83%  115K 11m35s
328050K .......... .......... .......... .......... .......... 83% 93.5K 11m34s
328100K .......... .......... .......... .......... .......... 83% 78.0K 11m34s
328150K .......... .......... .......... .......... .......... 83% 85.7K 11m34s
328200K .......... .......... .......... .......... .......... 83% 97.6K 11m33s
328250K .......... .......... .......... .......... .......... 83% 95.1K 11m33s
328300K .......... .......... .......... .......... .......... 83%  267K 11m31s
328350K .......... .......... .......... .......... .......... 83%  167K 11m30s
328400K .......... .......... .......... .......... .......... 83%  144K 11m29s
328450K .......... .......... .......... .......... .......... 83%  127K 11m28s
328500K .......... .......... .......... .......... .......... 83%  149K 11m26s
328550K .......... .......... .......... .......... .......... 83% 96.1K 11m26s
328600K .......... .......... .......... .......... .......... 83% 93.1K 11m25s
328650K .......... .......... .......... .......... .......... 83%  310K 11m24s
328700K .......... .......... .......... .......... .......... 83%  313K 11m22s
328750K .......... .......... .......... .......... .......... 83%  361K 11m20s
328800K .......... .......... .......... .......... .......... 83%  315K 11m18s
328850K .......... .......... .......... .......... .......... 83%  201K 11m17s
328900K .......... .......... .......... .......... .......... 83%  275K 11m15s
328950K .......... .......... .......... .......... .......... 83%  201K 11m13s
329000K .......... .......... .......... .......... .......... 83%  155K 11m12s
329050K .......... .......... .......... .......... .......... 83%  146K 11m11s
329100K .......... .......... .......... .......... .......... 83%  213K 11m10s
329150K .......... .......... .......... .......... .......... 83%  286K 11m8s
329200K .......... .......... .......... .......... .......... 83%  120K 11m7s
329250K .......... .......... .......... .......... .......... 83%  291K 11m5s
329300K .......... .......... .......... .......... .......... 83%  241K 11m4s
329350K .......... .......... .......... .......... .......... 83% 57.5K 11m5s
329400K .......... .......... .......... .......... .......... 83% 82.5K 11m5s
329450K .......... .......... .......... .......... .......... 83% 63.0K 11m5s
329500K .......... .......... .......... .......... .......... 83% 10.1K 11m20s
329550K .......... .......... .......... .......... .......... 83% 57.7K 11m21s
329600K .......... .......... .......... .......... .......... 83% 42.8K 11m22s
329650K .......... .......... .......... .......... .......... 83% 6.02K 11m49s
329700K .......... .......... .......... .......... .......... 83%  238K 11m47s
329750K .......... .......... .......... .......... .......... 83% 4.73M 11m45s
329800K .......... .......... .......... .......... .......... 83% 4.70M 11m42s
329850K .......... .......... .......... .......... .......... 83% 4.04M 11m40s
329900K .......... .......... .......... .......... .......... 83% 5.29M 11m38s
329950K .......... .......... .......... .......... .......... 83% 4.18M 11m35s
330000K .......... .......... .......... .......... .......... 83% 4.88M 11m33s
330050K .......... .......... .......... .......... .......... 83% 9.91K 11m48s
330100K .......... .......... .......... .......... .......... 83% 88.1K 11m47s
330150K .......... .......... .......... .......... .......... 83% 4.15M 11m45s
330200K .......... .......... .......... .......... .......... 83% 4.38M 11m43s
330250K .......... .......... .......... .......... .......... 83% 5.71M 11m40s
330300K .......... .......... .......... .......... .......... 83% 39.7K 11m42s
330350K .......... .......... .......... .......... .......... 83% 3.53M 11m40s
330400K .......... .......... .......... .......... .......... 83% 5.28M 11m38s
330450K .......... .......... .......... .......... .......... 83% 4.70M 11m35s
330500K .......... .......... .......... .......... .......... 83% 5.07M 11m33s
330550K .......... .......... .......... .......... .......... 83%  230K 11m32s
330600K .......... .......... .......... .......... .......... 83% 75.7K 11m31s
330650K .......... .......... .......... .......... .......... 83% 66.8K 11m32s
330700K .......... .......... .......... .......... .......... 83% 67.6K 11m32s
330750K .......... .......... .......... .......... .......... 83% 73.3K 11m32s
330800K .......... .......... .......... .......... .......... 83%  118K 11m31s
330850K .......... .......... .......... .......... .......... 83% 69.8K 11m31s
330900K .......... .......... .......... .......... .......... 83% 76.4K 11m31s
330950K .......... .......... .......... .......... .......... 83% 27.7K 11m34s
331000K .......... .......... .......... .......... .......... 83% 32.1K 11m37s
331050K .......... .......... .......... .......... .......... 83% 2.31K 12m42s
331100K .......... .......... .......... .......... .......... 83% 17.9K 12m49s
331150K .......... .......... .......... .......... .......... 83%  174K 12m47s
331200K .......... .......... .......... .......... .......... 83% 1.53M 12m45s
331250K .......... .......... .......... .......... .......... 83%  709K 12m43s
331300K .......... .......... .......... .......... .......... 83%  212K 12m41s
331350K .......... .......... .......... .......... .......... 83%  154K 12m39s
331400K .......... .......... .......... .......... .......... 83%  306K 12m37s
331450K .......... .......... .......... .......... .......... 83%  221K 12m36s
331500K .......... .......... .......... .......... .......... 83%  320K 12m34s
331550K .......... .......... .......... .......... .......... 83%  118K 12m33s
331600K .......... .......... .......... .......... .......... 83%  153K 12m31s
331650K .......... .......... .......... .......... .......... 83%  169K 12m30s
331700K .......... .......... .......... .......... .......... 83%  172K 12m28s
331750K .......... .......... .......... .......... .......... 83% 88.6K 12m28s
331800K .......... .......... .......... .......... .......... 83%  437K 12m26s
331850K .......... .......... .......... .......... .......... 84% 48.4K 12m26s
331900K .......... .......... .......... .......... .......... 84%  315K 12m24s
331950K .......... .......... .......... .......... .......... 84% 96.9K 12m24s
332000K .......... .......... .......... .......... .......... 84%  130K 12m22s
332050K .......... .......... .......... .......... .......... 84%  173K 12m21s
332100K .......... .......... .......... .......... .......... 84% 73.7K 12m21s
332150K .......... .......... .......... .......... .......... 84%  213K 12m19s
332200K .......... .......... .......... .......... .......... 84% 74.6K 12m19s
332250K .......... .......... .......... .......... .......... 84%  130K 12m18s
332300K .......... .......... .......... .......... .......... 84%  237K 12m16s
332350K .......... .......... .......... .......... .......... 84%  143K 12m15s
332400K .......... .......... .......... .......... .......... 84%  157K 12m13s
332450K .......... .......... .......... .......... .......... 84% 80.7K 12m13s
332500K .......... .......... .......... .......... .......... 84% 97.4K 12m12s
332550K .......... .......... .......... .......... .......... 84%  187K 12m10s
332600K .......... .......... .......... .......... .......... 84%  150K 12m9s
332650K .......... .......... .......... .......... .......... 84%  154K 12m8s
332700K .......... .......... .......... .......... .......... 84%  137K 12m7s
332750K .......... .......... .......... .......... .......... 84%  177K 12m5s
332800K .......... .......... .......... .......... .......... 84%  149K 12m4s
332850K .......... .......... .......... .......... .......... 84%  167K 12m3s
332900K .......... .......... .......... .......... .......... 84%  351K 12m1s
332950K .......... .......... .......... .......... .......... 84%  271K 11m59s
333000K .......... .......... .......... .......... .......... 84%  368K 11m57s
333050K .......... .......... .......... .......... .......... 84%  253K 11m56s
333100K .......... .......... .......... .......... .......... 84%  193K 11m54s
333150K .......... .......... .......... .......... .......... 84%  287K 11m53s
333200K .......... .......... .......... .......... .......... 84%  215K 11m51s
333250K .......... .......... .......... .......... .......... 84%  302K 11m49s
333300K .......... .......... .......... .......... .......... 84%  362K 11m48s
333350K .......... .......... .......... .......... .......... 84%  315K 11m46s
333400K .......... .......... .......... .......... .......... 84%  326K 11m44s
333450K .......... .......... .......... .......... .......... 84%  240K 11m43s
333500K .......... .......... .......... .......... .......... 84% 98.4K 11m42s
333550K .......... .......... .......... .......... .......... 84% 1.54M 11m40s
333600K .......... .......... .......... .......... .......... 84%  240K 11m38s
333650K .......... .......... .......... .......... .......... 84%  120K 11m37s
333700K .......... .......... .......... .......... .......... 84% 18.0K 11m43s
333750K .......... .......... .......... .......... .......... 84%  227K 11m41s
333800K .......... .......... .......... .......... .......... 84%  260K 11m40s
333850K .......... .......... .......... .......... .......... 84%  221K 11m38s
333900K .......... .......... .......... .......... .......... 84% 1.27M 11m36s
333950K .......... .......... .......... .......... .......... 84% 3.07M 11m34s
334000K .......... .......... .......... .......... .......... 84% 5.03M 11m32s
334050K .......... .......... .......... .......... .......... 84% 5.25M 11m30s
334100K .......... .......... .......... .......... .......... 84% 4.59M 11m28s
334150K .......... .......... .......... .......... .......... 84% 4.96M 11m26s
334200K .......... .......... .......... .......... .......... 84% 4.43M 11m24s
334250K .......... .......... .......... .......... .......... 84% 5.57M 11m22s
334300K .......... .......... .......... .......... .......... 84% 5.78M 11m20s
334350K .......... .......... .......... .......... .......... 84%  168K 11m19s
334400K .......... .......... .......... .......... .......... 84%  724K 11m17s
334450K .......... .......... .......... .......... .......... 84%  174K 11m16s
334500K .......... .......... .......... .......... .......... 84%  252K 11m14s
334550K .......... .......... .......... .......... .......... 84% 89.9K 11m14s
334600K .......... .......... .......... .......... .......... 84%  305K 11m12s
334650K .......... .......... .......... .......... .......... 84% 18.0K 11m17s
334700K .......... .......... .......... .......... .......... 84% 1.02M 11m15s
334750K .......... .......... .......... .......... .......... 84%  139K 11m14s
334800K .......... .......... .......... .......... .......... 84%  213K 11m13s
334850K .......... .......... .......... .......... .......... 84%  136K 11m12s
334900K .......... .......... .......... .......... .......... 84%  160K 11m11s
334950K .......... .......... .......... .......... .......... 84% 1.98M 11m9s
335000K .......... .......... .......... .......... .......... 84%  162K 11m8s
335050K .......... .......... .......... .......... .......... 84% 4.02M 11m6s
335100K .......... .......... .......... .......... .......... 84% 78.7K 11m5s
335150K .......... .......... .......... .......... .......... 84% 5.10M 11m4s
335200K .......... .......... .......... .......... .......... 84% 4.94M 11m2s
335250K .......... .......... .......... .......... .......... 84% 6.00M 11m0s
335300K .......... .......... .......... .......... .......... 84% 5.75M 10m58s
335350K .......... .......... .......... .......... .......... 84% 4.85M 10m56s
335400K .......... .......... .......... .......... .......... 84%  136K 10m55s
335450K .......... .......... .......... .......... .......... 84%  166K 10m54s
335500K .......... .......... .......... .......... .......... 84%  183K 10m53s
335550K .......... .......... .......... .......... .......... 84%  243K 10m51s
335600K .......... .......... .......... .......... .......... 84% 53.0K 10m52s
335650K .......... .......... .......... .......... .......... 84%  130K 10m51s
335700K .......... .......... .......... .......... .......... 84% 94.0K 10m50s
335750K .......... .......... .......... .......... .......... 84%  276K 10m49s
335800K .......... .......... .......... .......... .......... 85%  489K 10m47s
335850K .......... .......... .......... .......... .......... 85%  395K 10m46s
335900K .......... .......... .......... .......... .......... 85%  285K 10m44s
335950K .......... .......... .......... .......... .......... 85%  213K 10m43s
336000K .......... .......... .......... .......... .......... 85%  191K 10m42s
336050K .......... .......... .......... .......... .......... 85%  250K 10m40s
336100K .......... .......... .......... .......... .......... 85%  247K 10m39s
336150K .......... .......... .......... .......... .......... 85%  250K 10m38s
336200K .......... .......... .......... .......... .......... 85%  358K 10m36s
336250K .......... .......... .......... .......... .......... 85%  416K 10m35s
336300K .......... .......... .......... .......... .......... 85%  384K 10m33s
336350K .......... .......... .......... .......... .......... 85%  321K 10m32s
336400K .......... .......... .......... .......... .......... 85%  338K 10m30s
336450K .......... .......... .......... .......... .......... 85%  345K 10m29s
336500K .......... .......... .......... .......... .......... 85%  411K 10m28s
336550K .......... .......... .......... .......... .......... 85%  480K 10m26s
336600K .......... .......... .......... .......... .......... 85%  326K 10m25s
336650K .......... .......... .......... .......... .......... 85%  338K 10m23s
336700K .......... .......... .......... .......... .......... 85%  185K 10m22s
336750K .......... .......... .......... .......... .......... 85%  639K 10m21s
336800K .......... .......... .......... .......... .......... 85%  349K 10m19s
336850K .......... .......... .......... .......... .......... 85%  348K 10m18s
336900K .......... .......... .......... .......... .......... 85%  414K 10m16s
336950K .......... .......... .......... .......... .......... 85%  281K 10m15s
337000K .......... .......... .......... .......... .......... 85%  177K 10m14s
337050K .......... .......... .......... .......... .......... 85%  199K 10m13s
337100K .......... .......... .......... .......... .......... 85%  159K 10m12s
337150K .......... .......... .......... .......... .......... 85%  212K 10m11s
337200K .......... .......... .......... .......... .......... 85%  170K 10m10s
337250K .......... .......... .......... .......... .......... 85%  190K 10m8s
337300K .......... .......... .......... .......... .......... 85% 92.1K 10m8s
337350K .......... .......... .......... .......... .......... 85% 22.9K 10m11s
337400K .......... .......... .......... .......... .......... 85% 3.69M 10m9s
337450K .......... .......... .......... .......... .......... 85% 4.79M 10m8s
337500K .......... .......... .......... .......... .......... 85% 4.90M 10m6s
337550K .......... .......... .......... .......... .......... 85% 5.45M 10m5s
337600K .......... .......... .......... .......... .......... 85% 4.70M 10m3s
337650K .......... .......... .......... .......... .......... 85%  509K 10m1s
337700K .......... .......... .......... .......... .......... 85%  160K 10m0s
337750K .......... .......... .......... .......... .......... 85%  112K 10m0s
337800K .......... .......... .......... .......... .......... 85% 67.1K 10m0s
337850K .......... .......... .......... .......... .......... 85%  345K 9m58s
337900K .......... .......... .......... .......... .......... 85%  131K 9m58s
337950K .......... .......... .......... .......... .......... 85%  615K 9m56s
338000K .......... .......... .......... .......... .......... 85%  415K 9m55s
338050K .......... .......... .......... .......... .......... 85%  391K 9m53s
338100K .......... .......... .......... .......... .......... 85%  347K 9m52s
338150K .......... .......... .......... .......... .......... 85%  111K 9m51s
338200K .......... .......... .......... .......... .......... 85% 1.50M 9m50s
338250K .......... .......... .......... .......... .......... 85%  460K 9m49s
338300K .......... .......... .......... .......... .......... 85%  451K 9m47s
338350K .......... .......... .......... .......... .......... 85%  431K 9m46s
338400K .......... .......... .......... .......... .......... 85%  156K 9m45s
338450K .......... .......... .......... .......... .......... 85%  370K 9m44s
338500K .......... .......... .......... .......... .......... 85%  321K 9m42s
338550K .......... .......... .......... .......... .......... 85%  272K 9m41s
338600K .......... .......... .......... .......... .......... 85%  250K 9m40s
338650K .......... .......... .......... .......... .......... 85%  316K 9m39s
338700K .......... .......... .......... .......... .......... 85%  451K 9m38s
338750K .......... .......... .......... .......... .......... 85%  220K 9m36s
338800K .......... .......... .......... .......... .......... 85% 2.02M 9m35s
338850K .......... .......... .......... .......... .......... 85%  350K 9m34s
338900K .......... .......... .......... .......... .......... 85%  505K 9m32s
338950K .......... .......... .......... .......... .......... 85%  417K 9m31s
339000K .......... .......... .......... .......... .......... 85%  426K 9m30s
339050K .......... .......... .......... .......... .......... 85%  395K 9m29s
339100K .......... .......... .......... .......... .......... 85%  245K 9m27s
339150K .......... .......... .......... .......... .......... 85%  528K 9m26s
339200K .......... .......... .......... .......... .......... 85%  274K 9m25s
339250K .......... .......... .......... .......... .......... 85%  495K 9m24s
339300K .......... .......... .......... .......... .......... 85%  338K 9m23s
339350K .......... .......... .......... .......... .......... 85%  321K 9m21s
339400K .......... .......... .......... .......... .......... 85%  398K 9m20s
339450K .......... .......... .......... .......... .......... 85%  362K 9m19s
339500K .......... .......... .......... .......... .......... 85%  271K 9m18s
339550K .......... .......... .......... .......... .......... 85%  251K 9m17s
339600K .......... .......... .......... .......... .......... 85%  230K 9m16s
339650K .......... .......... .......... .......... .......... 85%  294K 9m14s
339700K .......... .......... .......... .......... .......... 85%  220K 9m13s
339750K .......... .......... .......... .......... .......... 86%  308K 9m12s
339800K .......... .......... .......... .......... .......... 86%  295K 9m11s
339850K .......... .......... .......... .......... .......... 86%  215K 9m10s
339900K .......... .......... .......... .......... .......... 86%  362K 9m9s
339950K .......... .......... .......... .......... .......... 86%  301K 9m8s
340000K .......... .......... .......... .......... .......... 86%  253K 9m7s
340050K .......... .......... .......... .......... .......... 86%  404K 9m6s
340100K .......... .......... .......... .......... .......... 86%  313K 9m5s
340150K .......... .......... .......... .......... .......... 86%  294K 9m3s
340200K .......... .......... .......... .......... .......... 86%  283K 9m2s
340250K .......... .......... .......... .......... .......... 86%  283K 9m1s
340300K .......... .......... .......... .......... .......... 86%  247K 9m0s
340350K .......... .......... .......... .......... .......... 86%  422K 8m59s
340400K .......... .......... .......... .......... .......... 86%  457K 8m58s
340450K .......... .......... .......... .......... .......... 86%  400K 8m57s
340500K .......... .......... .......... .......... .......... 86%  540K 8m55s
340550K .......... .......... .......... .......... .......... 86%  390K 8m54s
340600K .......... .......... .......... .......... .......... 86%  393K 8m53s
340650K .......... .......... .......... .......... .......... 86%  599K 8m52s
340700K .......... .......... .......... .......... .......... 86%  434K 8m51s
340750K .......... .......... .......... .......... .......... 86%  476K 8m50s
340800K .......... .......... .......... .......... .......... 86%  446K 8m48s
340850K .......... .......... .......... .......... .......... 86%  367K 8m47s
340900K .......... .......... .......... .......... .......... 86%  489K 8m46s
340950K .......... .......... .......... .......... .......... 86%  415K 8m45s
341000K .......... .......... .......... .......... .......... 86%  525K 8m44s
341050K .......... .......... .......... .......... .......... 86%  182K 8m43s
341100K .......... .......... .......... .......... .......... 86% 1.30M 8m42s
341150K .......... .......... .......... .......... .......... 86% 1.05M 8m40s
341200K .......... .......... .......... .......... .......... 86%  337K 8m39s
341250K .......... .......... .......... .......... .......... 86%  500K 8m38s
341300K .......... .......... .......... .......... .......... 86%  500K 8m37s
341350K .......... .......... .......... .......... .......... 86%  350K 8m36s
341400K .......... .......... .......... .......... .......... 86%  386K 8m35s
341450K .......... .......... .......... .......... .......... 86%  344K 8m34s
341500K .......... .......... .......... .......... .......... 86%  529K 8m33s
341550K .......... .......... .......... .......... .......... 86%  478K 8m32s
341600K .......... .......... .......... .......... .......... 86%  234K 8m31s
341650K .......... .......... .......... .......... .......... 86%  342K 8m30s
341700K .......... .......... .......... .......... .......... 86%  175K 8m29s
341750K .......... .......... .......... .......... .......... 86%  238K 8m28s
341800K .......... .......... .......... .......... .......... 86%  317K 8m27s
341850K .......... .......... .......... .......... .......... 86%  108K 8m26s
341900K .......... .......... .......... .......... .......... 86%  182K 8m25s
341950K .......... .......... .......... .......... .......... 86%  154K 8m25s
342000K .......... .......... .......... .......... .......... 86%  136K 8m24s
342050K .......... .......... .......... .......... .......... 86% 21.8K 8m27s
342100K .......... .......... .......... .......... .......... 86%  186K 8m26s
342150K .......... .......... .......... .......... .......... 86%  234K 8m25s
342200K .......... .......... .......... .......... .......... 86%  412K 8m24s
342250K .......... .......... .......... .......... .......... 86% 3.08M 8m23s
342300K .......... .......... .......... .......... .......... 86% 3.35M 8m21s
342350K .......... .......... .......... .......... .......... 86% 2.83M 8m20s
342400K .......... .......... .......... .......... .......... 86% 3.39M 8m19s
342450K .......... .......... .......... .......... .......... 86% 2.87M 8m18s
342500K .......... .......... .......... .......... .......... 86% 3.23M 8m16s
342550K .......... .......... .......... .......... .......... 86% 3.30M 8m15s
342600K .......... .......... .......... .......... .......... 86% 2.95M 8m14s
342650K .......... .......... .......... .......... .......... 86%  274K 8m13s
342700K .......... .......... .......... .......... .......... 86%  268K 8m12s
342750K .......... .......... .......... .......... .......... 86%  161K 8m11s
342800K .......... .......... .......... .......... .......... 86%  216K 8m11s
342850K .......... .......... .......... .......... .......... 86%  197K 8m10s
342900K .......... .......... .......... .......... .......... 86%  217K 8m9s
342950K .......... .......... .......... .......... .......... 86%  200K 8m8s
343000K .......... .......... .......... .......... .......... 86%  170K 8m7s
343050K .......... .......... .......... .......... .......... 86%  161K 8m7s
343100K .......... .......... .......... .......... .......... 86%  184K 8m6s
343150K .......... .......... .......... .......... .......... 86%  191K 8m5s
343200K .......... .......... .......... .......... .......... 86%  180K 8m4s
343250K .......... .......... .......... .......... .......... 86%  192K 8m3s
343300K .......... .......... .......... .......... .......... 86%  196K 8m3s
343350K .......... .......... .......... .......... .......... 86%  175K 8m2s
343400K .......... .......... .......... .......... .......... 86%  226K 8m1s
343450K .......... .......... .......... .......... .......... 86%  143K 8m0s
343500K .......... .......... .......... .......... .......... 86%  202K 8m0s
343550K .......... .......... .......... .......... .......... 86%  207K 7m59s
343600K .......... .......... .......... .......... .......... 86%  178K 7m58s
343650K .......... .......... .......... .......... .......... 86%  427K 7m57s
343700K .......... .......... .......... .......... .......... 87%  227K 7m56s
343750K .......... .......... .......... .......... .......... 87%  126K 7m56s
343800K .......... .......... .......... .......... .......... 87%  233K 7m55s
343850K .......... .......... .......... .......... .......... 87%  168K 7m54s
343900K .......... .......... .......... .......... .......... 87%  256K 7m53s
343950K .......... .......... .......... .......... .......... 87%  172K 7m52s
344000K .......... .......... .......... .......... .......... 87%  348K 7m51s
344050K .......... .......... .......... .......... .......... 87%  184K 7m51s
344100K .......... .......... .......... .......... .......... 87%  241K 7m50s
344150K .......... .......... .......... .......... .......... 87%  243K 7m49s
344200K .......... .......... .......... .......... .......... 87%  183K 7m48s
344250K .......... .......... .......... .......... .......... 87%  140K 7m48s
344300K .......... .......... .......... .......... .......... 87%  168K 7m47s
344350K .......... .......... .......... .......... .......... 87%  205K 7m46s
344400K .......... .......... .......... .......... .......... 87%  249K 7m45s
344450K .......... .......... .......... .......... .......... 87%  205K 7m45s
344500K .......... .......... .......... .......... .......... 87%  334K 7m44s
344550K .......... .......... .......... .......... .......... 87%  272K 7m43s
344600K .......... .......... .......... .......... .......... 87%  236K 7m42s
344650K .......... .......... .......... .......... .......... 87%  132K 7m41s
344700K .......... .......... .......... .......... .......... 87%  340K 7m40s
344750K .......... .......... .......... .......... .......... 87%  153K 7m40s
344800K .......... .......... .......... .......... .......... 87%  240K 7m39s
344850K .......... .......... .......... .......... .......... 87%  306K 7m38s
344900K .......... .......... .......... .......... .......... 87%  329K 7m37s
344950K .......... .......... .......... .......... .......... 87%  372K 7m36s
345000K .......... .......... .......... .......... .......... 87%  466K 7m35s
345050K .......... .......... .......... .......... .......... 87%  471K 7m34s
345100K .......... .......... .......... .......... .......... 87%  365K 7m33s
345150K .......... .......... .......... .......... .......... 87%  459K 7m32s
345200K .......... .......... .......... .......... .......... 87%  159K 7m32s
345250K .......... .......... .......... .......... .......... 87%  221K 7m31s
345300K .......... .......... .......... .......... .......... 87%  170K 7m30s
345350K .......... .......... .......... .......... .......... 87% 22.3K 7m32s
345400K .......... .......... .......... .......... .......... 87%  319K 7m32s
345450K .......... .......... .......... .......... .......... 87%  189K 7m31s
345500K .......... .......... .......... .......... .......... 87%  792K 7m30s
345550K .......... .......... .......... .......... .......... 87%  537K 7m29s
345600K .......... .......... .......... .......... .......... 87% 3.98M 7m28s
345650K .......... .......... .......... .......... .......... 87% 3.89M 7m27s
345700K .......... .......... .......... .......... .......... 87% 3.58M 7m26s
345750K .......... .......... .......... .......... .......... 87% 5.21M 7m25s
345800K .......... .......... .......... .......... .......... 87% 4.83M 7m23s
345850K .......... .......... .......... .......... .......... 87% 4.37M 7m22s
345900K .......... .......... .......... .......... .......... 87% 5.22M 7m21s
345950K .......... .......... .......... .......... .......... 87% 4.21M 7m20s
346000K .......... .......... .......... .......... .......... 87% 4.63M 7m19s
346050K .......... .......... .......... .......... .......... 87%  295K 7m18s
346100K .......... .......... .......... .......... .......... 87%  260K 7m18s
346150K .......... .......... .......... .......... .......... 87%  233K 7m17s
346200K .......... .......... .......... .......... .......... 87%  182K 7m16s
346250K .......... .......... .......... .......... .......... 87% 89.2K 7m16s
346300K .......... .......... .......... .......... .......... 87%  376K 7m15s
346350K .......... .......... .......... .......... .......... 87%  202K 7m14s
346400K .......... .......... .......... .......... .......... 87%  192K 7m14s
346450K .......... .......... .......... .......... .......... 87%  211K 7m13s
346500K .......... .......... .......... .......... .......... 87%  440K 7m12s
346550K .......... .......... .......... .......... .......... 87%  342K 7m11s
346600K .......... .......... .......... .......... .......... 87%  322K 7m10s
346650K .......... .......... .......... .......... .......... 87%  457K 7m9s
346700K .......... .......... .......... .......... .......... 87%  416K 7m8s
346750K .......... .......... .......... .......... .......... 87%  444K 7m8s
346800K .......... .......... .......... .......... .......... 87%  504K 7m7s
346850K .......... .......... .......... .......... .......... 87%  296K 7m6s
346900K .......... .......... .......... .......... .......... 87%  497K 7m5s
346950K .......... .......... .......... .......... .......... 87%  421K 7m4s
347000K .......... .......... .......... .......... .......... 87%  485K 7m3s
347050K .......... .......... .......... .......... .......... 87%  219K 7m3s
347100K .......... .......... .......... .......... .......... 87%  162K 7m2s
347150K .......... .......... .......... .......... .......... 87%  186K 7m1s
347200K .......... .......... .......... .......... .......... 87%  139K 7m1s
347250K .......... .......... .......... .......... .......... 87%  178K 7m0s
347300K .......... .......... .......... .......... .......... 87% 15.2K 7m3s
347350K .......... .......... .......... .......... .......... 87% 1.00M 7m2s
347400K .......... .......... .......... .......... .......... 87%  103K 7m2s
347450K .......... .......... .......... .......... .......... 87% 2.51M 7m1s
347500K .......... .......... .......... .......... .......... 87%  177K 7m0s
347550K .......... .......... .......... .......... .......... 87%  150K 7m0s
347600K .......... .......... .......... .......... .......... 87%  422K 6m59s
347650K .......... .......... .......... .......... .......... 88% 4.10M 6m58s
347700K .......... .......... .......... .......... .......... 88% 3.49M 6m57s
347750K .......... .......... .......... .......... .......... 88% 4.61M 6m56s
347800K .......... .......... .......... .......... .......... 88% 4.94M 6m55s
347850K .......... .......... .......... .......... .......... 88% 4.42M 6m54s
347900K .......... .......... .......... .......... .......... 88% 4.90M 6m53s
347950K .......... .......... .......... .......... .......... 88%  328K 6m52s
348000K .......... .......... .......... .......... .......... 88%  236K 6m51s
348050K .......... .......... .......... .......... .......... 88%  203K 6m51s
348100K .......... .......... .......... .......... .......... 88%  168K 6m50s
348150K .......... .......... .......... .......... .......... 88%  201K 6m50s
348200K .......... .......... .......... .......... .......... 88% 74.6K 6m49s
348250K .......... .......... .......... .......... .......... 88%  140K 6m49s
348300K .......... .......... .......... .......... .......... 88%  104K 6m48s
348350K .......... .......... .......... .......... .......... 88%  151K 6m48s
348400K .......... .......... .......... .......... .......... 88%  148K 6m47s
348450K .......... .......... .......... .......... .......... 88%  113K 6m47s
348500K .......... .......... .......... .......... .......... 88%  152K 6m46s
348550K .......... .......... .......... .......... .......... 88%  135K 6m46s
348600K .......... .......... .......... .......... .......... 88% 80.0K 6m46s
348650K .......... .......... .......... .......... .......... 88%  448K 6m45s
348700K .......... .......... .......... .......... .......... 88%  149K 6m44s
348750K .......... .......... .......... .......... .......... 88%  146K 6m44s
348800K .......... .......... .......... .......... .......... 88%  235K 6m43s
348850K .......... .......... .......... .......... .......... 88%  106K 6m43s
348900K .......... .......... .......... .......... .......... 88%  134K 6m42s
348950K .......... .......... .......... .......... .......... 88%  120K 6m42s
349000K .......... .......... .......... .......... .......... 88%  182K 6m41s
349050K .......... .......... .......... .......... .......... 88%  153K 6m40s
349100K .......... .......... .......... .......... .......... 88% 51.8K 6m41s
349150K .......... .......... .......... .......... .......... 88%  166K 6m40s
349200K .......... .......... .......... .......... .......... 88% 14.8K 6m43s
349250K .......... .......... .......... .......... .......... 88% 5.13M 6m42s
349300K .......... .......... .......... .......... .......... 88% 5.44M 6m41s
349350K .......... .......... .......... .......... .......... 88% 4.35M 6m40s
349400K .......... .......... .......... .......... .......... 88% 5.51M 6m39s
349450K .......... .......... .......... .......... .......... 88% 3.18M 6m38s
349500K .......... .......... .......... .......... .......... 88% 3.16M 6m37s
349550K .......... .......... .......... .......... .......... 88% 3.29M 6m36s
349600K .......... .......... .......... .......... .......... 88% 4.42M 6m36s
349650K .......... .......... .......... .......... .......... 88% 4.59M 6m35s
349700K .......... .......... .......... .......... .......... 88%  311K 6m34s
349750K .......... .......... .......... .......... .......... 88%  211K 6m33s
349800K .......... .......... .......... .......... .......... 88%  369K 6m32s
349850K .......... .......... .......... .......... .......... 88%  279K 6m32s
349900K .......... .......... .......... .......... .......... 88%  276K 6m31s
349950K .......... .......... .......... .......... .......... 88%  394K 6m30s
350000K .......... .......... .......... .......... .......... 88%  320K 6m29s
350050K .......... .......... .......... .......... .......... 88%  272K 6m29s
350100K .......... .......... .......... .......... .......... 88%  246K 6m28s
350150K .......... .......... .......... .......... .......... 88%  341K 6m27s
350200K .......... .......... .......... .......... .......... 88%  331K 6m27s
350250K .......... .......... .......... .......... .......... 88%  382K 6m26s
350300K .......... .......... .......... .......... .......... 88% 59.6K 6m26s
350350K .......... .......... .......... .......... .......... 88% 3.76M 6m25s
350400K .......... .......... .......... .......... .......... 88%  284K 6m24s
350450K .......... .......... .......... .......... .......... 88%  116K 6m24s
350500K .......... .......... .......... .......... .......... 88%  301K 6m23s
350550K .......... .......... .......... .......... .......... 88%  390K 6m22s
350600K .......... .......... .......... .......... .......... 88%  294K 6m22s
350650K .......... .......... .......... .......... .......... 88%  384K 6m21s
350700K .......... .......... .......... .......... .......... 88%  320K 6m20s
350750K .......... .......... .......... .......... .......... 88%  535K 6m19s
350800K .......... .......... .......... .......... .......... 88%  473K 6m18s
350850K .......... .......... .......... .......... .......... 88%  297K 6m18s
350900K .......... .......... .......... .......... .......... 88%  329K 6m17s
350950K .......... .......... .......... .......... .......... 88%  494K 6m16s
351000K .......... .......... .......... .......... .......... 88%  246K 6m16s
351050K .......... .......... .......... .......... .......... 88%  327K 6m15s
351100K .......... .......... .......... .......... .......... 88%  426K 6m14s
351150K .......... .......... .......... .......... .......... 88%  424K 6m13s
351200K .......... .......... .......... .......... .......... 88%  430K 6m13s
351250K .......... .......... .......... .......... .......... 88%  457K 6m12s
351300K .......... .......... .......... .......... .......... 88%  507K 6m11s
351350K .......... .......... .......... .......... .......... 88%  190K 6m10s
351400K .......... .......... .......... .......... .......... 88%  446K 6m10s
351450K .......... .......... .......... .......... .......... 88%  375K 6m9s
351500K .......... .......... .......... .......... .......... 88%  303K 6m8s
351550K .......... .......... .......... .......... .......... 88%  525K 6m7s
351600K .......... .......... .......... .......... .......... 89%  408K 6m7s
351650K .......... .......... .......... .......... .......... 89%  502K 6m6s
351700K .......... .......... .......... .......... .......... 89% 80.9K 6m6s
351750K .......... .......... .......... .......... .......... 89%  165K 6m5s
351800K .......... .......... .......... .......... .......... 89%  233K 6m5s
351850K .......... .......... .......... .......... .......... 89% 1015K 6m4s
351900K .......... .......... .......... .......... .......... 89%  306K 6m3s
351950K .......... .......... .......... .......... .......... 89%  273K 6m2s
352000K .......... .......... .......... .......... .......... 89%  304K 6m2s
352050K .......... .......... .......... .......... .......... 89%  325K 6m1s
352100K .......... .......... .......... .......... .......... 89%  550K 6m0s
352150K .......... .......... .......... .......... .......... 89%  130K 6m0s
352200K .......... .......... .......... .......... .......... 89% 27.6K 6m1s
352250K .......... .......... .......... .......... .......... 89% 3.94M 6m0s
352300K .......... .......... .......... .......... .......... 89% 4.27M 5m59s
352350K .......... .......... .......... .......... .......... 89% 5.49M 5m58s
352400K .......... .......... .......... .......... .......... 89% 5.31M 5m57s
352450K .......... .......... .......... .......... .......... 89% 4.40M 5m57s
352500K .......... .......... .......... .......... .......... 89% 5.06M 5m56s
352550K .......... .......... .......... .......... .......... 89% 4.66M 5m55s
352600K .......... .......... .......... .......... .......... 89% 5.13M 5m54s
352650K .......... .......... .......... .......... .......... 89% 5.49M 5m53s
352700K .......... .......... .......... .......... .......... 89%  205K 5m53s
352750K .......... .......... .......... .......... .......... 89%  255K 5m52s
352800K .......... .......... .......... .......... .......... 89%  135K 5m52s
352850K .......... .......... .......... .......... .......... 89%  129K 5m51s
352900K .......... .......... .......... .......... .......... 89%  112K 5m51s
352950K .......... .......... .......... .......... .......... 89%  116K 5m50s
353000K .......... .......... .......... .......... .......... 89%  110K 5m50s
353050K .......... .......... .......... .......... .......... 89%  178K 5m49s
353100K .......... .......... .......... .......... .......... 89%  280K 5m49s
353150K .......... .......... .......... .......... .......... 89%  261K 5m48s
353200K .......... .......... .......... .......... .......... 89%  249K 5m48s
353250K .......... .......... .......... .......... .......... 89%  225K 5m47s
353300K .......... .......... .......... .......... .......... 89%  187K 5m46s
353350K .......... .......... .......... .......... .......... 89%  137K 5m46s
353400K .......... .......... .......... .......... .......... 89%  330K 5m45s
353450K .......... .......... .......... .......... .......... 89%  289K 5m45s
353500K .......... .......... .......... .......... .......... 89%  524K 5m44s
353550K .......... .......... .......... .......... .......... 89%  221K 5m43s
353600K .......... .......... .......... .......... .......... 89%  248K 5m43s
353650K .......... .......... .......... .......... .......... 89%  409K 5m42s
353700K .......... .......... .......... .......... .......... 89%  262K 5m41s
353750K .......... .......... .......... .......... .......... 89%  322K 5m41s
353800K .......... .......... .......... .......... .......... 89%  297K 5m40s
353850K .......... .......... .......... .......... .......... 89%  282K 5m39s
353900K .......... .......... .......... .......... .......... 89%  356K 5m39s
353950K .......... .......... .......... .......... .......... 89%  292K 5m38s
354000K .......... .......... .......... .......... .......... 89%  345K 5m37s
354050K .......... .......... .......... .......... .......... 89%  247K 5m37s
354100K .......... .......... .......... .......... .......... 89% 21.4K 5m38s
354150K .......... .......... .......... .......... .......... 89%  126K 5m38s
354200K .......... .......... .......... .......... .......... 89% 1.19M 5m37s
354250K .......... .......... .......... .......... .......... 89%  900K 5m36s
354300K .......... .......... .......... .......... .......... 89% 3.98M 5m35s
354350K .......... .......... .......... .......... .......... 89% 4.52M 5m35s
354400K .......... .......... .......... .......... .......... 89% 5.07M 5m34s
354450K .......... .......... .......... .......... .......... 89% 4.01M 5m33s
354500K .......... .......... .......... .......... .......... 89% 4.82M 5m32s
354550K .......... .......... .......... .......... .......... 89% 4.11M 5m32s
354600K .......... .......... .......... .......... .......... 89% 4.59M 5m31s
354650K .......... .......... .......... .......... .......... 89%  895K 5m30s
354700K .......... .......... .......... .......... .......... 89%  439K 5m29s
354750K .......... .......... .......... .......... .......... 89%  511K 5m29s
354800K .......... .......... .......... .......... .......... 89%  493K 5m28s
354850K .......... .......... .......... .......... .......... 89%  500K 5m27s
354900K .......... .......... .......... .......... .......... 89%  406K 5m27s
354950K .......... .......... .......... .......... .......... 89%  326K 5m26s
355000K .......... .......... .......... .......... .......... 89%  409K 5m25s
355050K .......... .......... .......... .......... .......... 89%  126K 5m25s
355100K .......... .......... .......... .......... .......... 89%  466K 5m24s
355150K .......... .......... .......... .......... .......... 89%  465K 5m24s
355200K .......... .......... .......... .......... .......... 89%  351K 5m23s
355250K .......... .......... .......... .......... .......... 89%  458K 5m22s
355300K .......... .......... .......... .......... .......... 89%  448K 5m22s
355350K .......... .......... .......... .......... .......... 89%  482K 5m21s
355400K .......... .......... .......... .......... .......... 89%  426K 5m20s
355450K .......... .......... .......... .......... .......... 89%  321K 5m20s
355500K .......... .......... .......... .......... .......... 89%  446K 5m19s
355550K .......... .......... .......... .......... .......... 90%  425K 5m18s
355600K .......... .......... .......... .......... .......... 90%  392K 5m18s
355650K .......... .......... .......... .......... .......... 90%  462K 5m17s
355700K .......... .......... .......... .......... .......... 90%  403K 5m16s
355750K .......... .......... .......... .......... .......... 90%  432K 5m16s
355800K .......... .......... .......... .......... .......... 90%  328K 5m15s
355850K .......... .......... .......... .......... .......... 90%  438K 5m14s
355900K .......... .......... .......... .......... .......... 90%  484K 5m14s
355950K .......... .......... .......... .......... .......... 90%  473K 5m13s
356000K .......... .......... .......... .......... .......... 90%  528K 5m12s
356050K .......... .......... .......... .......... .......... 90%  373K 5m12s
356100K .......... .......... .......... .......... .......... 90%  632K 5m11s
356150K .......... .......... .......... .......... .......... 90%  577K 5m11s
356200K .......... .......... .......... .......... .......... 90%  455K 5m10s
356250K .......... .......... .......... .......... .......... 90%  598K 5m9s
356300K .......... .......... .......... .......... .......... 90%  387K 5m9s
356350K .......... .......... .......... .......... .......... 90%  570K 5m8s
356400K .......... .......... .......... .......... .......... 90%  599K 5m7s
356450K .......... .......... .......... .......... .......... 90%  482K 5m7s
356500K .......... .......... .......... .......... .......... 90%  603K 5m6s
356550K .......... .......... .......... .......... .......... 90%  471K 5m5s
356600K .......... .......... .......... .......... .......... 90%  233K 5m5s
356650K .......... .......... .......... .......... .......... 90%  166K 5m4s
356700K .......... .......... .......... .......... .......... 90%  205K 5m4s
356750K .......... .......... .......... .......... .......... 90%  178K 5m3s
356800K .......... .......... .......... .......... .......... 90%  280K 5m3s
356850K .......... .......... .......... .......... .......... 90%  289K 5m2s
356900K .......... .......... .......... .......... .......... 90%  156K 5m2s
356950K .......... .......... .......... .......... .......... 90%  150K 5m1s
357000K .......... .......... .......... .......... .......... 90%  142K 5m1s
357050K .......... .......... .......... .......... .......... 90%  113K 5m0s
357100K .......... .......... .......... .......... .......... 90% 73.4K 5m0s
357150K .......... .......... .......... .......... .......... 90% 89.4K 5m0s
357200K .......... .......... .......... .......... .......... 90%  111K 5m0s
357250K .......... .......... .......... .......... .......... 90%  140K 4m59s
357300K .......... .......... .......... .......... .......... 90%  213K 4m59s
357350K .......... .......... .......... .......... .......... 90%  211K 4m58s
357400K .......... .......... .......... .......... .......... 90%  346K 4m58s
357450K .......... .......... .......... .......... .......... 90%  297K 4m57s
357500K .......... .......... .......... .......... .......... 90%  244K 4m56s
357550K .......... .......... .......... .......... .......... 90%  174K 4m56s
357600K .......... .......... .......... .......... .......... 90%  178K 4m55s
357650K .......... .......... .......... .......... .......... 90%  189K 4m55s
357700K .......... .......... .......... .......... .......... 90%  272K 4m54s
357750K .......... .......... .......... .......... .......... 90%  405K 4m54s
357800K .......... .......... .......... .......... .......... 90%  121K 4m53s
357850K .......... .......... .......... .......... .......... 90%  317K 4m53s
357900K .......... .......... .......... .......... .......... 90%  288K 4m52s
357950K .......... .......... .......... .......... .......... 90%  238K 4m52s
358000K .......... .......... .......... .......... .......... 90%  330K 4m51s
358050K .......... .......... .......... .......... .......... 90%  162K 4m51s
358100K .......... .......... .......... .......... .......... 90%  299K 4m50s
358150K .......... .......... .......... .......... .......... 90% 14.2K 4m52s
358200K .......... .......... .......... .......... .......... 90%  279K 4m52s
358250K .......... .......... .......... .......... .......... 90%  264K 4m51s
358300K .......... .......... .......... .......... .......... 90%  585K 4m50s
358350K .......... .......... .......... .......... .......... 90%  362K 4m50s
358400K .......... .......... .......... .......... .......... 90% 3.81M 4m49s
358450K .......... .......... .......... .......... .......... 90% 4.30M 4m48s
358500K .......... .......... .......... .......... .......... 90% 5.47M 4m48s
358550K .......... .......... .......... .......... .......... 90% 4.92M 4m47s
358600K .......... .......... .......... .......... .......... 90% 5.10M 4m46s
358650K .......... .......... .......... .......... .......... 90% 5.44M 4m46s
358700K .......... .......... .......... .......... .......... 90% 4.75M 4m45s
358750K .......... .......... .......... .......... .......... 90%  636K 4m44s
358800K .......... .......... .......... .......... .......... 90%  178K 4m44s
358850K .......... .......... .......... .......... .......... 90%  231K 4m43s
358900K .......... .......... .......... .......... .......... 90%  254K 4m43s
358950K .......... .......... .......... .......... ........   90%  164K=6m17s

2026-05-31 17:57:37 (128 KB/s) - Read error at byte 367614241/404592570 (Connection reset by peer). Retrying.

--2026-05-31 17:57:38--  (try: 4)  https://ftp.ncbi.nlm.nih.gov/geo/series/GSE68nnn/GSE68310/soft/GSE68310_family.soft.gz
Connecting to ftp.ncbi.nlm.nih.gov (ftp.ncbi.nlm.nih.gov)|130.14.250.10|:443... connected.
HTTP request sent, awaiting response... 206 Partial Content
Length: 404592570 (386M), 36978329 (35M) remaining [application/x-gzip]
Saving to: ‘data/metadata_raw/GSE68310/GSE68310_family.soft.gz’

        [ skipping 358950K ]
358950K ,,,,,,,,,, ,,,,,,,,,, ,,,,,,,,,, ,,,,,,,,,, ,,,,,,,,.. 90% 4.96G 0s
359000K .......... .......... .......... .......... .......... 90% 63.0K 9m14s
359050K .......... .......... .......... .......... .......... 90%  131K 6m56s
359100K .......... .......... .......... .......... .......... 90%  234K 5m29s
359150K .......... .......... .......... .......... .......... 90%  272K 4m40s
359200K .......... .......... .......... .......... .......... 90%  209K 4m18s
359250K .......... .......... .......... .......... .......... 90%  221K 4m2s
359300K .......... .......... .......... .......... .......... 90%  222K 3m50s
359350K .......... .......... .......... .......... .......... 90%  270K 3m38s
359400K .......... .......... .......... .......... .......... 90%  278K 3m28s
359450K .......... .......... .......... .......... .......... 90%  236K 3m22s
359500K .......... .......... .......... .......... .......... 90%  295K 3m14s
359550K .......... .......... .......... .......... .......... 91%  226K 3m11s
359600K .......... .......... .......... .......... .......... 91%  293K 3m5s
359650K .......... .......... .......... .......... .......... 91%  241K 3m2s
359700K .......... .......... .......... .......... .......... 91%  189K 3m2s
359750K .......... .......... .......... .......... .......... 91%  237K 3m0s
359800K .......... .......... .......... .......... .......... 91%  230K 2m58s
359850K .......... .......... .......... .......... .......... 91%  263K 2m55s
359900K .......... .......... .......... .......... .......... 91%  306K 2m52s
359950K .......... .......... .......... .......... .......... 91%  255K 2m50s
360000K .......... .......... .......... .......... .......... 91%  298K 2m47s
360050K .......... .......... .......... .......... .......... 91%  204K 2m47s
360100K .......... .......... .......... .......... .......... 91% 92.5K 2m56s
360150K .......... .......... .......... .......... .......... 91%  711K 2m51s
360200K .......... .......... .......... .......... .......... 91%  157K 2m52s
360250K .......... .......... .......... .......... .......... 91%  244K 2m51s
360300K .......... .......... .......... .......... .......... 91%  192K 2m51s
360350K .......... .......... .......... .......... .......... 91%  221K 2m50s
360400K .......... .......... .......... .......... .......... 91%  270K 2m49s
360450K .......... .......... .......... .......... .......... 91%  156K 2m50s
360500K .......... .......... .......... .......... .......... 91%  158K 2m52s
360550K .......... .......... .......... .......... .......... 91% 63.8K 3m3s
360600K .......... .......... .......... .......... .......... 91% 64.5K 3m13s
360650K .......... .......... .......... .......... .......... 91% 37.7K 3m34s
360700K .......... .......... .......... .......... .......... 91% 69.5K 3m42s
360750K .......... .......... .......... .......... .......... 91% 67.5K 3m50s
360800K .......... .......... .......... .......... .......... 91% 6.48K 6m6s
360850K .......... .......... .......... .......... .......... 91% 1.41M 5m56s
360900K .......... .......... .......... .......... .......... 91% 1.63M 5m47s
360950K .......... .......... .......... .......... .......... 91% 40.4K 5m59s
361000K .......... .......... .......... .......... .......... 91% 1.30M 5m51s
361050K .......... .......... .......... .......... .......... 91% 4.55M 5m42s
361100K .......... .......... .......... .......... .......... 91% 5.14M 5m34s
361150K .......... .......... .......... .......... .......... 91% 5.55M 5m26s
361200K .......... .......... .......... .......... .......... 91% 4.54M 5m18s
361250K .......... .......... .......... .......... .......... 91% 66.6K 5m22s
361300K .......... .......... .......... .......... .......... 91% 50.6K 5m29s
361350K .......... .......... .......... .......... .......... 91% 92.8K 5m29s
361400K .......... .......... .......... .......... .......... 91%  219K 5m25s
361450K .......... .......... .......... .......... .......... 91% 99.0K 5m25s
361500K .......... .......... .......... .......... .......... 91% 89.1K 5m25s
361550K .......... .......... .......... .......... .......... 91%  137K 5m23s
361600K .......... .......... .......... .......... .......... 91%  122K 5m22s
361650K .......... .......... .......... .......... .......... 91%  190K 5m19s
361700K .......... .......... .......... .......... .......... 91%  120K 5m17s
361750K .......... .......... .......... .......... .......... 91%  123K 5m16s
361800K .......... .......... .......... .......... .......... 91%  112K 5m15s
361850K .......... .......... .......... .......... .......... 91%  188K 5m12s
361900K .......... .......... .......... .......... .......... 91%  294K 5m9s
361950K .......... .......... .......... .......... .......... 91%  107K 5m8s
362000K .......... .......... .......... .......... .......... 91%  205K 5m5s
362050K .......... .......... .......... .......... .......... 91%  222K 5m2s
362100K .......... .......... .......... .......... .......... 91%  198K 5m0s
362150K .......... .......... .......... .......... .......... 91%  333K 4m56s
362200K .......... .......... .......... .......... .......... 91%  148K 4m54s
362250K .......... .......... .......... .......... .......... 91%  203K 4m52s
362300K .......... .......... .......... .......... .......... 91%  123K 4m51s
362350K .......... .......... .......... .......... .......... 91%  183K 4m49s
362400K .......... .......... .......... .......... .......... 91%  226K 4m47s
362450K .......... .......... .......... .......... .......... 91%  257K 4m44s
362500K .......... .......... .......... .......... .......... 91%  187K 4m42s
362550K .......... .......... .......... .......... .......... 91%  220K 4m40s
362600K .......... .......... .......... .......... .......... 91%  217K 4m37s
362650K .......... .......... .......... .......... .......... 91%  318K 4m35s
362700K .......... .......... .......... .......... .......... 91%  159K 4m33s
362750K .......... .......... .......... .......... .......... 91%  262K 4m31s
362800K .......... .......... .......... .......... .......... 91%  260K 4m28s
362850K .......... .......... .......... .......... .......... 91% 24.4K 4m42s
362900K .......... .......... .......... .......... .......... 91% 4.39M 4m38s
362950K .......... .......... .......... .......... .......... 91% 4.50M 4m34s
363000K .......... .......... .......... .......... .......... 91% 4.92M 4m30s
363050K .......... .......... .......... .......... .......... 91% 4.18M 4m27s
363100K .......... .......... .......... .......... .......... 91% 4.93M 4m23s
363150K .......... .......... .......... .......... .......... 91% 5.15M 4m20s
363200K .......... .......... .......... .......... .......... 91% 4.92M 4m16s
363250K .......... .......... .......... .......... .......... 91%  541K 4m13s
363300K .......... .......... .......... .......... .......... 91%  230K 4m12s
363350K .......... .......... .......... .......... .......... 91%  289K 4m10s
363400K .......... .......... .......... .......... .......... 91%  224K 4m8s
363450K .......... .......... .......... .......... .......... 91% 93.9K 4m9s
363500K .......... .......... .......... .......... .......... 92%  181K 4m7s
363550K .......... .......... .......... .......... .......... 92%  142K 4m7s
363600K .......... .......... .......... .......... .......... 92%  250K 4m5s
363650K .......... .......... .......... .......... .......... 92%  163K 4m4s
363700K .......... .......... .......... .......... .......... 92%  137K 4m4s
363750K .......... .......... .......... .......... .......... 92%  163K 4m3s
363800K .......... .......... .......... .......... .......... 92%  139K 4m2s
363850K .......... .......... .......... .......... .......... 92%  125K 4m2s
363900K .......... .......... .......... .......... .......... 92%  197K 4m1s
363950K .......... .......... .......... .......... .......... 92%  215K 3m59s
364000K .......... .......... .......... .......... .......... 92%  210K 3m58s
364050K .......... .......... .......... .......... .......... 92%  218K 3m57s
364100K .......... .......... .......... .......... .......... 92%  307K 3m55s
364150K .......... .......... .......... .......... .......... 92%  296K 3m53s
364200K .......... .......... .......... .......... .......... 92%  251K 3m52s
364250K .......... .......... .......... .......... .......... 92%  351K 3m50s
364300K .......... .......... .......... .......... .......... 92%  277K 3m49s
364350K .......... .......... .......... .......... .......... 92%  228K 3m47s
364400K .......... .......... .......... .......... .......... 92%  373K 3m46s
364450K .......... .......... .......... .......... .......... 92%  302K 3m44s
364500K .......... .......... .......... .......... .......... 92%  369K 3m43s
364550K .......... .......... .......... .......... .......... 92%  175K 3m42s
364600K .......... .......... .......... .......... .......... 92%  153K 3m41s
364650K .......... .......... .......... .......... .......... 92%  144K 3m41s
364700K .......... .......... .......... .......... .......... 92%  126K 3m41s
364750K .......... .......... .......... .......... .......... 92%  216K 3m40s
364800K .......... .......... .......... .......... .......... 92%  182K 3m39s
364850K .......... .......... .......... .......... .......... 92%  237K 3m38s
364900K .......... .......... .......... .......... .......... 92%  181K 3m37s
364950K .......... .......... .......... .......... .......... 92%  215K 3m36s
365000K .......... .......... .......... .......... .......... 92%  293K 3m35s
365050K .......... .......... .......... .......... .......... 92%  181K 3m34s
365100K .......... .......... .......... .......... .......... 92%  372K 3m32s
365150K .......... .......... .......... .......... .......... 92%  140K 3m32s
365200K .......... .......... .......... .......... .......... 92%  104K 3m32s
365250K .......... .......... .......... .......... .......... 92%  151K 3m32s
365300K .......... .......... .......... .......... .......... 92%  106K 3m32s
365350K .......... .......... .......... .......... .......... 92% 88.2K 3m33s
365400K .......... .......... .......... .......... .......... 92%  115K 3m33s
365450K .......... .......... .......... .......... .......... 92% 85.7K 3m33s
365500K .......... .......... .......... .......... .......... 92%  220K 3m32s
365550K .......... .......... .......... .......... .......... 92%  149K 3m32s
365600K .......... .......... .......... .......... .......... 92%  119K 3m32s
365650K .......... .......... .......... .......... .......... 92%  140K 3m31s
365700K .......... .......... .......... .......... .......... 92%  116K 3m31s
365750K .......... .......... .......... .......... .......... 92% 12.8K 3m46s
365800K .......... .......... .......... .......... .......... 92%  885K 3m44s
365850K .......... .......... .......... .......... .......... 92% 4.48M 3m42s
365900K .......... .......... .......... .......... .......... 92% 3.87M 3m41s
365950K .......... .......... .......... .......... .......... 92% 4.13M 3m39s
366000K .......... .......... .......... .......... .......... 92% 5.17M 3m37s
366050K .......... .......... .......... .......... .......... 92% 4.19M 3m35s
366100K .......... .......... .......... .......... .......... 92% 4.97M 3m33s
366150K .......... .......... .......... .......... .......... 92% 4.91M 3m31s
366200K .......... .......... .......... .......... .......... 92% 4.61M 3m29s
366250K .......... .......... .......... .......... .......... 92% 4.99M 3m28s
366300K .......... .......... .......... .......... .......... 92% 4.33M 3m26s
366350K .......... .......... .......... .......... .......... 92%  291K 3m25s
366400K .......... .......... .......... .......... .......... 92%  266K 3m24s
366450K .......... .......... .......... .......... .......... 92%  209K 3m23s
366500K .......... .......... .......... .......... .......... 92%  300K 3m22s
366550K .......... .......... .......... .......... .......... 92%  275K 3m21s
366600K .......... .......... .......... .......... .......... 92%  235K 3m20s
366650K .......... .......... .......... .......... .......... 92%  275K 3m19s
366700K .......... .......... .......... .......... .......... 92%  179K 3m19s
366750K .......... .......... .......... .......... .......... 92%  107K 3m19s
366800K .......... .......... .......... .......... .......... 92% 78.5K 3m19s
366850K .......... .......... .......... .......... .......... 92% 87.1K 3m20s
366900K .......... .......... .......... .......... .......... 92% 53.3K 3m21s
366950K .......... .......... .......... .......... .......... 92% 6.76K 3m46s
367000K .......... .......... .......... .......... .......... 92%  227K 3m45s
367050K .......... .......... .......... .......... .......... 92% 3.53M 3m43s
367100K .......... .......... .......... .......... .......... 92% 4.50M 3m41s
367150K .......... .......... .......... .......... .......... 92% 5.49M 3m40s
367200K .......... .......... .......... .......... .......... 92% 4.09M 3m38s
367250K .......... .......... .......... .......... .......... 92% 5.42M 3m36s
367300K .......... .......... .......... .......... .......... 92% 4.21M 3m35s
367350K .......... .......... .......... .......... .......... 92% 5.54M 3m33s
367400K .......... .......... .......... .......... .......... 92% 4.82M 3m31s
367450K .......... .......... .......... .......... .......... 93%  129K 3m31s
367500K .......... .......... .......... .......... .......... 93% 52.1K 3m33s
367550K .......... .......... .......... .......... .......... 93%  145K 3m32s
367600K .......... .......... .......... .......... .......... 93% 89.8K 3m32s
367650K .......... .......... .......... .......... .......... 93% 60.9K 3m33s
367700K .......... .......... .......... .......... .......... 93%  700K 3m32s
367750K .......... .......... .......... .......... .......... 93%  213K 3m31s
367800K .......... .......... .......... .......... .......... 93%  108K 3m31s
367850K .......... .......... .......... .......... .......... 93%  146K 3m30s
367900K .......... .......... .......... .......... .......... 93%  178K 3m30s
367950K .......... .......... .......... .......... .......... 93%  191K 3m29s
368000K .......... .......... .......... .......... .......... 93%  179K 3m28s
368050K .......... .......... .......... .......... .......... 93%  225K 3m27s
368100K .......... .......... .......... .......... .......... 93%  217K 3m26s
368150K .......... .......... .......... .......... .......... 93%  159K 3m26s
368200K .......... .......... .......... .......... .......... 93%  115K 3m26s
368250K .......... .......... .......... .......... .......... 93%  250K 3m25s
368300K .......... .......... .......... .......... .......... 93%  161K 3m24s
368350K .......... .......... .......... .......... .......... 93% 68.7K 3m25s
368400K .......... .......... .......... .......... .......... 93%  109K 3m25s
368450K .......... .......... .......... .......... .......... 93%  100K 3m24s
368500K .......... .......... .......... .......... .......... 93%  125K 3m24s
368550K .......... .......... .......... .......... .......... 93%  122K 3m24s
368600K .......... .......... .......... .......... .......... 93%  162K 3m23s
368650K .......... .......... .......... .......... .......... 93%  203K 3m22s
368700K .......... .......... .......... .......... .......... 93% 94.9K 3m22s
368750K .......... .......... .......... .......... .......... 93%  127K 3m22s
368800K .......... .......... .......... .......... .......... 93% 89.6K 3m22s
368850K .......... .......... .......... .......... .......... 93%  123K 3m22s
368900K .......... .......... .......... .......... .......... 93% 62.0K 3m23s
368950K .......... .......... .......... .......... .......... 93% 78.7K 3m23s
369000K .......... .......... .......... .......... .......... 93%  157K 3m22s
369050K .......... .......... .......... .......... .......... 93%  190K 3m22s
369100K .......... .......... .......... .......... .......... 93%  229K 3m21s
369150K .......... .......... .......... .......... .......... 93%  340K 3m20s
369200K .......... .......... .......... .......... .......... 93%  290K 3m19s
369250K .......... .......... .......... .......... .......... 93%  273K 3m18s
369300K .......... .......... .......... .......... .......... 93%  321K 3m17s
369350K .......... .......... .......... .......... .......... 93%  440K 3m16s
369400K .......... .......... .......... .......... .......... 93%  347K 3m15s
369450K .......... .......... .......... .......... .......... 93%  159K 3m14s
369500K .......... .......... .......... .......... .......... 93% 87.6K 3m15s
369550K .......... .......... .......... .......... .......... 93% 13.8K 3m22s
369600K .......... .......... .......... .......... .......... 93%  568K 3m21s
369650K .......... .......... .......... .......... .......... 93%  288K 3m20s
369700K .......... .......... .......... .......... .......... 93%  573K 3m19s
369750K .......... .......... .......... .......... .......... 93%  918K 3m18s
369800K .......... .......... .......... .......... .......... 93% 3.78M 3m16s
369850K .......... .......... .......... .......... .......... 93% 5.11M 3m15s
369900K .......... .......... .......... .......... .......... 93% 4.50M 3m14s
369950K .......... .......... .......... .......... .......... 93% 3.85M 3m13s
370000K .......... .......... .......... .......... .......... 93% 5.27M 3m11s
370050K .......... .......... .......... .......... .......... 93% 4.23M 3m10s
370100K .......... .......... .......... .......... .......... 93% 46.5K 3m11s
370150K .......... .......... .......... .......... .......... 93% 3.74M 3m10s
370200K .......... .......... .......... .......... .......... 93% 3.70M 3m9s
370250K .......... .......... .......... .......... .......... 93% 4.87M 3m8s
370300K .......... .......... .......... .......... .......... 93% 4.18M 3m7s
370350K .......... .......... .......... .......... .......... 93% 5.31M 3m5s
370400K .......... .......... .......... .......... .......... 93% 4.90M 3m4s
370450K .......... .......... .......... .......... .......... 93%  238K 3m4s
370500K .......... .......... .......... .......... .......... 93%  160K 3m3s
370550K .......... .......... .......... .......... .......... 93% 76.5K 3m3s
370600K .......... .......... .......... .......... .......... 93%  133K 3m3s
370650K .......... .......... .......... .......... .......... 93%  139K 3m2s
370700K .......... .......... .......... .......... .......... 93% 73.1K 3m3s
370750K .......... .......... .......... .......... .......... 93% 92.0K 3m3s
370800K .......... .......... .......... .......... .......... 93% 10.2K 3m12s
370850K .......... .......... .......... .......... .......... 93% 1.72M 3m10s
370900K .......... .......... .......... .......... .......... 93% 2.24M 3m9s
370950K .......... .......... .......... .......... .......... 93% 1.85M 3m8s
371000K .......... .......... .......... .......... .......... 93% 2.31M 3m7s
371050K .......... .......... .......... .......... .......... 93% 2.27M 3m6s
371100K .......... .......... .......... .......... .......... 93% 5.04M 3m5s
371150K .......... .......... .......... .......... .......... 93% 5.20M 3m4s
371200K .......... .......... .......... .......... .......... 93% 4.86M 3m3s
371250K .......... .......... .......... .......... .......... 93% 5.08M 3m1s
371300K .......... .......... .......... .......... .......... 93% 4.55M 3m0s
371350K .......... .......... .......... .......... .......... 93%  659K 2m59s
371400K .......... .......... .......... .......... .......... 94% 70.2K 3m0s
371450K .......... .......... .......... .......... .......... 94%  231K 2m59s
371500K .......... .......... .......... .......... .......... 94%  141K 2m59s
371550K .......... .......... .......... .......... .......... 94%  119K 2m58s
371600K .......... .......... .......... .......... .......... 94%  276K 2m57s
371650K .......... .......... .......... .......... .......... 94%  227K 2m57s
371700K .......... .......... .......... .......... .......... 94%  269K 2m56s
371750K .......... .......... .......... .......... .......... 94%  561K 2m55s
371800K .......... .......... .......... .......... .......... 94%  364K 2m54s
371850K .......... .......... .......... .......... .......... 94%  412K 2m54s
371900K .......... .......... .......... .......... .......... 94%  401K 2m53s
371950K .......... .......... .......... .......... .......... 94%  419K 2m52s
372000K .......... .......... .......... .......... .......... 94%  104K 2m52s
372050K .......... .......... .......... .......... .......... 94% 4.15M 2m51s
372100K .......... .......... .......... .......... .......... 94%  173K 2m50s
372150K .......... .......... .......... .......... .......... 94%  315K 2m49s
372200K .......... .......... .......... .......... .......... 94%  202K 2m49s
372250K .......... .......... .......... .......... .......... 94%  281K 2m48s
372300K .......... .......... .......... .......... .......... 94%  262K 2m48s
372350K .......... .......... .......... .......... .......... 94%  154K 2m47s
372400K .......... .......... .......... .......... .......... 94%  151K 2m47s
372450K .......... .......... .......... .......... .......... 94%  102K 2m46s
372500K .......... .......... .......... .......... .......... 94% 79.0K 2m47s
372550K .......... .......... .......... .......... .......... 94%  168K 2m46s
372600K .......... .......... .......... .......... .......... 94%  289K 2m45s
372650K .......... .......... .......... .......... .......... 94%  372K 2m45s
372700K .......... .......... .......... .......... .......... 94%  454K 2m44s
372750K .......... .......... .......... .......... .......... 94%  588K 2m43s
372800K .......... .......... .......... .......... .......... 94%  627K 2m42s
372850K .......... .......... .......... .......... .......... 94%  606K 2m41s
372900K .......... .......... .......... .......... .......... 94%  513K 2m41s
372950K .......... .......... .......... .......... .......... 94%  382K 2m40s
373000K .......... .......... .......... .......... .......... 94%  421K 2m39s
373050K .......... .......... .......... .......... .......... 94%  426K 2m38s
373100K .......... .......... .......... .......... .......... 94%  325K 2m38s
373150K .......... .......... .......... .......... .......... 94%  382K 2m37s
373200K .......... .......... .......... .......... .......... 94%  348K 2m36s
373250K .......... .......... .......... .......... .......... 94%  615K 2m36s
373300K .......... .......... .......... .......... .......... 94%  355K 2m35s
373350K .......... .......... .......... .......... .......... 94%  296K 2m34s
373400K .......... .......... .......... .......... .......... 94%  440K 2m33s
373450K .......... .......... .......... .......... .......... 94%  419K 2m33s
373500K .......... .......... .......... .......... .......... 94%  615K 2m32s
373550K .......... .......... .......... .......... .......... 94%  396K 2m31s
373600K .......... .......... .......... .......... .......... 94%  218K 2m31s
373650K .......... .......... .......... .......... .......... 94%  325K 2m30s
373700K .......... .......... .......... .......... .......... 94%  195K 2m30s
373750K .......... .......... .......... .......... .......... 94%  240K 2m29s
373800K .......... .......... .......... .......... .......... 94%  216K 2m29s
373850K .......... .......... .......... .......... .......... 94%  364K 2m28s
373900K .......... .......... .......... .......... .......... 94%  286K 2m27s
373950K .......... .......... .......... .......... .......... 94%  276K 2m27s
374000K .......... .......... .......... .......... .......... 94%  179K 2m26s
374050K .......... .......... .......... .......... .......... 94%  154K 2m26s
374100K .......... .......... .......... .......... .......... 94% 82.5K 2m26s
374150K .......... .......... .......... .......... .......... 94% 2.04M 2m25s
374200K .......... .......... .......... .......... .......... 94%  225K 2m25s
374250K .......... .......... .......... .......... .......... 94%  460K 2m24s
374300K .......... .......... .......... .......... .......... 94%  324K 2m23s
374350K .......... .......... .......... .......... .......... 94%  251K 2m23s
374400K .......... .......... .......... .......... .......... 94%  343K 2m22s
374450K .......... .......... .......... .......... .......... 94%  255K 2m22s
374500K .......... .......... .......... .......... .......... 94%  591K 2m21s
374550K .......... .......... .......... .......... .......... 94%  437K 2m20s
374600K .......... .......... .......... .......... .......... 94%  628K 2m20s
374650K .......... .......... .......... .......... .......... 94%  422K 2m19s
374700K .......... .......... .......... .......... .......... 94%  511K 2m18s
374750K .......... .......... .......... .......... .......... 94%  314K 2m18s
374800K .......... .......... .......... .......... .......... 94% 15.7K 2m21s
374850K .......... .......... .......... .......... .......... 94%  117K 2m21s
374900K .......... .......... .......... .......... .......... 94%  168K 2m20s
374950K .......... .......... .......... .......... .......... 94% 11.7K 2m25s
375000K .......... .......... .......... .......... .......... 94% 10.4K 2m30s
375050K .......... .......... .......... .......... .......... 94%  456K 2m30s
375100K .......... .......... .......... .......... .......... 94% 1.02M 2m29s
375150K .......... .......... .......... .......... .......... 94% 5.48M 2m28s
375200K .......... .......... .......... .......... .......... 94% 4.65M 2m27s
375250K .......... .......... .......... .......... .......... 94% 5.37M 2m26s
375300K .......... .......... .......... .......... .......... 94% 4.46M 2m26s
375350K .......... .......... .......... .......... .......... 95% 5.43M 2m25s
375400K .......... .......... .......... .......... .......... 95% 5.57M 2m24s
375450K .......... .......... .......... .......... .......... 95% 4.37M 2m23s
375500K .......... .......... .......... .......... .......... 95% 6.06M 2m22s
375550K .......... .......... .......... .......... .......... 95% 4.56M 2m22s
375600K .......... .......... .......... .......... .......... 95% 5.12M 2m21s
375650K .......... .......... .......... .......... .......... 95% 5.76M 2m20s
375700K .......... .......... .......... .......... .......... 95% 4.70M 2m19s
375750K .......... .......... .......... .......... .......... 95% 5.49M 2m18s
375800K .......... .......... .......... .......... .......... 95% 4.35M 2m18s
375850K .......... .......... .......... .......... .......... 95% 5.61M 2m17s
375900K .......... .......... .......... .......... .......... 95% 5.40M 2m16s
375950K .......... .......... .......... .......... .......... 95% 4.23M 2m15s
376000K .......... .......... .......... .......... .......... 95% 5.81M 2m15s
376050K .......... .......... .......... .......... .......... 95% 4.17M 2m14s
376100K .......... .......... .......... .......... .......... 95% 5.14M 2m13s
376150K .......... .......... .......... .......... .......... 95% 4.90M 2m13s
376200K .......... .......... .......... .......... .......... 95% 4.17M 2m12s
376250K .......... .......... .......... .......... .......... 95% 4.82M 2m11s
376300K .......... .......... .......... .......... .......... 95% 3.84M 2m10s
376350K .......... .......... .......... .......... .......... 95% 4.26M 2m10s
376400K .......... .......... .......... .......... .......... 95% 4.40M 2m9s
376450K .......... .......... .......... .......... .......... 95% 3.72M 2m8s
376500K .......... .......... .......... .......... .......... 95% 4.04M 2m8s
376550K .......... .......... .......... .......... .......... 95%  356K 2m7s
376600K .......... .......... .......... .......... .......... 95%  110K 2m7s
376650K .......... .......... .......... .......... .......... 95%  131K 2m7s
376700K .......... .......... .......... .......... .......... 95%  142K 2m6s
376750K .......... .......... .......... .......... .......... 95%  129K 2m6s
376800K .......... .......... .......... .......... .......... 95%  104K 2m6s
376850K .......... .......... .......... .......... .......... 95%  157K 2m5s
376900K .......... .......... .......... .......... .......... 95%  185K 2m5s
376950K .......... .......... .......... .......... .......... 95%  162K 2m4s
377000K .......... .......... .......... .......... .......... 95%  248K 2m4s
377050K .......... .......... .......... .......... .......... 95%  160K 2m4s
377100K .......... .......... .......... .......... .......... 95%  212K 2m3s
377150K .......... .......... .......... .......... .......... 95%  190K 2m3s
377200K .......... .......... .......... .......... .......... 95%  151K 2m2s
377250K .......... .......... .......... .......... .......... 95%  199K 2m2s
377300K .......... .......... .......... .......... .......... 95%  162K 2m2s
377350K .......... .......... .......... .......... .......... 95%  166K 2m1s
377400K .......... .......... .......... .......... .......... 95%  110K 2m1s
377450K .......... .......... .......... .......... .......... 95% 89.5K 2m1s
377500K .......... .......... .......... .......... .......... 95%  123K 2m1s
377550K .......... .......... .......... .......... .......... 95% 91.2K 2m0s
377600K .......... .......... .......... .......... .......... 95%  106K 2m0s
377650K .......... .......... .......... .......... .......... 95% 70.1K 2m0s
377700K .......... .......... .......... .......... .......... 95%  256K 2m0s
377750K .......... .......... .......... .......... .......... 95%  157K 1m59s
377800K .......... .......... .......... .......... .......... 95%  106K 1m59s
377850K .......... .......... .......... .......... .......... 95%  131K 1m59s
377900K .......... .......... .......... .......... .......... 95%  160K 1m58s
377950K .......... .......... .......... .......... .......... 95% 83.8K 1m58s
378000K .......... .......... .......... .......... .......... 95%  104K 1m58s
378050K .......... .......... .......... .......... .......... 95% 61.7K 1m58s
378100K .......... .......... .......... .......... .......... 95% 7.26K 2m4s
378150K .......... .......... .......... .......... .......... 95%  366K 2m3s
378200K .......... .......... .......... .......... .......... 95% 3.75M 2m2s
378250K .......... .......... .......... .......... .......... 95% 4.30M 2m2s
378300K .......... .......... .......... .......... .......... 95% 4.01M 2m1s
378350K .......... .......... .......... .......... .......... 95% 5.33M 2m0s
378400K .......... .......... .......... .......... .......... 95% 5.08M 2m0s
378450K .......... .......... .......... .......... .......... 95% 4.21M 1m59s
378500K .......... .......... .......... .......... .......... 95% 5.20M 1m58s
378550K .......... .......... .......... .......... .......... 95% 4.29M 1m58s
378600K .......... .......... .......... .......... .......... 95%  445K 1m57s
378650K .......... .......... .......... .......... .......... 95% 88.8K 1m57s
378700K .......... .......... .......... .......... .......... 95%  121K 1m57s
378750K .......... .......... .......... .......... .......... 95%  128K 1m56s
378800K .......... .......... .......... .......... .......... 95%  186K 1m56s
378850K .......... .......... .......... .......... .......... 95%  195K 1m55s
378900K .......... .......... .......... .......... .......... 95%  156K 1m55s
378950K .......... .......... .......... .......... .......... 95%  111K 1m55s
379000K .......... .......... .......... .......... .......... 95%  119K 1m55s
379050K .......... .......... .......... .......... .......... 95%  169K 1m54s
379100K .......... .......... .......... .......... .......... 95%  134K 1m54s
379150K .......... .......... .......... .......... .......... 95%  148K 1m53s
379200K .......... .......... .......... .......... .......... 95%  142K 1m53s
379250K .......... .......... .......... .......... .......... 95% 77.4K 1m53s
379300K .......... .......... .......... .......... .......... 96%  378K 1m52s
379350K .......... .......... .......... .......... .......... 96%  207K 1m52s
379400K .......... .......... .......... .......... .......... 96%  240K 1m51s
379450K .......... .......... .......... .......... .......... 96%  291K 1m51s
379500K .......... .......... .......... .......... .......... 96%  268K 1m50s
379550K .......... .......... .......... .......... .......... 96%  282K 1m50s
379600K .......... .......... .......... .......... .......... 96%  192K 1m50s
379650K .......... .......... .......... .......... .......... 96%  205K 1m49s
379700K .......... .......... .......... .......... .......... 96%  256K 1m49s
379750K .......... .......... .......... .......... .......... 96%  352K 1m48s
379800K .......... .......... .......... .......... .......... 96%  311K 1m48s
379850K .......... .......... .......... .......... .......... 96%  543K 1m47s
379900K .......... .......... .......... .......... .......... 96%  362K 1m47s
379950K .......... .......... .......... .......... .......... 96%  207K 1m46s
380000K .......... .......... .......... .......... .......... 96%  269K 1m46s
380050K .......... .......... .......... .......... .......... 96%  149K 1m45s
380100K .......... .......... .......... .......... .......... 96%  370K 1m45s
380150K .......... .......... .......... .......... .......... 96%  118K 1m45s
380200K .......... .......... .......... .......... .......... 96% 2.51M 1m44s
380250K .......... .......... .......... .......... .......... 96%  172K 1m44s
380300K .......... .......... .......... .......... .......... 96% 56.4K 1m44s
380350K .......... .......... .......... .......... .......... 96%  850K 1m43s
380400K .......... .......... .......... .......... .......... 96% 12.1K 1m45s
380450K .......... .......... .......... .......... .......... 96%  825K 1m45s
380500K .......... .......... .......... .......... .......... 96% 5.08M 1m44s
380550K .......... .......... .......... .......... .......... 96% 3.51M 1m44s
380600K .......... .......... .......... .......... .......... 96% 3.88M 1m43s
380650K .......... .......... .......... .......... .......... 96% 4.65M 1m42s
380700K .......... .......... .......... .......... .......... 96% 4.05M 1m42s
380750K .......... .......... .......... .......... .......... 96% 4.12M 1m41s
380800K .......... .......... .......... .......... .......... 96% 3.97M 1m41s
380850K .......... .......... .......... .......... .......... 96% 1.23M 1m40s
380900K .......... .......... .......... .......... .......... 96%  151K 1m40s
380950K .......... .......... .......... .......... .......... 96%  108K 99s
381000K .......... .......... .......... .......... .......... 96% 62.7K 99s
381050K .......... .......... .......... .......... .......... 96%  123K 99s
381100K .......... .......... .......... .......... .......... 96%  134K 99s
381150K .......... .......... .......... .......... .......... 96%  113K 98s
381200K .......... .......... .......... .......... .......... 96% 99.0K 98s
381250K .......... .......... .......... .......... .......... 96% 96.6K 98s
381300K .......... .......... .......... .......... .......... 96% 50.8K 98s
381350K .......... .......... .......... .......... .......... 96% 68.7K 98s
381400K .......... .......... .......... .......... .......... 96% 96.9K 98s
381450K .......... .......... .......... .......... .......... 96% 69.7K 97s
381500K .......... .......... .......... .......... .......... 96% 80.8K 97s
381550K .......... .......... .......... .......... .......... 96% 64.1K 97s
381600K .......... .......... .......... .......... .......... 96%  102K 97s
381650K .......... .......... .......... .......... .......... 96%  127K 96s
381700K .......... .......... .......... .......... .......... 96%  112K 96s
381750K .......... .......... .......... .......... .......... 96%  121K 96s
381800K .......... .......... .......... .......... .......... 96%  102K 96s
381850K .......... .......... .......... .......... .......... 96%  208K 95s
381900K .......... .......... .......... .......... .......... 96%  139K 95s
381950K .......... .......... .......... .......... .......... 96%  185K 94s
382000K .......... .......... .......... .......... .......... 96%  104K 94s
382050K .......... .......... .......... .......... .......... 96%  118K 94s
382100K .......... .......... .......... .......... .......... 96% 89.8K 93s
382150K .......... .......... .......... .......... .......... 96%  105K 93s
382200K .......... .......... .......... .......... .......... 96% 16.6K 94s
382250K .......... .......... .......... .......... .......... 96%  799K 94s
382300K .......... .......... .......... .......... .......... 96%  914K 93s
382350K .......... .......... .......... .......... .......... 96% 5.45M 93s
382400K .......... .......... .......... .......... .......... 96% 5.04M 92s
382450K .......... .......... .......... .......... .......... 96% 4.46M 92s
382500K .......... .......... .......... .......... .......... 96% 5.28M 91s
382550K .......... .......... .......... .......... .......... 96% 4.42M 90s
382600K .......... .......... .......... .......... .......... 96% 4.73M 90s
382650K .......... .......... .......... .......... .......... 96% 5.14M 89s
382700K .......... .......... .......... .......... .......... 96% 73.3K 89s
382750K .......... .......... .......... .......... .......... 96% 55.6K 89s
382800K .......... .......... .......... .......... .......... 96% 88.3K 89s
382850K .......... .......... .......... .......... .......... 96%  163K 88s
382900K .......... .......... .......... .......... .......... 96%  137K 88s
382950K .......... .......... .......... .......... .......... 96%  181K 88s
383000K .......... .......... .......... .......... .......... 96%  143K 87s
383050K .......... .......... .......... .......... .......... 96%  170K 87s
383100K .......... .......... .......... .......... .......... 96%  160K 87s
383150K .......... .......... .......... .......... .......... 96%  135K 86s
383200K .......... .......... .......... .......... .......... 96%  109K 86s
383250K .......... .......... .......... .......... .......... 97%  186K 85s
383300K .......... .......... .......... .......... .......... 97%  150K 85s
383350K .......... .......... .......... .......... .......... 97%  154K 85s
383400K .......... .......... .......... .......... .......... 97%  194K 84s
383450K .......... .......... .......... .......... .......... 97%  136K 84s
383500K .......... .......... .......... .......... .......... 97%  167K 84s
383550K .......... .......... .......... .......... .......... 97% 11.3K 85s
383600K .......... .......... .......... .......... .......... 97% 4.19M 85s
383650K .......... .......... .......... .......... .......... 97% 4.71M 84s
383700K .......... .......... .......... .......... .......... 97% 3.83M 83s
383750K .......... .......... .......... .......... .......... 97% 4.58M 83s
383800K .......... .......... .......... .......... .......... 97% 4.14M 82s
383850K .......... .......... .......... .......... .......... 97% 5.02M 82s
383900K .......... .......... .......... .......... .......... 97% 5.05M 81s
383950K .......... .......... .......... .......... .......... 97% 4.38M 81s
384000K .......... .......... .......... .......... .......... 97% 5.15M 80s
384050K .......... .......... .......... .......... .......... 97%  102K 80s
384100K .......... .......... .......... .......... .......... 97%  196K 80s
384150K .......... .......... .......... .......... .......... 97%  415K 79s
384200K .......... .......... .......... .......... .......... 97%  129K 79s
384250K .......... .......... .......... .......... .......... 97%  123K 78s
384300K .......... .......... .......... .......... .......... 97%  200K 78s
384350K .......... .......... .......... .......... .......... 97%  197K 78s
384400K .......... .......... .......... .......... .......... 97%  123K 77s
384450K .......... .......... .......... .......... .......... 97%  137K 77s
384500K .......... .......... .......... .......... .......... 97%  147K 77s
384550K .......... .......... .......... .......... .......... 97%  134K 76s
384600K .......... .......... .......... .......... .......... 97%  183K 76s
384650K .......... .......... .......... .......... .......... 97%  152K 75s
384700K .......... .......... .......... .......... .......... 97% 74.8K 75s
384750K .......... .......... .......... .......... .......... 97%  104K 75s
384800K .......... .......... .......... .......... .......... 97% 92.4K 75s
384850K .......... .......... .......... .......... .......... 97%  103K 74s
384900K .......... .......... .......... .......... .......... 97% 82.6K 74s
384950K .......... .......... .......... .......... .......... 97% 94.4K 74s
385000K .......... .......... .......... .......... .......... 97%  144K 73s
385050K .......... .......... .......... .......... .......... 97%  116K 73s
385100K .......... .......... .......... .......... .......... 97%  202K 73s
385150K .......... .......... .......... .......... .......... 97%  119K 72s
385200K .......... .......... .......... .......... .......... 97%  104K 72s
385250K .......... .......... .......... .......... .......... 97%  166K 71s
385300K .......... .......... .......... .......... .......... 97% 96.8K 71s
385350K .......... .......... .......... .......... .......... 97%  141K 71s
385400K .......... .......... .......... .......... .......... 97%  220K 70s
385450K .......... .......... .......... .......... .......... 97%  188K 70s
385500K .......... .......... .......... .......... .......... 97%  311K 70s
385550K .......... .......... .......... .......... .......... 97% 74.2K 69s
385600K .......... .......... .......... .......... .......... 97% 13.1K 70s
385650K .......... .......... .......... .......... .......... 97% 4.52M 70s
385700K .......... .......... .......... .......... .......... 97% 4.24M 69s
385750K .......... .......... .......... .......... .......... 97% 4.84M 69s
385800K .......... .......... .......... .......... .......... 97% 4.50M 68s
385850K .......... .......... .......... .......... .......... 97% 5.40M 68s
385900K .......... .......... .......... .......... .......... 97% 5.01M 67s
385950K .......... .......... .......... .......... .......... 97% 4.46M 67s
386000K .......... .......... .......... .......... .......... 97% 5.49M 66s
386050K .......... .......... .......... .......... .......... 97% 4.76M 66s
386100K .......... .......... .......... .......... .......... 97%  107K 65s
386150K .......... .......... .......... .......... .......... 97%  521K 65s
386200K .......... .......... .......... .......... .......... 97% 86.8K 65s
386250K .......... .......... .......... .......... .......... 97%  155K 64s
386300K .......... .......... .......... .......... .......... 97%  122K 64s
386350K .......... .......... .......... .......... .......... 97% 63.5K 64s
386400K .......... .......... .......... .......... .......... 97%  262K 63s
386450K .......... .......... .......... .......... .......... 97%  104K 63s
386500K .......... .......... .......... .......... .......... 97%  204K 63s
386550K .......... .......... .......... .......... .......... 97%  124K 62s
386600K .......... .......... .......... .......... .......... 97%  165K 62s
386650K .......... .......... .......... .......... .......... 97%  170K 61s
386700K .......... .......... .......... .......... .......... 97%  217K 61s
386750K .......... .......... .......... .......... .......... 97%  246K 61s
386800K .......... .......... .......... .......... .......... 97%  280K 60s
386850K .......... .......... .......... .......... .......... 97%  361K 60s
386900K .......... .......... .......... .......... .......... 97%  364K 59s
386950K .......... .......... .......... .......... .......... 97%  256K 59s
387000K .......... .......... .......... .......... .......... 97%  363K 59s
387050K .......... .......... .......... .......... .......... 97%  254K 58s
387100K .......... .......... .......... .......... .......... 97%  427K 58s
387150K .......... .......... .......... .......... .......... 97%  326K 57s
387200K .......... .......... .......... .......... .......... 98%  271K 57s
387250K .......... .......... .......... .......... .......... 98%  389K 56s
387300K .......... .......... .......... .......... .......... 98%  316K 56s
387350K .......... .......... .......... .......... .......... 98%  289K 56s
387400K .......... .......... .......... .......... .......... 98%  277K 55s
387450K .......... .......... .......... .......... .......... 98%  284K 55s
387500K .......... .......... .......... .......... .......... 98%  530K 54s
387550K .......... .......... .......... .......... .......... 98%  436K 54s
387600K .......... .......... .......... .......... .......... 98%  366K 53s
387650K .......... .......... .......... .......... .......... 98%  334K 53s
387700K .......... .......... .......... .......... .......... 98%  247K 53s
387750K .......... .......... .......... .......... .......... 98%  371K 52s
387800K .......... .......... .......... .......... .......... 98%  424K 52s
387850K .......... .......... .......... .......... .......... 98%  360K 51s
387900K .......... .......... .......... .......... .......... 98%  336K 51s
387950K .......... .......... .......... .......... .......... 98%  292K 51s
388000K .......... .......... .......... .......... .......... 98%  338K 50s
388050K .......... .......... .......... .......... .......... 98%  228K 50s
388100K .......... .......... .......... .......... .......... 98%  194K 49s
388150K .......... .......... .......... .......... .......... 98%  206K 49s
388200K .......... .......... .......... .......... .......... 98%  244K 49s
388250K .......... .......... .......... .......... .......... 98%  259K 48s
388300K .......... .......... .......... .......... .......... 98%  226K 48s
388350K .......... .......... .......... .......... .......... 98%  277K 48s
388400K .......... .......... .......... .......... .......... 98%  216K 47s
388450K .......... .......... .......... .......... .......... 98%  239K 47s
388500K .......... .......... .......... .......... .......... 98%  248K 46s
388550K .......... .......... .......... .......... .......... 98%  237K 46s
388600K .......... .......... .......... .......... .......... 98%  285K 46s
388650K .......... .......... .......... .......... .......... 98%  308K 45s
388700K .......... .......... .......... .......... .......... 98%  247K 45s
388750K .......... .......... .......... .......... .......... 98%  303K 44s
388800K .......... .......... .......... .......... .......... 98%  235K 44s
388850K .......... .......... .......... .......... .......... 98%  244K 44s
388900K .......... .......... .......... .......... .......... 98%  245K 43s
388950K .......... .......... .......... .......... .......... 98%  209K 43s
389000K .......... .......... .......... .......... .......... 98%  277K 42s
389050K .......... .......... .......... .......... .......... 98%  261K 42s
389100K .......... .......... .......... .......... .......... 98%  260K 42s
389150K .......... .......... .......... .......... .......... 98%  353K 41s
389200K .......... .......... .......... .......... .......... 98%  272K 41s
389250K .......... .......... .......... .......... .......... 98%  282K 41s
389300K .......... .......... .......... .......... .......... 98%  224K 40s
389350K .......... .......... .......... .......... .......... 98%  265K 40s
389400K .......... .......... .......... .......... .......... 98%  226K 39s
389450K .......... .......... .......... .......... .......... 98%  191K 39s
389500K .......... .......... .......... .......... .......... 98%  112K 39s
389550K .......... .......... .......... .......... .......... 98% 12.2K 39s
389600K .......... .......... .......... .......... .......... 98%  292K 39s
389650K .......... .......... .......... .......... .......... 98% 1.26M 38s
389700K .......... .......... .......... .......... .......... 98% 1.68M 38s
389750K .......... .......... .......... .......... .......... 98% 2.95M 37s
389800K .......... .......... .......... .......... .......... 98% 4.40M 37s
389850K .......... .......... .......... .......... .......... 98% 4.89M 37s
389900K .......... .......... .......... .......... .......... 98% 5.34M 36s
389950K .......... .......... .......... .......... .......... 98% 4.46M 36s
390000K .......... .......... .......... .......... .......... 98% 5.90M 35s
390050K .......... .......... .......... .......... .......... 98% 4.60M 35s
390100K .......... .......... .......... .......... .......... 98% 4.95M 35s
390150K .......... .......... .......... .......... .......... 98% 5.06M 34s
390200K .......... .......... .......... .......... .......... 98%  683K 34s
390250K .......... .......... .......... .......... .......... 98%  125K 33s
390300K .......... .......... .......... .......... .......... 98%  209K 33s
390350K .......... .......... .......... .......... .......... 98%  235K 33s
390400K .......... .......... .......... .......... .......... 98%  201K 32s
390450K .......... .......... .......... .......... .......... 98%  158K 32s
390500K .......... .......... .......... .......... .......... 98%  125K 32s
390550K .......... .......... .......... .......... .......... 98%  133K 31s
390600K .......... .......... .......... .......... .......... 98%  192K 31s
390650K .......... .......... .......... .......... .......... 98%  140K 31s
390700K .......... .......... .......... .......... .......... 98%  191K 30s
390750K .......... .......... .......... .......... .......... 98%  170K 30s
390800K .......... .......... .......... .......... .......... 98% 12.6K 30s
390850K .......... .......... .......... .......... .......... 98%  164K 30s
390900K .......... .......... .......... .......... .......... 98% 14.4K 30s
390950K .......... .......... .......... .......... .......... 98% 3.71M 29s
391000K .......... .......... .......... .......... .......... 98%  242K 29s
391050K .......... .......... .......... .......... .......... 98% 4.53M 29s
391100K .......... .......... .......... .......... .......... 98% 4.25M 28s
391150K .......... .......... .......... .......... .......... 99% 5.33M 28s
391200K .......... .......... .......... .......... .......... 99% 4.46M 27s
391250K .......... .......... .......... .......... .......... 99% 5.22M 27s
391300K .......... .......... .......... .......... .......... 99% 4.63M 27s
391350K .......... .......... .......... .......... .......... 99% 5.89M 26s
391400K .......... .......... .......... .......... .......... 99% 5.32M 26s
391450K .......... .......... .......... .......... .......... 99% 4.63M 25s
391500K .......... .......... .......... .......... .......... 99% 5.58M 25s
391550K .......... .......... .......... .......... .......... 99% 4.73M 25s
391600K .......... .......... .......... .......... .......... 99% 5.25M 24s
391650K .......... .......... .......... .......... .......... 99% 5.52M 24s
391700K .......... .......... .......... .......... .......... 99% 4.83M 23s
391750K .......... .......... .......... .......... .......... 99%  164K 23s
391800K .......... .......... .......... .......... .......... 99%  104K 23s
391850K .......... .......... .......... .......... .......... 99%  166K 22s
391900K .......... .......... .......... .......... .......... 99%  164K 22s
391950K .......... .......... .......... .......... .......... 99%  121K 22s
392000K .......... .......... .......... .......... .......... 99%  140K 21s
392050K .......... .......... .......... .......... .......... 99%  135K 21s
392100K .......... .......... .......... .......... .......... 99% 23.0K 21s
392150K .......... .......... .......... .......... .......... 99% 2.44M 20s
392200K .......... .......... .......... .......... .......... 99% 3.40M 20s
392250K .......... .......... .......... .......... .......... 99% 4.01M 20s
392300K .......... .......... .......... .......... .......... 99% 3.41M 19s
392350K .......... .......... .......... .......... .......... 99% 3.74M 19s
392400K .......... .......... .......... .......... .......... 99%  628K 19s
392450K .......... .......... .......... .......... .......... 99%  174K 18s
392500K .......... .......... .......... .......... .......... 99%  197K 18s
392550K .......... .......... .......... .......... .......... 99%  169K 18s
392600K .......... .......... .......... .......... .......... 99%  166K 17s
392650K .......... .......... .......... .......... .......... 99%  202K 17s
392700K .......... .......... .......... .......... .......... 99%  136K 16s
392750K .......... .......... .......... .......... .......... 99%  269K 16s
392800K .......... .......... .......... .......... .......... 99%  183K 16s
392850K .......... .......... .......... .......... .......... 99%  222K 15s
392900K .......... .......... .......... .......... .......... 99%  189K 15s
392950K .......... .......... .......... .......... .......... 99%  152K 15s
393000K .......... .......... .......... .......... .......... 99%  149K 14s
393050K .......... .......... .......... .......... .......... 99%  158K 14s
393100K .......... .......... .......... .......... .......... 99%  176K 14s
393150K .......... .......... .......... .......... .......... 99%  368K 13s
393200K .......... .......... .......... .......... .......... 99%  214K 13s
393250K .......... .......... .......... .......... .......... 99%  506K 13s
393300K .......... .......... .......... .......... .......... 99%  119K 12s
393350K .......... .......... .......... .......... .......... 99%  190K 12s
393400K .......... .......... .......... .......... .......... 99%  152K 12s
393450K .......... .......... .......... .......... .......... 99% 25.4K 11s
393500K .......... .......... .......... .......... .......... 99% 2.29M 11s
393550K .......... .......... .......... .......... .......... 99% 2.04M 11s
393600K .......... .......... .......... .......... .......... 99% 2.32M 10s
393650K .......... .......... .......... .......... .......... 99%  412K 10s
393700K .......... .......... .......... .......... .......... 99%  102K 9s
393750K .......... .......... .......... .......... .......... 99%  128K 9s
393800K .......... .......... .......... .......... .......... 99%  151K 9s
393850K .......... .......... .......... .......... .......... 99%  129K 8s
393900K .......... .......... .......... .......... .......... 99%  225K 8s
393950K .......... .......... .......... .......... .......... 99%  183K 8s
394000K .......... .......... .......... .......... .......... 99%  274K 7s
394050K .......... .......... .......... .......... .......... 99%  221K 7s
394100K .......... .......... .......... .......... .......... 99%  237K 7s
394150K .......... .......... .......... .......... .......... 99%  236K 6s
394200K .......... .......... .......... .......... .......... 99%  170K 6s
394250K .......... .......... .......... .......... .......... 99%  184K 6s
394300K .......... .......... .......... .......... .......... 99%  157K 5s
394350K .......... .......... .......... .......... .......... 99%  211K 5s
394400K .......... .......... .......... .......... .......... 99%  264K 5s
394450K .......... .......... .......... .......... .......... 99%  224K 4s
394500K .......... .......... .......... .......... .......... 99%  300K 4s
394550K .......... .......... .......... .......... .......... 99%  255K 4s
394600K .......... .......... .......... .......... .......... 99%  311K 3s
394650K .......... .......... .......... .......... .......... 99%  350K 3s
394700K .......... .......... .......... .......... .......... 99%  221K 2s
394750K .......... .......... .......... .......... .......... 99%  275K 2s
394800K .......... .......... .......... .......... .......... 99%  200K 2s
394850K .......... .......... .......... .......... .......... 99%  207K 1s
394900K .......... .......... .......... .......... .......... 99%  221K 1s
394950K .......... .......... .......... .......... .......... 99% 93.9K 1s
395000K .......... .......... .......... .......... .......... 99%  143K 0s
395050K .......... .......... .......... .......... .......... 99%  224K 0s
395100K .........                                             100%  979K=4m9s

2026-05-31 18:01:34 (145 KB/s) - ‘data/metadata_raw/GSE68310/GSE68310_family.soft.gz’ saved [404592570/404592570]

