--2026-05-31 18:45:40--  https://ftp.ncbi.nlm.nih.gov/geo/series/GSE73nnn/GSE73461/soft/GSE73461_family.soft.gz
Resolving ftp.ncbi.nlm.nih.gov (ftp.ncbi.nlm.nih.gov)... 130.14.250.7, 130.14.250.10, 2607:f220:41e:250::12, ...
Connecting to ftp.ncbi.nlm.nih.gov (ftp.ncbi.nlm.nih.gov)|130.14.250.7|:443... connected.
HTTP request sent, awaiting response... 200 OK
Length: 250258884 (239M) [application/x-gzip]
Saving to: ‘data/metadata_raw/GSE73461/GSE73461_family.soft.gz’

     0K .......... .......... .......... .......... ..........  0% 61.2K 66m34s
    50K .......... .......... .......... .......... ..........  0%  135K 48m22s
   100K .......... .......... .......... .......... ..........  0%  351K 36m6s
   150K .......... .......... .......... .......... ..........  0%  158K 33m30s
   200K .......... .......... .......... .......... ..........  0%  133K 32m55s
   250K .......... .......... .......... .......... ..........  0%  133K 32m32s
   300K .......... .......... .......... .......... ..........  0%  371K 29m27s
   350K .......... .......... .......... .......... ..........  0%  152K 29m7s
   400K .......... .......... .......... .......... ..........  0%  150K 28m53s
   450K .......... .......... .......... .......... ..........  0%  143K 28m49s
   500K .......... .......... .......... .......... ..........  0%  356K 27m14s
   550K .......... .......... .......... .......... ..........  0%  150K 27m13s
   600K .......... .......... .......... .......... ..........  0%  387K 25m56s
   650K .......... .......... .......... .......... ..........  0%  153K 25m58s
   700K .......... .......... .......... .......... ..........  0%  162K 25m54s
   750K .......... .......... .......... .......... ..........  0%  371K 24m58s
   800K .......... .......... .......... .......... ..........  0%  190K 24m45s
   850K .......... .......... .......... .......... ..........  0%  304K 24m7s
   900K .......... .......... .......... .......... ..........  0%  195K 23m56s
   950K .......... .......... .......... .......... ..........  0%  343K 23m19s
  1000K .......... .......... .......... .......... ..........  0%  204K 23m9s
  1050K .......... .......... .......... .......... ..........  0%  449K 22m30s
  1100K .......... .......... .......... .......... ..........  0%  233K 22m17s
  1150K .......... .......... .......... .......... ..........  0%  345K 21m50s
  1200K .......... .......... .......... .......... ..........  0%  388K 21m23s
  1250K .......... .......... .......... .......... ..........  0%  227K 21m14s
  1300K .......... .......... .......... .......... ..........  0%  506K 20m45s
  1350K .......... .......... .......... .......... ..........  0%  391K 20m22s
  1400K .......... .......... .......... .......... ..........  0%  320K 20m6s
  1450K .......... .......... .......... .......... ..........  0%  350K 19m49s
  1500K .......... .......... .......... .......... ..........  0%  407K 19m29s
  1550K .......... .......... .......... .......... ..........  0%  280K 19m20s
  1600K .......... .......... .......... .......... ..........  0% 1.35M 18m50s
  1650K .......... .......... .......... .......... ..........  0%  530K 18m30s
  1700K .......... .......... .......... .......... ..........  0%  258K 18m25s
  1750K .......... .......... .......... .......... ..........  0%  385K 18m11s
  1800K .......... .......... .......... .......... ..........  0% 1017K 17m48s
  1850K .......... .......... .......... .......... ..........  0%  610K 17m30s
  1900K .......... .......... .......... .......... ..........  0%  617K 17m13s
  1950K .......... .......... .......... .......... ..........  0%  274K 17m9s
  2000K .......... .......... .......... .......... ..........  0%  533K 16m55s
  2050K .......... .......... .......... .......... ..........  0%  684K 16m39s
  2100K .......... .......... .......... .......... ..........  0%  476K 16m27s
  2150K .......... .......... .......... .......... ..........  0%  597K 16m14s
  2200K .......... .......... .......... .......... ..........  0%  437K 16m4s
  2250K .......... .......... .......... .......... ..........  0%  603K 15m52s
  2300K .......... .......... .......... .......... ..........  0%  518K 15m41s
  2350K .......... .......... .......... .......... ..........  0%  476K 15m32s
  2400K .......... .......... .......... .......... ..........  1%  583K 15m21s
  2450K .......... .......... .......... .......... ..........  1%  480K 15m13s
  2500K .......... .......... .......... .......... ..........  1%  718K 15m1s
  2550K .......... .......... .......... .......... ..........  1%  840K 14m49s
  2600K .......... .......... .......... .......... ..........  1%  694K 14m39s
  2650K .......... .......... .......... .......... ..........  1%  934K 14m27s
  2700K .......... .......... .......... .......... ..........  1%  992K 14m16s
  2750K .......... .......... .......... .......... ..........  1% 1.14M 14m4s
  2800K .......... .......... .......... .......... ..........  1%  890K 13m54s
  2850K .......... .......... .......... .......... ..........  1%  470K 13m48s
  2900K .......... .......... .......... .......... ..........  1%  930K 13m38s
  2950K .......... .......... .......... .......... ..........  1%  999K 13m29s
  3000K .......... .......... .......... .......... ..........  1% 1.17M 13m18s
  3050K .......... .......... .......... .......... ..........  1% 1.31M 13m8s
  3100K .......... .......... .......... .......... ..........  1%  968K 13m0s
  3150K .......... .......... .......... .......... ..........  1%  607K 12m53s
  3200K .......... .......... .......... .......... ..........  1% 1.74M 12m44s
  3250K .......... .......... .......... .......... ..........  1%  889K 12m36s
  3300K .......... .......... .......... .......... ..........  1% 1.11M 12m28s
  3350K .......... .......... .......... .......... ..........  1% 1.05M 12m20s
  3400K .......... .......... .......... .......... ..........  1% 1.19M 12m12s
  3450K .......... .......... .......... .......... ..........  1% 1.03M 12m4s
  3500K .......... .......... .......... .......... ..........  1% 1.43M 11m56s
  3550K .......... .......... .......... .......... ..........  1%  637K 11m52s
  3600K .......... .......... .......... .......... ..........  1% 1.08M 11m45s
  3650K .......... .......... .......... .......... ..........  1% 1.57M 11m37s
  3700K .......... .......... .......... .......... ..........  1% 1.41M 11m30s
  3750K .......... .......... .......... .......... ..........  1% 1.10M 11m23s
  3800K .......... .......... .......... .......... ..........  1% 1.67M 11m16s
  3850K .......... .......... .......... .......... ..........  1% 1024K 11m10s
  3900K .......... .......... .......... .......... ..........  1%  963K 11m5s
  3950K .......... .......... .......... .......... ..........  1% 1.46M 10m58s
  4000K .......... .......... .......... .......... ..........  1% 1.26M 10m53s
  4050K .......... .......... .......... .......... ..........  1%  925K 10m48s
  4100K .......... .......... .......... .......... ..........  1% 1.17M 10m42s
  4150K .......... .......... .......... .......... ..........  1% 1.61M 10m36s
  4200K .......... .......... .......... .......... ..........  1% 1.13M 10m31s
  4250K .......... .......... .......... .......... ..........  1% 1.34M 10m25s
  4300K .......... .......... .......... .......... ..........  1% 1.27M 10m20s
  4350K .......... .......... .......... .......... ..........  1% 1.12M 10m15s
  4400K .......... .......... .......... .......... ..........  1% 1.52M 10m10s
  4450K .......... .......... .......... .......... ..........  1% 1.23M 10m5s
  4500K .......... .......... .......... .......... ..........  1% 1.14M 10m1s
  4550K .......... .......... .......... .......... ..........  1%  572K 9m59s
  4600K .......... .......... .......... .......... ..........  1% 1.25M 9m54s
  4650K .......... .......... .......... .......... ..........  1% 1.45M 9m49s
  4700K .......... .......... .......... .......... ..........  1% 1.22M 9m45s
  4750K .......... .......... .......... .......... ..........  1% 1.42M 9m41s
  4800K .......... .......... .......... .......... ..........  1% 1.40M 9m36s
  4850K .......... .......... .......... .......... ..........  2% 1.19M 9m32s
  4900K .......... .......... .......... .......... ..........  2% 1.38M 9m28s
  4950K .......... .......... .......... .......... ..........  2% 1.17M 9m24s
  5000K .......... .......... .......... .......... ..........  2% 1.34M 9m20s
  5050K .......... .......... .......... .......... ..........  2% 1.34M 9m16s
  5100K .......... .......... .......... .......... ..........  2% 1.12M 9m13s
  5150K .......... .......... .......... .......... ..........  2% 1.31M 9m9s
  5200K .......... .......... .......... .......... ..........  2% 1.11M 9m6s
  5250K .......... .......... .......... .......... ..........  2% 1.29M 9m2s
  5300K .......... .......... .......... .......... ..........  2% 1.28M 8m59s
  5350K .......... .......... .......... .......... ..........  2% 1.07M 8m56s
  5400K .......... .......... .......... .......... ..........  2% 1.26M 8m52s
  5450K .......... .......... .......... .......... ..........  2% 1.07M 8m49s
  5500K .......... .......... .......... .......... ..........  2% 1.22M 8m46s
  5550K .......... .......... .......... .......... ..........  2% 1.23M 8m43s
  5600K .......... .......... .......... .......... ..........  2% 1.04M 8m40s
  5650K .......... .......... .......... .......... ..........  2% 1.20M 8m37s
  5700K .......... .......... .......... .......... ..........  2% 1.02M 8m35s
  5750K .......... .......... .......... .......... ..........  2% 1.18M 8m32s
  5800K .......... .......... .......... .......... ..........  2% 1.17M 8m29s
  5850K .......... .......... .......... .......... ..........  2% 1019K 8m27s
  5900K .......... .......... .......... .......... ..........  2% 1.15M 8m24s
  5950K .......... .......... .......... .......... ..........  2% 1006K 8m22s
  6000K .......... .......... .......... .......... ..........  2% 1.13M 8m19s
  6050K .......... .......... .......... .......... ..........  2% 1.13M 8m17s
  6100K .......... .......... .......... .......... ..........  2%  980K 8m15s
  6150K .......... .......... .......... .......... ..........  2% 1.11M 8m12s
  6200K .......... .......... .......... .......... ..........  2%  963K 8m10s
  6250K .......... .......... .......... .......... ..........  2% 1.09M 8m8s
  6300K .......... .......... .......... .......... ..........  2% 1.08M 8m6s
  6350K .......... .......... .......... .......... ..........  2%  940K 8m4s
  6400K .......... .......... .......... .......... ..........  2% 1.07M 8m2s
  6450K .......... .......... .......... .......... ..........  2%  932K 8m0s
  6500K .......... .......... .......... .......... ..........  2% 1.05M 7m58s
  6550K .......... .......... .......... .......... ..........  2% 1.04M 7m56s
  6600K .......... .......... .......... .......... ..........  2%  915K 7m54s
  6650K .......... .......... .......... .......... ..........  2% 1.02M 7m52s
  6700K .......... .......... .......... .......... ..........  2%  890K 7m50s
  6750K .......... .......... .......... .......... ..........  2% 1.02M 7m48s
  6800K .......... .......... .......... .......... ..........  2% 1.00M 7m47s
  6850K .......... .......... .......... .......... ..........  2%  858K 7m45s
  6900K .......... .......... .......... .......... ..........  2% 1.00M 7m43s
  6950K .......... .......... .......... .......... ..........  2%  868K 7m42s
  7000K .......... .......... .......... .......... ..........  2% 1006K 7m40s
  7050K .......... .......... .......... .......... ..........  2%  993K 7m39s
  7100K .......... .......... .......... .......... ..........  2%  850K 7m37s
  7150K .......... .......... .......... .......... ..........  2%  980K 7m36s
  7200K .......... .......... .......... .......... ..........  2%  833K 7m34s
  7250K .......... .......... .......... .......... ..........  2%  972K 7m33s
  7300K .......... .......... .......... .......... ..........  3%  962K 7m31s
  7350K .......... .......... .......... .......... ..........  3%  817K 7m30s
  7400K .......... .......... .......... .......... ..........  3%  948K 7m29s
  7450K .......... .......... .......... .......... ..........  3%  809K 7m28s
  7500K .......... .......... .......... .......... ..........  3%  938K 7m26s
  7550K .......... .......... .......... .......... ..........  3%  931K 7m25s
  7600K .......... .......... .......... .......... ..........  3%  796K 7m24s
  7650K .......... .......... .......... .......... ..........  3%  918K 7m22s
  7700K .......... .......... .......... .......... ..........  3%  782K 7m21s
  7750K .......... .......... .......... .......... ..........  3%  909K 7m20s
  7800K .......... .......... .......... .......... ..........  3%  907K 7m19s
  7850K .......... .......... .......... .......... ..........  3%  766K 7m18s
  7900K .......... .......... .......... .......... ..........  3%  892K 7m17s
  7950K .......... .......... .......... .......... ..........  3%  761K 7m16s
  8000K .......... .......... .......... .......... ..........  3%  882K 7m15s
  8050K .......... .......... .......... .......... ..........  3%  870K 7m14s
  8100K .......... .......... .......... .......... ..........  3%  748K 7m13s
  8150K .......... .......... .......... .......... ..........  3%  864K 7m12s
  8200K .......... .......... .......... .......... ..........  3%  736K 7m11s
  8250K .......... .......... .......... .......... ..........  3%  856K 7m10s
  8300K .......... .......... .......... .......... ..........  3%  852K 7m9s
  8350K .......... .......... .......... .......... ..........  3%  723K 7m8s
  8400K .......... .......... .......... .......... ..........  3%  842K 7m7s
  8450K .......... .......... .......... .......... ..........  3%  717K 7m7s
  8500K .......... .......... .......... .......... ..........  3%  828K 7m6s
  8550K .......... .......... .......... .......... ..........  3%  826K 7m5s
  8600K .......... .......... .......... .......... ..........  3%  706K 7m4s
  8650K .......... .......... .......... .......... ..........  3%  815K 7m3s
  8700K .......... .......... .......... .......... ..........  3%  696K 7m3s
  8750K .......... .......... .......... .......... ..........  3%  810K 7m2s
  8800K .......... .......... .......... .......... ..........  3%  805K 7m1s
  8850K .......... .......... .......... .......... ..........  3%  683K 7m1s
  8900K .......... .......... .......... .......... ..........  3%  787K 7m0s
  8950K .......... .......... .......... .......... ..........  3%  686K 6m59s
  9000K .......... .......... .......... .......... ..........  3%  781K 6m59s
  9050K .......... .......... .......... .......... ..........  3%  783K 6m58s
  9100K .......... .......... .......... .......... ..........  3%  668K 6m57s
  9150K .......... .......... .......... .......... ..........  3%  774K 6m57s
  9200K .......... .......... .......... .......... ..........  3%  657K 6m56s
  9250K .......... .......... .......... .......... ..........  3%  765K 6m56s
  9300K .......... .......... .......... .......... ..........  3%  761K 6m55s
  9350K .......... .......... .......... .......... ..........  3%  649K 6m55s
  9400K .......... .......... .......... .......... ..........  3%  755K 6m54s
  9450K .......... .......... .......... .......... ..........  3%  644K 6m54s
  9500K .......... .......... .......... .......... ..........  3%  746K 6m53s
  9550K .......... .......... .......... .......... ..........  3%  741K 6m52s
  9600K .......... .......... .......... .......... ..........  3%  635K 6m52s
  9650K .......... .......... .......... .......... ..........  3%  735K 6m52s
  9700K .......... .......... .......... .......... ..........  3%  625K 6m51s
  9750K .......... .......... .......... .......... ..........  4%  731K 6m51s
  9800K .......... .......... .......... .......... ..........  4%  722K 6m50s
  9850K .......... .......... .......... .......... ..........  4%  616K 6m50s
  9900K .......... .......... .......... .......... ..........  4%  717K 6m49s
  9950K .......... .......... .......... .......... ..........  4%  613K 6m49s
 10000K .......... .......... .......... .......... ..........  4%  709K 6m49s
 10050K .......... .......... .......... .......... ..........  4%  707K 6m48s
 10100K .......... .......... .......... .......... ..........  4%  604K 6m48s
 10150K .......... .......... .......... .......... ..........  4%  699K 6m48s
 10200K .......... .......... .......... .......... ..........  4%  595K 6m48s
 10250K .......... .......... .......... .......... ..........  4%  694K 6m47s
 10300K .......... .......... .......... .......... ..........  4%  689K 6m47s
 10350K .......... .......... .......... .......... ..........  4%  588K 6m47s
 10400K .......... .......... .......... .......... ..........  4%  685K 6m46s
 10450K .......... .......... .......... .......... ..........  4%  579K 6m46s
 10500K .......... .......... .......... .......... ..........  4%  676K 6m46s
 10550K .......... .......... .......... .......... ..........  4%  672K 6m45s
 10600K .......... .......... .......... .......... ..........  4%  577K 6m45s
 10650K .......... .......... .......... .......... ..........  4%  668K 6m45s
 10700K .......... .......... .......... .......... ..........  4%  568K 6m45s
 10750K .......... .......... .......... .......... ..........  4%  662K 6m45s
 10800K .......... .......... .......... .......... ..........  4%  660K 6m44s
 10850K .......... .......... .......... .......... ..........  4%  562K 6m44s
 10900K .......... .......... .......... .......... ..........  4%  653K 6m44s
 10950K .......... .......... .......... .......... ..........  4%  559K 6m44s
 11000K .......... .......... .......... .......... ..........  4%  643K 6m44s
 11050K .......... .......... .......... .......... ..........  4%  646K 6m43s
 11100K .......... .......... .......... .......... ..........  4%  550K 6m43s
 11150K .......... .......... .......... .......... ..........  4%  639K 6m43s
 11200K .......... .......... .......... .......... ..........  4%  544K 6m43s
 11250K .......... .......... .......... .......... ..........  4%  633K 6m43s
 11300K .......... .......... .......... .......... ..........  4%  631K 6m43s
 11350K .......... .......... .......... .......... ..........  4%  536K 6m43s
 11400K .......... .......... .......... .......... ..........  4%  626K 6m42s
 11450K .......... .......... .......... .......... ..........  4%  535K 6m43s
 11500K .......... .......... .......... .......... ..........  4%  616K 6m42s
 11550K .......... .......... .......... .......... ..........  4%  617K 6m42s
 11600K .......... .......... .......... .......... ..........  4%  528K 6m42s
 11650K .......... .......... .......... .......... ..........  4%  607K 6m42s
 11700K .......... .......... .......... .......... ..........  4%  524K 6m42s
 11750K .......... .......... .......... .......... ..........  4%  604K 6m42s
 11800K .......... .......... .......... .......... ..........  4%  605K 6m42s
 11850K .......... .......... .......... .......... ..........  4%  518K 6m42s
 11900K .......... .......... .......... .......... ..........  4%  600K 6m42s
 11950K .......... .......... .......... .......... ..........  4%  511K 6m42s
 12000K .......... .......... .......... .......... ..........  4%  593K 6m42s
 12050K .......... .......... .......... .......... ..........  4%  592K 6m42s
 12100K .......... .......... .......... .......... ..........  4%  507K 6m42s
 12150K .......... .......... .......... .......... ..........  4%  587K 6m42s
 12200K .......... .......... .......... .......... ..........  5%  501K 6m42s
 12250K .......... .......... .......... .......... ..........  5%  580K 6m42s
 12300K .......... .......... .......... .......... ..........  5%  581K 6m42s
 12350K .......... .......... .......... .......... ..........  5%  496K 6m42s
 12400K .......... .......... .......... .......... ..........  5%  576K 6m42s
 12450K .......... .......... .......... .......... ..........  5%  493K 6m42s
 12500K .......... .......... .......... .......... ..........  5%  571K 6m42s
 12550K .......... .......... .......... .......... ..........  5%  568K 6m42s
 12600K .......... .......... .......... .......... ..........  5%  487K 6m42s
 12650K .......... .......... .......... .......... ..........  5%  565K 6m42s
 12700K .......... .......... .......... .......... ..........  5%  481K 6m42s
 12750K .......... .......... .......... .......... ..........  5%  556K 6m42s
 12800K .......... .......... .......... .......... ..........  5%  557K 6m42s
 12850K .......... .......... .......... .......... ..........  5%  475K 6m42s
 12900K .......... .......... .......... .......... ..........  5%  557K 6m42s
 12950K .......... .......... .......... .......... ..........  5%  473K 6m43s
 13000K .......... .......... .......... .......... ..........  5%  550K 6m43s
 13050K .......... .......... .......... .......... ..........  5%  547K 6m43s
 13100K .......... .......... .......... .......... ..........  5%  468K 6m43s
 13150K .......... .......... .......... .......... ..........  5%  542K 6m43s
 13200K .......... .......... .......... .......... ..........  5%  465K 6m43s
 13250K .......... .......... .......... .......... ..........  5%  539K 6m43s
 13300K .......... .......... .......... .......... ..........  5%  539K 6m43s
 13350K .......... .......... .......... .......... ..........  5%  457K 6m43s
 13400K .......... .......... .......... .......... ..........  5%  533K 6m43s
 13450K .......... .......... .......... .......... ..........  5%  458K 6m44s
 13500K .......... .......... .......... .......... ..........  5%  522K 6m44s
 13550K .......... .......... .......... .......... ..........  5%  534K 6m44s
 13600K .......... .......... .......... .......... ..........  5%  451K 6m44s
 13650K .......... .......... .......... .......... ..........  5%  524K 6m44s
 13700K .......... .......... .......... .......... ..........  5%  445K 6m44s
 13750K .......... .......... .......... .......... ..........  5%  525K 6m45s
 13800K .......... .......... .......... .......... ..........  5%  517K 6m45s
 13850K .......... .......... .......... .......... ..........  5%  444K 6m45s
 13900K .......... .......... .......... .......... ..........  5%  511K 6m45s
 13950K .......... .......... .......... .......... ..........  5%  443K 6m45s
 14000K .......... .......... .......... .......... ..........  5%  510K 6m45s
 14050K .......... .......... .......... .......... ..........  5%  506K 6m45s
 14100K .......... .......... .......... .......... ..........  5%  436K 6m46s
 14150K .......... .......... .......... .......... ..........  5%  508K 6m46s
 14200K .......... .......... .......... .......... ..........  5%  431K 6m46s
 14250K .......... .......... .......... .......... ..........  5%  502K 6m46s
 14300K .......... .......... .......... .......... ..........  5%  501K 6m46s
 14350K .......... .......... .......... .......... ..........  5%  426K 6m47s
 14400K .......... .......... .......... .......... ..........  5%  494K 6m47s
 14450K .......... .......... .......... .......... ..........  5%  427K 6m47s
 14500K .......... .......... .......... .......... ..........  5%  494K 6m47s
 14550K .......... .......... .......... .......... ..........  5%  485K 6m48s
 14600K .......... .......... .......... .......... ..........  5%  421K 6m48s
 14650K .......... .......... .......... .......... ..........  6%  488K 6m48s
 14700K .......... .......... .......... .......... ..........  6%  418K 6m48s
 14750K .......... .......... .......... .......... ..........  6%  486K 6m49s
 14800K .......... .......... .......... .......... ..........  6%  485K 6m49s
 14850K .......... .......... .......... .......... ..........  6%  413K 6m49s
 14900K .......... .......... .......... .......... ..........  6%  481K 6m49s
 14950K .......... .......... .......... .......... ..........  6%  411K 6m50s
 15000K .......... .......... .......... .......... ..........  6%  477K 6m50s
 15050K .......... .......... .......... .......... ..........  6%  477K 6m50s
 15100K .......... .......... .......... .......... ..........  6%  407K 6m50s
 15150K .......... .......... .......... .......... ..........  6%  473K 6m51s
 15200K .......... .......... .......... .......... ..........  6%  404K 6m51s
 15250K .......... .......... .......... .......... ..........  6%  469K 6m51s
 15300K .......... .......... .......... .......... ..........  6%  470K 6m51s
 15350K .......... .......... .......... .......... ..........  6%  396K 6m52s
 15400K .......... .......... .......... .......... ..........  6%  468K 6m52s
 15450K .......... .......... .......... .......... ..........  6%  401K 6m52s
 15500K .......... .......... .......... .......... ..........  6%  462K 6m52s
 15550K .......... .......... .......... .......... ..........  6%  460K 6m53s
 15600K .......... .......... .......... .......... ..........  6%  393K 6m53s
 15650K .......... .......... .......... .......... ..........  6%  462K 6m53s
 15700K .......... .......... .......... .......... ..........  6%  390K 6m54s
 15750K .......... .......... .......... .......... ..........  6%  458K 6m54s
 15800K .......... .......... .......... .......... ..........  6%  454K 6m54s
 15850K .......... .......... .......... .......... ..........  6%  387K 6m55s
 15900K .......... .......... .......... .......... ..........  6%  451K 6m55s
 15950K .......... .......... .......... .......... ..........  6%  386K 6m55s
 16000K .......... .......... .......... .......... ..........  6%  448K 6m55s
 16050K .......... .......... .......... .......... ..........  6%  447K 6m56s
 16100K .......... .......... .......... .......... ..........  6%  382K 6m56s
 16150K .......... .......... .......... .......... ..........  6%  444K 6m56s
 16200K .......... .......... .......... .......... ..........  6%  379K 6m57s
 16250K .......... .......... .......... .......... ..........  6%  442K 6m57s
 16300K .......... .......... .......... .......... ..........  6%  439K 6m57s
 16350K .......... .......... .......... .......... ..........  6%  377K 6m58s
 16400K .......... .......... .......... .......... ..........  6%  437K 6m58s
 16450K .......... .......... .......... .......... ..........  6%  374K 6m58s
 16500K .......... .......... .......... .......... ..........  6%  832K 6m58s
 16550K .......... .......... .......... .......... ..........  6% 2.30M 6m57s
 16600K .......... .......... .......... .......... ..........  6% 1.98M 6m56s
 16650K .......... .......... .......... .......... ..........  6% 2.21M 6m55s
 16700K .......... .......... .......... .......... ..........  6% 1.88M 6m54s
 16750K .......... .......... .......... .......... ..........  6% 2.13M 6m53s
 16800K .......... .......... .......... .......... ..........  6% 2.12M 6m52s
 16850K .......... .......... .......... .......... ..........  6% 1.87M 6m51s
 16900K .......... .......... .......... .......... ..........  6% 2.17M 6m50s
 16950K .......... .......... .......... .......... ..........  6% 1.83M 6m49s
 17000K .......... .......... .......... .......... ..........  6% 2.09M 6m48s
 17050K .......... .......... .......... .......... ..........  6% 2.07M 6m47s
 17100K .......... .......... .......... .......... ..........  7% 1.75M 6m46s
 17150K .......... .......... .......... .......... ..........  7% 2.01M 6m45s
 17200K .......... .......... .......... .......... ..........  7% 1.69M 6m44s
 17250K .......... .......... .......... .......... ..........  7% 1.97M 6m43s
 17300K .......... .......... .......... .......... ..........  7% 1.92M 6m42s
 17350K .......... .......... .......... .......... ..........  7% 1.63M 6m42s
 17400K .......... .......... .......... .......... ..........  7% 1.88M 6m41s
 17450K .......... .......... .......... .......... ..........  7% 1.55M 6m40s
 17500K .......... .......... .......... .......... ..........  7% 1.81M 6m39s
 17550K .......... .......... .......... .......... ..........  7% 1.81M 6m38s
 17600K .......... .......... .......... .......... ..........  7% 1.54M 6m37s
 17650K .......... .......... .......... .......... ..........  7% 1.76M 6m36s
 17700K .......... .......... .......... .......... ..........  7% 1.49M 6m36s
 17750K .......... .......... .......... .......... ..........  7% 1.72M 6m35s
 17800K .......... .......... .......... .......... ..........  7% 1.71M 6m34s
 17850K .......... .......... .......... .......... ..........  7% 1.42M 6m33s
 17900K .......... .......... .......... .......... ..........  7% 1.66M 6m32s
 17950K .......... .......... .......... .......... ..........  7% 1.41M 6m32s
 18000K .......... .......... .......... .......... ..........  7% 1.63M 6m31s
 18050K .......... .......... .......... .......... ..........  7% 1.60M 6m30s
 18100K .......... .......... .......... .......... ..........  7% 1.37M 6m29s
 18150K .......... .......... .......... .......... ..........  7% 1.56M 6m29s
 18200K .......... .......... .......... .......... ..........  7% 1.33M 6m28s
 18250K .......... .......... .......... .......... ..........  7% 1.54M 6m27s
 18300K .......... .......... .......... .......... ..........  7% 1.52M 6m26s
 18350K .......... .......... .......... .......... ..........  7% 1.28M 6m26s
 18400K .......... .......... .......... .......... ..........  7% 1.49M 6m25s
 18450K .......... .......... .......... .......... ..........  7% 1.27M 6m24s
 18500K .......... .......... .......... .......... ..........  7% 1.45M 6m24s
 18550K .......... .......... .......... .......... ..........  7% 1.44M 6m23s
 18600K .......... .......... .......... .......... ..........  7% 1.23M 6m22s
 18650K .......... .......... .......... .......... ..........  7%  866K 6m22s
 18700K .......... .......... .......... .......... ..........  7% 1.19M 6m21s
 18750K .......... .......... .......... .......... ..........  7%  610K 6m21s
 18800K .......... .......... .......... .......... ..........  7% 1.38M 6m20s
 18850K .......... .......... .......... .......... ..........  7% 1.16M 6m20s
 18900K .......... .......... .......... .......... ..........  7% 1.12M 6m19s
 18950K .......... .......... .......... .......... ..........  7% 1.14M 6m19s
 19000K .......... .......... .......... .......... ..........  7% 1.22M 6m18s
 19050K .......... .......... .......... .......... ..........  7% 1.31M 6m18s
 19100K .......... .......... .......... .......... ..........  7% 1002K 6m17s
 19150K .......... .......... .......... .......... ..........  7%  902K 6m17s
 19200K .......... .......... .......... .......... ..........  7%  797K 6m16s
 19250K .......... .......... .......... .......... ..........  7% 1.27M 6m16s
 19300K .......... .......... .......... .......... ..........  7% 1.19M 6m15s
 19350K .......... .......... .......... .......... ..........  7% 1.06M 6m15s
 19400K .......... .......... .......... .......... ..........  7%  617K 6m14s
 19450K .......... .......... .......... .......... ..........  7% 1.05M 6m14s
 19500K .......... .......... .......... .......... ..........  7% 1.21M 6m13s
 19550K .......... .......... .......... .......... ..........  8%  738K 6m13s
 19600K .......... .......... .......... .......... ..........  8%  704K 6m13s
 19650K .......... .......... .......... .......... ..........  8% 1.18M 6m12s
 19700K .......... .......... .......... .......... ..........  8%  803K 6m12s
 19750K .......... .......... .......... .......... ..........  8%  289K 6m13s
 19800K .......... .......... .......... .......... ..........  8%  282K 6m14s
 19850K .......... .......... .......... .......... ..........  8% 34.2K 6m29s
 19900K .......... .......... .......... .......... ..........  8%  854K 6m29s
 19950K .......... .......... .......... .......... ..........  8%  429K 6m29s
 20000K .......... .......... .......... .......... ..........  8%  814K 6m29s
 20050K .......... .......... .......... .......... ..........  8% 2.98M 6m28s
 20100K .......... .......... .......... .......... ..........  8% 1.95M 6m27s
 20150K .......... .......... .......... .......... ..........  8%  549K 6m27s
 20200K .......... .......... .......... .......... ..........  8%  602K 6m27s
 20250K .......... .......... .......... .......... ..........  8% 1.56M 6m26s
 20300K .......... .......... .......... .......... ..........  8% 2.67M 6m26s
 20350K .......... .......... .......... .......... ..........  8%  403K 6m26s
 20400K .......... .......... .......... .......... ..........  8% 1.43M 6m25s
 20450K .......... .......... .......... .......... ..........  8%  914K 6m25s
 20500K .......... .......... .......... .......... ..........  8% 2.54M 6m24s
 20550K .......... .......... .......... .......... ..........  8% 1.93M 6m23s
 20600K .......... .......... .......... .......... ..........  8%  456K 6m23s
 20650K .......... .......... .......... .......... ..........  8% 2.38M 6m23s
 20700K .......... .......... .......... .......... ..........  8% 1.99M 6m22s
 20750K .......... .......... .......... .......... ..........  8% 1.18M 6m21s
 20800K .......... .......... .......... .......... ..........  8% 2.27M 6m21s
 20850K .......... .......... .......... .......... ..........  8% 1.85M 6m20s
 20900K .......... .......... .......... .......... ..........  8% 2.20M 6m19s
 20950K .......... .......... .......... .......... ..........  8% 1.86M 6m18s
 21000K .......... .......... .......... .......... ..........  8% 2.14M 6m18s
 21050K .......... .......... .......... .......... ..........  8% 2.09M 6m17s
 21100K .......... .......... .......... .......... ..........  8% 1.79M 6m16s
 21150K .......... .......... .......... .......... ..........  8% 2.03M 6m16s
 21200K .......... .......... .......... .......... ..........  8% 1.72M 6m15s
 21250K .......... .......... .......... .......... ..........  8% 2.00M 6m14s
 21300K .......... .......... .......... .......... ..........  8% 1.96M 6m13s
 21350K .......... .......... .......... .......... ..........  8% 1.65M 6m13s
 21400K .......... .......... .......... .......... ..........  8% 1.91M 6m12s
 21450K .......... .......... .......... .......... ..........  8% 1.62M 6m11s
 21500K .......... .......... .......... .......... ..........  8% 1.83M 6m11s
 21550K .......... .......... .......... .......... ..........  8% 1.84M 6m10s
 21600K .......... .......... .......... .......... ..........  8% 1.55M 6m10s
 21650K .......... .......... .......... .......... ..........  8% 1.78M 6m9s
 21700K .......... .......... .......... .......... ..........  8% 1.51M 6m8s
 21750K .......... .......... .......... .......... ..........  8% 1.76M 6m8s
 21800K .......... .......... .......... .......... ..........  8% 1.72M 6m7s
 21850K .......... .......... .......... .......... ..........  8% 1.45M 6m6s
 21900K .......... .......... .......... .......... ..........  8% 1.68M 6m6s
 21950K .......... .......... .......... .......... ..........  9% 1.43M 6m5s
 22000K .......... .......... .......... .......... ..........  9% 1.64M 6m5s
 22050K .......... .......... .......... .......... ..........  9%  860K 6m4s
 22100K .......... .......... .......... .......... ..........  9%  618K 6m4s
 22150K .......... .......... .......... .......... ..........  9%  608K 6m4s
 22200K .......... .......... .......... .......... ..........  9%  693K 6m4s
 22250K .......... .......... .......... .......... ..........  9% 1.02M 6m4s
 22300K .......... .......... .......... .......... ..........  9% 1.15M 6m3s
 22350K .......... .......... .......... .......... ..........  9%  612K 6m3s
 22400K .......... .......... .......... .......... ..........  9% 1.51M 6m2s
 22450K .......... .......... .......... .......... ..........  9% 1.28M 6m2s
 22500K .......... .......... .......... .......... ..........  9%  667K 6m2s
 22550K .......... .......... .......... .......... ..........  9% 1.46M 6m1s
 22600K .......... .......... .......... .......... ..........  9% 1.25M 6m1s
 22650K .......... .......... .......... .......... ..........  9% 1.02M 6m0s
 22700K .......... .......... .......... .......... ..........  9%  641K 6m0s
 22750K .......... .......... .......... .......... ..........  9%  583K 6m0s
 22800K .......... .......... .......... .......... ..........  9%  701K 6m0s
 22850K .......... .......... .......... .......... ..........  9%  910K 6m0s
 22900K .......... .......... .......... .......... ..........  9% 37.1K 6m12s
 22950K .......... .......... .......... .......... ..........  9% 4.39M 6m11s
 23000K .......... .......... .......... .......... ..........  9% 3.29M 6m10s
 23050K .......... .......... .......... .......... ..........  9% 2.12M 6m10s
 23100K .......... .......... .......... .......... ..........  9% 1.91M 6m9s
 23150K .......... .......... .......... .......... ..........  9% 3.14M 6m8s
 23200K .......... .......... .......... .......... ..........  9% 4.75M 6m7s
 23250K .......... .......... .......... .......... ..........  9% 1.72M 6m7s
 23300K .......... .......... .......... .......... ..........  9% 5.32M 6m6s
 23350K .......... .......... .......... .......... ..........  9% 3.89M 6m5s
 23400K .......... .......... .......... .......... ..........  9% 5.32M 6m4s
 23450K .......... .......... .......... .......... ..........  9% 4.89M 6m4s
 23500K .......... .......... .......... .......... ..........  9% 4.87M 6m3s
 23550K .......... .......... .......... .......... ..........  9% 5.26M 6m2s
 23600K .......... .......... .......... .......... ..........  9% 4.42M 6m1s
 23650K .......... .......... .......... .......... ..........  9% 4.26M 6m1s
 23700K .......... .......... .......... .......... ..........  9% 4.13M 6m0s
 23750K .......... .......... .......... .......... ..........  9% 4.83M 5m59s
 23800K .......... .......... .......... .......... ..........  9% 4.85M 5m59s
 23850K .......... .......... .......... .......... ..........  9% 4.03M 5m58s
 23900K .......... .......... .......... .......... ..........  9% 5.01M 5m57s
 23950K .......... .......... .......... .......... ..........  9% 4.22M 5m56s
 24000K .......... .......... .......... .......... ..........  9% 4.27M 5m56s
 24050K .......... .......... .......... .......... ..........  9% 4.58M 5m55s
 24100K .......... .......... .......... .......... ..........  9% 3.85M 5m54s
 24150K .......... .......... .......... .......... ..........  9% 4.26M 5m53s
 24200K .......... .......... .......... .......... ..........  9% 3.50M 5m53s
 24250K .......... .......... .......... .......... ..........  9% 4.12M 5m52s
 24300K .......... .......... .......... .......... ..........  9% 3.99M 5m51s
 24350K .......... .......... .......... .......... ..........  9% 3.28M 5m51s
 24400K .......... .......... .......... .......... .......... 10% 3.77M 5m50s
 24450K .......... .......... .......... .......... .......... 10% 3.18M 5m49s
 24500K .......... .......... .......... .......... .......... 10% 3.50M 5m49s
 24550K .......... .......... .......... .......... .......... 10% 3.52M 5m48s
 24600K .......... .......... .......... .......... .......... 10% 2.94M 5m47s
 24650K .......... .......... .......... .......... .......... 10%  847K 5m47s
 24700K .......... .......... .......... .......... .......... 10%  542K 5m47s
 24750K .......... .......... .......... .......... .......... 10%  549K 5m47s
 24800K .......... .......... .......... .......... .......... 10% 1.67M 5m47s
 24850K .......... .......... .......... .......... .......... 10%  755K 5m47s
 24900K .......... .......... .......... .......... .......... 10% 1.10M 5m46s
 24950K .......... .......... .......... .......... .......... 10%  784K 5m46s
 25000K .......... .......... .......... .......... .......... 10%  278K 5m47s
 25050K .......... .......... .......... .......... .......... 10%  524K 5m47s
 25100K .......... .......... .......... .......... .......... 10%  632K 5m47s
 25150K .......... .......... .......... .......... .......... 10%  871K 5m46s
 25200K .......... .......... .......... .......... .......... 10%  660K 5m46s
 25250K .......... .......... .......... .......... .......... 10%  772K 5m46s
 25300K .......... .......... .......... .......... .......... 10%  818K 5m46s
 25350K .......... .......... .......... .......... .......... 10%  823K 5m46s
 25400K .......... .......... .......... .......... .......... 10% 1.00M 5m45s
 25450K .......... .......... .......... .......... .......... 10%  890K 5m45s
 25500K .......... .......... .......... .......... .......... 10% 1.62M 5m45s
 25550K .......... .......... .......... .......... .......... 10% 1.21M 5m44s
 25600K .......... .......... .......... .......... .......... 10% 1.05M 5m44s
 25650K .......... .......... .......... .......... .......... 10% 1.86M 5m43s
 25700K .......... .......... .......... .......... .......... 10%  942K 5m43s
 25750K .......... .......... .......... .......... .......... 10% 1.32M 5m43s
 25800K .......... .......... .......... .......... .......... 10% 1.86M 5m42s
 25850K .......... .......... .......... .......... .......... 10%  966K 5m42s
 25900K .......... .......... .......... .......... .......... 10% 2.11M 5m41s
 25950K .......... .......... .......... .......... .......... 10% 1.19M 5m41s
 26000K .......... .......... .......... .......... .......... 10%  641K 5m41s
 26050K .......... .......... .......... .......... .......... 10% 2.03M 5m40s
 26100K .......... .......... .......... .......... .......... 10% 1.70M 5m40s
 26150K .......... .......... .......... .......... .......... 10% 1.96M 5m39s
 26200K .......... .......... .......... .......... .......... 10%  814K 5m39s
 26250K .......... .......... .......... .......... .......... 10% 1.06M 5m39s
 26300K .......... .......... .......... .......... .......... 10% 1.44M 5m38s
 26350K .......... .......... .......... .......... .......... 10% 1.21M 5m38s
 26400K .......... .......... .......... .......... .......... 10% 1.16M 5m37s
 26450K .......... .......... .......... .......... .......... 10%  582K 5m37s
 26500K .......... .......... .......... .......... .......... 10% 1.77M 5m37s
 26550K .......... .......... .......... .......... .......... 10% 1.67M 5m37s
 26600K .......... .......... .......... .......... .......... 10%  673K 5m36s
 26650K .......... .......... .......... .......... .......... 10%  750K 5m36s
 26700K .......... .......... .......... .......... .......... 10%  432K 5m36s
 26750K .......... .......... .......... .......... .......... 10%  787K 5m36s
 26800K .......... .......... .......... .......... .......... 10%  730K 5m36s
 26850K .......... .......... .......... .......... .......... 11%  635K 5m36s
 26900K .......... .......... .......... .......... .......... 11% 1.65M 5m36s
 26950K .......... .......... .......... .......... .......... 11% 1.32M 5m35s
 27000K .......... .......... .......... .......... .......... 11%  830K 5m35s
 27050K .......... .......... .......... .......... .......... 11%  851K 5m35s
 27100K .......... .......... .......... .......... .......... 11%  343K 5m35s
 27150K .......... .......... .......... .......... .......... 11% 1.53M 5m35s
 27200K .......... .......... .......... .......... .......... 11%  876K 5m35s
 27250K .......... .......... .......... .......... .......... 11%  696K 5m34s
 27300K .......... .......... .......... .......... .......... 11%  601K 5m34s
 27350K .......... .......... .......... .......... .......... 11%  613K 5m34s
 27400K .......... .......... .......... .......... .......... 11%  804K 5m34s
 27450K .......... .......... .......... .......... .......... 11% 1017K 5m34s
 27500K .......... .......... .......... .......... .......... 11% 1.42M 5m33s
 27550K .......... .......... .......... .......... .......... 11% 1.31M 5m33s
 27600K .......... .......... .......... .......... .......... 11%  977K 5m33s
 27650K .......... .......... .......... .......... .......... 11% 1.38M 5m32s
 27700K .......... .......... .......... .......... .......... 11% 1.08M 5m32s
 27750K .......... .......... .......... .......... .......... 11% 1.37M 5m32s
 27800K .......... .......... .......... .......... .......... 11% 1.35M 5m31s
 27850K .......... .......... .......... .......... .......... 11%  513K 5m31s
 27900K .......... .......... .......... .......... .......... 11% 1.26M 5m31s
 27950K .......... .......... .......... .......... .......... 11% 1.13M 5m31s
 28000K .......... .......... .......... .......... .......... 11% 1.30M 5m30s
 28050K .......... .......... .......... .......... .......... 11% 1.29M 5m30s
 28100K .......... .......... .......... .......... .......... 11% 1.09M 5m30s
 28150K .......... .......... .......... .......... .......... 11% 1.27M 5m29s
 28200K .......... .......... .......... .......... .......... 11%  522K 5m29s
 28250K .......... .......... .......... .......... .......... 11%  506K 5m29s
 28300K .......... .......... .......... .......... .......... 11%  525K 5m29s
 28350K .......... .......... .......... .......... .......... 11%  569K 5m30s
 28400K .......... .......... .......... .......... .......... 11%  624K 5m29s
 28450K .......... .......... .......... .......... .......... 11%  406K 5m30s
 28500K .......... .......... .......... .......... .......... 11%  958K 5m29s
 28550K .......... .......... .......... .......... .......... 11%  697K 5m29s
 28600K .......... .......... .......... .......... .......... 11%  551K 5m29s
 28650K .......... .......... .......... .......... .......... 11%  618K 5m29s
 28700K .......... .......... .......... .......... .......... 11%  578K 5m29s
 28750K .......... .......... .......... .......... .......... 11% 29.3K 5m41s
 28800K .......... .......... .......... .......... .......... 11% 2.00M 5m41s
 28850K .......... .......... .......... .......... .......... 11% 49.5K 5m48s
 28900K .......... .......... .......... .......... .......... 11% 2.28M 5m47s
 28950K .......... .......... .......... .......... .......... 11% 2.34M 5m47s
 29000K .......... .......... .......... .......... .......... 11% 3.24M 5m46s
 29050K .......... .......... .......... .......... .......... 11% 3.96M 5m46s
 29100K .......... .......... .......... .......... .......... 11% 3.72M 5m45s
 29150K .......... .......... .......... .......... .......... 11% 3.62M 5m45s
 29200K .......... .......... .......... .......... .......... 11% 3.40M 5m44s
 29250K .......... .......... .......... .......... .......... 11% 4.59M 5m43s
 29300K .......... .......... .......... .......... .......... 12% 3.85M 5m43s
 29350K .......... .......... .......... .......... .......... 12% 3.31M 5m42s
 29400K .......... .......... .......... .......... .......... 12% 4.26M 5m42s
 29450K .......... .......... .......... .......... .......... 12% 3.51M 5m41s
 29500K .......... .......... .......... .......... .......... 12% 4.08M 5m41s
 29550K .......... .......... .......... .......... .......... 12% 4.19M 5m40s
 29600K .......... .......... .......... .......... .......... 12% 3.56M 5m39s
 29650K .......... .......... .......... .......... .......... 12% 3.95M 5m39s
 29700K .......... .......... .......... .......... .......... 12% 3.68M 5m38s
 29750K .......... .......... .......... .......... .......... 12% 3.40M 5m38s
 29800K .......... .......... .......... .......... .......... 12% 3.28M 5m37s
 29850K .......... .......... .......... .......... .......... 12% 3.00M 5m37s
 29900K .......... .......... .......... .......... .......... 12% 4.31M 5m36s
 29950K .......... .......... .......... .......... .......... 12% 3.53M 5m36s
 30000K .......... .......... .......... .......... .......... 12% 4.20M 5m35s
 30050K .......... .......... .......... .......... .......... 12% 4.22M 5m34s
 30100K .......... .......... .......... .......... .......... 12% 3.57M 5m34s
 30150K .......... .......... .......... .......... .......... 12% 4.00M 5m33s
 30200K .......... .......... .......... .......... .......... 12% 3.32M 5m33s
 30250K .......... .......... .......... .......... .......... 12% 3.87M 5m32s
 30300K .......... .......... .......... .......... .......... 12% 3.75M 5m32s
 30350K .......... .......... .......... .......... .......... 12% 3.06M 5m31s
 30400K .......... .......... .......... .......... .......... 12% 3.50M 5m31s
 30450K .......... .......... .......... .......... .......... 12% 2.63M 5m30s
 30500K .......... .......... .......... .......... .......... 12% 1.37M 5m30s
 30550K .......... .......... .......... .......... .......... 12%  724K 5m30s
 30600K .......... .......... .......... .......... .......... 12%  681K 5m30s
 30650K .......... .......... .......... .......... .......... 12%  320K 5m30s
 30700K .......... .......... .......... .......... .......... 12%  727K 5m30s
 30750K .......... .......... .......... .......... .......... 12% 1.91M 5m30s
 30800K .......... .......... .......... .......... .......... 12% 1.26M 5m29s
 30850K .......... .......... .......... .......... .......... 12% 1.57M 5m29s
 30900K .......... .......... .......... .......... .......... 12%  939K 5m29s
 30950K .......... .......... .......... .......... .......... 12%  697K 5m28s
 31000K .......... .......... .......... .......... .......... 12%  247K 5m29s
 31050K .......... .......... .......... .......... .......... 12%  315K 5m30s
 31100K .......... .......... .......... .......... .......... 12%  395K 5m30s
 31150K .......... .......... .......... .......... .......... 12% 2.59M 5m30s
 31200K .......... .......... .......... .......... .......... 12% 1.55M 5m29s
 31250K .......... .......... .......... .......... .......... 12% 1.29M 5m29s
 31300K .......... .......... .......... .......... .......... 12% 1.33M 5m28s
 31350K .......... .......... .......... .......... .......... 12% 1.02M 5m28s
 31400K .......... .......... .......... .......... .......... 12% 1.41M 5m28s
 31450K .......... .......... .......... .......... .......... 12%  352K 5m28s
 31500K .......... .......... .......... .......... .......... 12%  444K 5m28s
 31550K .......... .......... .......... .......... .......... 12% 2.25M 5m28s
 31600K .......... .......... .......... .......... .......... 12%  737K 5m28s
 31650K .......... .......... .......... .......... .......... 12%  619K 5m28s
 31700K .......... .......... .......... .......... .......... 12%  482K 5m28s
 31750K .......... .......... .......... .......... .......... 13%  708K 5m28s
 31800K .......... .......... .......... .......... .......... 13% 1.28M 5m27s
 31850K .......... .......... .......... .......... .......... 13%  806K 5m27s
 31900K .......... .......... .......... .......... .......... 13% 1.36M 5m27s
 31950K .......... .......... .......... .......... .......... 13% 1.24M 5m26s
 32000K .......... .......... .......... .......... .......... 13% 1.62M 5m26s
 32050K .......... .......... .......... .......... .......... 13% 1.59M 5m26s
 32100K .......... .......... .......... .......... .......... 13% 1.32M 5m25s
 32150K .......... .......... .......... .......... .......... 13% 1.34M 5m25s
 32200K .......... .......... .......... .......... .......... 13%  347K 5m25s
 32250K .......... .......... .......... .......... .......... 13%  397K 5m26s
 32300K .......... .......... .......... .......... .......... 13%  531K 5m26s
 32350K .......... .......... .......... .......... .......... 13%  915K 5m25s
 32400K .......... .......... .......... .......... .......... 13%  513K 5m26s
 32450K .......... .......... .......... .......... .......... 13%  315K 5m26s
 32500K .......... .......... .......... .......... .......... 13% 1.02M 5m26s
 32550K .......... .......... .......... .......... .......... 13%  409K 5m26s
 32600K .......... .......... .......... .......... .......... 13%  419K 5m26s
 32650K .......... .......... .......... .......... .......... 13%  301K 5m27s
 32700K .......... .......... .......... .......... .......... 13%  601K 5m27s
 32750K .......... .......... .......... .......... .......... 13%  918K 5m26s
 32800K .......... .......... .......... .......... .......... 13% 1.27M 5m26s
 32850K .......... .......... .......... .......... .......... 13% 44.7K 5m33s
 32900K .......... .......... .......... .......... .......... 13%  624K 5m33s
 32950K .......... .......... .......... .......... .......... 13%  372K 5m33s
 33000K .......... .......... .......... .......... .......... 13%  595K 5m33s
 33050K .......... .......... .......... .......... .......... 13% 2.17M 5m32s
 33100K .......... .......... .......... .......... .......... 13% 1.85M 5m32s
 33150K .......... .......... .......... .......... .......... 13% 2.11M 5m32s
 33200K .......... .......... .......... .......... .......... 13% 1.78M 5m31s
 33250K .......... .......... .......... .......... .......... 13% 2.06M 5m31s
 33300K .......... .......... .......... .......... .......... 13% 2.03M 5m30s
 33350K .......... .......... .......... .......... .......... 13% 1.70M 5m30s
 33400K .......... .......... .......... .......... .......... 13% 1.97M 5m30s
 33450K .......... .......... .......... .......... .......... 13% 1.67M 5m29s
 33500K .......... .......... .......... .......... .......... 13% 1.90M 5m29s
 33550K .......... .......... .......... .......... .......... 13% 1.89M 5m28s
 33600K .......... .......... .......... .......... .......... 13% 1.60M 5m28s
 33650K .......... .......... .......... .......... .......... 13% 1.83M 5m28s
 33700K .......... .......... .......... .......... .......... 13% 1.55M 5m27s
 33750K .......... .......... .......... .......... .......... 13% 1.80M 5m27s
 33800K .......... .......... .......... .......... .......... 13% 1.78M 5m26s
 33850K .......... .......... .......... .......... .......... 13% 1.47M 5m26s
 33900K .......... .......... .......... .......... .......... 13% 1.74M 5m26s
 33950K .......... .......... .......... .......... .......... 13% 1.46M 5m25s
 34000K .......... .......... .......... .......... .......... 13% 1.69M 5m25s
 34050K .......... .......... .......... .......... .......... 13% 1.55M 5m25s
 34100K .......... .......... .......... .......... .......... 13%  506K 5m25s
 34150K .......... .......... .......... .......... .......... 13%  870K 5m24s
 34200K .......... .......... .......... .......... .......... 14%  694K 5m24s
 34250K .......... .......... .......... .......... .......... 14%  403K 5m25s
 34300K .......... .......... .......... .......... .......... 14%  414K 5m25s
 34350K .......... .......... .......... .......... .......... 14%  352K 5m25s
 34400K .......... .......... .......... .......... .......... 14%  249K 5m26s
 34450K .......... .......... .......... .......... .......... 14% 47.8K 5m32s
 34500K .......... .......... .......... .......... .......... 14% 1.07M 5m31s
 34550K .......... .......... .......... .......... .......... 14% 1.79M 5m31s
 34600K .......... .......... .......... .......... .......... 14%  372K 5m31s
 34650K .......... .......... .......... .......... .......... 14%  921K 5m31s
 34700K .......... .......... .......... .......... .......... 14% 2.71M 5m30s
 34750K .......... .......... .......... .......... .......... 14% 3.13M 5m30s
 34800K .......... .......... .......... .......... .......... 14% 3.03M 5m30s
 34850K .......... .......... .......... .......... .......... 14% 2.55M 5m29s
 34900K .......... .......... .......... .......... .......... 14% 2.91M 5m29s
 34950K .......... .......... .......... .......... .......... 14% 2.47M 5m28s
 35000K .......... .......... .......... .......... .......... 14% 2.79M 5m28s
 35050K .......... .......... .......... .......... .......... 14% 2.77M 5m27s
 35100K .......... .......... .......... .......... .......... 14% 2.32M 5m27s
 35150K .......... .......... .......... .......... .......... 14% 2.64M 5m26s
 35200K .......... .......... .......... .......... .......... 14% 2.23M 5m26s
 35250K .......... .......... .......... .......... .......... 14% 2.57M 5m26s
 35300K .......... .......... .......... .......... .......... 14% 2.53M 5m25s
 35350K .......... .......... .......... .......... .......... 14%  779K 5m25s
 35400K .......... .......... .......... .......... .......... 14%  373K 5m25s
 35450K .......... .......... .......... .......... .......... 14%  364K 5m26s
 35500K .......... .......... .......... .......... .......... 14%  261K 5m26s
 35550K .......... .......... .......... .......... .......... 14%  306K 5m27s
 35600K .......... .......... .......... .......... .......... 14%  336K 5m27s
 35650K .......... .......... .......... .......... .......... 14%  344K 5m27s
 35700K .......... .......... .......... .......... .......... 14%  408K 5m27s
 35750K .......... .......... .......... .......... .......... 14% 1.09M 5m27s
 35800K .......... .......... .......... .......... .......... 14%  990K 5m27s
 35850K .......... .......... .......... .......... .......... 14%  724K 5m27s
 35900K .......... .......... .......... .......... .......... 14%  547K 5m27s
 35950K .......... .......... .......... .......... .......... 14% 1.07M 5m26s
 36000K .......... .......... .......... .......... .......... 14% 1.02M 5m26s
 36050K .......... .......... .......... .......... .......... 14% 1015K 5m26s
 36100K .......... .......... .......... .......... .......... 14%  927K 5m26s
 36150K .......... .......... .......... .......... .......... 14%  914K 5m26s
 36200K .......... .......... .......... .......... .......... 14%  597K 5m26s
 36250K .......... .......... .......... .......... .......... 14% 1.04M 5m25s
 36300K .......... .......... .......... .......... .......... 14%  611K 5m25s
 36350K .......... .......... .......... .......... .......... 14%  687K 5m25s
 36400K .......... .......... .......... .......... .......... 14% 1.65M 5m25s
 36450K .......... .......... .......... .......... .......... 14%  869K 5m25s
 36500K .......... .......... .......... .......... .......... 14%  377K 5m25s
 36550K .......... .......... .......... .......... .......... 14%  337K 5m25s
 36600K .......... .......... .......... .......... .......... 14%  449K 5m25s
 36650K .......... .......... .......... .......... .......... 15%  559K 5m25s
 36700K .......... .......... .......... .......... .......... 15%  216K 5m26s
 36750K .......... .......... .......... .......... .......... 15%  299K 5m26s
 36800K .......... .......... .......... .......... .......... 15%  423K 5m27s
 36850K .......... .......... .......... .......... .......... 15% 1.38M 5m26s
 36900K .......... .......... .......... .......... .......... 15% 1.62M 5m26s
 36950K .......... .......... .......... .......... .......... 15% 1.33M 5m26s
 37000K .......... .......... .......... .......... .......... 15%  511K 5m26s
 37050K .......... .......... .......... .......... .......... 15%  902K 5m25s
 37100K .......... .......... .......... .......... .......... 15%  376K 5m26s
 37150K .......... .......... .......... .......... .......... 15%  693K 5m25s
 37200K .......... .......... .......... .......... .......... 15%  925K 5m25s
 37250K .......... .......... .......... .......... .......... 15% 1.13M 5m25s
 37300K .......... .......... .......... .......... .......... 15% 1.30M 5m25s
 37350K .......... .......... .......... .......... .......... 15%  439K 5m25s
 37400K .......... .......... .......... .......... .......... 15%  387K 5m25s
 37450K .......... .......... .......... .......... .......... 15%  398K 5m25s
 37500K .......... .......... .......... .......... .......... 15%  870K 5m25s
 37550K .......... .......... .......... .......... .......... 15% 1.21M 5m25s
 37600K .......... .......... .......... .......... .......... 15% 1.19M 5m24s
 37650K .......... .......... .......... .......... .......... 15% 1.03M 5m24s
 37700K .......... .......... .......... .......... .......... 15% 1.11M 5m24s
 37750K .......... .......... .......... .......... .......... 15% 1.40M 5m24s
 37800K .......... .......... .......... .......... .......... 15%  841K 5m23s
 37850K .......... .......... .......... .......... .......... 15% 1.08M 5m23s
 37900K .......... .......... .......... .......... .......... 15% 1.32M 5m23s
 37950K .......... .......... .......... .......... .......... 15% 1.11M 5m23s
 38000K .......... .......... .......... .......... .......... 15% 1.29M 5m22s
 38050K .......... .......... .......... .......... .......... 15% 1.28M 5m22s
 38100K .......... .......... .......... .......... .......... 15% 1.09M 5m22s
 38150K .......... .......... .......... .......... .......... 15% 1.25M 5m21s
 38200K .......... .......... .......... .......... .......... 15% 1.06M 5m21s
 38250K .......... .......... .......... .......... .......... 15% 1.23M 5m21s
 38300K .......... .......... .......... .......... .......... 15% 1.22M 5m21s
 38350K .......... .......... .......... .......... .......... 15% 1.04M 5m20s
 38400K .......... .......... .......... .......... .......... 15%  737K 5m20s
 38450K .......... .......... .......... .......... .......... 15%  818K 5m20s
 38500K .......... .......... .......... .......... .......... 15% 1.10M 5m20s
 38550K .......... .......... .......... .......... .......... 15% 1.08M 5m20s
 38600K .......... .......... .......... .......... .......... 15%  185K 5m21s
 38650K .......... .......... .......... .......... .......... 15%  306K 5m21s
 38700K .......... .......... .......... .......... .......... 15%  590K 5m21s
 38750K .......... .......... .......... .......... .......... 15%  843K 5m21s
 38800K .......... .......... .......... .......... .......... 15%  686K 5m21s
 38850K .......... .......... .......... .......... .......... 15%  416K 5m21s
 38900K .......... .......... .......... .......... .......... 15%  425K 5m21s
 38950K .......... .......... .......... .......... .......... 15%  957K 5m21s
 39000K .......... .......... .......... .......... .......... 15% 1.09M 5m20s
 39050K .......... .......... .......... .......... .......... 15% 1.09M 5m20s
 39100K .......... .......... .......... .......... .......... 16%  948K 5m20s
 39150K .......... .......... .......... .......... .......... 16% 1.07M 5m20s
 39200K .......... .......... .......... .......... .......... 16%  931K 5m19s
 39250K .......... .......... .......... .......... .......... 16% 1.05M 5m19s
 39300K .......... .......... .......... .......... .......... 16% 1.05M 5m19s
 39350K .......... .......... .......... .......... .......... 16%  908K 5m19s
 39400K .......... .......... .......... .......... .......... 16%  377K 5m19s
 39450K .......... .......... .......... .......... .......... 16%  403K 5m19s
 39500K .......... .......... .......... .......... .......... 16% 1002K 5m19s
 39550K .......... .......... .......... .......... .......... 16% 1.03M 5m19s
 39600K .......... .......... .......... .......... .......... 16%  889K 5m19s
 39650K .......... .......... .......... .......... .......... 16% 1004K 5m18s
 39700K .......... .......... .......... .......... .......... 16%  644K 5m18s
 39750K .......... .......... .......... .......... .......... 16%  432K 5m18s
 39800K .......... .......... .......... .......... .......... 16% 1.01M 5m18s
 39850K .......... .......... .......... .......... .......... 16%  844K 5m18s
 39900K .......... .......... .......... .......... .......... 16%  983K 5m18s
 39950K .......... .......... .......... .......... .......... 16%  834K 5m18s
 40000K .......... .......... .......... .......... .......... 16%  773K 5m17s
 40050K .......... .......... .......... .......... .......... 16%  964K 5m17s
 40100K .......... .......... .......... .......... .......... 16%  824K 5m17s
 40150K .......... .......... .......... .......... .......... 16%  949K 5m17s
 40200K .......... .......... .......... .......... .......... 16%  811K 5m17s
 40250K .......... .......... .......... .......... .......... 16%  940K 5m16s
 40300K .......... .......... .......... .......... .......... 16%  934K 5m16s
 40350K .......... .......... .......... .......... .......... 16%  795K 5m16s
 40400K .......... .......... .......... .......... .......... 16%  920K 5m16s
 40450K .......... .......... .......... .......... .......... 16%  786K 5m16s
 40500K .......... .......... .......... .......... .......... 16%  909K 5m16s
 40550K .......... .......... .......... .......... .......... 16%  903K 5m15s
 40600K .......... .......... .......... .......... .......... 16%  772K 5m15s
 40650K .......... .......... .......... .......... .......... 16%  890K 5m15s
 40700K .......... .......... .......... .......... .......... 16%  760K 5m15s
 40750K .......... .......... .......... .......... .......... 16%  884K 5m15s
 40800K .......... .......... .......... .......... .......... 16%  878K 5m15s
 40850K .......... .......... .......... .......... .......... 16%  745K 5m14s
 40900K .......... .......... .......... .......... .......... 16%  867K 5m14s
 40950K .......... .......... .......... .......... .......... 16%  735K 5m14s
 41000K .......... .......... .......... .......... .......... 16%  858K 5m14s
 41050K .......... .......... .......... .......... .......... 16%  725K 5m14s
 41100K .......... .......... .......... .......... .......... 16%  853K 5m14s
 41150K .......... .......... .......... .......... .......... 16%  836K 5m14s
 41200K .......... .......... .......... .......... .......... 16%  712K 5m13s
 41250K .......... .......... .......... .......... .......... 16%  832K 5m13s
 41300K .......... .......... .......... .......... .......... 16%  708K 5m13s
 41350K .......... .......... .......... .......... .......... 16%  825K 5m13s
 41400K .......... .......... .......... .......... .......... 16%  821K 5m13s
 41450K .......... .......... .......... .......... .......... 16%  697K 5m13s
 41500K .......... .......... .......... .......... .......... 17%  808K 5m13s
 41550K .......... .......... .......... .......... .......... 17%  692K 5m12s
 41600K .......... .......... .......... .......... .......... 17%  798K 5m12s
 41650K .......... .......... .......... .......... .......... 17%  796K 5m12s
 41700K .......... .......... .......... .......... .......... 17%  680K 5m12s
 41750K .......... .......... .......... .......... .......... 17%  783K 5m12s
 41800K .......... .......... .......... .......... .......... 17%  671K 5m12s
 41850K .......... .......... .......... .......... .......... 17%  779K 5m12s
 41900K .......... .......... .......... .......... .......... 17%  777K 5m12s
 41950K .......... .......... .......... .......... .......... 17%  661K 5m12s
 42000K .......... .......... .......... .......... .......... 17%  766K 5m11s
 42050K .......... .......... .......... .......... .......... 17%  654K 5m11s
 42100K .......... .......... .......... .......... .......... 17%  759K 5m11s
 42150K .......... .......... .......... .......... .......... 17%  715K 5m11s
 42200K .......... .......... .......... .......... .......... 17%  537K 5m11s
 42250K .......... .......... .......... .......... .......... 17%  746K 5m11s
 42300K .......... .......... .......... .......... .......... 17%  636K 5m11s
 42350K .......... .......... .......... .......... .......... 17%  737K 5m11s
 42400K .......... .......... .......... .......... .......... 17%  738K 5m11s
 42450K .......... .......... .......... .......... .......... 17%  626K 5m11s
 42500K .......... .......... .......... .......... .......... 17%  730K 5m10s
 42550K .......... .......... .......... .......... .......... 17%  622K 5m10s
 42600K .......... .......... .......... .......... .......... 17%  721K 5m10s
 42650K .......... .......... .......... .......... .......... 17%  715K 5m10s
 42700K .......... .......... .......... .......... .......... 17%  611K 5m10s
 42750K .......... .......... .......... .......... .......... 17%  714K 5m10s
 42800K .......... .......... .......... .......... .......... 17%  570K 5m10s
 42850K .......... .......... .......... .......... .......... 17%  702K 5m10s
 42900K .......... .......... .......... .......... .......... 17%  707K 5m10s
 42950K .......... .......... .......... .......... .......... 17%  596K 5m10s
 43000K .......... .......... .......... .......... .......... 17%  692K 5m10s
 43050K .......... .......... .......... .......... .......... 17%  594K 5m10s
 43100K .......... .......... .......... .......... .......... 17%  687K 5m9s
 43150K .......... .......... .......... .......... .......... 17%  683K 5m9s
 43200K .......... .......... .......... .......... .......... 17%  584K 5m9s
 43250K .......... .......... .......... .......... .......... 17%  675K 5m9s
 43300K .......... .......... .......... .......... .......... 17%  579K 5m9s
 43350K .......... .......... .......... .......... .......... 17%  671K 5m9s
 43400K .......... .......... .......... .......... .......... 17%  667K 5m9s
 43450K .......... .......... .......... .......... .......... 17%  571K 5m9s
 43500K .......... .......... .......... .......... .......... 17%  658K 5m9s
 43550K .......... .......... .......... .......... .......... 17%  566K 5m9s
 43600K .......... .......... .......... .......... .......... 17%  658K 5m9s
 43650K .......... .......... .......... .......... .......... 17%  653K 5m9s
 43700K .......... .......... .......... .......... .......... 17%  560K 5m9s
 43750K .......... .......... .......... .......... .......... 17%  648K 5m9s
 43800K .......... .......... .......... .......... .......... 17%  552K 5m9s
 43850K .......... .......... .......... .......... .......... 17%  642K 5m9s
 43900K .......... .......... .......... .......... .......... 17%  639K 5m9s
 43950K .......... .......... .......... .......... .......... 18%  545K 5m8s
 44000K .......... .......... .......... .......... .......... 18%  635K 5m8s
 44050K .......... .......... .......... .......... .......... 18%  540K 5m8s
 44100K .......... .......... .......... .......... .......... 18%  628K 5m8s
 44150K .......... .......... .......... .......... .......... 18%  622K 5m8s
 44200K .......... .......... .......... .......... .......... 18%  531K 5m8s
 44250K .......... .......... .......... .......... .......... 18%  625K 5m8s
 44300K .......... .......... .......... .......... .......... 18%  527K 5m8s
 44350K .......... .......... .......... .......... .......... 18%  615K 5m8s
 44400K .......... .......... .......... .......... .......... 18%  614K 5m8s
 44450K .......... .......... .......... .......... .......... 18%  521K 5m8s
 44500K .......... .......... .......... .......... .......... 18%  608K 5m8s
 44550K .......... .......... .......... .......... .......... 18%  516K 5m8s
 44600K .......... .......... .......... .......... .......... 18%  605K 5m8s
 44650K .......... .......... .......... .......... .......... 18%  596K 5m8s
 44700K .......... .......... .......... .......... .......... 18%  515K 5m8s
 44750K .......... .......... .......... .......... .......... 18%  597K 5m8s
 44800K .......... .......... .......... .......... .......... 18%  506K 5m8s
 44850K .......... .......... .......... .......... .......... 18%  589K 5m8s
 44900K .......... .......... .......... .......... .......... 18%  586K 5m8s
 44950K .......... .......... .......... .......... .......... 18%  497K 5m8s
 45000K .......... .......... .......... .......... .......... 18%  585K 5m8s
 45050K .......... .......... .......... .......... .......... 18%  498K 5m8s
 45100K .......... .......... .......... .......... .......... 18%  577K 5m8s
 45150K .......... .......... .......... .......... .......... 18%  577K 5m8s
 45200K .......... .......... .......... .......... .......... 18%  493K 5m8s
 45250K .......... .......... .......... .......... .......... 18%  572K 5m8s
 45300K .......... .......... .......... .......... .......... 18%  485K 5m8s
 45350K .......... .......... .......... .......... .......... 18%  567K 5m8s
 45400K .......... .......... .......... .......... .......... 18%  568K 5m8s
 45450K .......... .......... .......... .......... .......... 18%  482K 5m8s
 45500K .......... .......... .......... .......... .......... 18%  560K 5m8s
 45550K .......... .......... .......... .......... .......... 18%  480K 5m8s
 45600K .......... .......... .......... .......... .......... 18%  555K 5m8s
 45650K .......... .......... .......... .......... .......... 18%  554K 5m8s
 45700K .......... .......... .......... .......... .......... 18%  473K 5m8s
 45750K .......... .......... .......... .......... .......... 18%  550K 5m8s
 45800K .......... .......... .......... .......... .......... 18%  469K 5m8s
 45850K .......... .......... .......... .......... .......... 18%  547K 5m8s
 45900K .......... .......... .......... .......... .......... 18%  545K 5m8s
 45950K .......... .......... .......... .......... .......... 18%  464K 5m8s
 46000K .......... .......... .......... .......... .......... 18%  539K 5m8s
 46050K .......... .......... .......... .......... .......... 18%  462K 5m8s
 46100K .......... .......... .......... .......... .......... 18%  535K 5m8s
 46150K .......... .......... .......... .......... .......... 18%  531K 5m8s
 46200K .......... .......... .......... .......... .......... 18%  458K 5m8s
 46250K .......... .......... .......... .......... .......... 18%  531K 5m8s
 46300K .......... .......... .......... .......... .......... 18%  452K 5m8s
 46350K .......... .......... .......... .......... .......... 18%  526K 5m8s
 46400K .......... .......... .......... .......... .......... 19%  523K 5m8s
 46450K .......... .......... .......... .......... .......... 19%  448K 5m8s
 46500K .......... .......... .......... .......... .......... 19%  520K 5m8s
 46550K .......... .......... .......... .......... .......... 19%  443K 5m8s
 46600K .......... .......... .......... .......... .......... 19%  520K 5m8s
 46650K .......... .......... .......... .......... .......... 19%  514K 5m8s
 46700K .......... .......... .......... .......... .......... 19%  438K 5m8s
 46750K .......... .......... .......... .......... .......... 19%  515K 5m8s
 46800K .......... .......... .......... .......... .......... 19%  435K 5m8s
 46850K .......... .......... .......... .......... .......... 19%  507K 5m8s
 46900K .......... .......... .......... .......... .......... 19%  509K 5m8s
 46950K .......... .......... .......... .......... .......... 19%  431K 5m8s
 47000K .......... .......... .......... .......... .......... 19%  504K 5m8s
 47050K .......... .......... .......... .......... .......... 19%  428K 5m9s
 47100K .......... .......... .......... .......... .......... 19%  502K 5m9s
 47150K .......... .......... .......... .......... .......... 19%  497K 5m9s
 47200K .......... .......... .......... .......... .......... 19%  425K 5m9s
 47250K .......... .......... .......... .......... .......... 19%  495K 5m9s
 47300K .......... .......... .......... .......... .......... 19%  419K 5m9s
 47350K .......... .......... .......... .......... .......... 19%  494K 5m9s
 47400K .......... .......... .......... .......... .......... 19%  490K 5m9s
 47450K .......... .......... .......... .......... .......... 19%  418K 5m9s
 47500K .......... .......... .......... .......... .......... 19%  486K 5m9s
 47550K .......... .......... .......... .......... .......... 19%  415K 5m9s
 47600K .......... .......... .......... .......... .......... 19%  483K 5m9s
 47650K .......... .......... .......... .......... .......... 19%  481K 5m9s
 47700K .......... .......... .......... .......... .......... 19%  412K 5m9s
 47750K .......... .......... .......... .......... .......... 19%  479K 5m9s
 47800K .......... .......... .......... .......... .......... 19%  406K 5m9s
 47850K .......... .......... .......... .......... .......... 19%  473K 5m9s
 47900K .......... .......... .......... .......... .......... 19%  477K 5m9s
 47950K .......... .......... .......... .......... .......... 19%  405K 5m9s
 48000K .......... .......... .......... .......... .......... 19%  469K 5m9s
 48050K .......... .......... .......... .......... .......... 19%  403K 5m10s
 48100K .......... .......... .......... .......... .......... 19%  467K 5m10s
 48150K .......... .......... .......... .......... .......... 19%  466K 5m10s
 48200K .......... .......... .......... .......... .......... 19%  398K 5m10s
 48250K .......... .......... .......... .......... .......... 19%  463K 5m10s
 48300K .......... .......... .......... .......... .......... 19%  395K 5m10s
 48350K .......... .......... .......... .......... .......... 19%  460K 5m10s
 48400K .......... .......... .......... .......... .......... 19%  458K 5m10s
 48450K .......... .......... .......... .......... .......... 19%  392K 5m10s
 48500K .......... .......... .......... .......... .......... 19%  453K 5m10s
 48550K .......... .......... .......... .......... .......... 19%  391K 5m10s
 48600K .......... .......... .......... .......... .......... 19%  452K 5m10s
 48650K .......... .......... .......... .......... .......... 19%  450K 5m10s
 48700K .......... .......... .......... .......... .......... 19%  386K 5m10s
 48750K .......... .......... .......... .......... .......... 19%  450K 5m11s
 48800K .......... .......... .......... .......... .......... 19%  382K 5m11s
 48850K .......... .......... .......... .......... .......... 20%  446K 5m11s
 48900K .......... .......... .......... .......... .......... 20%  445K 5m11s
 48950K .......... .......... .......... .......... .......... 20%  380K 5m11s
 49000K .......... .......... .......... .......... .......... 20%  441K 5m11s
 49050K .......... .......... .......... .......... .......... 20%  376K 5m11s
 49100K .......... .......... .......... .......... .......... 20%  439K 5m11s
 49150K .......... .......... .......... .......... .......... 20%  436K 5m11s
 49200K .......... .......... .......... .......... .......... 20%  376K 5m11s
 49250K .......... .......... .......... .......... .......... 20%  891K 5m11s
 49300K .......... .......... .......... .......... .......... 20% 2.96M 5m11s
 49350K .......... .......... .......... .......... .......... 20% 3.26M 5m10s
 49400K .......... .......... .......... .......... .......... 20% 3.04M 5m10s
 49450K .......... .......... .......... .......... .......... 20% 2.68M 5m10s
 49500K .......... .......... .......... .......... .......... 20% 3.03M 5m10s
 49550K .......... .......... .......... .......... .......... 20% 2.51M 5m9s
 49600K .......... .......... .......... .......... .......... 20% 2.91M 5m9s
 49650K .......... .......... .......... .......... .......... 20% 2.92M 5m9s
 49700K .......... .......... .......... .......... .......... 20% 2.39M 5m8s
 49750K .......... .......... .......... .......... .......... 20% 2.94M 5m8s
 49800K .......... .......... .......... .......... .......... 20% 2.41M 5m8s
 49850K .......... .......... .......... .......... .......... 20% 2.76M 5m7s
 49900K .......... .......... .......... .......... .......... 20% 2.75M 5m7s
 49950K .......... .......... .......... .......... .......... 20% 2.29M 5m7s
 50000K .......... .......... .......... .......... .......... 20% 2.63M 5m6s
 50050K .......... .......... .......... .......... .......... 20% 2.22M 5m6s
 50100K .......... .......... .......... .......... .......... 20% 2.53M 5m6s
 50150K .......... .......... .......... .......... .......... 20% 2.49M 5m5s
 50200K .......... .......... .......... .......... .......... 20% 2.09M 5m5s
 50250K .......... .......... .......... .......... .......... 20% 2.41M 5m5s
 50300K .......... .......... .......... .......... .......... 20% 2.02M 5m5s
 50350K .......... .......... .......... .......... .......... 20% 2.35M 5m4s
 50400K .......... .......... .......... .......... .......... 20% 2.30M 5m4s
 50450K .......... .......... .......... .......... .......... 20% 1.92M 5m4s
 50500K .......... .......... .......... .......... .......... 20% 2.23M 5m3s
 50550K .......... .......... .......... .......... .......... 20% 1.88M 5m3s
 50600K .......... .......... .......... .......... .......... 20% 2.14M 5m3s
 50650K .......... .......... .......... .......... .......... 20% 2.12M 5m3s
 50700K .......... .......... .......... .......... .......... 20% 1.80M 5m2s
 50750K .......... .......... .......... .......... .......... 20% 2.06M 5m2s
 50800K .......... .......... .......... .......... .......... 20% 1.72M 5m2s
 50850K .......... .......... .......... .......... .......... 20% 2.01M 5m1s
 50900K .......... .......... .......... .......... .......... 20% 1.98M 5m1s
 50950K .......... .......... .......... .......... .......... 20% 1.66M 5m1s
 51000K .......... .......... .......... .......... .......... 20% 1.92M 5m1s
 51050K .......... .......... .......... .......... .......... 20% 1.63M 5m0s
 51100K .......... .......... .......... .......... .......... 20% 1.87M 5m0s
 51150K .......... .......... .......... .......... .......... 20% 1.83M 5m0s
 51200K .......... .......... .......... .......... .......... 20% 1.57M 5m0s
 51250K .......... .......... .......... .......... .......... 20% 1.79M 4m59s
 51300K .......... .......... .......... .......... .......... 21% 1.51M 4m59s
 51350K .......... .......... .......... .......... .......... 21% 1.76M 4m59s
 51400K .......... .......... .......... .......... .......... 21% 1.68M 4m59s
 51450K .......... .......... .......... .......... .......... 21% 1.46M 4m58s
 51500K .......... .......... .......... .......... .......... 21% 1.71M 4m58s
 51550K .......... .......... .......... .......... .......... 21% 1.44M 4m58s
 51600K .......... .......... .......... .......... .......... 21% 1.64M 4m58s
 51650K .......... .......... .......... .......... .......... 21% 1.63M 4m57s
 51700K .......... .......... .......... .......... .......... 21% 1.39M 4m57s
 51750K .......... .......... .......... .......... .......... 21% 1.58M 4m57s
 51800K .......... .......... .......... .......... .......... 21% 1.35M 4m57s
 51850K .......... .......... .......... .......... .......... 21% 1.56M 4m56s
 51900K .......... .......... .......... .......... .......... 21% 1.54M 4m56s
 51950K .......... .......... .......... .......... .......... 21% 1.30M 4m56s
 52000K .......... .......... .......... .......... .......... 21% 1.51M 4m56s
 52050K .......... .......... .......... .......... .......... 21% 1.29M 4m55s
 52100K .......... .......... .......... .......... .......... 21% 1.49M 4m55s
 52150K .......... .......... .......... .......... .......... 21% 1.46M 4m55s
 52200K .......... .......... .......... .......... .......... 21% 1.25M 4m55s
 52250K .......... .......... .......... .......... .......... 21% 1.44M 4m54s
 52300K .......... .......... .......... .......... .......... 21% 1.20M 4m54s
 52350K .......... .......... .......... .......... .......... 21% 1.41M 4m54s
 52400K .......... .......... .......... .......... .......... 21% 1.41M 4m54s
 52450K .......... .......... .......... .......... .......... 21% 1.18M 4m54s
 52500K .......... .......... .......... .......... .......... 21% 1.35M 4m53s
 52550K .......... .......... .......... .......... .......... 21% 1.19M 4m53s
 52600K .......... .......... .......... .......... .......... 21% 1.33M 4m53s
 52650K .......... .......... .......... .......... .......... 21% 1.33M 4m53s
 52700K .......... .......... .......... .......... .......... 21% 1.13M 4m53s
 52750K .......... .......... .......... .......... .......... 21% 1.31M 4m52s
 52800K .......... .......... .......... .......... .......... 21% 1.10M 4m52s
 52850K .......... .......... .......... .......... .......... 21% 1.28M 4m52s
 52900K .......... .......... .......... .......... .......... 21% 1.25M 4m52s
 52950K .......... .......... .......... .......... .......... 21% 1.09M 4m51s
 53000K .......... .......... .......... .......... .......... 21% 1.25M 4m51s
 53050K .......... .......... .......... .......... .......... 21% 1.06M 4m51s
 53100K .......... .......... .......... .......... .......... 21% 1.23M 4m51s
 53150K .......... .......... .......... .......... .......... 21% 1.22M 4m51s
 53200K .......... .......... .......... .......... .......... 21% 1.03M 4m50s
 53250K .......... .......... .......... .......... .......... 21% 1.20M 4m50s
 53300K .......... .......... .......... .......... .......... 21% 1.01M 4m50s
 53350K .......... .......... .......... .......... .......... 21% 1.18M 4m50s
 53400K .......... .......... .......... .......... .......... 21% 1.17M 4m50s
 53450K .......... .......... .......... .......... .......... 21% 1017K 4m50s
 53500K .......... .......... .......... .......... .......... 21% 1.14M 4m49s
 53550K .......... .......... .......... .......... .......... 21% 1002K 4m49s
 53600K .......... .......... .......... .......... .......... 21% 1.13M 4m49s
 53650K .......... .......... .......... .......... .......... 21% 1.09M 4m49s
 53700K .......... .......... .......... .......... .......... 21%  915K 4m49s
 53750K .......... .......... .......... .......... .......... 22%  835K 4m49s
 53800K .......... .......... .......... .......... .......... 22%  925K 4m48s
 53850K .......... .......... .......... .......... .......... 22% 1.09M 4m48s
 53900K .......... .......... .......... .......... .......... 22% 1.08M 4m48s
 53950K .......... .......... .......... .......... .......... 22%  936K 4m48s
 54000K .......... .......... .......... .......... .......... 22% 1.06M 4m48s
 54050K .......... .......... .......... .......... .......... 22%  913K 4m48s
 54100K .......... .......... .......... .......... .......... 22% 1.06M 4m47s
 54150K .......... .......... .......... .......... .......... 22% 1.04M 4m47s
 54200K .......... .......... .......... .......... .......... 22%  907K 4m47s
 54250K .......... .......... .......... .......... .......... 22% 1.02M 4m47s
 54300K .......... .......... .......... .......... .......... 22%  886K 4m47s
 54350K .......... .......... .......... .......... .......... 22% 1.01M 4m47s
 54400K .......... .......... .......... .......... .......... 22% 1.01M 4m46s
 54450K .......... .......... .......... .......... .......... 22%  869K 4m46s
 54500K .......... .......... .......... .......... .......... 22% 1014K 4m46s
 54550K .......... .......... .......... .......... .......... 22%  863K 4m46s
 54600K .......... .......... .......... .......... .......... 22%  993K 4m46s
 54650K .......... .......... .......... .......... .......... 22%  989K 4m46s
 54700K .......... .......... .......... .......... .......... 22%  845K 4m45s
 54750K .......... .......... .......... .......... .......... 22%  980K 4m45s
 54800K .......... .......... .......... .......... .......... 22%  828K 4m45s
 54850K .......... .......... .......... .......... .......... 22%  965K 4m45s
 54900K .......... .......... .......... .......... .......... 22%  961K 4m45s
 54950K .......... .......... .......... .......... .......... 22%  749K 4m45s
 55000K .......... .......... .......... .......... .......... 22%  946K 4m45s
 55050K .......... .......... .......... .......... .......... 22%  802K 4m45s
 55100K .......... .......... .......... .......... .......... 22%  933K 4m44s
 55150K .......... .......... .......... .......... .......... 22%  927K 4m44s
 55200K .......... .......... .......... .......... .......... 22%  791K 4m44s
 55250K .......... .......... .......... .......... .......... 22%  918K 4m44s
 55300K .......... .......... .......... .......... .......... 22%  780K 4m44s
 55350K .......... .......... .......... .......... .......... 22%  900K 4m44s
 55400K .......... .......... .......... .......... .......... 22%  906K 4m44s
 55450K .......... .......... .......... .......... .......... 22%  766K 4m43s
 55500K .......... .......... .......... .......... .......... 22%  887K 4m43s
 55550K .......... .......... .......... .......... .......... 22%  759K 4m43s
 55600K .......... .......... .......... .......... .......... 22%  878K 4m43s
 55650K .......... .......... .......... .......... .......... 22%  872K 4m43s
 55700K .......... .......... .......... .......... .......... 22%  737K 4m43s
 55750K .......... .......... .......... .......... .......... 22%  873K 4m43s
 55800K .......... .......... .......... .......... .......... 22%  732K 4m43s
 55850K .......... .......... .......... .......... .......... 22%  853K 4m42s
 55900K .......... .......... .......... .......... .......... 22%  847K 4m42s
 55950K .......... .......... .......... .......... .......... 22%  722K 4m42s
 56000K .......... .......... .......... .......... .......... 22%  837K 4m42s
 56050K .......... .......... .......... .......... .......... 22%  716K 4m42s
 56100K .......... .......... .......... .......... .......... 22%  828K 4m42s
 56150K .......... .......... .......... .......... .......... 22%  823K 4m42s
 56200K .......... .......... .......... .......... .......... 23%  703K 4m42s
 56250K .......... .......... .......... .......... .......... 23%  802K 4m42s
 56300K .......... .......... .......... .......... .......... 23%  699K 4m41s
 56350K .......... .......... .......... .......... .......... 23%  808K 4m41s
 56400K .......... .......... .......... .......... .......... 23%  795K 4m41s
 56450K .......... .......... .......... .......... .......... 23%  685K 4m41s
 56500K .......... .......... .......... .......... .......... 23%  797K 4m41s
 56550K .......... .......... .......... .......... .......... 23%  676K 4m41s
 56600K .......... .......... .......... .......... .......... 23%  783K 4m41s
 56650K .......... .......... .......... .......... .......... 23%  778K 4m41s
 56700K .......... .......... .......... .......... .......... 23%  665K 4m41s
 56750K .......... .......... .......... .......... .......... 23%  773K 4m41s
 56800K .......... .......... .......... .......... .......... 23%  657K 4m41s
 56850K .......... .......... .......... .......... .......... 23%  763K 4m40s
 56900K .......... .......... .......... .......... .......... 23%  761K 4m40s
 56950K .......... .......... .......... .......... .......... 23%  647K 4m40s
 57000K .......... .......... .......... .......... .......... 23%  751K 4m40s
 57050K .......... .......... .......... .......... .......... 23%  642K 4m40s
 57100K .......... .......... .......... .......... .......... 23%  743K 4m40s
 57150K .......... .......... .......... .......... .......... 23%  739K 4m40s
 57200K .......... .......... .......... .......... .......... 23%  630K 4m40s
 57250K .......... .......... .......... .......... .......... 23%  724K 4m40s
 57300K .......... .......... .......... .......... .......... 23%  629K 4m40s
 57350K .......... .......... .......... .......... .......... 23%  724K 4m40s
 57400K .......... .......... .......... .......... .......... 23%  724K 4m39s
 57450K .......... .......... .......... .......... .......... 23%  616K 4m39s
 57500K .......... .......... .......... .......... .......... 23%  713K 4m39s
 57550K .......... .......... .......... .......... .......... 23%  611K 4m39s
 57600K .......... .......... .......... .......... .......... 23%  702K 4m39s
 57650K .......... .......... .......... .......... .......... 23%  699K 4m39s
 57700K .......... .......... .......... .......... .......... 23%  605K 4m39s
 57750K .......... .......... .......... .......... .......... 23%  699K 4m39s
 57800K .......... .......... .......... .......... .......... 23%  593K 4m39s
 57850K .......... .......... .......... .......... .......... 23%  686K 4m39s
 57900K .......... .......... .......... .......... .......... 23%  695K 4m39s
 57950K .......... .......... .......... .......... .......... 23%  585K 4m39s
 58000K .......... .......... .......... .......... .......... 23%  682K 4m39s
 58050K .......... .......... .......... .......... .......... 23%  581K 4m39s
 58100K .......... .......... .......... .......... .......... 23%  674K 4m39s
 58150K .......... .......... .......... .......... .......... 23%  673K 4m38s
 58200K .......... .......... .......... .......... .......... 23%  574K 4m38s
 58250K .......... .......... .......... .......... .......... 23%  664K 4m38s
 58300K .......... .......... .......... .......... .......... 23%  567K 4m38s
 58350K .......... .......... .......... .......... .......... 23%  661K 4m38s
 58400K .......... .......... .......... .......... .......... 23%  657K 4m38s
 58450K .......... .......... .......... .......... .......... 23%  560K 4m38s
 58500K .......... .......... .......... .......... .......... 23%  652K 4m38s
 58550K .......... .......... .......... .......... .......... 23%  556K 4m38s
 58600K .......... .......... .......... .......... .......... 23%  645K 4m38s
 58650K .......... .......... .......... .......... .......... 24%  642K 4m38s
 58700K .......... .......... .......... .......... .......... 24%  549K 4m38s
 58750K .......... .......... .......... .......... .......... 24%  637K 4m38s
 58800K .......... .......... .......... .......... .......... 24%  542K 4m38s
 58850K .......... .......... .......... .......... .......... 24%  632K 4m38s
 58900K .......... .......... .......... .......... .......... 24%  629K 4m38s
 58950K .......... .......... .......... .......... .......... 24%  535K 4m38s
 59000K .......... .......... .......... .......... .......... 24%  625K 4m38s
 59050K .......... .......... .......... .......... .......... 24%  533K 4m38s
 59100K .......... .......... .......... .......... .......... 24%  617K 4m38s
 59150K .......... .......... .......... .......... .......... 24%  612K 4m37s
 59200K .......... .......... .......... .......... .......... 24%  525K 4m37s
 59250K .......... .......... .......... .......... .......... 24%  613K 4m37s
 59300K .......... .......... .......... .......... .......... 24%  518K 4m37s
 59350K .......... .......... .......... .......... .......... 24%  606K 4m37s
 59400K .......... .......... .......... .......... .......... 24%  603K 4m37s
 59450K .......... .......... .......... .......... .......... 24%  515K 4m37s
 59500K .......... .......... .......... .......... .......... 24%  596K 4m37s
 59550K .......... .......... .......... .......... .......... 24%  511K 4m37s
 59600K .......... .......... .......... .......... .......... 24%  593K 4m37s
 59650K .......... .......... .......... .......... .......... 24%  586K 4m37s
 59700K .......... .......... .......... .......... .......... 24%  506K 4m37s
 59750K .......... .......... .......... .......... .......... 24%  588K 4m37s
 59800K .......... .......... .......... .......... .......... 24%  499K 4m37s
 59850K .......... .......... .......... .......... .......... 24%  581K 4m37s
 59900K .......... .......... .......... .......... .......... 24%  578K 4m37s
 59950K .......... .......... .......... .......... .......... 24%  492K 4m37s
 60000K .......... .......... .......... .......... .......... 24%  575K 4m37s
 60050K .......... .......... .......... .......... .......... 24%  491K 4m37s
 60100K .......... .......... .......... .......... .......... 24%  568K 4m37s
 60150K .......... .......... .......... .......... .......... 24%  568K 4m37s
 60200K .......... .......... .......... .......... .......... 24%  484K 4m37s
 60250K .......... .......... .......... .......... .......... 24%  563K 4m37s
 60300K .......... .......... .......... .......... .......... 24%  480K 4m37s
 60350K .......... .......... .......... .......... .......... 24%  558K 4m37s
 60400K .......... .......... .......... .......... .......... 24%  559K 4m37s
 60450K .......... .......... .......... .......... .......... 24%  475K 4m37s
 60500K .......... .......... .......... .......... .......... 24%  552K 4m37s
 60550K .......... .......... .......... .......... .......... 24%  473K 4m37s
 60600K .......... .......... .......... .......... .......... 24%  547K 4m37s
 60650K .......... .......... .......... .......... .......... 24%  546K 4m37s
 60700K .......... .......... .......... .......... .......... 24%  466K 4m37s
 60750K .......... .......... .......... .......... .......... 24%  542K 4m37s
 60800K .......... .......... .......... .......... .......... 24%  463K 4m37s
 60850K .......... .......... .......... .......... .......... 24%  538K 4m37s
 60900K .......... .......... .......... .......... .......... 24%  535K 4m37s
 60950K .......... .......... .......... .......... .......... 24%  456K 4m37s
 61000K .......... .......... .......... .......... .......... 24%  537K 4m37s
 61050K .......... .......... .......... .......... .......... 25%  455K 4m37s
 61100K .......... .......... .......... .......... .......... 25%  528K 4m37s
 61150K .......... .......... .......... .......... .......... 25%  527K 4m37s
 61200K .......... .......... .......... .......... .......... 25%  442K 4m37s
 61250K .......... .......... .......... .......... .......... 25%  535K 4m37s
 61300K .......... .......... .......... .......... .......... 25%  445K 4m37s
 61350K .......... .......... .......... .......... .......... 25%  519K 4m37s
 61400K .......... .......... .......... .......... .......... 25%  520K 4m37s
 61450K .......... .......... .......... .......... .......... 25%  442K 4m37s
 61500K .......... .......... .......... .......... .......... 25%  511K 4m37s
 61550K .......... .......... .......... .......... .......... 25%  439K 4m37s
 61600K .......... .......... .......... .......... .......... 25%  509K 4m37s
 61650K .......... .......... .......... .......... .......... 25%  506K 4m37s
 61700K .......... .......... .......... .......... .......... 25%  432K 4m37s
 61750K .......... .......... .......... .......... .......... 25%  506K 4m37s
 61800K .......... .......... .......... .......... .......... 25%  431K 4m37s
 61850K .......... .......... .......... .......... .......... 25%  501K 4m37s
 61900K .......... .......... .......... .......... .......... 25%  501K 4m37s
 61950K .......... .......... .......... .......... .......... 25%  426K 4m37s
 62000K .......... .......... .......... .......... .......... 25%  497K 4m37s
 62050K .......... .......... .......... .......... .......... 25%  421K 4m37s
 62100K .......... .......... .......... .......... .......... 25%  496K 4m37s
 62150K .......... .......... .......... .......... .......... 25%  492K 4m37s
 62200K .......... .......... .......... .......... .......... 25%  415K 4m37s
 62250K .......... .......... .......... .......... .......... 25%  492K 4m37s
 62300K .......... .......... .......... .......... .......... 25%  418K 4m37s
 62350K .......... .......... .......... .......... .......... 25%  485K 4m37s
 62400K .......... .......... .......... .......... .......... 25%  481K 4m37s
 62450K .......... .......... .......... .......... .......... 25%  414K 4m37s
 62500K .......... .......... .......... .......... .......... 25%  481K 4m37s
 62550K .......... .......... .......... .......... .......... 25%  410K 4m37s
 62600K .......... .......... .......... .......... .......... 25%  477K 4m37s
 62650K .......... .......... .......... .......... .......... 25%  473K 4m37s
 62700K .......... .......... .......... .......... .......... 25%  406K 4m37s
 62750K .......... .......... .......... .......... .......... 25%  471K 4m37s
 62800K .......... .......... .......... .......... .......... 25%  405K 4m37s
 62850K .......... .......... .......... .......... .......... 25%  468K 4m37s
 62900K .......... .......... .......... .......... .......... 25%  469K 4m37s
 62950K .......... .......... .......... .......... .......... 25%  399K 4m37s
 63000K .......... .......... .......... .......... .......... 25%  465K 4m37s
 63050K .......... .......... .......... .......... .......... 25%  398K 4m38s
 63100K .......... .......... .......... .......... .......... 25%  462K 4m38s
 63150K .......... .......... .......... .......... .......... 25%  460K 4m38s
 63200K .......... .......... .......... .......... .......... 25%  394K 4m38s
 63250K .......... .......... .......... .......... .......... 25%  458K 4m38s
 63300K .......... .......... .......... .......... .......... 25%  391K 4m38s
 63350K .......... .......... .......... .......... .......... 25%  455K 4m38s
 63400K .......... .......... .......... .......... .......... 25%  452K 4m38s
 63450K .......... .......... .......... .......... .......... 25%  366K 4m38s
 63500K .......... .......... .......... .......... .......... 26%  451K 4m38s
 63550K .......... .......... .......... .......... .......... 26%  384K 4m38s
 63600K .......... .......... .......... .......... .......... 26%  446K 4m38s
 63650K .......... .......... .......... .......... .......... 26%  441K 4m38s
 63700K .......... .......... .......... .......... .......... 26%  386K 4m38s
 63750K .......... .......... .......... .......... .......... 26%  443K 4m38s
 63800K .......... .......... .......... .......... .......... 26%  378K 4m38s
 63850K .......... .......... .......... .......... .......... 26%  442K 4m38s
 63900K .......... .......... .......... .......... .......... 26%  440K 4m38s
 63950K .......... .......... .......... .......... .......... 26%  375K 4m38s
 64000K .......... .......... .......... .......... .......... 26%  436K 4m38s
 64050K .......... .......... .......... .......... .......... 26%  400K 4m38s
 64100K .......... .......... .......... .......... .......... 26% 3.44M 4m38s
 64150K .......... .......... .......... .......... .......... 26% 3.12M 4m38s
 64200K .......... .......... .......... .......... .......... 26% 2.71M 4m38s
 64250K .......... .......... .......... .......... .......... 26% 3.16M 4m37s
 64300K .......... .......... .......... .......... .......... 26% 2.54M 4m37s
 64350K .......... .......... .......... .......... .......... 26% 2.53M 4m37s
 64400K .......... .......... .......... .......... .......... 26% 2.91M 4m37s
 64450K .......... .......... .......... .......... .......... 26% 2.38M 4m36s
 64500K .......... .......... .......... .......... .......... 26% 2.82M 4m36s
 64550K .......... .......... .......... .......... .......... 26% 2.50M 4m36s
 64600K .......... .......... .......... .......... .......... 26% 2.84M 4m36s
 64650K .......... .......... .......... .......... .......... 26% 2.77M 4m35s
 64700K .......... .......... .......... .......... .......... 26% 2.37M 4m35s
 64750K .......... .......... .......... .......... .......... 26% 2.70M 4m35s
 64800K .......... .......... .......... .......... .......... 26% 2.24M 4m35s
 64850K .......... .......... .......... .......... .......... 26% 2.59M 4m35s
 64900K .......... .......... .......... .......... .......... 26% 2.58M 4m34s
 64950K .......... .......... .......... .......... .......... 26% 2.13M 4m34s
 65000K .......... .......... .......... .......... .......... 26% 2.46M 4m34s
 65050K .......... .......... .......... .......... .......... 26% 2.10M 4m34s
 65100K .......... .......... .......... .......... .......... 26% 2.38M 4m33s
 65150K .......... .......... .......... .......... .......... 26% 2.33M 4m33s
 65200K .......... .......... .......... .......... .......... 26% 1.99M 4m33s
 65250K .......... .......... .......... .......... .......... 26% 2.27M 4m33s
 65300K .......... .......... .......... .......... .......... 26% 1.90M 4m33s
 65350K .......... .......... .......... .......... .......... 26% 2.20M 4m32s
 65400K .......... .......... .......... .......... .......... 26% 2.17M 4m32s
 65450K .......... .......... .......... .......... .......... 26% 1.83M 4m32s
 65500K .......... .......... .......... .......... .......... 26% 2.10M 4m32s
 65550K .......... .......... .......... .......... .......... 26% 1.78M 4m31s
 65600K .......... .......... .......... .......... .......... 26% 2.05M 4m31s
 65650K .......... .......... .......... .......... .......... 26% 2.00M 4m31s
 65700K .......... .......... .......... .......... .......... 26% 1.70M 4m31s
 65750K .......... .......... .......... .......... .......... 26% 1.93M 4m31s
 65800K .......... .......... .......... .......... .......... 26% 1.64M 4m30s
 65850K .......... .......... .......... .......... .......... 26% 1.90M 4m30s
 65900K .......... .......... .......... .......... .......... 26% 1.90M 4m30s
 65950K .......... .......... .......... .......... .......... 27% 1.58M 4m30s
 66000K .......... .......... .......... .......... .......... 27% 1.83M 4m30s
 66050K .......... .......... .......... .......... .......... 27% 1.56M 4m29s
 66100K .......... .......... .......... .......... .......... 27% 1.76M 4m29s
 66150K .......... .......... .......... .......... .......... 27% 1.77M 4m29s
 66200K .......... .......... .......... .......... .......... 27% 1.49M 4m29s
 66250K .......... .......... .......... .......... .......... 27% 1.73M 4m29s
 66300K .......... .......... .......... .......... .......... 27% 1.45M 4m28s
 66350K .......... .......... .......... .......... .......... 27% 1.67M 4m28s
 66400K .......... .......... .......... .......... .......... 27% 1.65M 4m28s
 66450K .......... .......... .......... .......... .......... 27% 1.42M 4m28s
 66500K .......... .......... .......... .......... .......... 27% 1.63M 4m28s
 66550K .......... .......... .......... .......... .......... 27% 1.20M 4m27s
 66600K .......... .......... .......... .......... .......... 27% 1.60M 4m27s
 66650K .......... .......... .......... .......... .......... 27% 1.56M 4m27s
 66700K .......... .......... .......... .......... .......... 27% 1.34M 4m27s
 66750K .......... .......... .......... .......... .......... 27% 1.54M 4m27s
 66800K .......... .......... .......... .......... .......... 27% 1.29M 4m27s
 66850K .......... .......... .......... .......... .......... 27% 1.50M 4m26s
 66900K .......... .......... .......... .......... .......... 27% 1.49M 4m26s
 66950K .......... .......... .......... .......... .......... 27% 1.26M 4m26s
 67000K .......... .......... .......... .......... .......... 27% 1.44M 4m26s
 67050K .......... .......... .......... .......... .......... 27% 1.23M 4m26s
 67100K .......... .......... .......... .......... .......... 27% 1.44M 4m25s
 67150K .......... .......... .......... .......... .......... 27% 1.40M 4m25s
 67200K .......... .......... .......... .......... .......... 27% 1.22M 4m25s
 67250K .......... .......... .......... .......... .......... 27% 1.39M 4m25s
 67300K .......... .......... .......... .......... .......... 27% 1.17M 4m25s
 67350K .......... .......... .......... .......... .......... 27% 1.35M 4m25s
 67400K .......... .......... .......... .......... .......... 27% 1.36M 4m24s
 67450K .......... .......... .......... .......... .......... 27% 1.14M 4m24s
 67500K .......... .......... .......... .......... .......... 27% 1.31M 4m24s
 67550K .......... .......... .......... .......... .......... 27% 1.13M 4m24s
 67600K .......... .......... .......... .......... .......... 27% 1.29M 4m24s
 67650K .......... .......... .......... .......... .......... 27% 1.29M 4m24s
 67700K .......... .......... .......... .......... .......... 27% 1.08M 4m23s
 67750K .......... .......... .......... .......... .......... 27% 1.27M 4m23s
 67800K .......... .......... .......... .......... .......... 27% 1.07M 4m23s
 67850K .......... .......... .......... .......... .......... 27% 1.24M 4m23s
 67900K .......... .......... .......... .......... .......... 27% 1.24M 4m23s
 67950K .......... .......... .......... .......... .......... 27% 1.04M 4m23s
 68000K .......... .......... .......... .......... .......... 27% 1.17M 4m22s
 68050K .......... .......... .......... .......... .......... 27% 1.05M 4m22s
 68100K .......... .......... .......... .......... .......... 27% 1.19M 4m22s
 68150K .......... .......... .......... .......... .......... 27% 1.18M 4m22s
 68200K .......... .......... .......... .......... .......... 27% 1.00M 4m22s
 68250K .......... .......... .......... .......... .......... 27% 1.16M 4m22s
 68300K .......... .......... .......... .......... .......... 27% 1009K 4m22s
 68350K .......... .......... .......... .......... .......... 27% 1.14M 4m21s
 68400K .......... .......... .......... .......... .......... 28% 1.14M 4m21s
 68450K .......... .......... .......... .......... .......... 28%  982K 4m21s
 68500K .......... .......... .......... .......... .......... 28% 1.11M 4m21s
 68550K .......... .......... .......... .......... .......... 28%  979K 4m21s
 68600K .......... .......... .......... .......... .......... 28% 1.09M 4m21s
 68650K .......... .......... .......... .......... .......... 28% 1.09M 4m21s
 68700K .......... .......... .......... .......... .......... 28%  952K 4m20s
 68750K .......... .......... .......... .......... .......... 28% 1.08M 4m20s
 68800K .......... .......... .......... .......... .......... 28%  926K 4m20s
 68850K .......... .......... .......... .......... .......... 28% 1.05M 4m20s
 68900K .......... .......... .......... .......... .......... 28% 1.05M 4m20s
 68950K .......... .......... .......... .......... .......... 28%  912K 4m20s
 69000K .......... .......... .......... .......... .......... 28% 1.03M 4m20s
 69050K .......... .......... .......... .......... .......... 28%  902K 4m19s
 69100K .......... .......... .......... .......... .......... 28% 1.03M 4m19s
 69150K .......... .......... .......... .......... .......... 28% 1.01M 4m19s
 69200K .......... .......... .......... .......... .......... 28%  885K 4m19s
 69250K .......... .......... .......... .......... .......... 28% 1.00M 4m19s
 69300K .......... .......... .......... .......... .......... 28%  865K 4m19s
 69350K .......... .......... .......... .......... .......... 28% 1005K 4m19s
 69400K .......... .......... .......... .......... .......... 28% 1006K 4m19s
 69450K .......... .......... .......... .......... .......... 28%  850K 4m18s
 69500K .......... .......... .......... .......... .......... 28%  985K 4m18s
 69550K .......... .......... .......... .......... .......... 28%  841K 4m18s
 69600K .......... .......... .......... .......... .......... 28%  968K 4m18s
 69650K .......... .......... .......... .......... .......... 28%  963K 4m18s
 69700K .......... .......... .......... .......... .......... 28%  824K 4m18s
 69750K .......... .......... .......... .......... .......... 28%  954K 4m18s
 69800K .......... .......... .......... .......... .......... 28%  804K 4m18s
 69850K .......... .......... .......... .......... .......... 28%  927K 4m17s
 69900K .......... .......... .......... .......... .......... 28%  938K 4m17s
 69950K .......... .......... .......... .......... .......... 28%  797K 4m17s
 70000K .......... .......... .......... .......... .......... 28%  924K 4m17s
 70050K .......... .......... .......... .......... .......... 28%  790K 4m17s
 70100K .......... .......... .......... .......... .......... 28%  910K 4m17s
 70150K .......... .......... .......... .......... .......... 28%  908K 4m17s
 70200K .......... .......... .......... .......... .......... 28%  774K 4m17s
 70250K .......... .......... .......... .......... .......... 28%  896K 4m17s
 70300K .......... .......... .......... .......... .......... 28%  754K 4m16s
 70350K .......... .......... .......... .......... .......... 28%  894K 4m16s
 70400K .......... .......... .......... .......... .......... 28%  883K 4m16s
 70450K .......... .......... .......... .......... .......... 28%  748K 4m16s
 70500K .......... .......... .......... .......... .......... 28%  869K 4m16s
 70550K .......... .......... .......... .......... .......... 28%  742K 4m16s
 70600K .......... .......... .......... .......... .......... 28%  855K 4m16s
 70650K .......... .......... .......... .......... .......... 28%  852K 4m16s
 70700K .......... .......... .......... .......... .......... 28%  732K 4m16s
 70750K .......... .......... .......... .......... .......... 28%  839K 4m16s
 70800K .......... .......... .......... .......... .......... 28%  721K 4m15s
 70850K .......... .......... .......... .......... .......... 29%  833K 4m15s
 70900K .......... .......... .......... .......... .......... 29%  831K 4m15s
 70950K .......... .......... .......... .......... .......... 29%  703K 4m15s
 71000K .......... .......... .......... .......... .......... 29%  826K 4m15s
 71050K .......... .......... .......... .......... .......... 29%  700K 4m15s
 71100K .......... .......... .......... .......... .......... 29%  805K 4m15s
 71150K .......... .......... .......... .......... .......... 29%  811K 4m15s
 71200K .......... .......... .......... .......... .......... 29%  688K 4m15s
 71250K .......... .......... .......... .......... .......... 29%  799K 4m15s
 71300K .......... .......... .......... .......... .......... 29%  677K 4m14s
 71350K .......... .......... .......... .......... .......... 29%  790K 4m14s
 71400K .......... .......... .......... .......... .......... 29%  783K 4m14s
 71450K .......... .......... .......... .......... .......... 29%  669K 4m14s
 71500K .......... .......... .......... .......... .......... 29%  777K 4m14s
 71550K .......... .......... .......... .......... .......... 29%  664K 4m14s
 71600K .......... .......... .......... .......... .......... 29%  768K 4m14s
 71650K .......... .......... .......... .......... .......... 29%  763K 4m14s
 71700K .......... .......... .......... .......... .......... 29%  653K 4m14s
 71750K .......... .......... .......... .......... .......... 29%  758K 4m14s
 71800K .......... .......... .......... .......... .......... 29%  644K 4m14s
 71850K .......... .......... .......... .......... .......... 29%  749K 4m14s
 71900K .......... .......... .......... .......... .......... 29%  745K 4m13s
 71950K .......... .......... .......... .......... .......... 29%  635K 4m13s
 72000K .......... .......... .......... .......... .......... 29%  736K 4m13s
 72050K .......... .......... .......... .......... .......... 29%  630K 4m13s
 72100K .......... .......... .......... .......... .......... 29%  728K 4m13s
 72150K .......... .......... .......... .......... .......... 29%  727K 4m13s
 72200K .......... .......... .......... .......... .......... 29%  622K 4m13s
 72250K .......... .......... .......... .......... .......... 29%  720K 4m13s
 72300K .......... .......... .......... .......... .......... 29%  613K 4m13s
 72350K .......... .......... .......... .......... .......... 29%  707K 4m13s
 72400K .......... .......... .......... .......... .......... 29%  704K 4m13s
 72450K .......... .......... .......... .......... .......... 29%  608K 4m13s
 72500K .......... .......... .......... .......... .......... 29%  702K 4m13s
 72550K .......... .......... .......... .......... .......... 29%  596K 4m13s
 72600K .......... .......... .......... .......... .......... 29%  695K 4m12s
 72650K .......... .......... .......... .......... .......... 29%  694K 4m12s
 72700K .......... .......... .......... .......... .......... 29%  589K 4m12s
 72750K .......... .......... .......... .......... .......... 29%  685K 4m12s
 72800K .......... .......... .......... .......... .......... 29%  587K 4m12s
 72850K .......... .......... .......... .......... .......... 29%  679K 4m12s
 72900K .......... .......... .......... .......... .......... 29%  671K 4m12s
 72950K .......... .......... .......... .......... .......... 29%  579K 4m12s
 73000K .......... .......... .......... .......... .......... 29%  670K 4m12s
 73050K .......... .......... .......... .......... .......... 29%  572K 4m12s
 73100K .......... .......... .......... .......... .......... 29%  659K 4m12s
 73150K .......... .......... .......... .......... .......... 29%  663K 4m12s
 73200K .......... .......... .......... .......... .......... 29%  563K 4m12s
 73250K .......... .......... .......... .......... .......... 29%  659K 4m12s
 73300K .......... .......... .......... .......... .......... 30%  556K 4m12s
 73350K .......... .......... .......... .......... .......... 30%  649K 4m12s
 73400K .......... .......... .......... .......... .......... 30%  647K 4m12s
 73450K .......... .......... .......... .......... .......... 30%  550K 4m12s
 73500K .......... .......... .......... .......... .......... 30%  640K 4m11s
 73550K .......... .......... .......... .......... .......... 30%  548K 4m11s
 73600K .......... .......... .......... .......... .......... 30%  634K 4m11s
 73650K .......... .......... .......... .......... .......... 30%  629K 4m11s
 73700K .......... .......... .......... .......... .......... 30%  541K 4m11s
 73750K .......... .......... .......... .......... .......... 30%  625K 4m11s
 73800K .......... .......... .......... .......... .......... 30%  535K 4m11s
 73850K .......... .......... .......... .......... .......... 30%  620K 4m11s
 73900K .......... .......... .......... .......... .......... 30%  620K 4m11s
 73950K .......... .......... .......... .......... .......... 30%  525K 4m11s
 74000K .......... .......... .......... .......... .......... 30%  612K 4m11s
 74050K .......... .......... .......... .......... .......... 30%  523K 4m11s
 74100K .......... .......... .......... .......... .......... 30%  610K 4m11s
 74150K .......... .......... .......... .......... .......... 30%  599K 4m11s
 74200K .......... .......... .......... .......... .......... 30%  505K 4m11s
 74250K .......... .......... .......... .......... .......... 30%  595K 4m11s
 74300K .......... .......... .......... .......... .......... 30%  512K 4m11s
 74350K .......... .......... .......... .......... .......... 30%  596K 4m11s
 74400K .......... .......... .......... .......... .......... 30%  593K 4m11s
 74450K .......... .......... .......... .......... .......... 30%  507K 4m11s
 74500K .......... .......... .......... .......... .......... 30%  587K 4m11s
 74550K .......... .......... .......... .......... .......... 30%  504K 4m11s
 74600K .......... .......... .......... .......... .......... 30%  584K 4m11s
 74650K .......... .......... .......... .......... .......... 30%  582K 4m10s
 74700K .......... .......... .......... .......... .......... 30%  496K 4m10s
 74750K .......... .......... .......... .......... .......... 30%  577K 4m10s
 74800K .......... .......... .......... .......... .......... 30%  492K 4m10s
 74850K .......... .......... .......... .......... .......... 30%  574K 4m10s
 74900K .......... .......... .......... .......... .......... 30%  568K 4m10s
 74950K .......... .......... .......... .......... .......... 30%  484K 4m10s
 75000K .......... .......... .......... .......... .......... 30%  569K 4m10s
 75050K .......... .......... .......... .......... .......... 30%  484K 4m10s
 75100K .......... .......... .......... .......... .......... 30%  560K 4m10s
 75150K .......... .......... .......... .......... .......... 30%  559K 4m10s
 75200K .......... .......... .......... .......... .......... 30%  478K 4m10s
 75250K .......... .......... .......... .......... .......... 30%  553K 4m10s
 75300K .......... .......... .......... .......... .......... 30%  472K 4m10s
 75350K .......... .......... .......... .......... .......... 30%  553K 4m10s
 75400K .......... .......... .......... .......... .......... 30%  550K 4m10s
 75450K .......... .......... .......... .......... .......... 30%  468K 4m10s
 75500K .......... .......... .......... .......... .......... 30%  544K 4m10s
 75550K .......... .......... .......... .......... .......... 30%  465K 4m10s
 75600K .......... .......... .......... .......... .......... 30%  539K 4m10s
 75650K .......... .......... .......... .......... .......... 30%  538K 4m10s
 75700K .......... .......... .......... .......... .......... 30%  461K 4m10s
 75750K .......... .......... .......... .......... .......... 31%  533K 4m10s
 75800K .......... .......... .......... .......... .......... 31%  454K 4m10s
 75850K .......... .......... .......... .......... .......... 31%  532K 4m10s
 75900K .......... .......... .......... .......... .......... 31%  531K 4m10s
 75950K .......... .......... .......... .......... .......... 31%  451K 4m10s
 76000K .......... .......... .......... .......... .......... 31%  525K 4m10s
 76050K .......... .......... .......... .......... .......... 31%  446K 4m10s
 76100K .......... .......... .......... .......... .......... 31%  520K 4m10s
 76150K .......... .......... .......... .......... .......... 31%  523K 4m10s
 76200K .......... .......... .......... .......... .......... 31%  444K 4m10s
 76250K .......... .......... .......... .......... .......... 31%  516K 4m10s
 76300K .......... .......... .......... .......... .......... 31%  440K 4m10s
 76350K .......... .......... .......... .......... .......... 31%  511K 4m10s
 76400K .......... .......... .......... .......... .......... 31%  511K 4m10s
 76450K .......... .......... .......... .......... .......... 31%  435K 4m10s
 76500K .......... .......... .......... .......... .......... 31%  506K 4m10s
 76550K .......... .......... .......... .......... .......... 31%  433K 4m10s
 76600K .......... .......... .......... .......... .......... 31%  502K 4m10s
 76650K .......... .......... .......... .......... .......... 31%  502K 4m10s
 76700K .......... .......... .......... .......... .......... 31%  428K 4m10s
 76750K .......... .......... .......... .......... .......... 31%  499K 4m10s
 76800K .......... .......... .......... .......... .......... 31%  425K 4m10s
 76850K .......... .......... .......... .......... .......... 31%  492K 4m10s
 76900K .......... .......... .......... .......... .......... 31%  495K 4m10s
 76950K .......... .......... .......... .......... .......... 31%  421K 4m10s
 77000K .......... .......... .......... .......... .......... 31%  487K 4m10s
 77050K .......... .......... .......... .......... .......... 31%  420K 4m10s
 77100K .......... .......... .......... .......... .......... 31%  486K 4m10s
 77150K .......... .......... .......... .......... .......... 31%  482K 4m10s
 77200K .......... .......... .......... .......... .......... 31%  415K 4m10s
 77250K .......... .......... .......... .......... .......... 31%  483K 4m10s
 77300K .......... .......... .......... .......... .......... 31%  410K 4m10s
 77350K .......... .......... .......... .......... .......... 31%  477K 4m10s
 77400K .......... .......... .......... .......... .......... 31%  480K 4m10s
 77450K .......... .......... .......... .......... .......... 31%  407K 4m10s
 77500K .......... .......... .......... .......... .......... 31%  473K 4m10s
 77550K .......... .......... .......... .......... .......... 31%  404K 4m10s
 77600K .......... .......... .......... .......... .......... 31%  472K 4m10s
 77650K .......... .......... .......... .......... .......... 31%  467K 4m10s
 77700K .......... .......... .......... .......... .......... 31%  402K 4m10s
 77750K .......... .......... .......... .......... .......... 31%  465K 4m10s
 77800K .......... .......... .......... .......... .......... 31%  395K 4m10s
 77850K .......... .......... .......... .......... .......... 31%  465K 4m10s
 77900K .......... .......... .......... .......... .......... 31%  462K 4m10s
 77950K .......... .......... .......... .......... .......... 31%  358K 4m10s
 78000K .......... .......... .......... .......... .......... 31%  456K 4m10s
 78050K .......... .......... .......... .......... .......... 31%  388K 4m10s
 78100K .......... .......... .......... .......... .......... 31%  457K 4m10s
 78150K .......... .......... .......... .......... .......... 31%  454K 4m10s
 78200K .......... .......... .......... .......... .......... 32%  389K 4m10s
 78250K .......... .......... .......... .......... .......... 32%  452K 4m10s
 78300K .......... .......... .......... .......... .......... 32%  385K 4m10s
 78350K .......... .......... .......... .......... .......... 32%  449K 4m10s
 78400K .......... .......... .......... .......... .......... 32%  448K 4m10s
 78450K .......... .......... .......... .......... .......... 32%  382K 4m10s
 78500K .......... .......... .......... .......... .......... 32%  445K 4m10s
 78550K .......... .......... .......... .......... .......... 32%  379K 4m10s
 78600K .......... .......... .......... .......... .......... 32%  442K 4m10s
 78650K .......... .......... .......... .......... .......... 32%  441K 4m10s
 78700K .......... .......... .......... .......... .......... 32%  376K 4m10s
 78750K .......... .......... .......... .......... .......... 32%  438K 4m10s
 78800K .......... .......... .......... .......... .......... 32%  374K 4m10s
 78850K .......... .......... .......... .......... .......... 32%  435K 4m10s
 78900K .......... .......... .......... .......... .......... 32%  480K 4m10s
 78950K .......... .......... .......... .......... .......... 32%  787K 4m10s
 79000K .......... .......... .......... .......... .......... 32% 3.14M 4m10s
 79050K .......... .......... .......... .......... .......... 32% 2.61M 4m10s
 79100K .......... .......... .......... .......... .......... 32% 3.09M 4m10s
 79150K .......... .......... .......... .......... .......... 32% 2.93M 4m9s
 79200K .......... .......... .......... .......... .......... 32% 2.53M 4m9s
 79250K .......... .......... .......... .......... .......... 32% 2.82M 4m9s
 79300K .......... .......... .......... .......... .......... 32% 2.39M 4m9s
 79350K .......... .......... .......... .......... .......... 32% 2.82M 4m9s
 79400K .......... .......... .......... .......... .......... 32% 2.85M 4m8s
 79450K .......... .......... .......... .......... .......... 32% 2.40M 4m8s
 79500K .......... .......... .......... .......... .......... 32% 2.51M 4m8s
 79550K .......... .......... .......... .......... .......... 32% 2.34M 4m8s
 79600K .......... .......... .......... .......... .......... 32% 2.67M 4m8s
 79650K .......... .......... .......... .......... .......... 32% 2.63M 4m7s
 79700K .......... .......... .......... .......... .......... 32% 2.22M 4m7s
 79750K .......... .......... .......... .......... .......... 32% 2.55M 4m7s
 79800K .......... .......... .......... .......... .......... 32% 2.13M 4m7s
 79850K .......... .......... .......... .......... .......... 32% 2.46M 4m7s
 79900K .......... .......... .......... .......... .......... 32% 2.45M 4m6s
 79950K .......... .......... .......... .......... .......... 32% 2.03M 4m6s
 80000K .......... .......... .......... .......... .......... 32% 2.34M 4m6s
 80050K .......... .......... .......... .......... .......... 32% 2.00M 4m6s
 80100K .......... .......... .......... .......... .......... 32% 2.24M 4m6s
 80150K .......... .......... .......... .......... .......... 32% 2.24M 4m6s
 80200K .......... .......... .......... .......... .......... 32% 1.88M 4m5s
 80250K .......... .......... .......... .......... .......... 32% 2.17M 4m5s
 80300K .......... .......... .......... .......... .......... 32% 1.81M 4m5s
 80350K .......... .......... .......... .......... .......... 32% 2.08M 4m5s
 80400K .......... .......... .......... .......... .......... 32% 2.11M 4m5s
 80450K .......... .......... .......... .......... .......... 32% 1.73M 4m5s
 80500K .......... .......... .......... .......... .......... 32% 2.02M 4m4s
 80550K .......... .......... .......... .......... .......... 32% 1.70M 4m4s
 80600K .......... .......... .......... .......... .......... 33% 1.95M 4m4s
 80650K .......... .......... .......... .......... .......... 33% 1.92M 4m4s
 80700K .......... .......... .......... .......... .......... 33% 1.62M 4m4s
 80750K .......... .......... .......... .......... .......... 33% 1.89M 4m3s
 80800K .......... .......... .......... .......... .......... 33% 1.58M 4m3s
 80850K .......... .......... .......... .......... .......... 33% 1.82M 4m3s
 80900K .......... .......... .......... .......... .......... 33% 1.83M 4m3s
 80950K .......... .......... .......... .......... .......... 33% 1.52M 4m3s
 81000K .......... .......... .......... .......... .......... 33% 1.76M 4m3s
 81050K .......... .......... .......... .......... .......... 33% 1.50M 4m2s
 81100K .......... .......... .......... .......... .......... 33% 1.70M 4m2s
 81150K .......... .......... .......... .......... .......... 33% 1.70M 4m2s
 81200K .......... .......... .......... .......... .......... 33% 1.44M 4m2s
 81250K .......... .......... .......... .......... .......... 33% 1.65M 4m2s
 81300K .......... .......... .......... .......... .......... 33% 1.40M 4m2s
 81350K .......... .......... .......... .......... .......... 33% 1.62M 4m2s
 81400K .......... .......... .......... .......... .......... 33% 1.62M 4m1s
 81450K .......... .......... .......... .......... .......... 33% 1.36M 4m1s
 81500K .......... .......... .......... .......... .......... 33% 1.56M 4m1s
 81550K .......... .......... .......... .......... .......... 33% 1.33M 4m1s
 81600K .......... .......... .......... .......... .......... 33% 1.52M 4m1s
 81650K .......... .......... .......... .......... .......... 33% 1.51M 4m1s
 81700K .......... .......... .......... .......... .......... 33% 1.29M 4m0s
 81750K .......... .......... .......... .......... .......... 33% 1.50M 4m0s
 81800K .......... .......... .......... .......... .......... 33% 1.25M 4m0s
 81850K .......... .......... .......... .......... .......... 33% 1.45M 4m0s
 81900K .......... .......... .......... .......... .......... 33% 1.47M 4m0s
 81950K .......... .......... .......... .......... .......... 33% 1.21M 4m0s
 82000K .......... .......... .......... .......... .......... 33% 1.42M 4m0s
 82050K .......... .......... .......... .......... .......... 33% 1.20M 3m59s
 82100K .......... .......... .......... .......... .......... 33% 1.39M 3m59s
 82150K .......... .......... .......... .......... .......... 33% 1.34M 3m59s
 82200K .......... .......... .......... .......... .......... 33% 1.18M 3m59s
 82250K .......... .......... .......... .......... .......... 33% 1.33M 3m59s
 82300K .......... .......... .......... .......... .......... 33% 1.13M 3m59s
 82350K .......... .......... .......... .......... .......... 33% 1.31M 3m59s
 82400K .......... .......... .......... .......... .......... 33% 1.32M 3m58s
 82450K .......... .......... .......... .......... .......... 33% 1.12M 3m58s
 82500K .......... .......... .......... .......... .......... 33% 1.29M 3m58s
 82550K .......... .......... .......... .......... .......... 33% 1.09M 3m58s
 82600K .......... .......... .......... .......... .......... 33% 1.24M 3m58s
 82650K .......... .......... .......... .......... .......... 33% 1.28M 3m58s
 82700K .......... .......... .......... .......... .......... 33% 1.06M 3m58s
 82750K .......... .......... .......... .......... .......... 33% 1.23M 3m57s
 82800K .......... .......... .......... .......... .......... 33% 1.05M 3m57s
 82850K .......... .......... .......... .......... .......... 33% 1.20M 3m57s
 82900K .......... .......... .......... .......... .......... 33% 1.20M 3m57s
 82950K .......... .......... .......... .......... .......... 33% 1.01M 3m57s
 83000K .......... .......... .......... .......... .......... 33% 1.19M 3m57s
 83050K .......... .......... .......... .......... .......... 34% 1021K 3m57s
 83100K .......... .......... .......... .......... .......... 34% 1.16M 3m57s
 83150K .......... .......... .......... .......... .......... 34% 1.15M 3m56s
 83200K .......... .......... .......... .......... .......... 34%  997K 3m56s
 83250K .......... .......... .......... .......... .......... 34% 1.13M 3m56s
 83300K .......... .......... .......... .......... .......... 34%  987K 3m56s
 83350K .......... .......... .......... .......... .......... 34% 1.11M 3m56s
 83400K .......... .......... .......... .......... .......... 34% 1.11M 3m56s
 83450K .......... .......... .......... .......... .......... 34%  959K 3m56s
 83500K .......... .......... .......... .......... .......... 34% 1.10M 3m56s
 83550K .......... .......... .......... .......... .......... 34%  953K 3m55s
 83600K .......... .......... .......... .......... .......... 34% 1.07M 3m55s
 83650K .......... .......... .......... .......... .......... 34% 1.07M 3m55s
 83700K .......... .......... .......... .......... .......... 34%  934K 3m55s
 83750K .......... .......... .......... .......... .......... 34% 1.04M 3m55s
 83800K .......... .......... .......... .......... .......... 34%  909K 3m55s
 83850K .......... .......... .......... .......... .......... 34% 1.04M 3m55s
 83900K .......... .......... .......... .......... .......... 34% 1.02M 3m55s
 83950K .......... .......... .......... .......... .......... 34%  898K 3m54s
 84000K .......... .......... .......... .......... .......... 34% 1.01M 3m54s
 84050K .......... .......... .......... .......... .......... 34%  885K 3m54s
 84100K .......... .......... .......... .......... .......... 34% 1008K 3m54s
 84150K .......... .......... .......... .......... .......... 34% 1013K 3m54s
 84200K .......... .......... .......... .......... .......... 34%  871K 3m54s
 84250K .......... .......... .......... .......... .......... 34%  989K 3m54s
 84300K .......... .......... .......... .......... .......... 34%  859K 3m54s
 84350K .......... .......... .......... .......... .......... 34%  994K 3m54s
 84400K .......... .......... .......... .......... .......... 34%  979K 3m53s
 84450K .......... .......... .......... .......... .......... 34%  831K 3m53s
 84500K .......... .......... .......... .......... .......... 34%  971K 3m53s
 84550K .......... .......... .......... .......... .......... 34%  832K 3m53s
 84600K .......... .......... .......... .......... .......... 34%  954K 3m53s
 84650K .......... .......... .......... .......... .......... 34%  947K 3m53s
 84700K .......... .......... .......... .......... .......... 34%  814K 3m53s
 84750K .......... .......... .......... .......... .......... 34%  932K 3m53s
 84800K .......... .......... .......... .......... .......... 34%  798K 3m53s
 84850K .......... .......... .......... .......... .......... 34%  929K 3m53s
 84900K .......... .......... .......... .......... .......... 34%  919K 3m52s
 84950K .......... .......... .......... .......... .......... 34%  784K 3m52s
 85000K .......... .......... .......... .......... .......... 34%  910K 3m52s
 85050K .......... .......... .......... .......... .......... 34%  765K 3m52s
 85100K .......... .......... .......... .......... .......... 34%  901K 3m52s
 85150K .......... .......... .......... .......... .......... 34%  891K 3m52s
 85200K .......... .......... .......... .......... .......... 34%  763K 3m52s
 85250K .......... .......... .......... .......... .......... 34%  877K 3m52s
 85300K .......... .......... .......... .......... .......... 34%  751K 3m52s
 85350K .......... .......... .......... .......... .......... 34%  874K 3m52s
 85400K .......... .......... .......... .......... .......... 34%  863K 3m51s
 85450K .......... .......... .......... .......... .......... 34%  738K 3m51s
 85500K .......... .......... .......... .......... .......... 35%  856K 3m51s
 85550K .......... .......... .......... .......... .......... 35%  727K 3m51s
 85600K .......... .......... .......... .......... .......... 35%  844K 3m51s
 85650K .......... .......... .......... .......... .......... 35%  840K 3m51s
 85700K .......... .......... .......... .......... .......... 35%  720K 3m51s
 85750K .......... .......... .......... .......... .......... 35%  825K 3m51s
 85800K .......... .......... .......... .......... .......... 35%  708K 3m51s
 85850K .......... .......... .......... .......... .......... 35%  824K 3m51s
 85900K .......... .......... .......... .......... .......... 35%  813K 3m51s
 85950K .......... .......... .......... .......... .......... 35%  698K 3m50s
 86000K .......... .......... .......... .......... .......... 35%  810K 3m50s
 86050K .......... .......... .......... .......... .......... 35%  681K 3m50s
 86100K .......... .......... .......... .......... .......... 35%  749K 3m50s
 86150K .......... .......... .......... .......... .......... 35% 4.39M 3m50s
 86200K .......... .......... .......... .......... .......... 35% 3.80M 3m50s
 86250K .......... .......... .......... .......... .......... 35% 4.63M 3m50s
 86300K .......... .......... .......... .......... .......... 35% 4.25M 3m49s
 86350K .......... .......... .......... .......... .......... 35% 4.52M 3m49s
 86400K .......... .......... .......... .......... .......... 35% 4.84M 3m49s
 86450K .......... .......... .......... .......... .......... 35% 4.05M 3m49s
 86500K .......... .......... .......... .......... .......... 35% 4.91M 3m49s
 86550K .......... .......... .......... .......... .......... 35% 4.46M 3m49s
 86600K .......... .......... .......... .......... .......... 35% 4.24M 3m48s
 86650K .......... .......... .......... .......... .......... 35% 4.77M 3m48s
 86700K .......... .......... .......... .......... .......... 35% 4.28M 3m48s
 86750K .......... .......... .......... .......... .......... 35% 4.66M 3m48s
 86800K .......... .......... .......... .......... .......... 35% 4.52M 3m48s
 86850K .......... .......... .......... .......... .......... 35% 4.88M 3m47s
 86900K .......... .......... .......... .......... .......... 35% 4.73M 3m47s
 86950K .......... .......... .......... .......... .......... 35% 3.26M 3m47s
 87000K .......... .......... .......... .......... .......... 35% 4.65M 3m47s
 87050K .......... .......... .......... .......... .......... 35% 3.71M 3m47s
 87100K .......... .......... .......... .......... .......... 35% 3.92M 3m47s
 87150K .......... .......... .......... .......... .......... 35% 4.02M 3m46s
 87200K .......... .......... .......... .......... .......... 35% 3.87M 3m46s
 87250K .......... .......... .......... .......... .......... 35% 3.83M 3m46s
 87300K .......... .......... .......... .......... .......... 35% 3.16M 3m46s
 87350K .......... .......... .......... .......... .......... 35% 4.10M 3m46s
 87400K .......... .......... .......... .......... .......... 35% 2.79M 3m45s
 87450K .......... .......... .......... .......... .......... 35% 3.20M 3m45s
 87500K .......... .......... .......... .......... .......... 35% 3.34M 3m45s
 87550K .......... .......... .......... .......... .......... 35% 2.73M 3m45s
 87600K .......... .......... .......... .......... .......... 35% 2.91M 3m45s
 87650K .......... .......... .......... .......... .......... 35% 3.05M 3m45s
 87700K .......... .......... .......... .......... .......... 35% 2.86M 3m44s
 87750K .......... .......... .......... .......... .......... 35% 2.35M 3m44s
 87800K .......... .......... .......... .......... .......... 35% 2.79M 3m44s
 87850K .......... .......... .......... .......... .......... 35% 1.61M 3m44s
 87900K .......... .......... .......... .......... .......... 35%  906K 3m44s
 87950K .......... .......... .......... .......... .......... 36%  727K 3m44s
 88000K .......... .......... .......... .......... .......... 36%  829K 3m44s
 88050K .......... .......... .......... .......... .......... 36%  585K 3m44s
 88100K .......... .......... .......... .......... .......... 36% 1016K 3m44s
 88150K .......... .......... .......... .......... .......... 36% 2.71M 3m43s
 88200K .......... .......... .......... .......... .......... 36% 1.35M 3m43s
 88250K .......... .......... .......... .......... .......... 36% 1.39M 3m43s
 88300K .......... .......... .......... .......... .......... 36%  874K 3m43s
 88350K .......... .......... .......... .......... .......... 36% 1.41M 3m43s
 88400K .......... .......... .......... .......... .......... 36%  560K 3m43s
 88450K .......... .......... .......... .......... .......... 36% 1.94M 3m43s
 88500K .......... .......... .......... .......... .......... 36% 2.50M 3m43s
 88550K .......... .......... .......... .......... .......... 36% 2.01M 3m42s
 88600K .......... .......... .......... .......... .......... 36% 2.30M 3m42s
 88650K .......... .......... .......... .......... .......... 36% 2.22M 3m42s
 88700K .......... .......... .......... .......... .......... 36% 1.10M 3m42s
 88750K .......... .......... .......... .......... .......... 36%  653K 3m42s
 88800K .......... .......... .......... .......... .......... 36% 1.99M 3m42s
 88850K .......... .......... .......... .......... .......... 36% 2.28M 3m42s
 88900K .......... .......... .......... .......... .......... 36% 1.99M 3m41s
 88950K .......... .......... .......... .......... .......... 36% 1.13M 3m41s
 89000K .......... .......... .......... .......... .......... 36% 1.09M 3m41s
 89050K .......... .......... .......... .......... .......... 36% 1.14M 3m41s
 89100K .......... .......... .......... .......... .......... 36% 1.34M 3m41s
 89150K .......... .......... .......... .......... .......... 36% 1.46M 3m41s
 89200K .......... .......... .......... .......... .......... 36%  945K 3m41s
 89250K .......... .......... .......... .......... .......... 36% 2.01M 3m41s
 89300K .......... .......... .......... .......... .......... 36% 1.17M 3m40s
 89350K .......... .......... .......... .......... .......... 36% 1.22M 3m40s
 89400K .......... .......... .......... .......... .......... 36% 1.66M 3m40s
 89450K .......... .......... .......... .......... .......... 36% 1.08M 3m40s
 89500K .......... .......... .......... .......... .......... 36% 1.65M 3m40s
 89550K .......... .......... .......... .......... .......... 36%  931K 3m40s
 89600K .......... .......... .......... .......... .......... 36% 1.41M 3m40s
 89650K .......... .......... .......... .......... .......... 36% 1.76M 3m40s
 89700K .......... .......... .......... .......... .......... 36%  841K 3m39s
 89750K .......... .......... .......... .......... .......... 36% 1.06M 3m39s
 89800K .......... .......... .......... .......... .......... 36% 1.39M 3m39s
 89850K .......... .......... .......... .......... .......... 36% 1.64M 3m39s
 89900K .......... .......... .......... .......... .......... 36% 1.49M 3m39s
 89950K .......... .......... .......... .......... .......... 36% 1.12M 3m39s
 90000K .......... .......... .......... .......... .......... 36% 1.20M 3m39s
 90050K .......... .......... .......... .......... .......... 36% 1.32M 3m39s
 90100K .......... .......... .......... .......... .......... 36% 1.20M 3m38s
 90150K .......... .......... .......... .......... .......... 36% 1.66M 3m38s
 90200K .......... .......... .......... .......... .......... 36% 1.37M 3m38s
 90250K .......... .......... .......... .......... .......... 36% 1.03M 3m38s
 90300K .......... .......... .......... .......... .......... 36% 1.33M 3m38s
 90350K .......... .......... .......... .......... .......... 36% 1.52M 3m38s
 90400K .......... .......... .......... .......... .......... 37% 1.25M 3m38s
 90450K .......... .......... .......... .......... .......... 37%  979K 3m38s
 90500K .......... .......... .......... .......... .......... 37% 1.50M 3m37s
 90550K .......... .......... .......... .......... .......... 37% 1.18M 3m37s
 90600K .......... .......... .......... .......... .......... 37% 1.46M 3m37s
 90650K .......... .......... .......... .......... .......... 37% 1.45M 3m37s
 90700K .......... .......... .......... .......... .......... 37% 1.23M 3m37s
 90750K .......... .......... .......... .......... .......... 37% 1.41M 3m37s
 90800K .......... .......... .......... .......... .......... 37% 1.20M 3m37s
 90850K .......... .......... .......... .......... .......... 37% 1.39M 3m36s
 90900K .......... .......... .......... .......... .......... 37%  482K 3m36s
 90950K .......... .......... .......... .......... .......... 37% 1.13M 3m36s
 91000K .......... .......... .......... .......... .......... 37% 1.37M 3m36s
 91050K .......... .......... .......... .......... .......... 37% 1.15M 3m36s
 91100K .......... .......... .......... .......... .......... 37% 1.32M 3m36s
 91150K .......... .......... .......... .......... .......... 37% 1.32M 3m36s
 91200K .......... .......... .......... .......... .......... 37% 1.09M 3m36s
 91250K .......... .......... .......... .......... .......... 37% 1.28M 3m36s
 91300K .......... .......... .......... .......... .......... 37% 1.10M 3m36s
 91350K .......... .......... .......... .......... .......... 37% 1.27M 3m35s
 91400K .......... .......... .......... .......... .......... 37% 1.25M 3m35s
 91450K .......... .......... .......... .......... .......... 37% 1.06M 3m35s
 91500K .......... .......... .......... .......... .......... 37% 1.24M 3m35s
 91550K .......... .......... .......... .......... .......... 37% 1.05M 3m35s
 91600K .......... .......... .......... .......... .......... 37% 1.21M 3m35s
 91650K .......... .......... .......... .......... .......... 37% 1.20M 3m35s
 91700K .......... .......... .......... .......... .......... 37% 1.02M 3m35s
 91750K .......... .......... .......... .......... .......... 37% 1.18M 3m34s
 91800K .......... .......... .......... .......... .......... 37% 1.01M 3m34s
 91850K .......... .......... .......... .......... .......... 37% 1.17M 3m34s
 91900K .......... .......... .......... .......... .......... 37% 1.15M 3m34s
 91950K .......... .......... .......... .......... .......... 37%  983K 3m34s
 92000K .......... .......... .......... .......... .......... 37% 1.16M 3m34s
 92050K .......... .......... .......... .......... .......... 37%  974K 3m34s
 92100K .......... .......... .......... .......... .......... 37% 1.13M 3m34s
 92150K .......... .......... .......... .......... .......... 37% 1.11M 3m34s
 92200K .......... .......... .......... .......... .......... 37%  956K 3m33s
 92250K .......... .......... .......... .......... .......... 37% 1.08M 3m33s
 92300K .......... .......... .......... .......... .......... 37%  950K 3m33s
 92350K .......... .......... .......... .......... .......... 37% 1.09M 3m33s
 92400K .......... .......... .......... .......... .......... 37% 1.05M 3m33s
 92450K .......... .......... .......... .......... .......... 37%  922K 3m33s
 92500K .......... .......... .......... .......... .......... 37% 1.07M 3m33s
 92550K .......... .......... .......... .......... .......... 37%  913K 3m33s
 92600K .......... .......... .......... .......... .......... 37% 1.04M 3m33s
 92650K .......... .......... .......... .......... .......... 37% 1.03M 3m33s
 92700K .......... .......... .......... .......... .......... 37%  888K 3m32s
 92750K .......... .......... .......... .......... .......... 37% 1.02M 3m32s
 92800K .......... .......... .......... .......... .......... 37%  646K 3m32s
 92850K .......... .......... .......... .......... .......... 38%  907K 3m32s
 92900K .......... .......... .......... .......... .......... 38% 1010K 3m32s
 92950K .......... .......... .......... .......... .......... 38%  864K 3m32s
 93000K .......... .......... .......... .......... .......... 38% 1008K 3m32s
 93050K .......... .......... .......... .......... .......... 38%  845K 3m32s
 93100K .......... .......... .......... .......... .......... 38%  996K 3m32s
 93150K .......... .......... .......... .......... .......... 38%  985K 3m32s
 93200K .......... .......... .......... .......... .......... 38%  838K 3m31s
 93250K .......... .......... .......... .......... .......... 38%  962K 3m31s
 93300K .......... .......... .......... .......... .......... 38%  827K 3m31s
 93350K .......... .......... .......... .......... .......... 38%  958K 3m31s
 93400K .......... .......... .......... .......... .......... 38%  945K 3m31s
 93450K .......... .......... .......... .......... .......... 38%  810K 3m31s
 93500K .......... .......... .......... .......... .......... 38%  940K 3m31s
 93550K .......... .......... .......... .......... .......... 38%  801K 3m31s
 93600K .......... .......... .......... .......... .......... 38%  919K 3m31s
 93650K .......... .......... .......... .......... .......... 38%  926K 3m31s
 93700K .......... .......... .......... .......... .......... 38%  788K 3m31s
 93750K .......... .......... .......... .......... .......... 38%  904K 3m30s
 93800K .......... .......... .......... .......... .......... 38%  775K 3m30s
 93850K .......... .......... .......... .......... .......... 38%  897K 3m30s
 93900K .......... .......... .......... .......... .......... 38%  895K 3m30s
 93950K .......... .......... .......... .......... .......... 38%  761K 3m30s
 94000K .......... .......... .......... .......... .......... 38%  883K 3m30s
 94050K .......... .......... .......... .......... .......... 38%  753K 3m30s
 94100K .......... .......... .......... .......... .......... 38%  857K 3m30s
 94150K .......... .......... .......... .......... .......... 38%  862K 3m30s
 94200K .......... .......... .......... .......... .......... 38%  743K 3m30s
 94250K .......... .......... .......... .......... .......... 38%  855K 3m30s
 94300K .......... .......... .......... .......... .......... 38%  731K 3m30s
 94350K .......... .......... .......... .......... .......... 38%  849K 3m29s
 94400K .......... .......... .......... .......... .......... 38%  840K 3m29s
 94450K .......... .......... .......... .......... .......... 38%  714K 3m29s
 94500K .......... .......... .......... .......... .......... 38%  831K 3m29s
 94550K .......... .......... .......... .......... .......... 38%  711K 3m29s
 94600K .......... .......... .......... .......... .......... 38%  823K 3m29s
 94650K .......... .......... .......... .......... .......... 38%  820K 3m29s
 94700K .......... .......... .......... .......... .......... 38%  700K 3m29s
 94750K .......... .......... .......... .......... .......... 38%  808K 3m29s
 94800K .......... .......... .......... .......... .......... 38%  691K 3m29s
 94850K .......... .......... .......... .......... .......... 38%  805K 3m29s
 94900K .......... .......... .......... .......... .......... 38%  796K 3m29s
 94950K .......... .......... .......... .......... .......... 38%  679K 3m29s
 95000K .......... .......... .......... .......... .......... 38%  790K 3m28s
 95050K .......... .......... .......... .......... .......... 38%  672K 3m28s
 95100K .......... .......... .......... .......... .......... 38%  779K 3m28s
 95150K .......... .......... .......... .......... .......... 38%  776K 3m28s
 95200K .......... .......... .......... .......... .......... 38%  664K 3m28s
 95250K .......... .......... .......... .......... .......... 38%  755K 3m28s
 95300K .......... .......... .......... .......... .......... 39%  656K 3m28s
 95350K .......... .......... .......... .......... .......... 39%  760K 3m28s
 95400K .......... .......... .......... .......... .......... 39%  756K 3m28s
 95450K .......... .......... .......... .......... .......... 39%  644K 3m28s
 95500K .......... .......... .......... .......... .......... 39%  749K 3m28s
 95550K .......... .......... .......... .......... .......... 39%  640K 3m28s
 95600K .......... .......... .......... .......... .......... 39%  738K 3m28s
 95650K .......... .......... .......... .......... .......... 39%  740K 3m28s
 95700K .......... .......... .......... .......... .......... 39%  629K 3m28s
 95750K .......... .......... .......... .......... .......... 39%  726K 3m27s
 95800K .......... .......... .......... .......... .......... 39%  624K 3m27s
 95850K .......... .......... .......... .......... .......... 39%  724K 3m27s
 95900K .......... .......... .......... .......... .......... 39%  721K 3m27s
 95950K .......... .......... .......... .......... .......... 39%  612K 3m27s
 96000K .......... .......... .......... .......... .......... 39%  715K 3m27s
 96050K .......... .......... .......... .......... .......... 39%  607K 3m27s
 96100K .......... .......... .......... .......... .......... 39%  704K 3m27s
 96150K .......... .......... .......... .......... .......... 39%  703K 3m27s
 96200K .......... .......... .......... .......... .......... 39%  601K 3m27s
 96250K .......... .......... .......... .......... .......... 39%  683K 3m27s
 96300K .......... .......... .......... .......... .......... 39%  594K 3m27s
 96350K .......... .......... .......... .......... .......... 39%  689K 3m27s
 96400K .......... .......... .......... .......... .......... 39%  687K 3m27s
 96450K .......... .......... .......... .......... .......... 39%  584K 3m27s
 96500K .......... .......... .......... .......... .......... 39%  681K 3m27s
 96550K .......... .......... .......... .......... .......... 39%  580K 3m27s
 96600K .......... .......... .......... .......... .......... 39%  672K 3m26s
 96650K .......... .......... .......... .......... .......... 39%  671K 3m26s
 96700K .......... .......... .......... .......... .......... 39%  574K 3m26s
 96750K .......... .......... .......... .......... .......... 39%  662K 3m26s
 96800K .......... .......... .......... .......... .......... 39%  562K 3m26s
 96850K .......... .......... .......... .......... .......... 39%  666K 3m26s
 96900K .......... .......... .......... .......... .......... 39%  656K 3m26s
 96950K .......... .......... .......... .......... .......... 39%  559K 3m26s
 97000K .......... .......... .......... .......... .......... 39%  651K 3m26s
 97050K .......... .......... .......... .......... .......... 39%  555K 3m26s
 97100K .......... .......... .......... .......... .......... 39%  644K 3m26s
 97150K .......... .......... .......... .......... .......... 39%  632K 3m26s
 97200K .......... .......... .......... .......... .......... 39%  548K 3m26s
 97250K .......... .......... .......... .......... .......... 39%  636K 3m26s
 97300K .......... .......... .......... .......... .......... 39%  543K 3m26s
 97350K .......... .......... .......... .......... .......... 39%  629K 3m26s
 97400K .......... .......... .......... .......... .......... 39%  629K 3m26s
 97450K .......... .......... .......... .......... .......... 39%  535K 3m26s
 97500K .......... .......... .......... .......... .......... 39%  622K 3m26s
 97550K .......... .......... .......... .......... .......... 39%  534K 3m25s
 97600K .......... .......... .......... .......... .......... 39%  616K 3m25s
 97650K .......... .......... .......... .......... .......... 39%  614K 3m25s
 97700K .......... .......... .......... .......... .......... 39%  526K 3m25s
 97750K .......... .......... .......... .......... .......... 40%  610K 3m25s
 97800K .......... .......... .......... .......... .......... 40%  521K 3m25s
 97850K .......... .......... .......... .......... .......... 40%  606K 3m25s
 97900K .......... .......... .......... .......... .......... 40%  602K 3m25s
 97950K .......... .......... .......... .......... .......... 40%  512K 3m25s
 98000K .......... .......... .......... .......... .......... 40%  598K 3m25s
 98050K .......... .......... .......... .......... .......... 40%  507K 3m25s
 98100K .......... .......... .......... .......... .......... 40%  593K 3m25s
 98150K .......... .......... .......... .......... .......... 40%  591K 3m25s
 98200K .......... .......... .......... .......... .......... 40%  502K 3m25s
 98250K .......... .......... .......... .......... .......... 40%  589K 3m25s
 98300K .......... .......... .......... .......... .......... 40%  499K 3m25s
 98350K .......... .......... .......... .......... .......... 40%  582K 3m25s
 98400K .......... .......... .......... .......... .......... 40%  578K 3m25s
 98450K .......... .......... .......... .......... .......... 40%  495K 3m25s
 98500K .......... .......... .......... .......... .......... 40%  575K 3m25s
 98550K .......... .......... .......... .......... .......... 40%  487K 3m25s
 98600K .......... .......... .......... .......... .......... 40%  570K 3m25s
 98650K .......... .......... .......... .......... .......... 40%  568K 3m25s
 98700K .......... .......... .......... .......... .......... 40%  486K 3m25s
 98750K .......... .......... .......... .......... .......... 40%  562K 3m25s
 98800K .......... .......... .......... .......... .......... 40%  476K 3m25s
 98850K .......... .......... .......... .......... .......... 40%  557K 3m24s
 98900K .......... .......... .......... .......... .......... 40%  561K 3m24s
 98950K .......... .......... .......... .......... .......... 40%  475K 3m24s
 99000K .......... .......... .......... .......... .......... 40%  554K 3m24s
 99050K .......... .......... .......... .......... .......... 40%  471K 3m24s
 99100K .......... .......... .......... .......... .......... 40%  551K 3m24s
 99150K .......... .......... .......... .......... .......... 40%  547K 3m24s
 99200K .......... .......... .......... .......... .......... 40%  466K 3m24s
 99250K .......... .......... .......... .......... .......... 40%  542K 3m24s
 99300K .......... .......... .......... .......... .......... 40%  463K 3m24s
 99350K .......... .......... .......... .......... .......... 40%  538K 3m24s
 99400K .......... .......... .......... .......... .......... 40%  539K 3m24s
 99450K .......... .......... .......... .......... .......... 40%  458K 3m24s
 99500K .......... .......... .......... .......... .......... 40%  529K 3m24s
 99550K .......... .......... .......... .......... .......... 40%  448K 3m24s
 99600K .......... .......... .......... .......... .......... 40%  510K 3m24s
 99650K .......... .......... .......... .......... .......... 40%  530K 3m24s
 99700K .......... .......... .......... .......... .......... 40%  451K 3m24s
 99750K .......... .......... .......... .......... .......... 40%  522K 3m24s
 99800K .......... .......... .......... .......... .......... 40%  445K 3m24s
 99850K .......... .......... .......... .......... .......... 40%  521K 3m24s
 99900K .......... .......... .......... .......... .......... 40%  520K 3m24s
 99950K .......... .......... .......... .......... .......... 40%  442K 3m24s
100000K .......... .......... .......... .......... .......... 40%  514K 3m24s
100050K .......... .......... .......... .......... .......... 40%  439K 3m24s
100100K .......... .......... .......... .......... .......... 40%  511K 3m24s
100150K .......... .......... .......... .......... .......... 40%  507K 3m24s
100200K .......... .......... .......... .......... .......... 41%  437K 3m24s
100250K .......... .......... .......... .......... .......... 41%  502K 3m24s
100300K .......... .......... .......... .......... .......... 41%  430K 3m24s
100350K .......... .......... .......... .......... .......... 41%  500K 3m24s
100400K .......... .......... .......... .......... .......... 41%  500K 3m24s
100450K .......... .......... .......... .......... .......... 41%  429K 3m24s
100500K .......... .......... .......... .......... .......... 41%  498K 3m24s
100550K .......... .......... .......... .......... .......... 41%  425K 3m24s
100600K .......... .......... .......... .......... .......... 41%  492K 3m24s
100650K .......... .......... .......... .......... .......... 41%  493K 3m24s
100700K .......... .......... .......... .......... .......... 41%  420K 3m24s
100750K .......... .......... .......... .......... .......... 41%  487K 3m24s
100800K .......... .......... .......... .......... .......... 41%  419K 3m24s
100850K .......... .......... .......... .......... .......... 41%  484K 3m24s
100900K .......... .......... .......... .......... .......... 41%  485K 3m23s
100950K .......... .......... .......... .......... .......... 41%  409K 3m23s
101000K .......... .......... .......... .......... .......... 41%  482K 3m23s
101050K .......... .......... .......... .......... .......... 41%  412K 3m23s
101100K .......... .......... .......... .......... .......... 41%  474K 3m23s
101150K .......... .......... .......... .......... .......... 41%  479K 3m23s
101200K .......... .......... .......... .......... .......... 41%  407K 3m23s
101250K .......... .......... .......... .......... .......... 41%  473K 3m23s
101300K .......... .......... .......... .......... .......... 41%  404K 3m23s
101350K .......... .......... .......... .......... .......... 41%  468K 3m23s
101400K .......... .......... .......... .......... .......... 41%  470K 3m23s
101450K .......... .......... .......... .......... .......... 41%  400K 3m23s
101500K .......... .......... .......... .......... .......... 41%  467K 3m23s
101550K .......... .......... .......... .......... .......... 41%  399K 3m23s
101600K .......... .......... .......... .......... .......... 41%  456K 3m23s
101650K .......... .......... .......... .......... .......... 41%  462K 3m23s
101700K .......... .......... .......... .......... .......... 41%  394K 3m23s
101750K .......... .......... .......... .......... .......... 41%  457K 3m23s
101800K .......... .......... .......... .......... .......... 41%  392K 3m23s
101850K .......... .......... .......... .......... .......... 41%  456K 3m23s
101900K .......... .......... .......... .......... .......... 41%  452K 3m23s
101950K .......... .......... .......... .......... .......... 41%  387K 3m23s
102000K .......... .......... .......... .......... .......... 41%  452K 3m23s
102050K .......... .......... .......... .......... .......... 41%  386K 3m23s
102100K .......... .......... .......... .......... .......... 41%  445K 3m23s
102150K .......... .......... .......... .......... .......... 41%  450K 3m23s
102200K .......... .......... .......... .......... .......... 41%  382K 3m23s
102250K .......... .......... .......... .......... .......... 41%  440K 3m23s
102300K .......... .......... .......... .......... .......... 41%  380K 3m23s
102350K .......... .......... .......... .......... .......... 41%  440K 3m23s
102400K .......... .......... .......... .......... .......... 41%  444K 3m23s
102450K .......... .......... .......... .......... .......... 41%  376K 3m23s
102500K .......... .......... .......... .......... .......... 41%  549K 3m23s
102550K .......... .......... .......... .......... .......... 41% 2.19M 3m23s
102600K .......... .......... .......... .......... .......... 42% 2.31M 3m23s
102650K .......... .......... .......... .......... .......... 42% 2.34M 3m23s
102700K .......... .......... .......... .......... .......... 42% 1.98M 3m23s
102750K .......... .......... .......... .......... .......... 42% 2.24M 3m23s
102800K .......... .......... .......... .......... .......... 42% 1.98M 3m22s
102850K .......... .......... .......... .......... .......... 42% 2.31M 3m22s
102900K .......... .......... .......... .......... .......... 42% 2.31M 3m22s
102950K .......... .......... .......... .......... .......... 42% 1.94M 3m22s
103000K .......... .......... .......... .......... .......... 42% 2.26M 3m22s
103050K .......... .......... .......... .......... .......... 42% 1.88M 3m22s
103100K .......... .......... .......... .......... .......... 42% 2.16M 3m22s
103150K .......... .......... .......... .......... .......... 42% 2.15M 3m21s
103200K .......... .......... .......... .......... .......... 42% 1.81M 3m21s
103250K .......... .......... .......... .......... .......... 42% 2.05M 3m21s
103300K .......... .......... .......... .......... .......... 42% 1.75M 3m21s
103350K .......... .......... .......... .......... .......... 42% 2.03M 3m21s
103400K .......... .......... .......... .......... .......... 42% 1.99M 3m21s
103450K .......... .......... .......... .......... .......... 42% 1.67M 3m21s
103500K .......... .......... .......... .......... .......... 42% 1.95M 3m20s
103550K .......... .......... .......... .......... .......... 42% 1.64M 3m20s
103600K .......... .......... .......... .......... .......... 42% 1.87M 3m20s
103650K .......... .......... .......... .......... .......... 42% 1.88M 3m20s
103700K .......... .......... .......... .......... .......... 42% 1.57M 3m20s
103750K .......... .......... .......... .......... .......... 42% 1.81M 3m20s
103800K .......... .......... .......... .......... .......... 42% 1.54M 3m20s
103850K .......... .......... .......... .......... .......... 42% 1.77M 3m20s
103900K .......... .......... .......... .......... .......... 42% 1.73M 3m19s
103950K .......... .......... .......... .......... .......... 42% 1.47M 3m19s
104000K .......... .......... .......... .......... .......... 42% 1.73M 3m19s
104050K .......... .......... .......... .......... .......... 42% 1.45M 3m19s
104100K .......... .......... .......... .......... .......... 42% 1.66M 3m19s
104150K .......... .......... .......... .......... .......... 42% 1.59M 3m19s
104200K .......... .......... .......... .......... .......... 42% 1.40M 3m19s
104250K .......... .......... .......... .......... .......... 42% 1.54M 3m19s
104300K .......... .......... .......... .......... .......... 42% 1.38M 3m18s
104350K .......... .......... .......... .......... .......... 42% 1.59M 3m18s
104400K .......... .......... .......... .......... .......... 42% 1.54M 3m18s
104450K .......... .......... .......... .......... .......... 42% 1.32M 3m18s
104500K .......... .......... .......... .......... .......... 42% 1.52M 3m18s
104550K .......... .......... .......... .......... .......... 42% 1.29M 3m18s
104600K .......... .......... .......... .......... .......... 42% 1.48M 3m18s
104650K .......... .......... .......... .......... .......... 42% 1.47M 3m18s
104700K .......... .......... .......... .......... .......... 42% 1.26M 3m17s
104750K .......... .......... .......... .......... .......... 42% 1.43M 3m17s
104800K .......... .......... .......... .......... .......... 42% 1.22M 3m17s
104850K .......... .......... .......... .......... .......... 42% 1.42M 3m17s
104900K .......... .......... .......... .......... .......... 42% 1.40M 3m17s
104950K .......... .......... .......... .......... .......... 42% 1.19M 3m17s
105000K .......... .......... .......... .......... .......... 42% 1.38M 3m17s
105050K .......... .......... .......... .......... .......... 43% 1.17M 3m17s
105100K .......... .......... .......... .......... .......... 43% 1.34M 3m17s
105150K .......... .......... .......... .......... .......... 43% 1.34M 3m16s
105200K .......... .......... .......... .......... .......... 43% 1.14M 3m16s
105250K .......... .......... .......... .......... .......... 43% 1.30M 3m16s
105300K .......... .......... .......... .......... .......... 43% 1.11M 3m16s
105350K .......... .......... .......... .......... .......... 43% 1.30M 3m16s
105400K .......... .......... .......... .......... .......... 43% 1.27M 3m16s
105450K .......... .......... .......... .......... .......... 43% 1.08M 3m16s
105500K .......... .......... .......... .......... .......... 43% 1.26M 3m16s
105550K .......... .......... .......... .......... .......... 43% 1.07M 3m16s
105600K .......... .......... .......... .......... .......... 43% 1.22M 3m15s
105650K .......... .......... .......... .......... .......... 43% 1.23M 3m15s
105700K .......... .......... .......... .......... .......... 43% 1.04M 3m15s
105750K .......... .......... .......... .......... .......... 43% 1.20M 3m15s
105800K .......... .......... .......... .......... .......... 43% 1.02M 3m15s
105850K .......... .......... .......... .......... .......... 43% 1.18M 3m15s
105900K .......... .......... .......... .......... .......... 43% 1.17M 3m15s
105950K .......... .......... .......... .......... .......... 43% 1017K 3m15s
106000K .......... .......... .......... .......... .......... 43% 1.16M 3m15s
106050K .......... .......... .......... .......... .......... 43%  983K 3m15s
106100K .......... .......... .......... .......... .......... 43% 1.13M 3m14s
106150K .......... .......... .......... .......... .......... 43% 1.13M 3m14s
106200K .......... .......... .......... .......... .......... 43%  981K 3m14s
106250K .......... .......... .......... .......... .......... 43% 1.11M 3m14s
106300K .......... .......... .......... .......... .......... 43%  964K 3m14s
106350K .......... .......... .......... .......... .......... 43% 1.09M 3m14s
106400K .......... .......... .......... .......... .......... 43% 1.08M 3m14s
106450K .......... .......... .......... .......... .......... 43%  944K 3m14s
106500K .......... .......... .......... .......... .......... 43% 1.07M 3m14s
106550K .......... .......... .......... .......... .......... 43%  928K 3m14s
106600K .......... .......... .......... .......... .......... 43% 1.05M 3m13s
106650K .......... .......... .......... .......... .......... 43% 1.04M 3m13s
106700K .......... .......... .......... .......... .......... 43%  912K 3m13s
106750K .......... .......... .......... .......... .......... 43% 1.01M 3m13s
106800K .......... .......... .......... .......... .......... 43%  897K 3m13s
106850K .......... .......... .......... .......... .......... 43% 1.02M 3m13s
106900K .......... .......... .......... .......... .......... 43% 1.01M 3m13s
106950K .......... .......... .......... .......... .......... 43%  876K 3m13s
107000K .......... .......... .......... .......... .......... 43% 1015K 3m13s
107050K .......... .......... .......... .......... .......... 43%  867K 3m13s
107100K .......... .......... .......... .......... .......... 43%  996K 3m13s
107150K .......... .......... .......... .......... .......... 43%  999K 3m12s
107200K .......... .......... .......... .......... .......... 43%  848K 3m12s
107250K .......... .......... .......... .......... .......... 43%  978K 3m12s
107300K .......... .......... .......... .......... .......... 43%  838K 3m12s
107350K .......... .......... .......... .......... .......... 43%  971K 3m12s
107400K .......... .......... .......... .......... .......... 43%  963K 3m12s
107450K .......... .......... .......... .......... .......... 43%  816K 3m12s
107500K .......... .......... .......... .......... .......... 44%  937K 3m12s
107550K .......... .......... .......... .......... .......... 44%  806K 3m12s
107600K .......... .......... .......... .......... .......... 44%  936K 3m12s
107650K .......... .......... .......... .......... .......... 44%  935K 3m12s
107700K .......... .......... .......... .......... .......... 44%  796K 3m11s
107750K .......... .......... .......... .......... .......... 44%  914K 3m11s
107800K .......... .......... .......... .......... .......... 44%  779K 3m11s
107850K .......... .......... .......... .......... .......... 44%  916K 3m11s
107900K .......... .......... .......... .......... .......... 44%  900K 3m11s
107950K .......... .......... .......... .......... .......... 44%  768K 3m11s
108000K .......... .......... .......... .......... .......... 44%  891K 3m11s
108050K .......... .......... .......... .......... .......... 44%  761K 3m11s
108100K .......... .......... .......... .......... .......... 44%  879K 3m11s
108150K .......... .......... .......... .......... .......... 44%  875K 3m11s
108200K .......... .......... .......... .......... .......... 44%  746K 3m11s
108250K .......... .......... .......... .......... .......... 44%  861K 3m11s
108300K .......... .......... .......... .......... .......... 44%  739K 3m10s
108350K .......... .......... .......... .......... .......... 44%  853K 3m10s
108400K .......... .......... .......... .......... .......... 44%  852K 3m10s
108450K .......... .......... .......... .......... .......... 44%  722K 3m10s
108500K .......... .......... .......... .......... .......... 44%  842K 3m10s
108550K .......... .......... .......... .......... .......... 44%  716K 3m10s
108600K .......... .......... .......... .......... .......... 44%  827K 3m10s
108650K .......... .......... .......... .......... .......... 44%  825K 3m10s
108700K .......... .......... .......... .......... .......... 44%  694K 3m10s
108750K .......... .......... .......... .......... .......... 44%  815K 3m10s
108800K .......... .......... .......... .......... .......... 44%  695K 3m10s
108850K .......... .......... .......... .......... .......... 44%  810K 3m10s
108900K .......... .......... .......... .......... .......... 44%  805K 3m10s
108950K .......... .......... .......... .......... .......... 44%  682K 3m9s
109000K .......... .......... .......... .......... .......... 44%  796K 3m9s
109050K .......... .......... .......... .......... .......... 44%  675K 3m9s
109100K .......... .......... .......... .......... .......... 44%  786K 3m9s
109150K .......... .......... .......... .......... .......... 44%  782K 3m9s
109200K .......... .......... .......... .......... .......... 44%  664K 3m9s
109250K .......... .......... .......... .......... .......... 44%  773K 3m9s
109300K .......... .......... .......... .......... .......... 44%  658K 3m9s
109350K .......... .......... .......... .......... .......... 44%  767K 3m9s
109400K .......... .......... .......... .......... .......... 44%  762K 3m9s
109450K .......... .......... .......... .......... .......... 44%  647K 3m9s
109500K .......... .......... .......... .......... .......... 44%  754K 3m9s
109550K .......... .......... .......... .......... .......... 44%  643K 3m9s
109600K .......... .......... .......... .......... .......... 44%  745K 3m9s
109650K .......... .......... .......... .......... .......... 44%  742K 3m8s
109700K .......... .......... .......... .......... .......... 44%  633K 3m8s
109750K .......... .......... .......... .......... .......... 44%  731K 3m8s
109800K .......... .......... .......... .......... .......... 44%  619K 3m8s
109850K .......... .......... .......... .......... .......... 44%  729K 3m8s
109900K .......... .......... .......... .......... .......... 44%  722K 3m8s
109950K .......... .......... .......... .......... .......... 45%  617K 3m8s
110000K .......... .......... .......... .......... .......... 45%  716K 3m8s
110050K .......... .......... .......... .......... .......... 45%  610K 3m8s
110100K .......... .......... .......... .......... .......... 45%  705K 3m8s
110150K .......... .......... .......... .......... .......... 45%  709K 3m8s
110200K .......... .......... .......... .......... .......... 45%  603K 3m8s
110250K .......... .......... .......... .......... .......... 45%  697K 3m8s
110300K .......... .......... .......... .......... .......... 45%  597K 3m8s
110350K .......... .......... .......... .......... .......... 45%  693K 3m8s
110400K .......... .......... .......... .......... .......... 45%  689K 3m8s
110450K .......... .......... .......... .......... .......... 45%  587K 3m7s
110500K .......... .......... .......... .......... .......... 45%  684K 3m7s
110550K .......... .......... .......... .......... .......... 45%  582K 3m7s
110600K .......... .......... .......... .......... .......... 45%  674K 3m7s
110650K .......... .......... .......... .......... .......... 45%  672K 3m7s
110700K .......... .......... .......... .......... .......... 45%  577K 3m7s
110750K .......... .......... .......... .......... .......... 45%  656K 3m7s
110800K .......... .......... .......... .......... .......... 45%  567K 3m7s
110850K .......... .......... .......... .......... .......... 45%  661K 3m7s
110900K .......... .......... .......... .......... .......... 45%  646K 3m7s
110950K .......... .......... .......... .......... .......... 45%  568K 3m7s
111000K .......... .......... .......... .......... .......... 45%  652K 3m7s
111050K .......... .......... .......... .......... .......... 45%  557K 3m7s
111100K .......... .......... .......... .......... .......... 45%  645K 3m7s
111150K .......... .......... .......... .......... .......... 45%  644K 3m7s
111200K .......... .......... .......... .......... .......... 45%  548K 3m7s
111250K .......... .......... .......... .......... .......... 45%  638K 3m7s
111300K .......... .......... .......... .......... .......... 45%  544K 3m6s
111350K .......... .......... .......... .......... .......... 45%  633K 3m6s
111400K .......... .......... .......... .......... .......... 45%  629K 3m6s
111450K .......... .......... .......... .......... .......... 45%  536K 3m6s
111500K .......... .......... .......... .......... .......... 45%  625K 3m6s
111550K .......... .......... .......... .......... .......... 45%  532K 3m6s
111600K .......... .......... .......... .......... .......... 45%  617K 3m6s
111650K .......... .......... .......... .......... .......... 45%  611K 3m6s
111700K .......... .......... .......... .......... .......... 45%  525K 3m6s
111750K .......... .......... .......... .......... .......... 45%  609K 3m6s
111800K .......... .......... .......... .......... .......... 45%  522K 3m6s
111850K .......... .......... .......... .......... .......... 45%  607K 3m6s
111900K .......... .......... .......... .......... .......... 45%  602K 3m6s
111950K .......... .......... .......... .......... .......... 45%  515K 3m6s
112000K .......... .......... .......... .......... .......... 45%  594K 3m6s
112050K .......... .......... .......... .......... .......... 45%  514K 3m6s
112100K .......... .......... .......... .......... .......... 45%  593K 3m6s
112150K .......... .......... .......... .......... .......... 45%  591K 3m6s
112200K .......... .......... .......... .......... .......... 45%  505K 3m6s
112250K .......... .......... .......... .......... .......... 45%  584K 3m6s
112300K .......... .......... .......... .......... .......... 45%  501K 3m6s
112350K .......... .......... .......... .......... .......... 45%  579K 3m5s
112400K .......... .......... .......... .......... .......... 46%  581K 3m5s
112450K .......... .......... .......... .......... .......... 46%  491K 3m5s
112500K .......... .......... .......... .......... .......... 46%  574K 3m5s
112550K .......... .......... .......... .......... .......... 46%  492K 3m5s
112600K .......... .......... .......... .......... .......... 46%  567K 3m5s
112650K .......... .......... .......... .......... .......... 46%  569K 3m5s
112700K .......... .......... .......... .......... .......... 46%  482K 3m5s
112750K .......... .......... .......... .......... .......... 46%  567K 3m5s
112800K .......... .......... .......... .......... .......... 46%  482K 3m5s
112850K .......... .......... .......... .......... .......... 46%  560K 3m5s
112900K .......... .......... .......... .......... .......... 46%  556K 3m5s
112950K .......... .......... .......... .......... .......... 46%  474K 3m5s
113000K .......... .......... .......... .......... .......... 46%  554K 3m5s
113050K .......... .......... .......... .......... .......... 46%  472K 3m5s
113100K .......... .......... .......... .......... .......... 46%  549K 3m5s
113150K .......... .......... .......... .......... .......... 46%  547K 3m5s
113200K .......... .......... .......... .......... .......... 46%  468K 3m5s
113250K .......... .......... .......... .......... .......... 46%  535K 3m5s
113300K .......... .......... .......... .......... .......... 46%  460K 3m5s
113350K .......... .......... .......... .......... .......... 46%  544K 3m5s
113400K .......... .......... .......... .......... .......... 46%  537K 3m5s
113450K .......... .......... .......... .......... .......... 46%  456K 3m5s
113500K .......... .......... .......... .......... .......... 46%  532K 3m5s
113550K .......... .......... .......... .......... .......... 46%  458K 3m4s
113600K .......... .......... .......... .......... .......... 46%  528K 3m4s
113650K .......... .......... .......... .......... .......... 46%  527K 3m4s
113700K .......... .......... .......... .......... .......... 46%  447K 3m4s
113750K .......... .......... .......... .......... .......... 46%  525K 3m4s
113800K .......... .......... .......... .......... .......... 46%  448K 3m4s
113850K .......... .......... .......... .......... .......... 46%  520K 3m4s
113900K .......... .......... .......... .......... .......... 46%  516K 3m4s
113950K .......... .......... .......... .......... .......... 46%  439K 3m4s
114000K .......... .......... .......... .......... .......... 46%  515K 3m4s
114050K .......... .......... .......... .......... .......... 46%  437K 3m4s
114100K .......... .......... .......... .......... .......... 46%  511K 3m4s
114150K .......... .......... .......... .......... .......... 46%  506K 3m4s
114200K .......... .......... .......... .......... .......... 46%  436K 3m4s
114250K .......... .......... .......... .......... .......... 46%  502K 3m4s
114300K .......... .......... .......... .......... .......... 46%  433K 3m4s
114350K .......... .......... .......... .......... .......... 46%  502K 3m4s
114400K .......... .......... .......... .......... .......... 46%  502K 3m4s
114450K .......... .......... .......... .......... .......... 46%  427K 3m4s
114500K .......... .......... .......... .......... .......... 46%  497K 3m4s
114550K .......... .......... .......... .......... .......... 46%  422K 3m4s
114600K .......... .......... .......... .......... .......... 46%  492K 3m4s
114650K .......... .......... .......... .......... .......... 46%  490K 3m4s
114700K .......... .......... .......... .......... .......... 46%  419K 3m4s
114750K .......... .......... .......... .......... .......... 46%  490K 3m4s
114800K .......... .......... .......... .......... .......... 46%  418K 3m4s
114850K .......... .......... .......... .......... .......... 47%  481K 3m4s
114900K .......... .......... .......... .......... .......... 47%  483K 3m4s
114950K .......... .......... .......... .......... .......... 47%  406K 3m4s
115000K .......... .......... .......... .......... .......... 47%  485K 3m4s
115050K .......... .......... .......... .......... .......... 47%  410K 3m4s
115100K .......... .......... .......... .......... .......... 47%  476K 3m4s
115150K .......... .......... .......... .......... .......... 47%  477K 3m4s
115200K .......... .......... .......... .......... .......... 47%  405K 3m4s
115250K .......... .......... .......... .......... .......... 47%  471K 3m3s
115300K .......... .......... .......... .......... .......... 47%  397K 3m3s
115350K .......... .......... .......... .......... .......... 47%  471K 3m3s
115400K .......... .......... .......... .......... .......... 47%  466K 3m3s
115450K .......... .......... .......... .......... .......... 47%  398K 3m3s
115500K .......... .......... .......... .......... .......... 47%  468K 3m3s
115550K .......... .......... .......... .......... .......... 47%  397K 3m3s
115600K .......... .......... .......... .......... .......... 47%  463K 3m3s
115650K .......... .......... .......... .......... .......... 47%  461K 3m3s
115700K .......... .......... .......... .......... .......... 47%  394K 3m3s
115750K .......... .......... .......... .......... .......... 47%  455K 3m3s
115800K .......... .......... .......... .......... .......... 47%  391K 3m3s
115850K .......... .......... .......... .......... .......... 47%  457K 3m3s
115900K .......... .......... .......... .......... .......... 47%  454K 3m3s
115950K .......... .......... .......... .......... .......... 47%  385K 3m3s
116000K .......... .......... .......... .......... .......... 47%  450K 3m3s
116050K .......... .......... .......... .......... .......... 47%  386K 3m3s
116100K .......... .......... .......... .......... .......... 47%  445K 3m3s
116150K .......... .......... .......... .......... .......... 47%  449K 3m3s
116200K .......... .......... .......... .......... .......... 47%  382K 3m3s
116250K .......... .......... .......... .......... .......... 47%  443K 3m3s
116300K .......... .......... .......... .......... .......... 47%  379K 3m3s
116350K .......... .......... .......... .......... .......... 47%  442K 3m3s
116400K .......... .......... .......... .......... .......... 47%  440K 3m3s
116450K .......... .......... .......... .......... .......... 47%  376K 3m3s
116500K .......... .......... .......... .......... .......... 47%  435K 3m3s
116550K .......... .......... .......... .......... .......... 47%  372K 3m3s
116600K .......... .......... .......... .......... .......... 47%  470K 3m3s
116650K .......... .......... .......... .......... .......... 47%  470K 3m3s
116700K .......... .......... .......... .......... .......... 47%  401K 3m3s
116750K .......... .......... .......... .......... .......... 47%  468K 3m3s
116800K .......... .......... .......... .......... .......... 47%  399K 3m3s
116850K .......... .......... .......... .......... .......... 47%  465K 3m3s
116900K .......... .......... .......... .......... .......... 47%  461K 3m3s
116950K .......... .......... .......... .......... .......... 47%  396K 3m3s
117000K .......... .......... .......... .......... .......... 47%  458K 3m3s
117050K .......... .......... .......... .......... .......... 47%  394K 3m3s
117100K .......... .......... .......... .......... .......... 47%  454K 3m3s
117150K .......... .......... .......... .......... .......... 47%  458K 3m3s
117200K .......... .......... .......... .......... .......... 47%  386K 3m3s
117250K .......... .......... .......... .......... .......... 47%  451K 3m3s
117300K .......... .......... .......... .......... .......... 48%  387K 3m3s
117350K .......... .......... .......... .......... .......... 48%  447K 3m3s
117400K .......... .......... .......... .......... .......... 48%  449K 3m3s
117450K .......... .......... .......... .......... .......... 48%  385K 3m3s
117500K .......... .......... .......... .......... .......... 48%  445K 3m3s
117550K .......... .......... .......... .......... .......... 48%  381K 3m3s
117600K .......... .......... .......... .......... .......... 48%  442K 3m2s
117650K .......... .......... .......... .......... .......... 48%  441K 3m2s
117700K .......... .......... .......... .......... .......... 48%  377K 3m2s
117750K .......... .......... .......... .......... .......... 48%  438K 3m2s
117800K .......... .......... .......... .......... .......... 48%  376K 3m2s
117850K .......... .......... .......... .......... .......... 48%  420K 3m2s
117900K .......... .......... .......... .......... .......... 48%  434K 3m2s
117950K .......... .......... .......... .......... .......... 48%  859K 3m2s
118000K .......... .......... .......... .......... .......... 48% 3.50M 3m2s
118050K .......... .......... .......... .......... .......... 48% 2.83M 3m2s
118100K .......... .......... .......... .......... .......... 48% 3.14M 3m2s
118150K .......... .......... .......... .......... .......... 48% 3.11M 3m2s
118200K .......... .......... .......... .......... .......... 48% 2.68M 3m2s
118250K .......... .......... .......... .......... .......... 48% 2.93M 3m1s
118300K .......... .......... .......... .......... .......... 48% 2.47M 3m1s
118350K .......... .......... .......... .......... .......... 48% 2.94M 3m1s
118400K .......... .......... .......... .......... .......... 48% 2.77M 3m1s
118450K .......... .......... .......... .......... .......... 48% 2.40M 3m1s
118500K .......... .......... .......... .......... .......... 48% 2.84M 3m1s
118550K .......... .......... .......... .......... .......... 48% 2.38M 3m1s
118600K .......... .......... .......... .......... .......... 48% 2.71M 3m1s
118650K .......... .......... .......... .......... .......... 48% 2.68M 3m0s
118700K .......... .......... .......... .......... .......... 48% 2.27M 3m0s
118750K .......... .......... .......... .......... .......... 48% 2.54M 3m0s
118800K .......... .......... .......... .......... .......... 48% 2.19M 3m0s
118850K .......... .......... .......... .......... .......... 48% 2.48M 3m0s
118900K .......... .......... .......... .......... .......... 48% 2.44M 3m0s
118950K .......... .......... .......... .......... .......... 48% 2.05M 3m0s
119000K .......... .......... .......... .......... .......... 48% 2.19M 3m0s
119050K .......... .......... .......... .......... .......... 48% 2.02M 2m59s
119100K .......... .......... .......... .......... .......... 48% 2.28M 2m59s
119150K .......... .......... .......... .......... .......... 48% 2.26M 2m59s
119200K .......... .......... .......... .......... .......... 48% 1.90M 2m59s
119250K .......... .......... .......... .......... .......... 48% 2.17M 2m59s
119300K .......... .......... .......... .......... .......... 48% 1.85M 2m59s
119350K .......... .......... .......... .......... .......... 48% 2.13M 2m59s
119400K .......... .......... .......... .......... .......... 48% 2.08M 2m59s
119450K .......... .......... .......... .......... .......... 48% 1.75M 2m59s
119500K .......... .......... .......... .......... .......... 48% 2.04M 2m58s
119550K .......... .......... .......... .......... .......... 48% 1.70M 2m58s
119600K .......... .......... .......... .......... .......... 48% 1.96M 2m58s
119650K .......... .......... .......... .......... .......... 48% 1.95M 2m58s
119700K .......... .......... .......... .......... .......... 48% 1.66M 2m58s
119750K .......... .......... .......... .......... .......... 49% 1.87M 2m58s
119800K .......... .......... .......... .......... .......... 49% 1.61M 2m58s
119850K .......... .......... .......... .......... .......... 49% 1.84M 2m58s
119900K .......... .......... .......... .......... .......... 49% 1.81M 2m57s
119950K .......... .......... .......... .......... .......... 49% 1.54M 2m57s
120000K .......... .......... .......... .......... .......... 49% 1.78M 2m57s
120050K .......... .......... .......... .......... .......... 49% 1.50M 2m57s
120100K .......... .......... .......... .......... .......... 49% 1.72M 2m57s
120150K .......... .......... .......... .......... .......... 49% 1.72M 2m57s
120200K .......... .......... .......... .......... .......... 49% 1.46M 2m57s
120250K .......... .......... .......... .......... .......... 49% 1.66M 2m57s
120300K .......... .......... .......... .......... .......... 49% 1.42M 2m57s
120350K .......... .......... .......... .......... .......... 49% 1.64M 2m56s
120400K .......... .......... .......... .......... .......... 49% 1.61M 2m56s
120450K .......... .......... .......... .......... .......... 49% 1.33M 2m56s
120500K .......... .......... .......... .......... .......... 49% 1.58M 2m56s
120550K .......... .......... .......... .......... .......... 49% 1.34M 2m56s
120600K .......... .......... .......... .......... .......... 49% 1.54M 2m56s
120650K .......... .......... .......... .......... .......... 49% 1.52M 2m56s
120700K .......... .......... .......... .......... .......... 49% 1.30M 2m56s
120750K .......... .......... .......... .......... .......... 49% 1.49M 2m56s
120800K .......... .......... .......... .......... .......... 49% 1.27M 2m55s
120850K .......... .......... .......... .......... .......... 49% 1.46M 2m55s
120900K .......... .......... .......... .......... .......... 49% 1.41M 2m55s
120950K .......... .......... .......... .......... .......... 49% 1.23M 2m55s
121000K .......... .......... .......... .......... .......... 49% 1.43M 2m55s
121050K .......... .......... .......... .......... .......... 49% 1.20M 2m55s
121100K .......... .......... .......... .......... .......... 49% 1.39M 2m55s
121150K .......... .......... .......... .......... .......... 49% 1.38M 2m55s
121200K .......... .......... .......... .......... .......... 49% 1.18M 2m55s
121250K .......... .......... .......... .......... .......... 49% 1.35M 2m54s
121300K .......... .......... .......... .......... .......... 49% 1.15M 2m54s
121350K .......... .......... .......... .......... .......... 49% 1.33M 2m54s
121400K .......... .......... .......... .......... .......... 49% 1.31M 2m54s
121450K .......... .......... .......... .......... .......... 49% 1.11M 2m54s
121500K .......... .......... .......... .......... .......... 49% 1.30M 2m54s
121550K .......... .......... .......... .......... .......... 49% 1.09M 2m54s
121600K .......... .......... .......... .......... .......... 49% 1.26M 2m54s
121650K .......... .......... .......... .......... .......... 49% 1.26M 2m54s
121700K .......... .......... .......... .......... .......... 49% 1.07M 2m54s
121750K .......... .......... .......... .......... .......... 49% 1.23M 2m53s
121800K .......... .......... .......... .......... .......... 49% 1.05M 2m53s
121850K .......... .......... .......... .......... .......... 49% 1.21M 2m53s
121900K .......... .......... .......... .......... .......... 49% 1.21M 2m53s
121950K .......... .......... .......... .......... .......... 49% 1.03M 2m53s
122000K .......... .......... .......... .......... .......... 49% 1.19M 2m53s
122050K .......... .......... .......... .......... .......... 49% 1.01M 2m53s
122100K .......... .......... .......... .......... .......... 49% 1.16M 2m53s
122150K .......... .......... .......... .......... .......... 50% 1.16M 2m53s
122200K .......... .......... .......... .......... .......... 50% 1008K 2m53s
122250K .......... .......... .......... .......... .......... 50% 1.13M 2m53s
122300K .......... .......... .......... .......... .......... 50%  993K 2m52s
122350K .......... .......... .......... .......... .......... 50% 1.10M 2m52s
122400K .......... .......... .......... .......... .......... 50% 1.11M 2m52s
122450K .......... .......... .......... .......... .......... 50%  967K 2m52s
122500K .......... .......... .......... .......... .......... 50% 1.10M 2m52s
122550K .......... .......... .......... .......... .......... 50%  953K 2m52s
122600K .......... .......... .......... .......... .......... 50% 1.08M 2m52s
122650K .......... .......... .......... .......... .......... 50% 1.07M 2m52s
122700K .......... .......... .......... .......... .......... 50%  935K 2m52s
122750K .......... .......... .......... .......... .......... 50% 1.05M 2m52s
122800K .......... .......... .......... .......... .......... 50%  920K 2m51s
122850K .......... .......... .......... .......... .......... 50% 1.04M 2m51s
122900K .......... .......... .......... .......... .......... 50%  903K 2m51s
122950K .......... .......... .......... .......... .......... 50% 1.03M 2m51s
123000K .......... .......... .......... .......... .......... 50% 1.02M 2m51s
123050K .......... .......... .......... .......... .......... 50%  885K 2m51s
123100K .......... .......... .......... .......... .......... 50% 1016K 2m51s
123150K .......... .......... .......... .......... .......... 50%  875K 2m51s
123200K .......... .......... .......... .......... .......... 50% 1011K 2m51s
123250K .......... .......... .......... .......... .......... 50% 1001K 2m51s
123300K .......... .......... .......... .......... .......... 50%  856K 2m51s
123350K .......... .......... .......... .......... .......... 50%  997K 2m51s
123400K .......... .......... .......... .......... .......... 50%  843K 2m50s
123450K .......... .......... .......... .......... .......... 50%  981K 2m50s
123500K .......... .......... .......... .......... .......... 50%  975K 2m50s
123550K .......... .......... .......... .......... .......... 50%  822K 2m50s
123600K .......... .......... .......... .......... .......... 50%  963K 2m50s
123650K .......... .......... .......... .......... .......... 50%  819K 2m50s
123700K .......... .......... .......... .......... .......... 50%  943K 2m50s
123750K .......... .......... .......... .......... .......... 50%  924K 2m50s
123800K .......... .......... .......... .......... .......... 50%  802K 2m50s
123850K .......... .......... .......... .......... .......... 50%  927K 2m50s
123900K .......... .......... .......... .......... .......... 50%  788K 2m50s
123950K .......... .......... .......... .......... .......... 50%  918K 2m49s
124000K .......... .......... .......... .......... .......... 50%  911K 2m49s
124050K .......... .......... .......... .......... .......... 50%  773K 2m49s
124100K .......... .......... .......... .......... .......... 50%  898K 2m49s
124150K .......... .......... .......... .......... .......... 50%  769K 2m49s
124200K .......... .......... .......... .......... .......... 50%  886K 2m49s
124250K .......... .......... .......... .......... .......... 50%  879K 2m49s
124300K .......... .......... .......... .......... .......... 50%  754K 2m49s
124350K .......... .......... .......... .......... .......... 50%  871K 2m49s
124400K .......... .......... .......... .......... .......... 50%  743K 2m49s
124450K .......... .......... .......... .......... .......... 50%  860K 2m49s
124500K .......... .......... .......... .......... .......... 50%  861K 2m49s
124550K .......... .......... .......... .......... .......... 50%  728K 2m49s
124600K .......... .......... .......... .......... .......... 51%  847K 2m48s
124650K .......... .......... .......... .......... .......... 51%  723K 2m48s
124700K .......... .......... .......... .......... .......... 51%  836K 2m48s
124750K .......... .......... .......... .......... .......... 51%  830K 2m48s
124800K .......... .......... .......... .......... .......... 51%  712K 2m48s
124850K .......... .......... .......... .......... .......... 51%  823K 2m48s
124900K .......... .......... .......... .......... .......... 51%  700K 2m48s
124950K .......... .......... .......... .......... .......... 51%  800K 2m48s
125000K .......... .......... .......... .......... .......... 51%  812K 2m48s
125050K .......... .......... .......... .......... .......... 51%  687K 2m48s
125100K .......... .......... .......... .......... .......... 51%  801K 2m48s
125150K .......... .......... .......... .......... .......... 51%  684K 2m48s
125200K .......... .......... .......... .......... .......... 51%  783K 2m48s
125250K .......... .......... .......... .......... .......... 51%  791K 2m47s
125300K .......... .......... .......... .......... .......... 51%  671K 2m47s
125350K .......... .......... .......... .......... .......... 51%  780K 2m47s
125400K .......... .......... .......... .......... .......... 51%  662K 2m47s
125450K .......... .......... .......... .......... .......... 51%  767K 2m47s
125500K .......... .......... .......... .......... .......... 51%  775K 2m47s
125550K .......... .......... .......... .......... .......... 51%  650K 2m47s
125600K .......... .......... .......... .......... .......... 51%  763K 2m47s
125650K .......... .......... .......... .......... .......... 51%  649K 2m47s
125700K .......... .......... .......... .......... .......... 51%  748K 2m47s
125750K .......... .......... .......... .......... .......... 51%  747K 2m47s
125800K .......... .......... .......... .......... .......... 51%  637K 2m47s
125850K .......... .......... .......... .......... .......... 51%  736K 2m47s
125900K .......... .......... .......... .......... .......... 51%  633K 2m47s
125950K .......... .......... .......... .......... .......... 51%  732K 2m47s
126000K .......... .......... .......... .......... .......... 51%  728K 2m46s
126050K .......... .......... .......... .......... .......... 51%  612K 2m46s
126100K .......... .......... .......... .......... .......... 51%  722K 2m46s
126150K .......... .......... .......... .......... .......... 51%  616K 2m46s
126200K .......... .......... .......... .......... .......... 51%  713K 2m46s
126250K .......... .......... .......... .......... .......... 51%  709K 2m46s
126300K .......... .......... .......... .......... .......... 51%  608K 2m46s
126350K .......... .......... .......... .......... .......... 51%  704K 2m46s
126400K .......... .......... .......... .......... .......... 51%  600K 2m46s
126450K .......... .......... .......... .......... .......... 51%  697K 2m46s
126500K .......... .......... .......... .......... .......... 51%  697K 2m46s
126550K .......... .......... .......... .......... .......... 51%  591K 2m46s
126600K .......... .......... .......... .......... .......... 51%  683K 2m46s
126650K .......... .......... .......... .......... .......... 51%  589K 2m46s
126700K .......... .......... .......... .......... .......... 51%  680K 2m46s
126750K .......... .......... .......... .......... .......... 51%  678K 2m45s
126800K .......... .......... .......... .......... .......... 51%  578K 2m45s
126850K .......... .......... .......... .......... .......... 51%  672K 2m45s
126900K .......... .......... .......... .......... .......... 51%  572K 2m45s
126950K .......... .......... .......... .......... .......... 51%  666K 2m45s
127000K .......... .......... .......... .......... .......... 51%  655K 2m45s
127050K .......... .......... .......... .......... .......... 52%  563K 2m45s
127100K .......... .......... .......... .......... .......... 52%  655K 2m45s
127150K .......... .......... .......... .......... .......... 52%  562K 2m45s
127200K .......... .......... .......... .......... .......... 52%  644K 2m45s
127250K .......... .......... .......... .......... .......... 52%  647K 2m45s
127300K .......... .......... .......... .......... .......... 52%  552K 2m45s
127350K .......... .......... .......... .......... .......... 52%  644K 2m45s
127400K .......... .......... .......... .......... .......... 52%  548K 2m45s
127450K .......... .......... .......... .......... .......... 52%  636K 2m45s
127500K .......... .......... .......... .......... .......... 52%  634K 2m45s
127550K .......... .......... .......... .......... .......... 52%  539K 2m45s
127600K .......... .......... .......... .......... .......... 52%  627K 2m44s
127650K .......... .......... .......... .......... .......... 52%  536K 2m44s
127700K .......... .......... .......... .......... .......... 52%  621K 2m44s
127750K .......... .......... .......... .......... .......... 52%  621K 2m44s
127800K .......... .......... .......... .......... .......... 52%  530K 2m44s
127850K .......... .......... .......... .......... .......... 52%  605K 2m44s
127900K .......... .......... .......... .......... .......... 52%  525K 2m44s
127950K .......... .......... .......... .......... .......... 52%  609K 2m44s
128000K .......... .......... .......... .......... .......... 52%  609K 2m44s
128050K .......... .......... .......... .......... .......... 52%  514K 2m44s
128100K .......... .......... .......... .......... .......... 52%  607K 2m44s
128150K .......... .......... .......... .......... .......... 52%  514K 2m44s
128200K .......... .......... .......... .......... .......... 52%  592K 2m44s
128250K .......... .......... .......... .......... .......... 52%  598K 2m44s
128300K .......... .......... .......... .......... .......... 52%  507K 2m44s
128350K .......... .......... .......... .......... .......... 52%  591K 2m44s
128400K .......... .......... .......... .......... .......... 52%  503K 2m44s
128450K .......... .......... .......... .......... .......... 52%  585K 2m44s
128500K .......... .......... .......... .......... .......... 52%  584K 2m43s
128550K .......... .......... .......... .......... .......... 52%  496K 2m43s
128600K .......... .......... .......... .......... .......... 52%  577K 2m43s
128650K .......... .......... .......... .......... .......... 52%  496K 2m43s
128700K .......... .......... .......... .......... .......... 52%  565K 2m43s
128750K .......... .......... .......... .......... .......... 52%  571K 2m43s
128800K .......... .......... .......... .......... .......... 52%  488K 2m43s
128850K .......... .......... .......... .......... .......... 52%  567K 2m43s
128900K .......... .......... .......... .......... .......... 52%  483K 2m43s
128950K .......... .......... .......... .......... .......... 52%  563K 2m43s
129000K .......... .......... .......... .......... .......... 52%  562K 2m43s
129050K .......... .......... .......... .......... .......... 52%  478K 2m43s
129100K .......... .......... .......... .......... .......... 52%  556K 2m43s
129150K .......... .......... .......... .......... .......... 52%  475K 2m43s
129200K .......... .......... .......... .......... .......... 52%  546K 2m43s
129250K .......... .......... .......... .......... .......... 52%  553K 2m43s
129300K .......... .......... .......... .......... .......... 52%  470K 2m43s
129350K .......... .......... .......... .......... .......... 52%  546K 2m43s
129400K .......... .......... .......... .......... .......... 52%  463K 2m43s
129450K .......... .......... .......... .......... .......... 52%  541K 2m43s
129500K .......... .......... .......... .......... .......... 53%  536K 2m43s
129550K .......... .......... .......... .......... .......... 53%  463K 2m42s
129600K .......... .......... .......... .......... .......... 53%  533K 2m42s
129650K .......... .......... .......... .......... .......... 53%  459K 2m42s
129700K .......... .......... .......... .......... .......... 53%  528K 2m42s
129750K .......... .......... .......... .......... .......... 53%  529K 2m42s
129800K .......... .......... .......... .......... .......... 53%  453K 2m42s
129850K .......... .......... .......... .......... .......... 53%  530K 2m42s
129900K .......... .......... .......... .......... .......... 53%  448K 2m42s
129950K .......... .......... .......... .......... .......... 53%  523K 2m42s
130000K .......... .......... .......... .......... .......... 53%  518K 2m42s
130050K .......... .......... .......... .......... .......... 53%  445K 2m42s
130100K .......... .......... .......... .......... .......... 53%  517K 2m42s
130150K .......... .......... .......... .......... .......... 53%  440K 2m42s
130200K .......... .......... .......... .......... .......... 53%  506K 2m42s
130250K .......... .......... .......... .......... .......... 53%  515K 2m42s
130300K .......... .......... .......... .......... .......... 53%  436K 2m42s
130350K .......... .......... .......... .......... .......... 53%  506K 2m42s
130400K .......... .......... .......... .......... .......... 53%  436K 2m42s
130450K .......... .......... .......... .......... .......... 53%  505K 2m42s
130500K .......... .......... .......... .......... .......... 53%  500K 2m42s
130550K .......... .......... .......... .......... .......... 53%  431K 2m42s
130600K .......... .......... .......... .......... .......... 53%  499K 2m42s
130650K .......... .......... .......... .......... .......... 53%  427K 2m42s
130700K .......... .......... .......... .......... .......... 53%  495K 2m41s
130750K .......... .......... .......... .......... .......... 53%  493K 2m41s
130800K .......... .......... .......... .......... .......... 53%  422K 2m41s
130850K .......... .......... .......... .......... .......... 53%  491K 2m41s
130900K .......... .......... .......... .......... .......... 53%  413K 2m41s
130950K .......... .......... .......... .......... .......... 53%  491K 2m41s
131000K .......... .......... .......... .......... .......... 53%  486K 2m41s
131050K .......... .......... .......... .......... .......... 53%  414K 2m41s
131100K .......... .......... .......... .......... .......... 53%  483K 2m41s
131150K .......... .......... .......... .......... .......... 53%  413K 2m41s
131200K .......... .......... .......... .......... .......... 53%  479K 2m41s
131250K .......... .......... .......... .......... .......... 53%  476K 2m41s
131300K .......... .......... .......... .......... .......... 53%  408K 2m41s
131350K .......... .......... .......... .......... .......... 53%  474K 2m41s
131400K .......... .......... .......... .......... .......... 53%  406K 2m41s
131450K .......... .......... .......... .......... .......... 53%  472K 2m41s
131500K .......... .......... .......... .......... .......... 53%  467K 2m41s
131550K .......... .......... .......... .......... .......... 53%  395K 2m41s
131600K .......... .......... .......... .......... .......... 53%  465K 2m41s
131650K .......... .......... .......... .......... .......... 53%  398K 2m41s
131700K .......... .......... .......... .......... .......... 53%  467K 2m41s
131750K .......... .......... .......... .......... .......... 53%  459K 2m41s
131800K .......... .......... .......... .......... .......... 53%  397K 2m41s
131850K .......... .......... .......... .......... .......... 53%  461K 2m41s
131900K .......... .......... .......... .......... .......... 53%  391K 2m41s
131950K .......... .......... .......... .......... .......... 54%  458K 2m41s
132000K .......... .......... .......... .......... .......... 54%  455K 2m41s
132050K .......... .......... .......... .......... .......... 54%  387K 2m41s
132100K .......... .......... .......... .......... .......... 54%  451K 2m41s
132150K .......... .......... .......... .......... .......... 54%  386K 2m40s
132200K .......... .......... .......... .......... .......... 54%  450K 2m40s
132250K .......... .......... .......... .......... .......... 54%  449K 2m40s
132300K .......... .......... .......... .......... .......... 54%  383K 2m40s
132350K .......... .......... .......... .......... .......... 54%  445K 2m40s
132400K .......... .......... .......... .......... .......... 54%  382K 2m40s
132450K .......... .......... .......... .......... .......... 54%  445K 2m40s
132500K .......... .......... .......... .......... .......... 54%  442K 2m40s
132550K .......... .......... .......... .......... .......... 54%  377K 2m40s
132600K .......... .......... .......... .......... .......... 54%  440K 2m40s
132650K .......... .......... .......... .......... .......... 54%  376K 2m40s
132700K .......... .......... .......... .......... .......... 54%  435K 2m40s
132750K .......... .......... .......... .......... .......... 54%  468K 2m40s
132800K .......... .......... .......... .......... .......... 54% 2.86M 2m40s
132850K .......... .......... .......... .......... .......... 54% 3.27M 2m40s
132900K .......... .......... .......... .......... .......... 54% 2.58M 2m40s
132950K .......... .......... .......... .......... .......... 54% 3.13M 2m40s
133000K .......... .......... .......... .......... .......... 54% 3.13M 2m40s
133050K .......... .......... .......... .......... .......... 54% 2.54M 2m39s
133100K .......... .......... .......... .......... .......... 54% 2.86M 2m39s
133150K .......... .......... .......... .......... .......... 54% 2.52M 2m39s
133200K .......... .......... .......... .......... .......... 54% 2.90M 2m39s
133250K .......... .......... .......... .......... .......... 54% 2.91M 2m39s
133300K .......... .......... .......... .......... .......... 54% 2.46M 2m39s
133350K .......... .......... .......... .......... .......... 54% 2.79M 2m39s
133400K .......... .......... .......... .......... .......... 54% 2.36M 2m39s
133450K .......... .......... .......... .......... .......... 54% 2.71M 2m38s
133500K .......... .......... .......... .......... .......... 54% 2.63M 2m38s
133550K .......... .......... .......... .......... .......... 54% 2.21M 2m38s
133600K .......... .......... .......... .......... .......... 54% 2.54M 2m38s
133650K .......... .......... .......... .......... .......... 54% 2.16M 2m38s
133700K .......... .......... .......... .......... .......... 54% 2.44M 2m38s
133750K .......... .......... .......... .......... .......... 54% 2.41M 2m38s
133800K .......... .......... .......... .......... .......... 54% 2.05M 2m38s
133850K .......... .......... .......... .......... .......... 54% 2.32M 2m38s
133900K .......... .......... .......... .......... .......... 54% 1.97M 2m37s
133950K .......... .......... .......... .......... .......... 54% 2.26M 2m37s
134000K .......... .......... .......... .......... .......... 54% 2.25M 2m37s
134050K .......... .......... .......... .......... .......... 54% 1.87M 2m37s
134100K .......... .......... .......... .......... .......... 54% 2.16M 2m37s
134150K .......... .......... .......... .......... .......... 54% 1.82M 2m37s
134200K .......... .......... .......... .......... .......... 54% 2.09M 2m37s
134250K .......... .......... .......... .......... .......... 54% 2.04M 2m37s
134300K .......... .......... .......... .......... .......... 54% 1.76M 2m37s
134350K .......... .......... .......... .......... .......... 54% 1.84M 2m36s
134400K .......... .......... .......... .......... .......... 55% 1.68M 2m36s
134450K .......... .......... .......... .......... .......... 55% 1.96M 2m36s
134500K .......... .......... .......... .......... .......... 55% 1.94M 2m36s
134550K .......... .......... .......... .......... .......... 55% 1.62M 2m36s
134600K .......... .......... .......... .......... .......... 55% 1.87M 2m36s
134650K .......... .......... .......... .......... .......... 55% 1.60M 2m36s
134700K .......... .......... .......... .......... .......... 55% 1.81M 2m36s
134750K .......... .......... .......... .......... .......... 55% 1.80M 2m36s
134800K .......... .......... .......... .......... .......... 55% 1.53M 2m36s
134850K .......... .......... .......... .......... .......... 55% 1.76M 2m35s
134900K .......... .......... .......... .......... .......... 55% 1.48M 2m35s
134950K .......... .......... .......... .......... .......... 55% 1.72M 2m35s
135000K .......... .......... .......... .......... .......... 55% 1.70M 2m35s
135050K .......... .......... .......... .......... .......... 55% 1.43M 2m35s
135100K .......... .......... .......... .......... .......... 55% 1.66M 2m35s
135150K .......... .......... .......... .......... .......... 55% 1.41M 2m35s
135200K .......... .......... .......... .......... .......... 55% 1.61M 2m35s
135250K .......... .......... .......... .......... .......... 55% 1.59M 2m35s
135300K .......... .......... .......... .......... .......... 55% 1.36M 2m34s
135350K .......... .......... .......... .......... .......... 55% 1.57M 2m34s
135400K .......... .......... .......... .......... .......... 55% 1.29M 2m34s
135450K .......... .......... .......... .......... .......... 55% 1.54M 2m34s
135500K .......... .......... .......... .......... .......... 55% 1.52M 2m34s
135550K .......... .......... .......... .......... .......... 55% 1.28M 2m34s
135600K .......... .......... .......... .......... .......... 55% 1.49M 2m34s
135650K .......... .......... .......... .......... .......... 55% 1.26M 2m34s
135700K .......... .......... .......... .......... .......... 55% 1.45M 2m34s
135750K .......... .......... .......... .......... .......... 55% 1.40M 2m34s
135800K .......... .......... .......... .......... .......... 55% 1.22M 2m33s
135850K .......... .......... .......... .......... .......... 55% 1.41M 2m33s
135900K .......... .......... .......... .......... .......... 55% 1.19M 2m33s
135950K .......... .......... .......... .......... .......... 55% 1.39M 2m33s
136000K .......... .......... .......... .......... .......... 55% 1.02M 2m33s
136050K .......... .......... .......... .......... .......... 55% 1.16M 2m33s
136100K .......... .......... .......... .......... .......... 55% 1.34M 2m33s
136150K .......... .......... .......... .......... .......... 55% 1.15M 2m33s
136200K .......... .......... .......... .......... .......... 55% 1.31M 2m33s
136250K .......... .......... .......... .......... .......... 55% 1.31M 2m33s
136300K .......... .......... .......... .......... .......... 55% 1.11M 2m33s
136350K .......... .......... .......... .......... .......... 55% 1.28M 2m32s
136400K .......... .......... .......... .......... .......... 55% 1.08M 2m32s
136450K .......... .......... .......... .......... .......... 55% 1.26M 2m32s
136500K .......... .......... .......... .......... .......... 55% 1.25M 2m32s
136550K .......... .......... .......... .......... .......... 55% 1.06M 2m32s
136600K .......... .......... .......... .......... .......... 55% 1.23M 2m32s
136650K .......... .......... .......... .......... .......... 55% 1.05M 2m32s
136700K .......... .......... .......... .......... .......... 55% 1.20M 2m32s
136750K .......... .......... .......... .......... .......... 55% 1.19M 2m32s
136800K .......... .......... .......... .......... .......... 55% 1.02M 2m32s
136850K .......... .......... .......... .......... .......... 56% 1.18M 2m32s
136900K .......... .......... .......... .......... .......... 56% 1023K 2m31s
136950K .......... .......... .......... .......... .......... 56% 1.16M 2m31s
137000K .......... .......... .......... .......... .......... 56% 1.15M 2m31s
137050K .......... .......... .......... .......... .......... 56%  996K 2m31s
137100K .......... .......... .......... .......... .......... 56% 1.12M 2m31s
137150K .......... .......... .......... .......... .......... 56%  989K 2m31s
137200K .......... .......... .......... .......... .......... 56% 1.10M 2m31s
137250K .......... .......... .......... .......... .......... 56% 1.11M 2m31s
137300K .......... .......... .......... .......... .......... 56%  962K 2m31s
137350K .......... .......... .......... .......... .......... 56% 1.08M 2m31s
137400K .......... .......... .......... .......... .......... 56%  943K 2m31s
137450K .......... .......... .......... .......... .......... 56% 1.07M 2m30s
137500K .......... .......... .......... .......... .......... 56% 1.01M 2m30s
137550K .......... .......... .......... .......... .......... 56%  886K 2m30s
137600K .......... .......... .......... .......... .......... 56% 1.04M 2m30s
137650K .......... .......... .......... .......... .......... 56%  915K 2m30s
137700K .......... .......... .......... .......... .......... 56% 1.03M 2m30s
137750K .......... .......... .......... .......... .......... 56% 1.02M 2m30s
137800K .......... .......... .......... .......... .......... 56%  896K 2m30s
137850K .......... .......... .......... .......... .......... 56% 1.01M 2m30s
137900K .......... .......... .......... .......... .......... 56%  877K 2m30s
137950K .......... .......... .......... .......... .......... 56% 1023K 2m30s
138000K .......... .......... .......... .......... .......... 56% 1012K 2m30s
138050K .......... .......... .......... .......... .......... 56%  861K 2m29s
138100K .......... .......... .......... .......... .......... 56%  995K 2m29s
138150K .......... .......... .......... .......... .......... 56%  855K 2m29s
138200K .......... .......... .......... .......... .......... 56%  979K 2m29s
138250K .......... .......... .......... .......... .......... 56%  976K 2m29s
138300K .......... .......... .......... .......... .......... 56%  827K 2m29s
138350K .......... .......... .......... .......... .......... 56%  974K 2m29s
138400K .......... .......... .......... .......... .......... 56%  823K 2m29s
138450K .......... .......... .......... .......... .......... 56%  954K 2m29s
138500K .......... .......... .......... .......... .......... 56%  946K 2m29s
138550K .......... .......... .......... .......... .......... 56%  807K 2m29s
138600K .......... .......... .......... .......... .......... 56%  933K 2m29s
138650K .......... .......... .......... .......... .......... 56%  799K 2m28s
138700K .......... .......... .......... .......... .......... 56%  923K 2m28s
138750K .......... .......... .......... .......... .......... 56%  916K 2m28s
138800K .......... .......... .......... .......... .......... 56%  782K 2m28s
138850K .......... .......... .......... .......... .......... 56%  894K 2m28s
138900K .......... .......... .......... .......... .......... 56%  686K 2m28s
138950K .......... .......... .......... .......... .......... 56%  688K 2m28s
139000K .......... .......... .......... .......... .......... 56%  891K 2m28s
139050K .......... .......... .......... .......... .......... 56%  755K 2m28s
139100K .......... .......... .......... .......... .......... 56%  879K 2m28s
139150K .......... .......... .......... .......... .......... 56%  751K 2m28s
139200K .......... .......... .......... .......... .......... 56%  864K 2m28s
139250K .......... .......... .......... .......... .......... 56%  860K 2m28s
139300K .......... .......... .......... .......... .......... 57%  739K 2m27s
139350K .......... .......... .......... .......... .......... 57%  854K 2m27s
139400K .......... .......... .......... .......... .......... 57%  725K 2m27s
139450K .......... .......... .......... .......... .......... 57%  843K 2m27s
139500K .......... .......... .......... .......... .......... 57%  834K 2m27s
139550K .......... .......... .......... .......... .......... 57%  714K 2m27s
139600K .......... .......... .......... .......... .......... 57%  829K 2m27s
139650K .......... .......... .......... .......... .......... 57%  707K 2m27s
139700K .......... .......... .......... .......... .......... 57%  817K 2m27s
139750K .......... .......... .......... .......... .......... 57%  813K 2m27s
139800K .......... .......... .......... .......... .......... 57%  696K 2m27s
139850K .......... .......... .......... .......... .......... 57%  805K 2m27s
139900K .......... .......... .......... .......... .......... 57%  686K 2m27s
139950K .......... .......... .......... .......... .......... 57%  798K 2m26s
140000K .......... .......... .......... .......... .......... 57%  783K 2m26s
140050K .......... .......... .......... .......... .......... 57%  675K 2m26s
140100K .......... .......... .......... .......... .......... 57%  784K 2m26s
140150K .......... .......... .......... .......... .......... 57%  669K 2m26s
140200K .......... .......... .......... .......... .......... 57%  774K 2m26s
140250K .......... .......... .......... .......... .......... 57%  772K 2m26s
140300K .......... .......... .......... .......... .......... 57%  657K 2m26s
140350K .......... .......... .......... .......... .......... 57%  763K 2m26s
140400K .......... .......... .......... .......... .......... 57%  650K 2m26s
140450K .......... .......... .......... .......... .......... 57%  759K 2m26s
140500K .......... .......... .......... .......... .......... 57%  753K 2m26s
140550K .......... .......... .......... .......... .......... 57%  641K 2m26s
140600K .......... .......... .......... .......... .......... 57%  744K 2m26s
140650K .......... .......... .......... .......... .......... 57%  636K 2m26s
140700K .......... .......... .......... .......... .......... 57%  735K 2m25s
140750K .......... .......... .......... .......... .......... 57%  731K 2m25s
140800K .......... .......... .......... .......... .......... 57%  626K 2m25s
140850K .......... .......... .......... .......... .......... 57%  723K 2m25s
140900K .......... .......... .......... .......... .......... 57%  620K 2m25s
140950K .......... .......... .......... .......... .......... 57%  718K 2m25s
141000K .......... .......... .......... .......... .......... 57%  716K 2m25s
141050K .......... .......... .......... .......... .......... 57%  602K 2m25s
141100K .......... .......... .......... .......... .......... 57%  708K 2m25s
141150K .......... .......... .......... .......... .......... 57%  604K 2m25s
141200K .......... .......... .......... .......... .......... 57%  700K 2m25s
141250K .......... .......... .......... .......... .......... 57%  696K 2m25s
141300K .......... .......... .......... .......... .......... 57%  597K 2m25s
141350K .......... .......... .......... .......... .......... 57%  694K 2m25s
141400K .......... .......... .......... .......... .......... 57%  587K 2m25s
141450K .......... .......... .......... .......... .......... 57%  686K 2m24s
141500K .......... .......... .......... .......... .......... 57%  681K 2m24s
141550K .......... .......... .......... .......... .......... 57%  579K 2m24s
141600K .......... .......... .......... .......... .......... 57%  675K 2m24s
141650K .......... .......... .......... .......... .......... 57%  578K 2m24s
141700K .......... .......... .......... .......... .......... 58%  667K 2m24s
141750K .......... .......... .......... .......... .......... 58%  666K 2m24s
141800K .......... .......... .......... .......... .......... 58%  569K 2m24s
141850K .......... .......... .......... .......... .......... 58%  661K 2m24s
141900K .......... .......... .......... .......... .......... 58%  560K 2m24s
141950K .......... .......... .......... .......... .......... 58%  650K 2m24s
142000K .......... .......... .......... .......... .......... 58%  652K 2m24s
142050K .......... .......... .......... .......... .......... 58%  553K 2m24s
142100K .......... .......... .......... .......... .......... 58%  645K 2m24s
142150K .......... .......... .......... .......... .......... 58%  552K 2m24s
142200K .......... .......... .......... .......... .......... 58%  634K 2m23s
142250K .......... .......... .......... .......... .......... 58%  640K 2m23s
142300K .......... .......... .......... .......... .......... 58%  544K 2m23s
142350K .......... .......... .......... .......... .......... 58%  630K 2m23s
142400K .......... .......... .......... .......... .......... 58%  539K 2m23s
142450K .......... .......... .......... .......... .......... 58%  622K 2m23s
142500K .......... .......... .......... .......... .......... 58%  626K 2m23s
142550K .......... .......... .......... .......... .......... 58%  530K 2m23s
142600K .......... .......... .......... .......... .......... 58%  613K 2m23s
142650K .......... .......... .......... .......... .......... 58%  532K 2m23s
142700K .......... .......... .......... .......... .......... 58%  610K 2m23s
142750K .......... .......... .......... .......... .......... 58%  611K 2m23s
142800K .......... .......... .......... .......... .......... 58%  519K 2m23s
142850K .......... .......... .......... .......... .......... 58%  597K 2m23s
142900K .......... .......... .......... .......... .......... 58%  516K 2m23s
142950K .......... .......... .......... .......... .......... 58%  601K 2m23s
143000K .......... .......... .......... .......... .......... 58%  597K 2m23s
143050K .......... .......... .......... .......... .......... 58%  510K 2m23s
143100K .......... .......... .......... .......... .......... 58%  592K 2m22s
143150K .......... .......... .......... .......... .......... 58%  507K 2m22s
143200K .......... .......... .......... .......... .......... 58%  587K 2m22s
143250K .......... .......... .......... .......... .......... 58%  585K 2m22s
143300K .......... .......... .......... .......... .......... 58%  501K 2m22s
143350K .......... .......... .......... .......... .......... 58%  580K 2m22s
143400K .......... .......... .......... .......... .......... 58%  496K 2m22s
143450K .......... .......... .......... .......... .......... 58%  576K 2m22s
143500K .......... .......... .......... .......... .......... 58%  575K 2m22s
143550K .......... .......... .......... .......... .......... 58%  488K 2m22s
143600K .......... .......... .......... .......... .......... 58%  566K 2m22s
143650K .......... .......... .......... .......... .......... 58%  483K 2m22s
143700K .......... .......... .......... .......... .......... 58%  564K 2m22s
143750K .......... .......... .......... .......... .......... 58%  559K 2m22s
143800K .......... .......... .......... .......... .......... 58%  483K 2m22s
143850K .......... .......... .......... .......... .......... 58%  559K 2m22s
143900K .......... .......... .......... .......... .......... 58%  477K 2m22s
143950K .......... .......... .......... .......... .......... 58%  551K 2m22s
144000K .......... .......... .......... .......... .......... 58%  549K 2m21s
144050K .......... .......... .......... .......... .......... 58%  474K 2m21s
144100K .......... .......... .......... .......... .......... 58%  552K 2m21s
144150K .......... .......... .......... .......... .......... 59%  468K 2m21s
144200K .......... .......... .......... .......... .......... 59%  541K 2m21s
144250K .......... .......... .......... .......... .......... 59%  540K 2m21s
144300K .......... .......... .......... .......... .......... 59%  465K 2m21s
144350K .......... .......... .......... .......... .......... 59%  534K 2m21s
144400K .......... .......... .......... .......... .......... 59%  457K 2m21s
144450K .......... .......... .......... .......... .......... 59%  535K 2m21s
144500K .......... .......... .......... .......... .......... 59%  533K 2m21s
144550K .......... .......... .......... .......... .......... 59%  451K 2m21s
144600K .......... .......... .......... .......... .......... 59%  524K 2m21s
144650K .......... .......... .......... .......... .......... 59%  456K 2m21s
144700K .......... .......... .......... .......... .......... 59%  524K 2m21s
144750K .......... .......... .......... .......... .......... 59%  523K 2m21s
144800K .......... .......... .......... .......... .......... 59%  446K 2m21s
144850K .......... .......... .......... .......... .......... 59%  518K 2m21s
144900K .......... .......... .......... .......... .......... 59%  442K 2m21s
144950K .......... .......... .......... .......... .......... 59%  516K 2m21s
145000K .......... .......... .......... .......... .......... 59%  514K 2m20s
145050K .......... .......... .......... .......... .......... 59%  437K 2m20s
145100K .......... .......... .......... .......... .......... 59%  510K 2m20s
145150K .......... .......... .......... .......... .......... 59%  432K 2m20s
145200K .......... .......... .......... .......... .......... 59%  505K 2m20s
145250K .......... .......... .......... .......... .......... 59%  504K 2m20s
145300K .......... .......... .......... .......... .......... 59%  431K 2m20s
145350K .......... .......... .......... .......... .......... 59%  501K 2m20s
145400K .......... .......... .......... .......... .......... 59%  427K 2m20s
145450K .......... .......... .......... .......... .......... 59%  498K 2m20s
145500K .......... .......... .......... .......... .......... 59%  496K 2m20s
145550K .......... .......... .......... .......... .......... 59%  420K 2m20s
145600K .......... .......... .......... .......... .......... 59%  493K 2m20s
145650K .......... .......... .......... .......... .......... 59%  422K 2m20s
145700K .......... .......... .......... .......... .......... 59%  489K 2m20s
145750K .......... .......... .......... .......... .......... 59%  487K 2m20s
145800K .......... .......... .......... .......... .......... 59%  413K 2m20s
145850K .......... .......... .......... .......... .......... 59%  487K 2m20s
145900K .......... .......... .......... .......... .......... 59%  412K 2m20s
145950K .......... .......... .......... .......... .......... 59%  480K 2m20s
146000K .......... .......... .......... .......... .......... 59%  481K 2m20s
146050K .......... .......... .......... .......... .......... 59%  409K 2m20s
146100K .......... .......... .......... .......... .......... 59%  476K 2m19s
146150K .......... .......... .......... .......... .......... 59%  409K 2m19s
146200K .......... .......... .......... .......... .......... 59%  472K 2m19s
146250K .......... .......... .......... .......... .......... 59%  472K 2m19s
146300K .......... .......... .......... .......... .......... 59%  403K 2m19s
146350K .......... .......... .......... .......... .......... 59%  469K 2m19s
146400K .......... .......... .......... .......... .......... 59%  400K 2m19s
146450K .......... .......... .......... .......... .......... 59%  467K 2m19s
146500K .......... .......... .......... .......... .......... 59%  460K 2m19s
146550K .......... .......... .......... .......... .......... 59%  395K 2m19s
146600K .......... .......... .......... .......... .......... 60%  463K 2m19s
146650K .......... .......... .......... .......... .......... 60%  394K 2m19s
146700K .......... .......... .......... .......... .......... 60%  458K 2m19s
146750K .......... .......... .......... .......... .......... 60%  457K 2m19s
146800K .......... .......... .......... .......... .......... 60%  390K 2m19s
146850K .......... .......... .......... .......... .......... 60%  453K 2m19s
146900K .......... .......... .......... .......... .......... 60%  387K 2m19s
146950K .......... .......... .......... .......... .......... 60%  451K 2m19s
147000K .......... .......... .......... .......... .......... 60%  450K 2m19s
147050K .......... .......... .......... .......... .......... 60%  383K 2m19s
147100K .......... .......... .......... .......... .......... 60%  442K 2m19s
147150K .......... .......... .......... .......... .......... 60%  382K 2m19s
147200K .......... .......... .......... .......... .......... 60%  440K 2m19s
147250K .......... .......... .......... .......... .......... 60%  447K 2m19s
147300K .......... .......... .......... .......... .......... 60%  378K 2m18s
147350K .......... .......... .......... .......... .......... 60%  442K 2m18s
147400K .......... .......... .......... .......... .......... 60%  376K 2m18s
147450K .......... .......... .......... .......... .......... 60%  436K 2m18s
147500K .......... .......... .......... .......... .......... 60%  437K 2m18s
147550K .......... .......... .......... .......... .......... 60%  371K 2m18s
147600K .......... .......... .......... .......... .......... 60%  697K 2m18s
147650K .......... .......... .......... .......... .......... 60%  992K 2m18s
147700K .......... .......... .......... .......... .......... 60% 1.09M 2m18s
147750K .......... .......... .......... .......... .......... 60% 1.15M 2m18s
147800K .......... .......... .......... .......... .......... 60% 1002K 2m18s
147850K .......... .......... .......... .......... .......... 60% 1.14M 2m18s
147900K .......... .......... .......... .......... .......... 60%  964K 2m18s
147950K .......... .......... .......... .......... .......... 60% 1.12M 2m18s
148000K .......... .......... .......... .......... .......... 60% 1.11M 2m18s
148050K .......... .......... .......... .......... .......... 60%  960K 2m17s
148100K .......... .......... .......... .......... .......... 60% 1.10M 2m17s
148150K .......... .......... .......... .......... .......... 60%  955K 2m17s
148200K .......... .......... .......... .......... .......... 60% 1.07M 2m17s
148250K .......... .......... .......... .......... .......... 60% 1.07M 2m17s
148300K .......... .......... .......... .......... .......... 60%  933K 2m17s
148350K .......... .......... .......... .......... .......... 60% 1.05M 2m17s
148400K .......... .......... .......... .......... .......... 60%  912K 2m17s
148450K .......... .......... .......... .......... .......... 60% 1.04M 2m17s
148500K .......... .......... .......... .......... .......... 60% 1.03M 2m17s
148550K .......... .......... .......... .......... .......... 60%  893K 2m17s
148600K .......... .......... .......... .......... .......... 60% 1.02M 2m17s
148650K .......... .......... .......... .......... .......... 60%  885K 2m16s
148700K .......... .......... .......... .......... .......... 60% 1.00M 2m16s
148750K .......... .......... .......... .......... .......... 60% 1015K 2m16s
148800K .......... .......... .......... .......... .......... 60%  868K 2m16s
148850K .......... .......... .......... .......... .......... 60% 1001K 2m16s
148900K .......... .......... .......... .......... .......... 60%  853K 2m16s
148950K .......... .......... .......... .......... .......... 60%  992K 2m16s
149000K .......... .......... .......... .......... .......... 60%  986K 2m16s
149050K .......... .......... .......... .......... .......... 61%  836K 2m16s
149100K .......... .......... .......... .......... .......... 61%  971K 2m16s
149150K .......... .......... .......... .......... .......... 61%  828K 2m16s
149200K .......... .......... .......... .......... .......... 61%  952K 2m16s
149250K .......... .......... .......... .......... .......... 61%  953K 2m15s
149300K .......... .......... .......... .......... .......... 61%  811K 2m15s
149350K .......... .......... .......... .......... .......... 61%  923K 2m15s
149400K .......... .......... .......... .......... .......... 61%  797K 2m15s
149450K .......... .......... .......... .......... .......... 61%  928K 2m15s
149500K .......... .......... .......... .......... .......... 61%  924K 2m15s
149550K .......... .......... .......... .......... .......... 61%  782K 2m15s
149600K .......... .......... .......... .......... .......... 61%  907K 2m15s
149650K .......... .......... .......... .......... .......... 61%  770K 2m15s
149700K .......... .......... .......... .......... .......... 61%  901K 2m15s
149750K .......... .......... .......... .......... .......... 61%  889K 2m15s
149800K .......... .......... .......... .......... .......... 61%  761K 2m15s
149850K .......... .......... .......... .......... .......... 61%  882K 2m14s
149900K .......... .......... .......... .......... .......... 61%  750K 2m14s
149950K .......... .......... .......... .......... .......... 61%  870K 2m14s
150000K .......... .......... .......... .......... .......... 61%  867K 2m14s
150050K .......... .......... .......... .......... .......... 61%  736K 2m14s
150100K .......... .......... .......... .......... .......... 61%  855K 2m14s
150150K .......... .......... .......... .......... .......... 61%  731K 2m14s
150200K .......... .......... .......... .......... .......... 61%  841K 2m14s
150250K .......... .......... .......... .......... .......... 61%  841K 2m14s
150300K .......... .......... .......... .......... .......... 61%  717K 2m14s
150350K .......... .......... .......... .......... .......... 61%  831K 2m14s
150400K .......... .......... .......... .......... .......... 61%  706K 2m14s
150450K .......... .......... .......... .......... .......... 61%  824K 2m14s
150500K .......... .......... .......... .......... .......... 61%  819K 2m13s
150550K .......... .......... .......... .......... .......... 61%  684K 2m13s
150600K .......... .......... .......... .......... .......... 61%  808K 2m13s
150650K .......... .......... .......... .......... .......... 61%  690K 2m13s
150700K .......... .......... .......... .......... .......... 61%  799K 2m13s
150750K .......... .......... .......... .......... .......... 61%  792K 2m13s
150800K .......... .......... .......... .......... .......... 61%  678K 2m13s
150850K .......... .......... .......... .......... .......... 61%  785K 2m13s
150900K .......... .......... .......... .......... .......... 61%  669K 2m13s
150950K .......... .......... .......... .......... .......... 61%  779K 2m13s
151000K .......... .......... .......... .......... .......... 61%  775K 2m13s
151050K .......... .......... .......... .......... .......... 61%  659K 2m13s
151100K .......... .......... .......... .......... .......... 61%  764K 2m13s
151150K .......... .......... .......... .......... .......... 61%  653K 2m13s
151200K .......... .......... .......... .......... .......... 61%  758K 2m12s
151250K .......... .......... .......... .......... .......... 61%  753K 2m12s
151300K .......... .......... .......... .......... .......... 61%  640K 2m12s
151350K .......... .......... .......... .......... .......... 61%  747K 2m12s
151400K .......... .......... .......... .......... .......... 61%  637K 2m12s
151450K .......... .......... .......... .......... .......... 61%  739K 2m12s
151500K .......... .......... .......... .......... .......... 62%  737K 2m12s
151550K .......... .......... .......... .......... .......... 62%  625K 2m12s
151600K .......... .......... .......... .......... .......... 62%  717K 2m12s
151650K .......... .......... .......... .......... .......... 62%  622K 2m12s
151700K .......... .......... .......... .......... .......... 62%  718K 2m12s
151750K .......... .......... .......... .......... .......... 62%  712K 2m12s
151800K .......... .......... .......... .......... .......... 62%  610K 2m12s
151850K .......... .......... .......... .......... .......... 62%  712K 2m12s
151900K .......... .......... .......... .......... .......... 62%  604K 2m11s
151950K .......... .......... .......... .......... .......... 62%  704K 2m11s
152000K .......... .......... .......... .......... .......... 62%  699K 2m11s
152050K .......... .......... .......... .......... .......... 62%  597K 2m11s
152100K .......... .......... .......... .......... .......... 62%  693K 2m11s
152150K .......... .......... .......... .......... .......... 62%  592K 2m11s
152200K .......... .......... .......... .......... .......... 62%  685K 2m11s
152250K .......... .......... .......... .......... .......... 62%  683K 2m11s
152300K .......... .......... .......... .......... .......... 62%  584K 2m11s
152350K .......... .......... .......... .......... .......... 62%  677K 2m11s
152400K .......... .......... .......... .......... .......... 62%  575K 2m11s
152450K .......... .......... .......... .......... .......... 62%  674K 2m11s
152500K .......... .......... .......... .......... .......... 62%  667K 2m11s
152550K .......... .......... .......... .......... .......... 62%  568K 2m11s
152600K .......... .......... .......... .......... .......... 62%  653K 2m11s
152650K .......... .......... .......... .......... .......... 62%  563K 2m10s
152700K .......... .......... .......... .......... .......... 62%  657K 2m10s
152750K .......... .......... .......... .......... .......... 62%  651K 2m10s
152800K .......... .......... .......... .......... .......... 62%  558K 2m10s
152850K .......... .......... .......... .......... .......... 62%  645K 2m10s
152900K .......... .......... .......... .......... .......... 62%  552K 2m10s
152950K .......... .......... .......... .......... .......... 62%  641K 2m10s
153000K .......... .......... .......... .......... .......... 62%  638K 2m10s
153050K .......... .......... .......... .......... .......... 62%  544K 2m10s
153100K .......... .......... .......... .......... .......... 62%  631K 2m10s
153150K .......... .......... .......... .......... .......... 62%  540K 2m10s
153200K .......... .......... .......... .......... .......... 62%  626K 2m10s
153250K .......... .......... .......... .......... .......... 62%  624K 2m10s
153300K .......... .......... .......... .......... .......... 62%  534K 2m10s
153350K .......... .......... .......... .......... .......... 62%  620K 2m10s
153400K .......... .......... .......... .......... .......... 62%  527K 2m10s
153450K .......... .......... .......... .......... .......... 62%  597K 2m9s
153500K .......... .......... .......... .......... .......... 62%  587K 2m9s
153550K .......... .......... .......... .......... .......... 62%  523K 2m9s
153600K .......... .......... .......... .......... .......... 62%  606K 2m9s
153650K .......... .......... .......... .......... .......... 62%  518K 2m9s
153700K .......... .......... .......... .......... .......... 62%  600K 2m9s
153750K .......... .......... .......... .......... .......... 62%  598K 2m9s
153800K .......... .......... .......... .......... .......... 62%  512K 2m9s
153850K .......... .......... .......... .......... .......... 62%  594K 2m9s
153900K .......... .......... .......... .......... .......... 62%  506K 2m9s
153950K .......... .......... .......... .......... .......... 63%  585K 2m9s
154000K .......... .......... .......... .......... .......... 63%  592K 2m9s
154050K .......... .......... .......... .......... .......... 63%  499K 2m9s
154100K .......... .......... .......... .......... .......... 63%  582K 2m9s
154150K .......... .......... .......... .......... .......... 63%  494K 2m9s
154200K .......... .......... .......... .......... .......... 63%  581K 2m9s
154250K .......... .......... .......... .......... .......... 63%  574K 2m9s
154300K .......... .......... .......... .......... .......... 63%  484K 2m8s
154350K .......... .......... .......... .......... .......... 63%  570K 2m8s
154400K .......... .......... .......... .......... .......... 63%  490K 2m8s
154450K .......... .......... .......... .......... .......... 63%  564K 2m8s
154500K .......... .......... .......... .......... .......... 63%  567K 2m8s
154550K .......... .......... .......... .......... .......... 63%  480K 2m8s
154600K .......... .......... .......... .......... .......... 63%  559K 2m8s
154650K .......... .......... .......... .......... .......... 63%  478K 2m8s
154700K .......... .......... .......... .......... .......... 63%  556K 2m8s
154750K .......... .......... .......... .......... .......... 63%  552K 2m8s
154800K .......... .......... .......... .......... .......... 63%  473K 2m8s
154850K .......... .......... .......... .......... .......... 63%  548K 2m8s
154900K .......... .......... .......... .......... .......... 63%  468K 2m8s
154950K .......... .......... .......... .......... .......... 63%  544K 2m8s
155000K .......... .......... .......... .......... .......... 63%  544K 2m8s
155050K .......... .......... .......... .......... .......... 63%  461K 2m8s
155100K .......... .......... .......... .......... .......... 63%  537K 2m8s
155150K .......... .......... .......... .......... .......... 63%  462K 2m7s
155200K .......... .......... .......... .......... .......... 63%  533K 2m7s
155250K .......... .......... .......... .......... .......... 63%  530K 2m7s
155300K .......... .......... .......... .......... .......... 63%  457K 2m7s
155350K .......... .......... .......... .......... .......... 63%  529K 2m7s
155400K .......... .......... .......... .......... .......... 63%  452K 2m7s
155450K .......... .......... .......... .......... .......... 63%  525K 2m7s
155500K .......... .......... .......... .......... .......... 63%  523K 2m7s
155550K .......... .......... .......... .......... .......... 63%  448K 2m7s
155600K .......... .......... .......... .......... .......... 63%  520K 2m7s
155650K .......... .......... .......... .......... .......... 63%  445K 2m7s
155700K .......... .......... .......... .......... .......... 63%  514K 2m7s
155750K .......... .......... .......... .......... .......... 63%  513K 2m7s
155800K .......... .......... .......... .......... .......... 63%  437K 2m7s
155850K .......... .......... .......... .......... .......... 63%  507K 2m7s
155900K .......... .......... .......... .......... .......... 63%  436K 2m7s
155950K .......... .......... .......... .......... .......... 63%  508K 2m7s
156000K .......... .......... .......... .......... .......... 63%  502K 2m7s
156050K .......... .......... .......... .......... .......... 63%  430K 2m7s
156100K .......... .......... .......... .......... .......... 63%  502K 2m6s
156150K .......... .......... .......... .......... .......... 63%  430K 2m6s
156200K .......... .......... .......... .......... .......... 63%  498K 2m6s
156250K .......... .......... .......... .......... .......... 63%  498K 2m6s
156300K .......... .......... .......... .......... .......... 63%  423K 2m6s
156350K .......... .......... .......... .......... .......... 63%  495K 2m6s
156400K .......... .......... .......... .......... .......... 64%  421K 2m6s
156450K .......... .......... .......... .......... .......... 64%  478K 2m6s
156500K .......... .......... .......... .......... .......... 64%  489K 2m6s
156550K .......... .......... .......... .......... .......... 64%  416K 2m6s
156600K .......... .......... .......... .......... .......... 64%  486K 2m6s
156650K .......... .......... .......... .......... .......... 64%  417K 2m6s
156700K .......... .......... .......... .......... .......... 64%  481K 2m6s
156750K .......... .......... .......... .......... .......... 64%  477K 2m6s
156800K .......... .......... .......... .......... .......... 64%  413K 2m6s
156850K .......... .......... .......... .......... .......... 64%  475K 2m6s
156900K .......... .......... .......... .......... .......... 64%  408K 2m6s
156950K .......... .......... .......... .......... .......... 64%  475K 2m6s
157000K .......... .......... .......... .......... .......... 64%  473K 2m6s
157050K .......... .......... .......... .......... .......... 64%  400K 2m6s
157100K .......... .......... .......... .......... .......... 64%  468K 2m5s
157150K .......... .......... .......... .......... .......... 64%  399K 2m5s
157200K .......... .......... .......... .......... .......... 64%  465K 2m5s
157250K .......... .......... .......... .......... .......... 64%  468K 2m5s
157300K .......... .......... .......... .......... .......... 64%  399K 2m5s
157350K .......... .......... .......... .......... .......... 64%  461K 2m5s
157400K .......... .......... .......... .......... .......... 64%  395K 2m5s
157450K .......... .......... .......... .......... .......... 64%  461K 2m5s
157500K .......... .......... .......... .......... .......... 64%  459K 2m5s
157550K .......... .......... .......... .......... .......... 64%  391K 2m5s
157600K .......... .......... .......... .......... .......... 64%  456K 2m5s
157650K .......... .......... .......... .......... .......... 64%  389K 2m5s
157700K .......... .......... .......... .......... .......... 64%  450K 2m5s
157750K .......... .......... .......... .......... .......... 64%  446K 2m5s
157800K .......... .......... .......... .......... .......... 64%  388K 2m5s
157850K .......... .......... .......... .......... .......... 64%  448K 2m5s
157900K .......... .......... .......... .......... .......... 64%  381K 2m5s
157950K .......... .......... .......... .......... .......... 64%  448K 2m5s
158000K .......... .......... .......... .......... .......... 64%  445K 2m5s
158050K .......... .......... .......... .......... .......... 64%  378K 2m5s
158100K .......... .......... .......... .......... .......... 64%  442K 2m5s
158150K .......... .......... .......... .......... .......... 64%  376K 2m4s
158200K .......... .......... .......... .......... .......... 64%  438K 2m4s
158250K .......... .......... .......... .......... .......... 64%  438K 2m4s
158300K .......... .......... .......... .......... .......... 64%  375K 2m4s
158350K .......... .......... .......... .......... .......... 64%  453K 2m4s
158400K .......... .......... .......... .......... .......... 64% 1.53M 2m4s
158450K .......... .......... .......... .......... .......... 64% 3.43M 2m4s
158500K .......... .......... .......... .......... .......... 64% 3.31M 2m4s
158550K .......... .......... .......... .......... .......... 64% 2.60M 2m4s
158600K .......... .......... .......... .......... .......... 64% 3.16M 2m4s
158650K .......... .......... .......... .......... .......... 64% 2.57M 2m4s
158700K .......... .......... .......... .......... .......... 64% 2.74M 2m4s
158750K .......... .......... .......... .......... .......... 64% 2.84M 2m3s
158800K .......... .......... .......... .......... .......... 64% 2.47M 2m3s
158850K .......... .......... .......... .......... .......... 65% 2.81M 2m3s
158900K .......... .......... .......... .......... .......... 65% 2.44M 2m3s
158950K .......... .......... .......... .......... .......... 65% 2.82M 2m3s
159000K .......... .......... .......... .......... .......... 65% 2.78M 2m3s
159050K .......... .......... .......... .......... .......... 65% 2.29M 2m3s
159100K .......... .......... .......... .......... .......... 65% 2.64M 2m3s
159150K .......... .......... .......... .......... .......... 65% 2.25M 2m3s
159200K .......... .......... .......... .......... .......... 65% 2.53M 2m3s
159250K .......... .......... .......... .......... .......... 65% 2.51M 2m2s
159300K .......... .......... .......... .......... .......... 65% 2.13M 2m2s
159350K .......... .......... .......... .......... .......... 65% 2.41M 2m2s
159400K .......... .......... .......... .......... .......... 65% 2.03M 2m2s
159450K .......... .......... .......... .......... .......... 65% 2.34M 2m2s
159500K .......... .......... .......... .......... .......... 65% 2.31M 2m2s
159550K .......... .......... .......... .......... .......... 65% 1.94M 2m2s
159600K .......... .......... .......... .......... .......... 65% 2.23M 2m2s
159650K .......... .......... .......... .......... .......... 65% 1.90M 2m2s
159700K .......... .......... .......... .......... .......... 65% 2.14M 2m2s
159750K .......... .......... .......... .......... .......... 65% 2.12M 2m2s
159800K .......... .......... .......... .......... .......... 65% 1.81M 2m1s
159850K .......... .......... .......... .......... .......... 65% 2.07M 2m1s
159900K .......... .......... .......... .......... .......... 65% 1.75M 2m1s
159950K .......... .......... .......... .......... .......... 65% 2.01M 2m1s
160000K .......... .......... .......... .......... .......... 65% 1.96M 2m1s
160050K .......... .......... .......... .......... .......... 65% 1.67M 2m1s
160100K .......... .......... .......... .......... .......... 65% 1.93M 2m1s
160150K .......... .......... .......... .......... .......... 65% 1.63M 2m1s
160200K .......... .......... .......... .......... .......... 65% 1.87M 2m1s
160250K .......... .......... .......... .......... .......... 65% 1.84M 2m1s
160300K .......... .......... .......... .......... .......... 65% 1.57M 2m0s
160350K .......... .......... .......... .......... .......... 65% 1.81M 2m0s
160400K .......... .......... .......... .......... .......... 65% 1.52M 2m0s
160450K .......... .......... .......... .......... .......... 65% 1.76M 2m0s
160500K .......... .......... .......... .......... .......... 65% 1.75M 2m0s
160550K .......... .......... .......... .......... .......... 65% 1.46M 2m0s
160600K .......... .......... .......... .......... .......... 65% 1.70M 2m0s
160650K .......... .......... .......... .......... .......... 65% 1.44M 2m0s
160700K .......... .......... .......... .......... .......... 65% 1.65M 2m0s
160750K .......... .......... .......... .......... .......... 65% 1.63M 2m0s
160800K .......... .......... .......... .......... .......... 65% 1.39M 2m0s
160850K .......... .......... .......... .......... .......... 65% 1.60M 1m59s
160900K .......... .......... .......... .......... .......... 65% 1.31M 1m59s
160950K .......... .......... .......... .......... .......... 65% 1.58M 1m59s
161000K .......... .......... .......... .......... .......... 65% 1.55M 1m59s
161050K .......... .......... .......... .......... .......... 65% 1.30M 1m59s
161100K .......... .......... .......... .......... .......... 65% 1.52M 1m59s
161150K .......... .......... .......... .......... .......... 65% 1.29M 1m59s
161200K .......... .......... .......... .......... .......... 65% 1.47M 1m59s
161250K .......... .......... .......... .......... .......... 66% 1.46M 1m59s
161300K .......... .......... .......... .......... .......... 66% 1.22M 1m59s
161350K .......... .......... .......... .......... .......... 66% 1.44M 1m59s
161400K .......... .......... .......... .......... .......... 66% 1.22M 1m58s
161450K .......... .......... .......... .......... .......... 66% 1.41M 1m58s
161500K .......... .......... .......... .......... .......... 66% 1.41M 1m58s
161550K .......... .......... .......... .......... .......... 66% 1.18M 1m58s
161600K .......... .......... .......... .......... .......... 66% 1.38M 1m58s
161650K .......... .......... .......... .......... .......... 66% 1.16M 1m58s
161700K .......... .......... .......... .......... .......... 66% 1.34M 1m58s
161750K .......... .......... .......... .......... .......... 66% 1.32M 1m58s
161800K .......... .......... .......... .......... .......... 66% 1.13M 1m58s
161850K .......... .......... .......... .......... .......... 66% 1.32M 1m58s
161900K .......... .......... .......... .......... .......... 66% 1.11M 1m58s
161950K .......... .......... .......... .......... .......... 66% 1.29M 1m57s
162000K .......... .......... .......... .......... .......... 66% 1.28M 1m57s
162050K .......... .......... .......... .......... .......... 66% 1.08M 1m57s
162100K .......... .......... .......... .......... .......... 66% 1.25M 1m57s
162150K .......... .......... .......... .......... .......... 66% 1.06M 1m57s
162200K .......... .......... .......... .......... .......... 66% 1.22M 1m57s
162250K .......... .......... .......... .......... .......... 66% 1.22M 1m57s
162300K .......... .......... .......... .......... .......... 66% 1.03M 1m57s
162350K .......... .......... .......... .......... .......... 66% 1.19M 1m57s
162400K .......... .......... .......... .......... .......... 66% 1.02M 1m57s
162450K .......... .......... .......... .......... .......... 66% 1.18M 1m57s
162500K .......... .......... .......... .......... .......... 66% 1.17M 1m57s
162550K .......... .......... .......... .......... .......... 66% 1010K 1m56s
162600K .......... .......... .......... .......... .......... 66% 1.15M 1m56s
162650K .......... .......... .......... .......... .......... 66% 1003K 1m56s
162700K .......... .......... .......... .......... .......... 66% 1.13M 1m56s
162750K .......... .......... .......... .......... .......... 66% 1.11M 1m56s
162800K .......... .......... .......... .......... .......... 66%  981K 1m56s
162850K .......... .......... .......... .......... .......... 66% 1.10M 1m56s
162900K .......... .......... .......... .......... .......... 66%  960K 1m56s
162950K .......... .......... .......... .......... .......... 66% 1.09M 1m56s
163000K .......... .......... .......... .......... .......... 66% 1.08M 1m56s
163050K .......... .......... .......... .......... .......... 66%  920K 1m56s
163100K .......... .......... .......... .......... .......... 66% 1.06M 1m56s
163150K .......... .......... .......... .......... .......... 66%  927K 1m55s
163200K .......... .......... .......... .......... .......... 66% 1.04M 1m55s
163250K .......... .......... .......... .......... .......... 66% 1.04M 1m55s
163300K .......... .......... .......... .......... .......... 66%  904K 1m55s
163350K .......... .......... .......... .......... .......... 66% 1.03M 1m55s
163400K .......... .......... .......... .......... .......... 66%  890K 1m55s
163450K .......... .......... .......... .......... .......... 66% 1.00M 1m55s
163500K .......... .......... .......... .......... .......... 66% 1.01M 1m55s
163550K .......... .......... .......... .......... .......... 66%  872K 1m55s
163600K .......... .......... .......... .......... .......... 66% 1009K 1m55s
163650K .......... .......... .......... .......... .......... 66%  864K 1m55s
163700K .......... .......... .......... .......... .......... 67%  993K 1m55s
163750K .......... .......... .......... .......... .......... 67%  991K 1m54s
163800K .......... .......... .......... .......... .......... 67%  846K 1m54s
163850K .......... .......... .......... .......... .......... 67%  974K 1m54s
163900K .......... .......... .......... .......... .......... 67%  831K 1m54s
163950K .......... .......... .......... .......... .......... 67%  965K 1m54s
164000K .......... .......... .......... .......... .......... 67%  955K 1m54s
164050K .......... .......... .......... .......... .......... 67%  809K 1m54s
164100K .......... .......... .......... .......... .......... 67%  948K 1m54s
164150K .......... .......... .......... .......... .......... 67%  807K 1m54s
164200K .......... .......... .......... .......... .......... 67%  932K 1m54s
164250K .......... .......... .......... .......... .......... 67%  933K 1m54s
164300K .......... .......... .......... .......... .......... 67%  792K 1m54s
164350K .......... .......... .......... .......... .......... 67%  912K 1m54s
164400K .......... .......... .......... .......... .......... 67%  767K 1m53s
164450K .......... .......... .......... .......... .......... 67%  907K 1m53s
164500K .......... .......... .......... .......... .......... 67%  896K 1m53s
164550K .......... .......... .......... .......... .......... 67%  764K 1m53s
164600K .......... .......... .......... .......... .......... 67%  894K 1m53s
164650K .......... .......... .......... .......... .......... 67%  757K 1m53s
164700K .......... .......... .......... .......... .......... 67%  875K 1m53s
164750K .......... .......... .......... .......... .......... 67%  869K 1m53s
164800K .......... .......... .......... .......... .......... 67%  746K 1m53s
164850K .......... .......... .......... .......... .......... 67%  859K 1m53s
164900K .......... .......... .......... .......... .......... 67%  735K 1m53s
164950K .......... .......... .......... .......... .......... 67%  853K 1m53s
165000K .......... .......... .......... .......... .......... 67%  845K 1m53s
165050K .......... .......... .......... .......... .......... 67%  721K 1m52s
165100K .......... .......... .......... .......... .......... 67%  839K 1m52s
165150K .......... .......... .......... .......... .......... 67%  714K 1m52s
165200K .......... .......... .......... .......... .......... 67%  826K 1m52s
165250K .......... .......... .......... .......... .......... 67%  823K 1m52s
165300K .......... .......... .......... .......... .......... 67%  703K 1m52s
165350K .......... .......... .......... .......... .......... 67%  814K 1m52s
165400K .......... .......... .......... .......... .......... 67%  697K 1m52s
165450K .......... .......... .......... .......... .......... 67%  808K 1m52s
165500K .......... .......... .......... .......... .......... 67%  798K 1m52s
165550K .......... .......... .......... .......... .......... 67%  682K 1m52s
165600K .......... .......... .......... .......... .......... 67%  773K 1m52s
165650K .......... .......... .......... .......... .......... 67%  675K 1m52s
165700K .......... .......... .......... .......... .......... 67%  782K 1m52s
165750K .......... .......... .......... .......... .......... 67%  781K 1m51s
165800K .......... .......... .......... .......... .......... 67%  664K 1m51s
165850K .......... .......... .......... .......... .......... 67%  770K 1m51s
165900K .......... .......... .......... .......... .......... 67%  658K 1m51s
165950K .......... .......... .......... .......... .......... 67%  763K 1m51s
166000K .......... .......... .......... .......... .......... 67%  756K 1m51s
166050K .......... .......... .......... .......... .......... 67%  648K 1m51s
166100K .......... .......... .......... .......... .......... 67%  752K 1m51s
166150K .......... .......... .......... .......... .......... 68%  639K 1m51s
166200K .......... .......... .......... .......... .......... 68%  743K 1m51s
166250K .......... .......... .......... .......... .......... 68%  740K 1m51s
166300K .......... .......... .......... .......... .......... 68%  630K 1m51s
166350K .......... .......... .......... .......... .......... 68%  731K 1m51s
166400K .......... .......... .......... .......... .......... 68%  624K 1m51s
166450K .......... .......... .......... .......... .......... 68%  727K 1m50s
166500K .......... .......... .......... .......... .......... 68%  720K 1m50s
166550K .......... .......... .......... .......... .......... 68%  616K 1m50s
166600K .......... .......... .......... .......... .......... 68%  707K 1m50s
166650K .......... .......... .......... .......... .......... 68%  599K 1m50s
166700K .......... .......... .......... .......... .......... 68%  705K 1m50s
166750K .......... .......... .......... .......... .......... 68%  709K 1m50s
166800K .......... .......... .......... .......... .......... 68%  601K 1m50s
166850K .......... .......... .......... .......... .......... 68%  700K 1m50s
166900K .......... .......... .......... .......... .......... 68%  596K 1m50s
166950K .......... .......... .......... .......... .......... 68%  690K 1m50s
167000K .......... .......... .......... .......... .......... 68%  684K 1m50s
167050K .......... .......... .......... .......... .......... 68%  587K 1m50s
167100K .......... .......... .......... .......... .......... 68%  680K 1m50s
167150K .......... .......... .......... .......... .......... 68%  581K 1m50s
167200K .......... .......... .......... .......... .......... 68%  673K 1m49s
167250K .......... .......... .......... .......... .......... 68%  672K 1m49s
167300K .......... .......... .......... .......... .......... 68%  572K 1m49s
167350K .......... .......... .......... .......... .......... 68%  666K 1m49s
167400K .......... .......... .......... .......... .......... 68%  568K 1m49s
167450K .......... .......... .......... .......... .......... 68%  659K 1m49s
167500K .......... .......... .......... .......... .......... 68%  653K 1m49s
167550K .......... .......... .......... .......... .......... 68%  553K 1m49s
167600K .......... .......... .......... .......... .......... 68%  655K 1m49s
167650K .......... .......... .......... .......... .......... 68%  554K 1m49s
167700K .......... .......... .......... .......... .......... 68%  644K 1m49s
167750K .......... .......... .......... .......... .......... 68%  642K 1m49s
167800K .......... .......... .......... .......... .......... 68%  547K 1m49s
167850K .......... .......... .......... .......... .......... 68%  636K 1m49s
167900K .......... .......... .......... .......... .......... 68%  543K 1m49s
167950K .......... .......... .......... .......... .......... 68%  631K 1m48s
168000K .......... .......... .......... .......... .......... 68%  626K 1m48s
168050K .......... .......... .......... .......... .......... 68%  535K 1m48s
168100K .......... .......... .......... .......... .......... 68%  624K 1m48s
168150K .......... .......... .......... .......... .......... 68%  528K 1m48s
168200K .......... .......... .......... .......... .......... 68%  616K 1m48s
168250K .......... .......... .......... .......... .......... 68%  615K 1m48s
168300K .......... .......... .......... .......... .......... 68%  523K 1m48s
168350K .......... .......... .......... .......... .......... 68%  610K 1m48s
168400K .......... .......... .......... .......... .......... 68%  520K 1m48s
168450K .......... .......... .......... .......... .......... 68%  597K 1m48s
168500K .......... .......... .......... .......... .......... 68%  602K 1m48s
168550K .......... .......... .......... .......... .......... 68%  513K 1m48s
168600K .......... .......... .......... .......... .......... 69%  598K 1m48s
168650K .......... .......... .......... .......... .......... 69%  508K 1m48s
168700K .......... .......... .......... .......... .......... 69%  592K 1m48s
168750K .......... .......... .......... .......... .......... 69%  589K 1m47s
168800K .......... .......... .......... .......... .......... 69%  503K 1m47s
168850K .......... .......... .......... .......... .......... 69%  586K 1m47s
168900K .......... .......... .......... .......... .......... 69%  499K 1m47s
168950K .......... .......... .......... .......... .......... 69%  579K 1m47s
169000K .......... .......... .......... .......... .......... 69%  575K 1m47s
169050K .......... .......... .......... .......... .......... 69%  494K 1m47s
169100K .......... .......... .......... .......... .......... 69%  576K 1m47s
169150K .......... .......... .......... .......... .......... 69%  490K 1m47s
169200K .......... .......... .......... .......... .......... 69%  568K 1m47s
169250K .......... .......... .......... .......... .......... 69%  557K 1m47s
169300K .......... .......... .......... .......... .......... 69%  485K 1m47s
169350K .......... .......... .......... .......... .......... 69%  565K 1m47s
169400K .......... .......... .......... .......... .......... 69%  480K 1m47s
169450K .......... .......... .......... .......... .......... 69%  558K 1m47s
169500K .......... .......... .......... .......... .......... 69%  554K 1m47s
169550K .......... .......... .......... .......... .......... 69%  475K 1m46s
169600K .......... .......... .......... .......... .......... 69%  552K 1m46s
169650K .......... .......... .......... .......... .......... 69%  469K 1m46s
169700K .......... .......... .......... .......... .......... 69%  543K 1m46s
169750K .......... .......... .......... .......... .......... 69%  546K 1m46s
169800K .......... .......... .......... .......... .......... 69%  468K 1m46s
169850K .......... .......... .......... .......... .......... 69%  541K 1m46s
169900K .......... .......... .......... .......... .......... 69%  463K 1m46s
169950K .......... .......... .......... .......... .......... 69%  539K 1m46s
170000K .......... .......... .......... .......... .......... 69%  529K 1m46s
170050K .......... .......... .......... .......... .......... 69%  456K 1m46s
170100K .......... .......... .......... .......... .......... 69%  533K 1m46s
170150K .......... .......... .......... .......... .......... 69%  453K 1m46s
170200K .......... .......... .......... .......... .......... 69%  529K 1m46s
170250K .......... .......... .......... .......... .......... 69%  527K 1m46s
170300K .......... .......... .......... .......... .......... 69%  449K 1m46s
170350K .......... .......... .......... .......... .......... 69%  522K 1m46s
170400K .......... .......... .......... .......... .......... 69%  446K 1m45s
170450K .......... .......... .......... .......... .......... 69%  518K 1m45s
170500K .......... .......... .......... .......... .......... 69%  513K 1m45s
170550K .......... .......... .......... .......... .......... 69%  441K 1m45s
170600K .......... .......... .......... .......... .......... 69%  515K 1m45s
170650K .......... .......... .......... .......... .......... 69%  437K 1m45s
170700K .......... .......... .......... .......... .......... 69%  508K 1m45s
170750K .......... .......... .......... .......... .......... 69%  505K 1m45s
170800K .......... .......... .......... .......... .......... 69%  433K 1m45s
170850K .......... .......... .......... .......... .......... 69%  504K 1m45s
170900K .......... .......... .......... .......... .......... 69%  431K 1m45s
170950K .......... .......... .......... .......... .......... 69%  497K 1m45s
171000K .......... .......... .......... .......... .......... 69%  501K 1m45s
171050K .......... .......... .......... .......... .......... 70%  425K 1m45s
171100K .......... .......... .......... .......... .......... 70%  496K 1m45s
171150K .......... .......... .......... .......... .......... 70%  420K 1m45s
171200K .......... .......... .......... .......... .......... 70%  493K 1m45s
171250K .......... .......... .......... .......... .......... 70%  492K 1m44s
171300K .......... .......... .......... .......... .......... 70%  419K 1m44s
171350K .......... .......... .......... .......... .......... 70%  487K 1m44s
171400K .......... .......... .......... .......... .......... 70%  408K 1m44s
171450K .......... .......... .......... .......... .......... 70%  471K 1m44s
171500K .......... .......... .......... .......... .......... 70%  483K 1m44s
171550K .......... .......... .......... .......... .......... 70%  410K 1m44s
171600K .......... .......... .......... .......... .......... 70%  479K 1m44s
171650K .......... .......... .......... .......... .......... 70%  410K 1m44s
171700K .......... .......... .......... .......... .......... 70%  476K 1m44s
171750K .......... .......... .......... .......... .......... 70%  475K 1m44s
171800K .......... .......... .......... .......... .......... 70%  403K 1m44s
171850K .......... .......... .......... .......... .......... 70%  470K 1m44s
171900K .......... .......... .......... .......... .......... 70%  403K 1m44s
171950K .......... .......... .......... .......... .......... 70%  469K 1m44s
172000K .......... .......... .......... .......... .......... 70%  468K 1m44s
172050K .......... .......... .......... .......... .......... 70%  396K 1m44s
172100K .......... .......... .......... .......... .......... 70%  462K 1m44s
172150K .......... .......... .......... .......... .......... 70%  395K 1m44s
172200K .......... .......... .......... .......... .......... 70%  462K 1m43s
172250K .......... .......... .......... .......... .......... 70%  454K 1m43s
172300K .......... .......... .......... .......... .......... 70%  392K 1m43s
172350K .......... .......... .......... .......... .......... 70%  456K 1m43s
172400K .......... .......... .......... .......... .......... 70%  389K 1m43s
172450K .......... .......... .......... .......... .......... 70%  454K 1m43s
172500K .......... .......... .......... .......... .......... 70%  449K 1m43s
172550K .......... .......... .......... .......... .......... 70%  387K 1m43s
172600K .......... .......... .......... .......... .......... 70%  449K 1m43s
172650K .......... .......... .......... .......... .......... 70%  383K 1m43s
172700K .......... .......... .......... .......... .......... 70%  434K 1m43s
172750K .......... .......... .......... .......... .......... 70%  445K 1m43s
172800K .......... .......... .......... .......... .......... 70%  381K 1m43s
172850K .......... .......... .......... .......... .......... 70%  441K 1m43s
172900K .......... .......... .......... .......... .......... 70%  379K 1m43s
172950K .......... .......... .......... .......... .......... 70%  438K 1m43s
173000K .......... .......... .......... .......... .......... 70%  440K 1m43s
173050K .......... .......... .......... .......... .......... 70%  373K 1m43s
173100K .......... .......... .......... .......... .......... 70%  437K 1m43s
173150K .......... .......... .......... .......... .......... 70%  373K 1m42s
173200K .......... .......... .......... .......... .......... 70%  556K 1m42s
173250K .......... .......... .......... .......... .......... 70% 3.55M 1m42s
173300K .......... .......... .......... .......... .......... 70% 2.90M 1m42s
173350K .......... .......... .......... .......... .......... 70% 3.20M 1m42s
173400K .......... .......... .......... .......... .......... 70% 2.64M 1m42s
173450K .......... .......... .......... .......... .......... 70% 3.17M 1m42s
173500K .......... .......... .......... .......... .......... 71% 2.93M 1m42s
173550K .......... .......... .......... .......... .......... 71% 2.46M 1m42s
173600K .......... .......... .......... .......... .......... 71% 2.91M 1m42s
173650K .......... .......... .......... .......... .......... 71% 2.33M 1m42s
173700K .......... .......... .......... .......... .......... 71% 2.76M 1m41s
173750K .......... .......... .......... .......... .......... 71% 2.85M 1m41s
173800K .......... .......... .......... .......... .......... 71% 2.40M 1m41s
173850K .......... .......... .......... .......... .......... 71% 2.53M 1m41s
173900K .......... .......... .......... .......... .......... 71% 2.11M 1m41s
173950K .......... .......... .......... .......... .......... 71% 2.68M 1m41s
174000K .......... .......... .......... .......... .......... 71% 2.55M 1m41s
174050K .......... .......... .......... .......... .......... 71% 2.16M 1m41s
174100K .......... .......... .......... .......... .......... 71% 2.50M 1m41s
174150K .......... .......... .......... .......... .......... 71% 2.08M 1m41s
174200K .......... .......... .......... .......... .......... 71% 2.39M 1m41s
174250K .......... .......... .......... .......... .......... 71% 2.37M 1m40s
174300K .......... .......... .......... .......... .......... 71% 1.98M 1m40s
174350K .......... .......... .......... .......... .......... 71% 2.28M 1m40s
174400K .......... .......... .......... .......... .......... 71% 1.94M 1m40s
174450K .......... .......... .......... .......... .......... 71% 2.22M 1m40s
174500K .......... .......... .......... .......... .......... 71% 2.17M 1m40s
174550K .......... .......... .......... .......... .......... 71% 1.84M 1m40s
174600K .......... .......... .......... .......... .......... 71% 2.13M 1m40s
174650K .......... .......... .......... .......... .......... 71% 1.79M 1m40s
174700K .......... .......... .......... .......... .......... 71% 2.05M 1m40s
174750K .......... .......... .......... .......... .......... 71% 2.03M 1m40s
174800K .......... .......... .......... .......... .......... 71% 1.71M 99s
174850K .......... .......... .......... .......... .......... 71% 1.96M 99s
174900K .......... .......... .......... .......... .......... 71% 1.67M 99s
174950K .......... .......... .......... .......... .......... 71% 1.94M 99s
175000K .......... .......... .......... .......... .......... 71% 1.88M 99s
175050K .......... .......... .......... .......... .......... 71% 1.60M 99s
175100K .......... .......... .......... .......... .......... 71% 1.85M 99s
175150K .......... .......... .......... .......... .......... 71% 1.55M 99s
175200K .......... .......... .......... .......... .......... 71% 1.78M 99s
175250K .......... .......... .......... .......... .......... 71% 1.78M 99s
175300K .......... .......... .......... .......... .......... 71% 1.50M 99s
175350K .......... .......... .......... .......... .......... 71% 1.72M 98s
175400K .......... .......... .......... .......... .......... 71% 1.47M 98s
175450K .......... .......... .......... .......... .......... 71% 1.69M 98s
175500K .......... .......... .......... .......... .......... 71% 1.66M 98s
175550K .......... .......... .......... .......... .......... 71% 1.41M 98s
175600K .......... .......... .......... .......... .......... 71% 1.61M 98s
175650K .......... .......... .......... .......... .......... 71% 1.39M 98s
175700K .......... .......... .......... .......... .......... 71% 1.59M 98s
175750K .......... .......... .......... .......... .......... 71% 1.58M 98s
175800K .......... .......... .......... .......... .......... 71% 1.33M 98s
175850K .......... .......... .......... .......... .......... 71% 1.54M 98s
175900K .......... .......... .......... .......... .......... 71% 1.30M 98s
175950K .......... .......... .......... .......... .......... 72% 1.52M 97s
176000K .......... .......... .......... .......... .......... 72% 1.49M 97s
176050K .......... .......... .......... .......... .......... 72% 1.26M 97s
176100K .......... .......... .......... .......... .......... 72% 1.46M 97s
176150K .......... .......... .......... .......... .......... 72% 1.24M 97s
176200K .......... .......... .......... .......... .......... 72% 1.43M 97s
176250K .......... .......... .......... .......... .......... 72% 1.42M 97s
176300K .......... .......... .......... .......... .......... 72% 1.20M 97s
176350K .......... .......... .......... .......... .......... 72% 1.38M 97s
176400K .......... .......... .......... .......... .......... 72% 1.16M 97s
176450K .......... .......... .......... .......... .......... 72% 1.37M 97s
176500K .......... .......... .......... .......... .......... 72% 1.34M 97s
176550K .......... .......... .......... .......... .......... 72% 1.15M 96s
176600K .......... .......... .......... .......... .......... 72% 1.33M 96s
176650K .......... .......... .......... .......... .......... 72% 1.12M 96s
176700K .......... .......... .......... .......... .......... 72% 1.30M 96s
176750K .......... .......... .......... .......... .......... 72% 1.29M 96s
176800K .......... .......... .......... .......... .......... 72% 1.09M 96s
176850K .......... .......... .......... .......... .......... 72% 1.26M 96s
176900K .......... .......... .......... .......... .......... 72% 1.08M 96s
176950K .......... .......... .......... .......... .......... 72% 1.24M 96s
177000K .......... .......... .......... .......... .......... 72% 1.23M 96s
177050K .......... .......... .......... .......... .......... 72% 1.05M 96s
177100K .......... .......... .......... .......... .......... 72% 1.21M 96s
177150K .......... .......... .......... .......... .......... 72% 1.02M 95s
177200K .......... .......... .......... .......... .......... 72% 1.19M 95s
177250K .......... .......... .......... .......... .......... 72% 1.18M 95s
177300K .......... .......... .......... .......... .......... 72% 1.01M 95s
177350K .......... .......... .......... .......... .......... 72% 1.14M 95s
177400K .......... .......... .......... .......... .......... 72% 1.00M 95s
177450K .......... .......... .......... .......... .......... 72% 1.15M 95s
177500K .......... .......... .......... .......... .......... 72% 1.12M 95s
177550K .......... .......... .......... .......... .......... 72%  991K 95s
177600K .......... .......... .......... .......... .......... 72% 1.12M 95s
177650K .......... .......... .......... .......... .......... 72%  969K 95s
177700K .......... .......... .......... .......... .......... 72% 1.10M 95s
177750K .......... .......... .......... .......... .......... 72% 1.09M 94s
177800K .......... .......... .......... .......... .......... 72%  951K 94s
177850K .......... .......... .......... .......... .......... 72% 1.07M 94s
177900K .......... .......... .......... .......... .......... 72%  939K 94s
177950K .......... .......... .......... .......... .......... 72% 1.06M 94s
178000K .......... .......... .......... .......... .......... 72% 1.05M 94s
178050K .......... .......... .......... .......... .......... 72%  913K 94s
178100K .......... .......... .......... .......... .......... 72% 1.01M 94s
178150K .......... .......... .......... .......... .......... 72%  900K 94s
178200K .......... .......... .......... .......... .......... 72% 1.02M 94s
178250K .......... .......... .......... .......... .......... 72% 1.01M 94s
178300K .......... .......... .......... .......... .......... 72%  885K 94s
178350K .......... .......... .......... .......... .......... 72% 1015K 94s
178400K .......... .......... .......... .......... .......... 73%  871K 93s
178450K .......... .......... .......... .......... .......... 73% 1009K 93s
178500K .......... .......... .......... .......... .......... 73%  998K 93s
178550K .......... .......... .......... .......... .......... 73%  850K 93s
178600K .......... .......... .......... .......... .......... 73%  991K 93s
178650K .......... .......... .......... .......... .......... 73%  839K 93s
178700K .......... .......... .......... .......... .......... 73%  970K 93s
178750K .......... .......... .......... .......... .......... 73%  975K 93s
178800K .......... .......... .......... .......... .......... 73%  824K 93s
178850K .......... .......... .......... .......... .......... 73%  952K 93s
178900K .......... .......... .......... .......... .......... 73%  815K 93s
178950K .......... .......... .......... .......... .......... 73%  943K 93s
179000K .......... .......... .......... .......... .......... 73%  936K 93s
179050K .......... .......... .......... .......... .......... 73%  797K 92s
179100K .......... .......... .......... .......... .......... 73%  929K 92s
179150K .......... .......... .......... .......... .......... 73%  787K 92s
179200K .......... .......... .......... .......... .......... 73%  913K 92s
179250K .......... .......... .......... .......... .......... 73%  908K 92s
179300K .......... .......... .......... .......... .......... 73%  773K 92s
179350K .......... .......... .......... .......... .......... 73%  878K 92s
179400K .......... .......... .......... .......... .......... 73%  777K 92s
179450K .......... .......... .......... .......... .......... 73%  871K 92s
179500K .......... .......... .......... .......... .......... 73%  878K 92s
179550K .......... .......... .......... .......... .......... 73%  748K 92s
179600K .......... .......... .......... .......... .......... 73%  874K 92s
179650K .......... .......... .......... .......... .......... 73%  738K 92s
179700K .......... .......... .......... .......... .......... 73%  857K 92s
179750K .......... .......... .......... .......... .......... 73%  856K 91s
179800K .......... .......... .......... .......... .......... 73%  730K 91s
179850K .......... .......... .......... .......... .......... 73%  842K 91s
179900K .......... .......... .......... .......... .......... 73%  720K 91s
179950K .......... .......... .......... .......... .......... 73%  836K 91s
180000K .......... .......... .......... .......... .......... 73%  825K 91s
180050K .......... .......... .......... .......... .......... 73%  708K 91s
180100K .......... .......... .......... .......... .......... 73%  823K 91s
180150K .......... .......... .......... .......... .......... 73%  699K 91s
180200K .......... .......... .......... .......... .......... 73%  810K 91s
180250K .......... .......... .......... .......... .......... 73%  803K 91s
180300K .......... .......... .......... .......... .......... 73%  689K 91s
180350K .......... .......... .......... .......... .......... 73%  795K 91s
180400K .......... .......... .......... .......... .......... 73%  681K 90s
180450K .......... .......... .......... .......... .......... 73%  784K 90s
180500K .......... .......... .......... .......... .......... 73%  783K 90s
180550K .......... .......... .......... .......... .......... 73%  661K 90s
180600K .......... .......... .......... .......... .......... 73%  778K 90s
180650K .......... .......... .......... .......... .......... 73%  662K 90s
180700K .......... .......... .......... .......... .......... 73%  765K 90s
180750K .......... .......... .......... .......... .......... 73%  766K 90s
180800K .......... .......... .......... .......... .......... 73%  653K 90s
180850K .......... .......... .......... .......... .......... 74%  756K 90s
180900K .......... .......... .......... .......... .......... 74%  645K 90s
180950K .......... .......... .......... .......... .......... 74%  751K 90s
181000K .......... .......... .......... .......... .......... 74%  738K 90s
181050K .......... .......... .......... .......... .......... 74%  637K 90s
181100K .......... .......... .......... .......... .......... 74%  739K 89s
181150K .......... .......... .......... .......... .......... 74%  628K 89s
181200K .......... .......... .......... .......... .......... 74%  730K 89s
181250K .......... .......... .......... .......... .......... 74%  726K 89s
181300K .......... .......... .......... .......... .......... 74%  620K 89s
181350K .......... .......... .......... .......... .......... 74%  717K 89s
181400K .......... .......... .......... .......... .......... 74%  613K 89s
181450K .......... .......... .......... .......... .......... 74%  715K 89s
181500K .......... .......... .......... .......... .......... 74%  700K 89s
181550K .......... .......... .......... .......... .......... 74%  609K 89s
181600K .......... .......... .......... .......... .......... 74%  692K 89s
181650K .......... .......... .......... .......... .......... 74%  599K 89s
181700K .......... .......... .......... .......... .......... 74%  696K 89s
181750K .......... .......... .......... .......... .......... 74%  587K 89s
181800K .......... .......... .......... .......... .......... 74%  588K 89s
181850K .......... .......... .......... .......... .......... 74%  683K 88s
181900K .......... .......... .......... .......... .......... 74%  584K 88s
181950K .......... .......... .......... .......... .......... 74%  681K 88s
182000K .......... .......... .......... .......... .......... 74%  671K 88s
182050K .......... .......... .......... .......... .......... 74%  578K 88s
182100K .......... .......... .......... .......... .......... 74%  669K 88s
182150K .......... .......... .......... .......... .......... 74%  571K 88s
182200K .......... .......... .......... .......... .......... 74%  663K 88s
182250K .......... .......... .......... .......... .......... 74%  660K 88s
182300K .......... .......... .......... .......... .......... 74%  566K 88s
182350K .......... .......... .......... .......... .......... 74%  652K 88s
182400K .......... .......... .......... .......... .......... 74%  559K 88s
182450K .......... .......... .......... .......... .......... 74%  651K 88s
182500K .......... .......... .......... .......... .......... 74%  611K 88s
182550K .......... .......... .......... .......... .......... 74%  570K 88s
182600K .......... .......... .......... .......... .......... 74%  640K 87s
182650K .......... .......... .......... .......... .......... 74%  545K 87s
182700K .......... .......... .......... .......... .......... 74%  636K 87s
182750K .......... .......... .......... .......... .......... 74%  632K 87s
182800K .......... .......... .......... .......... .......... 74%  540K 87s
182850K .......... .......... .......... .......... .......... 74%  624K 87s
182900K .......... .......... .......... .......... .......... 74%  534K 87s
182950K .......... .......... .......... .......... .......... 74%  621K 87s
183000K .......... .......... .......... .......... .......... 74%  618K 87s
183050K .......... .......... .......... .......... .......... 74%  528K 87s
183100K .......... .......... .......... .......... .......... 74%  613K 87s
183150K .......... .......... .......... .......... .......... 74%  522K 87s
183200K .......... .......... .......... .......... .......... 74%  607K 87s
183250K .......... .......... .......... .......... .......... 75%  607K 87s
183300K .......... .......... .......... .......... .......... 75%  517K 87s
183350K .......... .......... .......... .......... .......... 75%  600K 86s
183400K .......... .......... .......... .......... .......... 75%  507K 86s
183450K .......... .......... .......... .......... .......... 75%  597K 86s
183500K .......... .......... .......... .......... .......... 75%  497K 86s
183550K .......... .......... .......... .......... .......... 75%  490K 86s
183600K .......... .......... .......... .......... .......... 75%  583K 86s
183650K .......... .......... .......... .......... .......... 75%  501K 86s
183700K .......... .......... .......... .......... .......... 75%  588K 86s
183750K .......... .......... .......... .......... .......... 75%  579K 86s
183800K .......... .......... .......... .......... .......... 75%  498K 86s
183850K .......... .......... .......... .......... .......... 75%  573K 86s
183900K .......... .......... .......... .......... .......... 75%  493K 86s
183950K .......... .......... .......... .......... .......... 75%  575K 86s
184000K .......... .......... .......... .......... .......... 75%  570K 86s
184050K .......... .......... .......... .......... .......... 75%  486K 86s
184100K .......... .......... .......... .......... .......... 75%  565K 86s
184150K .......... .......... .......... .......... .......... 75%  478K 85s
184200K .......... .......... .......... .......... .......... 75%  561K 85s
184250K .......... .......... .......... .......... .......... 75%  559K 85s
184300K .......... .......... .......... .......... .......... 75%  475K 85s
184350K .......... .......... .......... .......... .......... 75%  556K 85s
184400K .......... .......... .......... .......... .......... 75%  474K 85s
184450K .......... .......... .......... .......... .......... 75%  552K 85s
184500K .......... .......... .......... .......... .......... 75%  545K 85s
184550K .......... .......... .......... .......... .......... 75%  461K 85s
184600K .......... .......... .......... .......... .......... 75%  547K 85s
184650K .......... .......... .......... .......... .......... 75%  465K 85s
184700K .......... .......... .......... .......... .......... 75%  539K 85s
184750K .......... .......... .......... .......... .......... 75%  539K 85s
184800K .......... .......... .......... .......... .......... 75%  459K 85s
184850K .......... .......... .......... .......... .......... 75%  533K 85s
184900K .......... .......... .......... .......... .......... 75%  456K 85s
184950K .......... .......... .......... .......... .......... 75%  525K 84s
185000K .......... .......... .......... .......... .......... 75%  526K 84s
185050K .......... .......... .......... .......... .......... 75%  451K 84s
185100K .......... .......... .......... .......... .......... 75%  527K 84s
185150K .......... .......... .......... .......... .......... 75%  444K 84s
185200K .......... .......... .......... .......... .......... 75%  522K 84s
185250K .......... .......... .......... .......... .......... 75%  520K 84s
185300K .......... .......... .......... .......... .......... 75%  445K 84s
185350K .......... .......... .......... .......... .......... 75%  514K 84s
185400K .......... .......... .......... .......... .......... 75%  440K 84s
185450K .......... .......... .......... .......... .......... 75%  509K 84s
185500K .......... .......... .......... .......... .......... 75%  511K 84s
185550K .......... .......... .......... .......... .......... 75%  436K 84s
185600K .......... .......... .......... .......... .......... 75%  507K 84s
185650K .......... .......... .......... .......... .......... 75%  426K 84s
185700K .......... .......... .......... .......... .......... 76%  505K 84s
185750K .......... .......... .......... .......... .......... 76%  502K 83s
185800K .......... .......... .......... .......... .......... 76%  425K 83s
185850K .......... .......... .......... .......... .......... 76%  498K 83s
185900K .......... .......... .......... .......... .......... 76%  426K 83s
185950K .......... .......... .......... .......... .......... 76%  495K 83s
186000K .......... .......... .......... .......... .......... 76%  488K 83s
186050K .......... .......... .......... .......... .......... 76%  423K 83s
186100K .......... .......... .......... .......... .......... 76%  490K 83s
186150K .......... .......... .......... .......... .......... 76%  416K 83s
186200K .......... .......... .......... .......... .......... 76%  485K 83s
186250K .......... .......... .......... .......... .......... 76%  486K 83s
186300K .......... .......... .......... .......... .......... 76%  411K 83s
186350K .......... .......... .......... .......... .......... 76%  479K 83s
186400K .......... .......... .......... .......... .......... 76%  411K 83s
186450K .......... .......... .......... .......... .......... 76%  480K 83s
186500K .......... .......... .......... .......... .......... 76%  475K 83s
186550K .......... .......... .......... .......... .......... 76%  407K 83s
186600K .......... .......... .......... .......... .......... 76%  472K 82s
186650K .......... .......... .......... .......... .......... 76%  406K 82s
186700K .......... .......... .......... .......... .......... 76%  468K 82s
186750K .......... .......... .......... .......... .......... 76%  469K 82s
186800K .......... .......... .......... .......... .......... 76%  402K 82s
186850K .......... .......... .......... .......... .......... 76%  465K 82s
186900K .......... .......... .......... .......... .......... 76%  397K 82s
186950K .......... .......... .......... .......... .......... 76%  465K 82s
187000K .......... .......... .......... .......... .......... 76%  454K 82s
187050K .......... .......... .......... .......... .......... 76%  396K 82s
187100K .......... .......... .......... .......... .......... 76%  459K 82s
187150K .......... .......... .......... .......... .......... 76%  392K 82s
187200K .......... .......... .......... .......... .......... 76%  453K 82s
187250K .......... .......... .......... .......... .......... 76%  456K 82s
187300K .......... .......... .......... .......... .......... 76%  388K 82s
187350K .......... .......... .......... .......... .......... 76%  451K 82s
187400K .......... .......... .......... .......... .......... 76%  387K 82s
187450K .......... .......... .......... .......... .......... 76%  451K 81s
187500K .......... .......... .......... .......... .......... 76%  445K 81s
187550K .......... .......... .......... .......... .......... 76%  383K 81s
187600K .......... .......... .......... .......... .......... 76%  442K 81s
187650K .......... .......... .......... .......... .......... 76%  380K 81s
187700K .......... .......... .......... .......... .......... 76%  441K 81s
187750K .......... .......... .......... .......... .......... 76%  440K 81s
187800K .......... .......... .......... .......... .......... 76%  376K 81s
187850K .......... .......... .......... .......... .......... 76%  437K 81s
187900K .......... .......... .......... .......... .......... 76%  376K 81s
187950K .......... .......... .......... .......... .......... 76%  437K 81s
188000K .......... .......... .......... .......... .......... 76%  433K 81s
188050K .......... .......... .......... .......... .......... 76%  627K 81s
188100K .......... .......... .......... .......... .......... 76% 1.10M 81s
188150K .......... .......... .......... .......... .......... 77%  992K 81s
188200K .......... .......... .......... .......... .......... 77% 1.14M 81s
188250K .......... .......... .......... .......... .......... 77% 1.14M 80s
188300K .......... .......... .......... .......... .......... 77%  996K 80s
188350K .......... .......... .......... .......... .......... 77% 1.12M 80s
188400K .......... .......... .......... .......... .......... 77%  979K 80s
188450K .......... .......... .......... .......... .......... 77% 1.10M 80s
188500K .......... .......... .......... .......... .......... 77% 1.05M 80s
188550K .......... .......... .......... .......... .......... 77%  898K 80s
188600K .......... .......... .......... .......... .......... 77% 1.08M 80s
188650K .......... .......... .......... .......... .......... 77%  930K 80s
188700K .......... .......... .......... .......... .......... 77% 1.06M 80s
188750K .......... .......... .......... .......... .......... 77% 1.06M 80s
188800K .......... .......... .......... .......... .......... 77%  917K 80s
188850K .......... .......... .......... .......... .......... 77% 1.04M 80s
188900K .......... .......... .......... .......... .......... 77%  905K 79s
188950K .......... .......... .......... .......... .......... 77% 1.03M 79s
189000K .......... .......... .......... .......... .......... 77% 1.01M 79s
189050K .......... .......... .......... .......... .......... 77%  884K 79s
189100K .......... .......... .......... .......... .......... 77% 1.00M 79s
189150K .......... .......... .......... .......... .......... 77%  875K 79s
189200K .......... .......... .......... .......... .......... 77% 1010K 79s
189250K .......... .......... .......... .......... .......... 77% 1005K 79s
189300K .......... .......... .......... .......... .......... 77%  853K 79s
189350K .......... .......... .......... .......... .......... 77%  992K 79s
189400K .......... .......... .......... .......... .......... 77%  844K 79s
189450K .......... .......... .......... .......... .......... 77%  981K 79s
189500K .......... .......... .......... .......... .......... 77%  966K 79s
189550K .......... .......... .......... .......... .......... 77%  825K 78s
189600K .......... .......... .......... .......... .......... 77%  958K 78s
189650K .......... .......... .......... .......... .......... 77%  817K 78s
189700K .......... .......... .......... .......... .......... 77%  943K 78s
189750K .......... .......... .......... .......... .......... 77%  940K 78s
189800K .......... .......... .......... .......... .......... 77%  802K 78s
189850K .......... .......... .......... .......... .......... 77%  928K 78s
189900K .......... .......... .......... .......... .......... 77%  773K 78s
189950K .......... .......... .......... .......... .......... 77%  917K 78s
190000K .......... .......... .......... .......... .......... 77%  909K 78s
190050K .......... .......... .......... .......... .......... 77%  775K 78s
190100K .......... .......... .......... .......... .......... 77%  901K 78s
190150K .......... .......... .......... .......... .......... 77%  765K 78s
190200K .......... .......... .......... .......... .......... 77%  888K 77s
190250K .......... .......... .......... .......... .......... 77%  881K 77s
190300K .......... .......... .......... .......... .......... 77%  753K 77s
190350K .......... .......... .......... .......... .......... 77%  872K 77s
190400K .......... .......... .......... .......... .......... 77%  743K 77s
190450K .......... .......... .......... .......... .......... 77%  863K 77s
190500K .......... .......... .......... .......... .......... 77%  856K 77s
190550K .......... .......... .......... .......... .......... 77%  729K 77s
190600K .......... .......... .......... .......... .......... 78%  847K 77s
190650K .......... .......... .......... .......... .......... 78%  723K 77s
190700K .......... .......... .......... .......... .......... 78%  834K 77s
190750K .......... .......... .......... .......... .......... 78%  834K 77s
190800K .......... .......... .......... .......... .......... 78%  710K 77s
190850K .......... .......... .......... .......... .......... 78%  820K 77s
190900K .......... .......... .......... .......... .......... 78%  700K 76s
190950K .......... .......... .......... .......... .......... 78%  818K 76s
191000K .......... .......... .......... .......... .......... 78%  806K 76s
191050K .......... .......... .......... .......... .......... 78%  691K 76s
191100K .......... .......... .......... .......... .......... 78%  788K 76s
191150K .......... .......... .......... .......... .......... 78%  682K 76s
191200K .......... .......... .......... .......... .......... 78%  785K 76s
191250K .......... .......... .......... .......... .......... 78%  792K 76s
191300K .......... .......... .......... .......... .......... 78%  675K 76s
191350K .......... .......... .......... .......... .......... 78%  773K 76s
191400K .......... .......... .......... .......... .......... 78%  668K 76s
191450K .......... .......... .......... .......... .......... 78%  772K 76s
191500K .......... .......... .......... .......... .......... 78%  765K 76s
191550K .......... .......... .......... .......... .......... 78%  653K 75s
191600K .......... .......... .......... .......... .......... 78%  760K 75s
191650K .......... .......... .......... .......... .......... 78%  645K 75s
191700K .......... .......... .......... .......... .......... 78%  749K 75s
191750K .......... .......... .......... .......... .......... 78%  743K 75s
191800K .......... .......... .......... .......... .......... 78%  641K 75s
191850K .......... .......... .......... .......... .......... 78%  738K 75s
191900K .......... .......... .......... .......... .......... 78%  632K 75s
191950K .......... .......... .......... .......... .......... 78%  733K 75s
192000K .......... .......... .......... .......... .......... 78%  709K 75s
192050K .......... .......... .......... .......... .......... 78%  635K 75s
192100K .......... .......... .......... .......... .......... 78%  713K 75s
192150K .......... .......... .......... .......... .......... 78%  615K 75s
192200K .......... .......... .......... .......... .......... 78%  714K 75s
192250K .......... .......... .......... .......... .......... 78%  712K 74s
192300K .......... .......... .......... .......... .......... 78%  606K 74s
192350K .......... .......... .......... .......... .......... 78%  703K 74s
192400K .......... .......... .......... .......... .......... 78%  600K 74s
192450K .......... .......... .......... .......... .......... 78%  694K 74s
192500K .......... .......... .......... .......... .......... 78%  694K 74s
192550K .......... .......... .......... .......... .......... 78%  590K 74s
192600K .......... .......... .......... .......... .......... 78%  687K 74s
192650K .......... .......... .......... .......... .......... 78%  587K 74s
192700K .......... .......... .......... .......... .......... 78%  673K 74s
192750K .......... .......... .......... .......... .......... 78%  681K 74s
192800K .......... .......... .......... .......... .......... 78%  578K 74s
192850K .......... .......... .......... .......... .......... 78%  670K 74s
192900K .......... .......... .......... .......... .......... 78%  572K 74s
192950K .......... .......... .......... .......... .......... 78%  666K 74s
193000K .......... .......... .......... .......... .......... 78%  658K 73s
193050K .......... .......... .......... .......... .......... 79%  560K 73s
193100K .......... .......... .......... .......... .......... 79%  656K 73s
193150K .......... .......... .......... .......... .......... 79%  560K 73s
193200K .......... .......... .......... .......... .......... 79%  648K 73s
193250K .......... .......... .......... .......... .......... 79%  648K 73s
193300K .......... .......... .......... .......... .......... 79%  555K 73s
193350K .......... .......... .......... .......... .......... 79%  636K 73s
193400K .......... .......... .......... .......... .......... 79%  547K 73s
193450K .......... .......... .......... .......... .......... 79%  639K 73s
193500K .......... .......... .......... .......... .......... 79%  634K 73s
193550K .......... .......... .......... .......... .......... 79%  540K 73s
193600K .......... .......... .......... .......... .......... 79%  628K 73s
193650K .......... .......... .......... .......... .......... 79%  532K 73s
193700K .......... .......... .......... .......... .......... 79%  623K 72s
193750K .......... .......... .......... .......... .......... 79%  624K 72s
193800K .......... .......... .......... .......... .......... 79%  528K 72s
193850K .......... .......... .......... .......... .......... 79%  612K 72s
193900K .......... .......... .......... .......... .......... 79%  526K 72s
193950K .......... .......... .......... .......... .......... 79%  603K 72s
194000K .......... .......... .......... .......... .......... 79%  606K 72s
194050K .......... .......... .......... .......... .......... 79%  517K 72s
194100K .......... .......... .......... .......... .......... 79%  600K 72s
194150K .......... .......... .......... .......... .......... 79%  514K 72s
194200K .......... .......... .......... .......... .......... 79%  596K 72s
194250K .......... .......... .......... .......... .......... 79%  597K 72s
194300K .......... .......... .......... .......... .......... 79%  505K 72s
194350K .......... .......... .......... .......... .......... 79%  590K 72s
194400K .......... .......... .......... .......... .......... 79%  504K 72s
194450K .......... .......... .......... .......... .......... 79%  585K 71s
194500K .......... .......... .......... .......... .......... 79%  580K 71s
194550K .......... .......... .......... .......... .......... 79%  497K 71s
194600K .......... .......... .......... .......... .......... 79%  565K 71s
194650K .......... .......... .......... .......... .......... 79%  505K 71s
194700K .......... .......... .......... .......... .......... 79%  570K 71s
194750K .......... .......... .......... .......... .......... 79%  565K 71s
194800K .......... .......... .......... .......... .......... 79%  490K 71s
194850K .......... .......... .......... .......... .......... 79%  566K 71s
194900K .......... .......... .......... .......... .......... 79%  484K 71s
194950K .......... .......... .......... .......... .......... 79%  563K 71s
195000K .......... .......... .......... .......... .......... 79%  555K 71s
195050K .......... .......... .......... .......... .......... 79%  478K 71s
195100K .......... .......... .......... .......... .......... 79%  560K 71s
195150K .......... .......... .......... .......... .......... 79%  472K 71s
195200K .......... .......... .......... .......... .......... 79%  550K 70s
195250K .......... .......... .......... .......... .......... 79%  555K 70s
195300K .......... .......... .......... .......... .......... 79%  469K 70s
195350K .......... .......... .......... .......... .......... 79%  543K 70s
195400K .......... .......... .......... .......... .......... 79%  467K 70s
195450K .......... .......... .......... .......... .......... 79%  541K 70s
195500K .......... .......... .......... .......... .......... 80%  537K 70s
195550K .......... .......... .......... .......... .......... 80%  457K 70s
195600K .......... .......... .......... .......... .......... 80%  536K 70s
195650K .......... .......... .......... .......... .......... 80%  457K 70s
195700K .......... .......... .......... .......... .......... 80%  527K 70s
195750K .......... .......... .......... .......... .......... 80%  533K 70s
195800K .......... .......... .......... .......... .......... 80%  452K 70s
195850K .......... .......... .......... .......... .......... 80%  520K 70s
195900K .......... .......... .......... .......... .......... 80%  452K 70s
195950K .......... .......... .......... .......... .......... 80%  523K 70s
196000K .......... .......... .......... .......... .......... 80%  520K 69s
196050K .......... .......... .......... .......... .......... 80%  443K 69s
196100K .......... .......... .......... .......... .......... 80%  517K 69s
196150K .......... .......... .......... .......... .......... 80%  442K 69s
196200K .......... .......... .......... .......... .......... 80%  511K 69s
196250K .......... .......... .......... .......... .......... 80%  506K 69s
196300K .......... .......... .......... .......... .......... 80%  435K 69s
196350K .......... .......... .......... .......... .......... 80%  504K 69s
196400K .......... .......... .......... .......... .......... 80%  434K 69s
196450K .......... .......... .......... .......... .......... 80%  507K 69s
196500K .......... .......... .......... .......... .......... 80%  501K 69s
196550K .......... .......... .......... .......... .......... 80%  427K 69s
196600K .......... .......... .......... .......... .......... 80%  502K 69s
196650K .......... .......... .......... .......... .......... 80%  423K 69s
196700K .......... .......... .......... .......... .......... 80%  496K 69s
196750K .......... .......... .......... .......... .......... 80%  493K 68s
196800K .......... .......... .......... .......... .......... 80%  422K 68s
196850K .......... .......... .......... .......... .......... 80%  488K 68s
196900K .......... .......... .......... .......... .......... 80%  416K 68s
196950K .......... .......... .......... .......... .......... 80%  484K 68s
197000K .......... .......... .......... .......... .......... 80%  486K 68s
197050K .......... .......... .......... .......... .......... 80%  412K 68s
197100K .......... .......... .......... .......... .......... 80%  486K 68s
197150K .......... .......... .......... .......... .......... 80%  411K 68s
197200K .......... .......... .......... .......... .......... 80%  478K 68s
197250K .......... .......... .......... .......... .......... 80%  477K 68s
197300K .......... .......... .......... .......... .......... 80%  409K 68s
197350K .......... .......... .......... .......... .......... 80%  474K 68s
197400K .......... .......... .......... .......... .......... 80%  404K 68s
197450K .......... .......... .......... .......... .......... 80%  473K 68s
197500K .......... .......... .......... .......... .......... 80%  468K 68s
197550K .......... .......... .......... .......... .......... 80%  399K 67s
197600K .......... .......... .......... .......... .......... 80%  462K 67s
197650K .......... .......... .......... .......... .......... 80%  398K 67s
197700K .......... .......... .......... .......... .......... 80%  462K 67s
197750K .......... .......... .......... .......... .......... 80%  463K 67s
197800K .......... .......... .......... .......... .......... 80%  396K 67s
197850K .......... .......... .......... .......... .......... 80%  456K 67s
197900K .......... .......... .......... .......... .......... 80%  394K 67s
197950K .......... .......... .......... .......... .......... 81%  455K 67s
198000K .......... .......... .......... .......... .......... 81%  454K 67s
198050K .......... .......... .......... .......... .......... 81%  389K 67s
198100K .......... .......... .......... .......... .......... 81%  452K 67s
198150K .......... .......... .......... .......... .......... 81%  385K 67s
198200K .......... .......... .......... .......... .......... 81%  448K 67s
198250K .......... .......... .......... .......... .......... 81%  444K 67s
198300K .......... .......... .......... .......... .......... 81%  383K 67s
198350K .......... .......... .......... .......... .......... 81%  442K 67s
198400K .......... .......... .......... .......... .......... 81%  381K 66s
198450K .......... .......... .......... .......... .......... 81%  440K 66s
198500K .......... .......... .......... .......... .......... 81%  442K 66s
198550K .......... .......... .......... .......... .......... 81%  377K 66s
198600K .......... .......... .......... .......... .......... 81%  437K 66s
198650K .......... .......... .......... .......... .......... 81%  375K 66s
198700K .......... .......... .......... .......... .......... 81%  435K 66s
198750K .......... .......... .......... .......... .......... 81%  435K 66s
198800K .......... .......... .......... .......... .......... 81%  391K 66s
198850K .......... .......... .......... .......... .......... 81% 3.40M 66s
198900K .......... .......... .......... .......... .......... 81% 2.94M 66s
198950K .......... .......... .......... .......... .......... 81% 3.25M 66s
199000K .......... .......... .......... .......... .......... 81% 2.91M 66s
199050K .......... .......... .......... .......... .......... 81% 2.69M 66s
199100K .......... .......... .......... .......... .......... 81% 2.97M 65s
199150K .......... .......... .......... .......... .......... 81% 2.44M 65s
199200K .......... .......... .......... .......... .......... 81% 2.90M 65s
199250K .......... .......... .......... .......... .......... 81% 2.80M 65s
199300K .......... .......... .......... .......... .......... 81% 2.42M 65s
199350K .......... .......... .......... .......... .......... 81% 2.84M 65s
199400K .......... .......... .......... .......... .......... 81% 2.39M 65s
199450K .......... .......... .......... .......... .......... 81% 2.73M 65s
199500K .......... .......... .......... .......... .......... 81% 2.69M 65s
199550K .......... .......... .......... .......... .......... 81% 2.26M 65s
199600K .......... .......... .......... .......... .......... 81% 2.61M 65s
199650K .......... .......... .......... .......... .......... 81% 2.16M 65s
199700K .......... .......... .......... .......... .......... 81% 2.50M 64s
199750K .......... .......... .......... .......... .......... 81% 2.48M 64s
199800K .......... .......... .......... .......... .......... 81% 2.09M 64s
199850K .......... .......... .......... .......... .......... 81% 2.36M 64s
199900K .......... .......... .......... .......... .......... 81% 1.98M 64s
199950K .......... .......... .......... .......... .......... 81% 2.36M 64s
200000K .......... .......... .......... .......... .......... 81% 2.24M 64s
200050K .......... .......... .......... .......... .......... 81% 1.91M 64s
200100K .......... .......... .......... .......... .......... 81% 2.20M 64s
200150K .......... .......... .......... .......... .......... 81% 1.85M 64s
200200K .......... .......... .......... .......... .......... 81% 2.10M 64s
200250K .......... .......... .......... .......... .......... 81% 2.11M 64s
200300K .......... .......... .......... .......... .......... 81% 1.77M 63s
200350K .......... .......... .......... .......... .......... 81% 2.02M 63s
200400K .......... .......... .......... .......... .......... 82% 1.72M 63s
200450K .......... .......... .......... .......... .......... 82% 1.84M 63s
200500K .......... .......... .......... .......... .......... 82% 1.95M 63s
200550K .......... .......... .......... .......... .......... 82% 1.64M 63s
200600K .......... .......... .......... .......... .......... 82% 1.91M 63s
200650K .......... .......... .......... .......... .......... 82% 1.61M 63s
200700K .......... .......... .......... .......... .......... 82% 1.84M 63s
200750K .......... .......... .......... .......... .......... 82% 1.83M 63s
200800K .......... .......... .......... .......... .......... 82% 1.54M 63s
200850K .......... .......... .......... .......... .......... 82% 1.76M 63s
200900K .......... .......... .......... .......... .......... 82% 1.51M 62s
200950K .......... .......... .......... .......... .......... 82% 1.72M 62s
201000K .......... .......... .......... .......... .......... 82% 1.70M 62s
201050K .......... .......... .......... .......... .......... 82% 1.44M 62s
201100K .......... .......... .......... .......... .......... 82% 1.68M 62s
201150K .......... .......... .......... .......... .......... 82% 1.41M 62s
201200K .......... .......... .......... .......... .......... 82% 1.63M 62s
201250K .......... .......... .......... .......... .......... 82% 1.62M 62s
201300K .......... .......... .......... .......... .......... 82% 1.37M 62s
201350K .......... .......... .......... .......... .......... 82% 1.57M 62s
201400K .......... .......... .......... .......... .......... 82% 1.34M 62s
201450K .......... .......... .......... .......... .......... 82% 1.55M 62s
201500K .......... .......... .......... .......... .......... 82% 1.52M 61s
201550K .......... .......... .......... .......... .......... 82% 1.30M 61s
201600K .......... .......... .......... .......... .......... 82% 1.49M 61s
201650K .......... .......... .......... .......... .......... 82% 1.27M 61s
201700K .......... .......... .......... .......... .......... 82% 1.46M 61s
201750K .......... .......... .......... .......... .......... 82% 1.45M 61s
201800K .......... .......... .......... .......... .......... 82% 1.20M 61s
201850K .......... .......... .......... .......... .......... 82% 1.41M 61s
201900K .......... .......... .......... .......... .......... 82% 1.21M 61s
201950K .......... .......... .......... .......... .......... 82% 1.39M 61s
202000K .......... .......... .......... .......... .......... 82% 1.38M 61s
202050K .......... .......... .......... .......... .......... 82% 1.17M 61s
202100K .......... .......... .......... .......... .......... 82% 1.36M 61s
202150K .......... .......... .......... .......... .......... 82% 1.15M 60s
202200K .......... .......... .......... .......... .......... 82% 1.32M 60s
202250K .......... .......... .......... .......... .......... 82% 1.32M 60s
202300K .......... .......... .......... .......... .......... 82% 1.12M 60s
202350K .......... .......... .......... .......... .......... 82% 1.29M 60s
202400K .......... .......... .......... .......... .......... 82% 1.10M 60s
202450K .......... .......... .......... .......... .......... 82% 1.27M 60s
202500K .......... .......... .......... .......... .......... 82% 1.26M 60s
202550K .......... .......... .......... .......... .......... 82% 1.07M 60s
202600K .......... .......... .......... .......... .......... 82% 1.24M 60s
202650K .......... .......... .......... .......... .......... 82% 1.05M 60s
202700K .......... .......... .......... .......... .......... 82% 1.21M 60s
202750K .......... .......... .......... .......... .......... 82% 1.21M 60s
202800K .......... .......... .......... .......... .......... 83% 1.03M 59s
202850K .......... .......... .......... .......... .......... 83% 1.18M 59s
202900K .......... .......... .......... .......... .......... 83% 1.01M 59s
202950K .......... .......... .......... .......... .......... 83% 1.17M 59s
203000K .......... .......... .......... .......... .......... 83% 1.15M 59s
203050K .......... .......... .......... .......... .......... 83% 1005K 59s
203100K .......... .......... .......... .......... .......... 83% 1.13M 59s
203150K .......... .......... .......... .......... .......... 83%  991K 59s
203200K .......... .......... .......... .......... .......... 83% 1.11M 59s
203250K .......... .......... .......... .......... .......... 83% 1.11M 59s
203300K .......... .......... .......... .......... .......... 83%  967K 59s
203350K .......... .......... .......... .......... .......... 83% 1.09M 59s
203400K .......... .......... .......... .......... .......... 83%  951K 59s
203450K .......... .......... .......... .......... .......... 83% 1.08M 58s
203500K .......... .......... .......... .......... .......... 83% 1.06M 58s
203550K .......... .......... .......... .......... .......... 83%  915K 58s
203600K .......... .......... .......... .......... .......... 83% 1.05M 58s
203650K .......... .......... .......... .......... .......... 83%  914K 58s
203700K .......... .......... .......... .......... .......... 83% 1.03M 58s
203750K .......... .......... .......... .......... .......... 83% 1.03M 58s
203800K .......... .......... .......... .......... .......... 83%  897K 58s
203850K .......... .......... .......... .......... .......... 83% 1.01M 58s
203900K .......... .......... .......... .......... .......... 83%  886K 58s
203950K .......... .......... .......... .......... .......... 83% 1.00M 58s
204000K .......... .......... .......... .......... .......... 83% 1011K 58s
204050K .......... .......... .......... .......... .......... 83%  866K 58s
204100K .......... .......... .......... .......... .......... 83% 1005K 57s
204150K .......... .......... .......... .......... .......... 83%  851K 57s
204200K .......... .......... .......... .......... .......... 83%  987K 57s
204250K .......... .......... .......... .......... .......... 83%  980K 57s
204300K .......... .......... .......... .......... .......... 83%  839K 57s
204350K .......... .......... .......... .......... .......... 83%  962K 57s
204400K .......... .......... .......... .......... .......... 83%  825K 57s
204450K .......... .......... .......... .......... .......... 83%  958K 57s
204500K .......... .......... .......... .......... .......... 83%  944K 57s
204550K .......... .......... .......... .......... .......... 83%  812K 57s
204600K .......... .......... .......... .......... .......... 83%  934K 57s
204650K .......... .......... .......... .......... .......... 83%  801K 57s
204700K .......... .......... .......... .......... .......... 83%  927K 57s
204750K .......... .......... .......... .......... .......... 83%  788K 57s
204800K .......... .......... .......... .......... .......... 83%  914K 56s
204850K .......... .......... .......... .......... .......... 83%  907K 56s
204900K .......... .......... .......... .......... .......... 83%  595K 56s
204950K .......... .......... .......... .......... .......... 83%  896K 56s
205000K .......... .......... .......... .......... .......... 83%  764K 56s
205050K .......... .......... .......... .......... .......... 83%  879K 56s
205100K .......... .......... .......... .......... .......... 83%  880K 56s
205150K .......... .......... .......... .......... .......... 83%  750K 56s
205200K .......... .......... .......... .......... .......... 83%  870K 56s
205250K .......... .......... .......... .......... .......... 84%  743K 56s
205300K .......... .......... .......... .......... .......... 84%  858K 56s
205350K .......... .......... .......... .......... .......... 84%  850K 56s
205400K .......... .......... .......... .......... .......... 84%  733K 56s
205450K .......... .......... .......... .......... .......... 84%  841K 55s
205500K .......... .......... .......... .......... .......... 84%  721K 55s
205550K .......... .......... .......... .......... .......... 84%  833K 55s
205600K .......... .......... .......... .......... .......... 84%  832K 55s
205650K .......... .......... .......... .......... .......... 84%  709K 55s
205700K .......... .......... .......... .......... .......... 84%  821K 55s
205750K .......... .......... .......... .......... .......... 84%  700K 55s
205800K .......... .......... .......... .......... .......... 84%  812K 55s
205850K .......... .......... .......... .......... .......... 84%  808K 55s
205900K .......... .......... .......... .......... .......... 84%  688K 55s
205950K .......... .......... .......... .......... .......... 84%  792K 55s
206000K .......... .......... .......... .......... .......... 84%  684K 55s
206050K .......... .......... .......... .......... .......... 84%  751K 55s
206100K .......... .......... .......... .......... .......... 84%  752K 55s
206150K .......... .......... .......... .......... .......... 84%  668K 54s
206200K .......... .......... .......... .......... .......... 84%  778K 54s
206250K .......... .......... .......... .......... .......... 84%  664K 54s
206300K .......... .......... .......... .......... .......... 84%  765K 54s
206350K .......... .......... .......... .......... .......... 84%  765K 54s
206400K .......... .......... .......... .......... .......... 84%  655K 54s
206450K .......... .......... .......... .......... .......... 84%  756K 54s
206500K .......... .......... .......... .......... .......... 84%  644K 54s
206550K .......... .......... .......... .......... .......... 84%  750K 54s
206600K .......... .......... .......... .......... .......... 84%  744K 54s
206650K .......... .......... .......... .......... .......... 84%  635K 54s
206700K .......... .......... .......... .......... .......... 84%  739K 54s
206750K .......... .......... .......... .......... .......... 84%  630K 54s
206800K .......... .......... .......... .......... .......... 84%  726K 54s
206850K .......... .......... .......... .......... .......... 84%  726K 53s
206900K .......... .......... .......... .......... .......... 84%  617K 53s
206950K .......... .......... .......... .......... .......... 84%  721K 53s
207000K .......... .......... .......... .......... .......... 84%  616K 53s
207050K .......... .......... .......... .......... .......... 84%  713K 53s
207100K .......... .......... .......... .......... .......... 84%  695K 53s
207150K .......... .......... .......... .......... .......... 84%  604K 53s
207200K .......... .......... .......... .......... .......... 84%  703K 53s
207250K .......... .......... .......... .......... .......... 84%  600K 53s
207300K .......... .......... .......... .......... .......... 84%  695K 53s
207350K .......... .......... .......... .......... .......... 84%  692K 53s
207400K .......... .......... .......... .......... .......... 84%  590K 53s
207450K .......... .......... .......... .......... .......... 84%  685K 53s
207500K .......... .......... .......... .......... .......... 84%  584K 53s
207550K .......... .......... .......... .......... .......... 84%  680K 52s
207600K .......... .......... .......... .......... .......... 84%  666K 52s
207650K .......... .......... .......... .......... .......... 84%  582K 52s
207700K .......... .......... .......... .......... .......... 85%  671K 52s
207750K .......... .......... .......... .......... .......... 85%  572K 52s
207800K .......... .......... .......... .......... .......... 85%  662K 52s
207850K .......... .......... .......... .......... .......... 85%  659K 52s
207900K .......... .......... .......... .......... .......... 85%  564K 52s
207950K .......... .......... .......... .......... .......... 85%  653K 52s
208000K .......... .......... .......... .......... .......... 85%  552K 52s
208050K .......... .......... .......... .......... .......... 85%  650K 52s
208100K .......... .......... .......... .......... .......... 85%  645K 52s
208150K .......... .......... .......... .......... .......... 85%  550K 52s
208200K .......... .......... .......... .......... .......... 85%  641K 52s
208250K .......... .......... .......... .......... .......... 85%  547K 52s
208300K .......... .......... .......... .......... .......... 85%  631K 51s
208350K .......... .......... .......... .......... .......... 85%  634K 51s
208400K .......... .......... .......... .......... .......... 85%  540K 51s
208450K .......... .......... .......... .......... .......... 85%  622K 51s
208500K .......... .......... .......... .......... .......... 85%  535K 51s
208550K .......... .......... .......... .......... .......... 85%  624K 51s
208600K .......... .......... .......... .......... .......... 85%  620K 51s
208650K .......... .......... .......... .......... .......... 85%  525K 51s
208700K .......... .......... .......... .......... .......... 85%  615K 51s
208750K .......... .......... .......... .......... .......... 85%  525K 51s
208800K .......... .......... .......... .......... .......... 85%  607K 51s
208850K .......... .......... .......... .......... .......... 85%  604K 51s
208900K .......... .......... .......... .......... .......... 85%  512K 51s
208950K .......... .......... .......... .......... .......... 85%  600K 51s
209000K .......... .......... .......... .......... .......... 85%  512K 50s
209050K .......... .......... .......... .......... .......... 85%  596K 50s
209100K .......... .......... .......... .......... .......... 85%  594K 50s
209150K .......... .......... .......... .......... .......... 85%  499K 50s
209200K .......... .......... .......... .......... .......... 85%  592K 50s
209250K .......... .......... .......... .......... .......... 85%  502K 50s
209300K .......... .......... .......... .......... .......... 85%  584K 50s
209350K .......... .......... .......... .......... .......... 85%  580K 50s
209400K .......... .......... .......... .......... .......... 85%  498K 50s
209450K .......... .......... .......... .......... .......... 85%  576K 50s
209500K .......... .......... .......... .......... .......... 85%  491K 50s
209550K .......... .......... .......... .......... .......... 85%  573K 50s
209600K .......... .......... .......... .......... .......... 85%  570K 50s
209650K .......... .......... .......... .......... .......... 85%  485K 50s
209700K .......... .......... .......... .......... .......... 85%  560K 50s
209750K .......... .......... .......... .......... .......... 85%  484K 49s
209800K .......... .......... .......... .......... .......... 85%  560K 49s
209850K .......... .......... .......... .......... .......... 85%  554K 49s
209900K .......... .......... .......... .......... .......... 85%  480K 49s
209950K .......... .......... .......... .......... .......... 85%  554K 49s
210000K .......... .......... .......... .......... .......... 85%  474K 49s
210050K .......... .......... .......... .......... .......... 85%  551K 49s
210100K .......... .......... .......... .......... .......... 85%  548K 49s
210150K .......... .......... .......... .......... .......... 86%  466K 49s
210200K .......... .......... .......... .......... .......... 86%  548K 49s
210250K .......... .......... .......... .......... .......... 86%  466K 49s
210300K .......... .......... .......... .......... .......... 86%  539K 49s
210350K .......... .......... .......... .......... .......... 86%  538K 49s
210400K .......... .......... .......... .......... .......... 86%  459K 49s
210450K .......... .......... .......... .......... .......... 86%  527K 49s
210500K .......... .......... .......... .......... .......... 86%  456K 48s
210550K .......... .......... .......... .......... .......... 86%  532K 48s
210600K .......... .......... .......... .......... .......... 86%  522K 48s
210650K .......... .......... .......... .......... .......... 86%  456K 48s
210700K .......... .......... .......... .......... .......... 86%  523K 48s
210750K .......... .......... .......... .......... .......... 86%  449K 48s
210800K .......... .......... .......... .......... .......... 86%  520K 48s
210850K .......... .......... .......... .......... .......... 86%  518K 48s
210900K .......... .......... .......... .......... .......... 86%  444K 48s
210950K .......... .......... .......... .......... .......... 86%  513K 48s
211000K .......... .......... .......... .......... .......... 86%  440K 48s
211050K .......... .......... .......... .......... .......... 86%  513K 48s
211100K .......... .......... .......... .......... .......... 86%  506K 48s
211150K .......... .......... .......... .......... .......... 86%  433K 48s
211200K .......... .......... .......... .......... .......... 86%  508K 48s
211250K .......... .......... .......... .......... .......... 86%  434K 47s
211300K .......... .......... .......... .......... .......... 86%  501K 47s
211350K .......... .......... .......... .......... .......... 86%  501K 47s
211400K .......... .......... .......... .......... .......... 86%  429K 47s
211450K .......... .......... .......... .......... .......... 86%  497K 47s
211500K .......... .......... .......... .......... .......... 86%  425K 47s
211550K .......... .......... .......... .......... .......... 86%  494K 47s
211600K .......... .......... .......... .......... .......... 86%  493K 47s
211650K .......... .......... .......... .......... .......... 86%  418K 47s
211700K .......... .......... .......... .......... .......... 86%  491K 47s
211750K .......... .......... .......... .......... .......... 86%  419K 47s
211800K .......... .......... .......... .......... .......... 86%  484K 47s
211850K .......... .......... .......... .......... .......... 86%  479K 47s
211900K .......... .......... .......... .......... .......... 86%  415K 47s
211950K .......... .......... .......... .......... .......... 86%  481K 47s
212000K .......... .......... .......... .......... .......... 86%  408K 46s
212050K .......... .......... .......... .......... .......... 86%  478K 46s
212100K .......... .......... .......... .......... .......... 86%  477K 46s
212150K .......... .......... .......... .......... .......... 86%  409K 46s
212200K .......... .......... .......... .......... .......... 86%  474K 46s
212250K .......... .......... .......... .......... .......... 86%  404K 46s
212300K .......... .......... .......... .......... .......... 86%  470K 46s
212350K .......... .......... .......... .......... .......... 86%  469K 46s
212400K .......... .......... .......... .......... .......... 86%  401K 46s
212450K .......... .......... .......... .......... .......... 86%  466K 46s
212500K .......... .......... .......... .......... .......... 86%  392K 46s
212550K .......... .......... .......... .......... .......... 86%  461K 46s
212600K .......... .......... .......... .......... .......... 87%  463K 46s
212650K .......... .......... .......... .......... .......... 87%  392K 46s
212700K .......... .......... .......... .......... .......... 87%  457K 46s
212750K .......... .......... .......... .......... .......... 87%  394K 45s
212800K .......... .......... .......... .......... .......... 87%  454K 45s
212850K .......... .......... .......... .......... .......... 87%  454K 45s
212900K .......... .......... .......... .......... .......... 87%  387K 45s
212950K .......... .......... .......... .......... .......... 87%  451K 45s
213000K .......... .......... .......... .......... .......... 87%  385K 45s
213050K .......... .......... .......... .......... .......... 87%  448K 45s
213100K .......... .......... .......... .......... .......... 87%  449K 45s
213150K .......... .......... .......... .......... .......... 87%  377K 45s
213200K .......... .......... .......... .......... .......... 87%  446K 45s
213250K .......... .......... .......... .......... .......... 87%  378K 45s
213300K .......... .......... .......... .......... .......... 87%  439K 45s
213350K .......... .......... .......... .......... .......... 87%  439K 45s
213400K .......... .......... .......... .......... .......... 87%  377K 45s
213450K .......... .......... .......... .......... .......... 87%  437K 45s
213500K .......... .......... .......... .......... .......... 87%  375K 45s
213550K .......... .......... .......... .......... .......... 87%  435K 44s
213600K .......... .......... .......... .......... .......... 87%  431K 44s
213650K .......... .......... .......... .......... .......... 87%  619K 44s
213700K .......... .......... .......... .......... .......... 87% 2.28M 44s
213750K .......... .......... .......... .......... .......... 87% 2.25M 44s
213800K .......... .......... .......... .......... .......... 87% 3.08M 44s
213850K .......... .......... .......... .......... .......... 87% 3.16M 44s
213900K .......... .......... .......... .......... .......... 87% 2.68M 44s
213950K .......... .......... .......... .......... .......... 87% 2.92M 44s
214000K .......... .......... .......... .......... .......... 87% 2.48M 44s
214050K .......... .......... .......... .......... .......... 87% 2.92M 44s
214100K .......... .......... .......... .......... .......... 87% 2.90M 44s
214150K .......... .......... .......... .......... .......... 87% 2.45M 44s
214200K .......... .......... .......... .......... .......... 87% 2.80M 43s
214250K .......... .......... .......... .......... .......... 87% 2.42M 43s
214300K .......... .......... .......... .......... .......... 87% 2.53M 43s
214350K .......... .......... .......... .......... .......... 87% 2.67M 43s
214400K .......... .......... .......... .......... .......... 87% 2.24M 43s
214450K .......... .......... .......... .......... .......... 87% 2.56M 43s
214500K .......... .......... .......... .......... .......... 87% 2.16M 43s
214550K .......... .......... .......... .......... .......... 87% 2.48M 43s
214600K .......... .......... .......... .......... .......... 87% 2.45M 43s
214650K .......... .......... .......... .......... .......... 87% 2.03M 43s
214700K .......... .......... .......... .......... .......... 87% 2.36M 43s
214750K .......... .......... .......... .......... .......... 87% 1.99M 43s
214800K .......... .......... .......... .......... .......... 87% 2.27M 42s
214850K .......... .......... .......... .......... .......... 87% 2.22M 42s
214900K .......... .......... .......... .......... .......... 87% 1.92M 42s
214950K .......... .......... .......... .......... .......... 87% 2.16M 42s
215000K .......... .......... .......... .......... .......... 87% 1.84M 42s
215050K .......... .......... .......... .......... .......... 88% 2.10M 42s
215100K .......... .......... .......... .......... .......... 88% 2.08M 42s
215150K .......... .......... .......... .......... .......... 88% 1.76M 42s
215200K .......... .......... .......... .......... .......... 88% 2.01M 42s
215250K .......... .......... .......... .......... .......... 88% 1.72M 42s
215300K .......... .......... .......... .......... .......... 88% 1.96M 42s
215350K .......... .......... .......... .......... .......... 88% 1.93M 42s
215400K .......... .......... .......... .......... .......... 88% 1.64M 42s
215450K .......... .......... .......... .......... .......... 88% 1.84M 41s
215500K .......... .......... .......... .......... .......... 88% 1.59M 41s
215550K .......... .......... .......... .......... .......... 88% 1.84M 41s
215600K .......... .......... .......... .......... .......... 88% 1.82M 41s
215650K .......... .......... .......... .......... .......... 88% 1.52M 41s
215700K .......... .......... .......... .......... .......... 88% 1.78M 41s
215750K .......... .......... .......... .......... .......... 88% 1.50M 41s
215800K .......... .......... .......... .......... .......... 88% 1.72M 41s
215850K .......... .......... .......... .......... .......... 88% 1.71M 41s
215900K .......... .......... .......... .......... .......... 88% 1.45M 41s
215950K .......... .......... .......... .......... .......... 88% 1.65M 41s
216000K .......... .......... .......... .......... .......... 88% 1.41M 41s
216050K .......... .......... .......... .......... .......... 88% 1.63M 41s
216100K .......... .......... .......... .......... .......... 88% 1.61M 40s
216150K .......... .......... .......... .......... .......... 88% 1.35M 40s
216200K .......... .......... .......... .......... .......... 88% 1.57M 40s
216250K .......... .......... .......... .......... .......... 88% 1.34M 40s
216300K .......... .......... .......... .......... .......... 88% 1.53M 40s
216350K .......... .......... .......... .......... .......... 88% 1.52M 40s
216400K .......... .......... .......... .......... .......... 88% 1.29M 40s
216450K .......... .......... .......... .......... .......... 88% 1.49M 40s
216500K .......... .......... .......... .......... .......... 88% 1.26M 40s
216550K .......... .......... .......... .......... .......... 88% 1.46M 40s
216600K .......... .......... .......... .......... .......... 88% 1.44M 40s
216650K .......... .......... .......... .......... .......... 88% 1.22M 40s
216700K .......... .......... .......... .......... .......... 88% 1.42M 40s
216750K .......... .......... .......... .......... .......... 88% 1.20M 39s
216800K .......... .......... .......... .......... .......... 88% 1.38M 39s
216850K .......... .......... .......... .......... .......... 88% 1.34M 39s
216900K .......... .......... .......... .......... .......... 88% 1.17M 39s
216950K .......... .......... .......... .......... .......... 88% 1.34M 39s
217000K .......... .......... .......... .......... .......... 88% 1.14M 39s
217050K .......... .......... .......... .......... .......... 88% 1.32M 39s
217100K .......... .......... .......... .......... .......... 88% 1.31M 39s
217150K .......... .......... .......... .......... .......... 88% 1.10M 39s
217200K .......... .......... .......... .......... .......... 88% 1.29M 39s
217250K .......... .......... .......... .......... .......... 88% 1.10M 39s
217300K .......... .......... .......... .......... .......... 88% 1.24M 39s
217350K .......... .......... .......... .......... .......... 88% 1.26M 39s
217400K .......... .......... .......... .......... .......... 88% 1.07M 38s
217450K .......... .......... .......... .......... .......... 88% 1.22M 38s
217500K .......... .......... .......... .......... .......... 89% 1.05M 38s
217550K .......... .......... .......... .......... .......... 89% 1.21M 38s
217600K .......... .......... .......... .......... .......... 89% 1.20M 38s
217650K .......... .......... .......... .......... .......... 89% 1.02M 38s
217700K .......... .......... .......... .......... .......... 89% 1.18M 38s
217750K .......... .......... .......... .......... .......... 89% 1.01M 38s
217800K .......... .......... .......... .......... .......... 89% 1.16M 38s
217850K .......... .......... .......... .......... .......... 89% 1.15M 38s
217900K .......... .......... .......... .......... .......... 89% 1002K 38s
217950K .......... .......... .......... .......... .......... 89% 1.13M 38s
218000K .......... .......... .......... .......... .......... 89%  982K 38s
218050K .......... .......... .......... .......... .......... 89% 1.12M 38s
218100K .......... .......... .......... .......... .......... 89% 1.11M 37s
218150K .......... .......... .......... .......... .......... 89%  960K 37s
218200K .......... .......... .......... .......... .......... 89% 1.09M 37s
218250K .......... .......... .......... .......... .......... 89%  948K 37s
218300K .......... .......... .......... .......... .......... 89% 1.07M 37s
218350K .......... .......... .......... .......... .......... 89% 1.06M 37s
218400K .......... .......... .......... .......... .......... 89%  930K 37s
218450K .......... .......... .......... .......... .......... 89% 1.04M 37s
218500K .......... .......... .......... .......... .......... 89%  909K 37s
218550K .......... .......... .......... .......... .......... 89% 1.02M 37s
218600K .......... .......... .......... .......... .......... 89% 1.03M 37s
218650K .......... .......... .......... .......... .......... 89%  892K 37s
218700K .......... .......... .......... .......... .......... 89% 1.01M 37s
218750K .......... .......... .......... .......... .......... 89%  884K 36s
218800K .......... .......... .......... .......... .......... 89% 1020K 36s
218850K .......... .......... .......... .......... .......... 89% 1004K 36s
218900K .......... .......... .......... .......... .......... 89%  868K 36s
218950K .......... .......... .......... .......... .......... 89% 1002K 36s
219000K .......... .......... .......... .......... .......... 89%  852K 36s
219050K .......... .......... .......... .......... .......... 89%  989K 36s
219100K .......... .......... .......... .......... .......... 89%  976K 36s
219150K .......... .......... .......... .......... .......... 89%  834K 36s
219200K .......... .......... .......... .......... .......... 89%  970K 36s
219250K .......... .......... .......... .......... .......... 89%  824K 36s
219300K .......... .......... .......... .......... .......... 89%  931K 36s
219350K .......... .......... .......... .......... .......... 89%  967K 36s
219400K .......... .......... .......... .......... .......... 89%  809K 36s
219450K .......... .......... .......... .......... .......... 89%  931K 35s
219500K .......... .......... .......... .......... .......... 89%  800K 35s
219550K .......... .......... .......... .......... .......... 89%  925K 35s
219600K .......... .......... .......... .......... .......... 89%  918K 35s
219650K .......... .......... .......... .......... .......... 89%  779K 35s
219700K .......... .......... .......... .......... .......... 89%  908K 35s
219750K .......... .......... .......... .......... .......... 89%  771K 35s
219800K .......... .......... .......... .......... .......... 89%  890K 35s
219850K .......... .......... .......... .......... .......... 89%  886K 35s
219900K .......... .......... .......... .......... .......... 89%  747K 35s
219950K .......... .......... .......... .......... .......... 90%  876K 35s
220000K .......... .......... .......... .......... .......... 90%  746K 35s
220050K .......... .......... .......... .......... .......... 90%  872K 35s
220100K .......... .......... .......... .......... .......... 90%  862K 35s
220150K .......... .......... .......... .......... .......... 90%  734K 34s
220200K .......... .......... .......... .......... .......... 90%  853K 34s
220250K .......... .......... .......... .......... .......... 90%  727K 34s
220300K .......... .......... .......... .......... .......... 90%  841K 34s
220350K .......... .......... .......... .......... .......... 90%  836K 34s
220400K .......... .......... .......... .......... .......... 90%  715K 34s
220450K .......... .......... .......... .......... .......... 90%  826K 34s
220500K .......... .......... .......... .......... .......... 90%  704K 34s
220550K .......... .......... .......... .......... .......... 90%  820K 34s
220600K .......... .......... .......... .......... .......... 90%  812K 34s
220650K .......... .......... .......... .......... .......... 90%  694K 34s
220700K .......... .......... .......... .......... .......... 90%  806K 34s
220750K .......... .......... .......... .......... .......... 90%  687K 34s
220800K .......... .......... .......... .......... .......... 90%  794K 34s
220850K .......... .......... .......... .......... .......... 90%  793K 33s
220900K .......... .......... .......... .......... .......... 90%  677K 33s
220950K .......... .......... .......... .......... .......... 90%  781K 33s
221000K .......... .......... .......... .......... .......... 90%  657K 33s
221050K .......... .......... .......... .......... .......... 90%  776K 33s
221100K .......... .......... .......... .......... .......... 90%  773K 33s
221150K .......... .......... .......... .......... .......... 90%  655K 33s
221200K .......... .......... .......... .......... .......... 90%  765K 33s
221250K .......... .......... .......... .......... .......... 90%  651K 33s
221300K .......... .......... .......... .......... .......... 90%  752K 33s
221350K .......... .......... .......... .......... .......... 90%  751K 33s
221400K .......... .......... .......... .......... .......... 90%  636K 33s
221450K .......... .......... .......... .......... .......... 90%  741K 33s
221500K .......... .......... .......... .......... .......... 90%  634K 33s
221550K .......... .......... .......... .......... .......... 90%  737K 32s
221600K .......... .......... .......... .......... .......... 90%  732K 32s
221650K .......... .......... .......... .......... .......... 90%  624K 32s
221700K .......... .......... .......... .......... .......... 90%  724K 32s
221750K .......... .......... .......... .......... .......... 90%  619K 32s
221800K .......... .......... .......... .......... .......... 90%  715K 32s
221850K .......... .......... .......... .......... .......... 90%  715K 32s
221900K .......... .......... .......... .......... .......... 90%  609K 32s
221950K .......... .......... .......... .......... .......... 90%  707K 32s
222000K .......... .......... .......... .......... .......... 90%  603K 32s
222050K .......... .......... .......... .......... .......... 90%  690K 32s
222100K .......... .......... .......... .......... .......... 90%  699K 32s
222150K .......... .......... .......... .......... .......... 90%  593K 32s
222200K .......... .......... .......... .......... .......... 90%  689K 32s
222250K .......... .......... .......... .......... .......... 90%  590K 31s
222300K .......... .......... .......... .......... .......... 90%  682K 31s
222350K .......... .......... .......... .......... .......... 91%  681K 31s
222400K .......... .......... .......... .......... .......... 91%  581K 31s
222450K .......... .......... .......... .......... .......... 91%  673K 31s
222500K .......... .......... .......... .......... .......... 91%  574K 31s
222550K .......... .......... .......... .......... .......... 91%  669K 31s
222600K .......... .......... .......... .......... .......... 91%  666K 31s
222650K .......... .......... .......... .......... .......... 91%  567K 31s
222700K .......... .......... .......... .......... .......... 91%  657K 31s
222750K .......... .......... .......... .......... .......... 91%  563K 31s
222800K .......... .......... .......... .......... .......... 91%  652K 31s
222850K .......... .......... .......... .......... .......... 91%  650K 31s
222900K .......... .......... .......... .......... .......... 91%  555K 31s
222950K .......... .......... .......... .......... .......... 91%  636K 30s
223000K .......... .......... .......... .......... .......... 91%  549K 30s
223050K .......... .......... .......... .......... .......... 91%  639K 30s
223100K .......... .......... .......... .......... .......... 91%  636K 30s
223150K .......... .......... .......... .......... .......... 91%  541K 30s
223200K .......... .......... .......... .......... .......... 91%  632K 30s
223250K .......... .......... .......... .......... .......... 91%  536K 30s
223300K .......... .......... .......... .......... .......... 91%  627K 30s
223350K .......... .......... .......... .......... .......... 91%  622K 30s
223400K .......... .......... .......... .......... .......... 91%  531K 30s
223450K .......... .......... .......... .......... .......... 91%  616K 30s
223500K .......... .......... .......... .......... .......... 91%  525K 30s
223550K .......... .......... .......... .......... .......... 91%  615K 30s
223600K .......... .......... .......... .......... .......... 91%  607K 30s
223650K .......... .......... .......... .......... .......... 91%  521K 29s
223700K .......... .......... .......... .......... .......... 91%  604K 29s
223750K .......... .......... .......... .......... .......... 91%  516K 29s
223800K .......... .......... .......... .......... .......... 91%  589K 29s
223850K .......... .......... .......... .......... .......... 91%  595K 29s
223900K .......... .......... .......... .......... .......... 91%  511K 29s
223950K .......... .......... .......... .......... .......... 91%  592K 29s
224000K .......... .......... .......... .......... .......... 91%  505K 29s
224050K .......... .......... .......... .......... .......... 91%  589K 29s
224100K .......... .......... .......... .......... .......... 91%  584K 29s
224150K .......... .......... .......... .......... .......... 91%  498K 29s
224200K .......... .......... .......... .......... .......... 91%  577K 29s
224250K .......... .......... .......... .......... .......... 91%  498K 29s
224300K .......... .......... .......... .......... .......... 91%  569K 29s
224350K .......... .......... .......... .......... .......... 91%  577K 29s
224400K .......... .......... .......... .......... .......... 91%  489K 28s
224450K .......... .......... .......... .......... .......... 91%  568K 28s
224500K .......... .......... .......... .......... .......... 91%  487K 28s
224550K .......... .......... .......... .......... .......... 91%  566K 28s
224600K .......... .......... .......... .......... .......... 91%  562K 28s
224650K .......... .......... .......... .......... .......... 91%  475K 28s
224700K .......... .......... .......... .......... .......... 91%  558K 28s
224750K .......... .......... .......... .......... .......... 91%  476K 28s
224800K .......... .......... .......... .......... .......... 92%  552K 28s
224850K .......... .......... .......... .......... .......... 92%  554K 28s
224900K .......... .......... .......... .......... .......... 92%  470K 28s
224950K .......... .......... .......... .......... .......... 92%  547K 28s
225000K .......... .......... .......... .......... .......... 92%  468K 28s
225050K .......... .......... .......... .......... .......... 92%  543K 28s
225100K .......... .......... .......... .......... .......... 92%  542K 27s
225150K .......... .......... .......... .......... .......... 92%  462K 27s
225200K .......... .......... .......... .......... .......... 92%  538K 27s
225250K .......... .......... .......... .......... .......... 92%  459K 27s
225300K .......... .......... .......... .......... .......... 92%  531K 27s
225350K .......... .......... .......... .......... .......... 92%  532K 27s
225400K .......... .......... .......... .......... .......... 92%  435K 27s
225450K .......... .......... .......... .......... .......... 92%  522K 27s
225500K .......... .......... .......... .......... .......... 92%  398K 27s
225550K .......... .......... .......... .......... .......... 92%  524K 27s
225600K .......... .......... .......... .......... .......... 92%  523K 27s
225650K .......... .......... .......... .......... .......... 92%  444K 27s
225700K .......... .......... .......... .......... .......... 92%  518K 27s
225750K .......... .......... .......... .......... .......... 92%  443K 27s
225800K .......... .......... .......... .......... .......... 92%  511K 27s
225850K .......... .......... .......... .......... .......... 92%  513K 26s
225900K .......... .......... .......... .......... .......... 92%  439K 26s
225950K .......... .......... .......... .......... .......... 92%  508K 26s
226000K .......... .......... .......... .......... .......... 92%  435K 26s
226050K .......... .......... .......... .......... .......... 92%  504K 26s
226100K .......... .......... .......... .......... .......... 92%  499K 26s
226150K .......... .......... .......... .......... .......... 92%  430K 26s
226200K .......... .......... .......... .......... .......... 92%  501K 26s
226250K .......... .......... .......... .......... .......... 92%  428K 26s
226300K .......... .......... .......... .......... .......... 92%  496K 26s
226350K .......... .......... .......... .......... .......... 92%  496K 26s
226400K .......... .......... .......... .......... .......... 92%  420K 26s
226450K .......... .......... .......... .......... .......... 92%  494K 26s
226500K .......... .......... .......... .......... .......... 92%  419K 26s
226550K .......... .......... .......... .......... .......... 92%  489K 25s
226600K .......... .......... .......... .......... .......... 92%  485K 25s
226650K .......... .......... .......... .......... .......... 92%  415K 25s
226700K .......... .......... .......... .......... .......... 92%  486K 25s
226750K .......... .......... .......... .......... .......... 92%  410K 25s
226800K .......... .......... .......... .......... .......... 92%  481K 25s
226850K .......... .......... .......... .......... .......... 92%  479K 25s
226900K .......... .......... .......... .......... .......... 92%  380K 25s
226950K .......... .......... .......... .......... .......... 92%  450K 25s
227000K .......... .......... .......... .......... .......... 92%  407K 25s
227050K .......... .......... .......... .......... .......... 92%  473K 25s
227100K .......... .......... .......... .......... .......... 92%  471K 25s
227150K .......... .......... .......... .......... .......... 92%  402K 25s
227200K .......... .......... .......... .......... .......... 92%  468K 25s
227250K .......... .......... .......... .......... .......... 93%  400K 25s
227300K .......... .......... .......... .......... .......... 93%  465K 24s
227350K .......... .......... .......... .......... .......... 93%  463K 24s
227400K .......... .......... .......... .......... .......... 93%  394K 24s
227450K .......... .......... .......... .......... .......... 93%  455K 24s
227500K .......... .......... .......... .......... .......... 93%  397K 24s
227550K .......... .......... .......... .......... .......... 93%  458K 24s
227600K .......... .......... .......... .......... .......... 93%  457K 24s
227650K .......... .......... .......... .......... .......... 93%  390K 24s
227700K .......... .......... .......... .......... .......... 93%  452K 24s
227750K .......... .......... .......... .......... .......... 93%  389K 24s
227800K .......... .......... .......... .......... .......... 93%  451K 24s
227850K .......... .......... .......... .......... .......... 93%  449K 24s
227900K .......... .......... .......... .......... .......... 93%  385K 24s
227950K .......... .......... .......... .......... .......... 93%  446K 24s
228000K .......... .......... .......... .......... .......... 93%  381K 23s
228050K .......... .......... .......... .......... .......... 93%  441K 23s
228100K .......... .......... .......... .......... .......... 93%  443K 23s
228150K .......... .......... .......... .......... .......... 93%  378K 23s
228200K .......... .......... .......... .......... .......... 93%  439K 23s
228250K .......... .......... .......... .......... .......... 93%  377K 23s
228300K .......... .......... .......... .......... .......... 93%  433K 23s
228350K .......... .......... .......... .......... .......... 93%  437K 23s
228400K .......... .......... .......... .......... .......... 93%  374K 23s
228450K .......... .......... .......... .......... .......... 93%  457K 23s
228500K .......... .......... .......... .......... .......... 93% 1.47M 23s
228550K .......... .......... .......... .......... .......... 93% 3.26M 23s
228600K .......... .......... .......... .......... .......... 93% 3.23M 23s
228650K .......... .......... .......... .......... .......... 93% 2.68M 23s
228700K .......... .......... .......... .......... .......... 93% 3.11M 23s
228750K .......... .......... .......... .......... .......... 93% 2.57M 22s
228800K .......... .......... .......... .......... .......... 93% 2.91M 22s
228850K .......... .......... .......... .......... .......... 93% 2.71M 22s
228900K .......... .......... .......... .......... .......... 93% 2.43M 22s
228950K .......... .......... .......... .......... .......... 93% 2.73M 22s
229000K .......... .......... .......... .......... .......... 93% 2.43M 22s
229050K .......... .......... .......... .......... .......... 93% 2.81M 22s
229100K .......... .......... .......... .......... .......... 93% 2.73M 22s
229150K .......... .......... .......... .......... .......... 93% 2.30M 22s
229200K .......... .......... .......... .......... .......... 93% 2.63M 22s
229250K .......... .......... .......... .......... .......... 93% 2.24M 22s
229300K .......... .......... .......... .......... .......... 93% 2.50M 22s
229350K .......... .......... .......... .......... .......... 93% 2.50M 22s
229400K .......... .......... .......... .......... .......... 93% 2.13M 21s
229450K .......... .......... .......... .......... .......... 93% 2.41M 21s
229500K .......... .......... .......... .......... .......... 93% 2.02M 21s
229550K .......... .......... .......... .......... .......... 93% 2.13M 21s
229600K .......... .......... .......... .......... .......... 93% 2.24M 21s
229650K .......... .......... .......... .......... .......... 93% 1.93M 21s
229700K .......... .......... .......... .......... .......... 94% 2.24M 21s
229750K .......... .......... .......... .......... .......... 94% 1.89M 21s
229800K .......... .......... .......... .......... .......... 94% 2.13M 21s
229850K .......... .......... .......... .......... .......... 94% 2.14M 21s
229900K .......... .......... .......... .......... .......... 94% 1.80M 21s
229950K .......... .......... .......... .......... .......... 94% 2.07M 21s
230000K .......... .......... .......... .......... .......... 94% 1.74M 21s
230050K .......... .......... .......... .......... .......... 94% 2.01M 20s
230100K .......... .......... .......... .......... .......... 94% 1.97M 20s
230150K .......... .......... .......... .......... .......... 94% 1.66M 20s
230200K .......... .......... .......... .......... .......... 94% 1.93M 20s
230250K .......... .......... .......... .......... .......... 94% 1.63M 20s
230300K .......... .......... .......... .......... .......... 94% 1.85M 20s
230350K .......... .......... .......... .......... .......... 94% 1.86M 20s
230400K .......... .......... .......... .......... .......... 94% 1.57M 20s
230450K .......... .......... .......... .......... .......... 94% 1.78M 20s
230500K .......... .......... .......... .......... .......... 94% 1.50M 20s
230550K .......... .......... .......... .......... .......... 94% 1.77M 20s
230600K .......... .......... .......... .......... .......... 94% 1.73M 20s
230650K .......... .......... .......... .......... .......... 94% 1.46M 20s
230700K .......... .......... .......... .......... .......... 94% 1.70M 20s
230750K .......... .......... .......... .......... .......... 94% 1.44M 19s
230800K .......... .......... .......... .......... .......... 94% 1.64M 19s
230850K .......... .......... .......... .......... .......... 94% 1.63M 19s
230900K .......... .......... .......... .......... .......... 94% 1.39M 19s
230950K .......... .......... .......... .......... .......... 94% 1.59M 19s
231000K .......... .......... .......... .......... .......... 94% 1.35M 19s
231050K .......... .......... .......... .......... .......... 94% 1.57M 19s
231100K .......... .......... .......... .......... .......... 94% 1.54M 19s
231150K .......... .......... .......... .......... .......... 94% 1.30M 19s
231200K .......... .......... .......... .......... .......... 94% 1.53M 19s
231250K .......... .......... .......... .......... .......... 94% 1.29M 19s
231300K .......... .......... .......... .......... .......... 94% 1.46M 19s
231350K .......... .......... .......... .......... .......... 94% 1.47M 19s
231400K .......... .......... .......... .......... .......... 94% 1.25M 18s
231450K .......... .......... .......... .......... .......... 94% 1.43M 18s
231500K .......... .......... .......... .......... .......... 94% 1.21M 18s
231550K .......... .......... .......... .......... .......... 94% 1.41M 18s
231600K .......... .......... .......... .......... .......... 94% 1.39M 18s
231650K .......... .......... .......... .......... .......... 94% 1.18M 18s
231700K .......... .......... .......... .......... .......... 94% 1.37M 18s
231750K .......... .......... .......... .......... .......... 94% 1.16M 18s
231800K .......... .......... .......... .......... .......... 94% 1.33M 18s
231850K .......... .......... .......... .......... .......... 94% 1.33M 18s
231900K .......... .......... .......... .......... .......... 94% 1.13M 18s
231950K .......... .......... .......... .......... .......... 94% 1.26M 18s
232000K .......... .......... .......... .......... .......... 94% 1.10M 18s
232050K .......... .......... .......... .......... .......... 94% 1.28M 18s
232100K .......... .......... .......... .......... .......... 94% 1.27M 17s
232150K .......... .......... .......... .......... .......... 95% 1.07M 17s
232200K .......... .......... .......... .......... .......... 95% 1.25M 17s
232250K .......... .......... .......... .......... .......... 95% 1.06M 17s
232300K .......... .......... .......... .......... .......... 95% 1.22M 17s
232350K .......... .......... .......... .......... .......... 95% 1.21M 17s
232400K .......... .......... .......... .......... .......... 95% 1.03M 17s
232450K .......... .......... .......... .......... .......... 95% 1.19M 17s
232500K .......... .......... .......... .......... .......... 95% 1.01M 17s
232550K .......... .......... .......... .......... .......... 95% 1.17M 17s
232600K .......... .......... .......... .......... .......... 95% 1.17M 17s
232650K .......... .......... .......... .......... .......... 95% 1008K 17s
232700K .......... .......... .......... .......... .......... 95% 1.14M 17s
232750K .......... .......... .......... .......... .......... 95% 1005K 17s
232800K .......... .......... .......... .......... .......... 95% 1.12M 16s
232850K .......... .......... .......... .......... .......... 95% 1.12M 16s
232900K .......... .......... .......... .......... .......... 95%  975K 16s
232950K .......... .......... .......... .......... .......... 95% 1.10M 16s
233000K .......... .......... .......... .......... .......... 95%  959K 16s
233050K .......... .......... .......... .......... .......... 95% 1.08M 16s
233100K .......... .......... .......... .......... .......... 95% 1.07M 16s
233150K .......... .......... .......... .......... .......... 95%  933K 16s
233200K .......... .......... .......... .......... .......... 95% 1.06M 16s
233250K .......... .......... .......... .......... .......... 95%  926K 16s
233300K .......... .......... .......... .......... .......... 95% 1.04M 16s
233350K .......... .......... .......... .......... .......... 95% 1.03M 16s
233400K .......... .......... .......... .......... .......... 95%  905K 16s
233450K .......... .......... .......... .......... .......... 95% 1.02M 16s
233500K .......... .......... .......... .......... .......... 95%  889K 15s
233550K .......... .......... .......... .......... .......... 95% 1012K 15s
233600K .......... .......... .......... .......... .......... 95% 1020K 15s
233650K .......... .......... .......... .......... .......... 95%  870K 15s
233700K .......... .......... .......... .......... .......... 95%  999K 15s
233750K .......... .......... .......... .......... .......... 95%  861K 15s
233800K .......... .......... .......... .......... .......... 95%  988K 15s
233850K .......... .......... .......... .......... .......... 95%  990K 15s
233900K .......... .......... .......... .......... .......... 95%  841K 15s
233950K .......... .......... .......... .......... .......... 95%  971K 15s
234000K .......... .......... .......... .......... .......... 95%  821K 15s
234050K .......... .......... .......... .......... .......... 95%  976K 15s
234100K .......... .......... .......... .......... .......... 95%  955K 15s
234150K .......... .......... .......... .......... .......... 95%  813K 14s
234200K .......... .......... .......... .......... .......... 95%  942K 14s
234250K .......... .......... .......... .......... .......... 95%  806K 14s
234300K .......... .......... .......... .......... .......... 95%  926K 14s
234350K .......... .......... .......... .......... .......... 95%  930K 14s
234400K .......... .......... .......... .......... .......... 95%  790K 14s
234450K .......... .......... .......... .......... .......... 95%  910K 14s
234500K .......... .......... .......... .......... .......... 95%  777K 14s
234550K .......... .......... .......... .......... .......... 95%  905K 14s
234600K .......... .......... .......... .......... .......... 96%  897K 14s
234650K .......... .......... .......... .......... .......... 96%  762K 14s
234700K .......... .......... .......... .......... .......... 96%  887K 14s
234750K .......... .......... .......... .......... .......... 96%  755K 14s
234800K .......... .......... .......... .......... .......... 96%  872K 14s
234850K .......... .......... .......... .......... .......... 96%  857K 13s
234900K .......... .......... .......... .......... .......... 96%  743K 13s
234950K .......... .......... .......... .......... .......... 96%  856K 13s
235000K .......... .......... .......... .......... .......... 96%  732K 13s
235050K .......... .......... .......... .......... .......... 96%  846K 13s
235100K .......... .......... .......... .......... .......... 96%  848K 13s
235150K .......... .......... .......... .......... .......... 96%  719K 13s
235200K .......... .......... .......... .......... .......... 96%  835K 13s
235250K .......... .......... .......... .......... .......... 96%  712K 13s
235300K .......... .......... .......... .......... .......... 96%  823K 13s
235350K .......... .......... .......... .......... .......... 96%  819K 13s
235400K .......... .......... .......... .......... .......... 96%  701K 13s
235450K .......... .......... .......... .......... .......... 96%  811K 13s
235500K .......... .......... .......... .......... .......... 96%  692K 13s
235550K .......... .......... .......... .......... .......... 96%  803K 12s
235600K .......... .......... .......... .......... .......... 96%  799K 12s
235650K .......... .......... .......... .......... .......... 96%  679K 12s
235700K .......... .......... .......... .......... .......... 96%  788K 12s
235750K .......... .......... .......... .......... .......... 96%  676K 12s
235800K .......... .......... .......... .......... .......... 96%  780K 12s
235850K .......... .......... .......... .......... .......... 96%  775K 12s
235900K .......... .......... .......... .......... .......... 96%  664K 12s
235950K .......... .......... .......... .......... .......... 96%  749K 12s
236000K .......... .......... .......... .......... .......... 96%  657K 12s
236050K .......... .......... .......... .......... .......... 96%  760K 12s
236100K .......... .......... .......... .......... .......... 96%  759K 12s
236150K .......... .......... .......... .......... .......... 96%  643K 12s
236200K .......... .......... .......... .......... .......... 96%  750K 12s
236250K .......... .......... .......... .......... .......... 96%  640K 11s
236300K .......... .......... .......... .......... .......... 96%  737K 11s
236350K .......... .......... .......... .......... .......... 96%  739K 11s
236400K .......... .......... .......... .......... .......... 96%  629K 11s
236450K .......... .......... .......... .......... .......... 96%  730K 11s
236500K .......... .......... .......... .......... .......... 96%  622K 11s
236550K .......... .......... .......... .......... .......... 96%  725K 11s
236600K .......... .......... .......... .......... .......... 96%  720K 11s
236650K .......... .......... .......... .......... .......... 96%  611K 11s
236700K .......... .......... .......... .......... .......... 96%  711K 11s
236750K .......... .......... .......... .......... .......... 96%  607K 11s
236800K .......... .......... .......... .......... .......... 96%  704K 11s
236850K .......... .......... .......... .......... .......... 96%  704K 11s
236900K .......... .......... .......... .......... .......... 96%  600K 11s
236950K .......... .......... .......... .......... .......... 96%  693K 11s
237000K .......... .......... .......... .......... .......... 96%  586K 10s
237050K .......... .......... .......... .......... .......... 97%  688K 10s
237100K .......... .......... .......... .......... .......... 97%  687K 10s
237150K .......... .......... .......... .......... .......... 97%  583K 10s
237200K .......... .......... .......... .......... .......... 97%  678K 10s
237250K .......... .......... .......... .......... .......... 97%  580K 10s
237300K .......... .......... .......... .......... .......... 97%  671K 10s
237350K .......... .......... .......... .......... .......... 97%  667K 10s
237400K .......... .......... .......... .......... .......... 97%  573K 10s
237450K .......... .......... .......... .......... .......... 97%  662K 10s
237500K .......... .......... .......... .......... .......... 97%  565K 10s
237550K .......... .......... .......... .......... .......... 97%  658K 10s
237600K .......... .......... .......... .......... .......... 97%  654K 10s
237650K .......... .......... .......... .......... .......... 97%  558K 10s
237700K .......... .......... .......... .......... .......... 97%  648K 9s
237750K .......... .......... .......... .......... .......... 97%  553K 9s
237800K .......... .......... .......... .......... .......... 97%  636K 9s
237850K .......... .......... .......... .......... .......... 97%  639K 9s
237900K .......... .......... .......... .......... .......... 97%  541K 9s
237950K .......... .......... .......... .......... .......... 97%  634K 9s
238000K .......... .......... .......... .......... .......... 97%  541K 9s
238050K .......... .......... .......... .......... .......... 97%  629K 9s
238100K .......... .......... .......... .......... .......... 97%  626K 9s
238150K .......... .......... .......... .......... .......... 97%  532K 9s
238200K .......... .......... .......... .......... .......... 97%  623K 9s
238250K .......... .......... .......... .......... .......... 97%  531K 9s
238300K .......... .......... .......... .......... .......... 97%  613K 9s
238350K .......... .......... .......... .......... .......... 97%  612K 9s
238400K .......... .......... .......... .......... .......... 97%  523K 8s
238450K .......... .......... .......... .......... .......... 97%  609K 8s
238500K .......... .......... .......... .......... .......... 97%  516K 8s
238550K .......... .......... .......... .......... .......... 97%  603K 8s
238600K .......... .......... .......... .......... .......... 97%  603K 8s
238650K .......... .......... .......... .......... .......... 97%  510K 8s
238700K .......... .......... .......... .......... .......... 97%  591K 8s
238750K .......... .......... .......... .......... .......... 97%  508K 8s
238800K .......... .......... .......... .......... .......... 97%  586K 8s
238850K .......... .......... .......... .......... .......... 97%  586K 8s
238900K .......... .......... .......... .......... .......... 97%  503K 8s
238950K .......... .......... .......... .......... .......... 97%  587K 8s
239000K .......... .......... .......... .......... .......... 97%  498K 8s
239050K .......... .......... .......... .......... .......... 97%  579K 8s
239100K .......... .......... .......... .......... .......... 97%  572K 7s
239150K .......... .......... .......... .......... .......... 97%  493K 7s
239200K .......... .......... .......... .......... .......... 97%  573K 7s
239250K .......... .......... .......... .......... .......... 97%  489K 7s
239300K .......... .......... .......... .......... .......... 97%  565K 7s
239350K .......... .......... .......... .......... .......... 97%  566K 7s
239400K .......... .......... .......... .......... .......... 97%  482K 7s
239450K .......... .......... .......... .......... .......... 97%  562K 7s
239500K .......... .......... .......... .......... .......... 98%  478K 7s
239550K .......... .......... .......... .......... .......... 98%  546K 7s
239600K .......... .......... .......... .......... .......... 98%  560K 7s
239650K .......... .......... .......... .......... .......... 98%  472K 7s
239700K .......... .......... .......... .......... .......... 98%  549K 7s
239750K .......... .......... .......... .......... .......... 98%  471K 7s
239800K .......... .......... .......... .......... .......... 98%  545K 6s
239850K .......... .......... .......... .......... .......... 98%  544K 6s
239900K .......... .......... .......... .......... .......... 98%  462K 6s
239950K .......... .......... .......... .......... .......... 98%  542K 6s
240000K .......... .......... .......... .......... .......... 98%  462K 6s
240050K .......... .......... .......... .......... .......... 98%  535K 6s
240100K .......... .......... .......... .......... .......... 98%  532K 6s
240150K .......... .......... .......... .......... .......... 98%  455K 6s
240200K .......... .......... .......... .......... .......... 98%  532K 6s
240250K .......... .......... .......... .......... .......... 98%  454K 6s
240300K .......... .......... .......... .......... .......... 98%  519K 6s
240350K .......... .......... .......... .......... .......... 98%  524K 6s
240400K .......... .......... .......... .......... .......... 98%  449K 6s
240450K .......... .......... .......... .......... .......... 98%  521K 6s
240500K .......... .......... .......... .......... .......... 98%  443K 5s
240550K .......... .......... .......... .......... .......... 98%  515K 5s
240600K .......... .......... .......... .......... .......... 98%  517K 5s
240650K .......... .......... .......... .......... .......... 98%  440K 5s
240700K .......... .......... .......... .......... .......... 98%  510K 5s
240750K .......... .......... .......... .......... .......... 98%  437K 5s
240800K .......... .......... .......... .......... .......... 98%  506K 5s
240850K .......... .......... .......... .......... .......... 98%  507K 5s
240900K .......... .......... .......... .......... .......... 98%  434K 5s
240950K .......... .......... .......... .......... .......... 98%  501K 5s
241000K .......... .......... .......... .......... .......... 98%  423K 5s
241050K .......... .......... .......... .......... .......... 98%  500K 5s
241100K .......... .......... .......... .......... .......... 98%  495K 5s
241150K .......... .......... .......... .......... .......... 98%  428K 5s
241200K .......... .......... .......... .......... .......... 98%  496K 4s
241250K .......... .......... .......... .......... .......... 98%  422K 4s
241300K .......... .......... .......... .......... .......... 98%  488K 4s
241350K .......... .......... .......... .......... .......... 98%  491K 4s
241400K .......... .......... .......... .......... .......... 98%  418K 4s
241450K .......... .......... .......... .......... .......... 98%  484K 4s
241500K .......... .......... .......... .......... .......... 98%  414K 4s
241550K .......... .......... .......... .......... .......... 98%  484K 4s
241600K .......... .......... .......... .......... .......... 98%  482K 4s
241650K .......... .......... .......... .......... .......... 98%  411K 4s
241700K .......... .......... .......... .......... .......... 98%  456K 4s
241750K .......... .......... .......... .......... .......... 98%  407K 4s
241800K .......... .......... .......... .......... .......... 98%  476K 4s
241850K .......... .......... .......... .......... .......... 98%  474K 4s
241900K .......... .......... .......... .......... .......... 99%  402K 3s
241950K .......... .......... .......... .......... .......... 99%  468K 3s
242000K .......... .......... .......... .......... .......... 99%  401K 3s
242050K .......... .......... .......... .......... .......... 99%  467K 3s
242100K .......... .......... .......... .......... .......... 99%  465K 3s
242150K .......... .......... .......... .......... .......... 99%  397K 3s
242200K .......... .......... .......... .......... .......... 99%  464K 3s
242250K .......... .......... .......... .......... .......... 99%  394K 3s
242300K .......... .......... .......... .......... .......... 99%  459K 3s
242350K .......... .......... .......... .......... .......... 99%  451K 3s
242400K .......... .......... .......... .......... .......... 99%  394K 3s
242450K .......... .......... .......... .......... .......... 99%  454K 3s
242500K .......... .......... .......... .......... .......... 99%  387K 3s
242550K .......... .......... .......... .......... .......... 99%  452K 3s
242600K .......... .......... .......... .......... .......... 99%  449K 2s
242650K .......... .......... .......... .......... .......... 99%  385K 2s
242700K .......... .......... .......... .......... .......... 99%  447K 2s
242750K .......... .......... .......... .......... .......... 99%  383K 2s
242800K .......... .......... .......... .......... .......... 99%  446K 2s
242850K .......... .......... .......... .......... .......... 99%  443K 2s
242900K .......... .......... .......... .......... .......... 99%  381K 2s
242950K .......... .......... .......... .......... .......... 99%  436K 2s
243000K .......... .......... .......... .......... .......... 99%  378K 2s
243050K .......... .......... .......... .......... .......... 99%  439K 2s
243100K .......... .......... .......... .......... .......... 99%  437K 2s
243150K .......... .......... .......... .......... .......... 99%  373K 2s
243200K .......... .......... .......... .......... .......... 99%  435K 2s
243250K .......... .......... .......... .......... .......... 99%  372K 2s
243300K .......... .......... .......... .......... .......... 99%  666K 1s
243350K .......... .......... .......... .......... .......... 99% 3.50M 1s
243400K .......... .......... .......... .......... .......... 99% 2.86M 1s
243450K .......... .......... .......... .......... .......... 99% 3.09M 1s
243500K .......... .......... .......... .......... .......... 99% 2.67M 1s
243550K .......... .......... .......... .......... .......... 99% 3.11M 1s
243600K .......... .......... .......... .......... .......... 99% 2.96M 1s
243650K .......... .......... .......... .......... .......... 99% 2.43M 1s
243700K .......... .......... .......... .......... .......... 99% 2.94M 1s
243750K .......... .......... .......... .......... .......... 99% 2.42M 1s
243800K .......... .......... .......... .......... .......... 99% 2.82M 1s
243850K .......... .......... .......... .......... .......... 99% 2.83M 1s
243900K .......... .......... .......... .......... .......... 99% 2.39M 1s
243950K .......... .......... .......... .......... .......... 99% 2.72M 1s
244000K .......... .......... .......... .......... .......... 99% 2.29M 0s
244050K .......... .......... .......... .......... .......... 99% 2.62M 0s
244100K .......... .......... .......... .......... .......... 99% 2.56M 0s
244150K .......... .......... .......... .......... .......... 99% 2.15M 0s
244200K .......... .......... .......... .......... .......... 99% 2.50M 0s
244250K .......... .......... .......... .......... .......... 99% 2.09M 0s
244300K .......... .......... .......... .......... .......... 99% 2.39M 0s
244350K .......... .......... .......... .......... ...       100% 2.04M=5m50s

2026-05-31 18:51:05 (699 KB/s) - ‘data/metadata_raw/GSE73461/GSE73461_family.soft.gz’ saved [250258884/250258884]

