--2026-05-31 19:20:07--  https://ftp.ncbi.nlm.nih.gov/geo/series/GSE73nnn/GSE73461/suppl/GSE73461_GEOupload_Discovery_Dataset_Normalised_Sept_15_n_459.txt.gz
Resolving ftp.ncbi.nlm.nih.gov (ftp.ncbi.nlm.nih.gov)... 130.14.250.12, 130.14.250.13, 2607:f220:41e:250::10, ...
Connecting to ftp.ncbi.nlm.nih.gov (ftp.ncbi.nlm.nih.gov)|130.14.250.12|:443... connected.
HTTP request sent, awaiting response... 200 OK
Length: 143582247 (137M) [application/x-gzip]
Saving to: ‘data/expression_raw/GSE73461/GSE73461_GEOupload_Discovery_Dataset_Normalised_Sept_15_n_459.txt.gz’

     0K .......... .......... .......... .......... ..........  0% 61.6K 37m57s
    50K .......... .......... .......... .......... ..........  0%  142K 27m13s
   100K .......... .......... .......... .......... ..........  0%  853K 19m3s
   150K .......... .......... .......... .......... ..........  0%  149K 18m11s
   200K .......... .......... .......... .......... ..........  0%  745K 15m10s
   250K .......... .......... .......... .......... ..........  0%  532K 13m22s
   300K .......... .......... .......... .......... ..........  0%  179K 13m19s
   350K .......... .......... .......... .......... ..........  0%  382K 12m25s
   400K .......... .......... .......... .......... ..........  0%  193K 12m22s
   450K .......... .......... .......... .......... ..........  0%  471K 11m37s
   500K .......... .......... .......... .......... ..........  0%  182K 11m43s
   550K .......... .......... .......... .......... ..........  0% 1.18M 10m54s
   600K .......... .......... .......... .......... ..........  0%  464K 10m27s
   650K .......... .......... .......... .......... ..........  0%  178K 10m38s
   700K .......... .......... .......... .......... ..........  0%  642K 10m9s
   750K .......... .......... .......... .......... ..........  0%  208K 10m13s
   800K .......... .......... .......... .......... ..........  0%  484K 9m54s
   850K .......... .......... .......... .......... ..........  0%  873K 9m29s
   900K .......... .......... .......... .......... ..........  0%  190K 9m38s
   950K .......... .......... .......... .......... ..........  0%  402K 9m26s
  1000K .......... .......... .......... .......... ..........  0%  728K 9m8s
  1050K .......... .......... .......... .......... ..........  0%  242K 9m9s
  1100K .......... .......... .......... .......... ..........  0%  312K 9m4s
  1150K .......... .......... .......... .......... ..........  0% 1.12M 8m47s
  1200K .......... .......... .......... .......... ..........  0%  232K 8m49s
  1250K .......... .......... .......... .......... ..........  0%  434K 8m41s
  1300K .......... .......... .......... .......... ..........  0%  808K 8m28s
  1350K .......... .......... .......... .......... ..........  0%  310K 8m26s
  1400K .......... .......... .......... .......... ..........  1%  420K 8m19s
  1450K .......... .......... .......... .......... ..........  1%  445K 8m13s
  1500K .......... .......... .......... .......... ..........  1%  428K 8m7s
  1550K .......... .......... .......... .......... ..........  1%  381K 8m3s
  1600K .......... .......... .......... .......... ..........  1%  491K 7m57s
  1650K .......... .......... .......... .......... ..........  1%  678K 7m49s
  1700K .......... .......... .......... .......... ..........  1%  297K 7m49s
  1750K .......... .......... .......... .......... ..........  1%  496K 7m43s
  1800K .......... .......... .......... .......... ..........  1%  674K 7m36s
  1850K .......... .......... .......... .......... ..........  1%  469K 7m32s
  1900K .......... .......... .......... .......... ..........  1%  398K 7m29s
  1950K .......... .......... .......... .......... ..........  1%  516K 7m24s
  2000K .......... .......... .......... .......... ..........  1%  434K 7m21s
  2050K .......... .......... .......... .......... ..........  1%  791K 7m14s
  2100K .......... .......... .......... .......... ..........  1%  387K 7m12s
  2150K .......... .......... .......... .......... ..........  1%  660K 7m7s
  2200K .......... .......... .......... .......... ..........  1%  407K 7m5s
  2250K .......... .......... .......... .......... ..........  1%  896K 6m59s
  2300K .......... .......... .......... .......... ..........  1%  366K 6m58s
  2350K .......... .......... .......... .......... ..........  1%  594K 6m54s
  2400K .......... .......... .......... .......... ..........  1%  513K 6m51s
  2450K .......... .......... .......... .......... ..........  1%  720K 6m46s
  2500K .......... .......... .......... .......... ..........  1%  460K 6m44s
  2550K .......... .......... .......... .......... ..........  1%  582K 6m41s
  2600K .......... .......... .......... .......... ..........  1%  663K 6m37s
  2650K .......... .......... .......... .......... ..........  1%  663K 6m33s
  2700K .......... .......... .......... .......... ..........  1%  457K 6m31s
  2750K .......... .......... .......... .......... ..........  1%  752K 6m28s
  2800K .......... .......... .......... .......... ..........  2%  720K 6m24s
  2850K .......... .......... .......... .......... ..........  2%  639K 6m21s
  2900K .......... .......... .......... .......... ..........  2%  784K 6m17s
  2950K .......... .......... .......... .......... ..........  2%  475K 6m16s
  3000K .......... .......... .......... .......... ..........  2%  381K 6m15s
  3050K .......... .......... .......... .......... ..........  2% 2.15M 6m10s
  3100K .......... .......... .......... .......... ..........  2%  891K 6m7s
  3150K .......... .......... .......... .......... ..........  2%  716K 6m4s
  3200K .......... .......... .......... .......... ..........  2%  465K 6m2s
  3250K .......... .......... .......... .......... ..........  2%  535K 6m1s
  3300K .......... .......... .......... .......... ..........  2%  450K 6m0s
  3350K .......... .......... .......... .......... ..........  2%  635K 5m57s
  3400K .......... .......... .......... .......... ..........  2%  413K 5m57s
  3450K .......... .......... .......... .......... ..........  2%  788K 5m54s
  3500K .......... .......... .......... .......... ..........  2%  537K 5m53s
  3550K .......... .......... .......... .......... ..........  2%  465K 5m52s
  3600K .......... .......... .......... .......... ..........  2%  612K 5m50s
  3650K .......... .......... .......... .......... ..........  2%  470K 5m49s
  3700K .......... .......... .......... .......... ..........  2%  249K 5m51s
  3750K .......... .......... .......... .......... ..........  2%  308K 5m53s
  3800K .......... .......... .......... .......... ..........  2%  275K 5m54s
  3850K .......... .......... .......... .......... ..........  2%  285K 5m56s
  3900K .......... .......... .......... .......... ..........  2%  396K 5m55s
  3950K .......... .......... .......... .......... ..........  2%  344K 5m56s
  4000K .......... .......... .......... .......... ..........  2% 1.38M 5m52s
  4050K .......... .......... .......... .......... ..........  2% 1.63M 5m49s
  4100K .......... .......... .......... .......... ..........  2% 1.39M 5m46s
  4150K .......... .......... .......... .......... ..........  2% 1.50M 5m43s
  4200K .......... .......... .......... .......... ..........  3% 1.15M 5m40s
  4250K .......... .......... .......... .......... ..........  3% 1.38M 5m37s
  4300K .......... .......... .......... .......... ..........  3% 1.55M 5m34s
  4350K .......... .......... .......... .......... ..........  3%  380K 5m34s
  4400K .......... .......... .......... .......... ..........  3% 1.55M 5m31s
  4450K .......... .......... .......... .......... ..........  3% 1.28M 5m29s
  4500K .......... .......... .......... .......... ..........  3% 1.47M 5m26s
  4550K .......... .......... .......... .......... ..........  3% 1.46M 5m23s
  4600K .......... .......... .......... .......... ..........  3% 1.25M 5m21s
  4650K .......... .......... .......... .......... ..........  3% 1.43M 5m18s
  4700K .......... .......... .......... .......... ..........  3% 1.22M 5m16s
  4750K .......... .......... .......... .......... ..........  3% 1.41M 5m13s
  4800K .......... .......... .......... .......... ..........  3% 1.39M 5m11s
  4850K .......... .......... .......... .......... ..........  3% 1.18M 5m9s
  4900K .......... .......... .......... .......... ..........  3%  690K 5m8s
  4950K .......... .......... .......... .......... ..........  3%  811K 5m6s
  5000K .......... .......... .......... .......... ..........  3%  400K 5m6s
  5050K .......... .......... .......... .......... ..........  3%  847K 5m5s
  5100K .......... .......... .......... .......... ..........  3%  711K 5m4s
  5150K .......... .......... .......... .......... ..........  3%  903K 5m2s
  5200K .......... .......... .......... .......... ..........  3%  662K 5m1s
  5250K .......... .......... .......... .......... ..........  3%  833K 4m59s
  5300K .......... .......... .......... .......... ..........  3%  985K 4m58s
  5350K .......... .......... .......... .......... ..........  3%  682K 4m57s
  5400K .......... .......... .......... .......... ..........  3% 1.29M 4m55s
  5450K .......... .......... .......... .......... ..........  3% 1.06M 4m53s
  5500K .......... .......... .......... .......... ..........  3% 1.22M 4m51s
  5550K .......... .......... .......... .......... ..........  3% 1.21M 4m50s
  5600K .......... .......... .......... .......... ..........  4% 1.03M 4m48s
  5650K .......... .......... .......... .......... ..........  4%  307K 4m49s
  5700K .......... .......... .......... .......... ..........  4% 1.01M 4m48s
  5750K .......... .......... .......... .......... ..........  4% 1.18M 4m46s
  5800K .......... .......... .......... .......... ..........  4% 1.17M 4m45s
  5850K .......... .......... .......... .......... ..........  4% 1010K 4m43s
  5900K .......... .......... .......... .......... ..........  4% 1.14M 4m42s
  5950K .......... .......... .......... .......... ..........  4% 1004K 4m40s
  6000K .......... .......... .......... .......... ..........  4% 1.12M 4m39s
  6050K .......... .......... .......... .......... ..........  4% 1.11M 4m38s
  6100K .......... .......... .......... .......... ..........  4%  976K 4m36s
  6150K .......... .......... .......... .......... ..........  4% 1.10M 4m35s
  6200K .......... .......... .......... .......... ..........  4%  957K 4m34s
  6250K .......... .......... .......... .......... ..........  4% 1.08M 4m32s
  6300K .......... .......... .......... .......... ..........  4% 1.08M 4m31s
  6350K .......... .......... .......... .......... ..........  4%  933K 4m30s
  6400K .......... .......... .......... .......... ..........  4% 1.06M 4m29s
  6450K .......... .......... .......... .......... ..........  4%  926K 4m28s
  6500K .......... .......... .......... .......... ..........  4% 1.04M 4m27s
  6550K .......... .......... .......... .......... ..........  4% 1.04M 4m25s
  6600K .......... .......... .......... .......... ..........  4%  905K 4m24s
  6650K .......... .......... .......... .......... ..........  4% 1.02M 4m23s
  6700K .......... .......... .......... .......... ..........  4%  891K 4m22s
  6750K .......... .......... .......... .......... ..........  4% 1014K 4m21s
  6800K .......... .......... .......... .......... ..........  4% 1.01M 4m20s
  6850K .......... .......... .......... .......... ..........  4%  870K 4m19s
  6900K .......... .......... .......... .......... ..........  4% 1002K 4m18s
  6950K .......... .......... .......... .......... ..........  4%  864K 4m18s
  7000K .......... .......... .......... .......... ..........  5% 1001K 4m17s
  7050K .......... .......... .......... .......... ..........  5%  988K 4m16s
  7100K .......... .......... .......... .......... ..........  5%  838K 4m15s
  7150K .......... .......... .......... .......... ..........  5%  981K 4m14s
  7200K .......... .......... .......... .......... ..........  5%  828K 4m13s
  7250K .......... .......... .......... .......... ..........  5%  964K 4m12s
  7300K .......... .......... .......... .......... ..........  5%  958K 4m11s
  7350K .......... .......... .......... .......... ..........  5%  811K 4m11s
  7400K .......... .......... .......... .......... ..........  5%  945K 4m10s
  7450K .......... .......... .......... .......... ..........  5%  806K 4m9s
  7500K .......... .......... .......... .......... ..........  5%  925K 4m8s
  7550K .......... .......... .......... .......... ..........  5%  928K 4m8s
  7600K .......... .......... .......... .......... ..........  5%  790K 4m7s
  7650K .......... .......... .......... .......... ..........  5%  913K 4m6s
  7700K .......... .......... .......... .......... ..........  5%  778K 4m6s
  7750K .......... .......... .......... .......... ..........  5%  905K 4m5s
  7800K .......... .......... .......... .......... ..........  5%  894K 4m4s
  7850K .......... .......... .......... .......... ..........  5%  765K 4m4s
  7900K .......... .......... .......... .......... ..........  5%  887K 4m3s
  7950K .......... .......... .......... .......... ..........  5%  754K 4m3s
  8000K .......... .......... .......... .......... ..........  5%  874K 4m2s
  8050K .......... .......... .......... .......... ..........  5%  868K 4m1s
  8100K .......... .......... .......... .......... ..........  5%  745K 4m1s
  8150K .......... .......... .......... .......... ..........  5%  861K 4m0s
  8200K .......... .......... .......... .......... ..........  5%  733K 4m0s
  8250K .......... .......... .......... .......... ..........  5%  853K 3m59s
  8300K .......... .......... .......... .......... ..........  5%  847K 3m58s
  8350K .......... .......... .......... .......... ..........  5%  716K 3m58s
  8400K .......... .......... .......... .......... ..........  6%  839K 3m57s
  8450K .......... .......... .......... .......... ..........  6%  707K 3m57s
  8500K .......... .......... .......... .......... ..........  6%  828K 3m57s
  8550K .......... .......... .......... .......... ..........  6%  819K 3m56s
  8600K .......... .......... .......... .......... ..........  6%  701K 3m56s
  8650K .......... .......... .......... .......... ..........  6%  814K 3m55s
  8700K .......... .......... .......... .......... ..........  6%  689K 3m55s
  8750K .......... .......... .......... .......... ..........  6%  805K 3m54s
  8800K .......... .......... .......... .......... ..........  6%  798K 3m54s
  8850K .......... .......... .......... .......... ..........  6%  680K 3m53s
  8900K .......... .......... .......... .......... ..........  6%  788K 3m53s
  8950K .......... .......... .......... .......... ..........  6%  677K 3m53s
  9000K .......... .......... .......... .......... ..........  6%  780K 3m52s
  9050K .......... .......... .......... .......... ..........  6%  777K 3m52s
  9100K .......... .......... .......... .......... ..........  6%  663K 3m52s
  9150K .......... .......... .......... .......... ..........  6%  768K 3m51s
  9200K .......... .......... .......... .......... ..........  6%  654K 3m51s
  9250K .......... .......... .......... .......... ..........  6%  761K 3m50s
  9300K .......... .......... .......... .......... ..........  6%  762K 3m50s
  9350K .......... .......... .......... .......... ..........  6%  644K 3m50s
  9400K .......... .......... .......... .......... ..........  6%  751K 3m49s
  9450K .......... .......... .......... .......... ..........  6%  641K 3m49s
  9500K .......... .......... .......... .......... ..........  6%  739K 3m49s
  9550K .......... .......... .......... .......... ..........  6%  738K 3m49s
  9600K .......... .......... .......... .......... ..........  6%  631K 3m48s
  9650K .......... .......... .......... .......... ..........  6%  729K 3m48s
  9700K .......... .......... .......... .......... ..........  6%  623K 3m48s
  9750K .......... .......... .......... .......... ..........  6%  722K 3m47s
  9800K .......... .......... .......... .......... ..........  7%  719K 3m47s
  9850K .......... .......... .......... .......... ..........  7%  612K 3m47s
  9900K .......... .......... .......... .......... ..........  7%  713K 3m47s
  9950K .......... .......... .......... .......... ..........  7%  610K 3m47s
 10000K .......... .......... .......... .......... ..........  7%  703K 3m46s
 10050K .......... .......... .......... .......... ..........  7%  702K 3m46s
 10100K .......... .......... .......... .......... ..........  7%  600K 3m46s
 10150K .......... .......... .......... .......... ..........  7%  696K 3m46s
 10200K .......... .......... .......... .......... ..........  7%  593K 3m45s
 10250K .......... .......... .......... .......... ..........  7%  688K 3m45s
 10300K .......... .......... .......... .......... ..........  7%  686K 3m45s
 10350K .......... .......... .......... .......... ..........  7%  585K 3m45s
 10400K .......... .......... .......... .......... ..........  7%  679K 3m45s
 10450K .......... .......... .......... .......... ..........  7%  576K 3m44s
 10500K .......... .......... .......... .......... ..........  7%  672K 3m44s
 10550K .......... .......... .......... .......... ..........  7%  661K 3m44s
 10600K .......... .......... .......... .......... ..........  7%  579K 3m44s
 10650K .......... .......... .......... .......... ..........  7%  662K 3m44s
 10700K .......... .......... .......... .......... ..........  7%  564K 3m44s
 10750K .......... .......... .......... .......... ..........  7%  658K 3m43s
 10800K .......... .......... .......... .......... ..........  7%  655K 3m43s
 10850K .......... .......... .......... .......... ..........  7%  557K 3m43s
 10900K .......... .......... .......... .......... ..........  7%  650K 3m43s
 10950K .......... .......... .......... .......... ..........  7%  552K 3m43s
 11000K .......... .......... .......... .......... ..........  7%  645K 3m43s
 11050K .......... .......... .......... .......... ..........  7%  641K 3m43s
 11100K .......... .......... .......... .......... ..........  7%  548K 3m43s
 11150K .......... .......... .......... .......... ..........  7%  635K 3m42s
 11200K .......... .......... .......... .......... ..........  8%  538K 3m42s
 11250K .......... .......... .......... .......... ..........  8%  634K 3m42s
 11300K .......... .......... .......... .......... ..........  8%  626K 3m42s
 11350K .......... .......... .......... .......... ..........  8%  534K 3m42s
 11400K .......... .......... .......... .......... ..........  8%  620K 3m42s
 11450K .......... .......... .......... .......... ..........  8%  532K 3m42s
 11500K .......... .......... .......... .......... ..........  8%  614K 3m42s
 11550K .......... .......... .......... .......... ..........  8%  612K 3m42s
 11600K .......... .......... .......... .......... ..........  8%  522K 3m42s
 11650K .......... .......... .......... .......... ..........  8%  609K 3m42s
 11700K .......... .......... .......... .......... ..........  8%  519K 3m42s
 11750K .......... .......... .......... .......... ..........  8%  604K 3m41s
 11800K .......... .......... .......... .......... ..........  8%  600K 3m41s
 11850K .......... .......... .......... .......... ..........  8%  512K 3m41s
 11900K .......... .......... .......... .......... ..........  8%  596K 3m41s
 11950K .......... .......... .......... .......... ..........  8%  510K 3m41s
 12000K .......... .......... .......... .......... ..........  8%  590K 3m41s
 12050K .......... .......... .......... .......... ..........  8%  587K 3m41s
 12100K .......... .......... .......... .......... ..........  8%  503K 3m41s
 12150K .......... .......... .......... .......... ..........  8%  584K 3m41s
 12200K .......... .......... .......... .......... ..........  8%  498K 3m41s
 12250K .......... .......... .......... .......... ..........  8%  579K 3m41s
 12300K .......... .......... .......... .......... ..........  8%  578K 3m41s
 12350K .......... .......... .......... .......... ..........  8%  489K 3m41s
 12400K .......... .......... .......... .......... ..........  8%  567K 3m41s
 12450K .......... .......... .......... .......... ..........  8%  489K 3m41s
 12500K .......... .......... .......... .......... ..........  8%  566K 3m41s
 12550K .......... .......... .......... .......... ..........  8%  565K 3m41s
 12600K .......... .......... .......... .......... ..........  9%  482K 3m41s
 12650K .......... .......... .......... .......... ..........  9%  563K 3m41s
 12700K .......... .......... .......... .......... ..........  9%  476K 3m41s
 12750K .......... .......... .......... .......... ..........  9%  561K 3m41s
 12800K .......... .......... .......... .......... ..........  9%  555K 3m41s
 12850K .......... .......... .......... .......... ..........  9%  472K 3m41s
 12900K .......... .......... .......... .......... ..........  9%  552K 3m41s
 12950K .......... .......... .......... .......... ..........  9%  471K 3m41s
 13000K .......... .......... .......... .......... ..........  9%  544K 3m41s
 13050K .......... .......... .......... .......... ..........  9%  543K 3m41s
 13100K .......... .......... .......... .......... ..........  9%  467K 3m41s
 13150K .......... .......... .......... .......... ..........  9%  531K 3m41s
 13200K .......... .......... .......... .......... ..........  9%  295K 3m42s
 13250K .......... .......... .......... .......... ..........  9%  537K 3m42s
 13300K .......... .......... .......... .......... ..........  9%  534K 3m42s
 13350K .......... .......... .......... .......... ..........  9%  456K 3m42s
 13400K .......... .......... .......... .......... ..........  9%  533K 3m42s
 13450K .......... .......... .......... .......... ..........  9%  453K 3m42s
 13500K .......... .......... .......... .......... ..........  9%  525K 3m42s
 13550K .......... .......... .......... .......... ..........  9%  524K 3m42s
 13600K .......... .......... .......... .......... ..........  9%  448K 3m42s
 13650K .......... .......... .......... .......... ..........  9%  521K 3m42s
 13700K .......... .......... .......... .......... ..........  9%  444K 3m42s
 13750K .......... .......... .......... .......... ..........  9%  520K 3m42s
 13800K .......... .......... .......... .......... ..........  9%  515K 3m42s
 13850K .......... .......... .......... .......... ..........  9%  439K 3m42s
 13900K .......... .......... .......... .......... ..........  9%  512K 3m42s
 13950K .......... .......... .......... .......... ..........  9%  438K 3m42s
 14000K .......... .......... .......... .......... .......... 10%  508K 3m42s
 14050K .......... .......... .......... .......... .......... 10%  506K 3m42s
 14100K .......... .......... .......... .......... .......... 10%  433K 3m43s
 14150K .......... .......... .......... .......... .......... 10%  503K 3m43s
 14200K .......... .......... .......... .......... .......... 10%  429K 3m43s
 14250K .......... .......... .......... .......... .......... 10%  500K 3m43s
 14300K .......... .......... .......... .......... .......... 10%  498K 3m43s
 14350K .......... .......... .......... .......... .......... 10%  423K 3m43s
 14400K .......... .......... .......... .......... .......... 10%  496K 3m43s
 14450K .......... .......... .......... .......... .......... 10%  423K 3m43s
 14500K .......... .......... .......... .......... .......... 10%  491K 3m43s
 14550K .......... .......... .......... .......... .......... 10%  482K 3m43s
 14600K .......... .......... .......... .......... .......... 10%  418K 3m43s
 14650K .......... .......... .......... .......... .......... 10%  487K 3m43s
 14700K .......... .......... .......... .......... .......... 10%  415K 3m44s
 14750K .......... .......... .......... .......... .......... 10%  483K 3m44s
 14800K .......... .......... .......... .......... .......... 10%  479K 3m44s
 14850K .......... .......... .......... .......... .......... 10%  413K 3m44s
 14900K .......... .......... .......... .......... .......... 10%  479K 3m44s
 14950K .......... .......... .......... .......... .......... 10%  407K 3m44s
 15000K .......... .......... .......... .......... .......... 10%  477K 3m44s
 15050K .......... .......... .......... .......... .......... 10%  474K 3m44s
 15100K .......... .......... .......... .......... .......... 10%  405K 3m44s
 15150K .......... .......... .......... .......... .......... 10%  470K 3m44s
 15200K .......... .......... .......... .......... .......... 10%  401K 3m45s
 15250K .......... .......... .......... .......... .......... 10%  468K 3m45s
 15300K .......... .......... .......... .......... .......... 10%  466K 3m45s
 15350K .......... .......... .......... .......... .......... 10%  397K 3m45s
 15400K .......... .......... .......... .......... .......... 11%  461K 3m45s
 15450K .......... .......... .......... .......... .......... 11%  397K 3m45s
 15500K .......... .......... .......... .......... .......... 11%  458K 3m45s
 15550K .......... .......... .......... .......... .......... 11%  459K 3m45s
 15600K .......... .......... .......... .......... .......... 11%  392K 3m45s
 15650K .......... .......... .......... .......... .......... 11%  455K 3m46s
 15700K .......... .......... .......... .......... .......... 11%  388K 3m46s
 15750K .......... .......... .......... .......... .......... 11%  452K 3m46s
 15800K .......... .......... .......... .......... .......... 11%  452K 3m46s
 15850K .......... .......... .......... .......... .......... 11%  385K 3m46s
 15900K .......... .......... .......... .......... .......... 11%  448K 3m46s
 15950K .......... .......... .......... .......... .......... 11%  383K 3m46s
 16000K .......... .......... .......... .......... .......... 11%  446K 3m46s
 16050K .......... .......... .......... .......... .......... 11%  444K 3m47s
 16100K .......... .......... .......... .......... .......... 11%  379K 3m47s
 16150K .......... .......... .......... .......... .......... 11%  442K 3m47s
 16200K .......... .......... .......... .......... .......... 11%  377K 3m47s
 16250K .......... .......... .......... .......... .......... 11%  439K 3m47s
 16300K .......... .......... .......... .......... .......... 11%  437K 3m47s
 16350K .......... .......... .......... .......... .......... 11%  374K 3m47s
 16400K .......... .......... .......... .......... .......... 11%  435K 3m48s
 16450K .......... .......... .......... .......... .......... 11%  372K 3m48s
 16500K .......... .......... .......... .......... .......... 11%  504K 3m48s
 16550K .......... .......... .......... .......... .......... 11%  547K 3m48s
 16600K .......... .......... .......... .......... .......... 11%  474K 3m48s
 16650K .......... .......... .......... .......... .......... 11%  548K 3m48s
 16700K .......... .......... .......... .......... .......... 11%  470K 3m48s
 16750K .......... .......... .......... .......... .......... 11%  546K 3m47s
 16800K .......... .......... .......... .......... .......... 12%  543K 3m47s
 16850K .......... .......... .......... .......... .......... 12%  464K 3m47s
 16900K .......... .......... .......... .......... .......... 12%  539K 3m47s
 16950K .......... .......... .......... .......... .......... 12%  461K 3m47s
 17000K .......... .......... .......... .......... .......... 12%  535K 3m47s
 17050K .......... .......... .......... .......... .......... 12%  533K 3m47s
 17100K .......... .......... .......... .......... .......... 12%  457K 3m47s
 17150K .......... .......... .......... .......... .......... 12%  529K 3m47s
 17200K .......... .......... .......... .......... .......... 12%  451K 3m47s
 17250K .......... .......... .......... .......... .......... 12%  527K 3m47s
 17300K .......... .......... .......... .......... .......... 12%  524K 3m47s
 17350K .......... .......... .......... .......... .......... 12%  447K 3m47s
 17400K .......... .......... .......... .......... .......... 12%  520K 3m47s
 17450K .......... .......... .......... .......... .......... 12%  445K 3m47s
 17500K .......... .......... .......... .......... .......... 12%  516K 3m47s
 17550K .......... .......... .......... .......... .......... 12%  515K 3m47s
 17600K .......... .......... .......... .......... .......... 12%  440K 3m47s
 17650K .......... .......... .......... .......... .......... 12%  511K 3m47s
 17700K .......... .......... .......... .......... .......... 12%  436K 3m47s
 17750K .......... .......... .......... .......... .......... 12%  508K 3m47s
 17800K .......... .......... .......... .......... .......... 12%  506K 3m47s
 17850K .......... .......... .......... .......... .......... 12%  431K 3m47s
 17900K .......... .......... .......... .......... .......... 12%  500K 3m47s
 17950K .......... .......... .......... .......... .......... 12%  429K 3m47s
 18000K .......... .......... .......... .......... .......... 12%  498K 3m47s
 18050K .......... .......... .......... .......... .......... 12%  499K 3m47s
 18100K .......... .......... .......... .......... .......... 12%  425K 3m47s
 18150K .......... .......... .......... .......... .......... 12%  492K 3m47s
 18200K .......... .......... .......... .......... .......... 13%  423K 3m47s
 18250K .......... .......... .......... .......... .......... 13%  491K 3m47s
 18300K .......... .......... .......... .......... .......... 13%  489K 3m47s
 18350K .......... .......... .......... .......... .......... 13%  416K 3m47s
 18400K .......... .......... .......... .......... .......... 13%  485K 3m47s
 18450K .......... .......... .......... .......... .......... 13%  415K 3m47s
 18500K .......... .......... .......... .......... .......... 13%  481K 3m47s
 18550K .......... .......... .......... .......... .......... 13%  482K 3m47s
 18600K .......... .......... .......... .......... .......... 13%  410K 3m47s
 18650K .......... .......... .......... .......... .......... 13%  475K 3m47s
 18700K .......... .......... .......... .......... .......... 13%  407K 3m47s
 18750K .......... .......... .......... .......... .......... 13%  475K 3m47s
 18800K .......... .......... .......... .......... .......... 13%  473K 3m47s
 18850K .......... .......... .......... .......... .......... 13%  404K 3m47s
 18900K .......... .......... .......... .......... .......... 13%  470K 3m47s
 18950K .......... .......... .......... .......... .......... 13%  402K 3m47s
 19000K .......... .......... .......... .......... .......... 13%  465K 3m47s
 19050K .......... .......... .......... .......... .......... 13%  465K 3m47s
 19100K .......... .......... .......... .......... .......... 13%  398K 3m47s
 19150K .......... .......... .......... .......... .......... 13%  460K 3m47s
 19200K .......... .......... .......... .......... .......... 13%  395K 3m48s
 19250K .......... .......... .......... .......... .......... 13%  457K 3m48s
 19300K .......... .......... .......... .......... .......... 13%  458K 3m48s
 19350K .......... .......... .......... .......... .......... 13%  390K 3m48s
 19400K .......... .......... .......... .......... .......... 13%  455K 3m48s
 19450K .......... .......... .......... .......... .......... 13%  389K 3m48s
 19500K .......... .......... .......... .......... .......... 13%  448K 3m48s
 19550K .......... .......... .......... .......... .......... 13%  453K 3m48s
 19600K .......... .......... .......... .......... .......... 14%  384K 3m48s
 19650K .......... .......... .......... .......... .......... 14%  449K 3m48s
 19700K .......... .......... .......... .......... .......... 14%  382K 3m48s
 19750K .......... .......... .......... .......... .......... 14%  447K 3m48s
 19800K .......... .......... .......... .......... .......... 14%  444K 3m48s
 19850K .......... .......... .......... .......... .......... 14%  378K 3m48s
 19900K .......... .......... .......... .......... .......... 14%  441K 3m48s
 19950K .......... .......... .......... .......... .......... 14%  377K 3m48s
 20000K .......... .......... .......... .......... .......... 14%  438K 3m48s
 20050K .......... .......... .......... .......... .......... 14%  437K 3m48s
 20100K .......... .......... .......... .......... .......... 14%  373K 3m49s
 20150K .......... .......... .......... .......... .......... 14%  434K 3m49s
 20200K .......... .......... .......... .......... .......... 14%  388K 3m49s
 20250K .......... .......... .......... .......... .......... 14% 1.76M 3m48s
 20300K .......... .......... .......... .......... .......... 14% 3.12M 3m48s
 20350K .......... .......... .......... .......... .......... 14% 2.71M 3m47s
 20400K .......... .......... .......... .......... .......... 14% 3.11M 3m46s
 20450K .......... .......... .......... .......... .......... 14% 2.56M 3m46s
 20500K .......... .......... .......... .......... .......... 14% 2.93M 3m45s
 20550K .......... .......... .......... .......... .......... 14% 2.91M 3m45s
 20600K .......... .......... .......... .......... .......... 14% 2.52M 3m44s
 20650K .......... .......... .......... .......... .......... 14% 2.88M 3m44s
 20700K .......... .......... .......... .......... .......... 14% 2.50M 3m43s
 20750K .......... .......... .......... .......... .......... 14% 2.84M 3m43s
 20800K .......... .......... .......... .......... .......... 14% 2.79M 3m42s
 20850K .......... .......... .......... .......... .......... 14% 2.37M 3m42s
 20900K .......... .......... .......... .......... .......... 14% 2.71M 3m41s
 20950K .......... .......... .......... .......... .......... 14% 2.27M 3m41s
 21000K .......... .......... .......... .......... .......... 15% 2.58M 3m40s
 21050K .......... .......... .......... .......... .......... 15% 2.23M 3m40s
 21100K .......... .......... .......... .......... .......... 15% 2.15M 3m39s
 21150K .......... .......... .......... .......... .......... 15% 2.43M 3m39s
 21200K .......... .......... .......... .......... .......... 15% 2.07M 3m38s
 21250K .......... .......... .......... .......... .......... 15% 2.39M 3m38s
 21300K .......... .......... .......... .......... .......... 15% 2.34M 3m37s
 21350K .......... .......... .......... .......... .......... 15% 1.95M 3m37s
 21400K .......... .......... .......... .......... .......... 15% 2.27M 3m36s
 21450K .......... .......... .......... .......... .......... 15% 1.92M 3m36s
 21500K .......... .......... .......... .......... .......... 15% 2.18M 3m35s
 21550K .......... .......... .......... .......... .......... 15% 2.16M 3m35s
 21600K .......... .......... .......... .......... .......... 15% 1.84M 3m35s
 21650K .......... .......... .......... .......... .......... 15% 2.06M 3m34s
 21700K .......... .......... .......... .......... .......... 15% 1.77M 3m34s
 21750K .......... .......... .......... .......... .......... 15% 2.05M 3m33s
 21800K .......... .......... .......... .......... .......... 15% 2.01M 3m33s
 21850K .......... .......... .......... .......... .......... 15% 1.69M 3m32s
 21900K .......... .......... .......... .......... .......... 15% 1.95M 3m32s
 21950K .......... .......... .......... .......... .......... 15% 1.66M 3m31s
 22000K .......... .......... .......... .......... .......... 15% 1.88M 3m31s
 22050K .......... .......... .......... .......... .......... 15% 1.87M 3m31s
 22100K .......... .......... .......... .......... .......... 15% 1.59M 3m30s
 22150K .......... .......... .......... .......... .......... 15% 1.82M 3m30s
 22200K .......... .......... .......... .......... .......... 15% 1.54M 3m29s
 22250K .......... .......... .......... .......... .......... 15% 1.79M 3m29s
 22300K .......... .......... .......... .......... .......... 15% 1.76M 3m29s
 22350K .......... .......... .......... .......... .......... 15% 1.48M 3m28s
 22400K .......... .......... .......... .......... .......... 16% 1.70M 3m28s
 22450K .......... .......... .......... .......... .......... 16% 1.46M 3m27s
 22500K .......... .......... .......... .......... .......... 16% 1.67M 3m27s
 22550K .......... .......... .......... .......... .......... 16% 1.66M 3m27s
 22600K .......... .......... .......... .......... .......... 16% 1.40M 3m26s
 22650K .......... .......... .......... .......... .......... 16% 1.61M 3m26s
 22700K .......... .......... .......... .......... .......... 16% 1.38M 3m26s
 22750K .......... .......... .......... .......... .......... 16% 1.59M 3m25s
 22800K .......... .......... .......... .......... .......... 16% 1.56M 3m25s
 22850K .......... .......... .......... .......... .......... 16% 1.32M 3m24s
 22900K .......... .......... .......... .......... .......... 16% 1.51M 3m24s
 22950K .......... .......... .......... .......... .......... 16% 1.31M 3m24s
 23000K .......... .......... .......... .......... .......... 16% 1.46M 3m23s
 23050K .......... .......... .......... .......... .......... 16% 1.47M 3m23s
 23100K .......... .......... .......... .......... .......... 16% 1.27M 3m23s
 23150K .......... .......... .......... .......... .......... 16% 1.45M 3m22s
 23200K .......... .......... .......... .......... .......... 16% 1.21M 3m22s
 23250K .......... .......... .......... .......... .......... 16% 1.44M 3m22s
 23300K .......... .......... .......... .......... .......... 16% 1.39M 3m21s
 23350K .......... .......... .......... .......... .......... 16% 1.20M 3m21s
 23400K .......... .......... .......... .......... .......... 16%  486K 3m21s
 23450K .......... .......... .......... .......... .......... 16% 19.8K 3m33s
 23500K .......... .......... .......... .......... .......... 16% 4.62M 3m32s
 23550K .......... .......... .......... .......... .......... 16% 4.81M 3m32s
 23600K .......... .......... .......... .......... .......... 16%  593K 3m32s
 23650K .......... .......... .......... .......... .......... 16% 4.58M 3m31s
 23700K .......... .......... .......... .......... .......... 16% 3.86M 3m31s
 23750K .......... .......... .......... .......... .......... 16% 4.94M 3m30s
 23800K .......... .......... .......... .......... .......... 17% 4.92M 3m30s
 23850K .......... .......... .......... .......... .......... 17% 4.23M 3m29s
 23900K .......... .......... .......... .......... .......... 17% 5.14M 3m29s
 23950K .......... .......... .......... .......... .......... 17% 4.27M 3m29s
 24000K .......... .......... .......... .......... .......... 17% 4.30M 3m28s
 24050K .......... .......... .......... .......... .......... 17% 5.05M 3m28s
 24100K .......... .......... .......... .......... .......... 17% 4.62M 3m27s
 24150K .......... .......... .......... .......... .......... 17% 4.92M 3m27s
 24200K .......... .......... .......... .......... .......... 17% 4.28M 3m26s
 24250K .......... .......... .......... .......... .......... 17% 5.03M 3m26s
 24300K .......... .......... .......... .......... .......... 17% 5.07M 3m25s
 24350K .......... .......... .......... .......... .......... 17% 3.77M 3m25s
 24400K .......... .......... .......... .......... .......... 17% 4.73M 3m24s
 24450K .......... .......... .......... .......... .......... 17% 4.33M 3m24s
 24500K .......... .......... .......... .......... .......... 17% 4.36M 3m23s
 24550K .......... .......... .......... .......... .......... 17% 4.49M 3m23s
 24600K .......... .......... .......... .......... .......... 17% 3.96M 3m23s
 24650K .......... .......... .......... .......... .......... 17% 4.18M 3m22s
 24700K .......... .......... .......... .......... .......... 17% 3.24M 3m22s
 24750K .......... .......... .......... .......... .......... 17% 3.42M 3m21s
 24800K .......... .......... .......... .......... .......... 17% 3.98M 3m21s
 24850K .......... .......... .......... .......... .......... 17% 3.36M 3m20s
 24900K .......... .......... .......... .......... .......... 17% 3.75M 3m20s
 24950K .......... .......... .......... .......... .......... 17% 3.25M 3m20s
 25000K .......... .......... .......... .......... .......... 17% 3.61M 3m19s
 25050K .......... .......... .......... .......... .......... 17% 3.54M 3m19s
 25100K .......... .......... .......... .......... .......... 17% 2.99M 3m18s
 25150K .......... .......... .......... .......... .......... 17% 3.42M 3m18s
 25200K .......... .......... .......... .......... .......... 18% 1.48M 3m18s
 25250K .......... .......... .......... .......... .......... 18% 1.25M 3m17s
 25300K .......... .......... .......... .......... .......... 18% 1.12M 3m17s
 25350K .......... .......... .......... .......... .......... 18% 1.13M 3m17s
 25400K .......... .......... .......... .......... .......... 18% 1.38M 3m16s
 25450K .......... .......... .......... .......... .......... 18% 1.13M 3m16s
 25500K .......... .......... .......... .......... .......... 18% 1.35M 3m16s
 25550K .......... .......... .......... .......... .......... 18% 1.03M 3m16s
 25600K .......... .......... .......... .......... .......... 18% 1.16M 3m15s
 25650K .......... .......... .......... .......... .......... 18% 1.76M 3m15s
 25700K .......... .......... .......... .......... .......... 18% 1.07M 3m15s
 25750K .......... .......... .......... .......... .......... 18% 1.83M 3m14s
 25800K .......... .......... .......... .......... .......... 18% 1.46M 3m14s
 25850K .......... .......... .......... .......... .......... 18% 1.13M 3m14s
 25900K .......... .......... .......... .......... .......... 18% 1.09M 3m13s
 25950K .......... .......... .......... .......... .......... 18% 1.47M 3m13s
 26000K .......... .......... .......... .......... .......... 18% 1.63M 3m13s
 26050K .......... .......... .......... .......... .......... 18% 1.31M 3m13s
 26100K .......... .......... .......... .......... .......... 18% 1.18M 3m12s
 26150K .......... .......... .......... .......... .......... 18% 1.05M 3m12s
 26200K .......... .......... .......... .......... .......... 18% 1.23M 3m12s
 26250K .......... .......... .......... .......... .......... 18%  584K 3m12s
 26300K .......... .......... .......... .......... .......... 18% 1.13M 3m11s
 26350K .......... .......... .......... .......... .......... 18%  869K 3m11s
 26400K .......... .......... .......... .......... .......... 18%  484K 3m11s
 26450K .......... .......... .......... .......... .......... 18% 1.12M 3m11s
 26500K .......... .......... .......... .......... .......... 18%  360K 3m11s
 26550K .......... .......... .......... .......... .......... 18% 2.02M 3m11s
 26600K .......... .......... .......... .......... .......... 19% 1.72M 3m10s
 26650K .......... .......... .......... .......... .......... 19% 1.30M 3m10s
 26700K .......... .......... .......... .......... .......... 19% 1.28M 3m10s
 26750K .......... .......... .......... .......... .......... 19% 1.49M 3m10s
 26800K .......... .......... .......... .......... .......... 19% 1.75M 3m9s
 26850K .......... .......... .......... .......... .......... 19% 1.22M 3m9s
 26900K .......... .......... .......... .......... .......... 19% 1.81M 3m9s
 26950K .......... .......... .......... .......... .......... 19% 1.23M 3m8s
 27000K .......... .......... .......... .......... .......... 19% 1.74M 3m8s
 27050K .......... .......... .......... .......... .......... 19% 1.23M 3m8s
 27100K .......... .......... .......... .......... .......... 19% 1.16M 3m8s
 27150K .......... .......... .......... .......... .......... 19% 1.34M 3m7s
 27200K .......... .......... .......... .......... .......... 19% 1.01M 3m7s
 27250K .......... .......... .......... .......... .......... 19% 1.41M 3m7s
 27300K .......... .......... .......... .......... .......... 19% 1.65M 3m7s
 27350K .......... .......... .......... .......... .......... 19% 1.03M 3m6s
 27400K .......... .......... .......... .......... .......... 19% 1.25M 3m6s
 27450K .......... .......... .......... .......... .......... 19% 1.11M 3m6s
 27500K .......... .......... .......... .......... .......... 19% 1.50M 3m5s
 27550K .......... .......... .......... .......... .......... 19% 1.11M 3m5s
 27600K .......... .......... .......... .......... .......... 19% 1.16M 3m5s
 27650K .......... .......... .......... .......... .......... 19% 1.49M 3m5s
 27700K .......... .......... .......... .......... .......... 19% 1.34M 3m4s
 27750K .......... .......... .......... .......... .......... 19% 1.33M 3m4s
 27800K .......... .......... .......... .......... .......... 19% 1.25M 3m4s
 27850K .......... .......... .......... .......... .......... 19% 1.13M 3m4s
 27900K .......... .......... .......... .......... .......... 19% 1.26M 3m3s
 27950K .......... .......... .......... .......... .......... 19%  928K 3m3s
 28000K .......... .......... .......... .......... .......... 20% 1.16M 3m3s
 28050K .......... .......... .......... .......... .......... 20%  354K 3m3s
 28100K .......... .......... .......... .......... .......... 20% 1.20M 3m3s
 28150K .......... .......... .......... .......... .......... 20% 1.39M 3m3s
 28200K .......... .......... .......... .......... .......... 20% 1.17M 3m2s
 28250K .......... .......... .......... .......... .......... 20% 1.37M 3m2s
 28300K .......... .......... .......... .......... .......... 20% 1.35M 3m2s
 28350K .......... .......... .......... .......... .......... 20% 1.14M 3m2s
 28400K .......... .......... .......... .......... .......... 20% 1.34M 3m1s
 28450K .......... .......... .......... .......... .......... 20% 1.13M 3m1s
 28500K .......... .......... .......... .......... .......... 20% 1.29M 3m1s
 28550K .......... .......... .......... .......... .......... 20% 1.29M 3m1s
 28600K .......... .......... .......... .......... .......... 20% 1.10M 3m0s
 28650K .......... .......... .......... .......... .......... 20% 1.27M 3m0s
 28700K .......... .......... .......... .......... .......... 20% 1.07M 3m0s
 28750K .......... .......... .......... .......... .......... 20% 1.25M 3m0s
 28800K .......... .......... .......... .......... .......... 20% 1.23M 3m0s
 28850K .......... .......... .......... .......... .......... 20% 1.04M 2m59s
 28900K .......... .......... .......... .......... .......... 20% 1.16M 2m59s
 28950K .......... .......... .......... .......... .......... 20% 1.03M 2m59s
 29000K .......... .......... .......... .......... .......... 20% 1.18M 2m59s
 29050K .......... .......... .......... .......... .......... 20% 1.19M 2m58s
 29100K .......... .......... .......... .......... .......... 20% 1.00M 2m58s
 29150K .......... .......... .......... .......... .......... 20% 1.17M 2m58s
 29200K .......... .......... .......... .......... .......... 20% 1004K 2m58s
 29250K .......... .......... .......... .......... .......... 20% 1.15M 2m58s
 29300K .......... .......... .......... .......... .......... 20% 1.13M 2m57s
 29350K .......... .......... .......... .......... .......... 20%  982K 2m57s
 29400K .......... .......... .......... .......... .......... 21% 1.12M 2m57s
 29450K .......... .......... .......... .......... .......... 21%  982K 2m57s
 29500K .......... .......... .......... .......... .......... 21% 1.09M 2m57s
 29550K .......... .......... .......... .......... .......... 21% 1.09M 2m56s
 29600K .......... .......... .......... .......... .......... 21%  952K 2m56s
 29650K .......... .......... .......... .......... .......... 21% 1.07M 2m56s
 29700K .......... .......... .......... .......... .......... 21%  935K 2m56s
 29750K .......... .......... .......... .......... .......... 21% 1.06M 2m56s
 29800K .......... .......... .......... .......... .......... 21% 1.05M 2m55s
 29850K .......... .......... .......... .......... .......... 21%  913K 2m55s
 29900K .......... .......... .......... .......... .......... 21% 1.02M 2m55s
 29950K .......... .......... .......... .......... .......... 21%  904K 2m55s
 30000K .......... .......... .......... .......... .......... 21% 1.02M 2m55s
 30050K .......... .......... .......... .......... .......... 21% 1.02M 2m54s
 30100K .......... .......... .......... .......... .......... 21%  886K 2m54s
 30150K .......... .......... .......... .......... .......... 21% 1023K 2m54s
 30200K .......... .......... .......... .......... .......... 21%  869K 2m54s
 30250K .......... .......... .......... .......... .......... 21% 1001K 2m54s
 30300K .......... .......... .......... .......... .......... 21% 1003K 2m54s
 30350K .......... .......... .......... .......... .......... 21%  851K 2m53s
 30400K .......... .......... .......... .......... .......... 21%  969K 2m53s
 30450K .......... .......... .......... .......... .......... 21%  848K 2m53s
 30500K .......... .......... .......... .......... .......... 21%  978K 2m53s
 30550K .......... .......... .......... .......... .......... 21%  961K 2m53s
 30600K .......... .......... .......... .......... .......... 21%  839K 2m53s
 30650K .......... .......... .......... .......... .......... 21%  954K 2m52s
 30700K .......... .......... .......... .......... .......... 21%  814K 2m52s
 30750K .......... .......... .......... .......... .......... 21%  945K 2m52s
 30800K .......... .......... .......... .......... .......... 22%  937K 2m52s
 30850K .......... .......... .......... .......... .......... 22%  797K 2m52s
 30900K .......... .......... .......... .......... .......... 22%  926K 2m52s
 30950K .......... .......... .......... .......... .......... 22%  788K 2m51s
 31000K .......... .......... .......... .......... .......... 22%  911K 2m51s
 31050K .......... .......... .......... .......... .......... 22%  905K 2m51s
 31100K .......... .......... .......... .......... .......... 22%  764K 2m51s
 31150K .......... .......... .......... .......... .......... 22%  906K 2m51s
 31200K .......... .......... .......... .......... .......... 22%  756K 2m51s
 31250K .......... .......... .......... .......... .......... 22%  884K 2m51s
 31300K .......... .......... .......... .......... .......... 22%  888K 2m50s
 31350K .......... .......... .......... .......... .......... 22%  750K 2m50s
 31400K .......... .......... .......... .......... .......... 22%  870K 2m50s
 31450K .......... .......... .......... .......... .......... 22%  734K 2m50s
 31500K .......... .......... .......... .......... .......... 22%  861K 2m50s
 31550K .......... .......... .......... .......... .......... 22%  855K 2m50s
 31600K .......... .......... .......... .......... .......... 22%  729K 2m50s
 31650K .......... .......... .......... .......... .......... 22%  842K 2m50s
 31700K .......... .......... .......... .......... .......... 22%  717K 2m49s
 31750K .......... .......... .......... .......... .......... 22%  831K 2m49s
 31800K .......... .......... .......... .......... .......... 22%  836K 2m49s
 31850K .......... .......... .......... .......... .......... 22%  705K 2m49s
 31900K .......... .......... .......... .......... .......... 22%  819K 2m49s
 31950K .......... .......... .......... .......... .......... 22%  700K 2m49s
 32000K .......... .......... .......... .......... .......... 22%  809K 2m49s
 32050K .......... .......... .......... .......... .......... 22%  805K 2m49s
 32100K .......... .......... .......... .......... .......... 22%  688K 2m48s
 32150K .......... .......... .......... .......... .......... 22%  795K 2m48s
 32200K .......... .......... .......... .......... .......... 23%  677K 2m48s
 32250K .......... .......... .......... .......... .......... 23%  789K 2m48s
 32300K .......... .......... .......... .......... .......... 23%  787K 2m48s
 32350K .......... .......... .......... .......... .......... 23%  668K 2m48s
 32400K .......... .......... .......... .......... .......... 23%  776K 2m48s
 32450K .......... .......... .......... .......... .......... 23%  633K 2m48s
 32500K .......... .......... .......... .......... .......... 23%  759K 2m48s
 32550K .......... .......... .......... .......... .......... 23%  772K 2m47s
 32600K .......... .......... .......... .......... .......... 23%  654K 2m47s
 32650K .......... .......... .......... .......... .......... 23%  754K 2m47s
 32700K .......... .......... .......... .......... .......... 23%  645K 2m47s
 32750K .......... .......... .......... .......... .......... 23%  747K 2m47s
 32800K .......... .......... .......... .......... .......... 23%  743K 2m47s
 32850K .......... .......... .......... .......... .......... 23%  632K 2m47s
 32900K .......... .......... .......... .......... .......... 23%  738K 2m47s
 32950K .......... .......... .......... .......... .......... 23%  630K 2m47s
 33000K .......... .......... .......... .......... .......... 23%  722K 2m47s
 33050K .......... .......... .......... .......... .......... 23%  725K 2m46s
 33100K .......... .......... .......... .......... .......... 23%  619K 2m46s
 33150K .......... .......... .......... .......... .......... 23%  718K 2m46s
 33200K .......... .......... .......... .......... .......... 23%  613K 2m46s
 33250K .......... .......... .......... .......... .......... 23%  712K 2m46s
 33300K .......... .......... .......... .......... .......... 23%  704K 2m46s
 33350K .......... .......... .......... .......... .......... 23%  602K 2m46s
 33400K .......... .......... .......... .......... .......... 23%  703K 2m46s
 33450K .......... .......... .......... .......... .......... 23%  599K 2m46s
 33500K .......... .......... .......... .......... .......... 23%  694K 2m46s
 33550K .......... .......... .......... .......... .......... 23%  690K 2m46s
 33600K .......... .......... .......... .......... .......... 23%  587K 2m46s
 33650K .......... .......... .......... .......... .......... 24%  689K 2m45s
 33700K .......... .......... .......... .......... .......... 24%  583K 2m45s
 33750K .......... .......... .......... .......... .......... 24%  676K 2m45s
 33800K .......... .......... .......... .......... .......... 24%  675K 2m45s
 33850K .......... .......... .......... .......... .......... 24%  573K 2m45s
 33900K .......... .......... .......... .......... .......... 24%  669K 2m45s
 33950K .......... .......... .......... .......... .......... 24%  570K 2m45s
 34000K .......... .......... .......... .......... .......... 24%  663K 2m45s
 34050K .......... .......... .......... .......... .......... 24%  659K 2m45s
 34100K .......... .......... .......... .......... .......... 24%  564K 2m45s
 34150K .......... .......... .......... .......... .......... 24%  653K 2m45s
 34200K .......... .......... .......... .......... .......... 24%  557K 2m45s
 34250K .......... .......... .......... .......... .......... 24%  648K 2m45s
 34300K .......... .......... .......... .......... .......... 24%  640K 2m45s
 34350K .......... .......... .......... .......... .......... 24%  551K 2m45s
 34400K .......... .......... .......... .......... .......... 24%  640K 2m44s
 34450K .......... .......... .......... .......... .......... 24%  546K 2m44s
 34500K .......... .......... .......... .......... .......... 24%  633K 2m44s
 34550K .......... .......... .......... .......... .......... 24%  631K 2m44s
 34600K .......... .......... .......... .......... .......... 24%  539K 2m44s
 34650K .......... .......... .......... .......... .......... 24%  617K 2m44s
 34700K .......... .......... .......... .......... .......... 24%  313K 2m44s
 34750K .......... .......... .......... .......... .......... 24%  621K 2m44s
 34800K .......... .......... .......... .......... .......... 24%  618K 2m44s
 34850K .......... .......... .......... .......... .......... 24%  526K 2m44s
 34900K .......... .......... .......... .......... .......... 24%  613K 2m44s
 34950K .......... .......... .......... .......... .......... 24%  523K 2m44s
 35000K .......... .......... .......... .......... .......... 24%  606K 2m44s
 35050K .......... .......... .......... .......... .......... 25%  603K 2m44s
 35100K .......... .......... .......... .......... .......... 25%  518K 2m44s
 35150K .......... .......... .......... .......... .......... 25%  599K 2m44s
 35200K .......... .......... .......... .......... .......... 25%  512K 2m44s
 35250K .......... .......... .......... .......... .......... 25%  595K 2m44s
 35300K .......... .......... .......... .......... .......... 25%  592K 2m44s
 35350K .......... .......... .......... .......... .......... 25%  506K 2m44s
 35400K .......... .......... .......... .......... .......... 25%  587K 2m44s
 35450K .......... .......... .......... .......... .......... 25%  501K 2m44s
 35500K .......... .......... .......... .......... .......... 25%  582K 2m44s
 35550K .......... .......... .......... .......... .......... 25%  580K 2m44s
 35600K .......... .......... .......... .......... .......... 25%  497K 2m44s
 35650K .......... .......... .......... .......... .......... 25%  574K 2m43s
 35700K .......... .......... .......... .......... .......... 25%  491K 2m43s
 35750K .......... .......... .......... .......... .......... 25%  571K 2m43s
 35800K .......... .......... .......... .......... .......... 25%  569K 2m43s
 35850K .......... .......... .......... .......... .......... 25%  486K 2m43s
 35900K .......... .......... .......... .......... .......... 25%  565K 2m43s
 35950K .......... .......... .......... .......... .......... 25%  483K 2m43s
 36000K .......... .......... .......... .......... .......... 25%  559K 2m43s
 36050K .......... .......... .......... .......... .......... 25%  559K 2m43s
 36100K .......... .......... .......... .......... .......... 25%  477K 2m43s
 36150K .......... .......... .......... .......... .......... 25%  554K 2m43s
 36200K .......... .......... .......... .......... .......... 25%  471K 2m43s
 36250K .......... .......... .......... .......... .......... 25%  549K 2m43s
 36300K .......... .......... .......... .......... .......... 25%  549K 2m43s
 36350K .......... .......... .......... .......... .......... 25%  467K 2m43s
 36400K .......... .......... .......... .......... .......... 25%  543K 2m43s
 36450K .......... .......... .......... .......... .......... 26%  464K 2m43s
 36500K .......... .......... .......... .......... .......... 26%  537K 2m43s
 36550K .......... .......... .......... .......... .......... 26%  538K 2m43s
 36600K .......... .......... .......... .......... .......... 26%  461K 2m43s
 36650K .......... .......... .......... .......... .......... 26%  533K 2m43s
 36700K .......... .......... .......... .......... .......... 26%  455K 2m43s
 36750K .......... .......... .......... .......... .......... 26%  530K 2m43s
 36800K .......... .......... .......... .......... .......... 26%  528K 2m43s
 36850K .......... .......... .......... .......... .......... 26%  450K 2m43s
 36900K .......... .......... .......... .......... .......... 26%  523K 2m43s
 36950K .......... .......... .......... .......... .......... 26%  447K 2m43s
 37000K .......... .......... .......... .......... .......... 26%  520K 2m43s
 37050K .......... .......... .......... .......... .......... 26%  517K 2m43s
 37100K .......... .......... .......... .......... .......... 26%  441K 2m43s
 37150K .......... .......... .......... .......... .......... 26%  514K 2m43s
 37200K .......... .......... .......... .......... .......... 26%  438K 2m43s
 37250K .......... .......... .......... .......... .......... 26%  513K 2m43s
 37300K .......... .......... .......... .......... .......... 26%  510K 2m43s
 37350K .......... .......... .......... .......... .......... 26%  434K 2m43s
 37400K .......... .......... .......... .......... .......... 26%  506K 2m43s
 37450K .......... .......... .......... .......... .......... 26%  432K 2m43s
 37500K .......... .......... .......... .......... .......... 26%  501K 2m43s
 37550K .......... .......... .......... .......... .......... 26%  501K 2m43s
 37600K .......... .......... .......... .......... .......... 26%  427K 2m43s
 37650K .......... .......... .......... .......... .......... 26%  497K 2m43s
 37700K .......... .......... .......... .......... .......... 26%  423K 2m43s
 37750K .......... .......... .......... .......... .......... 26%  494K 2m43s
 37800K .......... .......... .......... .......... .......... 26%  492K 2m43s
 37850K .......... .......... .......... .......... .......... 27%  419K 2m43s
 37900K .......... .......... .......... .......... .......... 27%  490K 2m43s
 37950K .......... .......... .......... .......... .......... 27%  417K 2m43s
 38000K .......... .......... .......... .......... .......... 27%  486K 2m43s
 38050K .......... .......... .......... .......... .......... 27%  484K 2m43s
 38100K .......... .......... .......... .......... .......... 27%  414K 2m43s
 38150K .......... .......... .......... .......... .......... 27%  475K 2m43s
 38200K .......... .......... .......... .......... .......... 27%  414K 2m43s
 38250K .......... .......... .......... .......... .......... 27%  478K 2m43s
 38300K .......... .......... .......... .......... .......... 27%  476K 2m43s
 38350K .......... .......... .......... .......... .......... 27%  404K 2m43s
 38400K .......... .......... .......... .......... .......... 27%  474K 2m43s
 38450K .......... .......... .......... .......... .......... 27%  402K 2m43s
 38500K .......... .......... .......... .......... .......... 27%  471K 2m43s
 38550K .......... .......... .......... .......... .......... 27%  471K 2m43s
 38600K .......... .......... .......... .......... .......... 27%  400K 2m43s
 38650K .......... .......... .......... .......... .......... 27%  465K 2m43s
 38700K .......... .......... .......... .......... .......... 27%  396K 2m43s
 38750K .......... .......... .......... .......... .......... 27%  463K 2m43s
 38800K .......... .......... .......... .......... .......... 27%  460K 2m43s
 38850K .......... .......... .......... .......... .......... 27%  392K 2m43s
 38900K .......... .......... .......... .......... .......... 27%  453K 2m43s
 38950K .......... .......... .......... .......... .......... 27%  394K 2m43s
 39000K .......... .......... .......... .......... .......... 27%  453K 2m43s
 39050K .......... .......... .......... .......... .......... 27%  453K 2m43s
 39100K .......... .......... .......... .......... .......... 27%  388K 2m43s
 39150K .......... .......... .......... .......... .......... 27%  450K 2m43s
 39200K .......... .......... .......... .......... .......... 27%  350K 2m43s
 39250K .......... .......... .......... .......... .......... 28%  448K 2m43s
 39300K .......... .......... .......... .......... .......... 28%  446K 2m43s
 39350K .......... .......... .......... .......... .......... 28%  382K 2m43s
 39400K .......... .......... .......... .......... .......... 28%  445K 2m43s
 39450K .......... .......... .......... .......... .......... 28%  380K 2m43s
 39500K .......... .......... .......... .......... .......... 28%  441K 2m43s
 39550K .......... .......... .......... .......... .......... 28%  439K 2m43s
 39600K .......... .......... .......... .......... .......... 28%  375K 2m43s
 39650K .......... .......... .......... .......... .......... 28%  437K 2m43s
 39700K .......... .......... .......... .......... .......... 28%  373K 2m43s
 39750K .......... .......... .......... .......... .......... 28%  434K 2m43s
 39800K .......... .......... .......... .......... .......... 28%  434K 2m43s
 39850K .......... .......... .......... .......... .......... 28%  794K 2m43s
 39900K .......... .......... .......... .......... .......... 28% 2.19M 2m43s
 39950K .......... .......... .......... .......... .......... 28% 2.00M 2m43s
 40000K .......... .......... .......... .......... .......... 28% 2.36M 2m42s
 40050K .......... .......... .......... .......... .......... 28% 2.27M 2m42s
 40100K .......... .......... .......... .......... .......... 28% 1.99M 2m42s
 40150K .......... .......... .......... .......... .......... 28% 2.28M 2m42s
 40200K .......... .......... .......... .......... .......... 28% 1.96M 2m42s
 40250K .......... .......... .......... .......... .......... 28% 2.25M 2m41s
 40300K .......... .......... .......... .......... .......... 28% 2.26M 2m41s
 40350K .......... .......... .......... .......... .......... 28% 1.88M 2m41s
 40400K .......... .......... .......... .......... .......... 28% 2.16M 2m41s
 40450K .......... .......... .......... .......... .......... 28% 1.85M 2m40s
 40500K .......... .......... .......... .......... .......... 28% 2.10M 2m40s
 40550K .......... .......... .......... .......... .......... 28% 2.06M 2m40s
 40600K .......... .......... .......... .......... .......... 28% 1.78M 2m40s
 40650K .......... .......... .......... .......... .......... 29% 2.00M 2m40s
 40700K .......... .......... .......... .......... .......... 29% 1.70M 2m39s
 40750K .......... .......... .......... .......... .......... 29% 1.91M 2m39s
 40800K .......... .......... .......... .......... .......... 29% 1.96M 2m39s
 40850K .......... .......... .......... .......... .......... 29% 1.60M 2m39s
 40900K .......... .......... .......... .......... .......... 29% 1.90M 2m39s
 40950K .......... .......... .......... .......... .......... 29% 1.57M 2m38s
 41000K .......... .......... .......... .......... .......... 29% 1.87M 2m38s
 41050K .......... .......... .......... .......... .......... 29% 1.55M 2m38s
 41100K .......... .......... .......... .......... .......... 29% 1.78M 2m38s
 41150K .......... .......... .......... .......... .......... 29% 1.75M 2m38s
 41200K .......... .......... .......... .......... .......... 29% 1.48M 2m37s
 41250K .......... .......... .......... .......... .......... 29% 1.72M 2m37s
 41300K .......... .......... .......... .......... .......... 29% 1.44M 2m37s
 41350K .......... .......... .......... .......... .......... 29% 1.68M 2m37s
 41400K .......... .......... .......... .......... .......... 29% 1.64M 2m37s
 41450K .......... .......... .......... .......... .......... 29% 1.41M 2m36s
 41500K .......... .......... .......... .......... .......... 29% 1.62M 2m36s
 41550K .......... .......... .......... .......... .......... 29% 1.38M 2m36s
 41600K .......... .......... .......... .......... .......... 29% 1.58M 2m36s
 41650K .......... .......... .......... .......... .......... 29% 1.54M 2m36s
 41700K .......... .......... .......... .......... .......... 29% 1.35M 2m35s
 41750K .......... .......... .......... .......... .......... 29% 1.56M 2m35s
 41800K .......... .......... .......... .......... .......... 29% 1.30M 2m35s
 41850K .......... .......... .......... .......... .......... 29% 1.50M 2m35s
 41900K .......... .......... .......... .......... .......... 29% 1.50M 2m35s
 41950K .......... .......... .......... .......... .......... 29% 1.26M 2m35s
 42000K .......... .......... .......... .......... .......... 29% 1.46M 2m34s
 42050K .......... .......... .......... .......... .......... 30% 1.24M 2m34s
 42100K .......... .......... .......... .......... .......... 30% 1.43M 2m34s
 42150K .......... .......... .......... .......... .......... 30% 1.41M 2m34s
 42200K .......... .......... .......... .......... .......... 30% 1.21M 2m34s
 42250K .......... .......... .......... .......... .......... 30% 1.39M 2m33s
 42300K .......... .......... .......... .......... .......... 30% 1.16M 2m33s
 42350K .......... .......... .......... .......... .......... 30% 1.35M 2m33s
 42400K .......... .......... .......... .......... .......... 30% 1.36M 2m33s
 42450K .......... .......... .......... .......... .......... 30% 1.15M 2m33s
 42500K .......... .......... .......... .......... .......... 30% 1.32M 2m33s
 42550K .......... .......... .......... .......... .......... 30% 1.13M 2m32s
 42600K .......... .......... .......... .......... .......... 30% 1.28M 2m32s
 42650K .......... .......... .......... .......... .......... 30% 1.29M 2m32s
 42700K .......... .......... .......... .......... .......... 30% 1.10M 2m32s
 42750K .......... .......... .......... .......... .......... 30% 1.27M 2m32s
 42800K .......... .......... .......... .......... .......... 30% 1.06M 2m32s
 42850K .......... .......... .......... .......... .......... 30% 1.24M 2m31s
 42900K .......... .......... .......... .......... .......... 30% 1.23M 2m31s
 42950K .......... .......... .......... .......... .......... 30% 1.04M 2m31s
 43000K .......... .......... .......... .......... .......... 30% 1.21M 2m31s
 43050K .......... .......... .......... .......... .......... 30% 1.03M 2m31s
 43100K .......... .......... .......... .......... .......... 30% 1.19M 2m31s
 43150K .......... .......... .......... .......... .......... 30% 1.18M 2m31s
 43200K .......... .......... .......... .......... .......... 30% 1.00M 2m30s
 43250K .......... .......... .......... .......... .......... 30% 1.17M 2m30s
 43300K .......... .......... .......... .......... .......... 30% 1008K 2m30s
 43350K .......... .......... .......... .......... .......... 30% 1.14M 2m30s
 43400K .......... .......... .......... .......... .......... 30% 1.13M 2m30s
 43450K .......... .......... .......... .......... .......... 31%  982K 2m30s
 43500K .......... .......... .......... .......... .......... 31% 1.12M 2m29s
 43550K .......... .......... .......... .......... .......... 31%  975K 2m29s
 43600K .......... .......... .......... .......... .......... 31% 1.09M 2m29s
 43650K .......... .......... .......... .......... .......... 31% 1.09M 2m29s
 43700K .......... .......... .......... .......... .......... 31%  951K 2m29s
 43750K .......... .......... .......... .......... .......... 31% 1.08M 2m29s
 43800K .......... .......... .......... .......... .......... 31%  931K 2m29s
 43850K .......... .......... .......... .......... .......... 31% 1.06M 2m28s
 43900K .......... .......... .......... .......... .......... 31% 1.05M 2m28s
 43950K .......... .......... .......... .......... .......... 31%  912K 2m28s
 44000K .......... .......... .......... .......... .......... 31% 1.04M 2m28s
 44050K .......... .......... .......... .......... .......... 31%  903K 2m28s
 44100K .......... .......... .......... .......... .......... 31% 1.02M 2m28s
 44150K .......... .......... .......... .......... .......... 31% 1.01M 2m28s
 44200K .......... .......... .......... .......... .......... 31%  886K 2m28s
 44250K .......... .......... .......... .......... .......... 31% 1024K 2m27s
 44300K .......... .......... .......... .......... .......... 31%  840K 2m27s
 44350K .......... .......... .......... .......... .......... 31% 1.00M 2m27s
 44400K .......... .......... .......... .......... .......... 31% 1005K 2m27s
 44450K .......... .......... .......... .......... .......... 31%  847K 2m27s
 44500K .......... .......... .......... .......... .......... 31%  988K 2m27s
 44550K .......... .......... .......... .......... .......... 31%  839K 2m27s
 44600K .......... .......... .......... .......... .......... 31%  977K 2m27s
 44650K .......... .......... .......... .......... .......... 31%  965K 2m26s
 44700K .......... .......... .......... .......... .......... 31%  825K 2m26s
 44750K .......... .......... .......... .......... .......... 31%  957K 2m26s
 44800K .......... .......... .......... .......... .......... 31%  809K 2m26s
 44850K .......... .......... .......... .......... .......... 32%  938K 2m26s
 44900K .......... .......... .......... .......... .......... 32%  937K 2m26s
 44950K .......... .......... .......... .......... .......... 32%  795K 2m26s
 45000K .......... .......... .......... .......... .......... 32%  927K 2m26s
 45050K .......... .......... .......... .......... .......... 32%  792K 2m25s
 45100K .......... .......... .......... .......... .......... 32%  913K 2m25s
 45150K .......... .......... .......... .......... .......... 32%  907K 2m25s
 45200K .......... .......... .......... .......... .......... 32%  775K 2m25s
 45250K .......... .......... .......... .......... .......... 32%  896K 2m25s
 45300K .......... .......... .......... .......... .......... 32%  745K 2m25s
 45350K .......... .......... .......... .......... .......... 32%  884K 2m25s
 45400K .......... .......... .......... .......... .......... 32%  885K 2m25s
 45450K .......... .......... .......... .......... .......... 32% 64.2K 2m26s
 45500K .......... .......... .......... .......... .......... 32% 2.40M 2m26s
 45550K .......... .......... .......... .......... .......... 32% 1.99M 2m26s
 45600K .......... .......... .......... .......... .......... 32%  583K 2m26s
 45650K .......... .......... .......... .......... .......... 32%  729K 2m26s
 45700K .......... .......... .......... .......... .......... 32% 1.94M 2m25s
 45750K .......... .......... .......... .......... .......... 32% 2.19M 2m25s
 45800K .......... .......... .......... .......... .......... 32% 1.87M 2m25s
 45850K .......... .......... .......... .......... .......... 32% 2.16M 2m25s
 45900K .......... .......... .......... .......... .......... 32% 2.13M 2m25s
 45950K .......... .......... .......... .......... .......... 32% 1.79M 2m24s
 46000K .......... .......... .......... .......... .......... 32% 2.06M 2m24s
 46050K .......... .......... .......... .......... .......... 32% 1.75M 2m24s
 46100K .......... .......... .......... .......... .......... 32% 2.00M 2m24s
 46150K .......... .......... .......... .......... .......... 32% 1.94M 2m24s
 46200K .......... .......... .......... .......... .......... 32% 1.70M 2m24s
 46250K .......... .......... .......... .......... .......... 33% 1.91M 2m23s
 46300K .......... .......... .......... .......... .......... 33% 1.62M 2m23s
 46350K .......... .......... .......... .......... .......... 33% 1.88M 2m23s
 46400K .......... .......... .......... .......... .......... 33% 1.86M 2m23s
 46450K .......... .......... .......... .......... .......... 33% 1.56M 2m23s
 46500K .......... .......... .......... .......... .......... 33% 1.79M 2m22s
 46550K .......... .......... .......... .......... .......... 33% 1.54M 2m22s
 46600K .......... .......... .......... .......... .......... 33% 1.75M 2m22s
 46650K .......... .......... .......... .......... .......... 33% 1.74M 2m22s
 46700K .......... .......... .......... .......... .......... 33% 1.48M 2m22s
 46750K .......... .......... .......... .......... .......... 33% 1.70M 2m22s
 46800K .......... .......... .......... .......... .......... 33% 1.42M 2m21s
 46850K .......... .......... .......... .......... .......... 33% 97.2K 2m22s
 46900K .......... .......... .......... .......... .......... 33% 2.38M 2m22s
 46950K .......... .......... .......... .......... .......... 33% 2.01M 2m22s
 47000K .......... .......... .......... .......... .......... 33% 2.28M 2m22s
 47050K .......... .......... .......... .......... .......... 33% 1.96M 2m22s
 47100K .......... .......... .......... .......... .......... 33% 2.22M 2m21s
 47150K .......... .......... .......... .......... .......... 33% 2.19M 2m21s
 47200K .......... .......... .......... .......... .......... 33% 1.87M 2m21s
 47250K .......... .......... .......... .......... .......... 33% 2.11M 2m21s
 47300K .......... .......... .......... .......... .......... 33% 1.79M 2m21s
 47350K .......... .......... .......... .......... .......... 33% 2.03M 2m20s
 47400K .......... .......... .......... .......... .......... 33% 2.02M 2m20s
 47450K .......... .......... .......... .......... .......... 33% 1.72M 2m20s
 47500K .......... .......... .......... .......... .......... 33% 1.98M 2m20s
 47550K .......... .......... .......... .......... .......... 33% 1.69M 2m20s
 47600K .......... .......... .......... .......... .......... 33% 1.89M 2m20s
 47650K .......... .......... .......... .......... .......... 34% 1.91M 2m19s
 47700K .......... .......... .......... .......... .......... 34% 1.62M 2m19s
 47750K .......... .......... .......... .......... .......... 34% 1.86M 2m19s
 47800K .......... .......... .......... .......... .......... 34% 1.56M 2m19s
 47850K .......... .......... .......... .......... .......... 34% 1.81M 2m19s
 47900K .......... .......... .......... .......... .......... 34% 1.40M 2m19s
 47950K .......... .......... .......... .......... .......... 34% 1.52M 2m18s
 48000K .......... .......... .......... .......... .......... 34% 1.73M 2m18s
 48050K .......... .......... .......... .......... .......... 34% 1.47M 2m18s
 48100K .......... .......... .......... .......... .......... 34% 1.71M 2m18s
 48150K .......... .......... .......... .......... .......... 34% 1.68M 2m18s
 48200K .......... .......... .......... .......... .......... 34% 1.42M 2m18s
 48250K .......... .......... .......... .......... .......... 34% 1.65M 2m18s
 48300K .......... .......... .......... .......... .......... 34% 1.38M 2m17s
 48350K .......... .......... .......... .......... .......... 34% 1.59M 2m17s
 48400K .......... .......... .......... .......... .......... 34% 1.60M 2m17s
 48450K .......... .......... .......... .......... .......... 34% 1.34M 2m17s
 48500K .......... .......... .......... .......... .......... 34% 1.54M 2m17s
 48550K .......... .......... .......... .......... .......... 34% 1.33M 2m17s
 48600K .......... .......... .......... .......... .......... 34% 1.52M 2m16s
 48650K .......... .......... .......... .......... .......... 34% 1.50M 2m16s
 48700K .......... .......... .......... .......... .......... 34% 1.28M 2m16s
 48750K .......... .......... .......... .......... .......... 34% 1.48M 2m16s
 48800K .......... .......... .......... .......... .......... 34% 1.24M 2m16s
 48850K .......... .......... .......... .......... .......... 34% 1.45M 2m16s
 48900K .......... .......... .......... .......... .......... 34% 1.43M 2m16s
 48950K .......... .......... .......... .......... .......... 34% 1.21M 2m15s
 49000K .......... .......... .......... .......... .......... 34% 1.40M 2m15s
 49050K .......... .......... .......... .......... .......... 35% 1.16M 2m15s
 49100K .......... .......... .......... .......... .......... 35% 1.39M 2m15s
 49150K .......... .......... .......... .......... .......... 35% 1.35M 2m15s
 49200K .......... .......... .......... .......... .......... 35% 1.18M 2m15s
 49250K .......... .......... .......... .......... .......... 35% 1.34M 2m15s
 49300K .......... .......... .......... .......... .......... 35% 1.13M 2m14s
 49350K .......... .......... .......... .......... .......... 35% 1.31M 2m14s
 49400K .......... .......... .......... .......... .......... 35% 1.28M 2m14s
 49450K .......... .......... .......... .......... .......... 35% 1.10M 2m14s
 49500K .......... .......... .......... .......... .......... 35% 1.27M 2m14s
 49550K .......... .......... .......... .......... .......... 35% 1.08M 2m14s
 49600K .......... .......... .......... .......... .......... 35% 1.26M 2m14s
 49650K .......... .......... .......... .......... .......... 35%  885K 2m14s
 49700K .......... .......... .......... .......... .......... 35%  310K 2m14s
 49750K .......... .......... .......... .......... .......... 35% 1001K 2m14s
 49800K .......... .......... .......... .......... .......... 35%  494K 2m13s
 49850K .......... .......... .......... .......... .......... 35%  607K 2m13s
 49900K .......... .......... .......... .......... .......... 35%  590K 2m13s
 49950K .......... .......... .......... .......... .......... 35% 33.3K 2m16s
 50000K .......... .......... .......... .......... .......... 35%  559K 2m16s
 50050K .......... .......... .......... .......... .......... 35% 2.85M 2m16s
 50100K .......... .......... .......... .......... .......... 35% 3.24M 2m15s
 50150K .......... .......... .......... .......... .......... 35% 3.21M 2m15s
 50200K .......... .......... .......... .......... .......... 35% 2.72M 2m15s
 50250K .......... .......... .......... .......... .......... 35% 3.04M 2m15s
 50300K .......... .......... .......... .......... .......... 35% 2.52M 2m15s
 50350K .......... .......... .......... .......... .......... 35% 2.98M 2m15s
 50400K .......... .......... .......... .......... .......... 35% 2.90M 2m14s
 50450K .......... .......... .......... .......... .......... 36% 2.41M 2m14s
 50500K .......... .......... .......... .......... .......... 36% 2.76M 2m14s
 50550K .......... .......... .......... .......... .......... 36% 2.33M 2m14s
 50600K .......... .......... .......... .......... .......... 36% 2.65M 2m14s
 50650K .......... .......... .......... .......... .......... 36% 2.55M 2m14s
 50700K .......... .......... .......... .......... .......... 36% 2.24M 2m13s
 50750K .......... .......... .......... .......... .......... 36% 2.53M 2m13s
 50800K .......... .......... .......... .......... .......... 36% 2.11M 2m13s
 50850K .......... .......... .......... .......... .......... 36%  418K 2m13s
 50900K .......... .......... .......... .......... .......... 36%  334K 2m13s
 50950K .......... .......... .......... .......... .......... 36%  357K 2m13s
 51000K .......... .......... .......... .......... .......... 36%  447K 2m13s
 51050K .......... .......... .......... .......... .......... 36%  381K 2m13s
 51100K .......... .......... .......... .......... .......... 36%  379K 2m13s
 51150K .......... .......... .......... .......... .......... 36%  498K 2m13s
 51200K .......... .......... .......... .......... .......... 36%  401K 2m13s
 51250K .......... .......... .......... .......... .......... 36%  301K 2m13s
 51300K .......... .......... .......... .......... .......... 36% 1.26M 2m13s
 51350K .......... .......... .......... .......... .......... 36%  420K 2m13s
 51400K .......... .......... .......... .......... .......... 36% 2.09M 2m13s
 51450K .......... .......... .......... .......... .......... 36% 1014K 2m13s
 51500K .......... .......... .......... .......... .......... 36%  952K 2m13s
 51550K .......... .......... .......... .......... .......... 36%  503K 2m13s
 51600K .......... .......... .......... .......... .......... 36% 1.90M 2m12s
 51650K .......... .......... .......... .......... .......... 36%  365K 2m13s
 51700K .......... .......... .......... .......... .......... 36%  523K 2m12s
 51750K .......... .......... .......... .......... .......... 36%  983K 2m12s
 51800K .......... .......... .......... .......... .......... 36%  738K 2m12s
 51850K .......... .......... .......... .......... .......... 37% 1.35M 2m12s
 51900K .......... .......... .......... .......... .......... 37% 1.05M 2m12s
 51950K .......... .......... .......... .......... .......... 37% 1001K 2m12s
 52000K .......... .......... .......... .......... .......... 37% 1.72M 2m12s
 52050K .......... .......... .......... .......... .......... 37% 1.51M 2m12s
 52100K .......... .......... .......... .......... .......... 37% 1.49M 2m11s
 52150K .......... .......... .......... .......... .......... 37% 1.65M 2m11s
 52200K .......... .......... .......... .......... .......... 37%  966K 2m11s
 52250K .......... .......... .......... .......... .......... 37%  271K 2m11s
 52300K .......... .......... .......... .......... .......... 37% 1.06M 2m11s
 52350K .......... .......... .......... .......... .......... 37%  463K 2m11s
 52400K .......... .......... .......... .......... .......... 37%  356K 2m11s
 52450K .......... .......... .......... .......... .......... 37% 1.38M 2m11s
 52500K .......... .......... .......... .......... .......... 37%  646K 2m11s
 52550K .......... .......... .......... .......... .......... 37%  449K 2m11s
 52600K .......... .......... .......... .......... .......... 37%  601K 2m11s
 52650K .......... .......... .......... .......... .......... 37%  624K 2m11s
 52700K .......... .......... .......... .......... .......... 37%  424K 2m11s
 52750K .......... .......... .......... .......... .......... 37%  630K 2m11s
 52800K .......... .......... .......... .......... .......... 37%  709K 2m11s
 52850K .......... .......... .......... .......... .......... 37%  477K 2m11s
 52900K .......... .......... .......... .......... .......... 37%  584K 2m11s
 52950K .......... .......... .......... .......... .......... 37%  497K 2m11s
 53000K .......... .......... .......... .......... .......... 37%  575K 2m11s
 53050K .......... .......... .......... .......... .......... 37%  643K 2m10s
 53100K .......... .......... .......... .......... .......... 37% 1.01M 2m10s
 53150K .......... .......... .......... .......... .......... 37% 1.40M 2m10s
 53200K .......... .......... .......... .......... .......... 37% 1.16M 2m10s
 53250K .......... .......... .......... .......... .......... 38%  559K 2m10s
 53300K .......... .......... .......... .......... .......... 38%  705K 2m10s
 53350K .......... .......... .......... .......... .......... 38% 1.37M 2m10s
 53400K .......... .......... .......... .......... .......... 38% 1.31M 2m10s
 53450K .......... .......... .......... .......... .......... 38%  668K 2m10s
 53500K .......... .......... .......... .......... .......... 38%  506K 2m10s
 53550K .......... .......... .......... .......... .......... 38%  569K 2m10s
 53600K .......... .......... .......... .......... .......... 38%  500K 2m9s
 53650K .......... .......... .......... .......... .......... 38% 1.29M 2m9s
 53700K .......... .......... .......... .......... .......... 38% 1.05M 2m9s
 53750K .......... .......... .......... .......... .......... 38% 1.23M 2m9s
 53800K .......... .......... .......... .......... .......... 38%  703K 2m9s
 53850K .......... .......... .......... .......... .......... 38%  579K 2m9s
 53900K .......... .......... .......... .......... .......... 38%  767K 2m9s
 53950K .......... .......... .......... .......... .......... 38%  413K 2m9s
 54000K .......... .......... .......... .......... .......... 38%  359K 2m9s
 54050K .......... .......... .......... .......... .......... 38%  580K 2m9s
 54100K .......... .......... .......... .......... .......... 38%  575K 2m9s
 54150K .......... .......... .......... .......... .......... 38%  745K 2m9s
 54200K .......... .......... .......... .......... .......... 38%  749K 2m9s
 54250K .......... .......... .......... .......... .......... 38%  393K 2m9s
 54300K .......... .......... .......... .......... .......... 38%  329K 2m9s
 54350K .......... .......... .......... .......... .......... 38%  379K 2m9s
 54400K .......... .......... .......... .......... .......... 38%  493K 2m9s
 54450K .......... .......... .......... .......... .......... 38%  415K 2m9s
 54500K .......... .......... .......... .......... .......... 38%  388K 2m9s
 54550K .......... .......... .......... .......... .......... 38%  366K 2m9s
 54600K .......... .......... .......... .......... .......... 38%  315K 2m9s
 54650K .......... .......... .......... .......... .......... 39%  634K 2m9s
 54700K .......... .......... .......... .......... .......... 39%  287K 2m9s
 54750K .......... .......... .......... .......... .......... 39%  383K 2m9s
 54800K .......... .......... .......... .......... .......... 39% 41.4K 2m10s
 54850K .......... .......... .......... .......... .......... 39% 2.48M 2m10s
 54900K .......... .......... .......... .......... .......... 39% 2.44M 2m10s
 54950K .......... .......... .......... .......... .......... 39% 2.04M 2m10s
 55000K .......... .......... .......... .......... .......... 39% 2.34M 2m10s
 55050K .......... .......... .......... .......... .......... 39% 1.99M 2m10s
 55100K .......... .......... .......... .......... .......... 39% 2.28M 2m9s
 55150K .......... .......... .......... .......... .......... 39% 2.24M 2m9s
 55200K .......... .......... .......... .......... .......... 39% 1.90M 2m9s
 55250K .......... .......... .......... .......... .......... 39% 2.18M 2m9s
 55300K .......... .......... .......... .......... .......... 39% 1.83M 2m9s
 55350K .......... .......... .......... .......... .......... 39% 2.10M 2m9s
 55400K .......... .......... .......... .......... .......... 39% 2.10M 2m9s
 55450K .......... .......... .......... .......... .......... 39% 1.74M 2m8s
 55500K .......... .......... .......... .......... .......... 39% 1.99M 2m8s
 55550K .......... .......... .......... .......... .......... 39%  564K 2m8s
 55600K .......... .......... .......... .......... .......... 39%  551K 2m8s
 55650K .......... .......... .......... .......... .......... 39%  385K 2m8s
 55700K .......... .......... .......... .......... .......... 39%  359K 2m8s
 55750K .......... .......... .......... .......... .......... 39%  463K 2m8s
 55800K .......... .......... .......... .......... .......... 39%  325K 2m8s
 55850K .......... .......... .......... .......... .......... 39%  595K 2m8s
 55900K .......... .......... .......... .......... .......... 39%  388K 2m8s
 55950K .......... .......... .......... .......... .......... 39%  472K 2m8s
 56000K .......... .......... .......... .......... .......... 39%  830K 2m8s
 56050K .......... .......... .......... .......... .......... 40%  564K 2m8s
 56100K .......... .......... .......... .......... .......... 40%  760K 2m8s
 56150K .......... .......... .......... .......... .......... 40%  689K 2m8s
 56200K .......... .......... .......... .......... .......... 40%  472K 2m8s
 56250K .......... .......... .......... .......... .......... 40%  537K 2m8s
 56300K .......... .......... .......... .......... .......... 40%  316K 2m8s
 56350K .......... .......... .......... .......... .......... 40%  293K 2m8s
 56400K .......... .......... .......... .......... .......... 40% 1.33M 2m8s
 56450K .......... .......... .......... .......... .......... 40% 1.35M 2m7s
 56500K .......... .......... .......... .......... .......... 40% 1.57M 2m7s
 56550K .......... .......... .......... .......... .......... 40% 1.34M 2m7s
 56600K .......... .......... .......... .......... .......... 40% 1.53M 2m7s
 56650K .......... .......... .......... .......... .......... 40% 1.52M 2m7s
 56700K .......... .......... .......... .......... .......... 40% 1.27M 2m7s
 56750K .......... .......... .......... .......... .......... 40% 1.51M 2m7s
 56800K .......... .......... .......... .......... .......... 40% 1.26M 2m7s
 56850K .......... .......... .......... .......... .......... 40% 1.22M 2m6s
 56900K .......... .......... .......... .......... .......... 40%  540K 2m6s
 56950K .......... .......... .......... .......... .......... 40% 1.22M 2m6s
 57000K .......... .......... .......... .......... .......... 40% 1.41M 2m6s
 57050K .......... .......... .......... .......... .......... 40% 1.20M 2m6s
 57100K .......... .......... .......... .......... .......... 40% 1.39M 2m6s
 57150K .......... .......... .......... .......... .......... 40% 1.37M 2m6s
 57200K .......... .......... .......... .......... .......... 40% 1.17M 2m6s
 57250K .......... .......... .......... .......... .......... 40% 1.34M 2m5s
 57300K .......... .......... .......... .......... .......... 40%  931K 2m5s
 57350K .......... .......... .......... .......... .......... 40% 1.33M 2m5s
 57400K .......... .......... .......... .......... .......... 40% 1.31M 2m5s
 57450K .......... .......... .......... .......... .......... 41%  264K 2m5s
 57500K .......... .......... .......... .......... .......... 41% 1.32M 2m5s
 57550K .......... .......... .......... .......... .......... 41% 1.09M 2m5s
 57600K .......... .......... .......... .......... .......... 41%  990K 2m5s
 57650K .......... .......... .......... .......... .......... 41%  972K 2m5s
 57700K .......... .......... .......... .......... .......... 41%  559K 2m5s
 57750K .......... .......... .......... .......... .......... 41%  560K 2m5s
 57800K .......... .......... .......... .......... .......... 41%  562K 2m5s
 57850K .......... .......... .......... .......... .......... 41%  905K 2m4s
 57900K .......... .......... .......... .......... .......... 41% 29.3K 2m7s
 57950K .......... .......... .......... .......... .......... 41%  308K 2m7s
 58000K .......... .......... .......... .......... .......... 41%  535K 2m7s
 58050K .......... .......... .......... .......... .......... 41%  322K 2m7s
 58100K .......... .......... .......... .......... .......... 41%  508K 2m7s
 58150K .......... .......... .......... .......... .......... 41%  871K 2m7s
 58200K .......... .......... .......... .......... .......... 41% 2.70M 2m6s
 58250K .......... .......... .......... .......... .......... 41% 3.03M 2m6s
 58300K .......... .......... .......... .......... .......... 41% 1.96M 2m6s
 58350K .......... .......... .......... .......... .......... 41% 2.69M 2m6s
 58400K .......... .......... .......... .......... .......... 41% 1.22M 2m6s
 58450K .......... .......... .......... .......... .......... 41%  672K 2m6s
 58500K .......... .......... .......... .......... .......... 41%  375K 2m6s
 58550K .......... .......... .......... .......... .......... 41%  338K 2m6s
 58600K .......... .......... .......... .......... .......... 41%  368K 2m6s
 58650K .......... .......... .......... .......... .......... 41%  503K 2m6s
 58700K .......... .......... .......... .......... .......... 41%  535K 2m6s
 58750K .......... .......... .......... .......... .......... 41%  624K 2m6s
 58800K .......... .......... .......... .......... .......... 41%  494K 2m5s
 58850K .......... .......... .......... .......... .......... 42%  704K 2m5s
 58900K .......... .......... .......... .......... .......... 42%  355K 2m5s
 58950K .......... .......... .......... .......... .......... 42%  372K 2m5s
 59000K .......... .......... .......... .......... .......... 42%  512K 2m5s
 59050K .......... .......... .......... .......... .......... 42%  716K 2m5s
 59100K .......... .......... .......... .......... .......... 42% 1.32M 2m5s
 59150K .......... .......... .......... .......... .......... 42% 1.23M 2m5s
 59200K .......... .......... .......... .......... .......... 42% 1.01M 2m5s
 59250K .......... .......... .......... .......... .......... 42% 1.19M 2m5s
 59300K .......... .......... .......... .......... .......... 42%  914K 2m5s
 59350K .......... .......... .......... .......... .......... 42% 1.57M 2m5s
 59400K .......... .......... .......... .......... .......... 42% 1.20M 2m4s
 59450K .......... .......... .......... .......... .......... 42%  659K 2m4s
 59500K .......... .......... .......... .......... .......... 42% 1.03M 2m4s
 59550K .......... .......... .......... .......... .......... 42% 1.01M 2m4s
 59600K .......... .......... .......... .......... .......... 42% 1.39M 2m4s
 59650K .......... .......... .......... .......... .......... 42% 1.02M 2m4s
 59700K .......... .......... .......... .......... .......... 42%  976K 2m4s
 59750K .......... .......... .......... .......... .......... 42%  963K 2m4s
 59800K .......... .......... .......... .......... .......... 42%  855K 2m4s
 59850K .......... .......... .......... .......... .......... 42%  993K 2m3s
 59900K .......... .......... .......... .......... .......... 42% 1.17M 2m3s
 59950K .......... .......... .......... .......... .......... 42% 1005K 2m3s
 60000K .......... .......... .......... .......... .......... 42%  599K 2m3s
 60050K .......... .......... .......... .......... .......... 42% 1.51M 2m3s
 60100K .......... .......... .......... .......... .......... 42% 1.73M 2m3s
 60150K .......... .......... .......... .......... .......... 42% 1.30M 2m3s
 60200K .......... .......... .......... .......... .......... 42% 1.46M 2m3s
 60250K .......... .......... .......... .......... .......... 43% 1.43M 2m2s
 60300K .......... .......... .......... .......... .......... 43%  970K 2m2s
 60350K .......... .......... .......... .......... .......... 43% 1.14M 2m2s
 60400K .......... .......... .......... .......... .......... 43% 1.15M 2m2s
 60450K .......... .......... .......... .......... .......... 43%  549K 2m2s
 60500K .......... .......... .......... .......... .......... 43% 1.51M 2m2s
 60550K .......... .......... .......... .......... .......... 43% 1.21M 2m2s
 60600K .......... .......... .......... .......... .......... 43% 1.57M 2m2s
 60650K .......... .......... .......... .......... .......... 43% 1.45M 2m1s
 60700K .......... .......... .......... .......... .......... 43% 1.03M 2m1s
 60750K .......... .......... .......... .......... .......... 43% 1.41M 2m1s
 60800K .......... .......... .......... .......... .......... 43% 1.10M 2m1s
 60850K .......... .......... .......... .......... .......... 43% 1.38M 2m1s
 60900K .......... .......... .......... .......... .......... 43%  794K 2m1s
 60950K .......... .......... .......... .......... .......... 43%  647K 2m1s
 61000K .......... .......... .......... .......... .......... 43% 1.27M 2m1s
 61050K .......... .......... .......... .......... .......... 43% 1.04M 2m1s
 61100K .......... .......... .......... .......... .......... 43% 1.27M 2m0s
 61150K .......... .......... .......... .......... .......... 43% 1.37M 2m0s
 61200K .......... .......... .......... .......... .......... 43% 1.17M 2m0s
 61250K .......... .......... .......... .......... .......... 43% 1.18M 2m0s
 61300K .......... .......... .......... .......... .......... 43% 1.09M 2m0s
 61350K .......... .......... .......... .......... .......... 43% 1.38M 2m0s
 61400K .......... .......... .......... .......... .......... 43% 1.26M 2m0s
 61450K .......... .......... .......... .......... .......... 43%  609K 2m0s
 61500K .......... .......... .......... .......... .......... 43% 1.31M 2m0s
 61550K .......... .......... .......... .......... .......... 43% 1.07M 1m59s
 61600K .......... .......... .......... .......... .......... 43% 1.26M 1m59s
 61650K .......... .......... .......... .......... .......... 44% 1.26M 1m59s
 61700K .......... .......... .......... .......... .......... 44% 1.06M 1m59s
 61750K .......... .......... .......... .......... .......... 44%  601K 1m59s
 61800K .......... .......... .......... .......... .......... 44% 1.04M 1m59s
 61850K .......... .......... .......... .......... .......... 44% 1.15M 1m59s
 61900K .......... .......... .......... .......... .......... 44% 1.22M 1m59s
 61950K .......... .......... .......... .......... .......... 44% 1.02M 1m59s
 62000K .......... .......... .......... .......... .......... 44% 1.19M 1m58s
 62050K .......... .......... .......... .......... .......... 44% 1023K 1m58s
 62100K .......... .......... .......... .......... .......... 44% 1.17M 1m58s
 62150K .......... .......... .......... .......... .......... 44% 1.15M 1m58s
 62200K .......... .......... .......... .......... .......... 44%  971K 1m58s
 62250K .......... .......... .......... .......... .......... 44% 1.00M 1m58s
 62300K .......... .......... .......... .......... .......... 44%  987K 1m58s
 62350K .......... .......... .......... .......... .......... 44% 1.12M 1m58s
 62400K .......... .......... .......... .......... .......... 44%  591K 1m58s
 62450K .......... .......... .......... .......... .......... 44%  987K 1m57s
 62500K .......... .......... .......... .......... .......... 44% 1020K 1m57s
 62550K .......... .......... .......... .......... .......... 44%  623K 1m57s
 62600K .......... .......... .......... .......... .......... 44%  460K 1m57s
 62650K .......... .......... .......... .......... .......... 44%  538K 1m57s
 62700K .......... .......... .......... .......... .......... 44%  493K 1m57s
 62750K .......... .......... .......... .......... .......... 44%  550K 1m57s
 62800K .......... .......... .......... .......... .......... 44%  563K 1m57s
 62850K .......... .......... .......... .......... .......... 44%  670K 1m57s
 62900K .......... .......... .......... .......... .......... 44%  624K 1m57s
 62950K .......... .......... .......... .......... .......... 44%  593K 1m57s
 63000K .......... .......... .......... .......... .......... 44% 1009K 1m57s
 63050K .......... .......... .......... .......... .......... 45%  864K 1m57s
 63100K .......... .......... .......... .......... .......... 45% 1023K 1m57s
 63150K .......... .......... .......... .......... .......... 45%  500K 1m56s
 63200K .......... .......... .......... .......... .......... 45%  601K 1m56s
 63250K .......... .......... .......... .......... .......... 45% 1001K 1m56s
 63300K .......... .......... .......... .......... .......... 45%  854K 1m56s
 63350K .......... .......... .......... .......... .......... 45%  986K 1m56s
 63400K .......... .......... .......... .......... .......... 45%  992K 1m56s
 63450K .......... .......... .......... .......... .......... 45%  826K 1m56s
 63500K .......... .......... .......... .......... .......... 45%  976K 1m56s
 63550K .......... .......... .......... .......... .......... 45%  757K 1m56s
 63600K .......... .......... .......... .......... .......... 45%  716K 1m56s
 63650K .......... .......... .......... .......... .......... 45%  950K 1m56s
 63700K .......... .......... .......... .......... .......... 45%  810K 1m55s
 63750K .......... .......... .......... .......... .......... 45%  942K 1m55s
 63800K .......... .......... .......... .......... .......... 45%  576K 1m55s
 63850K .......... .......... .......... .......... .......... 45%  927K 1m55s
 63900K .......... .......... .......... .......... .......... 45%  924K 1m55s
 63950K .......... .......... .......... .......... .......... 45%  777K 1m55s
 64000K .......... .......... .......... .......... .......... 45%  911K 1m55s
 64050K .......... .......... .......... .......... .......... 45%  777K 1m55s
 64100K .......... .......... .......... .......... .......... 45%  891K 1m55s
 64150K .......... .......... .......... .......... .......... 45%  888K 1m55s
 64200K .......... .......... .......... .......... .......... 45%  766K 1m54s
 64250K .......... .......... .......... .......... .......... 45%  883K 1m54s
 64300K .......... .......... .......... .......... .......... 45%  749K 1m54s
 64350K .......... .......... .......... .......... .......... 45%  871K 1m54s
 64400K .......... .......... .......... .......... .......... 45%  856K 1m54s
 64450K .......... .......... .......... .......... .......... 46%  742K 1m54s
 64500K .......... .......... .......... .......... .......... 46%  851K 1m54s
 64550K .......... .......... .......... .......... .......... 46%  734K 1m54s
 64600K .......... .......... .......... .......... .......... 46%  836K 1m54s
 64650K .......... .......... .......... .......... .......... 46%  849K 1m54s
 64700K .......... .......... .......... .......... .......... 46%  717K 1m54s
 64750K .......... .......... .......... .......... .......... 46%  827K 1m53s
 64800K .......... .......... .......... .......... .......... 46%  708K 1m53s
 64850K .......... .......... .......... .......... .......... 46%  823K 1m53s
 64900K .......... .......... .......... .......... .......... 46%  820K 1m53s
 64950K .......... .......... .......... .......... .......... 46%  696K 1m53s
 65000K .......... .......... .......... .......... .......... 46%  807K 1m53s
 65050K .......... .......... .......... .......... .......... 46%  689K 1m53s
 65100K .......... .......... .......... .......... .......... 46%  796K 1m53s
 65150K .......... .......... .......... .......... .......... 46%  795K 1m53s
 65200K .......... .......... .......... .......... .......... 46%  678K 1m53s
 65250K .......... .......... .......... .......... .......... 46%  787K 1m53s
 65300K .......... .......... .......... .......... .......... 46%  667K 1m53s
 65350K .......... .......... .......... .......... .......... 46%  770K 1m52s
 65400K .......... .......... .......... .......... .......... 46%  778K 1m52s
 65450K .......... .......... .......... .......... .......... 46%  658K 1m52s
 65500K .......... .......... .......... .......... .......... 46%  764K 1m52s
 65550K .......... .......... .......... .......... .......... 46%  654K 1m52s
 65600K .......... .......... .......... .......... .......... 46%  757K 1m52s
 65650K .......... .......... .......... .......... .......... 46%  752K 1m52s
 65700K .......... .......... .......... .......... .......... 46%  642K 1m52s
 65750K .......... .......... .......... .......... .......... 46%  742K 1m52s
 65800K .......... .......... .......... .......... .......... 46%  633K 1m52s
 65850K .......... .......... .......... .......... .......... 46%  738K 1m52s
 65900K .......... .......... .......... .......... .......... 47%  736K 1m52s
 65950K .......... .......... .......... .......... .......... 47%  625K 1m52s
 66000K .......... .......... .......... .......... .......... 47%  726K 1m51s
 66050K .......... .......... .......... .......... .......... 47%  618K 1m51s
 66100K .......... .......... .......... .......... .......... 47%  723K 1m51s
 66150K .......... .......... .......... .......... .......... 47%  715K 1m51s
 66200K .......... .......... .......... .......... .......... 47%  610K 1m51s
 66250K .......... .......... .......... .......... .......... 47%  702K 1m51s
 66300K .......... .......... .......... .......... .......... 47%  610K 1m51s
 66350K .......... .......... .......... .......... .......... 47%  700K 1m51s
 66400K .......... .......... .......... .......... .......... 47%  700K 1m51s
 66450K .......... .......... .......... .......... .......... 47%  596K 1m51s
 66500K .......... .......... .......... .......... .......... 47%  692K 1m51s
 66550K .......... .......... .......... .......... .......... 47%  589K 1m51s
 66600K .......... .......... .......... .......... .......... 47%  687K 1m51s
 66650K .......... .......... .......... .......... .......... 47%  681K 1m50s
 66700K .......... .......... .......... .......... .......... 47%  580K 1m50s
 66750K .......... .......... .......... .......... .......... 47%  680K 1m50s
 66800K .......... .......... .......... .......... .......... 47%  577K 1m50s
 66850K .......... .......... .......... .......... .......... 47%  663K 1m50s
 66900K .......... .......... .......... .......... .......... 47%  667K 1m50s
 66950K .......... .......... .......... .......... .......... 47%  569K 1m50s
 67000K .......... .......... .......... .......... .......... 47%  667K 1m50s
 67050K .......... .......... .......... .......... .......... 47%  565K 1m50s
 67100K .......... .......... .......... .......... .......... 47%  655K 1m50s
 67150K .......... .......... .......... .......... .......... 47%  651K 1m50s
 67200K .......... .......... .......... .......... .......... 47%  557K 1m50s
 67250K .......... .......... .......... .......... .......... 47%  644K 1m50s
 67300K .......... .......... .......... .......... .......... 48%  547K 1m50s
 67350K .......... .......... .......... .......... .......... 48%  645K 1m50s
 67400K .......... .......... .......... .......... .......... 48%  639K 1m49s
 67450K .......... .......... .......... .......... .......... 48%  544K 1m49s
 67500K .......... .......... .......... .......... .......... 48%  630K 1m49s
 67550K .......... .......... .......... .......... .......... 48%  540K 1m49s
 67600K .......... .......... .......... .......... .......... 48%  628K 1m49s
 67650K .......... .......... .......... .......... .......... 48%  622K 1m49s
 67700K .......... .......... .......... .......... .......... 48%  532K 1m49s
 67750K .......... .......... .......... .......... .......... 48%  620K 1m49s
 67800K .......... .......... .......... .......... .......... 48%  527K 1m49s
 67850K .......... .......... .......... .......... .......... 48%  615K 1m49s
 67900K .......... .......... .......... .......... .......... 48%  611K 1m49s
 67950K .......... .......... .......... .......... .......... 48%  522K 1m49s
 68000K .......... .......... .......... .......... .......... 48%  605K 1m49s
 68050K .......... .......... .......... .......... .......... 48%  518K 1m49s
 68100K .......... .......... .......... .......... .......... 48%  598K 1m49s
 68150K .......... .......... .......... .......... .......... 48%  600K 1m48s
 68200K .......... .......... .......... .......... .......... 48%  511K 1m48s
 68250K .......... .......... .......... .......... .......... 48%  593K 1m48s
 68300K .......... .......... .......... .......... .......... 48%  507K 1m48s
 68350K .......... .......... .......... .......... .......... 48%  587K 1m48s
 68400K .......... .......... .......... .......... .......... 48%  589K 1m48s
 68450K .......... .......... .......... .......... .......... 48%  498K 1m48s
 68500K .......... .......... .......... .......... .......... 48%  582K 1m48s
 68550K .......... .......... .......... .......... .......... 48%  498K 1m48s
 68600K .......... .......... .......... .......... .......... 48%  576K 1m48s
 68650K .......... .......... .......... .......... .......... 48%  574K 1m48s
 68700K .......... .......... .......... .......... .......... 49%  490K 1m48s
 68750K .......... .......... .......... .......... .......... 49%  571K 1m48s
 68800K .......... .......... .......... .......... .......... 49%  485K 1m48s
 68850K .......... .......... .......... .......... .......... 49%  569K 1m48s
 68900K .......... .......... .......... .......... .......... 49%  564K 1m48s
 68950K .......... .......... .......... .......... .......... 49%  479K 1m48s
 69000K .......... .......... .......... .......... .......... 49%  559K 1m48s
 69050K .......... .......... .......... .......... .......... 49%  476K 1m47s
 69100K .......... .......... .......... .......... .......... 49%  557K 1m47s
 69150K .......... .......... .......... .......... .......... 49%  550K 1m47s
 69200K .......... .......... .......... .......... .......... 49%  474K 1m47s
 69250K .......... .......... .......... .......... .......... 49%  546K 1m47s
 69300K .......... .......... .......... .......... .......... 49%  469K 1m47s
 69350K .......... .......... .......... .......... .......... 49%  544K 1m47s
 69400K .......... .......... .......... .......... .......... 49%  545K 1m47s
 69450K .......... .......... .......... .......... .......... 49%  462K 1m47s
 69500K .......... .......... .......... .......... .......... 49%  538K 1m47s
 69550K .......... .......... .......... .......... .......... 49%  461K 1m47s
 69600K .......... .......... .......... .......... .......... 49%  535K 1m47s
 69650K .......... .......... .......... .......... .......... 49%  532K 1m47s
 69700K .......... .......... .......... .......... .......... 49%  455K 1m47s
 69750K .......... .......... .......... .......... .......... 49%  525K 1m47s
 69800K .......... .......... .......... .......... .......... 49%  452K 1m47s
 69850K .......... .......... .......... .......... .......... 49%  522K 1m47s
 69900K .......... .......... .......... .......... .......... 49%  525K 1m47s
 69950K .......... .......... .......... .......... .......... 49%  446K 1m47s
 70000K .......... .......... .......... .......... .......... 49%  520K 1m46s
 70050K .......... .......... .......... .......... .......... 49%  444K 1m46s
 70100K .......... .......... .......... .......... .......... 50%  513K 1m46s
 70150K .......... .......... .......... .......... .......... 50%  516K 1m46s
 70200K .......... .......... .......... .......... .......... 50%  438K 1m46s
 70250K .......... .......... .......... .......... .......... 50%  511K 1m46s
 70300K .......... .......... .......... .......... .......... 50%  435K 1m46s
 70350K .......... .......... .......... .......... .......... 50%  446K 1m46s
 70400K .......... .......... .......... .......... .......... 50%  482K 1m46s
 70450K .......... .......... .......... .......... .......... 50%  428K 1m46s
 70500K .......... .......... .......... .......... .......... 50%  505K 1m46s
 70550K .......... .......... .......... .......... .......... 50%  429K 1m46s
 70600K .......... .......... .......... .......... .......... 50%  498K 1m46s
 70650K .......... .......... .......... .......... .......... 50%  496K 1m46s
 70700K .......... .......... .......... .......... .......... 50%  424K 1m46s
 70750K .......... .......... .......... .......... .......... 50%  494K 1m46s
 70800K .......... .......... .......... .......... .......... 50%  419K 1m46s
 70850K .......... .......... .......... .......... .......... 50%  492K 1m46s
 70900K .......... .......... .......... .......... .......... 50%  488K 1m46s
 70950K .......... .......... .......... .......... .......... 50%  415K 1m46s
 71000K .......... .......... .......... .......... .......... 50%  487K 1m46s
 71050K .......... .......... .......... .......... .......... 50%  414K 1m46s
 71100K .......... .......... .......... .......... .......... 50%  480K 1m45s
 71150K .......... .......... .......... .......... .......... 50%  479K 1m45s
 71200K .......... .......... .......... .......... .......... 50%  411K 1m45s
 71250K .......... .......... .......... .......... .......... 50%  477K 1m45s
 71300K .......... .......... .......... .......... .......... 50%  406K 1m45s
 71350K .......... .......... .......... .......... .......... 50%  474K 1m45s
 71400K .......... .......... .......... .......... .......... 50%  472K 1m45s
 71450K .......... .......... .......... .......... .......... 50%  403K 1m45s
 71500K .......... .......... .......... .......... .......... 51%  466K 1m45s
 71550K .......... .......... .......... .......... .......... 51%  402K 1m45s
 71600K .......... .......... .......... .......... .......... 51%  464K 1m45s
 71650K .......... .......... .......... .......... .......... 51%  464K 1m45s
 71700K .......... .......... .......... .......... .......... 51%  398K 1m45s
 71750K .......... .......... .......... .......... .......... 51%  451K 1m45s
 71800K .......... .......... .......... .......... .......... 51%  389K 1m45s
 71850K .......... .......... .......... .......... .......... 51%  458K 1m45s
 71900K .......... .......... .......... .......... .......... 51%  457K 1m45s
 71950K .......... .......... .......... .......... .......... 51%  390K 1m45s
 72000K .......... .......... .......... .......... .......... 51%  453K 1m45s
 72050K .......... .......... .......... .......... .......... 51%  388K 1m45s
 72100K .......... .......... .......... .......... .......... 51%  450K 1m45s
 72150K .......... .......... .......... .......... .......... 51%  450K 1m45s
 72200K .......... .......... .......... .......... .......... 51%  384K 1m45s
 72250K .......... .......... .......... .......... .......... 51%  430K 1m45s
 72300K .......... .......... .......... .......... .......... 51%  381K 1m45s
 72350K .......... .......... .......... .......... .......... 51%  445K 1m45s
 72400K .......... .......... .......... .......... .......... 51%  443K 1m44s
 72450K .......... .......... .......... .......... .......... 51%  379K 1m44s
 72500K .......... .......... .......... .......... .......... 51%  440K 1m44s
 72550K .......... .......... .......... .......... .......... 51%  376K 1m44s
 72600K .......... .......... .......... .......... .......... 51%  437K 1m44s
 72650K .......... .......... .......... .......... .......... 51%  437K 1m44s
 72700K .......... .......... .......... .......... .......... 51%  373K 1m44s
 72750K .......... .......... .......... .......... .......... 51%  434K 1m44s
 72800K .......... .......... .......... .......... .......... 51%  658K 1m44s
 72850K .......... .......... .......... .......... .......... 51% 3.47M 1m44s
 72900K .......... .......... .......... .......... .......... 52% 3.25M 1m44s
 72950K .......... .......... .......... .......... .......... 52% 2.68M 1m44s
 73000K .......... .......... .......... .......... .......... 52% 3.09M 1m44s
 73050K .......... .......... .......... .......... .......... 52% 2.57M 1m43s
 73100K .......... .......... .......... .......... .......... 52% 2.94M 1m43s
 73150K .......... .......... .......... .......... .......... 52% 2.88M 1m43s
 73200K .......... .......... .......... .......... .......... 52% 2.48M 1m43s
 73250K .......... .......... .......... .......... .......... 52% 2.69M 1m43s
 73300K .......... .......... .......... .......... .......... 52% 2.40M 1m43s
 73350K .......... .......... .......... .......... .......... 52% 2.82M 1m43s
 73400K .......... .......... .......... .......... .......... 52% 2.79M 1m43s
 73450K .......... .......... .......... .......... .......... 52% 2.30M 1m42s
 73500K .......... .......... .......... .......... .......... 52% 2.67M 1m42s
 73550K .......... .......... .......... .......... .......... 52% 2.26M 1m42s
 73600K .......... .......... .......... .......... .......... 52% 2.55M 1m42s
 73650K .......... .......... .......... .......... .......... 52% 2.51M 1m42s
 73700K .......... .......... .......... .......... .......... 52% 2.13M 1m42s
 73750K .......... .......... .......... .......... .......... 52% 2.42M 1m42s
 73800K .......... .......... .......... .......... .......... 52% 2.05M 1m42s
 73850K .......... .......... .......... .......... .......... 52% 2.36M 1m41s
 73900K .......... .......... .......... .......... .......... 52% 2.31M 1m41s
 73950K .......... .......... .......... .......... .......... 52% 1.90M 1m41s
 74000K .......... .......... .......... .......... .......... 52% 2.26M 1m41s
 74050K .......... .......... .......... .......... .......... 52% 1.90M 1m41s
 74100K .......... .......... .......... .......... .......... 52% 2.15M 1m41s
 74150K .......... .......... .......... .......... .......... 52% 2.12M 1m41s
 74200K .......... .......... .......... .......... .......... 52% 1.82M 1m41s
 74250K .......... .......... .......... .......... .......... 52% 2.08M 1m40s
 74300K .......... .......... .......... .......... .......... 53% 1.75M 1m40s
 74350K .......... .......... .......... .......... .......... 53% 2.02M 1m40s
 74400K .......... .......... .......... .......... .......... 53% 2.00M 1m40s
 74450K .......... .......... .......... .......... .......... 53% 1.67M 1m40s
 74500K .......... .......... .......... .......... .......... 53% 1.93M 1m40s
 74550K .......... .......... .......... .......... .......... 53% 1.65M 1m40s
 74600K .......... .......... .......... .......... .......... 53% 1.87M 1m40s
 74650K .......... .......... .......... .......... .......... 53% 1.84M 99s
 74700K .......... .......... .......... .......... .......... 53% 1.57M 99s
 74750K .......... .......... .......... .......... .......... 53% 1.80M 99s
 74800K .......... .......... .......... .......... .......... 53% 1.54M 99s
 74850K .......... .......... .......... .......... .......... 53% 1.78M 99s
 74900K .......... .......... .......... .......... .......... 53% 1.75M 99s
 74950K .......... .......... .......... .......... .......... 53% 1.48M 99s
 75000K .......... .......... .......... .......... .......... 53% 1.70M 99s
 75050K .......... .......... .......... .......... .......... 53% 1.29M 99s
 75100K .......... .......... .......... .......... .......... 53% 1.65M 98s
 75150K .......... .......... .......... .......... .......... 53% 1.66M 98s
 75200K .......... .......... .......... .......... .......... 53% 1.40M 98s
 75250K .......... .......... .......... .......... .......... 53% 1.60M 98s
 75300K .......... .......... .......... .......... .......... 53% 1.36M 98s
 75350K .......... .......... .......... .......... .......... 53% 1.56M 98s
 75400K .......... .......... .......... .......... .......... 53% 1.58M 98s
 75450K .......... .......... .......... .......... .......... 53% 1.32M 98s
 75500K .......... .......... .......... .......... .......... 53% 1.52M 98s
 75550K .......... .......... .......... .......... .......... 53% 1.29M 97s
 75600K .......... .......... .......... .......... .......... 53% 1.48M 97s
 75650K .......... .......... .......... .......... .......... 53% 1.46M 97s
 75700K .......... .......... .......... .......... .......... 54% 1.26M 97s
 75750K .......... .......... .......... .......... .......... 54% 1.44M 97s
 75800K .......... .......... .......... .......... .......... 54% 1.22M 97s
 75850K .......... .......... .......... .......... .......... 54% 1.42M 97s
 75900K .......... .......... .......... .......... .......... 54% 1.40M 97s
 75950K .......... .......... .......... .......... .......... 54% 1.19M 97s
 76000K .......... .......... .......... .......... .......... 54% 1.37M 96s
 76050K .......... .......... .......... .......... .......... 54% 1.15M 96s
 76100K .......... .......... .......... .......... .......... 54% 1.35M 96s
 76150K .......... .......... .......... .......... .......... 54% 1.34M 96s
 76200K .......... .......... .......... .......... .......... 54% 1.14M 96s
 76250K .......... .......... .......... .......... .......... 54% 1.31M 96s
 76300K .......... .......... .......... .......... .......... 54% 1.10M 96s
 76350K .......... .......... .......... .......... .......... 54% 1.28M 96s
 76400K .......... .......... .......... .......... .......... 54% 1.28M 96s
 76450K .......... .......... .......... .......... .......... 54% 1.08M 96s
 76500K .......... .......... .......... .......... .......... 54% 1.24M 95s
 76550K .......... .......... .......... .......... .......... 54% 1.02M 95s
 76600K .......... .......... .......... .......... .......... 54% 1.23M 95s
 76650K .......... .......... .......... .......... .......... 54% 1.22M 95s
 76700K .......... .......... .......... .......... .......... 54% 1.04M 95s
 76750K .......... .......... .......... .......... .......... 54% 1.19M 95s
 76800K .......... .......... .......... .......... .......... 54% 1.02M 95s
 76850K .......... .......... .......... .......... .......... 54% 1.17M 95s
 76900K .......... .......... .......... .......... .......... 54% 1.18M 95s
 76950K .......... .......... .......... .......... .......... 54% 1004K 95s
 77000K .......... .......... .......... .......... .......... 54% 1.17M 94s
 77050K .......... .......... .......... .......... .......... 54%  997K 94s
 77100K .......... .......... .......... .......... .......... 55% 1.14M 94s
 77150K .......... .......... .......... .......... .......... 55% 1.11M 94s
 77200K .......... .......... .......... .......... .......... 55%  985K 94s
 77250K .......... .......... .......... .......... .......... 55% 1.10M 94s
 77300K .......... .......... .......... .......... .......... 55%  953K 94s
 77350K .......... .......... .......... .......... .......... 55% 1.09M 94s
 77400K .......... .......... .......... .......... .......... 55% 1.08M 94s
 77450K .......... .......... .......... .......... .......... 55%  939K 94s
 77500K .......... .......... .......... .......... .......... 55% 1.07M 93s
 77550K .......... .......... .......... .......... .......... 55%  928K 93s
 77600K .......... .......... .......... .......... .......... 55% 1.04M 93s
 77650K .......... .......... .......... .......... .......... 55% 1.04M 93s
 77700K .......... .......... .......... .......... .......... 55%  902K 93s
 77750K .......... .......... .......... .......... .......... 55% 1.03M 93s
 77800K .......... .......... .......... .......... .......... 55%  890K 93s
 77850K .......... .......... .......... .......... .......... 55% 1004K 93s
 77900K .......... .......... .......... .......... .......... 55% 1.00M 93s
 77950K .......... .......... .......... .......... .......... 55%  879K 93s
 78000K .......... .......... .......... .......... .......... 55% 1003K 93s
 78050K .......... .......... .......... .......... .......... 55%  866K 92s
 78100K .......... .......... .......... .......... .......... 55%  993K 92s
 78150K .......... .......... .......... .......... .......... 55%  998K 92s
 78200K .......... .......... .......... .......... .......... 55%  842K 92s
 78250K .......... .......... .......... .......... .......... 55%  984K 92s
 78300K .......... .......... .......... .......... .......... 55%  835K 92s
 78350K .......... .......... .......... .......... .......... 55%  961K 92s
 78400K .......... .......... .......... .......... .......... 55%  963K 92s
 78450K .......... .......... .......... .......... .......... 55%  819K 92s
 78500K .......... .......... .......... .......... .......... 56%  947K 92s
 78550K .......... .......... .......... .......... .......... 56%  810K 92s
 78600K .......... .......... .......... .......... .......... 56%  935K 91s
 78650K .......... .......... .......... .......... .......... 56%  925K 91s
 78700K .......... .......... .......... .......... .......... 56%  784K 91s
 78750K .......... .......... .......... .......... .......... 56%  928K 91s
 78800K .......... .......... .......... .......... .......... 56%  779K 91s
 78850K .......... .......... .......... .......... .......... 56%  903K 91s
 78900K .......... .......... .......... .......... .......... 56%  901K 91s
 78950K .......... .......... .......... .......... .......... 56%  768K 91s
 79000K .......... .......... .......... .......... .......... 56%  889K 91s
 79050K .......... .......... .......... .......... .......... 56%  759K 91s
 79100K .......... .......... .......... .......... .......... 56%  876K 91s
 79150K .......... .......... .......... .......... .......... 56%  872K 90s
 79200K .......... .......... .......... .......... .......... 56%  736K 90s
 79250K .......... .......... .......... .......... .......... 56%  864K 90s
 79300K .......... .......... .......... .......... .......... 56%  732K 90s
 79350K .......... .......... .......... .......... .......... 56%  852K 90s
 79400K .......... .......... .......... .......... .......... 56%  844K 90s
 79450K .......... .......... .......... .......... .......... 56%  723K 90s
 79500K .......... .......... .......... .......... .......... 56%  838K 90s
 79550K .......... .......... .......... .......... .......... 56%  716K 90s
 79600K .......... .......... .......... .......... .......... 56%  824K 90s
 79650K .......... .......... .......... .......... .......... 56%  826K 90s
 79700K .......... .......... .......... .......... .......... 56%  702K 90s
 79750K .......... .......... .......... .......... .......... 56%  813K 89s
 79800K .......... .......... .......... .......... .......... 56%  692K 89s
 79850K .......... .......... .......... .......... .......... 56%  808K 89s
 79900K .......... .......... .......... .......... .......... 57%  794K 89s
 79950K .......... .......... .......... .......... .......... 57%  688K 89s
 80000K .......... .......... .......... .......... .......... 57%  792K 89s
 80050K .......... .......... .......... .......... .......... 57%  677K 89s
 80100K .......... .......... .......... .......... .......... 57%  783K 89s
 80150K .......... .......... .......... .......... .......... 57%  776K 89s
 80200K .......... .......... .......... .......... .......... 57%  663K 89s
 80250K .......... .......... .......... .......... .......... 57%  777K 89s
 80300K .......... .......... .......... .......... .......... 57%  654K 89s
 80350K .......... .......... .......... .......... .......... 57%  764K 89s
 80400K .......... .......... .......... .......... .......... 57%  759K 88s
 80450K .......... .......... .......... .......... .......... 57%  646K 88s
 80500K .......... .......... .......... .......... .......... 57%  752K 88s
 80550K .......... .......... .......... .......... .......... 57%  642K 88s
 80600K .......... .......... .......... .......... .......... 57%  742K 88s
 80650K .......... .......... .......... .......... .......... 57%  733K 88s
 80700K .......... .......... .......... .......... .......... 57%  636K 88s
 80750K .......... .......... .......... .......... .......... 57%  732K 88s
 80800K .......... .......... .......... .......... .......... 57%  624K 88s
 80850K .......... .......... .......... .......... .......... 57%  725K 88s
 80900K .......... .......... .......... .......... .......... 57%  723K 88s
 80950K .......... .......... .......... .......... .......... 57%  615K 88s
 81000K .......... .......... .......... .......... .......... 57%  713K 88s
 81050K .......... .......... .......... .......... .......... 57%  611K 88s
 81100K .......... .......... .......... .......... .......... 57%  707K 87s
 81150K .......... .......... .......... .......... .......... 57%  700K 87s
 81200K .......... .......... .......... .......... .......... 57%  604K 87s
 81250K .......... .......... .......... .......... .......... 57%  697K 87s
 81300K .......... .......... .......... .......... .......... 58%  591K 87s
 81350K .......... .......... .......... .......... .......... 58%  692K 87s
 81400K .......... .......... .......... .......... .......... 58%  685K 87s
 81450K .......... .......... .......... .......... .......... 58%  585K 87s
 81500K .......... .......... .......... .......... .......... 58%  683K 87s
 81550K .......... .......... .......... .......... .......... 58%  581K 87s
 81600K .......... .......... .......... .......... .......... 58%  672K 87s
 81650K .......... .......... .......... .......... .......... 58%  671K 87s
 81700K .......... .......... .......... .......... .......... 58%  573K 87s
 81750K .......... .......... .......... .......... .......... 58%  666K 87s
 81800K .......... .......... .......... .......... .......... 58%  566K 86s
 81850K .......... .......... .......... .......... .......... 58%  659K 86s
 81900K .......... .......... .......... .......... .......... 58%  656K 86s
 81950K .......... .......... .......... .......... .......... 58%  559K 86s
 82000K .......... .......... .......... .......... .......... 58%  651K 86s
 82050K .......... .......... .......... .......... .......... 58%  554K 86s
 82100K .......... .......... .......... .......... .......... 58%  644K 86s
 82150K .......... .......... .......... .......... .......... 58%  634K 86s
 82200K .......... .......... .......... .......... .......... 58%  548K 86s
 82250K .......... .......... .......... .......... .......... 58%  620K 86s
 82300K .......... .......... .......... .......... .......... 58%  545K 86s
 82350K .......... .......... .......... .......... .......... 58%  636K 86s
 82400K .......... .......... .......... .......... .......... 58%  626K 86s
 82450K .......... .......... .......... .......... .......... 58%  536K 86s
 82500K .......... .......... .......... .......... .......... 58%  623K 85s
 82550K .......... .......... .......... .......... .......... 58%  529K 85s
 82600K .......... .......... .......... .......... .......... 58%  619K 85s
 82650K .......... .......... .......... .......... .......... 58%  613K 85s
 82700K .......... .......... .......... .......... .......... 59%  526K 85s
 82750K .......... .......... .......... .......... .......... 59%  607K 85s
 82800K .......... .......... .......... .......... .......... 59%  519K 85s
 82850K .......... .......... .......... .......... .......... 59%  606K 85s
 82900K .......... .......... .......... .......... .......... 59%  601K 85s
 82950K .......... .......... .......... .......... .......... 59%  514K 85s
 83000K .......... .......... .......... .......... .......... 59%  594K 85s
 83050K .......... .......... .......... .......... .......... 59%  511K 85s
 83100K .......... .......... .......... .......... .......... 59%  588K 85s
 83150K .......... .......... .......... .......... .......... 59%  583K 85s
 83200K .......... .......... .......... .......... .......... 59%  507K 85s
 83250K .......... .......... .......... .......... .......... 59%  585K 85s
 83300K .......... .......... .......... .......... .......... 59%  500K 84s
 83350K .......... .......... .......... .......... .......... 59%  579K 84s
 83400K .......... .......... .......... .......... .......... 59%  579K 84s
 83450K .......... .......... .......... .......... .......... 59%  493K 84s
 83500K .......... .......... .......... .......... .......... 59%  574K 84s
 83550K .......... .......... .......... .......... .......... 59%  487K 84s
 83600K .......... .......... .......... .......... .......... 59%  569K 84s
 83650K .......... .......... .......... .......... .......... 59%  570K 84s
 83700K .......... .......... .......... .......... .......... 59%  484K 84s
 83750K .......... .......... .......... .......... .......... 59%  561K 84s
 83800K .......... .......... .......... .......... .......... 59%  479K 84s
 83850K .......... .......... .......... .......... .......... 59%  558K 84s
 83900K .......... .......... .......... .......... .......... 59%  552K 84s
 83950K .......... .......... .......... .......... .......... 59%  475K 84s
 84000K .......... .......... .......... .......... .......... 59%  552K 84s
 84050K .......... .......... .......... .......... .......... 59%  469K 84s
 84100K .......... .......... .......... .......... .......... 60%  549K 83s
 84150K .......... .......... .......... .......... .......... 60%  547K 83s
 84200K .......... .......... .......... .......... .......... 60%  459K 83s
 84250K .......... .......... .......... .......... .......... 60%  541K 83s
 84300K .......... .......... .......... .......... .......... 60%  462K 83s
 84350K .......... .......... .......... .......... .......... 60%  538K 83s
 84400K .......... .......... .......... .......... .......... 60%  534K 83s
 84450K .......... .......... .......... .......... .......... 60%  456K 83s
 84500K .......... .......... .......... .......... .......... 60%  531K 83s
 84550K .......... .......... .......... .......... .......... 60%  452K 83s
 84600K .......... .......... .......... .......... .......... 60%  528K 83s
 84650K .......... .......... .......... .......... .......... 60%  527K 83s
 84700K .......... .......... .......... .......... .......... 60%  448K 83s
 84750K .......... .......... .......... .......... .......... 60%  521K 83s
 84800K .......... .......... .......... .......... .......... 60%  446K 83s
 84850K .......... .......... .......... .......... .......... 60%  518K 83s
 84900K .......... .......... .......... .......... .......... 60%  516K 83s
 84950K .......... .......... .......... .......... .......... 60%  441K 83s
 85000K .......... .......... .......... .......... .......... 60%  511K 82s
 85050K .......... .......... .......... .......... .......... 60%  439K 82s
 85100K .......... .......... .......... .......... .......... 60%  509K 82s
 85150K .......... .......... .......... .......... .......... 60%  505K 82s
 85200K .......... .......... .......... .......... .......... 60%  432K 82s
 85250K .......... .......... .......... .......... .......... 60%  505K 82s
 85300K .......... .......... .......... .......... .......... 60%  372K 82s
 85350K .......... .......... .......... .......... .......... 60%  504K 82s
 85400K .......... .......... .......... .......... .......... 60%  500K 82s
 85450K .......... .......... .......... .......... .......... 60%  425K 82s
 85500K .......... .......... .......... .......... .......... 61%  496K 82s
 85550K .......... .......... .......... .......... .......... 61%  423K 82s
 85600K .......... .......... .......... .......... .......... 61%  440K 82s
 85650K .......... .......... .......... .......... .......... 61%  490K 82s
 85700K .......... .......... .......... .......... .......... 61%  419K 82s
 85750K .......... .......... .......... .......... .......... 61%  486K 82s
 85800K .......... .......... .......... .......... .......... 61%  415K 82s
 85850K .......... .......... .......... .......... .......... 61%  484K 82s
 85900K .......... .......... .......... .......... .......... 61%  480K 82s
 85950K .......... .......... .......... .......... .......... 61%  413K 81s
 86000K .......... .......... .......... .......... .......... 61%  478K 81s
 86050K .......... .......... .......... .......... .......... 61%  409K 81s
 86100K .......... .......... .......... .......... .......... 61%  441K 81s
 86150K .......... .......... .......... .......... .......... 61% 4.57M 81s
 86200K .......... .......... .......... .......... .......... 61% 4.39M 81s
 86250K .......... .......... .......... .......... .......... 61% 4.49M 81s
 86300K .......... .......... .......... .......... .......... 61% 4.25M 81s
 86350K .......... .......... .......... .......... .......... 61% 5.23M 81s
 86400K .......... .......... .......... .......... .......... 61% 4.67M 81s
 86450K .......... .......... .......... .......... .......... 61% 4.10M 81s
 86500K .......... .......... .......... .......... .......... 61% 4.95M 80s
 86550K .......... .......... .......... .......... .......... 61% 3.84M 80s
 86600K .......... .......... .......... .......... .......... 61% 4.91M 80s
 86650K .......... .......... .......... .......... .......... 61% 5.37M 80s
 86700K .......... .......... .......... .......... .......... 61% 4.14M 80s
 86750K .......... .......... .......... .......... .......... 61% 4.59M 80s
 86800K .......... .......... .......... .......... .......... 61% 4.33M 80s
 86850K .......... .......... .......... .......... .......... 61% 4.93M 80s
 86900K .......... .......... .......... .......... .......... 62% 4.37M 79s
 86950K .......... .......... .......... .......... .......... 62% 4.03M 79s
 87000K .......... .......... .......... .......... .......... 62% 4.19M 79s
 87050K .......... .......... .......... .......... .......... 62% 3.84M 79s
 87100K .......... .......... .......... .......... .......... 62% 4.78M 79s
 87150K .......... .......... .......... .......... .......... 62% 4.63M 79s
 87200K .......... .......... .......... .......... .......... 62% 3.99M 79s
 87250K .......... .......... .......... .......... .......... 62% 4.17M 79s
 87300K .......... .......... .......... .......... .......... 62% 3.52M 79s
 87350K .......... .......... .......... .......... .......... 62% 4.30M 78s
 87400K .......... .......... .......... .......... .......... 62% 4.14M 78s
 87450K .......... .......... .......... .......... .......... 62% 3.49M 78s
 87500K .......... .......... .......... .......... .......... 62% 3.87M 78s
 87550K .......... .......... .......... .......... .......... 62% 3.27M 78s
 87600K .......... .......... .......... .......... .......... 62% 3.06M 78s
 87650K .......... .......... .......... .......... .......... 62% 3.71M 78s
 87700K .......... .......... .......... .......... .......... 62% 3.09M 78s
 87750K .......... .......... .......... .......... .......... 62% 3.43M 78s
 87800K .......... .......... .......... .......... .......... 62% 2.91M 77s
 87850K .......... .......... .......... .......... .......... 62% 3.32M 77s
 87900K .......... .......... .......... .......... .......... 62% 3.26M 77s
 87950K .......... .......... .......... .......... .......... 62% 2.72M 77s
 88000K .......... .......... .......... .......... .......... 62% 3.13M 77s
 88050K .......... .......... .......... .......... .......... 62% 2.62M 77s
 88100K .......... .......... .......... .......... .......... 62% 2.96M 77s
 88150K .......... .......... .......... .......... .......... 62% 2.88M 77s
 88200K .......... .......... .......... .......... .......... 62% 2.46M 77s
 88250K .......... .......... .......... .......... .......... 62% 2.78M 77s
 88300K .......... .......... .......... .......... .......... 63% 2.35M 76s
 88350K .......... .......... .......... .......... .......... 63% 2.71M 76s
 88400K .......... .......... .......... .......... .......... 63% 2.63M 76s
 88450K .......... .......... .......... .......... .......... 63% 2.21M 76s
 88500K .......... .......... .......... .......... .......... 63% 2.58M 76s
 88550K .......... .......... .......... .......... .......... 63% 2.16M 76s
 88600K .......... .......... .......... .......... .......... 63% 2.44M 76s
 88650K .......... .......... .......... .......... .......... 63% 2.43M 76s
 88700K .......... .......... .......... .......... .......... 63% 2.05M 76s
 88750K .......... .......... .......... .......... .......... 63% 2.30M 75s
 88800K .......... .......... .......... .......... .......... 63% 1.99M 75s
 88850K .......... .......... .......... .......... .......... 63% 2.27M 75s
 88900K .......... .......... .......... .......... .......... 63% 2.19M 75s
 88950K .......... .......... .......... .......... .......... 63% 1.89M 75s
 89000K .......... .......... .......... .......... .......... 63% 2.17M 75s
 89050K .......... .......... .......... .......... .......... 63% 1.82M 75s
 89100K .......... .......... .......... .......... .......... 63% 2.09M 75s
 89150K .......... .......... .......... .......... .......... 63% 2.08M 75s
 89200K .......... .......... .......... .......... .......... 63% 1.75M 75s
 89250K .......... .......... .......... .......... .......... 63% 1.99M 74s
 89300K .......... .......... .......... .......... .......... 63% 1.70M 74s
 89350K .......... .......... .......... .......... .......... 63% 1.96M 74s
 89400K .......... .......... .......... .......... .......... 63% 1.92M 74s
 89450K .......... .......... .......... .......... .......... 63% 1.63M 74s
 89500K .......... .......... .......... .......... .......... 63% 1.87M 74s
 89550K .......... .......... .......... .......... .......... 63% 1.60M 74s
 89600K .......... .......... .......... .......... .......... 63% 1.76M 74s
 89650K .......... .......... .......... .......... .......... 63% 1.81M 74s
 89700K .......... .......... .......... .......... .......... 64% 1.53M 74s
 89750K .......... .......... .......... .......... .......... 64% 1.74M 73s
 89800K .......... .......... .......... .......... .......... 64% 1.48M 73s
 89850K .......... .......... .......... .......... .......... 64% 1.72M 73s
 89900K .......... .......... .......... .......... .......... 64% 1.68M 73s
 89950K .......... .......... .......... .......... .......... 64% 1.42M 73s
 90000K .......... .......... .......... .......... .......... 64% 1.66M 73s
 90050K .......... .......... .......... .......... .......... 64% 1.40M 73s
 90100K .......... .......... .......... .......... .......... 64% 1.61M 73s
 90150K .......... .......... .......... .......... .......... 64% 1.60M 73s
 90200K .......... .......... .......... .......... .......... 64% 1.35M 73s
 90250K .......... .......... .......... .......... .......... 64% 1.57M 73s
 90300K .......... .......... .......... .......... .......... 64% 1.33M 72s
 90350K .......... .......... .......... .......... .......... 64% 1.52M 72s
 90400K .......... .......... .......... .......... .......... 64% 1.51M 72s
 90450K .......... .......... .......... .......... .......... 64% 1.28M 72s
 90500K .......... .......... .......... .......... .......... 64% 1.49M 72s
 90550K .......... .......... .......... .......... .......... 64% 1.26M 72s
 90600K .......... .......... .......... .......... .......... 64% 1.44M 72s
 90650K .......... .......... .......... .......... .......... 64% 1.44M 72s
 90700K .......... .......... .......... .......... .......... 64% 1.22M 72s
 90750K .......... .......... .......... .......... .......... 64% 1.40M 72s
 90800K .......... .......... .......... .......... .......... 64% 1.19M 71s
 90850K .......... .......... .......... .......... .......... 64% 1.38M 71s
 90900K .......... .......... .......... .......... .......... 64% 1.37M 71s
 90950K .......... .......... .......... .......... .......... 64% 1.15M 71s
 91000K .......... .......... .......... .......... .......... 64% 1.35M 71s
 91050K .......... .......... .......... .......... .......... 64% 1.15M 71s
 91100K .......... .......... .......... .......... .......... 65% 1.31M 71s
 91150K .......... .......... .......... .......... .......... 65% 1.31M 71s
 91200K .......... .......... .......... .......... .......... 65% 1.10M 71s
 91250K .......... .......... .......... .......... .......... 65% 1.28M 71s
 91300K .......... .......... .......... .......... .......... 65% 1.09M 71s
 91350K .......... .......... .......... .......... .......... 65% 1.26M 70s
 91400K .......... .......... .......... .......... .......... 65% 1.24M 70s
 91450K .......... .......... .......... .......... .......... 65% 1.05M 70s
 91500K .......... .......... .......... .......... .......... 65% 1.21M 70s
 91550K .......... .......... .......... .......... .......... 65% 1.06M 70s
 91600K .......... .......... .......... .......... .......... 65% 1.20M 70s
 91650K .......... .......... .......... .......... .......... 65% 1.18M 70s
 91700K .......... .......... .......... .......... .......... 65% 1.02M 70s
 91750K .......... .......... .......... .......... .......... 65% 1.17M 70s
 91800K .......... .......... .......... .......... .......... 65% 1023K 70s
 91850K .......... .......... .......... .......... .......... 65% 1.15M 70s
 91900K .......... .......... .......... .......... .......... 65% 1.15M 70s
 91950K .......... .......... .......... .......... .......... 65%  994K 69s
 92000K .......... .......... .......... .......... .......... 65% 1.13M 69s
 92050K .......... .......... .......... .......... .......... 65%  980K 69s
 92100K .......... .......... .......... .......... .......... 65% 1.11M 69s
 92150K .......... .......... .......... .......... .......... 65% 1.10M 69s
 92200K .......... .......... .......... .......... .......... 65%  952K 69s
 92250K .......... .......... .......... .......... .......... 65% 1.09M 69s
 92300K .......... .......... .......... .......... .......... 65%  941K 69s
 92350K .......... .......... .......... .......... .......... 65% 1.07M 69s
 92400K .......... .......... .......... .......... .......... 65% 1.06M 69s
 92450K .......... .......... .......... .......... .......... 65%  925K 69s
 92500K .......... .......... .......... .......... .......... 66% 1.04M 69s
 92550K .......... .......... .......... .......... .......... 66%  909K 68s
 92600K .......... .......... .......... .......... .......... 66% 1.02M 68s
 92650K .......... .......... .......... .......... .......... 66% 1.03M 68s
 92700K .......... .......... .......... .......... .......... 66%  893K 68s
 92750K .......... .......... .......... .......... .......... 66% 1.00M 68s
 92800K .......... .......... .......... .......... .......... 66%  877K 68s
 92850K .......... .......... .......... .......... .......... 66% 1020K 68s
 92900K .......... .......... .......... .......... .......... 66% 1009K 68s
 92950K .......... .......... .......... .......... .......... 66%  859K 68s
 93000K .......... .......... .......... .......... .......... 66%  994K 68s
 93050K .......... .......... .......... .......... .......... 66%  850K 68s
 93100K .......... .......... .......... .......... .......... 66%  980K 68s
 93150K .......... .......... .......... .......... .......... 66%  964K 67s
 93200K .......... .......... .......... .......... .......... 66%  835K 67s
 93250K .......... .......... .......... .......... .......... 66%  959K 67s
 93300K .......... .......... .......... .......... .......... 66%  820K 67s
 93350K .......... .......... .......... .......... .......... 66%  946K 67s
 93400K .......... .......... .......... .......... .......... 66%  947K 67s
 93450K .......... .......... .......... .......... .......... 66%  804K 67s
 93500K .......... .......... .......... .......... .......... 66%  931K 67s
 93550K .......... .......... .......... .......... .......... 66%  799K 67s
 93600K .......... .......... .......... .......... .......... 66%  902K 67s
 93650K .......... .......... .......... .......... .......... 66%  915K 67s
 93700K .......... .......... .......... .......... .......... 66%  772K 67s
 93750K .......... .......... .......... .......... .......... 66%  912K 67s
 93800K .......... .......... .......... .......... .......... 66%  769K 66s
 93850K .......... .......... .......... .......... .......... 66%  893K 66s
 93900K .......... .......... .......... .......... .......... 67%  887K 66s
 93950K .......... .......... .......... .......... .......... 67%  756K 66s
 94000K .......... .......... .......... .......... .......... 67%  875K 66s
 94050K .......... .......... .......... .......... .......... 67%  747K 66s
 94100K .......... .......... .......... .......... .......... 67%  864K 66s
 94150K .......... .......... .......... .......... .......... 67%  858K 66s
 94200K .......... .......... .......... .......... .......... 67%  737K 66s
 94250K .......... .......... .......... .......... .......... 67%  846K 66s
 94300K .......... .......... .......... .......... .......... 67%  725K 66s
 94350K .......... .......... .......... .......... .......... 67%  842K 66s
 94400K .......... .......... .......... .......... .......... 67%  812K 66s
 94450K .......... .......... .......... .......... .......... 67%  669K 65s
 94500K .......... .......... .......... .......... .......... 67%  813K 65s
 94550K .......... .......... .......... .......... .......... 67%  703K 65s
 94600K .......... .......... .......... .......... .......... 67%  816K 65s
 94650K .......... .......... .......... .......... .......... 67%  812K 65s
 94700K .......... .......... .......... .......... .......... 67% 37.5K 66s
 94750K .......... .......... .......... .......... .......... 67% 2.89M 66s
 94800K .......... .......... .......... .......... .......... 67% 2.50M 65s
 94850K .......... .......... .......... .......... .......... 67% 2.84M 65s
 94900K .......... .......... .......... .......... .......... 67% 1.77M 65s
 94950K .......... .......... .......... .......... .......... 67% 1.20M 65s
 95000K .......... .......... .......... .......... .......... 67% 2.70M 65s
 95050K .......... .......... .......... .......... .......... 67% 2.25M 65s
 95100K .......... .......... .......... .......... .......... 67% 2.54M 65s
 95150K .......... .......... .......... .......... .......... 67% 2.57M 65s
 95200K .......... .......... .......... .......... .......... 67% 2.13M 65s
 95250K .......... .......... .......... .......... .......... 67% 2.43M 65s
 95300K .......... .......... .......... .......... .......... 68% 2.07M 65s
 95350K .......... .......... .......... .......... .......... 68% 2.31M 64s
 95400K .......... .......... .......... .......... .......... 68% 2.33M 64s
 95450K .......... .......... .......... .......... .......... 68% 1.96M 64s
 95500K .......... .......... .......... .......... .......... 68% 2.27M 64s
 95550K .......... .......... .......... .......... .......... 68% 1.90M 64s
 95600K .......... .......... .......... .......... .......... 68% 2.18M 64s
 95650K .......... .......... .......... .......... .......... 68%  119K 64s
 95700K .......... .......... .......... .......... .......... 68% 1.89M 64s
 95750K .......... .......... .......... .......... .......... 68% 1.11M 64s
 95800K .......... .......... .......... .......... .......... 68%  362K 64s
 95850K .......... .......... .......... .......... .......... 68%  516K 64s
 95900K .......... .......... .......... .......... .......... 68%  390K 64s
 95950K .......... .......... .......... .......... .......... 68%  690K 64s
 96000K .......... .......... .......... .......... .......... 68% 1.20M 64s
 96050K .......... .......... .......... .......... .......... 68% 2.59M 63s
 96100K .......... .......... .......... .......... .......... 68% 2.94M 63s
 96150K .......... .......... .......... .......... .......... 68% 2.84M 63s
 96200K .......... .......... .......... .......... .......... 68% 2.47M 63s
 96250K .......... .......... .......... .......... .......... 68% 2.75M 63s
 96300K .......... .......... .......... .......... .......... 68% 2.37M 63s
 96350K .......... .......... .......... .......... .......... 68% 2.70M 63s
 96400K .......... .......... .......... .......... .......... 68% 2.63M 63s
 96450K .......... .......... .......... .......... .......... 68% 2.21M 63s
 96500K .......... .......... .......... .......... .......... 68% 2.53M 63s
 96550K .......... .......... .......... .......... .......... 68% 2.15M 63s
 96600K .......... .......... .......... .......... .......... 68% 2.42M 62s
 96650K .......... .......... .......... .......... .......... 68%  823K 62s
 96700K .......... .......... .......... .......... .......... 69% 2.06M 62s
 96750K .......... .......... .......... .......... .......... 69% 2.21M 62s
 96800K .......... .......... .......... .......... .......... 69% 1.96M 62s
 96850K .......... .......... .......... .......... .......... 69% 2.28M 62s
 96900K .......... .......... .......... .......... .......... 69% 2.22M 62s
 96950K .......... .......... .......... .......... .......... 69%  352K 62s
 97000K .......... .......... .......... .......... .......... 69% 2.21M 62s
 97050K .......... .......... .......... .......... .......... 69%  680K 62s
 97100K .......... .......... .......... .......... .......... 69%  558K 62s
 97150K .......... .......... .......... .......... .......... 69% 2.11M 62s
 97200K .......... .......... .......... .......... .......... 69% 1.75M 61s
 97250K .......... .......... .......... .......... .......... 69% 1.60M 61s
 97300K .......... .......... .......... .......... .......... 69%  484K 61s
 97350K .......... .......... .......... .......... .......... 69%  472K 61s
 97400K .......... .......... .......... .......... .......... 69%  495K 61s
 97450K .......... .......... .......... .......... .......... 69%  486K 61s
 97500K .......... .......... .......... .......... .......... 69%  514K 61s
 97550K .......... .......... .......... .......... .......... 69%  476K 61s
 97600K .......... .......... .......... .......... .......... 69%  520K 61s
 97650K .......... .......... .......... .......... .......... 69%  571K 61s
 97700K .......... .......... .......... .......... .......... 69% 39.4K 61s
 97750K .......... .......... .......... .......... .......... 69% 2.48M 61s
 97800K .......... .......... .......... .......... .......... 69%  967K 61s
 97850K .......... .......... .......... .......... .......... 69% 2.42M 61s
 97900K .......... .......... .......... .......... .......... 69% 2.34M 61s
 97950K .......... .......... .......... .......... .......... 69% 1.95M 61s
 98000K .......... .......... .......... .......... .......... 69% 2.28M 61s
 98050K .......... .......... .......... .......... .......... 69% 1.26M 61s
 98100K .......... .......... .......... .......... .......... 69% 1.98M 61s
 98150K .......... .......... .......... .......... .......... 70% 2.33M 60s
 98200K .......... .......... .......... .......... .......... 70%  708K 60s
 98250K .......... .......... .......... .......... .......... 70% 1.25M 60s
 98300K .......... .......... .......... .......... .......... 70%  761K 60s
 98350K .......... .......... .......... .......... .......... 70%  750K 60s
 98400K .......... .......... .......... .......... .......... 70% 1.23M 60s
 98450K .......... .......... .......... .......... .......... 70%  925K 60s
 98500K .......... .......... .......... .......... .......... 70% 1.04M 60s
 98550K .......... .......... .......... .......... .......... 70% 1.65M 60s
 98600K .......... .......... .......... .......... .......... 70% 1.89M 60s
 98650K .......... .......... .......... .......... .......... 70% 1.88M 60s
 98700K .......... .......... .......... .......... .......... 70% 1.62M 60s
 98750K .......... .......... .......... .......... .......... 70% 1.87M 59s
 98800K .......... .......... .......... .......... .......... 70% 1.56M 59s
 98850K .......... .......... .......... .......... .......... 70% 1.80M 59s
 98900K .......... .......... .......... .......... .......... 70% 1.77M 59s
 98950K .......... .......... .......... .......... .......... 70% 1.48M 59s
 99000K .......... .......... .......... .......... .......... 70% 1.72M 59s
 99050K .......... .......... .......... .......... .......... 70% 1.45M 59s
 99100K .......... .......... .......... .......... .......... 70% 1.66M 59s
 99150K .......... .......... .......... .......... .......... 70% 1.67M 59s
 99200K .......... .......... .......... .......... .......... 70% 1.43M 59s
 99250K .......... .......... .......... .......... .......... 70% 1.63M 59s
 99300K .......... .......... .......... .......... .......... 70% 1.38M 59s
 99350K .......... .......... .......... .......... .......... 70% 1.59M 58s
 99400K .......... .......... .......... .......... .......... 70% 1.10M 58s
 99450K .......... .......... .......... .......... .......... 70% 1.01M 58s
 99500K .......... .......... .......... .......... .......... 70% 1.46M 58s
 99550K .......... .......... .......... .......... .......... 71% 1.23M 58s
 99600K .......... .......... .......... .......... .......... 71% 1.05M 58s
 99650K .......... .......... .......... .......... .......... 71% 1.10M 58s
 99700K .......... .......... .......... .......... .......... 71% 1004K 58s
 99750K .......... .......... .......... .......... .......... 71% 1.22M 58s
 99800K .......... .......... .......... .......... .......... 71% 1.24M 58s
 99850K .......... .......... .......... .......... .......... 71% 1.44M 58s
 99900K .......... .......... .......... .......... .......... 71% 1.38M 57s
 99950K .......... .......... .......... .......... .......... 71% 1.10M 57s
100000K .......... .......... .......... .......... .......... 71%  736K 57s
100050K .......... .......... .......... .......... .......... 71%  389K 57s
100100K .......... .......... .......... .......... .......... 71%  735K 57s
100150K .......... .......... .......... .......... .......... 71%  433K 57s
100200K .......... .......... .......... .......... .......... 71%  393K 57s
100250K .......... .......... .......... .......... .......... 71%  721K 57s
100300K .......... .......... .......... .......... .......... 71% 1.15M 57s
100350K .......... .......... .......... .......... .......... 71%  511K 57s
100400K .......... .......... .......... .......... .......... 71%  792K 57s
100450K .......... .......... .......... .......... .......... 71%  619K 57s
100500K .......... .......... .......... .......... .......... 71%  781K 57s
100550K .......... .......... .......... .......... .......... 71%  900K 57s
100600K .......... .......... .......... .......... .......... 71%  794K 57s
100650K .......... .......... .......... .......... .......... 71% 1.27M 56s
100700K .......... .......... .......... .......... .......... 71% 1.10M 56s
100750K .......... .......... .......... .......... .......... 71% 1.24M 56s
100800K .......... .......... .......... .......... .......... 71% 1.05M 56s
100850K .......... .......... .......... .......... .......... 71% 1.23M 56s
100900K .......... .......... .......... .......... .......... 71% 1.20M 56s
100950K .......... .......... .......... .......... .......... 72% 1.03M 56s
101000K .......... .......... .......... .......... .......... 72% 1.19M 56s
101050K .......... .......... .......... .......... .......... 72%  938K 56s
101100K .......... .......... .......... .......... .......... 72%  913K 56s
101150K .......... .......... .......... .......... .......... 72% 1.16M 56s
101200K .......... .......... .......... .......... .......... 72% 1018K 56s
101250K .......... .......... .......... .......... .......... 72% 1.13M 55s
101300K .......... .......... .......... .......... .......... 72%  699K 55s
101350K .......... .......... .......... .......... .......... 72% 1.17M 55s
101400K .......... .......... .......... .......... .......... 72% 1.12M 55s
101450K .......... .......... .......... .......... .......... 72%  881K 55s
101500K .......... .......... .......... .......... .......... 72% 1.11M 55s
101550K .......... .......... .......... .......... .......... 72%  959K 55s
101600K .......... .......... .......... .......... .......... 72% 1.08M 55s
101650K .......... .......... .......... .......... .......... 72% 1.08M 55s
101700K .......... .......... .......... .......... .......... 72%  938K 55s
101750K .......... .......... .......... .......... .......... 72%  700K 55s
101800K .......... .......... .......... .......... .......... 72%  419K 55s
101850K .......... .......... .......... .......... .......... 72%  435K 55s
101900K .......... .......... .......... .......... .......... 72%  917K 55s
101950K .......... .......... .......... .......... .......... 72%  921K 54s
102000K .......... .......... .......... .......... .......... 72% 1.02M 54s
102050K .......... .......... .......... .......... .......... 72%  891K 54s
102100K .......... .......... .......... .......... .......... 72% 1.00M 54s
102150K .......... .......... .......... .......... .......... 72% 1017K 54s
102200K .......... .......... .......... .......... .......... 72%  876K 54s
102250K .......... .......... .......... .......... .......... 72%  988K 54s
102300K .......... .......... .......... .......... .......... 72%  856K 54s
102350K .......... .......... .......... .......... .......... 73%  994K 54s
102400K .......... .......... .......... .......... .......... 73%  986K 54s
102450K .......... .......... .......... .......... .......... 73%  837K 54s
102500K .......... .......... .......... .......... .......... 73%  975K 54s
102550K .......... .......... .......... .......... .......... 73%  830K 53s
102600K .......... .......... .......... .......... .......... 73%  956K 53s
102650K .......... .......... .......... .......... .......... 73%  947K 53s
102700K .......... .......... .......... .......... .......... 73%  813K 53s
102750K .......... .......... .......... .......... .......... 73%  940K 53s
102800K .......... .......... .......... .......... .......... 73%  801K 53s
102850K .......... .......... .......... .......... .......... 73%  937K 53s
102900K .......... .......... .......... .......... .......... 73%  924K 53s
102950K .......... .......... .......... .......... .......... 73%  786K 53s
103000K .......... .......... .......... .......... .......... 73%  914K 53s
103050K .......... .......... .......... .......... .......... 73%  778K 53s
103100K .......... .......... .......... .......... .......... 73%  897K 53s
103150K .......... .......... .......... .......... .......... 73%  894K 53s
103200K .......... .......... .......... .......... .......... 73%  765K 53s
103250K .......... .......... .......... .......... .......... 73%  881K 52s
103300K .......... .......... .......... .......... .......... 73%  753K 52s
103350K .......... .......... .......... .......... .......... 73%  877K 52s
103400K .......... .......... .......... .......... .......... 73%  866K 52s
103450K .......... .......... .......... .......... .......... 73%  740K 52s
103500K .......... .......... .......... .......... .......... 73%  849K 52s
103550K .......... .......... .......... .......... .......... 73%  730K 52s
103600K .......... .......... .......... .......... .......... 73%  844K 52s
103650K .......... .......... .......... .......... .......... 73%  832K 52s
103700K .......... .......... .......... .......... .......... 73%  713K 52s
103750K .......... .......... .......... .......... .......... 74%  842K 52s
103800K .......... .......... .......... .......... .......... 74%  717K 52s
103850K .......... .......... .......... .......... .......... 74%  826K 52s
103900K .......... .......... .......... .......... .......... 74%  816K 51s
103950K .......... .......... .......... .......... .......... 74%  696K 51s
104000K .......... .......... .......... .......... .......... 74%  799K 51s
104050K .......... .......... .......... .......... .......... 74%  697K 51s
104100K .......... .......... .......... .......... .......... 74%  801K 51s
104150K .......... .......... .......... .......... .......... 74%  802K 51s
104200K .......... .......... .......... .......... .......... 74%  683K 51s
104250K .......... .......... .......... .......... .......... 74%  786K 51s
104300K .......... .......... .......... .......... .......... 74%  670K 51s
104350K .......... .......... .......... .......... .......... 74%  784K 51s
104400K .......... .......... .......... .......... .......... 74%  774K 51s
104450K .......... .......... .......... .......... .......... 74%  661K 51s
104500K .......... .......... .......... .......... .......... 74%  765K 51s
104550K .......... .......... .......... .......... .......... 74%  657K 51s
104600K .......... .......... .......... .......... .......... 74%  751K 50s
104650K .......... .......... .......... .......... .......... 74%  757K 50s
104700K .......... .......... .......... .......... .......... 74%  645K 50s
104750K .......... .......... .......... .......... .......... 74%  746K 50s
104800K .......... .......... .......... .......... .......... 74%  637K 50s
104850K .......... .......... .......... .......... .......... 74%  742K 50s
104900K .......... .......... .......... .......... .......... 74%  736K 50s
104950K .......... .......... .......... .......... .......... 74%  627K 50s
105000K .......... .......... .......... .......... .......... 74%  730K 50s
105050K .......... .......... .......... .......... .......... 74%  622K 50s
105100K .......... .......... .......... .......... .......... 74%  719K 50s
105150K .......... .......... .......... .......... .......... 75%  716K 50s
105200K .......... .......... .......... .......... .......... 75%  616K 50s
105250K .......... .......... .......... .......... .......... 75%  711K 50s
105300K .......... .......... .......... .......... .......... 75%  605K 49s
105350K .......... .......... .......... .......... .......... 75%  705K 49s
105400K .......... .......... .......... .......... .......... 75%  702K 49s
105450K .......... .......... .......... .......... .......... 75%  598K 49s
105500K .......... .......... .......... .......... .......... 75%  694K 49s
105550K .......... .......... .......... .......... .......... 75%  592K 49s
105600K .......... .......... .......... .......... .......... 75%  681K 49s
105650K .......... .......... .......... .......... .......... 75%  685K 49s
105700K .......... .......... .......... .......... .......... 75%  584K 49s
105750K .......... .......... .......... .......... .......... 75%  677K 49s
105800K .......... .......... .......... .......... .......... 75%  579K 49s
105850K .......... .......... .......... .......... .......... 75%  670K 49s
105900K .......... .......... .......... .......... .......... 75%  670K 49s
105950K .......... .......... .......... .......... .......... 75%  569K 49s
106000K .......... .......... .......... .......... .......... 75%  662K 49s
106050K .......... .......... .......... .......... .......... 75%  566K 48s
106100K .......... .......... .......... .......... .......... 75%  656K 48s
106150K .......... .......... .......... .......... .......... 75%  654K 48s
106200K .......... .......... .......... .......... .......... 75%  558K 48s
106250K .......... .......... .......... .......... .......... 75%  642K 48s
106300K .......... .......... .......... .......... .......... 75%  554K 48s
106350K .......... .......... .......... .......... .......... 75%  643K 48s
106400K .......... .......... .......... .......... .......... 75%  640K 48s
106450K .......... .......... .......... .......... .......... 75%  544K 48s
106500K .......... .......... .......... .......... .......... 75%  634K 48s
106550K .......... .......... .......... .......... .......... 76%  536K 48s
106600K .......... .......... .......... .......... .......... 76%  627K 48s
106650K .......... .......... .......... .......... .......... 76%  626K 48s
106700K .......... .......... .......... .......... .......... 76%  533K 48s
106750K .......... .......... .......... .......... .......... 76%  615K 48s
106800K .......... .......... .......... .......... .......... 76%  528K 47s
106850K .......... .......... .......... .......... .......... 76%  617K 47s
106900K .......... .......... .......... .......... .......... 76%  611K 47s
106950K .......... .......... .......... .......... .......... 76%  522K 47s
107000K .......... .......... .......... .......... .......... 76%  600K 47s
107050K .......... .......... .......... .......... .......... 76%  524K 47s
107100K .......... .......... .......... .......... .......... 76%  600K 47s
107150K .......... .......... .......... .......... .......... 76%  601K 47s
107200K .......... .......... .......... .......... .......... 76%  512K 47s
107250K .......... .......... .......... .......... .......... 76%  593K 47s
107300K .......... .......... .......... .......... .......... 76%  507K 47s
107350K .......... .......... .......... .......... .......... 76%  584K 47s
107400K .......... .......... .......... .......... .......... 76%  588K 47s
107450K .......... .......... .......... .......... .......... 76%  501K 47s
107500K .......... .......... .......... .......... .......... 76%  581K 47s
107550K .......... .......... .......... .......... .......... 76%  499K 46s
107600K .......... .......... .......... .......... .......... 76%  578K 46s
107650K .......... .......... .......... .......... .......... 76%  575K 46s
107700K .......... .......... .......... .......... .......... 76%  493K 46s
107750K .......... .......... .......... .......... .......... 76%  570K 46s
107800K .......... .......... .......... .......... .......... 76%  485K 46s
107850K .......... .......... .......... .......... .......... 76%  571K 46s
107900K .......... .......... .......... .......... .......... 76%  554K 46s
107950K .......... .......... .......... .......... .......... 77%  486K 46s
108000K .......... .......... .......... .......... .......... 77%  563K 46s
108050K .......... .......... .......... .......... .......... 77%  480K 46s
108100K .......... .......... .......... .......... .......... 77%  555K 46s
108150K .......... .......... .......... .......... .......... 77%  549K 46s
108200K .......... .......... .......... .......... .......... 77%  473K 46s
108250K .......... .......... .......... .......... .......... 77%  549K 46s
108300K .......... .......... .......... .......... .......... 77%  469K 45s
108350K .......... .......... .......... .......... .......... 77%  546K 45s
108400K .......... .......... .......... .......... .......... 77%  543K 45s
108450K .......... .......... .......... .......... .......... 77%  463K 45s
108500K .......... .......... .......... .......... .......... 77%  541K 45s
108550K .......... .......... .......... .......... .......... 77%  460K 45s
108600K .......... .......... .......... .......... .......... 77%  535K 45s
108650K .......... .......... .......... .......... .......... 77%  533K 45s
108700K .......... .......... .......... .......... .......... 77%  456K 45s
108750K .......... .......... .......... .......... .......... 77%  528K 45s
108800K .......... .......... .......... .......... .......... 77%  452K 45s
108850K .......... .......... .......... .......... .......... 77%  526K 45s
108900K .......... .......... .......... .......... .......... 77%  520K 45s
108950K .......... .......... .......... .......... .......... 77%  448K 45s
109000K .......... .......... .......... .......... .......... 77%  520K 45s
109050K .......... .......... .......... .......... .......... 77%  444K 45s
109100K .......... .......... .......... .......... .......... 77%  515K 44s
109150K .......... .......... .......... .......... .......... 77%  515K 44s
109200K .......... .......... .......... .......... .......... 77%  440K 44s
109250K .......... .......... .......... .......... .......... 77%  509K 44s
109300K .......... .......... .......... .......... .......... 77%  437K 44s
109350K .......... .......... .......... .......... .......... 78%  508K 44s
109400K .......... .......... .......... .......... .......... 78%  504K 44s
109450K .......... .......... .......... .......... .......... 78%  432K 44s
109500K .......... .......... .......... .......... .......... 78%  502K 44s
109550K .......... .......... .......... .......... .......... 78%  429K 44s
109600K .......... .......... .......... .......... .......... 78%  495K 44s
109650K .......... .......... .......... .......... .......... 78%  496K 44s
109700K .......... .......... .......... .......... .......... 78%  426K 44s
109750K .......... .......... .......... .......... .......... 78%  492K 44s
109800K .......... .......... .......... .......... .......... 78%  422K 44s
109850K .......... .......... .......... .......... .......... 78%  489K 44s
109900K .......... .......... .......... .......... .......... 78%  484K 43s
109950K .......... .......... .......... .......... .......... 78%  421K 43s
110000K .......... .......... .......... .......... .......... 78%  486K 43s
110050K .......... .......... .......... .......... .......... 78%  414K 43s
110100K .......... .......... .......... .......... .......... 78%  482K 43s
110150K .......... .......... .......... .......... .......... 78%  481K 43s
110200K .......... .......... .......... .......... .......... 78%  411K 43s
110250K .......... .......... .......... .......... .......... 78%  476K 43s
110300K .......... .......... .......... .......... .......... 78%  406K 43s
110350K .......... .......... .......... .......... .......... 78%  475K 43s
110400K .......... .......... .......... .......... .......... 78%  473K 43s
110450K .......... .......... .......... .......... .......... 78%  403K 43s
110500K .......... .......... .......... .......... .......... 78%  470K 43s
110550K .......... .......... .......... .......... .......... 78%  401K 43s
110600K .......... .......... .......... .......... .......... 78%  466K 43s
110650K .......... .......... .......... .......... .......... 78%  466K 43s
110700K .......... .......... .......... .......... .......... 78%  398K 43s
110750K .......... .......... .......... .......... .......... 79%  462K 42s
110800K .......... .......... .......... .......... .......... 79%  393K 42s
110850K .......... .......... .......... .......... .......... 79%  460K 42s
110900K .......... .......... .......... .......... .......... 79%  456K 42s
110950K .......... .......... .......... .......... .......... 79%  390K 42s
111000K .......... .......... .......... .......... .......... 79%  456K 42s
111050K .......... .......... .......... .......... .......... 79%  389K 42s
111100K .......... .......... .......... .......... .......... 79%  452K 42s
111150K .......... .......... .......... .......... .......... 79%  452K 42s
111200K .......... .......... .......... .......... .......... 79%  386K 42s
111250K .......... .......... .......... .......... .......... 79%  448K 42s
111300K .......... .......... .......... .......... .......... 79%  383K 42s
111350K .......... .......... .......... .......... .......... 79%  446K 42s
111400K .......... .......... .......... .......... .......... 79%  445K 42s
111450K .......... .......... .......... .......... .......... 79%  379K 42s
111500K .......... .......... .......... .......... .......... 79%  442K 42s
111550K .......... .......... .......... .......... .......... 79%  375K 41s
111600K .......... .......... .......... .......... .......... 79%  438K 41s
111650K .......... .......... .......... .......... .......... 79%  436K 41s
111700K .......... .......... .......... .......... .......... 79%  375K 41s
111750K .......... .......... .......... .......... .......... 79%  433K 41s
111800K .......... .......... .......... .......... .......... 79%  370K 41s
111850K .......... .......... .......... .......... .......... 79% 1.20M 41s
111900K .......... .......... .......... .......... .......... 79% 3.23M 41s
111950K .......... .......... .......... .......... .......... 79% 2.68M 41s
112000K .......... .......... .......... .......... .......... 79% 3.19M 41s
112050K .......... .......... .......... .......... .......... 79% 2.53M 41s
112100K .......... .......... .......... .......... .......... 79% 2.96M 41s
112150K .......... .......... .......... .......... .......... 80% 2.75M 41s
112200K .......... .......... .......... .......... .......... 80% 2.52M 41s
112250K .......... .......... .......... .......... .......... 80% 2.80M 40s
112300K .......... .......... .......... .......... .......... 80% 2.46M 40s
112350K .......... .......... .......... .......... .......... 80% 2.89M 40s
112400K .......... .......... .......... .......... .......... 80% 2.83M 40s
112450K .......... .......... .......... .......... .......... 80% 2.35M 40s
112500K .......... .......... .......... .......... .......... 80% 2.73M 40s
112550K .......... .......... .......... .......... .......... 80% 2.28M 40s
112600K .......... .......... .......... .......... .......... 80% 2.59M 40s
112650K .......... .......... .......... .......... .......... 80% 2.22M 40s
112700K .......... .......... .......... .......... .......... 80% 2.16M 40s
112750K .......... .......... .......... .......... .......... 80% 2.40M 40s
112800K .......... .......... .......... .......... .......... 80% 2.09M 39s
112850K .......... .......... .......... .......... .......... 80% 2.41M 39s
112900K .......... .......... .......... .......... .......... 80% 2.32M 39s
112950K .......... .......... .......... .......... .......... 80% 1.95M 39s
113000K .......... .......... .......... .......... .......... 80% 2.21M 39s
113050K .......... .......... .......... .......... .......... 80% 1.84M 39s
113100K .......... .......... .......... .......... .......... 80% 2.06M 39s
113150K .......... .......... .......... .......... .......... 80% 2.19M 39s
113200K .......... .......... .......... .......... .......... 80% 1.83M 39s
113250K .......... .......... .......... .......... .......... 80% 1.91M 39s
113300K .......... .......... .......... .......... .......... 80% 1.79M 39s
113350K .......... .......... .......... .......... .......... 80% 2.03M 39s
113400K .......... .......... .......... .......... .......... 80% 2.01M 38s
113450K .......... .......... .......... .......... .......... 80% 1.68M 38s
113500K .......... .......... .......... .......... .......... 80% 2.00M 38s
113550K .......... .......... .......... .......... .......... 81% 1.65M 38s
113600K .......... .......... .......... .......... .......... 81% 1.83M 38s
113650K .......... .......... .......... .......... .......... 81% 1.87M 38s
113700K .......... .......... .......... .......... .......... 81% 1.60M 38s
113750K .......... .......... .......... .......... .......... 81% 1.82M 38s
113800K .......... .......... .......... .......... .......... 81% 1.56M 38s
113850K .......... .......... .......... .......... .......... 81% 1.80M 38s
113900K .......... .......... .......... .......... .......... 81% 1.76M 38s
113950K .......... .......... .......... .......... .......... 81% 1.49M 38s
114000K .......... .......... .......... .......... .......... 81% 1.73M 38s
114050K .......... .......... .......... .......... .......... 81% 1.45M 37s
114100K .......... .......... .......... .......... .......... 81% 1.67M 37s
114150K .......... .......... .......... .......... .......... 81% 1.67M 37s
114200K .......... .......... .......... .......... .......... 81% 1.41M 37s
114250K .......... .......... .......... .......... .......... 81% 1.62M 37s
114300K .......... .......... .......... .......... .......... 81% 1.37M 37s
114350K .......... .......... .......... .......... .......... 81% 1.59M 37s
114400K .......... .......... .......... .......... .......... 81% 1.56M 37s
114450K .......... .......... .......... .......... .......... 81% 1.33M 37s
114500K .......... .......... .......... .......... .......... 81% 1.54M 37s
114550K .......... .......... .......... .......... .......... 81% 1.30M 37s
114600K .......... .......... .......... .......... .......... 81% 1.49M 37s
114650K .......... .......... .......... .......... .......... 81% 1.48M 36s
114700K .......... .......... .......... .......... .......... 81% 1.27M 36s
114750K .......... .......... .......... .......... .......... 81% 1.45M 36s
114800K .......... .......... .......... .......... .......... 81% 1.23M 36s
114850K .......... .......... .......... .......... .......... 81% 1.43M 36s
114900K .......... .......... .......... .......... .......... 81% 1.41M 36s
114950K .......... .......... .......... .......... .......... 82% 1.18M 36s
115000K .......... .......... .......... .......... .......... 82% 1.39M 36s
115050K .......... .......... .......... .......... .......... 82% 1.17M 36s
115100K .......... .......... .......... .......... .......... 82% 1.35M 36s
115150K .......... .......... .......... .......... .......... 82% 1.34M 36s
115200K .......... .......... .......... .......... .......... 82% 1.15M 36s
115250K .......... .......... .......... .......... .......... 82% 1.31M 36s
115300K .......... .......... .......... .......... .......... 82% 1.12M 35s
115350K .......... .......... .......... .......... .......... 82% 1.23M 35s
115400K .......... .......... .......... .......... .......... 82% 1.22M 35s
115450K .......... .......... .......... .......... .......... 82% 1.06M 35s
115500K .......... .......... .......... .......... .......... 82% 1.25M 35s
115550K .......... .......... .......... .......... .......... 82% 1.04M 35s
115600K .......... .......... .......... .......... .......... 82% 1.23M 35s
115650K .......... .......... .......... .......... .......... 82% 1.23M 35s
115700K .......... .......... .......... .......... .......... 82% 1.03M 35s
115750K .......... .......... .......... .......... .......... 82% 1.20M 35s
115800K .......... .......... .......... .......... .......... 82% 1.02M 35s
115850K .......... .......... .......... .......... .......... 82% 1.19M 35s
115900K .......... .......... .......... .......... .......... 82% 1.17M 35s
115950K .......... .......... .......... .......... .......... 82% 1.00M 34s
116000K .......... .......... .......... .......... .......... 82% 1.15M 34s
116050K .......... .......... .......... .......... .......... 82% 1016K 34s
116100K .......... .......... .......... .......... .......... 82% 1.13M 34s
116150K .......... .......... .......... .......... .......... 82% 1.13M 34s
116200K .......... .......... .......... .......... .......... 82%  985K 34s
116250K .......... .......... .......... .......... .......... 82% 1.10M 34s
116300K .......... .......... .......... .......... .......... 82%  972K 34s
116350K .......... .......... .......... .......... .......... 83% 1.10M 34s
116400K .......... .......... .......... .......... .......... 83% 1.08M 34s
116450K .......... .......... .......... .......... .......... 83%  947K 34s
116500K .......... .......... .......... .......... .......... 83% 1.07M 34s
116550K .......... .......... .......... .......... .......... 83%  933K 34s
116600K .......... .......... .......... .......... .......... 83% 1.05M 33s
116650K .......... .......... .......... .......... .......... 83% 1.05M 33s
116700K .......... .......... .......... .......... .......... 83%  887K 33s
116750K .......... .......... .......... .......... .......... 83% 1.03M 33s
116800K .......... .......... .......... .......... .......... 83%  901K 33s
116850K .......... .......... .......... .......... .......... 83% 1.02M 33s
116900K .......... .......... .......... .......... .......... 83% 1.01M 33s
116950K .......... .......... .......... .......... .......... 83%  876K 33s
117000K .......... .......... .......... .......... .......... 83% 1021K 33s
117050K .......... .......... .......... .......... .......... 83%  867K 33s
117100K .......... .......... .......... .......... .......... 83% 1000K 33s
117150K .......... .......... .......... .......... .......... 83%  997K 33s
117200K .......... .......... .......... .......... .......... 83%  849K 33s
117250K .......... .......... .......... .......... .......... 83%  967K 32s
117300K .......... .......... .......... .......... .......... 83%  841K 32s
117350K .......... .......... .......... .......... .......... 83%  973K 32s
117400K .......... .......... .......... .......... .......... 83%  963K 32s
117450K .......... .......... .......... .......... .......... 83%  823K 32s
117500K .......... .......... .......... .......... .......... 83%  955K 32s
117550K .......... .......... .......... .......... .......... 83%  804K 32s
117600K .......... .......... .......... .......... .......... 83%  935K 32s
117650K .......... .......... .......... .......... .......... 83%  943K 32s
117700K .......... .......... .......... .......... .......... 83%  799K 32s
117750K .......... .......... .......... .......... .......... 84%  917K 32s
117800K .......... .......... .......... .......... .......... 84%  781K 32s
117850K .......... .......... .......... .......... .......... 84%  917K 32s
117900K .......... .......... .......... .......... .......... 84%  904K 32s
117950K .......... .......... .......... .......... .......... 84%  769K 31s
118000K .......... .......... .......... .......... .......... 84%  892K 31s
118050K .......... .......... .......... .......... .......... 84%  762K 31s
118100K .......... .......... .......... .......... .......... 84%  878K 31s
118150K .......... .......... .......... .......... .......... 84%  873K 31s
118200K .......... .......... .......... .......... .......... 84%  752K 31s
118250K .......... .......... .......... .......... .......... 84%  863K 31s
118300K .......... .......... .......... .......... .......... 84%  737K 31s
118350K .......... .......... .......... .......... .......... 84%  857K 31s
118400K .......... .......... .......... .......... .......... 84%  847K 31s
118450K .......... .......... .......... .......... .......... 84%  726K 31s
118500K .......... .......... .......... .......... .......... 84%  834K 31s
118550K .......... .......... .......... .......... .......... 84%  717K 31s
118600K .......... .......... .......... .......... .......... 84%  830K 31s
118650K .......... .......... .......... .......... .......... 84%  823K 30s
118700K .......... .......... .......... .......... .......... 84%  709K 30s
118750K .......... .......... .......... .......... .......... 84%  814K 30s
118800K .......... .......... .......... .......... .......... 84%  696K 30s
118850K .......... .......... .......... .......... .......... 84%  807K 30s
118900K .......... .......... .......... .......... .......... 84%  802K 30s
118950K .......... .......... .......... .......... .......... 84%  685K 30s
119000K .......... .......... .......... .......... .......... 84%  793K 30s
119050K .......... .......... .......... .......... .......... 84%  676K 30s
119100K .......... .......... .......... .......... .......... 84%  783K 30s
119150K .......... .......... .......... .......... .......... 85%  783K 30s
119200K .......... .......... .......... .......... .......... 85%  668K 30s
119250K .......... .......... .......... .......... .......... 85%  772K 30s
119300K .......... .......... .......... .......... .......... 85%  659K 30s
119350K .......... .......... .......... .......... .......... 85%  765K 29s
119400K .......... .......... .......... .......... .......... 85%  760K 29s
119450K .......... .......... .......... .......... .......... 85%  649K 29s
119500K .......... .......... .......... .......... .......... 85%  752K 29s
119550K .......... .......... .......... .......... .......... 85%  645K 29s
119600K .......... .......... .......... .......... .......... 85%  718K 29s
119650K .......... .......... .......... .......... .......... 85%  716K 29s
119700K .......... .......... .......... .......... .......... 85%  636K 29s
119750K .......... .......... .......... .......... .......... 85%  731K 29s
119800K .......... .......... .......... .......... .......... 85%  625K 29s
119850K .......... .......... .......... .......... .......... 85%  728K 29s
119900K .......... .......... .......... .......... .......... 85%  723K 29s
119950K .......... .......... .......... .......... .......... 85%  610K 29s
120000K .......... .......... .......... .......... .......... 85%  722K 29s
120050K .......... .......... .......... .......... .......... 85%  616K 28s
120100K .......... .......... .......... .......... .......... 85%  707K 28s
120150K .......... .......... .......... .......... .......... 85%  701K 28s
120200K .......... .......... .......... .......... .......... 85%  605K 28s
120250K .......... .......... .......... .......... .......... 85%  694K 28s
120300K .......... .......... .......... .......... .......... 85%  601K 28s
120350K .......... .......... .......... .......... .......... 85%  693K 28s
120400K .......... .......... .......... .......... .......... 85%  688K 28s
120450K .......... .......... .......... .......... .......... 85%  586K 28s
120500K .......... .......... .......... .......... .......... 85%  686K 28s
120550K .......... .......... .......... .......... .......... 86%  577K 28s
120600K .......... .......... .......... .......... .......... 86%  676K 28s
120650K .......... .......... .......... .......... .......... 86%  665K 28s
120700K .......... .......... .......... .......... .......... 86%  578K 28s
120750K .......... .......... .......... .......... .......... 86%  667K 27s
120800K .......... .......... .......... .......... .......... 86%  568K 27s
120850K .......... .......... .......... .......... .......... 86%  663K 27s
120900K .......... .......... .......... .......... .......... 86%  656K 27s
120950K .......... .......... .......... .......... .......... 86%  560K 27s
121000K .......... .......... .......... .......... .......... 86%  653K 27s
121050K .......... .......... .......... .......... .......... 86%  557K 27s
121100K .......... .......... .......... .......... .......... 86%  644K 27s
121150K .......... .......... .......... .......... .......... 86%  644K 27s
121200K .......... .......... .......... .......... .......... 86%  549K 27s
121250K .......... .......... .......... .......... .......... 86%  636K 27s
121300K .......... .......... .......... .......... .......... 86%  544K 27s
121350K .......... .......... .......... .......... .......... 86%  633K 27s
121400K .......... .......... .......... .......... .......... 86%  629K 27s
121450K .......... .......... .......... .......... .......... 86%  531K 27s
121500K .......... .......... .......... .......... .......... 86%  623K 26s
121550K .......... .......... .......... .......... .......... 86%  532K 26s
121600K .......... .......... .......... .......... .......... 86%  611K 26s
121650K .......... .......... .......... .......... .......... 86%  623K 26s
121700K .......... .......... .......... .......... .......... 86%  525K 26s
121750K .......... .......... .......... .......... .......... 86%  610K 26s
121800K .......... .......... .......... .......... .......... 86%  520K 26s
121850K .......... .......... .......... .......... .......... 86%  608K 26s
121900K .......... .......... .......... .......... .......... 86%  603K 26s
121950K .......... .......... .......... .......... .......... 87%  515K 26s
122000K .......... .......... .......... .......... .......... 87%  597K 26s
122050K .......... .......... .......... .......... .......... 87%  512K 26s
122100K .......... .......... .......... .......... .......... 87%  589K 26s
122150K .......... .......... .......... .......... .......... 87%  594K 26s
122200K .......... .......... .......... .......... .......... 87%  505K 25s
122250K .......... .......... .......... .......... .......... 87%  578K 25s
122300K .......... .......... .......... .......... .......... 87%  502K 25s
122350K .......... .......... .......... .......... .......... 87%  579K 25s
122400K .......... .......... .......... .......... .......... 87%  577K 25s
122450K .......... .......... .......... .......... .......... 87%  498K 25s
122500K .......... .......... .......... .......... .......... 87%  575K 25s
122550K .......... .......... .......... .......... .......... 87%  491K 25s
122600K .......... .......... .......... .......... .......... 87%  568K 25s
122650K .......... .......... .......... .......... .......... 87%  567K 25s
122700K .......... .......... .......... .......... .......... 87%  484K 25s
122750K .......... .......... .......... .......... .......... 87%  564K 25s
122800K .......... .......... .......... .......... .......... 87%  481K 25s
122850K .......... .......... .......... .......... .......... 87%  559K 25s
122900K .......... .......... .......... .......... .......... 87%  476K 25s
122950K .......... .......... .......... .......... .......... 87%  554K 24s
123000K .......... .......... .......... .......... .......... 87%  494K 24s
123050K .......... .......... .......... .......... .......... 87%  468K 24s
123100K .......... .......... .......... .......... .......... 87%  542K 24s
123150K .......... .......... .......... .......... .......... 87%  469K 24s
123200K .......... .......... .......... .......... .......... 87%  544K 24s
123250K .......... .......... .......... .......... .......... 87%  544K 24s
123300K .......... .......... .......... .......... .......... 87%  463K 24s
123350K .......... .......... .......... .......... .......... 88%  539K 24s
123400K .......... .......... .......... .......... .......... 88%  459K 24s
123450K .......... .......... .......... .......... .......... 88%  534K 24s
123500K .......... .......... .......... .......... .......... 88%  534K 24s
123550K .......... .......... .......... .......... .......... 88%  454K 24s
123600K .......... .......... .......... .......... .......... 88%  529K 24s
123650K .......... .......... .......... .......... .......... 88%  452K 24s
123700K .......... .......... .......... .......... .......... 88%  523K 23s
123750K .......... .......... .......... .......... .......... 88%  519K 23s
123800K .......... .......... .......... .......... .......... 88%  446K 23s
123850K .......... .......... .......... .......... .......... 88%  521K 23s
123900K .......... .......... .......... .......... .......... 88%  443K 23s
123950K .......... .......... .......... .......... .......... 88%  516K 23s
124000K .......... .......... .......... .......... .......... 88%  514K 23s
124050K .......... .......... .......... .......... .......... 88%  437K 23s
124100K .......... .......... .......... .......... .......... 88%  511K 23s
124150K .......... .......... .......... .......... .......... 88%  436K 23s
124200K .......... .......... .......... .......... .......... 88%  505K 23s
124250K .......... .......... .......... .......... .......... 88%  505K 23s
124300K .......... .......... .......... .......... .......... 88%  431K 23s
124350K .......... .......... .......... .......... .......... 88%  501K 23s
124400K .......... .......... .......... .......... .......... 88%  427K 23s
124450K .......... .......... .......... .......... .......... 88%  500K 22s
124500K .......... .......... .......... .......... .......... 88%  493K 22s
124550K .......... .......... .......... .......... .......... 88%  422K 22s
124600K .......... .......... .......... .......... .......... 88%  493K 22s
124650K .......... .......... .......... .......... .......... 88%  422K 22s
124700K .......... .......... .......... .......... .......... 88%  488K 22s
124750K .......... .......... .......... .......... .......... 89%  489K 22s
124800K .......... .......... .......... .......... .......... 89%  417K 22s
124850K .......... .......... .......... .......... .......... 89%  478K 22s
124900K .......... .......... .......... .......... .......... 89%  418K 22s
124950K .......... .......... .......... .......... .......... 89%  481K 22s
125000K .......... .......... .......... .......... .......... 89%  480K 22s
125050K .......... .......... .......... .......... .......... 89%  409K 22s
125100K .......... .......... .......... .......... .......... 89%  477K 22s
125150K .......... .......... .......... .......... .......... 89%  408K 22s
125200K .......... .......... .......... .......... .......... 89%  469K 21s
125250K .......... .......... .......... .......... .......... 89%  439K 21s
125300K .......... .......... .......... .......... .......... 89%  404K 21s
125350K .......... .......... .......... .......... .......... 89%  469K 21s
125400K .......... .......... .......... .......... .......... 89%  400K 21s
125450K .......... .......... .......... .......... .......... 89%  466K 21s
125500K .......... .......... .......... .......... .......... 89%  465K 21s
125550K .......... .......... .......... .......... .......... 89%  396K 21s
125600K .......... .......... .......... .......... .......... 89%  462K 21s
125650K .......... .......... .......... .......... .......... 89%  395K 21s
125700K .......... .......... .......... .......... .......... 89%  458K 21s
125750K .......... .......... .......... .......... .......... 89%  456K 21s
125800K .......... .......... .......... .......... .......... 89%  391K 21s
125850K .......... .......... .......... .......... .......... 89%  452K 21s
125900K .......... .......... .......... .......... .......... 89%  388K 21s
125950K .......... .......... .......... .......... .......... 89%  451K 20s
126000K .......... .......... .......... .......... .......... 89%  451K 20s
126050K .......... .......... .......... .......... .......... 89%  384K 20s
126100K .......... .......... .......... .......... .......... 89%  447K 20s
126150K .......... .......... .......... .......... .......... 90%  382K 20s
126200K .......... .......... .......... .......... .......... 90%  442K 20s
126250K .......... .......... .......... .......... .......... 90%  445K 20s
126300K .......... .......... .......... .......... .......... 90%  379K 20s
126350K .......... .......... .......... .......... .......... 90%  441K 20s
126400K .......... .......... .......... .......... .......... 90%  377K 20s
126450K .......... .......... .......... .......... .......... 90%  436K 20s
126500K .......... .......... .......... .......... .......... 90%  437K 20s
126550K .......... .......... .......... .......... .......... 90%  373K 20s
126600K .......... .......... .......... .......... .......... 90%  434K 20s
126650K .......... .......... .......... .......... .......... 90%  423K 20s
126700K .......... .......... .......... .......... .......... 90% 1.11M 19s
126750K .......... .......... .......... .......... .......... 90% 1.10M 19s
126800K .......... .......... .......... .......... .......... 90%  979K 19s
126850K .......... .......... .......... .......... .......... 90% 1.13M 19s
126900K .......... .......... .......... .......... .......... 90%  997K 19s
126950K .......... .......... .......... .......... .......... 90% 1.12M 19s
127000K .......... .......... .......... .......... .......... 90% 1.12M 19s
127050K .......... .......... .......... .......... .......... 90%  967K 19s
127100K .......... .......... .......... .......... .......... 90% 1.09M 19s
127150K .......... .......... .......... .......... .......... 90%  967K 19s
127200K .......... .......... .......... .......... .......... 90% 1.06M 19s
127250K .......... .......... .......... .......... .......... 90% 1.07M 19s
127300K .......... .......... .......... .......... .......... 90%  939K 19s
127350K .......... .......... .......... .......... .......... 90% 1.06M 18s
127400K .......... .......... .......... .......... .......... 90%  919K 18s
127450K .......... .......... .......... .......... .......... 90% 1.04M 18s
127500K .......... .......... .......... .......... .......... 90% 1.04M 18s
127550K .......... .......... .......... .......... .......... 91%  898K 18s
127600K .......... .......... .......... .......... .......... 91% 1.02M 18s
127650K .......... .......... .......... .......... .......... 91%  881K 18s
127700K .......... .......... .......... .......... .......... 91% 1.00M 18s
127750K .......... .......... .......... .......... .......... 91% 1022K 18s
127800K .......... .......... .......... .......... .......... 91%  853K 18s
127850K .......... .......... .......... .......... .......... 91% 1008K 18s
127900K .......... .......... .......... .......... .......... 91%  858K 18s
127950K .......... .......... .......... .......... .......... 91%  992K 18s
128000K .......... .......... .......... .......... .......... 91%  994K 18s
128050K .......... .......... .......... .......... .......... 91%  836K 17s
128100K .......... .......... .......... .......... .......... 91%  962K 17s
128150K .......... .......... .......... .......... .......... 91%  843K 17s
128200K .......... .......... .......... .......... .......... 91%  959K 17s
128250K .......... .......... .......... .......... .......... 91%  950K 17s
128300K .......... .......... .......... .......... .......... 91%  814K 17s
128350K .......... .......... .......... .......... .......... 91%  944K 17s
128400K .......... .......... .......... .......... .......... 91%  799K 17s
128450K .......... .......... .......... .......... .......... 91%  935K 17s
128500K .......... .......... .......... .......... .......... 91%  928K 17s
128550K .......... .......... .......... .......... .......... 91%  788K 17s
128600K .......... .......... .......... .......... .......... 91%  912K 17s
128650K .......... .......... .......... .......... .......... 91%  775K 17s
128700K .......... .......... .......... .......... .......... 91%  901K 16s
128750K .......... .......... .......... .......... .......... 91%  896K 16s
128800K .......... .......... .......... .......... .......... 91%  762K 16s
128850K .......... .......... .......... .......... .......... 91%  879K 16s
128900K .......... .......... .......... .......... .......... 91%  763K 16s
128950K .......... .......... .......... .......... .......... 92%  859K 16s
129000K .......... .......... .......... .......... .......... 92%  877K 16s
129050K .......... .......... .......... .......... .......... 92%  738K 16s
129100K .......... .......... .......... .......... .......... 92%  862K 16s
129150K .......... .......... .......... .......... .......... 92%  733K 16s
129200K .......... .......... .......... .......... .......... 92%  848K 16s
129250K .......... .......... .......... .......... .......... 92%  844K 16s
129300K .......... .......... .......... .......... .......... 92%  720K 16s
129350K .......... .......... .......... .......... .......... 92%  833K 16s
129400K .......... .......... .......... .......... .......... 92%  710K 15s
129450K .......... .......... .......... .......... .......... 92%  821K 15s
129500K .......... .......... .......... .......... .......... 92%  827K 15s
129550K .......... .......... .......... .......... .......... 92%  698K 15s
129600K .......... .......... .......... .......... .......... 92%  810K 15s
129650K .......... .......... .......... .......... .......... 92%  694K 15s
129700K .......... .......... .......... .......... .......... 92%  799K 15s
129750K .......... .......... .......... .......... .......... 92%  798K 15s
129800K .......... .......... .......... .......... .......... 92%  679K 15s
129850K .......... .......... .......... .......... .......... 92%  789K 15s
129900K .......... .......... .......... .......... .......... 92%  673K 15s
129950K .......... .......... .......... .......... .......... 92%  778K 15s
130000K .......... .......... .......... .......... .......... 92%  780K 15s
130050K .......... .......... .......... .......... .......... 92%  661K 15s
130100K .......... .......... .......... .......... .......... 92%  756K 14s
130150K .......... .......... .......... .......... .......... 92%  657K 14s
130200K .......... .......... .......... .......... .......... 92%  757K 14s
130250K .......... .......... .......... .......... .......... 92%  751K 14s
130300K .......... .......... .......... .......... .......... 92%  649K 14s
130350K .......... .......... .......... .......... .......... 92%  745K 14s
130400K .......... .......... .......... .......... .......... 93%  638K 14s
130450K .......... .......... .......... .......... .......... 93%  739K 14s
130500K .......... .......... .......... .......... .......... 93%  745K 14s
130550K .......... .......... .......... .......... .......... 93%  626K 14s
130600K .......... .......... .......... .......... .......... 93%  725K 14s
130650K .......... .......... .......... .......... .......... 93%  627K 14s
130700K .......... .......... .......... .......... .......... 93%  722K 14s
130750K .......... .......... .......... .......... .......... 93%  718K 14s
130800K .......... .......... .......... .......... .......... 93%  614K 13s
130850K .......... .......... .......... .......... .......... 93%  711K 13s
130900K .......... .......... .......... .......... .......... 93%  606K 13s
130950K .......... .......... .......... .......... .......... 93%  705K 13s
131000K .......... .......... .......... .......... .......... 93%  701K 13s
131050K .......... .......... .......... .......... .......... 93%  599K 13s
131100K .......... .......... .......... .......... .......... 93%  677K 13s
131150K .......... .......... .......... .......... .......... 93%  595K 13s
131200K .......... .......... .......... .......... .......... 93%  686K 13s
131250K .......... .......... .......... .......... .......... 93%  684K 13s
131300K .......... .......... .......... .......... .......... 93%  574K 13s
131350K .......... .......... .......... .......... .......... 93%  681K 13s
131400K .......... .......... .......... .......... .......... 93%  578K 13s
131450K .......... .......... .......... .......... .......... 93%  672K 13s
131500K .......... .......... .......... .......... .......... 93%  670K 12s
131550K .......... .......... .......... .......... .......... 93%  570K 12s
131600K .......... .......... .......... .......... .......... 93%  662K 12s
131650K .......... .......... .......... .......... .......... 93%  567K 12s
131700K .......... .......... .......... .......... .......... 93%  654K 12s
131750K .......... .......... .......... .......... .......... 93%  646K 12s
131800K .......... .......... .......... .......... .......... 94%  562K 12s
131850K .......... .......... .......... .......... .......... 94%  650K 12s
131900K .......... .......... .......... .......... .......... 94%  552K 12s
131950K .......... .......... .......... .......... .......... 94%  641K 12s
132000K .......... .......... .......... .......... .......... 94%  632K 12s
132050K .......... .......... .......... .......... .......... 94%  548K 12s
132100K .......... .......... .......... .......... .......... 94%  632K 12s
132150K .......... .......... .......... .......... .......... 94%  544K 12s
132200K .......... .......... .......... .......... .......... 94%  626K 11s
132250K .......... .......... .......... .......... .......... 94%  626K 11s
132300K .......... .......... .......... .......... .......... 94%  535K 11s
132350K .......... .......... .......... .......... .......... 94%  620K 11s
132400K .......... .......... .......... .......... .......... 94%  529K 11s
132450K .......... .......... .......... .......... .......... 94%  613K 11s
132500K .......... .......... .......... .......... .......... 94%  616K 11s
132550K .......... .......... .......... .......... .......... 94%  521K 11s
132600K .......... .......... .......... .......... .......... 94%  607K 11s
132650K .......... .......... .......... .......... .......... 94%  519K 11s
132700K .......... .......... .......... .......... .......... 94%  602K 11s
132750K .......... .......... .......... .......... .......... 94%  598K 11s
132800K .......... .......... .......... .......... .......... 94%  513K 11s
132850K .......... .......... .......... .......... .......... 94%  586K 11s
132900K .......... .......... .......... .......... .......... 94%  510K 10s
132950K .......... .......... .......... .......... .......... 94%  587K 10s
133000K .......... .......... .......... .......... .......... 94%  582K 10s
133050K .......... .......... .......... .......... .......... 94%  506K 10s
133100K .......... .......... .......... .......... .......... 94%  586K 10s
133150K .......... .......... .......... .......... .......... 94%  496K 10s
133200K .......... .......... .......... .......... .......... 95%  580K 10s
133250K .......... .......... .......... .......... .......... 95%  576K 10s
133300K .......... .......... .......... .......... .......... 95%  492K 10s
133350K .......... .......... .......... .......... .......... 95%  570K 10s
133400K .......... .......... .......... .......... .......... 95%  489K 10s
133450K .......... .......... .......... .......... .......... 95%  567K 10s
133500K .......... .......... .......... .......... .......... 95%  567K 10s
133550K .......... .......... .......... .......... .......... 95%  480K 10s
133600K .......... .......... .......... .......... .......... 95%  561K 9s
133650K .......... .......... .......... .......... .......... 95%  475K 9s
133700K .......... .......... .......... .......... .......... 95%  556K 9s
133750K .......... .......... .......... .......... .......... 95%  554K 9s
133800K .......... .......... .......... .......... .......... 95%  473K 9s
133850K .......... .......... .......... .......... .......... 95%  548K 9s
133900K .......... .......... .......... .......... .......... 95%  471K 9s
133950K .......... .......... .......... .......... .......... 95%  451K 9s
134000K .......... .......... .......... .......... .......... 95%  546K 9s
134050K .......... .......... .......... .......... .......... 95%  463K 9s
134100K .......... .......... .......... .......... .......... 95%  540K 9s
134150K .......... .......... .......... .......... .......... 95%  461K 9s
134200K .......... .......... .......... .......... .......... 95%  534K 9s
134250K .......... .......... .......... .......... .......... 95%  531K 9s
134300K .......... .......... .......... .......... .......... 95%  457K 8s
134350K .......... .......... .......... .......... .......... 95%  528K 8s
134400K .......... .......... .......... .......... .......... 95%  450K 8s
134450K .......... .......... .......... .......... .......... 95%  526K 8s
134500K .......... .......... .......... .......... .......... 95%  525K 8s
134550K .......... .......... .......... .......... .......... 95%  447K 8s
134600K .......... .......... .......... .......... .......... 96%  521K 8s
134650K .......... .......... .......... .......... .......... 96%  445K 8s
134700K .......... .......... .......... .......... .......... 96%  511K 8s
134750K .......... .......... .......... .......... .......... 96%  519K 8s
134800K .......... .......... .......... .......... .......... 96%  440K 8s
134850K .......... .......... .......... .......... .......... 96%  508K 8s
134900K .......... .......... .......... .......... .......... 96%  438K 8s
134950K .......... .......... .......... .......... .......... 96%  505K 8s
135000K .......... .......... .......... .......... .......... 96%  510K 7s
135050K .......... .......... .......... .......... .......... 96%  429K 7s
135100K .......... .......... .......... .......... .......... 96%  501K 7s
135150K .......... .......... .......... .......... .......... 96%  428K 7s
135200K .......... .......... .......... .......... .......... 96%  499K 7s
135250K .......... .......... .......... .......... .......... 96%  497K 7s
135300K .......... .......... .......... .......... .......... 96%  425K 7s
135350K .......... .......... .......... .......... .......... 96%  494K 7s
135400K .......... .......... .......... .......... .......... 96%  416K 7s
135450K .......... .......... .......... .......... .......... 96%  492K 7s
135500K .......... .......... .......... .......... .......... 96%  488K 7s
135550K .......... .......... .......... .......... .......... 96%  415K 7s
135600K .......... .......... .......... .......... .......... 96%  489K 7s
135650K .......... .......... .......... .......... .......... 96%  416K 7s
135700K .......... .......... .......... .......... .......... 96%  481K 6s
135750K .......... .......... .......... .......... .......... 96%  478K 6s
135800K .......... .......... .......... .......... .......... 96%  400K 6s
135850K .......... .......... .......... .......... .......... 96%  471K 6s
135900K .......... .......... .......... .......... .......... 96%  406K 6s
135950K .......... .......... .......... .......... .......... 96%  477K 6s
136000K .......... .......... .......... .......... .......... 97%  473K 6s
136050K .......... .......... .......... .......... .......... 97%  402K 6s
136100K .......... .......... .......... .......... .......... 97%  470K 6s
136150K .......... .......... .......... .......... .......... 97%  401K 6s
136200K .......... .......... .......... .......... .......... 97%  467K 6s
136250K .......... .......... .......... .......... .......... 97%  465K 6s
136300K .......... .......... .......... .......... .......... 97%  398K 6s
136350K .......... .......... .......... .......... .......... 97%  463K 6s
136400K .......... .......... .......... .......... .......... 97%  393K 5s
136450K .......... .......... .......... .......... .......... 97%  457K 5s
136500K .......... .......... .......... .......... .......... 97%  458K 5s
136550K .......... .......... .......... .......... .......... 97%  392K 5s
136600K .......... .......... .......... .......... .......... 97%  456K 5s
136650K .......... .......... .......... .......... .......... 97%  387K 5s
136700K .......... .......... .......... .......... .......... 97%  454K 5s
136750K .......... .......... .......... .......... .......... 97%  452K 5s
136800K .......... .......... .......... .......... .......... 97%  386K 5s
136850K .......... .......... .......... .......... .......... 97%  449K 5s
136900K .......... .......... .......... .......... .......... 97%  383K 5s
136950K .......... .......... .......... .......... .......... 97%  446K 5s
137000K .......... .......... .......... .......... .......... 97%  445K 5s
137050K .......... .......... .......... .......... .......... 97%  377K 5s
137100K .......... .......... .......... .......... .......... 97%  405K 4s
137150K .......... .......... .......... .......... .......... 97%  392K 4s
137200K .......... .......... .......... .......... .......... 97%  440K 4s
137250K .......... .......... .......... .......... .......... 97%  437K 4s
137300K .......... .......... .......... .......... .......... 97%  374K 4s
137350K .......... .......... .......... .......... .......... 97%  435K 4s
137400K .......... .......... .......... .......... .......... 98%  371K 4s
137450K .......... .......... .......... .......... .......... 98%  678K 4s
137500K .......... .......... .......... .......... .......... 98% 3.51M 4s
137550K .......... .......... .......... .......... .......... 98% 2.77M 4s
137600K .......... .......... .......... .......... .......... 98% 3.14M 4s
137650K .......... .......... .......... .......... .......... 98% 2.59M 4s
137700K .......... .......... .......... .......... .......... 98% 3.03M 4s
137750K .......... .......... .......... .......... .......... 98% 2.93M 4s
137800K .......... .......... .......... .......... .......... 98% 2.48M 3s
137850K .......... .......... .......... .......... .......... 98% 2.92M 3s
137900K .......... .......... .......... .......... .......... 98% 2.30M 3s
137950K .......... .......... .......... .......... .......... 98% 2.92M 3s
138000K .......... .......... .......... .......... .......... 98% 2.83M 3s
138050K .......... .......... .......... .......... .......... 98% 2.28M 3s
138100K .......... .......... .......... .......... .......... 98% 2.72M 3s
138150K .......... .......... .......... .......... .......... 98% 2.30M 3s
138200K .......... .......... .......... .......... .......... 98% 2.47M 3s
138250K .......... .......... .......... .......... .......... 98% 2.36M 3s
138300K .......... .......... .......... .......... .......... 98% 2.17M 3s
138350K .......... .......... .......... .......... .......... 98% 2.47M 3s
138400K .......... .......... .......... .......... .......... 98% 2.05M 3s
138450K .......... .......... .......... .......... .......... 98% 2.43M 2s
138500K .......... .......... .......... .......... .......... 98% 2.37M 2s
138550K .......... .......... .......... .......... .......... 98% 1.97M 2s
138600K .......... .......... .......... .......... .......... 98% 2.26M 2s
138650K .......... .......... .......... .......... .......... 98% 1.94M 2s
138700K .......... .......... .......... .......... .......... 98% 2.19M 2s
138750K .......... .......... .......... .......... .......... 98% 2.11M 2s
138800K .......... .......... .......... .......... .......... 99% 1.84M 2s
138850K .......... .......... .......... .......... .......... 99% 2.11M 2s
138900K .......... .......... .......... .......... .......... 99% 1.77M 2s
138950K .......... .......... .......... .......... .......... 99% 2.06M 2s
139000K .......... .......... .......... .......... .......... 99% 2.03M 2s
139050K .......... .......... .......... .......... .......... 99% 1.69M 2s
139100K .......... .......... .......... .......... .......... 99% 1.97M 2s
139150K .......... .......... .......... .......... .......... 99% 1.66M 1s
139200K .......... .......... .......... .......... .......... 99% 1.90M 1s
139250K .......... .......... .......... .......... .......... 99% 1.88M 1s
139300K .......... .......... .......... .......... .......... 99% 1.59M 1s
139350K .......... .......... .......... .......... .......... 99% 1.85M 1s
139400K .......... .......... .......... .......... .......... 99%  926K 1s
139450K .......... .......... .......... .......... .......... 99% 1.20M 1s
139500K .......... .......... .......... .......... .......... 99% 1.74M 1s
139550K .......... .......... .......... .......... .......... 99% 1.46M 1s
139600K .......... .......... .......... .......... .......... 99% 1.75M 1s
139650K .......... .......... .......... .......... .......... 99% 1.46M 1s
139700K .......... .......... .......... .......... .......... 99% 1.67M 1s
139750K .......... .......... .......... .......... .......... 99% 1.66M 1s
139800K .......... .......... .......... .......... .......... 99% 1.41M 1s
139850K .......... .......... .......... .......... .......... 99% 1.63M 0s
139900K .......... .......... .......... .......... .......... 99% 1.37M 0s
139950K .......... .......... .......... .......... .......... 99% 1.57M 0s
140000K .......... .......... .......... .......... .......... 99% 1.60M 0s
140050K .......... .......... .......... .......... .......... 99% 1.32M 0s
140100K .......... .......... .......... .......... .......... 99% 1.53M 0s
140150K .......... .......... .......... .......... .......... 99% 1.30M 0s
140200K .......... .......                                    100% 1.52M=3m23s

2026-05-31 19:23:36 (692 KB/s) - ‘data/expression_raw/GSE73461/GSE73461_GEOupload_Discovery_Dataset_Normalised_Sept_15_n_459.txt.gz’ saved [143582247/143582247]

