--2026-05-31 18:51:05--  https://ftp.ncbi.nlm.nih.gov/geo/series/GSE73nnn/GSE73461/matrix/GSE73461_series_matrix.txt.gz
Resolving ftp.ncbi.nlm.nih.gov (ftp.ncbi.nlm.nih.gov)... 130.14.250.10, 130.14.250.11, 2607:f220:41e:250::7, ...
Connecting to ftp.ncbi.nlm.nih.gov (ftp.ncbi.nlm.nih.gov)|130.14.250.10|:443... connected.
HTTP request sent, awaiting response... 200 OK
Length: 93539070 (89M) [application/x-gzip]
Saving to: ‘data/metadata_raw/GSE73461/GSE73461_series_matrix.txt.gz’

     0K .......... .......... .......... .......... ..........  0% 59.4K 25m36s
    50K .......... .......... .......... .......... ..........  0% 1.32M 13m21s
   100K .......... .......... .......... .......... ..........  0%  128K 12m51s
   150K .......... .......... .......... .......... ..........  0%  141K 12m19s
   200K .......... .......... .......... .......... ..........  0% 1.12M 10m7s
   250K .......... .......... .......... .......... ..........  0%  146K 10m9s
   300K .......... .......... .......... .......... ..........  0%  720K 9m0s
   350K .......... .......... .......... .......... ..........  0%  157K 9m5s
   400K .......... .......... .......... .......... ..........  0%  687K 8m19s
   450K .......... .......... .......... .......... ..........  0%  172K 8m21s
   500K .......... .......... .......... .......... ..........  0%  658K 7m48s
   550K .......... .......... .......... .......... ..........  0% 1.01M 7m16s
   600K .......... .......... .......... .......... ..........  0%  155K 7m27s
   650K .......... .......... .......... .......... ..........  0%  914K 7m2s
   700K .......... .......... .......... .......... ..........  0%  164K 7m11s
   750K .......... .......... .......... .......... ..........  0%  535K 6m54s
   800K .......... .......... .......... .......... ..........  0%  339K 6m45s
   850K .......... .......... .......... .......... ..........  0%  227K 6m45s
   900K .......... .......... .......... .......... ..........  1% 1.56M 6m26s
   950K .......... .......... .......... .......... ..........  1%  190K 6m30s
  1000K .......... .......... .......... .......... ..........  1%  524K 6m20s
  1050K .......... .......... .......... .......... ..........  1%  288K 6m17s
  1100K .......... .......... .......... .......... ..........  1%  304K 6m13s
  1150K .......... .......... .......... .......... ..........  1%  879K 6m1s
  1200K .......... .......... .......... .......... ..........  1%  262K 6m1s
  1250K .......... .......... .......... .......... ..........  1%  306K 5m58s
  1300K .......... .......... .......... .......... ..........  1% 1.35M 5m47s
  1350K .......... .......... .......... .......... ..........  1%  281K 5m46s
  1400K .......... .......... .......... .......... ..........  1%  288K 5m44s
  1450K .......... .......... .......... .......... ..........  1%  974K 5m36s
  1500K .......... .......... .......... .......... ..........  1%  345K 5m33s
  1550K .......... .......... .......... .......... ..........  1%  392K 5m30s
  1600K .......... .......... .......... .......... ..........  1%  471K 5m25s
  1650K .......... .......... .......... .......... ..........  1%  770K 5m19s
  1700K .......... .......... .......... .......... ..........  1%  273K 5m19s
  1750K .......... .......... .......... .......... ..........  1%  383K 5m17s
  1800K .......... .......... .......... .......... ..........  2% 1.27M 5m10s
  1850K .......... .......... .......... .......... ..........  2%  287K 5m10s
  1900K .......... .......... .......... .......... ..........  2%  439K 5m7s
  1950K .......... .......... .......... .......... ..........  2%  569K 5m3s
  2000K .......... .......... .......... .......... ..........  2%  634K 4m59s
  2050K .......... .......... .......... .......... ..........  2%  387K 4m57s
  2100K .......... .......... .......... .......... ..........  2%  408K 4m55s
  2150K .......... .......... .......... .......... ..........  2%  510K 4m52s
  2200K .......... .......... .......... .......... ..........  2%  902K 4m48s
  2250K .......... .......... .......... .......... ..........  2%  407K 4m46s
  2300K .......... .......... .......... .......... ..........  2%  459K 4m44s
  2350K .......... .......... .......... .......... ..........  2%  363K 4m43s
  2400K .......... .......... .......... .......... ..........  2%  948K 4m39s
  2450K .......... .......... .......... .......... ..........  2%  542K 4m36s
  2500K .......... .......... .......... .......... ..........  2%  545K 4m34s
  2550K .......... .......... .......... .......... ..........  2%  384K 4m33s
  2600K .......... .......... .......... .......... ..........  2%  698K 4m30s
  2650K .......... .......... .......... .......... ..........  2% 1.53M 4m26s
  2700K .......... .......... .......... .......... ..........  3%  568K 4m24s
  2750K .......... .......... .......... .......... ..........  3%  612K 4m22s
  2800K .......... .......... .......... .......... ..........  3%  421K 4m21s
  2850K .......... .......... .......... .......... ..........  3%  863K 4m18s
  2900K .......... .......... .......... .......... ..........  3%  997K 4m15s
  2950K .......... .......... .......... .......... ..........  3% 1.02M 4m12s
  3000K .......... .......... .......... .......... ..........  3%  647K 4m10s
  3050K .......... .......... .......... .......... ..........  3%  732K 4m7s
  3100K .......... .......... .......... .......... ..........  3%  443K 4m6s
  3150K .......... .......... .......... .......... ..........  3%  977K 4m4s
  3200K .......... .......... .......... .......... ..........  3% 1.06M 4m1s
  3250K .......... .......... .......... .......... ..........  3% 1.19M 3m59s
  3300K .......... .......... .......... .......... ..........  3%  709K 3m57s
  3350K .......... .......... .......... .......... ..........  3%  729K 3m55s
  3400K .......... .......... .......... .......... ..........  3%  425K 3m54s
  3450K .......... .......... .......... .......... ..........  3%  741K 3m53s
  3500K .......... .......... .......... .......... ..........  3% 1.19M 3m50s
  3550K .......... .......... .......... .......... ..........  3% 1.36M 3m48s
  3600K .......... .......... .......... .......... ..........  3% 1.15M 3m45s
  3650K .......... .......... .......... .......... ..........  4% 1.19M 3m43s
  3700K .......... .......... .......... .......... ..........  4%  481K 3m43s
  3750K .......... .......... .......... .......... ..........  4%  692K 3m41s
  3800K .......... .......... .......... .......... ..........  4% 1.09M 3m39s
  3850K .......... .......... .......... .......... ..........  4%  976K 3m37s
  3900K .......... .......... .......... .......... ..........  4% 1.18M 3m35s
  3950K .......... .......... .......... .......... ..........  4% 1004K 3m34s
  4000K .......... .......... .......... .......... ..........  4% 1.22M 3m32s
  4050K .......... .......... .......... .......... ..........  4% 1.24M 3m30s
  4100K .......... .......... .......... .......... ..........  4%  516K 3m29s
  4150K .......... .......... .......... .......... ..........  4% 1.18M 3m28s
  4200K .......... .......... .......... .......... ..........  4%  860K 3m26s
  4250K .......... .......... .......... .......... ..........  4% 1.20M 3m25s
  4300K .......... .......... .......... .......... ..........  4% 1.19M 3m23s
  4350K .......... .......... .......... .......... ..........  4% 1016K 3m21s
  4400K .......... .......... .......... .......... ..........  4% 1.17M 3m20s
  4450K .......... .......... .......... .......... ..........  4% 1019K 3m19s
  4500K .......... .......... .......... .......... ..........  4% 1.15M 3m17s
  4550K .......... .......... .......... .......... ..........  5%  796K 3m16s
  4600K .......... .......... .......... .......... ..........  5%  996K 3m15s
  4650K .......... .......... .......... .......... ..........  5% 1.11M 3m13s
  4700K .......... .......... .......... .......... ..........  5%  549K 3m13s
  4750K .......... .......... .......... .......... ..........  5% 1.11M 3m12s
  4800K .......... .......... .......... .......... ..........  5% 1.10M 3m10s
  4850K .......... .......... .......... .......... ..........  5%  951K 3m9s
  4900K .......... .......... .......... .......... ..........  5% 1.08M 3m8s
  4950K .......... .......... .......... .......... ..........  5%  944K 3m7s
  5000K .......... .......... .......... .......... ..........  5% 1.06M 3m6s
  5050K .......... .......... .......... .......... ..........  5% 1.05M 3m5s
  5100K .......... .......... .......... .......... ..........  5%  922K 3m4s
  5150K .......... .......... .......... .......... ..........  5% 1.03M 3m2s
  5200K .......... .......... .......... .......... ..........  5%  902K 3m1s
  5250K .......... .......... .......... .......... ..........  5% 1.03M 3m0s
  5300K .......... .......... .......... .......... ..........  5%  547K 3m0s
  5350K .......... .......... .......... .......... ..........  5%  282K 3m1s
  5400K .......... .......... .......... .......... ..........  5%  251K 3m3s
  5450K .......... .......... .......... .......... ..........  6%  310K 3m3s
  5500K .......... .......... .......... .......... ..........  6% 1001K 3m2s
  5550K .......... .......... .......... .......... ..........  6% 1000K 3m1s
  5600K .......... .......... .......... .......... ..........  6%  856K 3m1s
  5650K .......... .......... .......... .......... ..........  6%  989K 3m0s
  5700K .......... .......... .......... .......... ..........  6%  843K 2m59s
  5750K .......... .......... .......... .......... ..........  6%  982K 2m58s
  5800K .......... .......... .......... .......... ..........  6%  973K 2m57s
  5850K .......... .......... .......... .......... ..........  6%  822K 2m56s
  5900K .......... .......... .......... .......... ..........  6%  961K 2m55s
  5950K .......... .......... .......... .......... ..........  6%  818K 2m55s
  6000K .......... .......... .......... .......... ..........  6%  942K 2m54s
  6050K .......... .......... .......... .......... ..........  6%  939K 2m53s
  6100K .......... .......... .......... .......... ..........  6%  802K 2m53s
  6150K .......... .......... .......... .......... ..........  6%  926K 2m52s
  6200K .......... .......... .......... .......... ..........  6%  789K 2m51s
  6250K .......... .......... .......... .......... ..........  6%  912K 2m50s
  6300K .......... .......... .......... .......... ..........  6%  913K 2m50s
  6350K .......... .......... .......... .......... ..........  7%  773K 2m49s
  6400K .......... .......... .......... .......... ..........  7%  901K 2m49s
  6450K .......... .......... .......... .......... ..........  7%  768K 2m48s
  6500K .......... .......... .......... .......... ..........  7%  886K 2m47s
  6550K .......... .......... .......... .......... ..........  7%  882K 2m47s
  6600K .......... .......... .......... .......... ..........  7%  749K 2m46s
  6650K .......... .......... .......... .......... ..........  7%  873K 2m46s
  6700K .......... .......... .......... .......... ..........  7%  739K 2m45s
  6750K .......... .......... .......... .......... ..........  7%  865K 2m45s
  6800K .......... .......... .......... .......... ..........  7%  857K 2m44s
  6850K .......... .......... .......... .......... ..........  7%  728K 2m43s
  6900K .......... .......... .......... .......... ..........  7%  849K 2m43s
  6950K .......... .......... .......... .......... ..........  7%  721K 2m43s
  7000K .......... .......... .......... .......... ..........  7%  834K 2m42s
  7050K .......... .......... .......... .......... ..........  7%  834K 2m41s
  7100K .......... .......... .......... .......... ..........  7%  710K 2m41s
  7150K .......... .......... .......... .......... ..........  7%  812K 2m41s
  7200K .......... .......... .......... .......... ..........  7%  708K 2m40s
  7250K .......... .......... .......... .......... ..........  7%  814K 2m40s
  7300K .......... .......... .......... .......... ..........  8%  810K 2m39s
  7350K .......... .......... .......... .......... ..........  8%  683K 2m39s
  7400K .......... .......... .......... .......... ..........  8%  807K 2m38s
  7450K .......... .......... .......... .......... ..........  8%  682K 2m38s
  7500K .......... .......... .......... .......... ..........  8%  790K 2m38s
  7550K .......... .......... .......... .......... ..........  8%  787K 2m37s
  7600K .......... .......... .......... .......... ..........  8%  672K 2m37s
  7650K .......... .......... .......... .......... ..........  8%  776K 2m37s
  7700K .......... .......... .......... .......... ..........  8%  659K 2m36s
  7750K .......... .......... .......... .......... ..........  8%  772K 2m36s
  7800K .......... .......... .......... .......... ..........  8%  767K 2m35s
  7850K .......... .......... .......... .......... ..........  8%  651K 2m35s
  7900K .......... .......... .......... .......... ..........  8%  759K 2m35s
  7950K .......... .......... .......... .......... ..........  8%  646K 2m35s
  8000K .......... .......... .......... .......... ..........  8%  751K 2m34s
  8050K .......... .......... .......... .......... ..........  8%  748K 2m34s
  8100K .......... .......... .......... .......... ..........  8%  636K 2m34s
  8150K .......... .......... .......... .......... ..........  8%  739K 2m33s
  8200K .......... .......... .......... .......... ..........  9%  629K 2m33s
  8250K .......... .......... .......... .......... ..........  9%  730K 2m33s
  8300K .......... .......... .......... .......... ..........  9%  729K 2m32s
  8350K .......... .......... .......... .......... ..........  9%  620K 2m32s
  8400K .......... .......... .......... .......... ..........  9%  722K 2m32s
  8450K .......... .......... .......... .......... ..........  9%  615K 2m32s
  8500K .......... .......... .......... .......... ..........  9%  712K 2m31s
  8550K .......... .......... .......... .......... ..........  9%  710K 2m31s
  8600K .......... .......... .......... .......... ..........  9%  607K 2m31s
  8650K .......... .......... .......... .......... ..........  9%  703K 2m31s
  8700K .......... .......... .......... .......... ..........  9%  597K 2m30s
  8750K .......... .......... .......... .......... ..........  9%  697K 2m30s
  8800K .......... .......... .......... .......... ..........  9%  694K 2m30s
  8850K .......... .......... .......... .......... ..........  9%  590K 2m30s
  8900K .......... .......... .......... .......... ..........  9%  686K 2m30s
  8950K .......... .......... .......... .......... ..........  9%  585K 2m29s
  9000K .......... .......... .......... .......... ..........  9%  678K 2m29s
  9050K .......... .......... .......... .......... ..........  9%  675K 2m29s
  9100K .......... .......... .......... .......... .......... 10%  577K 2m29s
  9150K .......... .......... .......... .......... .......... 10%  668K 2m29s
  9200K .......... .......... .......... .......... .......... 10%  574K 2m28s
  9250K .......... .......... .......... .......... .......... 10%  664K 2m28s
  9300K .......... .......... .......... .......... .......... 10%  663K 2m28s
  9350K .......... .......... .......... .......... .......... 10%  562K 2m28s
  9400K .......... .......... .......... .......... .......... 10%  655K 2m28s
  9450K .......... .......... .......... .......... .......... 10%  561K 2m28s
  9500K .......... .......... .......... .......... .......... 10%  648K 2m27s
  9550K .......... .......... .......... .......... .......... 10%  645K 2m27s
  9600K .......... .......... .......... .......... .......... 10%  553K 2m27s
  9650K .......... .......... .......... .......... .......... 10%  635K 2m27s
  9700K .......... .......... .......... .......... .......... 10%  530K 2m27s
  9750K .......... .......... .......... .......... .......... 10%  642K 2m27s
  9800K .......... .......... .......... .......... .......... 10%  632K 2m26s
  9850K .......... .......... .......... .......... .......... 10%  538K 2m26s
  9900K .......... .......... .......... .......... .......... 10%  627K 2m26s
  9950K .......... .......... .......... .......... .......... 10%  535K 2m26s
 10000K .......... .......... .......... .......... .......... 11%  623K 2m26s
 10050K .......... .......... .......... .......... .......... 11%  619K 2m26s
 10100K .......... .......... .......... .......... .......... 11%  529K 2m26s
 10150K .......... .......... .......... .......... .......... 11%  612K 2m26s
 10200K .......... .......... .......... .......... .......... 11%  523K 2m26s
 10250K .......... .......... .......... .......... .......... 11%  605K 2m25s
 10300K .......... .......... .......... .......... .......... 11%  612K 2m25s
 10350K .......... .......... .......... .......... .......... 11%  516K 2m25s
 10400K .......... .......... .......... .......... .......... 11%  601K 2m25s
 10450K .......... .......... .......... .......... .......... 11%  512K 2m25s
 10500K .......... .......... .......... .......... .......... 11%  594K 2m25s
 10550K .......... .......... .......... .......... .......... 11%  593K 2m25s
 10600K .......... .......... .......... .......... .......... 11%  508K 2m25s
 10650K .......... .......... .......... .......... .......... 11%  586K 2m25s
 10700K .......... .......... .......... .......... .......... 11%  503K 2m25s
 10750K .......... .......... .......... .......... .......... 11%  585K 2m25s
 10800K .......... .......... .......... .......... .......... 11%  583K 2m24s
 10850K .......... .......... .......... .......... .......... 11%  495K 2m24s
 10900K .......... .......... .......... .......... .......... 11%  578K 2m24s
 10950K .......... .......... .......... .......... .......... 12%  493K 2m24s
 11000K .......... .......... .......... .......... .......... 12%  572K 2m24s
 11050K .......... .......... .......... .......... .......... 12%  570K 2m24s
 11100K .......... .......... .......... .......... .......... 12%  488K 2m24s
 11150K .......... .......... .......... .......... .......... 12%  565K 2m24s
 11200K .......... .......... .......... .......... .......... 12%  483K 2m24s
 11250K .......... .......... .......... .......... .......... 12%  562K 2m24s
 11300K .......... .......... .......... .......... .......... 12%  558K 2m24s
 11350K .......... .......... .......... .......... .......... 12%  477K 2m24s
 11400K .......... .......... .......... .......... .......... 12%  554K 2m24s
 11450K .......... .......... .......... .......... .......... 12%  475K 2m24s
 11500K .......... .......... .......... .......... .......... 12%  551K 2m24s
 11550K .......... .......... .......... .......... .......... 12%  549K 2m24s
 11600K .......... .......... .......... .......... .......... 12%  468K 2m24s
 11650K .......... .......... .......... .......... .......... 12%  545K 2m24s
 11700K .......... .......... .......... .......... .......... 12%  466K 2m24s
 11750K .......... .......... .......... .......... .......... 12%  542K 2m23s
 11800K .......... .......... .......... .......... .......... 12%  538K 2m23s
 11850K .......... .......... .......... .......... .......... 13%  460K 2m23s
 11900K .......... .......... .......... .......... .......... 13%  534K 2m23s
 11950K .......... .......... .......... .......... .......... 13%  457K 2m23s
 12000K .......... .......... .......... .......... .......... 13%  530K 2m23s
 12050K .......... .......... .......... .......... .......... 13%  523K 2m23s
 12100K .......... .......... .......... .......... .......... 13%  441K 2m23s
 12150K .......... .......... .......... .......... .......... 13%  525K 2m23s
 12200K .......... .......... .......... .......... .......... 13%  448K 2m23s
 12250K .......... .......... .......... .......... .......... 13%  521K 2m23s
 12300K .......... .......... .......... .......... .......... 13%  520K 2m23s
 12350K .......... .......... .......... .......... .......... 13%  442K 2m23s
 12400K .......... .......... .......... .......... .......... 13%  517K 2m23s
 12450K .......... .......... .......... .......... .......... 13%  439K 2m23s
 12500K .......... .......... .......... .......... .......... 13%  512K 2m23s
 12550K .......... .......... .......... .......... .......... 13%  511K 2m23s
 12600K .......... .......... .......... .......... .......... 13%  436K 2m23s
 12650K .......... .......... .......... .......... .......... 13%  506K 2m23s
 12700K .......... .......... .......... .......... .......... 13%  432K 2m23s
 12750K .......... .......... .......... .......... .......... 14%  504K 2m23s
 12800K .......... .......... .......... .......... .......... 14%  502K 2m23s
 12850K .......... .......... .......... .......... .......... 14%  428K 2m23s
 12900K .......... .......... .......... .......... .......... 14%  496K 2m23s
 12950K .......... .......... .......... .......... .......... 14%  427K 2m23s
 13000K .......... .......... .......... .......... .......... 14%  494K 2m23s
 13050K .......... .......... .......... .......... .......... 14%  489K 2m23s
 13100K .......... .......... .......... .......... .......... 14%  424K 2m23s
 13150K .......... .......... .......... .......... .......... 14%  488K 2m23s
 13200K .......... .......... .......... .......... .......... 14%  418K 2m23s
 13250K .......... .......... .......... .......... .......... 14%  486K 2m23s
 13300K .......... .......... .......... .......... .......... 14%  485K 2m23s
 13350K .......... .......... .......... .......... .......... 14%  415K 2m23s
 13400K .......... .......... .......... .......... .......... 14%  481K 2m23s
 13450K .......... .......... .......... .......... .......... 14%  410K 2m23s
 13500K .......... .......... .......... .......... .......... 14%  477K 2m23s
 13550K .......... .......... .......... .......... .......... 14%  476K 2m23s
 13600K .......... .......... .......... .......... .......... 14%  408K 2m23s
 13650K .......... .......... .......... .......... .......... 14%  476K 2m23s
 13700K .......... .......... .......... .......... .......... 15%  402K 2m24s
 13750K .......... .......... .......... .......... .......... 15%  473K 2m23s
 13800K .......... .......... .......... .......... .......... 15%  471K 2m23s
 13850K .......... .......... .......... .......... .......... 15%  400K 2m24s
 13900K .......... .......... .......... .......... .......... 15%  463K 2m24s
 13950K .......... .......... .......... .......... .......... 15%  399K 2m24s
 14000K .......... .......... .......... .......... .......... 15%  463K 2m24s
 14050K .......... .......... .......... .......... .......... 15%  462K 2m24s
 14100K .......... .......... .......... .......... .......... 15%  394K 2m24s
 14150K .......... .......... .......... .......... .......... 15%  457K 2m24s
 14200K .......... .......... .......... .......... .......... 15%  393K 2m24s
 14250K .......... .......... .......... .......... .......... 15%  457K 2m24s
 14300K .......... .......... .......... .......... .......... 15%  455K 2m24s
 14350K .......... .......... .......... .......... .......... 15%  388K 2m24s
 14400K .......... .......... .......... .......... .......... 15%  451K 2m24s
 14450K .......... .......... .......... .......... .......... 15%  386K 2m24s
 14500K .......... .......... .......... .......... .......... 15%  450K 2m24s
 14550K .......... .......... .......... .......... .......... 15%  444K 2m24s
 14600K .......... .......... .......... .......... .......... 16%  382K 2m24s
 14650K .......... .......... .......... .......... .......... 16%  446K 2m24s
 14700K .......... .......... .......... .......... .......... 16%  379K 2m24s
 14750K .......... .......... .......... .......... .......... 16%  441K 2m24s
 14800K .......... .......... .......... .......... .......... 16%  442K 2m24s
 14850K .......... .......... .......... .......... .......... 16%  375K 2m24s
 14900K .......... .......... .......... .......... .......... 16%  440K 2m24s
 14950K .......... .......... .......... .......... .......... 16%  375K 2m24s
 15000K .......... .......... .......... .......... .......... 16%  436K 2m24s
 15050K .......... .......... .......... .......... .......... 16%  435K 2m24s
 15100K .......... .......... .......... .......... .......... 16%  388K 2m25s
 15150K .......... .......... .......... .......... .......... 16% 1.73M 2m24s
 15200K .......... .......... .......... .......... .......... 16% 2.89M 2m24s
 15250K .......... .......... .......... .......... .......... 16% 3.25M 2m23s
 15300K .......... .......... .......... .......... .......... 16% 3.05M 2m23s
 15350K .......... .......... .......... .......... .......... 16% 2.57M 2m22s
 15400K .......... .......... .......... .......... .......... 16% 2.96M 2m22s
 15450K .......... .......... .......... .......... .......... 16% 2.46M 2m21s
 15500K .......... .......... .......... .......... .......... 17% 2.90M 2m21s
 15550K .......... .......... .......... .......... .......... 17% 2.80M 2m20s
 15600K .......... .......... .......... .......... .......... 17% 2.34M 2m20s
 15650K .......... .......... .......... .......... .......... 17% 2.81M 2m19s
 15700K .......... .......... .......... .......... .......... 17% 2.38M 2m19s
 15750K .......... .......... .......... .......... .......... 17% 2.78M 2m19s
 15800K .......... .......... .......... .......... .......... 17% 2.68M 2m18s
 15850K .......... .......... .......... .......... .......... 17% 2.24M 2m18s
 15900K .......... .......... .......... .......... .......... 17% 2.60M 2m17s
 15950K .......... .......... .......... .......... .......... 17% 2.20M 2m17s
 16000K .......... .......... .......... .......... .......... 17% 2.49M 2m16s
 16050K .......... .......... .......... .......... .......... 17% 2.44M 2m16s
 16100K .......... .......... .......... .......... .......... 17% 2.09M 2m16s
 16150K .......... .......... .......... .......... .......... 17% 2.34M 2m15s
 16200K .......... .......... .......... .......... .......... 17% 2.00M 2m15s
 16250K .......... .......... .......... .......... .......... 17% 2.31M 2m14s
 16300K .......... .......... .......... .......... .......... 17% 2.26M 2m14s
 16350K .......... .......... .......... .......... .......... 17% 1.87M 2m14s
 16400K .......... .......... .......... .......... .......... 18% 2.19M 2m13s
 16450K .......... .......... .......... .......... .......... 18% 1.86M 2m13s
 16500K .......... .......... .......... .......... .......... 18% 2.12M 2m12s
 16550K .......... .......... .......... .......... .......... 18% 2.09M 2m12s
 16600K .......... .......... .......... .......... .......... 18% 1.77M 2m12s
 16650K .......... .......... .......... .......... .......... 18% 2.03M 2m11s
 16700K .......... .......... .......... .......... .......... 18% 1.71M 2m11s
 16750K .......... .......... .......... .......... .......... 18% 1.99M 2m11s
 16800K .......... .......... .......... .......... .......... 18% 1.35M 2m10s
 16850K .......... .......... .......... .......... .......... 18% 1.16M 2m10s
 16900K .......... .......... .......... .......... .......... 18% 1.49M 2m10s
 16950K .......... .......... .......... .......... .......... 18% 1.31M 2m9s
 17000K .......... .......... .......... .......... .......... 18%  992K 2m9s
 17050K .......... .......... .......... .......... .......... 18%  963K 2m9s
 17100K .......... .......... .......... .......... .......... 18% 1.34M 2m9s
 17150K .......... .......... .......... .......... .......... 18% 1.36M 2m8s
 17200K .......... .......... .......... .......... .......... 18% 1.30M 2m8s
 17250K .......... .......... .......... .......... .......... 18%  925K 2m8s
 17300K .......... .......... .......... .......... .......... 18% 1.41M 2m7s
 17350K .......... .......... .......... .......... .......... 19% 1.15M 2m7s
 17400K .......... .......... .......... .......... .......... 19% 1.35M 2m7s
 17450K .......... .......... .......... .......... .......... 19% 1.01M 2m7s
 17500K .......... .......... .......... .......... .......... 19% 1.26M 2m6s
 17550K .......... .......... .......... .......... .......... 19% 1.10M 2m6s
 17600K .......... .......... .......... .......... .......... 19% 1.41M 2m6s
 17650K .......... .......... .......... .......... .......... 19% 1.08M 2m6s
 17700K .......... .......... .......... .......... .......... 19% 1.10M 2m5s
 17750K .......... .......... .......... .......... .......... 19% 1.53M 2m5s
 17800K .......... .......... .......... .......... .......... 19% 1.18M 2m5s
 17850K .......... .......... .......... .......... .......... 19% 1.25M 2m4s
 17900K .......... .......... .......... .......... .......... 19% 1.50M 2m4s
 17950K .......... .......... .......... .......... .......... 19% 1008K 2m4s
 18000K .......... .......... .......... .......... .......... 19% 1.12M 2m4s
 18050K .......... .......... .......... .......... .......... 19% 1.36M 2m3s
 18100K .......... .......... .......... .......... .......... 19% 1.01M 2m3s
 18150K .......... .......... .......... .......... .......... 19% 1.22M 2m3s
 18200K .......... .......... .......... .......... .......... 19%  870K 2m3s
 18250K .......... .......... .......... .......... .......... 20% 1.22M 2m2s
 18300K .......... .......... .......... .......... .......... 20% 1.31M 2m2s
 18350K .......... .......... .......... .......... .......... 20% 1012K 2m2s
 18400K .......... .......... .......... .......... .......... 20%  543K 2m2s
 18450K .......... .......... .......... .......... .......... 20% 1.15M 2m2s
 18500K .......... .......... .......... .......... .......... 20% 1.32M 2m1s
 18550K .......... .......... .......... .......... .......... 20% 1.31M 2m1s
 18600K .......... .......... .......... .......... .......... 20% 1.12M 2m1s
 18650K .......... .......... .......... .......... .......... 20% 1.28M 2m1s
 18700K .......... .......... .......... .......... .......... 20% 1.09M 2m0s
 18750K .......... .......... .......... .......... .......... 20% 1.27M 2m0s
 18800K .......... .......... .......... .......... .......... 20% 1.26M 2m0s
 18850K .......... .......... .......... .......... .......... 20%  997K 2m0s
 18900K .......... .......... .......... .......... .......... 20% 1.23M 1m59s
 18950K .......... .......... .......... .......... .......... 20% 1.05M 1m59s
 19000K .......... .......... .......... .......... .......... 20% 1.22M 1m59s
 19050K .......... .......... .......... .......... .......... 20% 1.20M 1m59s
 19100K .......... .......... .......... .......... .......... 20% 1.03M 1m59s
 19150K .......... .......... .......... .......... .......... 21% 1.18M 1m58s
 19200K .......... .......... .......... .......... .......... 21% 1023K 1m58s
 19250K .......... .......... .......... .......... .......... 21% 1.17M 1m58s
 19300K .......... .......... .......... .......... .......... 21% 1.16M 1m58s
 19350K .......... .......... .......... .......... .......... 21% 1002K 1m57s
 19400K .......... .......... .......... .......... .......... 21% 1.14M 1m57s
 19450K .......... .......... .......... .......... .......... 21%  992K 1m57s
 19500K .......... .......... .......... .......... .......... 21% 1.11M 1m57s
 19550K .......... .......... .......... .......... .......... 21% 1.11M 1m57s
 19600K .......... .......... .......... .......... .......... 21%  969K 1m56s
 19650K .......... .......... .......... .......... .......... 21% 1.09M 1m56s
 19700K .......... .......... .......... .......... .......... 21%  949K 1m56s
 19750K .......... .......... .......... .......... .......... 21% 1.08M 1m56s
 19800K .......... .......... .......... .......... .......... 21% 1.07M 1m56s
 19850K .......... .......... .......... .......... .......... 21%  927K 1m55s
 19900K .......... .......... .......... .......... .......... 21% 1.05M 1m55s
 19950K .......... .......... .......... .......... .......... 21% 34.6K 2m0s
 20000K .......... .......... .......... .......... .......... 21% 1.63M 2m0s
 20050K .......... .......... .......... .......... .......... 22% 1.10M 1m59s
 20100K .......... .......... .......... .......... .......... 22% 4.71M 1m59s
 20150K .......... .......... .......... .......... .......... 22% 5.05M 1m59s
 20200K .......... .......... .......... .......... .......... 22% 1.21M 1m59s
 20250K .......... .......... .......... .......... .......... 22% 4.44M 1m58s
 20300K .......... .......... .......... .......... .......... 22% 4.68M 1m58s
 20350K .......... .......... .......... .......... .......... 22% 1.42M 1m58s
 20400K .......... .......... .......... .......... .......... 22% 2.71M 1m57s
 20450K .......... .......... .......... .......... .......... 22% 3.64M 1m57s
 20500K .......... .......... .......... .......... .......... 22%  681K 1m57s
 20550K .......... .......... .......... .......... .......... 22%  923K 1m57s
 20600K .......... .......... .......... .......... .......... 22% 4.19M 1m56s
 20650K .......... .......... .......... .......... .......... 22% 4.57M 1m56s
 20700K .......... .......... .......... .......... .......... 22% 1.57M 1m56s
 20750K .......... .......... .......... .......... .......... 22% 2.93M 1m55s
 20800K .......... .......... .......... .......... .......... 22% 1.15M 1m55s
 20850K .......... .......... .......... .......... .......... 22% 1.02M 1m55s
 20900K .......... .......... .......... .......... .......... 22%  549K 1m55s
 20950K .......... .......... .......... .......... .......... 22% 4.12M 1m55s
 21000K .......... .......... .......... .......... .......... 23% 4.50M 1m54s
 21050K .......... .......... .......... .......... .......... 23% 3.26M 1m54s
 21100K .......... .......... .......... .......... .......... 23% 1.37M 1m54s
 21150K .......... .......... .......... .......... .......... 23% 1.36M 1m54s
 21200K .......... .......... .......... .......... .......... 23%  860K 1m53s
 21250K .......... .......... .......... .......... .......... 23% 4.23M 1m53s
 21300K .......... .......... .......... .......... .......... 23% 1.76M 1m53s
 21350K .......... .......... .......... .......... .......... 23%  504K 1m53s
 21400K .......... .......... .......... .......... .......... 23%  654K 1m53s
 21450K .......... .......... .......... .......... .......... 23% 1.11M 1m53s
 21500K .......... .......... .......... .......... .......... 23% 3.59M 1m52s
 21550K .......... .......... .......... .......... .......... 23%  682K 1m52s
 21600K .......... .......... .......... .......... .......... 23%  659K 1m52s
 21650K .......... .......... .......... .......... .......... 23%  778K 1m52s
 21700K .......... .......... .......... .......... .......... 23% 1.30M 1m52s
 21750K .......... .......... .......... .......... .......... 23% 1.22M 1m52s
 21800K .......... .......... .......... .......... .......... 23%  962K 1m51s
 21850K .......... .......... .......... .......... .......... 23%  771K 1m51s
 21900K .......... .......... .......... .......... .......... 24% 1.45M 1m51s
 21950K .......... .......... .......... .......... .......... 24% 1.91M 1m51s
 22000K .......... .......... .......... .......... .......... 24% 1.70M 1m51s
 22050K .......... .......... .......... .......... .......... 24% 1.14M 1m50s
 22100K .......... .......... .......... .......... .......... 24% 1.37M 1m50s
 22150K .......... .......... .......... .......... .......... 24% 1.69M 1m50s
 22200K .......... .......... .......... .......... .......... 24% 2.29M 1m50s
 22250K .......... .......... .......... .......... .......... 24% 2.65M 1m49s
 22300K .......... .......... .......... .......... .......... 24% 1.90M 1m49s
 22350K .......... .......... .......... .......... .......... 24% 1.22M 1m49s
 22400K .......... .......... .......... .......... .......... 24% 1.40M 1m49s
 22450K .......... .......... .......... .......... .......... 24% 1.34M 1m48s
 22500K .......... .......... .......... .......... .......... 24% 2.39M 1m48s
 22550K .......... .......... .......... .......... .......... 24% 2.36M 1m48s
 22600K .......... .......... .......... .......... .......... 24% 2.00M 1m48s
 22650K .......... .......... .......... .......... .......... 24% 2.29M 1m47s
 22700K .......... .......... .......... .......... .......... 24% 1.92M 1m47s
 22750K .......... .......... .......... .......... .......... 24% 2.24M 1m47s
 22800K .......... .......... .......... .......... .......... 25% 2.18M 1m47s
 22850K .......... .......... .......... .......... .......... 25% 1.84M 1m47s
 22900K .......... .......... .......... .......... .......... 25% 2.12M 1m46s
 22950K .......... .......... .......... .......... .......... 25% 1.80M 1m46s
 23000K .......... .......... .......... .......... .......... 25% 2.04M 1m46s
 23050K .......... .......... .......... .......... .......... 25% 2.03M 1m46s
 23100K .......... .......... .......... .......... .......... 25% 1.18M 1m45s
 23150K .......... .......... .......... .......... .......... 25% 1.06M 1m45s
 23200K .......... .......... .......... .......... .......... 25% 1.15M 1m45s
 23250K .......... .......... .......... .......... .......... 25%  974K 1m45s
 23300K .......... .......... .......... .......... .......... 25% 1.12M 1m45s
 23350K .......... .......... .......... .......... .......... 25% 1.10M 1m45s
 23400K .......... .......... .......... .......... .......... 25% 1.23M 1m44s
 23450K .......... .......... .......... .......... .......... 25%  938K 1m44s
 23500K .......... .......... .......... .......... .......... 25% 1017K 1m44s
 23550K .......... .......... .......... .......... .......... 25% 1020K 1m44s
 23600K .......... .......... .......... .......... .......... 25% 1.12M 1m44s
 23650K .......... .......... .......... .......... .......... 25%  558K 1m44s
 23700K .......... .......... .......... .......... .......... 25% 1.46M 1m43s
 23750K .......... .......... .......... .......... .......... 26% 1.69M 1m43s
 23800K .......... .......... .......... .......... .......... 26% 1.67M 1m43s
 23850K .......... .......... .......... .......... .......... 26% 1000K 1m43s
 23900K .......... .......... .......... .......... .......... 26%  910K 1m43s
 23950K .......... .......... .......... .......... .......... 26%  748K 1m43s
 24000K .......... .......... .......... .......... .......... 26% 1.19M 1m43s
 24050K .......... .......... .......... .......... .......... 26% 1.11M 1m42s
 24100K .......... .......... .......... .......... .......... 26% 1.08M 1m42s
 24150K .......... .......... .......... .......... .......... 26% 1.17M 1m42s
 24200K .......... .......... .......... .......... .......... 26%  879K 1m42s
 24250K .......... .......... .......... .......... .......... 26% 1.11M 1m42s
 24300K .......... .......... .......... .......... .......... 26% 1.19M 1m42s
 24350K .......... .......... .......... .......... .......... 26% 1.18M 1m41s
 24400K .......... .......... .......... .......... .......... 26% 1.29M 1m41s
 24450K .......... .......... .......... .......... .......... 26% 1.05M 1m41s
 24500K .......... .......... .......... .......... .......... 26% 1.20M 1m41s
 24550K .......... .......... .......... .......... .......... 26% 35.4K 1m44s
 24600K .......... .......... .......... .......... .......... 26% 2.75M 1m44s
 24650K .......... .......... .......... .......... .......... 27% 2.09M 1m44s
 24700K .......... .......... .......... .......... .......... 27% 1.86M 1m44s
 24750K .......... .......... .......... .......... .......... 27% 3.19M 1m43s
 24800K .......... .......... .......... .......... .......... 27% 1.30M 1m43s
 24850K .......... .......... .......... .......... .......... 27% 2.22M 1m43s
 24900K .......... .......... .......... .......... .......... 27% 3.11M 1m43s
 24950K .......... .......... .......... .......... .......... 27% 2.17M 1m43s
 25000K .......... .......... .......... .......... .......... 27% 2.91M 1m42s
 25050K .......... .......... .......... .......... .......... 27% 2.91M 1m42s
 25100K .......... .......... .......... .......... .......... 27% 2.45M 1m42s
 25150K .......... .......... .......... .......... .......... 27% 2.78M 1m42s
 25200K .......... .......... .......... .......... .......... 27% 2.34M 1m41s
 25250K .......... .......... .......... .......... .......... 27% 2.70M 1m41s
 25300K .......... .......... .......... .......... .......... 27% 2.65M 1m41s
 25350K .......... .......... .......... .......... .......... 27% 2.20M 1m41s
 25400K .......... .......... .......... .......... .......... 27% 2.55M 1m41s
 25450K .......... .......... .......... .......... .......... 27% 2.15M 1m40s
 25500K .......... .......... .......... .......... .......... 27% 2.43M 1m40s
 25550K .......... .......... .......... .......... .......... 28% 2.41M 1m40s
 25600K .......... .......... .......... .......... .......... 28% 2.04M 1m40s
 25650K .......... .......... .......... .......... .......... 28% 2.31M 99s
 25700K .......... .......... .......... .......... .......... 28% 1.95M 99s
 25750K .......... .......... .......... .......... .......... 28% 2.27M 99s
 25800K .......... .......... .......... .......... .......... 28% 2.23M 99s
 25850K .......... .......... .......... .......... .......... 28% 1.86M 99s
 25900K .......... .......... .......... .......... .......... 28% 2.16M 98s
 25950K .......... .......... .......... .......... .......... 28% 1.82M 98s
 26000K .......... .......... .......... .......... .......... 28% 2.07M 98s
 26050K .......... .......... .......... .......... .......... 28% 2.08M 98s
 26100K .......... .......... .......... .......... .......... 28% 1.73M 98s
 26150K .......... .......... .......... .......... .......... 28% 2.02M 97s
 26200K .......... .......... .......... .......... .......... 28% 1.68M 97s
 26250K .......... .......... .......... .......... .......... 28% 1.96M 97s
 26300K .......... .......... .......... .......... .......... 28% 1.92M 97s
 26350K .......... .......... .......... .......... .......... 28% 1.61M 97s
 26400K .......... .......... .......... .......... .......... 28% 1.87M 96s
 26450K .......... .......... .......... .......... .......... 29% 1.58M 96s
 26500K .......... .......... .......... .......... .......... 29% 1.81M 96s
 26550K .......... .......... .......... .......... .......... 29% 1.80M 96s
 26600K .......... .......... .......... .......... .......... 29% 1.53M 96s
 26650K .......... .......... .......... .......... .......... 29% 1.74M 96s
 26700K .......... .......... .......... .......... .......... 29% 1.48M 95s
 26750K .......... .......... .......... .......... .......... 29% 1.71M 95s
 26800K .......... .......... .......... .......... .......... 29% 1.69M 95s
 26850K .......... .......... .......... .......... .......... 29% 1.41M 95s
 26900K .......... .......... .......... .......... .......... 29% 1.65M 95s
 26950K .......... .......... .......... .......... .......... 29% 1.41M 95s
 27000K .......... .......... .......... .......... .......... 29% 1.60M 94s
 27050K .......... .......... .......... .......... .......... 29% 1.58M 94s
 27100K .......... .......... .......... .......... .......... 29% 1.33M 94s
 27150K .......... .......... .......... .......... .......... 29% 1.54M 94s
 27200K .......... .......... .......... .......... .......... 29% 1.33M 94s
 27250K .......... .......... .......... .......... .......... 29% 1.53M 94s
 27300K .......... .......... .......... .......... .......... 29% 1.52M 93s
 27350K .......... .......... .......... .......... .......... 29% 1.03M 93s
 27400K .......... .......... .......... .......... .......... 30%  627K 93s
 27450K .......... .......... .......... .......... .......... 30%  200K 93s
 27500K .......... .......... .......... .......... .......... 30%  664K 93s
 27550K .......... .......... .......... .......... .......... 30% 1.51M 93s
 27600K .......... .......... .......... .......... .......... 30%  866K 93s
 27650K .......... .......... .......... .......... .......... 30% 1.91M 93s
 27700K .......... .......... .......... .......... .......... 30% 1.14M 93s
 27750K .......... .......... .......... .......... .......... 30% 2.01M 93s
 27800K .......... .......... .......... .......... .......... 30% 1.66M 92s
 27850K .......... .......... .......... .......... .......... 30% 1.07M 92s
 27900K .......... .......... .......... .......... .......... 30% 1.14M 92s
 27950K .......... .......... .......... .......... .......... 30% 1.18M 92s
 28000K .......... .......... .......... .......... .......... 30% 1.52M 92s
 28050K .......... .......... .......... .......... .......... 30% 1.13M 92s
 28100K .......... .......... .......... .......... .......... 30% 1.44M 92s
 28150K .......... .......... .......... .......... .......... 30% 1.22M 91s
 28200K .......... .......... .......... .......... .......... 30% 1.12M 91s
 28250K .......... .......... .......... .......... .......... 30% 1.38M 91s
 28300K .......... .......... .......... .......... .......... 31%  567K 91s
 28350K .......... .......... .......... .......... .......... 31% 1.97M 91s
 28400K .......... .......... .......... .......... .......... 31% 2.26M 91s
 28450K .......... .......... .......... .......... .......... 31% 1.33M 91s
 28500K .......... .......... .......... .......... .......... 31% 1.03M 90s
 28550K .......... .......... .......... .......... .......... 31% 19.0K 96s
 28600K .......... .......... .......... .......... .......... 31% 2.13M 96s
 28650K .......... .......... .......... .......... .......... 31% 4.89M 96s
 28700K .......... .......... .......... .......... .......... 31% 4.13M 95s
 28750K .......... .......... .......... .......... .......... 31% 5.29M 95s
 28800K .......... .......... .......... .......... .......... 31% 4.84M 95s
 28850K .......... .......... .......... .......... .......... 31% 3.99M 95s
 28900K .......... .......... .......... .......... .......... 31% 5.04M 95s
 28950K .......... .......... .......... .......... .......... 31% 3.99M 94s
 29000K .......... .......... .......... .......... .......... 31% 4.54M 94s
 29050K .......... .......... .......... .......... .......... 31% 4.47M 94s
 29100K .......... .......... .......... .......... .......... 31% 4.33M 94s
 29150K .......... .......... .......... .......... .......... 31% 4.60M 93s
 29200K .......... .......... .......... .......... .......... 32% 3.82M 93s
 29250K .......... .......... .......... .......... .......... 32% 4.88M 93s
 29300K .......... .......... .......... .......... .......... 32% 4.86M 93s
 29350K .......... .......... .......... .......... .......... 32% 4.19M 93s
 29400K .......... .......... .......... .......... .......... 32% 5.32M 92s
 29450K .......... .......... .......... .......... .......... 32% 4.50M 92s
 29500K .......... .......... .......... .......... .......... 32% 5.06M 92s
 29550K .......... .......... .......... .......... .......... 32% 4.66M 92s
 29600K .......... .......... .......... .......... .......... 32% 4.10M 92s
 29650K .......... .......... .......... .......... .......... 32% 4.70M 91s
 29700K .......... .......... .......... .......... .......... 32% 3.87M 91s
 29750K .......... .......... .......... .......... .......... 32% 4.48M 91s
 29800K .......... .......... .......... .......... .......... 32% 4.34M 91s
 29850K .......... .......... .......... .......... .......... 32% 3.54M 91s
 29900K .......... .......... .......... .......... .......... 32% 3.32M 90s
 29950K .......... .......... .......... .......... .......... 32% 3.32M 90s
 30000K .......... .......... .......... .......... .......... 32% 3.82M 90s
 30050K .......... .......... .......... .......... .......... 32% 3.74M 90s
 30100K .......... .......... .......... .......... .......... 33% 3.15M 90s
 30150K .......... .......... .......... .......... .......... 33% 3.51M 89s
 30200K .......... .......... .......... .......... .......... 33% 2.96M 89s
 30250K .......... .......... .......... .......... .......... 33% 3.37M 89s
 30300K .......... .......... .......... .......... .......... 33% 3.35M 89s
 30350K .......... .......... .......... .......... .......... 33% 2.72M 89s
 30400K .......... .......... .......... .......... .......... 33% 3.19M 88s
 30450K .......... .......... .......... .......... .......... 33% 2.67M 88s
 30500K .......... .......... .......... .......... .......... 33% 2.93M 88s
 30550K .......... .......... .......... .......... .......... 33% 2.98M 88s
 30600K .......... .......... .......... .......... .......... 33% 2.50M 88s
 30650K .......... .......... .......... .......... .......... 33% 2.81M 88s
 30700K .......... .......... .......... .......... .......... 33% 2.38M 87s
 30750K .......... .......... .......... .......... .......... 33% 2.73M 87s
 30800K .......... .......... .......... .......... .......... 33% 2.62M 87s
 30850K .......... .......... .......... .......... .......... 33% 2.22M 87s
 30900K .......... .......... .......... .......... .......... 33% 2.60M 87s
 30950K .......... .......... .......... .......... .......... 33% 2.16M 87s
 31000K .......... .......... .......... .......... .......... 33% 2.47M 86s
 31050K .......... .......... .......... .......... .......... 34% 2.48M 86s
 31100K .......... .......... .......... .......... .......... 34% 2.08M 86s
 31150K .......... .......... .......... .......... .......... 34% 2.36M 86s
 31200K .......... .......... .......... .......... .......... 34% 1.98M 86s
 31250K .......... .......... .......... .......... .......... 34% 2.31M 85s
 31300K .......... .......... .......... .......... .......... 34% 2.25M 85s
 31350K .......... .......... .......... .......... .......... 34% 1.89M 85s
 31400K .......... .......... .......... .......... .......... 34% 2.19M 85s
 31450K .......... .......... .......... .......... .......... 34% 1.86M 85s
 31500K .......... .......... .......... .......... .......... 34% 2.09M 85s
 31550K .......... .......... .......... .......... .......... 34% 2.09M 85s
 31600K .......... .......... .......... .......... .......... 34% 1.77M 84s
 31650K .......... .......... .......... .......... .......... 34% 1.43M 84s
 31700K .......... .......... .......... .......... .......... 34% 1.22M 84s
 31750K .......... .......... .......... .......... .......... 34% 1.32M 84s
 31800K .......... .......... .......... .......... .......... 34% 1.35M 84s
 31850K .......... .......... .......... .......... .......... 34% 1.05M 84s
 31900K .......... .......... .......... .......... .......... 34% 1.19M 84s
 31950K .......... .......... .......... .......... .......... 35% 1009K 83s
 32000K .......... .......... .......... .......... .......... 35%  967K 83s
 32050K .......... .......... .......... .......... .......... 35% 1022K 83s
 32100K .......... .......... .......... .......... .......... 35% 1.04M 83s
 32150K .......... .......... .......... .......... .......... 35%  755K 83s
 32200K .......... .......... .......... .......... .......... 35% 1.13M 83s
 32250K .......... .......... .......... .......... .......... 35% 1.51M 83s
 32300K .......... .......... .......... .......... .......... 35% 1.51M 83s
 32350K .......... .......... .......... .......... .......... 35% 1.03M 83s
 32400K .......... .......... .......... .......... .......... 35% 1.06M 82s
 32450K .......... .......... .......... .......... .......... 35% 1.34M 82s
 32500K .......... .......... .......... .......... .......... 35% 1.50M 82s
 32550K .......... .......... .......... .......... .......... 35% 1.26M 82s
 32600K .......... .......... .......... .......... .......... 35%  994K 82s
 32650K .......... .......... .......... .......... .......... 35% 1015K 82s
 32700K .......... .......... .......... .......... .......... 35%  646K 82s
 32750K .......... .......... .......... .......... .......... 35% 1.49M 82s
 32800K .......... .......... .......... .......... .......... 35%  752K 82s
 32850K .......... .......... .......... .......... .......... 36%  543K 82s
 32900K .......... .......... .......... .......... .......... 36%  501K 82s
 32950K .......... .......... .......... .......... .......... 36%  624K 81s
 33000K .......... .......... .......... .......... .......... 36%  756K 81s
 33050K .......... .......... .......... .......... .......... 36%  599K 81s
 33100K .......... .......... .......... .......... .......... 36%  591K 81s
 33150K .......... .......... .......... .......... .......... 36%  635K 81s
 33200K .......... .......... .......... .......... .......... 36%  585K 81s
 33250K .......... .......... .......... .......... .......... 36%  955K 81s
 33300K .......... .......... .......... .......... .......... 36% 1.05M 81s
 33350K .......... .......... .......... .......... .......... 36% 1.12M 81s
 33400K .......... .......... .......... .......... .......... 36% 1.36M 81s
 33450K .......... .......... .......... .......... .......... 36%  617K 81s
 33500K .......... .......... .......... .......... .......... 36%  567K 81s
 33550K .......... .......... .......... .......... .......... 36%  861K 81s
 33600K .......... .......... .......... .......... .......... 36%  554K 81s
 33650K .......... .......... .......... .......... .......... 36%  373K 81s
 33700K .......... .......... .......... .......... .......... 36%  905K 81s
 33750K .......... .......... .......... .......... .......... 37% 1.01M 80s
 33800K .......... .......... .......... .......... .......... 37%  868K 80s
 33850K .......... .......... .......... .......... .......... 37% 1.05M 80s
 33900K .......... .......... .......... .......... .......... 37% 1.10M 80s
 33950K .......... .......... .......... .......... .......... 37%  622K 80s
 34000K .......... .......... .......... .......... .......... 37%  890K 80s
 34050K .......... .......... .......... .......... .......... 37%  396K 80s
 34100K .......... .......... .......... .......... .......... 37%  382K 80s
 34150K .......... .......... .......... .......... .......... 37%  293K 80s
 34200K .......... .......... .......... .......... .......... 37%  694K 80s
 34250K .......... .......... .......... .......... .......... 37% 1.15M 80s
 34300K .......... .......... .......... .......... .......... 37% 1.12M 80s
 34350K .......... .......... .......... .......... .......... 37%  758K 80s
 34400K .......... .......... .......... .......... .......... 37% 1.12M 80s
 34450K .......... .......... .......... .......... .......... 37%  545K 80s
 34500K .......... .......... .......... .......... .......... 37%  317K 80s
 34550K .......... .......... .......... .......... .......... 37%  406K 80s
 34600K .......... .......... .......... .......... .......... 37%  611K 80s
 34650K .......... .......... .......... .......... .......... 37% 1.08M 80s
 34700K .......... .......... .......... .......... .......... 38%  909K 79s
 34750K .......... .......... .......... .......... .......... 38%  542K 79s
 34800K .......... .......... .......... .......... .......... 38% 33.4K 82s
 34850K .......... .......... .......... .......... .......... 38%  766K 82s
 34900K .......... .......... .......... .......... .......... 38% 2.46M 81s
 34950K .......... .......... .......... .......... .......... 38% 2.11M 81s
 35000K .......... .......... .......... .......... .......... 38% 2.37M 81s
 35050K .......... .......... .......... .......... .......... 38% 2.37M 81s
 35100K .......... .......... .......... .......... .......... 38% 1.98M 81s
 35150K .......... .......... .......... .......... .......... 38% 2.28M 81s
 35200K .......... .......... .......... .......... .......... 38% 1.92M 80s
 35250K .......... .......... .......... .......... .......... 38% 2.14M 80s
 35300K .......... .......... .......... .......... .......... 38%  214K 81s
 35350K .......... .......... .......... .......... .......... 38% 1.49M 80s
 35400K .......... .......... .......... .......... .......... 38% 3.53M 80s
 35450K .......... .......... .......... .......... .......... 38% 2.98M 80s
 35500K .......... .......... .......... .......... .......... 38%  213K 80s
 35550K .......... .......... .......... .......... .......... 38% 3.19M 80s
 35600K .......... .......... .......... .......... .......... 39% 2.77M 80s
 35650K .......... .......... .......... .......... .......... 39% 3.12M 80s
 35700K .......... .......... .......... .......... .......... 39% 2.60M 80s
 35750K .......... .......... .......... .......... .......... 39% 3.02M 79s
 35800K .......... .......... .......... .......... .......... 39% 2.94M 79s
 35850K .......... .......... .......... .......... .......... 39% 2.46M 79s
 35900K .......... .......... .......... .......... .......... 39% 2.82M 79s
 35950K .......... .......... .......... .......... .......... 39% 2.38M 79s
 36000K .......... .......... .......... .......... .......... 39% 2.70M 79s
 36050K .......... .......... .......... .......... .......... 39% 2.65M 79s
 36100K .......... .......... .......... .......... .......... 39% 2.27M 78s
 36150K .......... .......... .......... .......... .......... 39% 2.53M 78s
 36200K .......... .......... .......... .......... .......... 39% 2.10M 78s
 36250K .......... .......... .......... .......... .......... 39% 2.50M 78s
 36300K .......... .......... .......... .......... .......... 39% 1.39M 78s
 36350K .......... .......... .......... .......... .......... 39% 1.93M 78s
 36400K .......... .......... .......... .......... .......... 39%  888K 78s
 36450K .......... .......... .......... .......... .......... 39%  771K 78s
 36500K .......... .......... .......... .......... .......... 40% 1.00M 77s
 36550K .......... .......... .......... .......... .......... 40%  917K 77s
 36600K .......... .......... .......... .......... .......... 40%  468K 77s
 36650K .......... .......... .......... .......... .......... 40%  905K 77s
 36700K .......... .......... .......... .......... .......... 40% 1009K 77s
 36750K .......... .......... .......... .......... .......... 40% 1.01M 77s
 36800K .......... .......... .......... .......... .......... 40% 1.13M 77s
 36850K .......... .......... .......... .......... .......... 40%  409K 77s
 36900K .......... .......... .......... .......... .......... 40%  276K 77s
 36950K .......... .......... .......... .......... .......... 40%  396K 77s
 37000K .......... .......... .......... .......... .......... 40%  391K 77s
 37050K .......... .......... .......... .......... .......... 40%  542K 77s
 37100K .......... .......... .......... .......... .......... 40%  766K 77s
 37150K .......... .......... .......... .......... .......... 40%  887K 77s
 37200K .......... .......... .......... .......... .......... 40% 1.10M 77s
 37250K .......... .......... .......... .......... .......... 40%  529K 77s
 37300K .......... .......... .......... .......... .......... 40%  849K 77s
 37350K .......... .......... .......... .......... .......... 40%  726K 76s
 37400K .......... .......... .......... .......... .......... 40%  659K 76s
 37450K .......... .......... .......... .......... .......... 41%  833K 76s
 37500K .......... .......... .......... .......... .......... 41%  561K 76s
 37550K .......... .......... .......... .......... .......... 41%  936K 76s
 37600K .......... .......... .......... .......... .......... 41%  697K 76s
 37650K .......... .......... .......... .......... .......... 41%  327K 76s
 37700K .......... .......... .......... .......... .......... 41% 1.39M 76s
 37750K .......... .......... .......... .......... .......... 41% 1.64M 76s
 37800K .......... .......... .......... .......... .......... 41% 1.61M 76s
 37850K .......... .......... .......... .......... .......... 41% 1.35M 76s
 37900K .......... .......... .......... .......... .......... 41% 1.57M 76s
 37950K .......... .......... .......... .......... .......... 41% 1.33M 75s
 38000K .......... .......... .......... .......... .......... 41% 1.52M 75s
 38050K .......... .......... .......... .......... .......... 41% 1.52M 75s
 38100K .......... .......... .......... .......... .......... 41% 1.27M 75s
 38150K .......... .......... .......... .......... .......... 41% 1.49M 75s
 38200K .......... .......... .......... .......... .......... 41% 1.26M 75s
 38250K .......... .......... .......... .......... .......... 41% 1.47M 75s
 38300K .......... .......... .......... .......... .......... 41% 1.44M 75s
 38350K .......... .......... .......... .......... .......... 42% 1.22M 74s
 38400K .......... .......... .......... .......... .......... 42% 1.42M 74s
 38450K .......... .......... .......... .......... .......... 42% 1.20M 74s
 38500K .......... .......... .......... .......... .......... 42% 1.38M 74s
 38550K .......... .......... .......... .......... .......... 42% 1.37M 74s
 38600K .......... .......... .......... .......... .......... 42% 1.17M 74s
 38650K .......... .......... .......... .......... .......... 42% 1.34M 74s
 38700K .......... .......... .......... .......... .......... 42% 1.14M 74s
 38750K .......... .......... .......... .......... .......... 42% 1.32M 74s
 38800K .......... .......... .......... .......... .......... 42% 1.30M 73s
 38850K .......... .......... .......... .......... .......... 42% 1.11M 73s
 38900K .......... .......... .......... .......... .......... 42% 1.29M 73s
 38950K .......... .......... .......... .......... .......... 42% 1.09M 73s
 39000K .......... .......... .......... .......... .......... 42% 1.26M 73s
 39050K .......... .......... .......... .......... .......... 42% 1.25M 73s
 39100K .......... .......... .......... .......... .......... 42% 1.07M 73s
 39150K .......... .......... .......... .......... .......... 42% 1.23M 73s
 39200K .......... .......... .......... .......... .......... 42% 1.04M 73s
 39250K .......... .......... .......... .......... .......... 43% 1.21M 72s
 39300K .......... .......... .......... .......... .......... 43% 1.20M 72s
 39350K .......... .......... .......... .......... .......... 43% 1.02M 72s
 39400K .......... .......... .......... .......... .......... 43% 1.18M 72s
 39450K .......... .......... .......... .......... .......... 43% 1016K 72s
 39500K .......... .......... .......... .......... .......... 43% 1.15M 72s
 39550K .......... .......... .......... .......... .......... 43% 1.15M 72s
 39600K .......... .......... .......... .......... .......... 43% 1004K 72s
 39650K .......... .......... .......... .......... .......... 43% 1.13M 72s
 39700K .......... .......... .......... .......... .......... 43%  985K 72s
 39750K .......... .......... .......... .......... .......... 43% 1.12M 71s
 39800K .......... .......... .......... .......... .......... 43% 1.11M 71s
 39850K .......... .......... .......... .......... .......... 43%  958K 71s
 39900K .......... .......... .......... .......... .......... 43%  641K 71s
 39950K .......... .......... .......... .......... .......... 43%  949K 71s
 40000K .......... .......... .......... .......... .......... 43% 1.06M 71s
 40050K .......... .......... .......... .......... .......... 43% 1.07M 71s
 40100K .......... .......... .......... .......... .......... 43%  927K 71s
 40150K .......... .......... .......... .......... .......... 44% 1.05M 71s
 40200K .......... .......... .......... .......... .......... 44%  910K 71s
 40250K .......... .......... .......... .......... .......... 44% 1.03M 71s
 40300K .......... .......... .......... .......... .......... 44% 1.02M 70s
 40350K .......... .......... .......... .......... .......... 44%  893K 70s
 40400K .......... .......... .......... .......... .......... 44% 1.00M 70s
 40450K .......... .......... .......... .......... .......... 44%  884K 70s
 40500K .......... .......... .......... .......... .......... 44% 1015K 70s
 40550K .......... .......... .......... .......... .......... 44% 1011K 70s
 40600K .......... .......... .......... .......... .......... 44%  616K 70s
 40650K .......... .......... .......... .......... .......... 44%  739K 70s
 40700K .......... .......... .......... .......... .......... 44%  517K 70s
 40750K .......... .......... .......... .......... .......... 44%  459K 70s
 40800K .......... .......... .......... .......... .......... 44%  326K 70s
 40850K .......... .......... .......... .......... .......... 44%  859K 70s
 40900K .......... .......... .......... .......... .......... 44%  968K 70s
 40950K .......... .......... .......... .......... .......... 44%  821K 70s
 41000K .......... .......... .......... .......... .......... 44%  953K 70s
 41050K .......... .......... .......... .......... .......... 44%  814K 69s
 41100K .......... .......... .......... .......... .......... 45%  938K 69s
 41150K .......... .......... .......... .......... .......... 45%  936K 69s
 41200K .......... .......... .......... .......... .......... 45%  276K 69s
 41250K .......... .......... .......... .......... .......... 45%  493K 69s
 41300K .......... .......... .......... .......... .......... 45%  788K 69s
 41350K .......... .......... .......... .......... .......... 45%  907K 69s
 41400K .......... .......... .......... .......... .......... 45%  904K 69s
 41450K .......... .......... .......... .......... .......... 45%  771K 69s
 41500K .......... .......... .......... .......... .......... 45%  893K 69s
 41550K .......... .......... .......... .......... .......... 45%  438K 69s
 41600K .......... .......... .......... .......... .......... 45%  908K 69s
 41650K .......... .......... .......... .......... .......... 45%  879K 69s
 41700K .......... .......... .......... .......... .......... 45%  748K 69s
 41750K .......... .......... .......... .......... .......... 45%  870K 69s
 41800K .......... .......... .......... .......... .......... 45%  736K 68s
 41850K .......... .......... .......... .......... .......... 45%  857K 68s
 41900K .......... .......... .......... .......... .......... 45%  609K 68s
 41950K .......... .......... .......... .......... .......... 45%  724K 68s
 42000K .......... .......... .......... .......... .......... 46%  834K 68s
 42050K .......... .......... .......... .......... .......... 46%  723K 68s
 42100K .......... .......... .......... .......... .......... 46%  833K 68s
 42150K .......... .......... .......... .......... .......... 46%  825K 68s
 42200K .......... .......... .......... .......... .......... 46%  706K 68s
 42250K .......... .......... .......... .......... .......... 46%  820K 68s
 42300K .......... .......... .......... .......... .......... 46%  696K 68s
 42350K .......... .......... .......... .......... .......... 46%  809K 68s
 42400K .......... .......... .......... .......... .......... 46%  804K 68s
 42450K .......... .......... .......... .......... .......... 46%  682K 68s
 42500K .......... .......... .......... .......... .......... 46%  795K 67s
 42550K .......... .......... .......... .......... .......... 46%  679K 67s
 42600K .......... .......... .......... .......... .......... 46%  782K 67s
 42650K .......... .......... .......... .......... .......... 46%  786K 67s
 42700K .......... .......... .......... .......... .......... 46%  668K 67s
 42750K .......... .......... .......... .......... .......... 46%  776K 67s
 42800K .......... .......... .......... .......... .......... 46%  656K 67s
 42850K .......... .......... .......... .......... .......... 46%  769K 67s
 42900K .......... .......... .......... .......... .......... 47%  764K 67s
 42950K .......... .......... .......... .......... .......... 47%  646K 67s
 43000K .......... .......... .......... .......... .......... 47%  755K 67s
 43050K .......... .......... .......... .......... .......... 47%  644K 67s
 43100K .......... .......... .......... .......... .......... 47%  745K 67s
 43150K .......... .......... .......... .......... .......... 47%  740K 67s
 43200K .......... .......... .......... .......... .......... 47%  635K 67s
 43250K .......... .......... .......... .......... .......... 47%  734K 66s
 43300K .......... .......... .......... .......... .......... 47%  626K 66s
 43350K .......... .......... .......... .......... .......... 47%  728K 66s
 43400K .......... .......... .......... .......... .......... 47%  726K 66s
 43450K .......... .......... .......... .......... .......... 47%  613K 66s
 43500K .......... .......... .......... .......... .......... 47%  718K 66s
 43550K .......... .......... .......... .......... .......... 47%  598K 66s
 43600K .......... .......... .......... .......... .......... 47%  710K 66s
 43650K .......... .......... .......... .......... .......... 47%  705K 66s
 43700K .......... .......... .......... .......... .......... 47%  604K 66s
 43750K .......... .......... .......... .......... .......... 47%  705K 66s
 43800K .......... .......... .......... .......... .......... 48%  596K 66s
 43850K .......... .......... .......... .......... .......... 48%  694K 66s
 43900K .......... .......... .......... .......... .......... 48%  689K 66s
 43950K .......... .......... .......... .......... .......... 48%  589K 66s
 44000K .......... .......... .......... .......... .......... 48%  682K 66s
 44050K .......... .......... .......... .......... .......... 48%  583K 65s
 44100K .......... .......... .......... .......... .......... 48%  676K 65s
 44150K .......... .......... .......... .......... .......... 48%  673K 65s
 44200K .......... .......... .......... .......... .......... 48%  576K 65s
 44250K .......... .......... .......... .......... .......... 48%  667K 65s
 44300K .......... .......... .......... .......... .......... 48%  569K 65s
 44350K .......... .......... .......... .......... .......... 48%  662K 65s
 44400K .......... .......... .......... .......... .......... 48%  659K 65s
 44450K .......... .......... .......... .......... .......... 48%  555K 65s
 44500K .......... .......... .......... .......... .......... 48%  654K 65s
 44550K .......... .......... .......... .......... .......... 48%  558K 65s
 44600K .......... .......... .......... .......... .......... 48%  637K 65s
 44650K .......... .......... .......... .......... .......... 48%  647K 65s
 44700K .......... .......... .......... .......... .......... 48%  554K 65s
 44750K .......... .......... .......... .......... .......... 49%  637K 65s
 44800K .......... .......... .......... .......... .......... 49%  543K 65s
 44850K .......... .......... .......... .......... .......... 49%  635K 65s
 44900K .......... .......... .......... .......... .......... 49%  626K 64s
 44950K .......... .......... .......... .......... .......... 49%  537K 64s
 45000K .......... .......... .......... .......... .......... 49%  624K 64s
 45050K .......... .......... .......... .......... .......... 49%  534K 64s
 45100K .......... .......... .......... .......... .......... 49%  620K 64s
 45150K .......... .......... .......... .......... .......... 49%  616K 64s
 45200K .......... .......... .......... .......... .......... 49%  528K 64s
 45250K .......... .......... .......... .......... .......... 49%  610K 64s
 45300K .......... .......... .......... .......... .......... 49%  519K 64s
 45350K .......... .......... .......... .......... .......... 49%  604K 64s
 45400K .......... .......... .......... .......... .......... 49%  607K 64s
 45450K .......... .......... .......... .......... .......... 49%  515K 64s
 45500K .......... .......... .......... .......... .......... 49%  599K 64s
 45550K .......... .......... .......... .......... .......... 49%  512K 64s
 45600K .......... .......... .......... .......... .......... 49%  595K 64s
 45650K .......... .......... .......... .......... .......... 50%  590K 64s
 45700K .......... .......... .......... .......... .......... 50%  507K 64s
 45750K .......... .......... .......... .......... .......... 50%  586K 64s
 45800K .......... .......... .......... .......... .......... 50%  501K 64s
 45850K .......... .......... .......... .......... .......... 50%  583K 64s
 45900K .......... .......... .......... .......... .......... 50%  581K 63s
 45950K .......... .......... .......... .......... .......... 50%  494K 63s
 46000K .......... .......... .......... .......... .......... 50%  576K 63s
 46050K .......... .......... .......... .......... .......... 50%  493K 63s
 46100K .......... .......... .......... .......... .......... 50%  570K 63s
 46150K .......... .......... .......... .......... .......... 50%  567K 63s
 46200K .......... .......... .......... .......... .......... 50%  486K 63s
 46250K .......... .......... .......... .......... .......... 50%  566K 63s
 46300K .......... .......... .......... .......... .......... 50%  480K 63s
 46350K .......... .......... .......... .......... .......... 50%  561K 63s
 46400K .......... .......... .......... .......... .......... 50%  558K 63s
 46450K .......... .......... .......... .......... .......... 50%  476K 63s
 46500K .......... .......... .......... .......... .......... 50%  554K 63s
 46550K .......... .......... .......... .......... .......... 51%  474K 63s
 46600K .......... .......... .......... .......... .......... 51%  549K 63s
 46650K .......... .......... .......... .......... .......... 51%  547K 63s
 46700K .......... .......... .......... .......... .......... 51%  469K 63s
 46750K .......... .......... .......... .......... .......... 51%  544K 63s
 46800K .......... .......... .......... .......... .......... 51%  463K 63s
 46850K .......... .......... .......... .......... .......... 51%  539K 63s
 46900K .......... .......... .......... .......... .......... 51%  537K 63s
 46950K .......... .......... .......... .......... .......... 51%  457K 63s
 47000K .......... .......... .......... .......... .......... 51%  537K 62s
 47050K .......... .......... .......... .......... .......... 51%  456K 62s
 47100K .......... .......... .......... .......... .......... 51%  530K 62s
 47150K .......... .......... .......... .......... .......... 51%  528K 62s
 47200K .......... .......... .......... .......... .......... 51%  452K 62s
 47250K .......... .......... .......... .......... .......... 51%  524K 62s
 47300K .......... .......... .......... .......... .......... 51%  447K 62s
 47350K .......... .......... .......... .......... .......... 51%  521K 62s
 47400K .......... .......... .......... .......... .......... 51%  518K 62s
 47450K .......... .......... .......... .......... .......... 51%  442K 62s
 47500K .......... .......... .......... .......... .......... 52%  517K 62s
 47550K .......... .......... .......... .......... .......... 52%  440K 62s
 47600K .......... .......... .......... .......... .......... 52%  511K 62s
 47650K .......... .......... .......... .......... .......... 52%  508K 62s
 47700K .......... .......... .......... .......... .......... 52%  435K 62s
 47750K .......... .......... .......... .......... .......... 52%  504K 62s
 47800K .......... .......... .......... .......... .......... 52%  432K 62s
 47850K .......... .......... .......... .......... .......... 52%  502K 62s
 47900K .......... .......... .......... .......... .......... 52%  505K 62s
 47950K .......... .......... .......... .......... .......... 52%  427K 62s
 48000K .......... .......... .......... .......... .......... 52%  498K 62s
 48050K .......... .......... .......... .......... .......... 52%  426K 62s
 48100K .......... .......... .......... .......... .......... 52%  494K 62s
 48150K .......... .......... .......... .......... .......... 52%  491K 62s
 48200K .......... .......... .......... .......... .......... 52%  422K 62s
 48250K .......... .......... .......... .......... .......... 52%  489K 61s
 48300K .......... .......... .......... .......... .......... 52%  413K 61s
 48350K .......... .......... .......... .......... .......... 52%  470K 61s
 48400K .......... .......... .......... .......... .......... 53%  486K 61s
 48450K .......... .......... .......... .......... .......... 53%  412K 61s
 48500K .......... .......... .......... .......... .......... 53%  481K 61s
 48550K .......... .......... .......... .......... .......... 53%  413K 61s
 48600K .......... .......... .......... .......... .......... 53%  479K 61s
 48650K .......... .......... .......... .......... .......... 53%  476K 61s
 48700K .......... .......... .......... .......... .......... 53%  408K 61s
 48750K .......... .......... .......... .......... .......... 53%  473K 61s
 48800K .......... .......... .......... .......... .......... 53%  404K 61s
 48850K .......... .......... .......... .......... .......... 53%  471K 61s
 48900K .......... .......... .......... .......... .......... 53%  470K 61s
 48950K .......... .......... .......... .......... .......... 53%  401K 61s
 49000K .......... .......... .......... .......... .......... 53%  465K 61s
 49050K .......... .......... .......... .......... .......... 53%  397K 61s
 49100K .......... .......... .......... .......... .......... 53%  464K 61s
 49150K .......... .......... .......... .......... .......... 53%  462K 61s
 49200K .......... .......... .......... .......... .......... 53%  395K 61s
 49250K .......... .......... .......... .......... .......... 53%  459K 61s
 49300K .......... .......... .......... .......... .......... 54%  391K 61s
 49350K .......... .......... .......... .......... .......... 54%  458K 61s
 49400K .......... .......... .......... .......... .......... 54%  453K 61s
 49450K .......... .......... .......... .......... .......... 54%  389K 61s
 49500K .......... .......... .......... .......... .......... 54%  451K 61s
 49550K .......... .......... .......... .......... .......... 54%  388K 61s
 49600K .......... .......... .......... .......... .......... 54%  449K 61s
 49650K .......... .......... .......... .......... .......... 54%  448K 60s
 49700K .......... .......... .......... .......... .......... 54%  380K 60s
 49750K .......... .......... .......... .......... .......... 54%  449K 60s
 49800K .......... .......... .......... .......... .......... 54%  380K 60s
 49850K .......... .......... .......... .......... .......... 54%  444K 60s
 49900K .......... .......... .......... .......... .......... 54%  441K 60s
 49950K .......... .......... .......... .......... .......... 54%  377K 60s
 50000K .......... .......... .......... .......... .......... 54%  438K 60s
 50050K .......... .......... .......... .......... .......... 54%  375K 60s
 50100K .......... .......... .......... .......... .......... 54%  437K 60s
 50150K .......... .......... .......... .......... .......... 54%  459K 60s
 50200K .......... .......... .......... .......... .......... 55% 1.65M 60s
 50250K .......... .......... .......... .......... .......... 55% 3.45M 60s
 50300K .......... .......... .......... .......... .......... 55% 2.68M 60s
 50350K .......... .......... .......... .......... .......... 55% 3.14M 60s
 50400K .......... .......... .......... .......... .......... 55% 3.15M 60s
 50450K .......... .......... .......... .......... .......... 55% 2.54M 59s
 50500K .......... .......... .......... .......... .......... 55% 2.97M 59s
 50550K .......... .......... .......... .......... .......... 55% 2.48M 59s
 50600K .......... .......... .......... .......... .......... 55% 2.82M 59s
 50650K .......... .......... .......... .......... .......... 55% 2.86M 59s
 50700K .......... .......... .......... .......... .......... 55% 2.48M 59s
 50750K .......... .......... .......... .......... .......... 55% 2.80M 59s
 50800K .......... .......... .......... .......... .......... 55% 2.35M 59s
 50850K .......... .......... .......... .......... .......... 55% 2.72M 59s
 50900K .......... .......... .......... .......... .......... 55% 2.68M 58s
 50950K .......... .......... .......... .......... .......... 55% 2.25M 58s
 51000K .......... .......... .......... .......... .......... 55% 2.58M 58s
 51050K .......... .......... .......... .......... .......... 55% 2.17M 58s
 51100K .......... .......... .......... .......... .......... 55% 2.46M 58s
 51150K .......... .......... .......... .......... .......... 56% 2.43M 58s
 51200K .......... .......... .......... .......... .......... 56% 2.06M 58s
 51250K .......... .......... .......... .......... .......... 56% 2.37M 58s
 51300K .......... .......... .......... .......... .......... 56% 1.96M 58s
 51350K .......... .......... .......... .......... .......... 56% 2.29M 57s
 51400K .......... .......... .......... .......... .......... 56% 2.25M 57s
 51450K .......... .......... .......... .......... .......... 56% 1.89M 57s
 51500K .......... .......... .......... .......... .......... 56% 2.16M 57s
 51550K .......... .......... .......... .......... .......... 56% 1.85M 57s
 51600K .......... .......... .......... .......... .......... 56% 2.10M 57s
 51650K .......... .......... .......... .......... .......... 56% 2.07M 57s
 51700K .......... .......... .......... .......... .......... 56% 1.76M 57s
 51750K .......... .......... .......... .......... .......... 56% 2.03M 57s
 51800K .......... .......... .......... .......... .......... 56% 1.68M 56s
 51850K .......... .......... .......... .......... .......... 56% 1.99M 56s
 51900K .......... .......... .......... .......... .......... 56% 1.94M 56s
 51950K .......... .......... .......... .......... .......... 56% 1.63M 56s
 52000K .......... .......... .......... .......... .......... 56% 1.88M 56s
 52050K .......... .......... .......... .......... .......... 57% 1.60M 56s
 52100K .......... .......... .......... .......... .......... 57% 1.83M 56s
 52150K .......... .......... .......... .......... .......... 57% 1.80M 56s
 52200K .......... .......... .......... .......... .......... 57% 1.53M 56s
 52250K .......... .......... .......... .......... .......... 57% 1.78M 55s
 52300K .......... .......... .......... .......... .......... 57% 1.48M 55s
 52350K .......... .......... .......... .......... .......... 57% 1.72M 55s
 52400K .......... .......... .......... .......... .......... 57% 1.52M 55s
 52450K .......... .......... .......... .......... .......... 57% 1.45M 55s
 52500K .......... .......... .......... .......... .......... 57% 1.66M 55s
 52550K .......... .......... .......... .......... .......... 57% 1.42M 55s
 52600K .......... .......... .......... .......... .......... 57% 1.63M 55s
 52650K .......... .......... .......... .......... .......... 57% 1.60M 55s
 52700K .......... .......... .......... .......... .......... 57% 1.37M 55s
 52750K .......... .......... .......... .......... .......... 57% 1.58M 54s
 52800K .......... .......... .......... .......... .......... 57% 1.32M 54s
 52850K .......... .......... .......... .......... .......... 57% 1.54M 54s
 52900K .......... .......... .......... .......... .......... 57% 1.53M 54s
 52950K .......... .......... .......... .......... .......... 58% 1.28M 54s
 53000K .......... .......... .......... .......... .......... 58% 1.49M 54s
 53050K .......... .......... .......... .......... .......... 58% 1.27M 54s
 53100K .......... .......... .......... .......... .......... 58% 1.45M 54s
 53150K .......... .......... .......... .......... .......... 58% 1.44M 54s
 53200K .......... .......... .......... .......... .......... 58% 1.23M 54s
 53250K .......... .......... .......... .......... .......... 58% 1.42M 54s
 53300K .......... .......... .......... .......... .......... 58% 1.17M 53s
 53350K .......... .......... .......... .......... .......... 58% 1.39M 53s
 53400K .......... .......... .......... .......... .......... 58% 1.37M 53s
 53450K .......... .......... .......... .......... .......... 58% 1.17M 53s
 53500K .......... .......... .......... .......... .......... 58% 1.33M 53s
 53550K .......... .......... .......... .......... .......... 58% 1.14M 53s
 53600K .......... .......... .......... .......... .......... 58% 1.32M 53s
 53650K .......... .......... .......... .......... .......... 58% 1.31M 53s
 53700K .......... .......... .......... .......... .......... 58% 1.12M 53s
 53750K .......... .......... .......... .......... .......... 58% 1.29M 53s
 53800K .......... .......... .......... .......... .......... 58% 1.09M 53s
 53850K .......... .......... .......... .......... .......... 59% 1.26M 52s
 53900K .......... .......... .......... .......... .......... 59% 1.25M 52s
 53950K .......... .......... .......... .......... .......... 59% 1.06M 52s
 54000K .......... .......... .......... .......... .......... 59% 1.23M 52s
 54050K .......... .......... .......... .......... .......... 59% 1.05M 52s
 54100K .......... .......... .......... .......... .......... 59% 1.20M 52s
 54150K .......... .......... .......... .......... .......... 59% 1.19M 52s
 54200K .......... .......... .......... .......... .......... 59% 1.03M 52s
 54250K .......... .......... .......... .......... .......... 59% 1.18M 52s
 54300K .......... .......... .......... .......... .......... 59% 1021K 52s
 54350K .......... .......... .......... .......... .......... 59% 1.16M 52s
 54400K .......... .......... .......... .......... .......... 59% 1.15M 51s
 54450K .......... .......... .......... .......... .......... 59%  999K 51s
 54500K .......... .......... .......... .......... .......... 59% 1.13M 51s
 54550K .......... .......... .......... .......... .......... 59%  985K 51s
 54600K .......... .......... .......... .......... .......... 59% 1.11M 51s
 54650K .......... .......... .......... .......... .......... 59% 1.09M 51s
 54700K .......... .......... .......... .......... .......... 59%  969K 51s
 54750K .......... .......... .......... .......... .......... 59% 1.09M 51s
 54800K .......... .......... .......... .......... .......... 60%  943K 51s
 54850K .......... .......... .......... .......... .......... 60% 1.07M 51s
 54900K .......... .......... .......... .......... .......... 60% 1.07M 51s
 54950K .......... .......... .......... .......... .......... 60%  920K 51s
 55000K .......... .......... .......... .......... .......... 60% 1.05M 50s
 55050K .......... .......... .......... .......... .......... 60%  913K 50s
 55100K .......... .......... .......... .......... .......... 60% 1.03M 50s
 55150K .......... .......... .......... .......... .......... 60% 1.02M 50s
 55200K .......... .......... .......... .......... .......... 60%  895K 50s
 55250K .......... .......... .......... .......... .......... 60% 1.01M 50s
 55300K .......... .......... .......... .......... .......... 60%  877K 50s
 55350K .......... .......... .......... .......... .......... 60% 1022K 50s
 55400K .......... .......... .......... .......... .......... 60% 1016K 50s
 55450K .......... .......... .......... .......... .......... 60%  857K 50s
 55500K .......... .......... .......... .......... .......... 60% 1001K 50s
 55550K .......... .......... .......... .......... .......... 60%  851K 50s
 55600K .......... .......... .......... .......... .......... 60%  984K 49s
 55650K .......... .......... .......... .......... .......... 60%  975K 49s
 55700K .......... .......... .......... .......... .......... 61%  833K 49s
 55750K .......... .......... .......... .......... .......... 61%  964K 49s
 55800K .......... .......... .......... .......... .......... 61%  821K 49s
 55850K .......... .......... .......... .......... .......... 61%  946K 49s
 55900K .......... .......... .......... .......... .......... 61%  949K 49s
 55950K .......... .......... .......... .......... .......... 61%  807K 49s
 56000K .......... .......... .......... .......... .......... 61%  938K 49s
 56050K .......... .......... .......... .......... .......... 61%  798K 49s
 56100K .......... .......... .......... .......... .......... 61%  922K 49s
 56150K .......... .......... .......... .......... .......... 61%  914K 49s
 56200K .......... .......... .......... .......... .......... 61%  784K 49s
 56250K .......... .......... .......... .......... .......... 61%  904K 48s
 56300K .......... .......... .......... .......... .......... 61%  768K 48s
 56350K .......... .......... .......... .......... .......... 61%  893K 48s
 56400K .......... .......... .......... .......... .......... 61%  890K 48s
 56450K .......... .......... .......... .......... .......... 61%  757K 48s
 56500K .......... .......... .......... .......... .......... 61%  876K 48s
 56550K .......... .......... .......... .......... .......... 61%  747K 48s
 56600K .......... .......... .......... .......... .......... 62%  869K 48s
 56650K .......... .......... .......... .......... .......... 62%  864K 48s
 56700K .......... .......... .......... .......... .......... 62%  736K 48s
 56750K .......... .......... .......... .......... .......... 62%  851K 48s
 56800K .......... .......... .......... .......... .......... 62%  724K 48s
 56850K .......... .......... .......... .......... .......... 62%  840K 48s
 56900K .......... .......... .......... .......... .......... 62%  844K 48s
 56950K .......... .......... .......... .......... .......... 62%  711K 47s
 57000K .......... .......... .......... .......... .......... 62%  825K 47s
 57050K .......... .......... .......... .......... .......... 62%  710K 47s
 57100K .......... .......... .......... .......... .......... 62%  819K 47s
 57150K .......... .......... .......... .......... .......... 62%  812K 47s
 57200K .......... .......... .......... .......... .......... 62%  696K 47s
 57250K .......... .......... .......... .......... .......... 62%  806K 47s
 57300K .......... .......... .......... .......... .......... 62%  685K 47s
 57350K .......... .......... .......... .......... .......... 62%  797K 47s
 57400K .......... .......... .......... .......... .......... 62%  792K 47s
 57450K .......... .......... .......... .......... .......... 62%  669K 47s
 57500K .......... .......... .......... .......... .......... 63%  779K 47s
 57550K .......... .......... .......... .......... .......... 63%  675K 47s
 57600K .......... .......... .......... .......... .......... 63%  770K 47s
 57650K .......... .......... .......... .......... .......... 63%  770K 46s
 57700K .......... .......... .......... .......... .......... 63%  659K 46s
 57750K .......... .......... .......... .......... .......... 63%  763K 46s
 57800K .......... .......... .......... .......... .......... 63%  648K 46s
 57850K .......... .......... .......... .......... .......... 63%  756K 46s
 57900K .......... .......... .......... .......... .......... 63%  753K 46s
 57950K .......... .......... .......... .......... .......... 63%  638K 46s
 58000K .......... .......... .......... .......... .......... 63%  741K 46s
 58050K .......... .......... .......... .......... .......... 63%  638K 46s
 58100K .......... .......... .......... .......... .......... 63%  735K 46s
 58150K .......... .......... .......... .......... .......... 63%  730K 46s
 58200K .......... .......... .......... .......... .......... 63%  628K 46s
 58250K .......... .......... .......... .......... .......... 63%  727K 46s
 58300K .......... .......... .......... .......... .......... 63%  617K 46s
 58350K .......... .......... .......... .......... .......... 63%  399K 46s
 58400K .......... .......... .......... .......... .......... 63%  751K 45s
 58450K .......... .......... .......... .......... .......... 64%  609K 45s
 58500K .......... .......... .......... .......... .......... 64%  703K 45s
 58550K .......... .......... .......... .......... .......... 64%  606K 45s
 58600K .......... .......... .......... .......... .......... 64%  700K 45s
 58650K .......... .......... .......... .......... .......... 64%  698K 45s
 58700K .......... .......... .......... .......... .......... 64%  597K 45s
 58750K .......... .......... .......... .......... .......... 64%  690K 45s
 58800K .......... .......... .......... .......... .......... 64%  587K 45s
 58850K .......... .......... .......... .......... .......... 64%  685K 45s
 58900K .......... .......... .......... .......... .......... 64%  683K 45s
 58950K .......... .......... .......... .......... .......... 64%  582K 45s
 59000K .......... .......... .......... .......... .......... 64%  675K 45s
 59050K .......... .......... .......... .......... .......... 64%  577K 45s
 59100K .......... .......... .......... .......... .......... 64%  666K 45s
 59150K .......... .......... .......... .......... .......... 64%  667K 45s
 59200K .......... .......... .......... .......... .......... 64%  568K 44s
 59250K .......... .......... .......... .......... .......... 64%  661K 44s
 59300K .......... .......... .......... .......... .......... 64%  560K 44s
 59350K .......... .......... .......... .......... .......... 65%  656K 44s
 59400K .......... .......... .......... .......... .......... 65%  652K 44s
 59450K .......... .......... .......... .......... .......... 65%  553K 44s
 59500K .......... .......... .......... .......... .......... 65%  645K 44s
 59550K .......... .......... .......... .......... .......... 65%  551K 44s
 59600K .......... .......... .......... .......... .......... 65%  637K 44s
 59650K .......... .......... .......... .......... .......... 65%  637K 44s
 59700K .......... .......... .......... .......... .......... 65%  544K 44s
 59750K .......... .......... .......... .......... .......... 65%  631K 44s
 59800K .......... .......... .......... .......... .......... 65%  536K 44s
 59850K .......... .......... .......... .......... .......... 65%  627K 44s
 59900K .......... .......... .......... .......... .......... 65%  625K 44s
 59950K .......... .......... .......... .......... .......... 65%  530K 44s
 60000K .......... .......... .......... .......... .......... 65%  617K 43s
 60050K .......... .......... .......... .......... .......... 65%  529K 43s
 60100K .......... .......... .......... .......... .......... 65%  612K 43s
 60150K .......... .......... .......... .......... .......... 65%  610K 43s
 60200K .......... .......... .......... .......... .......... 65%  521K 43s
 60250K .......... .......... .......... .......... .......... 66%  605K 43s
 60300K .......... .......... .......... .......... .......... 66%  513K 43s
 60350K .......... .......... .......... .......... .......... 66%  599K 43s
 60400K .......... .......... .......... .......... .......... 66%  597K 43s
 60450K .......... .......... .......... .......... .......... 66%  511K 43s
 60500K .......... .......... .......... .......... .......... 66%  593K 43s
 60550K .......... .......... .......... .......... .......... 66%  506K 43s
 60600K .......... .......... .......... .......... .......... 66%  588K 43s
 60650K .......... .......... .......... .......... .......... 66%  583K 43s
 60700K .......... .......... .......... .......... .......... 66%  501K 43s
 60750K .......... .......... .......... .......... .......... 66%  580K 43s
 60800K .......... .......... .......... .......... .......... 66%  494K 43s
 60850K .......... .......... .......... .......... .......... 66%  577K 42s
 60900K .......... .......... .......... .......... .......... 66%  575K 42s
 60950K .......... .......... .......... .......... .......... 66%  488K 42s
 61000K .......... .......... .......... .......... .......... 66%  518K 42s
 61050K .......... .......... .......... .......... .......... 66%  488K 42s
 61100K .......... .......... .......... .......... .......... 66%  561K 42s
 61150K .......... .......... .......... .......... .......... 66%  563K 42s
 61200K .......... .......... .......... .......... .......... 67%  481K 42s
 61250K .......... .......... .......... .......... .......... 67%  559K 42s
 61300K .......... .......... .......... .......... .......... 67%  475K 42s
 61350K .......... .......... .......... .......... .......... 67%  552K 42s
 61400K .......... .......... .......... .......... .......... 67%  553K 42s
 61450K .......... .......... .......... .......... .......... 67%  472K 42s
 61500K .......... .......... .......... .......... .......... 67%  548K 42s
 61550K .......... .......... .......... .......... .......... 67%  468K 42s
 61600K .......... .......... .......... .......... .......... 67%  543K 42s
 61650K .......... .......... .......... .......... .......... 67%  542K 42s
 61700K .......... .......... .......... .......... .......... 67%  460K 41s
 61750K .......... .......... .......... .......... .......... 67%  534K 41s
 61800K .......... .......... .......... .......... .......... 67%  461K 41s
 61850K .......... .......... .......... .......... .......... 67%  533K 41s
 61900K .......... .......... .......... .......... .......... 67%  533K 41s
 61950K .......... .......... .......... .......... .......... 67%  454K 41s
 62000K .......... .......... .......... .......... .......... 67%  528K 41s
 62050K .......... .......... .......... .......... .......... 67%  451K 41s
 62100K .......... .......... .......... .......... .......... 68%  523K 41s
 62150K .......... .......... .......... .......... .......... 68%  522K 41s
 62200K .......... .......... .......... .......... .......... 68%  446K 41s
 62250K .......... .......... .......... .......... .......... 68%  519K 41s
 62300K .......... .......... .......... .......... .......... 68%  442K 41s
 62350K .......... .......... .......... .......... .......... 68%  516K 41s
 62400K .......... .......... .......... .......... .......... 68%  513K 41s
 62450K .......... .......... .......... .......... .......... 68%  439K 41s
 62500K .......... .......... .......... .......... .......... 68%  508K 41s
 62550K .......... .......... .......... .......... .......... 68%  435K 41s
 62600K .......... .......... .......... .......... .......... 68%  506K 40s
 62650K .......... .......... .......... .......... .......... 68%  504K 40s
 62700K .......... .......... .......... .......... .......... 68%  433K 40s
 62750K .......... .......... .......... .......... .......... 68%  500K 40s
 62800K .......... .......... .......... .......... .......... 68%  427K 40s
 62850K .......... .......... .......... .......... .......... 68%  499K 40s
 62900K .......... .......... .......... .......... .......... 68%  495K 40s
 62950K .......... .......... .......... .......... .......... 68%  424K 40s
 63000K .......... .......... .......... .......... .......... 69%  491K 40s
 63050K .......... .......... .......... .......... .......... 69%  420K 40s
 63100K .......... .......... .......... .......... .......... 69%  490K 40s
 63150K .......... .......... .......... .......... .......... 69%  487K 40s
 63200K .......... .......... .......... .......... .......... 69%  417K 40s
 63250K .......... .......... .......... .......... .......... 69%  483K 40s
 63300K .......... .......... .......... .......... .......... 69%  413K 40s
 63350K .......... .......... .......... .......... .......... 69%  477K 40s
 63400K .......... .......... .......... .......... .......... 69%  483K 40s
 63450K .......... .......... .......... .......... .......... 69%  409K 40s
 63500K .......... .......... .......... .......... .......... 69%  476K 40s
 63550K .......... .......... .......... .......... .......... 69%  408K 39s
 63600K .......... .......... .......... .......... .......... 69%  471K 39s
 63650K .......... .......... .......... .......... .......... 69%  472K 39s
 63700K .......... .......... .......... .......... .......... 69%  403K 39s
 63750K .......... .......... .......... .......... .......... 69%  469K 39s
 63800K .......... .......... .......... .......... .......... 69%  400K 39s
 63850K .......... .......... .......... .......... .......... 69%  466K 39s
 63900K .......... .......... .......... .......... .......... 70%  464K 39s
 63950K .......... .......... .......... .......... .......... 70%  396K 39s
 64000K .......... .......... .......... .......... .......... 70%  460K 39s
 64050K .......... .......... .......... .......... .......... 70%  396K 39s
 64100K .......... .......... .......... .......... .......... 70%  451K 39s
 64150K .......... .......... .......... .......... .......... 70%  463K 39s
 64200K .......... .......... .......... .......... .......... 70%  390K 39s
 64250K .......... .......... .......... .......... .......... 70%  455K 39s
 64300K .......... .......... .......... .......... .......... 70%  385K 39s
 64350K .......... .......... .......... .......... .......... 70%  453K 39s
 64400K .......... .......... .......... .......... .......... 70%  449K 39s
 64450K .......... .......... .......... .......... .......... 70%  386K 39s
 64500K .......... .......... .......... .......... .......... 70%  447K 38s
 64550K .......... .......... .......... .......... .......... 70%  384K 38s
 64600K .......... .......... .......... .......... .......... 70%  444K 38s
 64650K .......... .......... .......... .......... .......... 70%  442K 38s
 64700K .......... .......... .......... .......... .......... 70%  380K 38s
 64750K .......... .......... .......... .......... .......... 70%  439K 38s
 64800K .......... .......... .......... .......... .......... 70%  375K 38s
 64850K .......... .......... .......... .......... .......... 71%  423K 38s
 64900K .......... .......... .......... .......... .......... 71%  168K 38s
 64950K .......... .......... .......... .......... .......... 71% 1.01M 38s
 65000K .......... .......... .......... .......... .......... 71% 1.16M 38s
 65050K .......... .......... .......... .......... .......... 71%  996K 38s
 65100K .......... .......... .......... .......... .......... 71% 1.16M 38s
 65150K .......... .......... .......... .......... .......... 71% 1.15M 38s
 65200K .......... .......... .......... .......... .......... 71% 1003K 38s
 65250K .......... .......... .......... .......... .......... 71% 1.13M 38s
 65300K .......... .......... .......... .......... .......... 71%  988K 37s
 65350K .......... .......... .......... .......... .......... 71% 1.11M 37s
 65400K .......... .......... .......... .......... .......... 71% 1.11M 37s
 65450K .......... .......... .......... .......... .......... 71%  960K 37s
 65500K .......... .......... .......... .......... .......... 71% 1.09M 37s
 65550K .......... .......... .......... .......... .......... 71%  952K 37s
 65600K .......... .......... .......... .......... .......... 71% 1.08M 37s
 65650K .......... .......... .......... .......... .......... 71% 1.06M 37s
 65700K .......... .......... .......... .......... .......... 71%  928K 37s
 65750K .......... .......... .......... .......... .......... 72% 1.05M 37s
 65800K .......... .......... .......... .......... .......... 72%  911K 37s
 65850K .......... .......... .......... .......... .......... 72% 1.03M 37s
 65900K .......... .......... .......... .......... .......... 72% 1.02M 36s
 65950K .......... .......... .......... .......... .......... 72%  891K 36s
 66000K .......... .......... .......... .......... .......... 72% 1.02M 36s
 66050K .......... .......... .......... .......... .......... 72%  881K 36s
 66100K .......... .......... .......... .......... .......... 72% 1012K 36s
 66150K .......... .......... .......... .......... .......... 72% 1.00M 36s
 66200K .......... .......... .......... .......... .......... 72%  865K 36s
 66250K .......... .......... .......... .......... .......... 72% 1000K 36s
 66300K .......... .......... .......... .......... .......... 72%  851K 36s
 66350K .......... .......... .......... .......... .......... 72%  986K 36s
 66400K .......... .......... .......... .......... .......... 72%  985K 36s
 66450K .......... .......... .......... .......... .......... 72%  835K 36s
 66500K .......... .......... .......... .......... .......... 72%  965K 36s
 66550K .......... .......... .......... .......... .......... 72%  826K 35s
 66600K .......... .......... .......... .......... .......... 72%  954K 35s
 66650K .......... .......... .......... .......... .......... 73%  948K 35s
 66700K .......... .......... .......... .......... .......... 73%  809K 35s
 66750K .......... .......... .......... .......... .......... 73%  920K 35s
 66800K .......... .......... .......... .......... .......... 73%  769K 35s
 66850K .......... .......... .......... .......... .......... 73%  910K 35s
 66900K .......... .......... .......... .......... .......... 73%  924K 35s
 66950K .......... .......... .......... .......... .......... 73%  782K 35s
 67000K .......... .......... .......... .......... .......... 73%  908K 35s
 67050K .......... .......... .......... .......... .......... 73%  775K 35s
 67100K .......... .......... .......... .......... .......... 73%  888K 35s
 67150K .......... .......... .......... .......... .......... 73%  891K 35s
 67200K .......... .......... .......... .......... .......... 73%  766K 34s
 67250K .......... .......... .......... .......... .......... 73%  880K 34s
 67300K .......... .......... .......... .......... .......... 73%  748K 34s
 67350K .......... .......... .......... .......... .......... 73%  872K 34s
 67400K .......... .......... .......... .......... .......... 73%  866K 34s
 67450K .......... .......... .......... .......... .......... 73%  736K 34s
 67500K .......... .......... .......... .......... .......... 73%  855K 34s
 67550K .......... .......... .......... .......... .......... 74%  731K 34s
 67600K .......... .......... .......... .......... .......... 74%  842K 34s
 67650K .......... .......... .......... .......... .......... 74%  841K 34s
 67700K .......... .......... .......... .......... .......... 74%  718K 34s
 67750K .......... .......... .......... .......... .......... 74%  833K 34s
 67800K .......... .......... .......... .......... .......... 74%  706K 34s
 67850K .......... .......... .......... .......... .......... 74%  820K 34s
 67900K .......... .......... .......... .......... .......... 74%  820K 33s
 67950K .......... .......... .......... .......... .......... 74%  693K 33s
 68000K .......... .......... .......... .......... .......... 74%  809K 33s
 68050K .......... .......... .......... .......... .......... 74%  689K 33s
 68100K .......... .......... .......... .......... .......... 74%  799K 33s
 68150K .......... .......... .......... .......... .......... 74%  792K 33s
 68200K .......... .......... .......... .......... .......... 74%  680K 33s
 68250K .......... .......... .......... .......... .......... 74%  788K 33s
 68300K .......... .......... .......... .......... .......... 74%  668K 33s
 68350K .......... .......... .......... .......... .......... 74%  778K 33s
 68400K .......... .......... .......... .......... .......... 74%  777K 33s
 68450K .......... .......... .......... .......... .......... 74%  659K 33s
 68500K .......... .......... .......... .......... .......... 75%  765K 33s
 68550K .......... .......... .......... .......... .......... 75%  654K 32s
 68600K .......... .......... .......... .......... .......... 75%  756K 32s
 68650K .......... .......... .......... .......... .......... 75%  754K 32s
 68700K .......... .......... .......... .......... .......... 75%  644K 32s
 68750K .......... .......... .......... .......... .......... 75%  746K 32s
 68800K .......... .......... .......... .......... .......... 75%  636K 32s
 68850K .......... .......... .......... .......... .......... 75%  738K 32s
 68900K .......... .......... .......... .......... .......... 75%  737K 32s
 68950K .......... .......... .......... .......... .......... 75%  626K 32s
 69000K .......... .......... .......... .......... .......... 75%  723K 32s
 69050K .......... .......... .......... .......... .......... 75%  622K 32s
 69100K .......... .......... .......... .......... .......... 75%  718K 32s
 69150K .......... .......... .......... .......... .......... 75%  718K 32s
 69200K .......... .......... .......... .......... .......... 75%  613K 32s
 69250K .......... .......... .......... .......... .......... 75%  710K 32s
 69300K .......... .......... .......... .......... .......... 75%  605K 31s
 69350K .......... .......... .......... .......... .......... 75%  703K 31s
 69400K .......... .......... .......... .......... .......... 76%  701K 31s
 69450K .......... .......... .......... .......... .......... 76%  596K 31s
 69500K .......... .......... .......... .......... .......... 76%  692K 31s
 69550K .......... .......... .......... .......... .......... 76%  593K 31s
 69600K .......... .......... .......... .......... .......... 76%  686K 31s
 69650K .......... .......... .......... .......... .......... 76%  679K 31s
 69700K .......... .......... .......... .......... .......... 76%  585K 31s
 69750K .......... .......... .......... .......... .......... 76%  679K 31s
 69800K .......... .......... .......... .......... .......... 76%  576K 31s
 69850K .......... .......... .......... .......... .......... 76%  667K 31s
 69900K .......... .......... .......... .......... .......... 76%  667K 31s
 69950K .......... .......... .......... .......... .......... 76%  570K 31s
 70000K .......... .......... .......... .......... .......... 76%  660K 30s
 70050K .......... .......... .......... .......... .......... 76%  562K 30s
 70100K .......... .......... .......... .......... .......... 76%  659K 30s
 70150K .......... .......... .......... .......... .......... 76%  653K 30s
 70200K .......... .......... .......... .......... .......... 76%  486K 30s
 70250K .......... .......... .......... .......... .......... 76%  649K 30s
 70300K .......... .......... .......... .......... .......... 77%  551K 30s
 70350K .......... .......... .......... .......... .......... 77%  636K 30s
 70400K .......... .......... .......... .......... .......... 77%  645K 30s
 70450K .......... .......... .......... .......... .......... 77%  544K 30s
 70500K .......... .......... .......... .......... .......... 77%  634K 30s
 70550K .......... .......... .......... .......... .......... 77%  538K 30s
 70600K .......... .......... .......... .......... .......... 77%  631K 30s
 70650K .......... .......... .......... .......... .......... 77%  625K 30s
 70700K .......... .......... .......... .......... .......... 77%  533K 30s
 70750K .......... .......... .......... .......... .......... 77%  622K 29s
 70800K .......... .......... .......... .......... .......... 77%  528K 29s
 70850K .......... .......... .......... .......... .......... 77%  610K 29s
 70900K .......... .......... .......... .......... .......... 77%  610K 29s
 70950K .......... .......... .......... .......... .......... 77%  523K 29s
 71000K .......... .......... .......... .......... .......... 77%  610K 29s
 71050K .......... .......... .......... .......... .......... 77%  519K 29s
 71100K .......... .......... .......... .......... .......... 77%  599K 29s
 71150K .......... .......... .......... .......... .......... 77%  601K 29s
 71200K .......... .......... .......... .......... .......... 77%  512K 29s
 71250K .......... .......... .......... .......... .......... 78%  595K 29s
 71300K .......... .......... .......... .......... .......... 78%  505K 29s
 71350K .......... .......... .......... .......... .......... 78%  592K 29s
 71400K .......... .......... .......... .......... .......... 78%  586K 29s
 71450K .......... .......... .......... .......... .......... 78%  502K 29s
 71500K .......... .......... .......... .......... .......... 78%  583K 28s
 71550K .......... .......... .......... .......... .......... 78%  495K 28s
 71600K .......... .......... .......... .......... .......... 78%  580K 28s
 71650K .......... .......... .......... .......... .......... 78%  577K 28s
 71700K .......... .......... .......... .......... .......... 78%  490K 28s
 71750K .......... .......... .......... .......... .......... 78%  573K 28s
 71800K .......... .......... .......... .......... .......... 78%  486K 28s
 71850K .......... .......... .......... .......... .......... 78%  569K 28s
 71900K .......... .......... .......... .......... .......... 78%  565K 28s
 71950K .......... .......... .......... .......... .......... 78%  478K 28s
 72000K .......... .......... .......... .......... .......... 78%  564K 28s
 72050K .......... .......... .......... .......... .......... 78%  480K 28s
 72100K .......... .......... .......... .......... .......... 78%  554K 28s
 72150K .......... .......... .......... .......... .......... 79%  556K 28s
 72200K .......... .......... .......... .......... .......... 79%  474K 28s
 72250K .......... .......... .......... .......... .......... 79%  551K 27s
 72300K .......... .......... .......... .......... .......... 79%  466K 27s
 72350K .......... .......... .......... .......... .......... 79%  550K 27s
 72400K .......... .......... .......... .......... .......... 79%  543K 27s
 72450K .......... .......... .......... .......... .......... 79%  462K 27s
 72500K .......... .......... .......... .......... .......... 79%  541K 27s
 72550K .......... .......... .......... .......... .......... 79%  461K 27s
 72600K .......... .......... .......... .......... .......... 79%  536K 27s
 72650K .......... .......... .......... .......... .......... 79%  533K 27s
 72700K .......... .......... .......... .......... .......... 79%  455K 27s
 72750K .......... .......... .......... .......... .......... 79%  530K 27s
 72800K .......... .......... .......... .......... .......... 79%  452K 27s
 72850K .......... .......... .......... .......... .......... 79%  527K 27s
 72900K .......... .......... .......... .......... .......... 79%  523K 27s
 72950K .......... .......... .......... .......... .......... 79%  448K 27s
 73000K .......... .......... .......... .......... .......... 79%  522K 26s
 73050K .......... .......... .......... .......... .......... 80%  444K 26s
 73100K .......... .......... .......... .......... .......... 80%  515K 26s
 73150K .......... .......... .......... .......... .......... 80%  516K 26s
 73200K .......... .......... .......... .......... .......... 80%  438K 26s
 73250K .......... .......... .......... .......... .......... 80%  512K 26s
 73300K .......... .......... .......... .......... .......... 80%  437K 26s
 73350K .......... .......... .......... .......... .......... 80%  509K 26s
 73400K .......... .......... .......... .......... .......... 80%  505K 26s
 73450K .......... .......... .......... .......... .......... 80%  432K 26s
 73500K .......... .......... .......... .......... .......... 80%  503K 26s
 73550K .......... .......... .......... .......... .......... 80%  429K 26s
 73600K .......... .......... .......... .......... .......... 80%  499K 26s
 73650K .......... .......... .......... .......... .......... 80%  497K 26s
 73700K .......... .......... .......... .......... .......... 80%  425K 26s
 73750K .......... .......... .......... .......... .......... 80%  492K 26s
 73800K .......... .......... .......... .......... .......... 80%  423K 25s
 73850K .......... .......... .......... .......... .......... 80%  441K 25s
 73900K .......... .......... .......... .......... .......... 80%  468K 25s
 73950K .......... .......... .......... .......... .......... 81%  413K 25s
 74000K .......... .......... .......... .......... .......... 81%  486K 25s
 74050K .......... .......... .......... .......... .......... 81%  416K 25s
 74100K .......... .......... .......... .......... .......... 81%  483K 25s
 74150K .......... .......... .......... .......... .......... 81%  481K 25s
 74200K .......... .......... .......... .......... .......... 81%  411K 25s
 74250K .......... .......... .......... .......... .......... 81%  475K 25s
 74300K .......... .......... .......... .......... .......... 81%  409K 25s
 74350K .......... .......... .......... .......... .......... 81%  475K 25s
 74400K .......... .......... .......... .......... .......... 81%  472K 25s
 74450K .......... .......... .......... .......... .......... 81%  404K 25s
 74500K .......... .......... .......... .......... .......... 81%  472K 25s
 74550K .......... .......... .......... .......... .......... 81%  400K 24s
 74600K .......... .......... .......... .......... .......... 81%  468K 24s
 74650K .......... .......... .......... .......... .......... 81%  465K 24s
 74700K .......... .......... .......... .......... .......... 81%  397K 24s
 74750K .......... .......... .......... .......... .......... 81%  463K 24s
 74800K .......... .......... .......... .......... .......... 81%  394K 24s
 74850K .......... .......... .......... .......... .......... 81%  461K 24s
 74900K .......... .......... .......... .......... .......... 82%  458K 24s
 74950K .......... .......... .......... .......... .......... 82%  391K 24s
 75000K .......... .......... .......... .......... .......... 82%  455K 24s
 75050K .......... .......... .......... .......... .......... 82%  389K 24s
 75100K .......... .......... .......... .......... .......... 82%  450K 24s
 75150K .......... .......... .......... .......... .......... 82%  451K 24s
 75200K .......... .......... .......... .......... .......... 82%  385K 24s
 75250K .......... .......... .......... .......... .......... 82%  448K 24s
 75300K .......... .......... .......... .......... .......... 82%  382K 24s
 75350K .......... .......... .......... .......... .......... 82%  445K 23s
 75400K .......... .......... .......... .......... .......... 82%  442K 23s
 75450K .......... .......... .......... .......... .......... 82%  380K 23s
 75500K .......... .......... .......... .......... .......... 82%  441K 23s
 75550K .......... .......... .......... .......... .......... 82%  378K 23s
 75600K .......... .......... .......... .......... .......... 82%  437K 23s
 75650K .......... .......... .......... .......... .......... 82%  438K 23s
 75700K .......... .......... .......... .......... .......... 82%  375K 23s
 75750K .......... .......... .......... .......... .......... 82%  434K 23s
 75800K .......... .......... .......... .......... .......... 83% 1.18M 23s
 75850K .......... .......... .......... .......... .......... 83% 3.19M 23s
 75900K .......... .......... .......... .......... .......... 83% 3.36M 23s
 75950K .......... .......... .......... .......... .......... 83% 2.69M 23s
 76000K .......... .......... .......... .......... .......... 83% 3.14M 23s
 76050K .......... .......... .......... .......... .......... 83% 2.63M 22s
 76100K .......... .......... .......... .......... .......... 83% 2.98M 22s
 76150K .......... .......... .......... .......... .......... 83% 2.94M 22s
 76200K .......... .......... .......... .......... .......... 83% 2.47M 22s
 76250K .......... .......... .......... .......... .......... 83% 2.83M 22s
 76300K .......... .......... .......... .......... .......... 83% 2.44M 22s
 76350K .......... .......... .......... .......... .......... 83% 2.82M 22s
 76400K .......... .......... .......... .......... .......... 83% 2.78M 22s
 76450K .......... .......... .......... .......... .......... 83% 2.31M 22s
 76500K .......... .......... .......... .......... .......... 83% 2.66M 22s
 76550K .......... .......... .......... .......... .......... 83% 2.26M 22s
 76600K .......... .......... .......... .......... .......... 83% 2.54M 22s
 76650K .......... .......... .......... .......... .......... 83% 2.51M 21s
 76700K .......... .......... .......... .......... .......... 84% 2.14M 21s
 76750K .......... .......... .......... .......... .......... 84% 2.43M 21s
 76800K .......... .......... .......... .......... .......... 84% 2.00M 21s
 76850K .......... .......... .......... .......... .......... 84% 2.35M 21s
 76900K .......... .......... .......... .......... .......... 84% 2.33M 21s
 76950K .......... .......... .......... .......... .......... 84% 1.96M 21s
 77000K .......... .......... .......... .......... .......... 84% 2.23M 21s
 77050K .......... .......... .......... .......... .......... 84% 1.91M 21s
 77100K .......... .......... .......... .......... .......... 84% 2.15M 21s
 77150K .......... .......... .......... .......... .......... 84% 2.14M 21s
 77200K .......... .......... .......... .......... .......... 84% 1.82M 21s
 77250K .......... .......... .......... .......... .......... 84% 2.07M 20s
 77300K .......... .......... .......... .......... .......... 84% 1.75M 20s
 77350K .......... .......... .......... .......... .......... 84% 2.01M 20s
 77400K .......... .......... .......... .......... .......... 84% 2.01M 20s
 77450K .......... .......... .......... .......... .......... 84% 1.67M 20s
 77500K .......... .......... .......... .......... .......... 84% 1.94M 20s
 77550K .......... .......... .......... .......... .......... 84% 1.65M 20s
 77600K .......... .......... .......... .......... .......... 85% 1.86M 20s
 77650K .......... .......... .......... .......... .......... 85% 1.86M 20s
 77700K .......... .......... .......... .......... .......... 85% 1.57M 20s
 77750K .......... .......... .......... .......... .......... 85% 1.83M 20s
 77800K .......... .......... .......... .......... .......... 85% 1.52M 20s
 77850K .......... .......... .......... .......... .......... 85% 1.76M 19s
 77900K .......... .......... .......... .......... .......... 85% 1.76M 19s
 77950K .......... .......... .......... .......... .......... 85% 1.47M 19s
 78000K .......... .......... .......... .......... .......... 85% 1.70M 19s
 78050K .......... .......... .......... .......... .......... 85% 1.43M 19s
 78100K .......... .......... .......... .......... .......... 85% 1.65M 19s
 78150K .......... .......... .......... .......... .......... 85% 1.65M 19s
 78200K .......... .......... .......... .......... .......... 85% 1.40M 19s
 78250K .......... .......... .......... .......... .......... 85% 1.60M 19s
 78300K .......... .......... .......... .......... .......... 85% 1.36M 19s
 78350K .......... .......... .......... .......... .......... 85% 1.58M 19s
 78400K .......... .......... .......... .......... .......... 85% 1.55M 19s
 78450K .......... .......... .......... .......... .......... 85% 1.31M 19s
 78500K .......... .......... .......... .......... .......... 85% 1.52M 18s
 78550K .......... .......... .......... .......... .......... 86% 1.30M 18s
 78600K .......... .......... .......... .......... .......... 86% 1.49M 18s
 78650K .......... .......... .......... .......... .......... 86% 1.47M 18s
 78700K .......... .......... .......... .......... .......... 86% 1.24M 18s
 78750K .......... .......... .......... .......... .......... 86% 1.45M 18s
 78800K .......... .......... .......... .......... .......... 86% 1.21M 18s
 78850K .......... .......... .......... .......... .......... 86% 1.42M 18s
 78900K .......... .......... .......... .......... .......... 86% 1.41M 18s
 78950K .......... .......... .......... .......... .......... 86% 1.19M 18s
 79000K .......... .......... .......... .......... .......... 86% 1.37M 18s
 79050K .......... .......... .......... .......... .......... 86% 1.16M 18s
 79100K .......... .......... .......... .......... .......... 86% 1.34M 18s
 79150K .......... .......... .......... .......... .......... 86% 1.33M 17s
 79200K .......... .......... .......... .......... .......... 86% 1.14M 17s
 79250K .......... .......... .......... .......... .......... 86% 1.31M 17s
 79300K .......... .......... .......... .......... .......... 86% 1.11M 17s
 79350K .......... .......... .......... .......... .......... 86% 1.28M 17s
 79400K .......... .......... .......... .......... .......... 86% 1.28M 17s
 79450K .......... .......... .......... .......... .......... 87% 1.08M 17s
 79500K .......... .......... .......... .......... .......... 87% 1.25M 17s
 79550K .......... .......... .......... .......... .......... 87% 1.07M 17s
 79600K .......... .......... .......... .......... .......... 87% 1.22M 17s
 79650K .......... .......... .......... .......... .......... 87% 1.22M 17s
 79700K .......... .......... .......... .......... .......... 87% 1.04M 17s
 79750K .......... .......... .......... .......... .......... 87% 1.20M 17s
 79800K .......... .......... .......... .......... .......... 87% 1.01M 16s
 79850K .......... .......... .......... .......... .......... 87% 1.18M 16s
 79900K .......... .......... .......... .......... .......... 87% 1.17M 16s
 79950K .......... .......... .......... .......... .......... 87% 1016K 16s
 80000K .......... .......... .......... .......... .......... 87% 1.15M 16s
 80050K .......... .......... .......... .......... .......... 87%  994K 16s
 80100K .......... .......... .......... .......... .......... 87% 1.13M 16s
 80150K .......... .......... .......... .......... .......... 87% 1.12M 16s
 80200K .......... .......... .......... .......... .......... 87%  978K 16s
 80250K .......... .......... .......... .......... .......... 87% 1.11M 16s
 80300K .......... .......... .......... .......... .......... 87%  958K 16s
 80350K .......... .......... .......... .......... .......... 88% 1.09M 16s
 80400K .......... .......... .......... .......... .......... 88% 1.08M 16s
 80450K .......... .......... .......... .......... .......... 88%  935K 15s
 80500K .......... .......... .......... .......... .......... 88% 1.06M 15s
 80550K .......... .......... .......... .......... .......... 88%  929K 15s
 80600K .......... .......... .......... .......... .......... 88% 1.04M 15s
 80650K .......... .......... .......... .......... .......... 88% 1.03M 15s
 80700K .......... .......... .......... .......... .......... 88%  907K 15s
 80750K .......... .......... .......... .......... .......... 88% 1.03M 15s
 80800K .......... .......... .......... .......... .......... 88%  889K 15s
 80850K .......... .......... .......... .......... .......... 88% 1.01M 15s
 80900K .......... .......... .......... .......... .......... 88% 1.01M 15s
 80950K .......... .......... .......... .......... .......... 88%  872K 15s
 81000K .......... .......... .......... .......... .......... 88% 1009K 15s
 81050K .......... .......... .......... .......... .......... 88%  863K 15s
 81100K .......... .......... .......... .......... .......... 88% 1000K 15s
 81150K .......... .......... .......... .......... .......... 88%  991K 14s
 81200K .......... .......... .......... .......... .......... 88%  846K 14s
 81250K .......... .......... .......... .......... .......... 89%  979K 14s
 81300K .......... .......... .......... .......... .......... 89%  831K 14s
 81350K .......... .......... .......... .......... .......... 89%  967K 14s
 81400K .......... .......... .......... .......... .......... 89%  962K 14s
 81450K .......... .......... .......... .......... .......... 89%  815K 14s
 81500K .......... .......... .......... .......... .......... 89%  945K 14s
 81550K .......... .......... .......... .......... .......... 89%  806K 14s
 81600K .......... .......... .......... .......... .......... 89%  935K 14s
 81650K .......... .......... .......... .......... .......... 89%  930K 14s
 81700K .......... .......... .......... .......... .......... 89%  792K 14s
 81750K .......... .......... .......... .......... .......... 89%  921K 14s
 81800K .......... .......... .......... .......... .......... 89%  770K 14s
 81850K .......... .......... .......... .......... .......... 89%  911K 13s
 81900K .......... .......... .......... .......... .......... 89%  899K 13s
 81950K .......... .......... .......... .......... .......... 89%  765K 13s
 82000K .......... .......... .......... .......... .......... 89%  889K 13s
 82050K .......... .......... .......... .......... .......... 89%  758K 13s
 82100K .......... .......... .......... .......... .......... 89%  878K 13s
 82150K .......... .......... .......... .......... .......... 89%  864K 13s
 82200K .......... .......... .......... .......... .......... 90%  746K 13s
 82250K .......... .......... .......... .......... .......... 90%  855K 13s
 82300K .......... .......... .......... .......... .......... 90%  738K 13s
 82350K .......... .......... .......... .......... .......... 90%  853K 13s
 82400K .......... .......... .......... .......... .......... 90%  844K 13s
 82450K .......... .......... .......... .......... .......... 90%  724K 13s
 82500K .......... .......... .......... .......... .......... 90%  837K 12s
 82550K .......... .......... .......... .......... .......... 90%  717K 12s
 82600K .......... .......... .......... .......... .......... 90%  828K 12s
 82650K .......... .......... .......... .......... .......... 90%  823K 12s
 82700K .......... .......... .......... .......... .......... 90%  705K 12s
 82750K .......... .......... .......... .......... .......... 90%  812K 12s
 82800K .......... .......... .......... .......... .......... 90%  694K 12s
 82850K .......... .......... .......... .......... .......... 90%  809K 12s
 82900K .......... .......... .......... .......... .......... 90%  794K 12s
 82950K .......... .......... .......... .......... .......... 90%  683K 12s
 83000K .......... .......... .......... .......... .......... 90%  794K 12s
 83050K .......... .......... .......... .......... .......... 90%  677K 12s
 83100K .......... .......... .......... .......... .......... 91%  781K 12s
 83150K .......... .......... .......... .......... .......... 91%  784K 12s
 83200K .......... .......... .......... .......... .......... 91%  663K 11s
 83250K .......... .......... .......... .......... .......... 91%  769K 11s
 83300K .......... .......... .......... .......... .......... 91%  659K 11s
 83350K .......... .......... .......... .......... .......... 91%  765K 11s
 83400K .......... .......... .......... .......... .......... 91%  760K 11s
 83450K .......... .......... .......... .......... .......... 91%  647K 11s
 83500K .......... .......... .......... .......... .......... 91%  752K 11s
 83550K .......... .......... .......... .......... .......... 91%  642K 11s
 83600K .......... .......... .......... .......... .......... 91%  743K 11s
 83650K .......... .......... .......... .......... .......... 91%  741K 11s
 83700K .......... .......... .......... .......... .......... 91%  632K 11s
 83750K .......... .......... .......... .......... .......... 91%  731K 11s
 83800K .......... .......... .......... .......... .......... 91%  626K 11s
 83850K .......... .......... .......... .......... .......... 91%  726K 11s
 83900K .......... .......... .......... .......... .......... 91%  722K 10s
 83950K .......... .......... .......... .......... .......... 91%  615K 10s
 84000K .......... .......... .......... .......... .......... 92%  714K 10s
 84050K .......... .......... .......... .......... .......... 92%  610K 10s
 84100K .......... .......... .......... .......... .......... 92%  704K 10s
 84150K .......... .......... .......... .......... .......... 92%  702K 10s
 84200K .......... .......... .......... .......... .......... 92%  605K 10s
 84250K .......... .......... .......... .......... .......... 92%  697K 10s
 84300K .......... .......... .......... .......... .......... 92%  594K 10s
 84350K .......... .......... .......... .......... .......... 92%  695K 10s
 84400K .......... .......... .......... .......... .......... 92%  686K 10s
 84450K .......... .......... .......... .......... .......... 92%  586K 10s
 84500K .......... .......... .......... .......... .......... 92%  684K 10s
 84550K .......... .......... .......... .......... .......... 92%  582K 10s
 84600K .......... .......... .......... .......... .......... 92%  674K 10s
 84650K .......... .......... .......... .......... .......... 92%  672K 9s
 84700K .......... .......... .......... .......... .......... 92%  575K 9s
 84750K .......... .......... .......... .......... .......... 92%  664K 9s
 84800K .......... .......... .......... .......... .......... 92%  567K 9s
 84850K .......... .......... .......... .......... .......... 92%  657K 9s
 84900K .......... .......... .......... .......... .......... 92%  661K 9s
 84950K .......... .......... .......... .......... .......... 93%  556K 9s
 85000K .......... .......... .......... .......... .......... 93%  652K 9s
 85050K .......... .......... .......... .......... .......... 93%  554K 9s
 85100K .......... .......... .......... .......... .......... 93%  647K 9s
 85150K .......... .......... .......... .......... .......... 93%  641K 9s
 85200K .......... .......... .......... .......... .......... 93%  550K 9s
 85250K .......... .......... .......... .......... .......... 93%  632K 9s
 85300K .......... .......... .......... .......... .......... 93%  543K 9s
 85350K .......... .......... .......... .......... .......... 93%  633K 8s
 85400K .......... .......... .......... .......... .......... 93%  628K 8s
 85450K .......... .......... .......... .......... .......... 93%  537K 8s
 85500K .......... .......... .......... .......... .......... 93%  623K 8s
 85550K .......... .......... .......... .......... .......... 93%  532K 8s
 85600K .......... .......... .......... .......... .......... 93%  617K 8s
 85650K .......... .......... .......... .......... .......... 93%  613K 8s
 85700K .......... .......... .......... .......... .......... 93%  527K 8s
 85750K .......... .......... .......... .......... .......... 93%  609K 8s
 85800K .......... .......... .......... .......... .......... 93%  522K 8s
 85850K .......... .......... .......... .......... .......... 94%  588K 8s
 85900K .......... .......... .......... .......... .......... 94%  577K 8s
 85950K .......... .......... .......... .......... .......... 94%  513K 8s
 86000K .......... .......... .......... .......... .......... 94%  598K 8s
 86050K .......... .......... .......... .......... .......... 94%  510K 7s
 86100K .......... .......... .......... .......... .......... 94%  505K 7s
 86150K .......... .......... .......... .......... .......... 94% 3.96M 7s
 86200K .......... .......... .......... .......... .......... 94% 4.48M 7s
 86250K .......... .......... .......... .......... .......... 94% 4.70M 7s
 86300K .......... .......... .......... .......... .......... 94% 4.32M 7s
 86350K .......... .......... .......... .......... .......... 94% 4.96M 7s
 86400K .......... .......... .......... .......... .......... 94% 4.43M 7s
 86450K .......... .......... .......... .......... .......... 94% 3.95M 7s
 86500K .......... .......... .......... .......... .......... 94% 4.93M 7s
 86550K .......... .......... .......... .......... .......... 94% 4.39M 7s
 86600K .......... .......... .......... .......... .......... 94% 4.91M 7s
 86650K .......... .......... .......... .......... .......... 94% 4.56M 7s
 86700K .......... .......... .......... .......... .......... 94% 4.12M 7s
 86750K .......... .......... .......... .......... .......... 95% 3.80M 6s
 86800K .......... .......... .......... .......... .......... 95% 3.77M 6s
 86850K .......... .......... .......... .......... .......... 95% 4.33M 6s
 86900K .......... .......... .......... .......... .......... 95% 4.60M 6s
 86950K .......... .......... .......... .......... .......... 95% 3.89M 6s
 87000K .......... .......... .......... .......... .......... 95% 4.91M 6s
 87050K .......... .......... .......... .......... .......... 95% 3.76M 6s
 87100K .......... .......... .......... .......... .......... 95% 4.51M 6s
 87150K .......... .......... .......... .......... .......... 95% 4.95M 6s
 87200K .......... .......... .......... .......... .......... 95% 4.04M 6s
 87250K .......... .......... .......... .......... .......... 95% 4.34M 6s
 87300K .......... .......... .......... .......... .......... 95% 3.86M 6s
 87350K .......... .......... .......... .......... .......... 95% 4.36M 6s
 87400K .......... .......... .......... .......... .......... 95% 4.22M 5s
 87450K .......... .......... .......... .......... .......... 95% 3.52M 5s
 87500K .......... .......... .......... .......... .......... 95% 4.05M 5s
 87550K .......... .......... .......... .......... .......... 95% 3.26M 5s
 87600K .......... .......... .......... .......... .......... 95% 3.77M 5s
 87650K .......... .......... .......... .......... .......... 96% 3.34M 5s
 87700K .......... .......... .......... .......... .......... 96% 3.10M 5s
 87750K .......... .......... .......... .......... .......... 96% 3.45M 5s
 87800K .......... .......... .......... .......... .......... 96% 2.94M 5s
 87850K .......... .......... .......... .......... .......... 96% 3.39M 5s
 87900K .......... .......... .......... .......... .......... 96% 3.25M 5s
 87950K .......... .......... .......... .......... .......... 96% 2.71M 5s
 88000K .......... .......... .......... .......... .......... 96% 3.15M 5s
 88050K .......... .......... .......... .......... .......... 96% 2.62M 5s
 88100K .......... .......... .......... .......... .......... 96% 2.98M 4s
 88150K .......... .......... .......... .......... .......... 96% 2.93M 4s
 88200K .......... .......... .......... .......... .......... 96% 2.46M 4s
 88250K .......... .......... .......... .......... .......... 96% 2.80M 4s
 88300K .......... .......... .......... .......... .......... 96% 2.34M 4s
 88350K .......... .......... .......... .......... .......... 96% 2.71M 4s
 88400K .......... .......... .......... .......... .......... 96% 2.63M 4s
 88450K .......... .......... .......... .......... .......... 96% 2.22M 4s
 88500K .......... .......... .......... .......... .......... 96% 2.57M 4s
 88550K .......... .......... .......... .......... .......... 96% 2.16M 4s
 88600K .......... .......... .......... .......... .......... 97% 2.42M 4s
 88650K .......... .......... .......... .......... .......... 97% 2.45M 4s
 88700K .......... .......... .......... .......... .......... 97% 2.03M 4s
 88750K .......... .......... .......... .......... .......... 97% 2.32M 4s
 88800K .......... .......... .......... .......... .......... 97% 1.98M 3s
 88850K .......... .......... .......... .......... .......... 97% 2.27M 3s
 88900K .......... .......... .......... .......... .......... 97% 2.23M 3s
 88950K .......... .......... .......... .......... .......... 97% 1.88M 3s
 89000K .......... .......... .......... .......... .......... 97% 2.17M 3s
 89050K .......... .......... .......... .......... .......... 97% 1.83M 3s
 89100K .......... .......... .......... .......... .......... 97% 2.09M 3s
 89150K .......... .......... .......... .......... .......... 97% 1.97M 3s
 89200K .......... .......... .......... .......... .......... 97% 1.75M 3s
 89250K .......... .......... .......... .......... .......... 97% 1.99M 3s
 89300K .......... .......... .......... .......... .......... 97% 1.71M 3s
 89350K .......... .......... .......... .......... .......... 97% 1.96M 3s
 89400K .......... .......... .......... .......... .......... 97% 1.93M 3s
 89450K .......... .......... .......... .......... .......... 97% 1.63M 3s
 89500K .......... .......... .......... .......... .......... 98% 1.88M 2s
 89550K .......... .......... .......... .......... .......... 98% 1.59M 2s
 89600K .......... .......... .......... .......... .......... 98% 1.81M 2s
 89650K .......... .......... .......... .......... .......... 98% 1.80M 2s
 89700K .......... .......... .......... .......... .......... 98% 1.55M 2s
 89750K .......... .......... .......... .......... .......... 98% 1.74M 2s
 89800K .......... .......... .......... .......... .......... 98% 1.49M 2s
 89850K .......... .......... .......... .......... .......... 98% 1.73M 2s
 89900K .......... .......... .......... .......... .......... 98% 1.70M 2s
 89950K .......... .......... .......... .......... .......... 98% 1.44M 2s
 90000K .......... .......... .......... .......... .......... 98% 1.66M 2s
 90050K .......... .......... .......... .......... .......... 98% 1.38M 2s
 90100K .......... .......... .......... .......... .......... 98% 1.61M 2s
 90150K .......... .......... .......... .......... .......... 98% 1.60M 2s
 90200K .......... .......... .......... .......... .......... 98% 1.36M 2s
 90250K .......... .......... .......... .......... .......... 98% 1.55M 1s
 90300K .......... .......... .......... .......... .......... 98% 1.33M 1s
 90350K .......... .......... .......... .......... .......... 98% 1.52M 1s
 90400K .......... .......... .......... .......... .......... 99% 1.51M 1s
 90450K .......... .......... .......... .......... .......... 99% 1.29M 1s
 90500K .......... .......... .......... .......... .......... 99% 1.48M 1s
 90550K .......... .......... .......... .......... .......... 99% 1.26M 1s
 90600K .......... .......... .......... .......... .......... 99% 1.45M 1s
 90650K .......... .......... .......... .......... .......... 99% 1.44M 1s
 90700K .......... .......... .......... .......... .......... 99% 1.22M 1s
 90750K .......... .......... .......... .......... .......... 99% 1.41M 1s
 90800K .......... .......... .......... .......... .......... 99% 1.20M 1s
 90850K .......... .......... .......... .......... .......... 99% 1.39M 1s
 90900K .......... .......... .......... .......... .......... 99% 1.37M 1s
 90950K .......... .......... .......... .......... .......... 99% 1.15M 0s
 91000K .......... .......... .......... .......... .......... 99% 1.35M 0s
 91050K .......... .......... .......... .......... .......... 99% 1.14M 0s
 91100K .......... .......... .......... .......... .......... 99% 1.32M 0s
 91150K .......... .......... .......... .......... .......... 99% 1.30M 0s
 91200K .......... .......... .......... .......... .......... 99% 1.11M 0s
 91250K .......... .......... .......... .......... .......... 99% 1.27M 0s
 91300K .......... .......... .......... .......... ......    100% 1.19M=2m5s

2026-05-31 18:53:04 (730 KB/s) - ‘data/metadata_raw/GSE73461/GSE73461_series_matrix.txt.gz’ saved [93539070/93539070]

