--2026-05-31 19:23:36--  https://ftp.ncbi.nlm.nih.gov/geo/series/GSE73nnn/GSE73461/suppl/GSE73461_GEOupload_Discovery_Dataset_Raw_Sept_15_n_459.txt.gz
Resolving ftp.ncbi.nlm.nih.gov (ftp.ncbi.nlm.nih.gov)... 130.14.250.13, 130.14.250.12, 2607:f220:41e:250::31, ...
Connecting to ftp.ncbi.nlm.nih.gov (ftp.ncbi.nlm.nih.gov)|130.14.250.13|:443... connected.
HTTP request sent, awaiting response... 200 OK
Length: 138797790 (132M) [application/x-gzip]
Saving to: ‘data/expression_raw/GSE73461/GSE73461_GEOupload_Discovery_Dataset_Raw_Sept_15_n_459.txt.gz’

     0K .......... .......... .......... .......... ..........  0% 40.1K 56m22s
    50K .......... .......... .......... .......... ..........  0% 1.17M 29m7s
   100K .......... .......... .......... .......... ..........  0%  116K 25m52s
   150K .......... .......... .......... .......... ..........  0%  106K 24m43s
   200K .......... .......... .......... .......... ..........  0%  120K 23m32s
   250K .......... .......... .......... .......... ..........  0%  290K 20m54s
   300K .......... .......... .......... .......... ..........  0%  194K 19m34s
   350K .......... .......... .......... .......... ..........  0%  132K 19m14s
   400K .......... .......... .......... .......... ..........  0%  334K 17m51s
   450K .......... .......... .......... .......... ..........  0%  153K 17m31s
   500K .......... .......... .......... .......... ..........  0%  387K 16m27s
   550K .......... .......... .......... .......... ..........  0%  168K 16m12s
   600K .......... .......... .......... .......... ..........  0%  162K 16m0s
   650K .......... .......... .......... .......... ..........  0%  465K 15m12s
   700K .......... .......... .......... .......... ..........  0%  147K 15m12s
   750K .......... .......... .......... .......... ..........  0%  736K 14m26s
   800K .......... .......... .......... .......... ..........  0%  126K 14m38s
   850K .......... .......... .......... .......... ..........  0%  375K 14m9s
   900K .......... .......... .......... .......... ..........  0%  182K 14m3s
   950K .......... .......... .......... .......... ..........  0%  357K 13m39s
  1000K .......... .......... .......... .......... ..........  0%  255K 13m25s
  1050K .......... .......... .......... .......... ..........  0%  335K 13m6s
  1100K .......... .......... .......... .......... ..........  0%  637K 12m41s
  1150K .......... .......... .......... .......... ..........  0%  211K 12m36s
  1200K .......... .......... .......... .......... ..........  0%  487K 12m16s
  1250K .......... .......... .......... .......... ..........  0%  900K 11m53s
  1300K .......... .......... .......... .......... ..........  0%  209K 11m51s
  1350K .......... .......... .......... .......... ..........  1%  453K 11m35s
  1400K .......... .......... .......... .......... ..........  1%  585K 11m19s
  1450K .......... .......... .......... .......... ..........  1%  317K 11m10s
  1500K .......... .......... .......... .......... ..........  1%  467K 10m58s
  1550K .......... .......... .......... .......... ..........  1%  679K 10m43s
  1600K .......... .......... .......... .......... ..........  1%  542K 10m31s
  1650K .......... .......... .......... .......... ..........  1%  343K 10m24s
  1700K .......... .......... .......... .......... ..........  1%  430K 10m14s
  1750K .......... .......... .......... .......... ..........  1% 1.18M 10m0s
  1800K .......... .......... .......... .......... ..........  1%  725K 9m49s
  1850K .......... .......... .......... .......... ..........  1%  236K 9m48s
  1900K .......... .......... .......... .......... ..........  1%  509K 9m39s
  1950K .......... .......... .......... .......... ..........  1% 1020K 9m28s
  2000K .......... .......... .......... .......... ..........  1%  863K 9m18s
  2050K .......... .......... .......... .......... ..........  1%  640K 9m9s
  2100K .......... .......... .......... .......... ..........  1%  357K 9m5s
  2150K .......... .......... .......... .......... ..........  1%  613K 8m57s
  2200K .......... .......... .......... .......... ..........  1%  622K 8m50s
  2250K .......... .......... .......... .......... ..........  1%  434K 8m45s
  2300K .......... .......... .......... .......... ..........  1% 2.63M 8m34s
  2350K .......... .......... .......... .......... ..........  1% 1.64M 8m25s
  2400K .......... .......... .......... .......... ..........  1%  395K 8m22s
  2450K .......... .......... .......... .......... ..........  1%  796K 8m15s
  2500K .......... .......... .......... .......... ..........  1% 1.32M 8m7s
  2550K .......... .......... .......... .......... ..........  1%  385K 8m4s
  2600K .......... .......... .......... .......... ..........  1% 1.27M 7m57s
  2650K .......... .......... .......... .......... ..........  1% 1.02M 7m50s
  2700K .......... .......... .......... .......... ..........  2%  899K 7m44s
  2750K .......... .......... .......... .......... ..........  2% 1.18M 7m37s
  2800K .......... .......... .......... .......... ..........  2%  614K 7m33s
  2850K .......... .......... .......... .......... ..........  2%  498K 7m30s
  2900K .......... .......... .......... .......... ..........  2%  321K 7m29s
  2950K .......... .......... .......... .......... ..........  2% 1.01M 7m23s
  3000K .......... .......... .......... .......... ..........  2%  742K 7m19s
  3050K .......... .......... .......... .......... ..........  2% 1.10M 7m13s
  3100K .......... .......... .......... .......... ..........  2%  847K 7m9s
  3150K .......... .......... .......... .......... ..........  2%  695K 7m5s
  3200K .......... .......... .......... .......... ..........  2%  617K 7m2s
  3250K .......... .......... .......... .......... ..........  2%  583K 6m58s
  3300K .......... .......... .......... .......... ..........  2%  441K 6m57s
  3350K .......... .......... .......... .......... ..........  2%  302K 6m57s
  3400K .......... .......... .......... .......... ..........  2%  354K 6m56s
  3450K .......... .......... .......... .......... ..........  2%  319K 6m56s
  3500K .......... .......... .......... .......... ..........  2%  388K 6m54s
  3550K .......... .......... .......... .......... ..........  2%  832K 6m51s
  3600K .......... .......... .......... .......... ..........  2%  542K 6m48s
  3650K .......... .......... .......... .......... ..........  2%  708K 6m45s
  3700K .......... .......... .......... .......... ..........  2% 1.35M 6m41s
  3750K .......... .......... .......... .......... ..........  2% 1.39M 6m37s
  3800K .......... .......... .......... .......... ..........  2%  613K 6m34s
  3850K .......... .......... .......... .......... ..........  2% 1.48M 6m30s
  3900K .......... .......... .......... .......... ..........  2% 1.69M 6m26s
  3950K .......... .......... .......... .......... ..........  2% 1.05M 6m23s
  4000K .......... .......... .......... .......... ..........  2% 1.21M 6m19s
  4050K .......... .......... .......... .......... ..........  3% 1.61M 6m15s
  4100K .......... .......... .......... .......... ..........  3%  344K 6m15s
  4150K .......... .......... .......... .......... ..........  3% 1.59M 6m11s
  4200K .......... .......... .......... .......... ..........  3% 1.36M 6m8s
  4250K .......... .......... .......... .......... ..........  3% 1.55M 6m5s
  4300K .......... .......... .......... .......... ..........  3%  597K 6m3s
  4350K .......... .......... .......... .......... ..........  3%  475K 6m2s
  4400K .......... .......... .......... .......... ..........  3%  601K 6m0s
  4450K .......... .......... .......... .......... ..........  3%  643K 5m58s
  4500K .......... .......... .......... .......... ..........  3% 1020K 5m55s
  4550K .......... .......... .......... .......... ..........  3%  440K 5m55s
  4600K .......... .......... .......... .......... ..........  3% 1.23M 5m52s
  4650K .......... .......... .......... .......... ..........  3% 1.42M 5m49s
  4700K .......... .......... .......... .......... ..........  3% 1.23M 5m46s
  4750K .......... .......... .......... .......... ..........  3% 1.39M 5m43s
  4800K .......... .......... .......... .......... ..........  3% 1.38M 5m41s
  4850K .......... .......... .......... .......... ..........  3% 1.18M 5m38s
  4900K .......... .......... .......... .......... ..........  3% 1.37M 5m36s
  4950K .......... .......... .......... .......... ..........  3% 1.16M 5m33s
  5000K .......... .......... .......... .......... ..........  3% 1.33M 5m31s
  5050K .......... .......... .......... .......... ..........  3% 1.32M 5m28s
  5100K .......... .......... .......... .......... ..........  3% 1.12M 5m26s
  5150K .......... .......... .......... .......... ..........  3% 1.29M 5m24s
  5200K .......... .......... .......... .......... ..........  3% 1.10M 5m22s
  5250K .......... .......... .......... .......... ..........  3% 1.26M 5m19s
  5300K .......... .......... .......... .......... ..........  3% 1.26M 5m17s
  5350K .......... .......... .......... .......... ..........  3% 1.08M 5m15s
  5400K .......... .......... .......... .......... ..........  4% 1.24M 5m13s
  5450K .......... .......... .......... .......... ..........  4% 1.06M 5m11s
  5500K .......... .......... .......... .......... ..........  4% 1.22M 5m9s
  5550K .......... .......... .......... .......... ..........  4% 1.21M 5m7s
  5600K .......... .......... .......... .......... ..........  4% 1.03M 5m6s
  5650K .......... .......... .......... .......... ..........  4% 1.19M 5m4s
  5700K .......... .......... .......... .......... ..........  4% 1.01M 5m2s
  5750K .......... .......... .......... .......... ..........  4% 1.17M 5m0s
  5800K .......... .......... .......... .......... ..........  4% 1.15M 4m59s
  5850K .......... .......... .......... .......... ..........  4% 1011K 4m57s
  5900K .......... .......... .......... .......... ..........  4% 1.10M 4m55s
  5950K .......... .......... .......... .......... ..........  4%  523K 4m55s
  6000K .......... .......... .......... .......... ..........  4% 1.08M 4m53s
  6050K .......... .......... .......... .......... ..........  4% 1.12M 4m52s
  6100K .......... .......... .......... .......... ..........  4%  974K 4m50s
  6150K .......... .......... .......... .......... ..........  4% 1.09M 4m49s
  6200K .......... .......... .......... .......... ..........  4%  952K 4m47s
  6250K .......... .......... .......... .......... ..........  4%  996K 4m46s
  6300K .......... .......... .......... .......... ..........  4% 1.09M 4m45s
  6350K .......... .......... .......... .......... ..........  4%  367K 4m45s
  6400K .......... .......... .......... .......... ..........  4%  415K 4m45s
  6450K .......... .......... .......... .......... ..........  4%  952K 4m44s
  6500K .......... .......... .......... .......... ..........  4% 1.04M 4m43s
  6550K .......... .......... .......... .......... ..........  4% 1.03M 4m41s
  6600K .......... .......... .......... .......... ..........  4%  899K 4m40s
  6650K .......... .......... .......... .......... ..........  4% 1.02M 4m39s
  6700K .......... .......... .......... .......... ..........  4%  885K 4m38s
  6750K .......... .......... .......... .......... ..........  5% 1020K 4m37s
  6800K .......... .......... .......... .......... ..........  5% 1.01M 4m35s
  6850K .......... .......... .......... .......... ..........  5%  858K 4m34s
  6900K .......... .......... .......... .......... ..........  5% 1017K 4m33s
  6950K .......... .......... .......... .......... ..........  5%  845K 4m32s
  7000K .......... .......... .......... .......... ..........  5%  992K 4m31s
  7050K .......... .......... .......... .......... ..........  5%  985K 4m30s
  7100K .......... .......... .......... .......... ..........  5%  837K 4m29s
  7150K .......... .......... .......... .......... ..........  5%  353K 4m30s
  7200K .......... .......... .......... .......... ..........  5%  569K 4m29s
  7250K .......... .......... .......... .......... ..........  5%  994K 4m28s
  7300K .......... .......... .......... .......... ..........  5%  954K 4m27s
  7350K .......... .......... .......... .......... ..........  5%  810K 4m26s
  7400K .......... .......... .......... .......... ..........  5%  940K 4m25s
  7450K .......... .......... .......... .......... ..........  5%  803K 4m24s
  7500K .......... .......... .......... .......... ..........  5%  925K 4m24s
  7550K .......... .......... .......... .......... ..........  5%  922K 4m23s
  7600K .......... .......... .......... .......... ..........  5%  789K 4m22s
  7650K .......... .......... .......... .......... ..........  5%  912K 4m21s
  7700K .......... .......... .......... .......... ..........  5%  775K 4m20s
  7750K .......... .......... .......... .......... ..........  5%  904K 4m19s
  7800K .......... .......... .......... .......... ..........  5%  877K 4m19s
  7850K .......... .......... .......... .......... ..........  5%  758K 4m18s
  7900K .......... .......... .......... .......... ..........  5%  885K 4m17s
  7950K .......... .......... .......... .......... ..........  5%  752K 4m16s
  8000K .......... .......... .......... .......... ..........  5%  872K 4m16s
  8050K .......... .......... .......... .......... ..........  5%  870K 4m15s
  8100K .......... .......... .......... .......... ..........  6%  741K 4m14s
  8150K .......... .......... .......... .......... ..........  6%  857K 4m13s
  8200K .......... .......... .......... .......... ..........  6%  729K 4m13s
  8250K .......... .......... .......... .......... ..........  6%  849K 4m12s
  8300K .......... .......... .......... .......... ..........  6%  839K 4m12s
  8350K .......... .......... .......... .......... ..........  6%  718K 4m11s
  8400K .......... .......... .......... .......... ..........  6%  828K 4m10s
  8450K .......... .......... .......... .......... ..........  6%  712K 4m10s
  8500K .......... .......... .......... .......... ..........  6%  826K 4m9s
  8550K .......... .......... .......... .......... ..........  6%  819K 4m8s
  8600K .......... .......... .......... .......... ..........  6%  700K 4m8s
  8650K .......... .......... .......... .......... ..........  6%  809K 4m7s
  8700K .......... .......... .......... .......... ..........  6%  688K 4m7s
  8750K .......... .......... .......... .......... ..........  6%  801K 4m6s
  8800K .......... .......... .......... .......... ..........  6%  797K 4m6s
  8850K .......... .......... .......... .......... ..........  6%  678K 4m5s
  8900K .......... .......... .......... .......... ..........  6%  789K 4m5s
  8950K .......... .......... .......... .......... ..........  6%  671K 4m4s
  9000K .......... .......... .......... .......... ..........  6%  774K 4m4s
  9050K .......... .......... .......... .......... ..........  6%  767K 4m3s
  9100K .......... .......... .......... .......... ..........  6%  667K 4m3s
  9150K .......... .......... .......... .......... ..........  6%  763K 4m2s
  9200K .......... .......... .......... .......... ..........  6%  656K 4m2s
  9250K .......... .......... .......... .......... ..........  6%  759K 4m1s
  9300K .......... .......... .......... .......... ..........  6%  756K 4m1s
  9350K .......... .......... .......... .......... ..........  6%  642K 4m1s
  9400K .......... .......... .......... .......... ..........  6%  747K 4m0s
  9450K .......... .......... .......... .......... ..........  7%  638K 4m0s
  9500K .......... .......... .......... .......... ..........  7%  739K 3m59s
  9550K .......... .......... .......... .......... ..........  7%  734K 3m59s
  9600K .......... .......... .......... .......... ..........  7%  629K 3m59s
  9650K .......... .......... .......... .......... ..........  7%  726K 3m58s
  9700K .......... .......... .......... .......... ..........  7%  614K 3m58s
  9750K .......... .......... .......... .......... ..........  7%  725K 3m58s
  9800K .......... .......... .......... .......... ..........  7%  724K 3m57s
  9850K .......... .......... .......... .......... ..........  7%  610K 3m57s
  9900K .......... .......... .......... .......... ..........  7%  711K 3m56s
  9950K .......... .......... .......... .......... ..........  7%  607K 3m56s
 10000K .......... .......... .......... .......... ..........  7%  702K 3m56s
 10050K .......... .......... .......... .......... ..........  7%  697K 3m55s
 10100K .......... .......... .......... .......... ..........  7%  599K 3m55s
 10150K .......... .......... .......... .......... ..........  7%  684K 3m55s
 10200K .......... .......... .......... .......... ..........  7%  595K 3m55s
 10250K .......... .......... .......... .......... ..........  7%  689K 3m54s
 10300K .......... .......... .......... .......... ..........  7%  684K 3m54s
 10350K .......... .......... .......... .......... ..........  7%  582K 3m54s
 10400K .......... .......... .......... .......... ..........  7%  676K 3m53s
 10450K .......... .......... .......... .......... ..........  7%  573K 3m53s
 10500K .......... .......... .......... .......... ..........  7%  669K 3m53s
 10550K .......... .......... .......... .......... ..........  7%  670K 3m53s
 10600K .......... .......... .......... .......... ..........  7%  570K 3m53s
 10650K .......... .......... .......... .......... ..........  7%  663K 3m52s
 10700K .......... .......... .......... .......... ..........  7%  564K 3m52s
 10750K .......... .......... .......... .......... ..........  7%  656K 3m52s
 10800K .......... .......... .......... .......... ..........  8%  652K 3m52s
 10850K .......... .......... .......... .......... ..........  8%  556K 3m51s
 10900K .......... .......... .......... .......... ..........  8%  646K 3m51s
 10950K .......... .......... .......... .......... ..........  8%  548K 3m51s
 11000K .......... .......... .......... .......... ..........  8%  644K 3m51s
 11050K .......... .......... .......... .......... ..........  8%  639K 3m50s
 11100K .......... .......... .......... .......... ..........  8%  546K 3m50s
 11150K .......... .......... .......... .......... ..........  8%  631K 3m50s
 11200K .......... .......... .......... .......... ..........  8%  540K 3m50s
 11250K .......... .......... .......... .......... ..........  8%  628K 3m50s
 11300K .......... .......... .......... .......... ..........  8%  624K 3m50s
 11350K .......... .......... .......... .......... ..........  8%  532K 3m50s
 11400K .......... .......... .......... .......... ..........  8%  615K 3m49s
 11450K .......... .......... .......... .......... ..........  8%  533K 3m49s
 11500K .......... .......... .......... .......... ..........  8%  611K 3m49s
 11550K .......... .......... .......... .......... ..........  8%  611K 3m49s
 11600K .......... .......... .......... .......... ..........  8%  523K 3m49s
 11650K .......... .......... .......... .......... ..........  8%  606K 3m49s
 11700K .......... .......... .......... .......... ..........  8%  517K 3m49s
 11750K .......... .......... .......... .......... ..........  8%  602K 3m48s
 11800K .......... .......... .......... .......... ..........  8%  599K 3m48s
 11850K .......... .......... .......... .......... ..........  8%  509K 3m48s
 11900K .......... .......... .......... .......... ..........  8%  592K 3m48s
 11950K .......... .......... .......... .......... ..........  8%  512K 3m48s
 12000K .......... .......... .......... .......... ..........  8%  585K 3m48s
 12050K .......... .......... .......... .......... ..........  8%  589K 3m48s
 12100K .......... .......... .......... .......... ..........  8%  501K 3m48s
 12150K .......... .......... .......... .......... ..........  9%  582K 3m47s
 12200K .......... .......... .......... .......... ..........  9%  496K 3m47s
 12250K .......... .......... .......... .......... ..........  9%  577K 3m47s
 12300K .......... .......... .......... .......... ..........  9%  576K 3m47s
 12350K .......... .......... .......... .......... ..........  9%  490K 3m47s
 12400K .......... .......... .......... .......... ..........  9%  571K 3m47s
 12450K .......... .......... .......... .......... ..........  9%  488K 3m47s
 12500K .......... .......... .......... .......... ..........  9%  561K 3m47s
 12550K .......... .......... .......... .......... ..........  9%  568K 3m47s
 12600K .......... .......... .......... .......... ..........  9%  477K 3m47s
 12650K .......... .......... .......... .......... ..........  9%  119K 3m50s
 12700K .......... .......... .......... .......... ..........  9%  477K 3m50s
 12750K .......... .......... .......... .......... ..........  9%  555K 3m50s
 12800K .......... .......... .......... .......... ..........  9%  554K 3m50s
 12850K .......... .......... .......... .......... ..........  9%  472K 3m50s
 12900K .......... .......... .......... .......... ..........  9%  547K 3m50s
 12950K .......... .......... .......... .......... ..........  9%  469K 3m50s
 13000K .......... .......... .......... .......... ..........  9%  545K 3m49s
 13050K .......... .......... .......... .......... ..........  9%  544K 3m49s
 13100K .......... .......... .......... .......... ..........  9%  465K 3m49s
 13150K .......... .......... .......... .......... ..........  9%  539K 3m49s
 13200K .......... .......... .......... .......... ..........  9%  453K 3m49s
 13250K .......... .......... .......... .......... ..........  9%  522K 3m49s
 13300K .......... .......... .......... .......... ..........  9%  535K 3m49s
 13350K .......... .......... .......... .......... ..........  9%  454K 3m49s
 13400K .......... .......... .......... .......... ..........  9%  527K 3m49s
 13450K .......... .......... .......... .......... ..........  9%  452K 3m49s
 13500K .......... .......... .......... .......... ..........  9%  525K 3m49s
 13550K .......... .......... .......... .......... .......... 10%  523K 3m49s
 13600K .......... .......... .......... .......... .......... 10%  447K 3m49s
 13650K .......... .......... .......... .......... .......... 10%  516K 3m49s
 13700K .......... .......... .......... .......... .......... 10%  446K 3m49s
 13750K .......... .......... .......... .......... .......... 10%  516K 3m49s
 13800K .......... .......... .......... .......... .......... 10%  514K 3m49s
 13850K .......... .......... .......... .......... .......... 10%  439K 3m49s
 13900K .......... .......... .......... .......... .......... 10%  509K 3m49s
 13950K .......... .......... .......... .......... .......... 10%  436K 3m49s
 14000K .......... .......... .......... .......... .......... 10%  506K 3m49s
 14050K .......... .......... .......... .......... .......... 10%  505K 3m49s
 14100K .......... .......... .......... .......... .......... 10%  432K 3m49s
 14150K .......... .......... .......... .......... .......... 10%  502K 3m49s
 14200K .......... .......... .......... .......... .......... 10%  428K 3m49s
 14250K .......... .......... .......... .......... .......... 10%  499K 3m49s
 14300K .......... .......... .......... .......... .......... 10%  496K 3m49s
 14350K .......... .......... .......... .......... .......... 10%  425K 3m49s
 14400K .......... .......... .......... .......... .......... 10%  492K 3m49s
 14450K .......... .......... .......... .......... .......... 10%  422K 3m49s
 14500K .......... .......... .......... .......... .......... 10%  489K 3m49s
 14550K .......... .......... .......... .......... .......... 10%  482K 3m49s
 14600K .......... .......... .......... .......... .......... 10%  415K 3m49s
 14650K .......... .......... .......... .......... .......... 10%  488K 3m49s
 14700K .......... .......... .......... .......... .......... 10%  413K 3m49s
 14750K .......... .......... .......... .......... .......... 10%  479K 3m49s
 14800K .......... .......... .......... .......... .......... 10%  481K 3m49s
 14850K .......... .......... .......... .......... .......... 10%  411K 3m49s
 14900K .......... .......... .......... .......... .......... 11%  476K 3m49s
 14950K .......... .......... .......... .......... .......... 11%  407K 3m50s
 15000K .......... .......... .......... .......... .......... 11%  475K 3m49s
 15050K .......... .......... .......... .......... .......... 11%  472K 3m49s
 15100K .......... .......... .......... .......... .......... 11%  404K 3m50s
 15150K .......... .......... .......... .......... .......... 11%  470K 3m50s
 15200K .......... .......... .......... .......... .......... 11%  401K 3m50s
 15250K .......... .......... .......... .......... .......... 11%  466K 3m50s
 15300K .......... .......... .......... .......... .......... 11%  463K 3m50s
 15350K .......... .......... .......... .......... .......... 11%  397K 3m50s
 15400K .......... .......... .......... .......... .......... 11%  460K 3m50s
 15450K .......... .......... .......... .......... .......... 11%  392K 3m50s
 15500K .......... .......... .......... .......... .......... 11%  459K 3m50s
 15550K .......... .......... .......... .......... .......... 11%  457K 3m50s
 15600K .......... .......... .......... .......... .......... 11%  394K 3m50s
 15650K .......... .......... .......... .......... .......... 11%  453K 3m50s
 15700K .......... .......... .......... .......... .......... 11%  386K 3m50s
 15750K .......... .......... .......... .......... .......... 11%  455K 3m50s
 15800K .......... .......... .......... .......... .......... 11%  450K 3m50s
 15850K .......... .......... .......... .......... .......... 11%  382K 3m51s
 15900K .......... .......... .......... .......... .......... 11%  448K 3m51s
 15950K .......... .......... .......... .......... .......... 11%  381K 3m51s
 16000K .......... .......... .......... .......... .......... 11%  445K 3m51s
 16050K .......... .......... .......... .......... .......... 11%  443K 3m51s
 16100K .......... .......... .......... .......... .......... 11%  379K 3m51s
 16150K .......... .......... .......... .......... .......... 11%  440K 3m51s
 16200K .......... .......... .......... .......... .......... 11%  376K 3m51s
 16250K .......... .......... .......... .......... .......... 12%  435K 3m51s
 16300K .......... .......... .......... .......... .......... 12%  440K 3m51s
 16350K .......... .......... .......... .......... .......... 12%  372K 3m51s
 16400K .......... .......... .......... .......... .......... 12%  432K 3m51s
 16450K .......... .......... .......... .......... .......... 12%  373K 3m52s
 16500K .......... .......... .......... .......... .......... 12%  839K 3m51s
 16550K .......... .......... .......... .......... .......... 12% 2.89M 3m51s
 16600K .......... .......... .......... .......... .......... 12% 2.29M 3m50s
 16650K .......... .......... .......... .......... .......... 12% 2.70M 3m49s
 16700K .......... .......... .......... .......... .......... 12% 2.32M 3m49s
 16750K .......... .......... .......... .......... .......... 12% 2.71M 3m48s
 16800K .......... .......... .......... .......... .......... 12% 2.46M 3m47s
 16850K .......... .......... .......... .......... .......... 12% 2.12M 3m47s
 16900K .......... .......... .......... .......... .......... 12% 2.14M 3m46s
 16950K .......... .......... .......... .......... .......... 12% 1.77M 3m46s
 17000K .......... .......... .......... .......... .......... 12% 2.19M 3m45s
 17050K .......... .......... .......... .......... .......... 12% 2.14M 3m44s
 17100K .......... .......... .......... .......... .......... 12% 1.82M 3m44s
 17150K .......... .......... .......... .......... .......... 12% 2.18M 3m43s
 17200K .......... .......... .......... .......... .......... 12% 1.89M 3m43s
 17250K .......... .......... .......... .......... .......... 12% 2.23M 3m42s
 17300K .......... .......... .......... .......... .......... 12% 2.20M 3m41s
 17350K .......... .......... .......... .......... .......... 12% 1.77M 3m41s
 17400K .......... .......... .......... .......... .......... 12% 2.16M 3m40s
 17450K .......... .......... .......... .......... .......... 12% 1.84M 3m40s
 17500K .......... .......... .......... .......... .......... 12% 2.07M 3m39s
 17550K .......... .......... .......... .......... .......... 12% 2.06M 3m39s
 17600K .......... .......... .......... .......... .......... 13% 1.75M 3m38s
 17650K .......... .......... .......... .......... .......... 13% 1.97M 3m38s
 17700K .......... .......... .......... .......... .......... 13% 1.66M 3m37s
 17750K .......... .......... .......... .......... .......... 13% 1.96M 3m37s
 17800K .......... .......... .......... .......... .......... 13% 1.91M 3m36s
 17850K .......... .......... .......... .......... .......... 13% 1.61M 3m36s
 17900K .......... .......... .......... .......... .......... 13% 1.88M 3m35s
 17950K .......... .......... .......... .......... .......... 13% 1.63M 3m35s
 18000K .......... .......... .......... .......... .......... 13% 1.83M 3m34s
 18050K .......... .......... .......... .......... .......... 13% 1.86M 3m34s
 18100K .......... .......... .......... .......... .......... 13% 1.56M 3m33s
 18150K .......... .......... .......... .......... .......... 13% 1.79M 3m33s
 18200K .......... .......... .......... .......... .......... 13% 1.52M 3m32s
 18250K .......... .......... .......... .......... .......... 13% 1.75M 3m32s
 18300K .......... .......... .......... .......... .......... 13% 1.73M 3m31s
 18350K .......... .......... .......... .......... .......... 13% 1.45M 3m31s
 18400K .......... .......... .......... .......... .......... 13% 1.69M 3m30s
 18450K .......... .......... .......... .......... .......... 13% 1.43M 3m30s
 18500K .......... .......... .......... .......... .......... 13% 1.65M 3m29s
 18550K .......... .......... .......... .......... .......... 13% 1.63M 3m29s
 18600K .......... .......... .......... .......... .......... 13% 1.39M 3m28s
 18650K .......... .......... .......... .......... .......... 13% 1.55M 3m28s
 18700K .......... .......... .......... .......... .......... 13% 1.34M 3m28s
 18750K .......... .......... .......... .......... .......... 13% 1.58M 3m27s
 18800K .......... .......... .......... .......... .......... 13% 1.54M 3m27s
 18850K .......... .......... .......... .......... .......... 13% 1.30M 3m26s
 18900K .......... .......... .......... .......... .......... 13% 1.51M 3m26s
 18950K .......... .......... .......... .......... .......... 14% 1.28M 3m25s
 19000K .......... .......... .......... .......... .......... 14% 1.47M 3m25s
 19050K .......... .......... .......... .......... .......... 14% 1.46M 3m25s
 19100K .......... .......... .......... .......... .......... 14% 1.24M 3m24s
 19150K .......... .......... .......... .......... .......... 14% 1.43M 3m24s
 19200K .......... .......... .......... .......... .......... 14% 1.20M 3m23s
 19250K .......... .......... .......... .......... .......... 14% 1.41M 3m23s
 19300K .......... .......... .......... .......... .......... 14% 1.39M 3m23s
 19350K .......... .......... .......... .......... .......... 14% 1.17M 3m22s
 19400K .......... .......... .......... .......... .......... 14% 1.36M 3m22s
 19450K .......... .......... .......... .......... .......... 14% 1.16M 3m21s
 19500K .......... .......... .......... .......... .......... 14% 1.33M 3m21s
 19550K .......... .......... .......... .......... .......... 14% 1.32M 3m21s
 19600K .......... .......... .......... .......... .......... 14% 1.13M 3m20s
 19650K .......... .......... .......... .......... .......... 14% 1.30M 3m20s
 19700K .......... .......... .......... .......... .......... 14% 1.10M 3m20s
 19750K .......... .......... .......... .......... .......... 14% 1.28M 3m19s
 19800K .......... .......... .......... .......... .......... 14% 1.27M 3m19s
 19850K .......... .......... .......... .......... .......... 14% 1.06M 3m19s
 19900K .......... .......... .......... .......... .......... 14% 1.24M 3m18s
 19950K .......... .......... .......... .......... .......... 14% 1.06M 3m18s
 20000K .......... .......... .......... .......... .......... 14% 1.20M 3m18s
 20050K .......... .......... .......... .......... .......... 14% 1.23M 3m17s
 20100K .......... .......... .......... .......... .......... 14% 1.03M 3m17s
 20150K .......... .......... .......... .......... .......... 14% 1.19M 3m17s
 20200K .......... .......... .......... .......... .......... 14% 1.01M 3m16s
 20250K .......... .......... .......... .......... .......... 14% 1.17M 3m16s
 20300K .......... .......... .......... .......... .......... 15% 1.16M 3m16s
 20350K .......... .......... .......... .......... .......... 15% 1005K 3m15s
 20400K .......... .......... .......... .......... .......... 15% 1.14M 3m15s
 20450K .......... .......... .......... .......... .......... 15%  994K 3m15s
 20500K .......... .......... .......... .......... .......... 15% 1.12M 3m14s
 20550K .......... .......... .......... .......... .......... 15% 1.11M 3m14s
 20600K .......... .......... .......... .......... .......... 15%  973K 3m14s
 20650K .......... .......... .......... .......... .......... 15% 1.09M 3m14s
 20700K .......... .......... .......... .......... .......... 15%  954K 3m13s
 20750K .......... .......... .......... .......... .......... 15% 1.08M 3m13s
 20800K .......... .......... .......... .......... .......... 15% 1.08M 3m13s
 20850K .......... .......... .......... .......... .......... 15%  929K 3m12s
 20900K .......... .......... .......... .......... .......... 15% 1.05M 3m12s
 20950K .......... .......... .......... .......... .......... 15%  924K 3m12s
 21000K .......... .......... .......... .......... .......... 15% 1.04M 3m12s
 21050K .......... .......... .......... .......... .......... 15% 1.03M 3m11s
 21100K .......... .......... .......... .......... .......... 15%  900K 3m11s
 21150K .......... .......... .......... .......... .......... 15% 1022K 3m11s
 21200K .......... .......... .......... .......... .......... 15%  899K 3m11s
 21250K .......... .......... .......... .......... .......... 15% 1016K 3m10s
 21300K .......... .......... .......... .......... .......... 15% 1.01M 3m10s
 21350K .......... .......... .......... .......... .......... 15%  858K 3m10s
 21400K .......... .......... .......... .......... .......... 15% 1014K 3m10s
 21450K .......... .......... .......... .......... .......... 15%  848K 3m9s
 21500K .......... .......... .......... .......... .......... 15% 1000K 3m9s
 21550K .......... .......... .......... .......... .......... 15%  985K 3m9s
 21600K .......... .......... .......... .......... .......... 15%  843K 3m9s
 21650K .......... .......... .......... .......... .......... 16%  972K 3m8s
 21700K .......... .......... .......... .......... .......... 16%  821K 3m8s
 21750K .......... .......... .......... .......... .......... 16%  959K 3m8s
 21800K .......... .......... .......... .......... .......... 16%  962K 3m8s
 21850K .......... .......... .......... .......... .......... 16%  807K 3m8s
 21900K .......... .......... .......... .......... .......... 16%  940K 3m7s
 21950K .......... .......... .......... .......... .......... 16%  802K 3m7s
 22000K .......... .......... .......... .......... .......... 16%  925K 3m7s
 22050K .......... .......... .......... .......... .......... 16%  922K 3m7s
 22100K .......... .......... .......... .......... .......... 16%  788K 3m7s
 22150K .......... .......... .......... .......... .......... 16%  914K 3m6s
 22200K .......... .......... .......... .......... .......... 16%  775K 3m6s
 22250K .......... .......... .......... .......... .......... 16%  892K 3m6s
 22300K .......... .......... .......... .......... .......... 16%  888K 3m6s
 22350K .......... .......... .......... .......... .......... 16%  770K 3m6s
 22400K .......... .......... .......... .......... .......... 16%  885K 3m5s
 22450K .......... .......... .......... .......... .......... 16%  752K 3m5s
 22500K .......... .......... .......... .......... .......... 16%  874K 3m5s
 22550K .......... .......... .......... .......... .......... 16%  857K 3m5s
 22600K .......... .......... .......... .......... .......... 16%  747K 3m5s
 22650K .......... .......... .......... .......... .......... 16%  851K 3m4s
 22700K .......... .......... .......... .......... .......... 16%  734K 3m4s
 22750K .......... .......... .......... .......... .......... 16%  848K 3m4s
 22800K .......... .......... .......... .......... .......... 16%  843K 3m4s
 22850K .......... .......... .......... .......... .......... 16%  715K 3m4s
 22900K .......... .......... .......... .......... .......... 16%  832K 3m4s
 22950K .......... .......... .......... .......... .......... 16%  708K 3m3s
 23000K .......... .......... .......... .......... .......... 17%  818K 3m3s
 23050K .......... .......... .......... .......... .......... 17%  827K 3m3s
 23100K .......... .......... .......... .......... .......... 17%  699K 3m3s
 23150K .......... .......... .......... .......... .......... 17%  810K 3m3s
 23200K .......... .......... .......... .......... .......... 17%  689K 3m3s
 23250K .......... .......... .......... .......... .......... 17%  790K 3m2s
 23300K .......... .......... .......... .......... .......... 17%  807K 3m2s
 23350K .......... .......... .......... .......... .......... 17%  677K 3m2s
 23400K .......... .......... .......... .......... .......... 17%  787K 3m2s
 23450K .......... .......... .......... .......... .......... 17%  671K 3m2s
 23500K .......... .......... .......... .......... .......... 17%  774K 3m2s
 23550K .......... .......... .......... .......... .......... 17%  777K 3m2s
 23600K .......... .......... .......... .......... .......... 17%  662K 3m1s
 23650K .......... .......... .......... .......... .......... 17%  766K 3m1s
 23700K .......... .......... .......... .......... .......... 17%  653K 3m1s
 23750K .......... .......... .......... .......... .......... 17%  758K 3m1s
 23800K .......... .......... .......... .......... .......... 17%  754K 3m1s
 23850K .......... .......... .......... .......... .......... 17%  642K 3m1s
 23900K .......... .......... .......... .......... .......... 17%  742K 3m1s
 23950K .......... .......... .......... .......... .......... 17%  643K 3m1s
 24000K .......... .......... .......... .......... .......... 17%  733K 3m0s
 24050K .......... .......... .......... .......... .......... 17%  741K 3m0s
 24100K .......... .......... .......... .......... .......... 17%  627K 3m0s
 24150K .......... .......... .......... .......... .......... 17%  724K 3m0s
 24200K .......... .......... .......... .......... .......... 17%  623K 3m0s
 24250K .......... .......... .......... .......... .......... 17%  722K 3m0s
 24300K .......... .......... .......... .......... .......... 17%  717K 3m0s
 24350K .......... .......... .......... .......... .......... 18%  611K 3m0s
 24400K .......... .......... .......... .......... .......... 18%  711K 2m59s
 24450K .......... .......... .......... .......... .......... 18%  602K 2m59s
 24500K .......... .......... .......... .......... .......... 18%  703K 2m59s
 24550K .......... .......... .......... .......... .......... 18%  700K 2m59s
 24600K .......... .......... .......... .......... .......... 18%  597K 2m59s
 24650K .......... .......... .......... .......... .......... 18%  693K 2m59s
 24700K .......... .......... .......... .......... .......... 18%  592K 2m59s
 24750K .......... .......... .......... .......... .......... 18%  686K 2m59s
 24800K .......... .......... .......... .......... .......... 18%  678K 2m59s
 24850K .......... .......... .......... .......... .......... 18%  582K 2m59s
 24900K .......... .......... .......... .......... .......... 18%  676K 2m59s
 24950K .......... .......... .......... .......... .......... 18%  579K 2m58s
 25000K .......... .......... .......... .......... .......... 18%  669K 2m58s
 25050K .......... .......... .......... .......... .......... 18%  668K 2m58s
 25100K .......... .......... .......... .......... .......... 18%  570K 2m58s
 25150K .......... .......... .......... .......... .......... 18%  660K 2m58s
 25200K .......... .......... .......... .......... .......... 18%  564K 2m58s
 25250K .......... .......... .......... .......... .......... 18%  649K 2m58s
 25300K .......... .......... .......... .......... .......... 18%  659K 2m58s
 25350K .......... .......... .......... .......... .......... 18%  556K 2m58s
 25400K .......... .......... .......... .......... .......... 18%  646K 2m58s
 25450K .......... .......... .......... .......... .......... 18%  552K 2m58s
 25500K .......... .......... .......... .......... .......... 18%  640K 2m58s
 25550K .......... .......... .......... .......... .......... 18%  638K 2m58s
 25600K .......... .......... .......... .......... .......... 18%  545K 2m57s
 25650K .......... .......... .......... .......... .......... 18%  632K 2m57s
 25700K .......... .......... .......... .......... .......... 18%  537K 2m57s
 25750K .......... .......... .......... .......... .......... 19%  629K 2m57s
 25800K .......... .......... .......... .......... .......... 19%  626K 2m57s
 25850K .......... .......... .......... .......... .......... 19%  530K 2m57s
 25900K .......... .......... .......... .......... .......... 19%  620K 2m57s
 25950K .......... .......... .......... .......... .......... 19%  529K 2m57s
 26000K .......... .......... .......... .......... .......... 19%  612K 2m57s
 26050K .......... .......... .......... .......... .......... 19%  614K 2m57s
 26100K .......... .......... .......... .......... .......... 19%  521K 2m57s
 26150K .......... .......... .......... .......... .......... 19%  608K 2m57s
 26200K .......... .......... .......... .......... .......... 19%  516K 2m57s
 26250K .......... .......... .......... .......... .......... 19%  601K 2m57s
 26300K .......... .......... .......... .......... .......... 19%  598K 2m57s
 26350K .......... .......... .......... .......... .......... 19%  511K 2m57s
 26400K .......... .......... .......... .......... .......... 19%  593K 2m57s
 26450K .......... .......... .......... .......... .......... 19%  508K 2m57s
 26500K .......... .......... .......... .......... .......... 19%  589K 2m57s
 26550K .......... .......... .......... .......... .......... 19%  586K 2m56s
 26600K .......... .......... .......... .......... .......... 19%  501K 2m56s
 26650K .......... .......... .......... .......... .......... 19%  581K 2m56s
 26700K .......... .......... .......... .......... .......... 19%  496K 2m56s
 26750K .......... .......... .......... .......... .......... 19%  575K 2m56s
 26800K .......... .......... .......... .......... .......... 19%  575K 2m56s
 26850K .......... .......... .......... .......... .......... 19%  493K 2m56s
 26900K .......... .......... .......... .......... .......... 19%  568K 2m56s
 26950K .......... .......... .......... .......... .......... 19%  488K 2m56s
 27000K .......... .......... .......... .......... .......... 19%  563K 2m56s
 27050K .......... .......... .......... .......... .......... 19%  561K 2m56s
 27100K .......... .......... .......... .......... .......... 20%  483K 2m56s
 27150K .......... .......... .......... .......... .......... 20%  560K 2m56s
 27200K .......... .......... .......... .......... .......... 20%  477K 2m56s
 27250K .......... .......... .......... .......... .......... 20%  552K 2m56s
 27300K .......... .......... .......... .......... .......... 20%  557K 2m56s
 27350K .......... .......... .......... .......... .......... 20%  467K 2m56s
 27400K .......... .......... .......... .......... .......... 20%  549K 2m56s
 27450K .......... .......... .......... .......... .......... 20%  471K 2m56s
 27500K .......... .......... .......... .......... .......... 20%  546K 2m56s
 27550K .......... .......... .......... .......... .......... 20%  544K 2m56s
 27600K .......... .......... .......... .......... .......... 20%  464K 2m56s
 27650K .......... .......... .......... .......... .......... 20%  538K 2m56s
 27700K .......... .......... .......... .......... .......... 20%  460K 2m56s
 27750K .......... .......... .......... .......... .......... 20%  534K 2m56s
 27800K .......... .......... .......... .......... .......... 20%  532K 2m56s
 27850K .......... .......... .......... .......... .......... 20%  454K 2m56s
 27900K .......... .......... .......... .......... .......... 20%  530K 2m56s
 27950K .......... .......... .......... .......... .......... 20%  451K 2m56s
 28000K .......... .......... .......... .......... .......... 20%  524K 2m56s
 28050K .......... .......... .......... .......... .......... 20%  517K 2m56s
 28100K .......... .......... .......... .......... .......... 20%  450K 2m56s
 28150K .......... .......... .......... .......... .......... 20%  518K 2m56s
 28200K .......... .......... .......... .......... .......... 20%  446K 2m56s
 28250K .......... .......... .......... .......... .......... 20%  516K 2m56s
 28300K .......... .......... .......... .......... .......... 20%  514K 2m56s
 28350K .......... .......... .......... .......... .......... 20%  438K 2m56s
 28400K .......... .......... .......... .......... .......... 20%  509K 2m56s
 28450K .......... .......... .......... .......... .......... 21%  437K 2m56s
 28500K .......... .......... .......... .......... .......... 21%  506K 2m56s
 28550K .......... .......... .......... .......... .......... 21%  500K 2m56s
 28600K .......... .......... .......... .......... .......... 21%  432K 2m56s
 28650K .......... .......... .......... .......... .......... 21%  501K 2m56s
 28700K .......... .......... .......... .......... .......... 21%  429K 2m56s
 28750K .......... .......... .......... .......... .......... 21%  499K 2m56s
 28800K .......... .......... .......... .......... .......... 21%  496K 2m56s
 28850K .......... .......... .......... .......... .......... 21%  423K 2m56s
 28900K .......... .......... .......... .......... .......... 21%  483K 2m56s
 28950K .......... .......... .......... .......... .......... 21%  422K 2m56s
 29000K .......... .......... .......... .......... .......... 21%  492K 2m56s
 29050K .......... .......... .......... .......... .......... 21%  484K 2m56s
 29100K .......... .......... .......... .......... .......... 21%  421K 2m56s
 29150K .......... .......... .......... .......... .......... 21%  484K 2m56s
 29200K .......... .......... .......... .......... .......... 21%  412K 2m56s
 29250K .......... .......... .......... .......... .......... 21%  482K 2m56s
 29300K .......... .......... .......... .......... .......... 21%  479K 2m56s
 29350K .......... .......... .......... .......... .......... 21%  410K 2m56s
 29400K .......... .......... .......... .......... .......... 21%  476K 2m56s
 29450K .......... .......... .......... .......... .......... 21%  406K 2m56s
 29500K .......... .......... .......... .......... .......... 21%  474K 2m56s
 29550K .......... .......... .......... .......... .......... 21%  473K 2m56s
 29600K .......... .......... .......... .......... .......... 21%  404K 2m56s
 29650K .......... .......... .......... .......... .......... 21%  467K 2m56s
 29700K .......... .......... .......... .......... .......... 21%  401K 2m56s
 29750K .......... .......... .......... .......... .......... 21%  467K 2m56s
 29800K .......... .......... .......... .......... .......... 22%  463K 2m56s
 29850K .......... .......... .......... .......... .......... 22%  394K 2m56s
 29900K .......... .......... .......... .......... .......... 22%  460K 2m56s
 29950K .......... .......... .......... .......... .......... 22%  395K 2m56s
 30000K .......... .......... .......... .......... .......... 22%  458K 2m56s
 30050K .......... .......... .......... .......... .......... 22%  456K 2m56s
 30100K .......... .......... .......... .......... .......... 22%  391K 2m56s
 30150K .......... .......... .......... .......... .......... 22%  451K 2m57s
 30200K .......... .......... .......... .......... .......... 22%  390K 2m57s
 30250K .......... .......... .......... .......... .......... 22%  452K 2m57s
 30300K .......... .......... .......... .......... .......... 22%  449K 2m57s
 30350K .......... .......... .......... .......... .......... 22%  384K 2m57s
 30400K .......... .......... .......... .......... .......... 22%  444K 2m57s
 30450K .......... .......... .......... .......... .......... 22%  384K 2m57s
 30500K .......... .......... .......... .......... .......... 22%  443K 2m57s
 30550K .......... .......... .......... .......... .......... 22%  440K 2m57s
 30600K .......... .......... .......... .......... .......... 22%  379K 2m57s
 30650K .......... .......... .......... .......... .......... 22%  443K 2m57s
 30700K .......... .......... .......... .......... .......... 22%  376K 2m57s
 30750K .......... .......... .......... .......... .......... 22%  437K 2m57s
 30800K .......... .......... .......... .......... .......... 22%  437K 2m57s
 30850K .......... .......... .......... .......... .......... 22%  371K 2m57s
 30900K .......... .......... .......... .......... .......... 22%  434K 2m57s
 30950K .......... .......... .......... .......... .......... 22%  371K 2m57s
 31000K .......... .......... .......... .......... .......... 22%  580K 2m57s
 31050K .......... .......... .......... .......... .......... 22%  711K 2m57s
 31100K .......... .......... .......... .......... .......... 22%  608K 2m57s
 31150K .......... .......... .......... .......... .......... 23%  709K 2m57s
 31200K .......... .......... .......... .......... .......... 23%  607K 2m57s
 31250K .......... .......... .......... .......... .......... 23%  705K 2m57s
 31300K .......... .......... .......... .......... .......... 23%  700K 2m56s
 31350K .......... .......... .......... .......... .......... 23%  594K 2m56s
 31400K .......... .......... .......... .......... .......... 23%  694K 2m56s
 31450K .......... .......... .......... .......... .......... 23%  591K 2m56s
 31500K .......... .......... .......... .......... .......... 23%  680K 2m56s
 31550K .......... .......... .......... .......... .......... 23%  684K 2m56s
 31600K .......... .......... .......... .......... .......... 23%  584K 2m56s
 31650K .......... .......... .......... .......... .......... 23%  674K 2m56s
 31700K .......... .......... .......... .......... .......... 23%  578K 2m56s
 31750K .......... .......... .......... .......... .......... 23%  666K 2m55s
 31800K .......... .......... .......... .......... .......... 23%  672K 2m55s
 31850K .......... .......... .......... .......... .......... 23%  568K 2m55s
 31900K .......... .......... .......... .......... .......... 23%  662K 2m55s
 31950K .......... .......... .......... .......... .......... 23%  561K 2m55s
 32000K .......... .......... .......... .......... .......... 23%  660K 2m55s
 32050K .......... .......... .......... .......... .......... 23%  652K 2m55s
 32100K .......... .......... .......... .......... .......... 23%  551K 2m55s
 32150K .......... .......... .......... .......... .......... 23%  617K 2m55s
 32200K .......... .......... .......... .......... .......... 23%  552K 2m55s
 32250K .......... .......... .......... .......... .......... 23%  643K 2m55s
 32300K .......... .......... .......... .......... .......... 23%  637K 2m54s
 32350K .......... .......... .......... .......... .......... 23%  544K 2m54s
 32400K .......... .......... .......... .......... .......... 23%  633K 2m54s
 32450K .......... .......... .......... .......... .......... 23%  540K 2m54s
 32500K .......... .......... .......... .......... .......... 24%  626K 2m54s
 32550K .......... .......... .......... .......... .......... 24%  623K 2m54s
 32600K .......... .......... .......... .......... .......... 24%  534K 2m54s
 32650K .......... .......... .......... .......... .......... 24%  614K 2m54s
 32700K .......... .......... .......... .......... .......... 24%  530K 2m54s
 32750K .......... .......... .......... .......... .......... 24%  612K 2m54s
 32800K .......... .......... .......... .......... .......... 24%  610K 2m54s
 32850K .......... .......... .......... .......... .......... 24%  522K 2m54s
 32900K .......... .......... .......... .......... .......... 24%  606K 2m53s
 32950K .......... .......... .......... .......... .......... 24%  518K 2m53s
 33000K .......... .......... .......... .......... .......... 24%  595K 2m53s
 33050K .......... .......... .......... .......... .......... 24%  599K 2m53s
 33100K .......... .......... .......... .......... .......... 24%  508K 2m53s
 33150K .......... .......... .......... .......... .......... 24%  590K 2m53s
 33200K .......... .......... .......... .......... .......... 24%  509K 2m53s
 33250K .......... .......... .......... .......... .......... 24%  588K 2m53s
 33300K .......... .......... .......... .......... .......... 24%  583K 2m53s
 33350K .......... .......... .......... .......... .......... 24%  503K 2m53s
 33400K .......... .......... .......... .......... .......... 24%  581K 2m53s
 33450K .......... .......... .......... .......... .......... 24%  495K 2m53s
 33500K .......... .......... .......... .......... .......... 24%  576K 2m53s
 33550K .......... .......... .......... .......... .......... 24%  577K 2m53s
 33600K .......... .......... .......... .......... .......... 24%  493K 2m53s
 33650K .......... .......... .......... .......... .......... 24%  562K 2m53s
 33700K .......... .......... .......... .......... .......... 24%  492K 2m52s
 33750K .......... .......... .......... .......... .......... 24%  564K 2m52s
 33800K .......... .......... .......... .......... .......... 24%  555K 2m52s
 33850K .......... .......... .......... .......... .......... 25%  479K 2m52s
 33900K .......... .......... .......... .......... .......... 25%  560K 2m52s
 33950K .......... .......... .......... .......... .......... 25%  478K 2m52s
 34000K .......... .......... .......... .......... .......... 25%  553K 2m52s
 34050K .......... .......... .......... .......... .......... 25%  554K 2m52s
 34100K .......... .......... .......... .......... .......... 25%  472K 2m52s
 34150K .......... .......... .......... .......... .......... 25%  548K 2m52s
 34200K .......... .......... .......... .......... .......... 25%  468K 2m52s
 34250K .......... .......... .......... .......... .......... 25%  545K 2m52s
 34300K .......... .......... .......... .......... .......... 25%  544K 2m52s
 34350K .......... .......... .......... .......... .......... 25%  463K 2m52s
 34400K .......... .......... .......... .......... .......... 25%  538K 2m52s
 34450K .......... .......... .......... .......... .......... 25%  460K 2m52s
 34500K .......... .......... .......... .......... .......... 25%  533K 2m52s
 34550K .......... .......... .......... .......... .......... 25%  527K 2m52s
 34600K .......... .......... .......... .......... .......... 25%  456K 2m52s
 34650K .......... .......... .......... .......... .......... 25%  528K 2m52s
 34700K .......... .......... .......... .......... .......... 25%  449K 2m52s
 34750K .......... .......... .......... .......... .......... 25%  530K 2m51s
 34800K .......... .......... .......... .......... .......... 25%  522K 2m51s
 34850K .......... .......... .......... .......... .......... 25%  446K 2m51s
 34900K .......... .......... .......... .......... .......... 25%  519K 2m51s
 34950K .......... .......... .......... .......... .......... 25%  442K 2m51s
 35000K .......... .......... .......... .......... .......... 25%  517K 2m51s
 35050K .......... .......... .......... .......... .......... 25%  513K 2m51s
 35100K .......... .......... .......... .......... .......... 25%  437K 2m51s
 35150K .......... .......... .......... .......... .......... 25%  512K 2m51s
 35200K .......... .......... .......... .......... .......... 26%  435K 2m51s
 35250K .......... .......... .......... .......... .......... 26%  501K 2m51s
 35300K .......... .......... .......... .......... .......... 26%  510K 2m51s
 35350K .......... .......... .......... .......... .......... 26%  430K 2m51s
 35400K .......... .......... .......... .......... .......... 26%  499K 2m51s
 35450K .......... .......... .......... .......... .......... 26%  426K 2m51s
 35500K .......... .......... .......... .......... .......... 26%  499K 2m51s
 35550K .......... .......... .......... .......... .......... 26%  493K 2m51s
 35600K .......... .......... .......... .......... .......... 26%  425K 2m51s
 35650K .......... .......... .......... .......... .......... 26%  496K 2m51s
 35700K .......... .......... .......... .......... .......... 26%  418K 2m51s
 35750K .......... .......... .......... .......... .......... 26%  491K 2m51s
 35800K .......... .......... .......... .......... .......... 26%  489K 2m51s
 35850K .......... .......... .......... .......... .......... 26%  411K 2m51s
 35900K .......... .......... .......... .......... .......... 26%  486K 2m51s
 35950K .......... .......... .......... .......... .......... 26%  415K 2m51s
 36000K .......... .......... .......... .......... .......... 26%  481K 2m51s
 36050K .......... .......... .......... .......... .......... 26%  480K 2m51s
 36100K .......... .......... .......... .......... .......... 26%  409K 2m51s
 36150K .......... .......... .......... .......... .......... 26%  475K 2m51s
 36200K .......... .......... .......... .......... .......... 26%  409K 2m51s
 36250K .......... .......... .......... .......... .......... 26%  474K 2m51s
 36300K .......... .......... .......... .......... .......... 26%  472K 2m51s
 36350K .......... .......... .......... .......... .......... 26%  402K 2m51s
 36400K .......... .......... .......... .......... .......... 26%  467K 2m51s
 36450K .......... .......... .......... .......... .......... 26%  401K 2m51s
 36500K .......... .......... .......... .......... .......... 26%  462K 2m51s
 36550K .......... .......... .......... .......... .......... 27%  467K 2m51s
 36600K .......... .......... .......... .......... .......... 27%  397K 2m51s
 36650K .......... .......... .......... .......... .......... 27%  461K 2m51s
 36700K .......... .......... .......... .......... .......... 27%  391K 2m51s
 36750K .......... .......... .......... .......... .......... 27%  462K 2m51s
 36800K .......... .......... .......... .......... .......... 27%  459K 2m51s
 36850K .......... .......... .......... .......... .......... 27%  389K 2m51s
 36900K .......... .......... .......... .......... .......... 27%  456K 2m51s
 36950K .......... .......... .......... .......... .......... 27%  388K 2m51s
 37000K .......... .......... .......... .......... .......... 27%  452K 2m51s
 37050K .......... .......... .......... .......... .......... 27%  450K 2m51s
 37100K .......... .......... .......... .......... .......... 27%  384K 2m51s
 37150K .......... .......... .......... .......... .......... 27%  447K 2m51s
 37200K .......... .......... .......... .......... .......... 27%  381K 2m51s
 37250K .......... .......... .......... .......... .......... 27%  446K 2m51s
 37300K .......... .......... .......... .......... .......... 27%  443K 2m51s
 37350K .......... .......... .......... .......... .......... 27%  360K 2m51s
 37400K .......... .......... .......... .......... .......... 27%  416K 2m51s
 37450K .......... .......... .......... .......... .......... 27%  375K 2m51s
 37500K .......... .......... .......... .......... .......... 27%  437K 2m51s
 37550K .......... .......... .......... .......... .......... 27%  435K 2m51s
 37600K .......... .......... .......... .......... .......... 27%  375K 2m51s
 37650K .......... .......... .......... .......... .......... 27%  433K 2m51s
 37700K .......... .......... .......... .......... .......... 27%  389K 2m51s
 37750K .......... .......... .......... .......... .......... 27% 1.75M 2m50s
 37800K .......... .......... .......... .......... .......... 27% 3.23M 2m50s
 37850K .......... .......... .......... .......... .......... 27% 2.71M 2m50s
 37900K .......... .......... .......... .......... .......... 27% 3.06M 2m50s
 37950K .......... .......... .......... .......... .......... 28% 2.71M 2m49s
 38000K .......... .......... .......... .......... .......... 28% 2.96M 2m49s
 38050K .......... .......... .......... .......... .......... 28% 2.81M 2m49s
 38100K .......... .......... .......... .......... .......... 28% 2.52M 2m49s
 38150K .......... .......... .......... .......... .......... 28% 2.87M 2m48s
 38200K .......... .......... .......... .......... .......... 28% 2.45M 2m48s
 38250K .......... .......... .......... .......... .......... 28% 2.85M 2m48s
 38300K .......... .......... .......... .......... .......... 28% 2.80M 2m48s
 38350K .......... .......... .......... .......... .......... 28% 2.31M 2m47s
 38400K .......... .......... .......... .......... .......... 28% 2.71M 2m47s
 38450K .......... .......... .......... .......... .......... 28% 2.29M 2m47s
 38500K .......... .......... .......... .......... .......... 28% 2.57M 2m47s
 38550K .......... .......... .......... .......... .......... 28% 2.55M 2m46s
 38600K .......... .......... .......... .......... .......... 28% 2.15M 2m46s
 38650K .......... .......... .......... .......... .......... 28% 2.42M 2m46s
 38700K .......... .......... .......... .......... .......... 28% 2.05M 2m46s
 38750K .......... .......... .......... .......... .......... 28% 2.39M 2m45s
 38800K .......... .......... .......... .......... .......... 28% 2.35M 2m45s
 38850K .......... .......... .......... .......... .......... 28% 1.93M 2m45s
 38900K .......... .......... .......... .......... .......... 28% 2.28M 2m45s
 38950K .......... .......... .......... .......... .......... 28% 1.91M 2m44s
 39000K .......... .......... .......... .......... .......... 28% 2.19M 2m44s
 39050K .......... .......... .......... .......... .......... 28% 2.13M 2m44s
 39100K .......... .......... .......... .......... .......... 28% 1.85M 2m44s
 39150K .......... .......... .......... .......... .......... 28% 2.09M 2m43s
 39200K .......... .......... .......... .......... .......... 28% 1.76M 2m43s
 39250K .......... .......... .......... .......... .......... 28% 2.06M 2m43s
 39300K .......... .......... .......... .......... .......... 29% 1.99M 2m43s
 39350K .......... .......... .......... .......... .......... 29% 1.69M 2m43s
 39400K .......... .......... .......... .......... .......... 29% 1.95M 2m42s
 39450K .......... .......... .......... .......... .......... 29% 1.66M 2m42s
 39500K .......... .......... .......... .......... .......... 29% 1.88M 2m42s
 39550K .......... .......... .......... .......... .......... 29% 1.87M 2m42s
 39600K .......... .......... .......... .......... .......... 29% 1.58M 2m41s
 39650K .......... .......... .......... .......... .......... 29% 1.82M 2m41s
 39700K .......... .......... .......... .......... .......... 29% 1.53M 2m41s
 39750K .......... .......... .......... .......... .......... 29% 1.77M 2m41s
 39800K .......... .......... .......... .......... .......... 29% 1.78M 2m41s
 39850K .......... .......... .......... .......... .......... 29% 1.48M 2m40s
 39900K .......... .......... .......... .......... .......... 29% 1.72M 2m40s
 39950K .......... .......... .......... .......... .......... 29% 1.45M 2m40s
 40000K .......... .......... .......... .......... .......... 29% 1.67M 2m40s
 40050K .......... .......... .......... .......... .......... 29% 1.66M 2m39s
 40100K .......... .......... .......... .......... .......... 29% 1.40M 2m39s
 40150K .......... .......... .......... .......... .......... 29% 1.63M 2m39s
 40200K .......... .......... .......... .......... .......... 29% 1.37M 2m39s
 40250K .......... .......... .......... .......... .......... 29% 1.58M 2m39s
 40300K .......... .......... .......... .......... .......... 29% 1.57M 2m38s
 40350K .......... .......... .......... .......... .......... 29% 1.31M 2m38s
 40400K .......... .......... .......... .......... .......... 29% 1.53M 2m38s
 40450K .......... .......... .......... .......... .......... 29% 1.29M 2m38s
 40500K .......... .......... .......... .......... .......... 29% 1.48M 2m38s
 40550K .......... .......... .......... .......... .......... 29% 1.49M 2m37s
 40600K .......... .......... .......... .......... .......... 29% 1.25M 2m37s
 40650K .......... .......... .......... .......... .......... 30% 1.45M 2m37s
 40700K .......... .......... .......... .......... .......... 30% 1.22M 2m37s
 40750K .......... .......... .......... .......... .......... 30% 1.42M 2m37s
 40800K .......... .......... .......... .......... .......... 30% 1.42M 2m37s
 40850K .......... .......... .......... .......... .......... 30% 1.18M 2m36s
 40900K .......... .......... .......... .......... .......... 30% 1.38M 2m36s
 40950K .......... .......... .......... .......... .......... 30% 1.16M 2m36s
 41000K .......... .......... .......... .......... .......... 30% 1.36M 2m36s
 41050K .......... .......... .......... .......... .......... 30% 1.15M 2m36s
 41100K .......... .......... .......... .......... .......... 30% 1.32M 2m35s
 41150K .......... .......... .......... .......... .......... 30% 1.29M 2m35s
 41200K .......... .......... .......... .......... .......... 30% 1.10M 2m35s
 41250K .......... .......... .......... .......... .......... 30% 1.28M 2m35s
 41300K .......... .......... .......... .......... .......... 30% 1.08M 2m35s
 41350K .......... .......... .......... .......... .......... 30% 1.28M 2m35s
 41400K .......... .......... .......... .......... .......... 30% 1.27M 2m34s
 41450K .......... .......... .......... .......... .......... 30% 1.06M 2m34s
 41500K .......... .......... .......... .......... .......... 30% 1.22M 2m34s
 41550K .......... .......... .......... .......... .......... 30% 1.06M 2m34s
 41600K .......... .......... .......... .......... .......... 30% 1.21M 2m34s
 41650K .......... .......... .......... .......... .......... 30% 1.19M 2m34s
 41700K .......... .......... .......... .......... .......... 30% 1.03M 2m33s
 41750K .......... .......... .......... .......... .......... 30% 1.18M 2m33s
 41800K .......... .......... .......... .......... .......... 30% 1.01M 2m33s
 41850K .......... .......... .......... .......... .......... 30% 1.16M 2m33s
 41900K .......... .......... .......... .......... .......... 30% 1.16M 2m33s
 41950K .......... .......... .......... .......... .......... 30% 1002K 2m33s
 42000K .......... .......... .......... .......... .......... 31% 1.14M 2m32s
 42050K .......... .......... .......... .......... .......... 31%  985K 2m32s
 42100K .......... .......... .......... .......... .......... 31% 1.11M 2m32s
 42150K .......... .......... .......... .......... .......... 31% 1.11M 2m32s
 42200K .......... .......... .......... .......... .......... 31%  968K 2m32s
 42250K .......... .......... .......... .......... .......... 31% 1.10M 2m32s
 42300K .......... .......... .......... .......... .......... 31%  950K 2m31s
 42350K .......... .......... .......... .......... .......... 31% 1.06M 2m31s
 42400K .......... .......... .......... .......... .......... 31% 1.08M 2m31s
 42450K .......... .......... .......... .......... .......... 31%  926K 2m31s
 42500K .......... .......... .......... .......... .......... 31% 1.05M 2m31s
 42550K .......... .......... .......... .......... .......... 31%  925K 2m31s
 42600K .......... .......... .......... .......... .......... 31% 1.03M 2m31s
 42650K .......... .......... .......... .......... .......... 31% 1.03M 2m30s
 42700K .......... .......... .......... .......... .......... 31%  895K 2m30s
 42750K .......... .......... .......... .......... .......... 31% 1.01M 2m30s
 42800K .......... .......... .......... .......... .......... 31%  879K 2m30s
 42850K .......... .......... .......... .......... .......... 31% 1023K 2m30s
 42900K .......... .......... .......... .......... .......... 31% 1019K 2m30s
 42950K .......... .......... .......... .......... .......... 31%  861K 2m30s
 43000K .......... .......... .......... .......... .......... 31%  999K 2m29s
 43050K .......... .......... .......... .......... .......... 31%  855K 2m29s
 43100K .......... .......... .......... .......... .......... 31%  982K 2m29s
 43150K .......... .......... .......... .......... .......... 31%  983K 2m29s
 43200K .......... .......... .......... .......... .......... 31%  837K 2m29s
 43250K .......... .......... .......... .......... .......... 31%  966K 2m29s
 43300K .......... .......... .......... .......... .......... 31%  823K 2m29s
 43350K .......... .......... .......... .......... .......... 32%  953K 2m28s
 43400K .......... .......... .......... .......... .......... 32%  953K 2m28s
 43450K .......... .......... .......... .......... .......... 32%  801K 2m28s
 43500K .......... .......... .......... .......... .......... 32%  945K 2m28s
 43550K .......... .......... .......... .......... .......... 32%  797K 2m28s
 43600K .......... .......... .......... .......... .......... 32%  923K 2m28s
 43650K .......... .......... .......... .......... .......... 32%  911K 2m28s
 43700K .......... .......... .......... .......... .......... 32%  791K 2m28s
 43750K .......... .......... .......... .......... .......... 32%  909K 2m27s
 43800K .......... .......... .......... .......... .......... 32%  770K 2m27s
 43850K .......... .......... .......... .......... .......... 32%  895K 2m27s
 43900K .......... .......... .......... .......... .......... 32%  892K 2m27s
 43950K .......... .......... .......... .......... .......... 32%  752K 2m27s
 44000K .......... .......... .......... .......... .......... 32%  882K 2m27s
 44050K .......... .......... .......... .......... .......... 32%  751K 2m27s
 44100K .......... .......... .......... .......... .......... 32%  871K 2m27s
 44150K .......... .......... .......... .......... .......... 32%  860K 2m26s
 44200K .......... .......... .......... .......... .......... 32%  739K 2m26s
 44250K .......... .......... .......... .......... .......... 32%  848K 2m26s
 44300K .......... .......... .......... .......... .......... 32%  725K 2m26s
 44350K .......... .......... .......... .......... .......... 32%  845K 2m26s
 44400K .......... .......... .......... .......... .......... 32%  836K 2m26s
 44450K .......... .......... .......... .......... .......... 32%  718K 2m26s
 44500K .......... .......... .......... .......... .......... 32%  829K 2m26s
 44550K .......... .......... .......... .......... .......... 32%  705K 2m26s
 44600K .......... .......... .......... .......... .......... 32%  820K 2m25s
 44650K .......... .......... .......... .......... .......... 32%  817K 2m25s
 44700K .......... .......... .......... .......... .......... 33%  697K 2m25s
 44750K .......... .......... .......... .......... .......... 33%  809K 2m25s
 44800K .......... .......... .......... .......... .......... 33%  685K 2m25s
 44850K .......... .......... .......... .......... .......... 33%  800K 2m25s
 44900K .......... .......... .......... .......... .......... 33%  794K 2m25s
 44950K .......... .......... .......... .......... .......... 33%  675K 2m25s
 45000K .......... .......... .......... .......... .......... 33%  782K 2m25s
 45050K .......... .......... .......... .......... .......... 33%  668K 2m24s
 45100K .......... .......... .......... .......... .......... 33%  776K 2m24s
 45150K .......... .......... .......... .......... .......... 33%  773K 2m24s
 45200K .......... .......... .......... .......... .......... 33%  659K 2m24s
 45250K .......... .......... .......... .......... .......... 33%  765K 2m24s
 45300K .......... .......... .......... .......... .......... 33%  639K 2m24s
 45350K .......... .......... .......... .......... .......... 33%  754K 2m24s
 45400K .......... .......... .......... .......... .......... 33%  758K 2m24s
 45450K .......... .......... .......... .......... .......... 33%  640K 2m24s
 45500K .......... .......... .......... .......... .......... 33%  740K 2m24s
 45550K .......... .......... .......... .......... .......... 33%  639K 2m23s
 45600K .......... .......... .......... .......... .......... 33%  732K 2m23s
 45650K .......... .......... .......... .......... .......... 33%  737K 2m23s
 45700K .......... .......... .......... .......... .......... 33%  624K 2m23s
 45750K .......... .......... .......... .......... .......... 33%  724K 2m23s
 45800K .......... .......... .......... .......... .......... 33%  620K 2m23s
 45850K .......... .......... .......... .......... .......... 33%  718K 2m23s
 45900K .......... .......... .......... .......... .......... 33%  716K 2m23s
 45950K .......... .......... .......... .......... .......... 33%  608K 2m23s
 46000K .......... .......... .......... .......... .......... 33%  709K 2m23s
 46050K .......... .......... .......... .......... .......... 34%  605K 2m23s
 46100K .......... .......... .......... .......... .......... 34%  700K 2m22s
 46150K .......... .......... .......... .......... .......... 34%  696K 2m22s
 46200K .......... .......... .......... .......... .......... 34%  596K 2m22s
 46250K .......... .......... .......... .......... .......... 34%  692K 2m22s
 46300K .......... .......... .......... .......... .......... 34%  589K 2m22s
 46350K .......... .......... .......... .......... .......... 34%  684K 2m22s
 46400K .......... .......... .......... .......... .......... 34%  681K 2m22s
 46450K .......... .......... .......... .......... .......... 34%  581K 2m22s
 46500K .......... .......... .......... .......... .......... 34%  675K 2m22s
 46550K .......... .......... .......... .......... .......... 34%  575K 2m22s
 46600K .......... .......... .......... .......... .......... 34%  669K 2m22s
 46650K .......... .......... .......... .......... .......... 34%  656K 2m22s
 46700K .......... .......... .......... .......... .......... 34%  575K 2m21s
 46750K .......... .......... .......... .......... .......... 34%  658K 2m21s
 46800K .......... .......... .......... .......... .......... 34%  562K 2m21s
 46850K .......... .......... .......... .......... .......... 34%  654K 2m21s
 46900K .......... .......... .......... .......... .......... 34%  652K 2m21s
 46950K .......... .......... .......... .......... .......... 34%  554K 2m21s
 47000K .......... .......... .......... .......... .......... 34%  645K 2m21s
 47050K .......... .......... .......... .......... .......... 34%  546K 2m21s
 47100K .......... .......... .......... .......... .......... 34%  642K 2m21s
 47150K .......... .......... .......... .......... .......... 34%  636K 2m21s
 47200K .......... .......... .......... .......... .......... 34%  543K 2m21s
 47250K .......... .......... .......... .......... .......... 34%  628K 2m21s
 47300K .......... .......... .......... .......... .......... 34%  536K 2m21s
 47350K .......... .......... .......... .......... .......... 34%  625K 2m21s
 47400K .......... .......... .......... .......... .......... 35%  622K 2m20s
 47450K .......... .......... .......... .......... .......... 35%  532K 2m20s
 47500K .......... .......... .......... .......... .......... 35%  616K 2m20s
 47550K .......... .......... .......... .......... .......... 35%  528K 2m20s
 47600K .......... .......... .......... .......... .......... 35%  612K 2m20s
 47650K .......... .......... .......... .......... .......... 35%  608K 2m20s
 47700K .......... .......... .......... .......... .......... 35%  521K 2m20s
 47750K .......... .......... .......... .......... .......... 35%  605K 2m20s
 47800K .......... .......... .......... .......... .......... 35%  515K 2m20s
 47850K .......... .......... .......... .......... .......... 35%  599K 2m20s
 47900K .......... .......... .......... .......... .......... 35%  591K 2m20s
 47950K .......... .......... .......... .......... .......... 35%  512K 2m20s
 48000K .......... .......... .......... .......... .......... 35%  592K 2m20s
 48050K .......... .......... .......... .......... .......... 35%  506K 2m20s
 48100K .......... .......... .......... .......... .......... 35%  586K 2m20s
 48150K .......... .......... .......... .......... .......... 35%  579K 2m19s
 48200K .......... .......... .......... .......... .......... 35%  504K 2m19s
 48250K .......... .......... .......... .......... .......... 35%  580K 2m19s
 48300K .......... .......... .......... .......... .......... 35%  491K 2m19s
 48350K .......... .......... .......... .......... .......... 35%  581K 2m19s
 48400K .......... .......... .......... .......... .......... 35%  574K 2m19s
 48450K .......... .......... .......... .......... .......... 35%  489K 2m19s
 48500K .......... .......... .......... .......... .......... 35%  567K 2m19s
 48550K .......... .......... .......... .......... .......... 35%  487K 2m19s
 48600K .......... .......... .......... .......... .......... 35%  564K 2m19s
 48650K .......... .......... .......... .......... .......... 35%  561K 2m19s
 48700K .......... .......... .......... .......... .......... 35%  472K 2m19s
 48750K .......... .......... .......... .......... .......... 36%  545K 2m19s
 48800K .......... .......... .......... .......... .......... 36%  475K 2m19s
 48850K .......... .......... .......... .......... .......... 36%  554K 2m19s
 48900K .......... .......... .......... .......... .......... 36%  552K 2m19s
 48950K .......... .......... .......... .......... .......... 36%  470K 2m19s
 49000K .......... .......... .......... .......... .......... 36%  548K 2m19s
 49050K .......... .......... .......... .......... .......... 36%  464K 2m19s
 49100K .......... .......... .......... .......... .......... 36%  508K 2m19s
 49150K .......... .......... .......... .......... .......... 36%  540K 2m18s
 49200K .......... .......... .......... .......... .......... 36%  467K 2m18s
 49250K .......... .......... .......... .......... .......... 36%  538K 2m18s
 49300K .......... .......... .......... .......... .......... 36%  457K 2m18s
 49350K .......... .......... .......... .......... .......... 36%  534K 2m18s
 49400K .......... .......... .......... .......... .......... 36%  529K 2m18s
 49450K .......... .......... .......... .......... .......... 36%  452K 2m18s
 49500K .......... .......... .......... .......... .......... 36%  527K 2m18s
 49550K .......... .......... .......... .......... .......... 36%  451K 2m18s
 49600K .......... .......... .......... .......... .......... 36%  523K 2m18s
 49650K .......... .......... .......... .......... .......... 36%  519K 2m18s
 49700K .......... .......... .......... .......... .......... 36%  448K 2m18s
 49750K .......... .......... .......... .......... .......... 36%  517K 2m18s
 49800K .......... .......... .......... .......... .......... 36%  443K 2m18s
 49850K .......... .......... .......... .......... .......... 36%  513K 2m18s
 49900K .......... .......... .......... .......... .......... 36%  514K 2m18s
 49950K .......... .......... .......... .......... .......... 36%  437K 2m18s
 50000K .......... .......... .......... .......... .......... 36%  505K 2m18s
 50050K .......... .......... .......... .......... .......... 36%  438K 2m18s
 50100K .......... .......... .......... .......... .......... 36%  503K 2m18s
 50150K .......... .......... .......... .......... .......... 37%  494K 2m18s
 50200K .......... .......... .......... .......... .......... 37%  431K 2m18s
 50250K .......... .......... .......... .......... .......... 37%  501K 2m18s
 50300K .......... .......... .......... .......... .......... 37%  428K 2m18s
 50350K .......... .......... .......... .......... .......... 37%  495K 2m17s
 50400K .......... .......... .......... .......... .......... 37%  495K 2m17s
 50450K .......... .......... .......... .......... .......... 37%  423K 2m17s
 50500K .......... .......... .......... .......... .......... 37%  490K 2m17s
 50550K .......... .......... .......... .......... .......... 37%  422K 2m17s
 50600K .......... .......... .......... .......... .......... 37%  488K 2m17s
 50650K .......... .......... .......... .......... .......... 37%  484K 2m17s
 50700K .......... .......... .......... .......... .......... 37%  414K 2m17s
 50750K .......... .......... .......... .......... .......... 37%  487K 2m17s
 50800K .......... .......... .......... .......... .......... 37%  411K 2m17s
 50850K .......... .......... .......... .......... .......... 37%  479K 2m17s
 50900K .......... .......... .......... .......... .......... 37%  482K 2m17s
 50950K .......... .......... .......... .......... .......... 37%  408K 2m17s
 51000K .......... .......... .......... .......... .......... 37%  475K 2m17s
 51050K .......... .......... .......... .......... .......... 37%  407K 2m17s
 51100K .......... .......... .......... .......... .......... 37%  470K 2m17s
 51150K .......... .......... .......... .......... .......... 37%  471K 2m17s
 51200K .......... .......... .......... .......... .......... 37%  404K 2m17s
 51250K .......... .......... .......... .......... .......... 37%  468K 2m17s
 51300K .......... .......... .......... .......... .......... 37%  399K 2m17s
 51350K .......... .......... .......... .......... .......... 37%  465K 2m17s
 51400K .......... .......... .......... .......... .......... 37%  464K 2m17s
 51450K .......... .......... .......... .......... .......... 37%  396K 2m17s
 51500K .......... .......... .......... .......... .......... 38%  458K 2m17s
 51550K .......... .......... .......... .......... .......... 38%  393K 2m17s
 51600K .......... .......... .......... .......... .......... 38%  460K 2m17s
 51650K .......... .......... .......... .......... .......... 38%  456K 2m17s
 51700K .......... .......... .......... .......... .......... 38%  390K 2m17s
 51750K .......... .......... .......... .......... .......... 38%  453K 2m17s
 51800K .......... .......... .......... .......... .......... 38%  388K 2m17s
 51850K .......... .......... .......... .......... .......... 38%  451K 2m17s
 51900K .......... .......... .......... .......... .......... 38%  449K 2m17s
 51950K .......... .......... .......... .......... .......... 38%  383K 2m17s
 52000K .......... .......... .......... .......... .......... 38%  448K 2m17s
 52050K .......... .......... .......... .......... .......... 38%  382K 2m17s
 52100K .......... .......... .......... .......... .......... 38%  441K 2m17s
 52150K .......... .......... .......... .......... .......... 38%  442K 2m16s
 52200K .......... .......... .......... .......... .......... 38%  378K 2m16s
 52250K .......... .......... .......... .......... .......... 38%  437K 2m16s
 52300K .......... .......... .......... .......... .......... 38%  375K 2m16s
 52350K .......... .......... .......... .......... .......... 38%  437K 2m16s
 52400K .......... .......... .......... .......... .......... 38%  434K 2m16s
 52450K .......... .......... .......... .......... .......... 38%  373K 2m16s
 52500K .......... .......... .......... .......... .......... 38%  433K 2m16s
 52550K .......... .......... .......... .......... .......... 38%  458K 2m16s
 52600K .......... .......... .......... .......... .......... 38% 3.51M 2m16s
 52650K .......... .......... .......... .......... .......... 38% 3.33M 2m16s
 52700K .......... .......... .......... .......... .......... 38% 2.66M 2m16s
 52750K .......... .......... .......... .......... .......... 38% 3.10M 2m16s
 52800K .......... .......... .......... .......... .......... 38% 2.57M 2m15s
 52850K .......... .......... .......... .......... .......... 39% 2.91M 2m15s
 52900K .......... .......... .......... .......... .......... 39% 2.89M 2m15s
 52950K .......... .......... .......... .......... .......... 39% 2.39M 2m15s
 53000K .......... .......... .......... .......... .......... 39% 2.78M 2m15s
 53050K .......... .......... .......... .......... .......... 39% 2.41M 2m14s
 53100K .......... .......... .......... .......... .......... 39% 2.78M 2m14s
 53150K .......... .......... .......... .......... .......... 39% 2.77M 2m14s
 53200K .......... .......... .......... .......... .......... 39% 2.35M 2m14s
 53250K .......... .......... .......... .......... .......... 39% 2.67M 2m14s
 53300K .......... .......... .......... .......... .......... 39% 2.22M 2m14s
 53350K .......... .......... .......... .......... .......... 39% 2.59M 2m13s
 53400K .......... .......... .......... .......... .......... 39% 2.53M 2m13s
 53450K .......... .......... .......... .......... .......... 39% 2.10M 2m13s
 53500K .......... .......... .......... .......... .......... 39% 2.38M 2m13s
 53550K .......... .......... .......... .......... .......... 39% 2.04M 2m13s
 53600K .......... .......... .......... .......... .......... 39% 2.35M 2m13s
 53650K .......... .......... .......... .......... .......... 39% 2.31M 2m12s
 53700K .......... .......... .......... .......... .......... 39% 1.95M 2m12s
 53750K .......... .......... .......... .......... .......... 39% 2.26M 2m12s
 53800K .......... .......... .......... .......... .......... 39% 1.88M 2m12s
 53850K .......... .......... .......... .......... .......... 39% 2.16M 2m12s
 53900K .......... .......... .......... .......... .......... 39% 2.17M 2m12s
 53950K .......... .......... .......... .......... .......... 39% 1.79M 2m11s
 54000K .......... .......... .......... .......... .......... 39% 2.09M 2m11s
 54050K .......... .......... .......... .......... .......... 39% 1.76M 2m11s
 54100K .......... .......... .......... .......... .......... 39% 2.03M 2m11s
 54150K .......... .......... .......... .......... .......... 39% 1.97M 2m11s
 54200K .......... .......... .......... .......... .......... 40% 1.69M 2m11s
 54250K .......... .......... .......... .......... .......... 40% 1.95M 2m10s
 54300K .......... .......... .......... .......... .......... 40% 1.63M 2m10s
 54350K .......... .......... .......... .......... .......... 40% 1.89M 2m10s
 54400K .......... .......... .......... .......... .......... 40% 1.84M 2m10s
 54450K .......... .......... .......... .......... .......... 40% 1.59M 2m10s
 54500K .......... .......... .......... .......... .......... 40% 1.81M 2m10s
 54550K .......... .......... .......... .......... .......... 40% 1.53M 2m9s
 54600K .......... .......... .......... .......... .......... 40% 1.58M 2m9s
 54650K .......... .......... .......... .......... .......... 40% 1.74M 2m9s
 54700K .......... .......... .......... .......... .......... 40% 1.48M 2m9s
 54750K .......... .......... .......... .......... .......... 40% 1.71M 2m9s
 54800K .......... .......... .......... .......... .......... 40% 1.43M 2m9s
 54850K .......... .......... .......... .......... .......... 40% 1.67M 2m9s
 54900K .......... .......... .......... .......... .......... 40% 1.65M 2m8s
 54950K .......... .......... .......... .......... .......... 40% 1.38M 2m8s
 55000K .......... .......... .......... .......... .......... 40% 1.62M 2m8s
 55050K .......... .......... .......... .......... .......... 40% 1.36M 2m8s
 55100K .......... .......... .......... .......... .......... 40% 1.56M 2m8s
 55150K .......... .......... .......... .......... .......... 40% 1.54M 2m8s
 55200K .......... .......... .......... .......... .......... 40% 1.32M 2m8s
 55250K .......... .......... .......... .......... .......... 40% 1.53M 2m7s
 55300K .......... .......... .......... .......... .......... 40% 1.28M 2m7s
 55350K .......... .......... .......... .......... .......... 40% 1.49M 2m7s
 55400K .......... .......... .......... .......... .......... 40% 1.48M 2m7s
 55450K .......... .......... .......... .......... .......... 40% 1.24M 2m7s
 55500K .......... .......... .......... .......... .......... 40% 1.44M 2m7s
 55550K .......... .......... .......... .......... .......... 41% 1.23M 2m7s
 55600K .......... .......... .......... .......... .......... 41% 1.41M 2m6s
 55650K .......... .......... .......... .......... .......... 41% 1.40M 2m6s
 55700K .......... .......... .......... .......... .......... 41% 1.19M 2m6s
 55750K .......... .......... .......... .......... .......... 41% 1.37M 2m6s
 55800K .......... .......... .......... .......... .......... 41% 1.16M 2m6s
 55850K .......... .......... .......... .......... .......... 41% 1.35M 2m6s
 55900K .......... .......... .......... .......... .......... 41% 1.34M 2m6s
 55950K .......... .......... .......... .......... .......... 41% 1.12M 2m5s
 56000K .......... .......... .......... .......... .......... 41% 1.31M 2m5s
 56050K .......... .......... .......... .......... .......... 41% 1.11M 2m5s
 56100K .......... .......... .......... .......... .......... 41% 1.29M 2m5s
 56150K .......... .......... .......... .......... .......... 41% 1.23M 2m5s
 56200K .......... .......... .......... .......... .......... 41% 1.07M 2m5s
 56250K .......... .......... .......... .......... .......... 41% 1.27M 2m5s
 56300K .......... .......... .......... .......... .......... 41% 1.05M 2m5s
 56350K .......... .......... .......... .......... .......... 41% 1.22M 2m4s
 56400K .......... .......... .......... .......... .......... 41% 1.23M 2m4s
 56450K .......... .......... .......... .......... .......... 41%  829K 2m4s
 56500K .......... .......... .......... .......... .......... 41% 1.20M 2m4s
 56550K .......... .......... .......... .......... .......... 41% 1.02M 2m4s
 56600K .......... .......... .......... .......... .......... 41% 1.17M 2m4s
 56650K .......... .......... .......... .......... .......... 41% 1.17M 2m4s
 56700K .......... .......... .......... .......... .......... 41% 1016K 2m4s
 56750K .......... .......... .......... .......... .......... 41% 1.15M 2m3s
 56800K .......... .......... .......... .......... .......... 41%  990K 2m3s
 56850K .......... .......... .......... .......... .......... 41% 1.14M 2m3s
 56900K .......... .......... .......... .......... .......... 42% 1.12M 2m3s
 56950K .......... .......... .......... .......... .......... 42%  977K 2m3s
 57000K .......... .......... .......... .......... .......... 42% 1.10M 2m3s
 57050K .......... .......... .......... .......... .......... 42%  963K 2m3s
 57100K .......... .......... .......... .......... .......... 42% 1.09M 2m3s
 57150K .......... .......... .......... .......... .......... 42% 1.07M 2m2s
 57200K .......... .......... .......... .......... .......... 42%  938K 2m2s
 57250K .......... .......... .......... .......... .......... 42% 1.07M 2m2s
 57300K .......... .......... .......... .......... .......... 42%  920K 2m2s
 57350K .......... .......... .......... .......... .......... 42% 1.05M 2m2s
 57400K .......... .......... .......... .......... .......... 42% 1.04M 2m2s
 57450K .......... .......... .......... .......... .......... 42%  903K 2m2s
 57500K .......... .......... .......... .......... .......... 42% 1.02M 2m2s
 57550K .......... .......... .......... .......... .......... 42%  891K 2m1s
 57600K .......... .......... .......... .......... .......... 42% 1015K 2m1s
 57650K .......... .......... .......... .......... .......... 42% 1020K 2m1s
 57700K .......... .......... .......... .......... .......... 42%  877K 2m1s
 57750K .......... .......... .......... .......... .......... 42% 1011K 2m1s
 57800K .......... .......... .......... .......... .......... 42%  858K 2m1s
 57850K .......... .......... .......... .......... .......... 42%  986K 2m1s
 57900K .......... .......... .......... .......... .......... 42% 1006K 2m1s
 57950K .......... .......... .......... .......... .......... 42%  838K 2m1s
 58000K .......... .......... .......... .......... .......... 42%  974K 2m0s
 58050K .......... .......... .......... .......... .......... 42%  836K 2m0s
 58100K .......... .......... .......... .......... .......... 42%  962K 2m0s
 58150K .......... .......... .......... .......... .......... 42%  941K 2m0s
 58200K .......... .......... .......... .......... .......... 42%  828K 2m0s
 58250K .......... .......... .......... .......... .......... 43%  949K 2m0s
 58300K .......... .......... .......... .......... .......... 43%  802K 2m0s
 58350K .......... .......... .......... .......... .......... 43%  939K 2m0s
 58400K .......... .......... .......... .......... .......... 43%  930K 2m0s
 58450K .......... .......... .......... .......... .......... 43%  788K 2m0s
 58500K .......... .......... .......... .......... .......... 43%  913K 1m59s
 58550K .......... .......... .......... .......... .......... 43%  766K 1m59s
 58600K .......... .......... .......... .......... .......... 43%  918K 1m59s
 58650K .......... .......... .......... .......... .......... 43%  904K 1m59s
 58700K .......... .......... .......... .......... .......... 43%  768K 1m59s
 58750K .......... .......... .......... .......... .......... 43%  887K 1m59s
 58800K .......... .......... .......... .......... .......... 43%  756K 1m59s
 58850K .......... .......... .......... .......... .......... 43%  877K 1m59s
 58900K .......... .......... .......... .......... .......... 43%  871K 1m59s
 58950K .......... .......... .......... .......... .......... 43%  742K 1m59s
 59000K .......... .......... .......... .......... .......... 43%  858K 1m58s
 59050K .......... .......... .......... .......... .......... 43%  736K 1m58s
 59100K .......... .......... .......... .......... .......... 43%  852K 1m58s
 59150K .......... .......... .......... .......... .......... 43%  844K 1m58s
 59200K .......... .......... .......... .......... .......... 43%  718K 1m58s
 59250K .......... .......... .......... .......... .......... 43%  831K 1m58s
 59300K .......... .......... .......... .......... .......... 43%  711K 1m58s
 59350K .......... .......... .......... .......... .......... 43%  828K 1m58s
 59400K .......... .......... .......... .......... .......... 43%  818K 1m58s
 59450K .......... .......... .......... .......... .......... 43%  702K 1m58s
 59500K .......... .......... .......... .......... .......... 43%  811K 1m57s
 59550K .......... .......... .......... .......... .......... 43%  694K 1m57s
 59600K .......... .......... .......... .......... .......... 44%  804K 1m57s
 59650K .......... .......... .......... .......... .......... 44%  801K 1m57s
 59700K .......... .......... .......... .......... .......... 44%  682K 1m57s
 59750K .......... .......... .......... .......... .......... 44%  792K 1m57s
 59800K .......... .......... .......... .......... .......... 44%  667K 1m57s
 59850K .......... .......... .......... .......... .......... 44%  791K 1m57s
 59900K .......... .......... .......... .......... .......... 44%  780K 1m57s
 59950K .......... .......... .......... .......... .......... 44%  662K 1m57s
 60000K .......... .......... .......... .......... .......... 44%  765K 1m57s
 60050K .......... .......... .......... .......... .......... 44%  659K 1m57s
 60100K .......... .......... .......... .......... .......... 44%  759K 1m56s
 60150K .......... .......... .......... .......... .......... 44%  758K 1m56s
 60200K .......... .......... .......... .......... .......... 44%  647K 1m56s
 60250K .......... .......... .......... .......... .......... 44%  747K 1m56s
 60300K .......... .......... .......... .......... .......... 44%  635K 1m56s
 60350K .......... .......... .......... .......... .......... 44%  749K 1m56s
 60400K .......... .......... .......... .......... .......... 44%  739K 1m56s
 60450K .......... .......... .......... .......... .......... 44%  630K 1m56s
 60500K .......... .......... .......... .......... .......... 44%  730K 1m56s
 60550K .......... .......... .......... .......... .......... 44%  623K 1m56s
 60600K .......... .......... .......... .......... .......... 44%  725K 1m56s
 60650K .......... .......... .......... .......... .......... 44%  720K 1m55s
 60700K .......... .......... .......... .......... .......... 44%  614K 1m55s
 60750K .......... .......... .......... .......... .......... 44%  714K 1m55s
 60800K .......... .......... .......... .......... .......... 44%  607K 1m55s
 60850K .......... .......... .......... .......... .......... 44%  707K 1m55s
 60900K .......... .......... .......... .......... .......... 44%  704K 1m55s
 60950K .......... .......... .......... .......... .......... 45%  598K 1m55s
 61000K .......... .......... .......... .......... .......... 45%  696K 1m55s
 61050K .......... .......... .......... .......... .......... 45%  592K 1m55s
 61100K .......... .......... .......... .......... .......... 45%  684K 1m55s
 61150K .......... .......... .......... .......... .......... 45%  686K 1m55s
 61200K .......... .......... .......... .......... .......... 45%  589K 1m55s
 61250K .......... .......... .......... .......... .......... 45%  678K 1m55s
 61300K .......... .......... .......... .......... .......... 45%  578K 1m54s
 61350K .......... .......... .......... .......... .......... 45%  674K 1m54s
 61400K .......... .......... .......... .......... .......... 45%  671K 1m54s
 61450K .......... .......... .......... .......... .......... 45%  572K 1m54s
 61500K .......... .......... .......... .......... .......... 45%  662K 1m54s
 61550K .......... .......... .......... .......... .......... 45%  568K 1m54s
 61600K .......... .......... .......... .......... .......... 45%  655K 1m54s
 61650K .......... .......... .......... .......... .......... 45%  654K 1m54s
 61700K .......... .......... .......... .......... .......... 45%  557K 1m54s
 61750K .......... .......... .......... .......... .......... 45%  646K 1m54s
 61800K .......... .......... .......... .......... .......... 45%  555K 1m54s
 61850K .......... .......... .......... .......... .......... 45%  641K 1m54s
 61900K .......... .......... .......... .......... .......... 45%  643K 1m54s
 61950K .......... .......... .......... .......... .......... 45%  544K 1m54s
 62000K .......... .......... .......... .......... .......... 45%  635K 1m53s
 62050K .......... .......... .......... .......... .......... 45%  541K 1m53s
 62100K .......... .......... .......... .......... .......... 45%  629K 1m53s
 62150K .......... .......... .......... .......... .......... 45%  627K 1m53s
 62200K .......... .......... .......... .......... .......... 45%  535K 1m53s
 62250K .......... .......... .......... .......... .......... 45%  621K 1m53s
 62300K .......... .......... .......... .......... .......... 45%  526K 1m53s
 62350K .......... .......... .......... .......... .......... 46%  619K 1m53s
 62400K .......... .......... .......... .......... .......... 46%  617K 1m53s
 62450K .......... .......... .......... .......... .......... 46%  523K 1m53s
 62500K .......... .......... .......... .......... .......... 46%  607K 1m53s
 62550K .......... .......... .......... .......... .......... 46%  520K 1m53s
 62600K .......... .......... .......... .......... .......... 46%  603K 1m53s
 62650K .......... .......... .......... .......... .......... 46%  597K 1m53s
 62700K .......... .......... .......... .......... .......... 46%  515K 1m53s
 62750K .......... .......... .......... .......... .......... 46%  595K 1m52s
 62800K .......... .......... .......... .......... .......... 46%  507K 1m52s
 62850K .......... .......... .......... .......... .......... 46%  592K 1m52s
 62900K .......... .......... .......... .......... .......... 46%  587K 1m52s
 62950K .......... .......... .......... .......... .......... 46%  502K 1m52s
 63000K .......... .......... .......... .......... .......... 46%  583K 1m52s
 63050K .......... .......... .......... .......... .......... 46%  500K 1m52s
 63100K .......... .......... .......... .......... .......... 46%  579K 1m52s
 63150K .......... .......... .......... .......... .......... 46%  573K 1m52s
 63200K .......... .......... .......... .......... .......... 46%  495K 1m52s
 63250K .......... .......... .......... .......... .......... 46%  571K 1m52s
 63300K .......... .......... .......... .......... .......... 46%  489K 1m52s
 63350K .......... .......... .......... .......... .......... 46%  567K 1m52s
 63400K .......... .......... .......... .......... .......... 46%  567K 1m52s
 63450K .......... .......... .......... .......... .......... 46%  482K 1m52s
 63500K .......... .......... .......... .......... .......... 46%  560K 1m52s
 63550K .......... .......... .......... .......... .......... 46%  480K 1m52s
 63600K .......... .......... .......... .......... .......... 46%  550K 1m51s
 63650K .......... .......... .......... .......... .......... 46%  554K 1m51s
 63700K .......... .......... .......... .......... .......... 47%  477K 1m51s
 63750K .......... .......... .......... .......... .......... 47%  551K 1m51s
 63800K .......... .......... .......... .......... .......... 47%  466K 1m51s
 63850K .......... .......... .......... .......... .......... 47%  549K 1m51s
 63900K .......... .......... .......... .......... .......... 47%  546K 1m51s
 63950K .......... .......... .......... .......... .......... 47%  464K 1m51s
 64000K .......... .......... .......... .......... .......... 47%  540K 1m51s
 64050K .......... .......... .......... .......... .......... 47%  463K 1m51s
 64100K .......... .......... .......... .......... .......... 47%  535K 1m51s
 64150K .......... .......... .......... .......... .......... 47%  534K 1m51s
 64200K .......... .......... .......... .......... .......... 47%  457K 1m51s
 64250K .......... .......... .......... .......... .......... 47%  527K 1m51s
 64300K .......... .......... .......... .......... .......... 47%  452K 1m51s
 64350K .......... .......... .......... .......... .......... 47%  528K 1m51s
 64400K .......... .......... .......... .......... .......... 47%  523K 1m51s
 64450K .......... .......... .......... .......... .......... 47%  449K 1m51s
 64500K .......... .......... .......... .......... .......... 47%  520K 1m51s
 64550K .......... .......... .......... .......... .......... 47%  445K 1m50s
 64600K .......... .......... .......... .......... .......... 47%  516K 1m50s
 64650K .......... .......... .......... .......... .......... 47%  515K 1m50s
 64700K .......... .......... .......... .......... .......... 47%  440K 1m50s
 64750K .......... .......... .......... .......... .......... 47%  509K 1m50s
 64800K .......... .......... .......... .......... .......... 47%  438K 1m50s
 64850K .......... .......... .......... .......... .......... 47%  508K 1m50s
 64900K .......... .......... .......... .......... .......... 47%  507K 1m50s
 64950K .......... .......... .......... .......... .......... 47%  429K 1m50s
 65000K .......... .......... .......... .......... .......... 47%  505K 1m50s
 65050K .......... .......... .......... .......... .......... 48%  422K 1m50s
 65100K .......... .......... .......... .......... .......... 48%  485K 1m50s
 65150K .......... .......... .......... .......... .......... 48%  498K 1m50s
 65200K .......... .......... .......... .......... .......... 48%  425K 1m50s
 65250K .......... .......... .......... .......... .......... 48%  495K 1m50s
 65300K .......... .......... .......... .......... .......... 48%  422K 1m50s
 65350K .......... .......... .......... .......... .......... 48%  491K 1m50s
 65400K .......... .......... .......... .......... .......... 48%  490K 1m50s
 65450K .......... .......... .......... .......... .......... 48%  415K 1m50s
 65500K .......... .......... .......... .......... .......... 48%  490K 1m50s
 65550K .......... .......... .......... .......... .......... 48%  415K 1m50s
 65600K .......... .......... .......... .......... .......... 48%  482K 1m49s
 65650K .......... .......... .......... .......... .......... 48%  482K 1m49s
 65700K .......... .......... .......... .......... .......... 48%  411K 1m49s
 65750K .......... .......... .......... .......... .......... 48%  470K 1m49s
 65800K .......... .......... .......... .......... .......... 48%  408K 1m49s
 65850K .......... .......... .......... .......... .......... 48%  475K 1m49s
 65900K .......... .......... .......... .......... .......... 48%  473K 1m49s
 65950K .......... .......... .......... .......... .......... 48%  404K 1m49s
 66000K .......... .......... .......... .......... .......... 48%  470K 1m49s
 66050K .......... .......... .......... .......... .......... 48%  402K 1m49s
 66100K .......... .......... .......... .......... .......... 48%  466K 1m49s
 66150K .......... .......... .......... .......... .......... 48%  464K 1m49s
 66200K .......... .......... .......... .......... .......... 48%  399K 1m49s
 66250K .......... .......... .......... .......... .......... 48%  463K 1m49s
 66300K .......... .......... .......... .......... .......... 48%  394K 1m49s
 66350K .......... .......... .......... .......... .......... 48%  454K 1m49s
 66400K .......... .......... .......... .......... .......... 49%  459K 1m49s
 66450K .......... .......... .......... .......... .......... 49%  390K 1m49s
 66500K .......... .......... .......... .......... .......... 49%  457K 1m49s
 66550K .......... .......... .......... .......... .......... 49%  390K 1m49s
 66600K .......... .......... .......... .......... .......... 49%  452K 1m49s
 66650K .......... .......... .......... .......... .......... 49%  452K 1m49s
 66700K .......... .......... .......... .......... .......... 49%  386K 1m49s
 66750K .......... .......... .......... .......... .......... 49%  448K 1m49s
 66800K .......... .......... .......... .......... .......... 49%  383K 1m49s
 66850K .......... .......... .......... .......... .......... 49%  446K 1m48s
 66900K .......... .......... .......... .......... .......... 49%  445K 1m48s
 66950K .......... .......... .......... .......... .......... 49%  380K 1m48s
 67000K .......... .......... .......... .......... .......... 49%  437K 1m48s
 67050K .......... .......... .......... .......... .......... 49%  379K 1m48s
 67100K .......... .......... .......... .......... .......... 49%  439K 1m48s
 67150K .......... .......... .......... .......... .......... 49%  436K 1m48s
 67200K .......... .......... .......... .......... .......... 49%  374K 1m48s
 67250K .......... .......... .......... .......... .......... 49%  434K 1m48s
 67300K .......... .......... .......... .......... .......... 49%  371K 1m48s
 67350K .......... .......... .......... .......... .......... 49%  432K 1m48s
 67400K .......... .......... .......... .......... .......... 49%  698K 1m48s
 67450K .......... .......... .......... .......... .......... 49%  980K 1m48s
 67500K .......... .......... .......... .......... .......... 49% 1.11M 1m48s
 67550K .......... .......... .......... .......... .......... 49% 1002K 1m48s
 67600K .......... .......... .......... .......... .......... 49% 1.13M 1m48s
 67650K .......... .......... .......... .......... .......... 49% 1.13M 1m47s
 67700K .......... .......... .......... .......... .......... 49%  986K 1m47s
 67750K .......... .......... .......... .......... .......... 50% 1.11M 1m47s
 67800K .......... .......... .......... .......... .......... 50%  963K 1m47s
 67850K .......... .......... .......... .......... .......... 50% 1.10M 1m47s
 67900K .......... .......... .......... .......... .......... 50% 1.09M 1m47s
 67950K .......... .......... .......... .......... .......... 50%  937K 1m47s
 68000K .......... .......... .......... .......... .......... 50% 1.06M 1m47s
 68050K .......... .......... .......... .......... .......... 50%  939K 1m47s
 68100K .......... .......... .......... .......... .......... 50% 1.05M 1m46s
 68150K .......... .......... .......... .......... .......... 50% 1.04M 1m46s
 68200K .......... .......... .......... .......... .......... 50%  911K 1m46s
 68250K .......... .......... .......... .......... .......... 50% 1.03M 1m46s
 68300K .......... .......... .......... .......... .......... 50%  894K 1m46s
 68350K .......... .......... .......... .......... .......... 50% 1.02M 1m46s
 68400K .......... .......... .......... .......... .......... 50% 1.01M 1m46s
 68450K .......... .......... .......... .......... .......... 50%  877K 1m46s
 68500K .......... .......... .......... .......... .......... 50% 1018K 1m46s
 68550K .......... .......... .......... .......... .......... 50%  865K 1m46s
 68600K .......... .......... .......... .......... .......... 50% 1001K 1m45s
 68650K .......... .......... .......... .......... .......... 50%  989K 1m45s
 68700K .......... .......... .......... .......... .......... 50%  854K 1m45s
 68750K .......... .......... .......... .......... .......... 50%  984K 1m45s
 68800K .......... .......... .......... .......... .......... 50%  833K 1m45s
 68850K .......... .......... .......... .......... .......... 50%  969K 1m45s
 68900K .......... .......... .......... .......... .......... 50%  959K 1m45s
 68950K .......... .......... .......... .......... .......... 50%  821K 1m45s
 69000K .......... .......... .......... .......... .......... 50%  950K 1m45s
 69050K .......... .......... .......... .......... .......... 50%  805K 1m45s
 69100K .......... .......... .......... .......... .......... 51%  930K 1m44s
 69150K .......... .......... .......... .......... .......... 51%  939K 1m44s
 69200K .......... .......... .......... .......... .......... 51%  799K 1m44s
 69250K .......... .......... .......... .......... .......... 51%  921K 1m44s
 69300K .......... .......... .......... .......... .......... 51%  770K 1m44s
 69350K .......... .......... .......... .......... .......... 51%  913K 1m44s
 69400K .......... .......... .......... .......... .......... 51%  908K 1m44s
 69450K .......... .......... .......... .......... .......... 51%  768K 1m44s
 69500K .......... .......... .......... .......... .......... 51%  891K 1m44s
 69550K .......... .......... .......... .......... .......... 51%  764K 1m44s
 69600K .......... .......... .......... .......... .......... 51%  879K 1m43s
 69650K .......... .......... .......... .......... .......... 51%  873K 1m43s
 69700K .......... .......... .......... .......... .......... 51%  747K 1m43s
 69750K .......... .......... .......... .......... .......... 51%  864K 1m43s
 69800K .......... .......... .......... .......... .......... 51%  735K 1m43s
 69850K .......... .......... .......... .......... .......... 51%  846K 1m43s
 69900K .......... .......... .......... .......... .......... 51%  850K 1m43s
 69950K .......... .......... .......... .......... .......... 51%  723K 1m43s
 70000K .......... .......... .......... .......... .......... 51%  840K 1m43s
 70050K .......... .......... .......... .......... .......... 51%  718K 1m43s
 70100K .......... .......... .......... .......... .......... 51%  828K 1m43s
 70150K .......... .......... .......... .......... .......... 51%  824K 1m42s
 70200K .......... .......... .......... .......... .......... 51%  706K 1m42s
 70250K .......... .......... .......... .......... .......... 51%  814K 1m42s
 70300K .......... .......... .......... .......... .......... 51%  694K 1m42s
 70350K .......... .......... .......... .......... .......... 51%  807K 1m42s
 70400K .......... .......... .......... .......... .......... 51%  805K 1m42s
 70450K .......... .......... .......... .......... .......... 52%  684K 1m42s
 70500K .......... .......... .......... .......... .......... 52%  791K 1m42s
 70550K .......... .......... .......... .......... .......... 52%  677K 1m42s
 70600K .......... .......... .......... .......... .......... 52%  783K 1m42s
 70650K .......... .......... .......... .......... .......... 52%  779K 1m42s
 70700K .......... .......... .......... .......... .......... 52%  667K 1m41s
 70750K .......... .......... .......... .......... .......... 52%  774K 1m41s
 70800K .......... .......... .......... .......... .......... 52%  656K 1m41s
 70850K .......... .......... .......... .......... .......... 52%  766K 1m41s
 70900K .......... .......... .......... .......... .......... 52%  761K 1m41s
 70950K .......... .......... .......... .......... .......... 52%  648K 1m41s
 71000K .......... .......... .......... .......... .......... 52%  752K 1m41s
 71050K .......... .......... .......... .......... .......... 52%  644K 1m41s
 71100K .......... .......... .......... .......... .......... 52%  743K 1m41s
 71150K .......... .......... .......... .......... .......... 52%  739K 1m41s
 71200K .......... .......... .......... .......... .......... 52%  633K 1m41s
 71250K .......... .......... .......... .......... .......... 52%  733K 1m41s
 71300K .......... .......... .......... .......... .......... 52%  624K 1m40s
 71350K .......... .......... .......... .......... .......... 52%  727K 1m40s
 71400K .......... .......... .......... .......... .......... 52%  723K 1m40s
 71450K .......... .......... .......... .......... .......... 52%  615K 1m40s
 71500K .......... .......... .......... .......... .......... 52%  713K 1m40s
 71550K .......... .......... .......... .......... .......... 52%  609K 1m40s
 71600K .......... .......... .......... .......... .......... 52%  709K 1m40s
 71650K .......... .......... .......... .......... .......... 52%  700K 1m40s
 71700K .......... .......... .......... .......... .......... 52%  605K 1m40s
 71750K .......... .......... .......... .......... .......... 52%  694K 1m40s
 71800K .......... .......... .......... .......... .......... 53%  595K 1m40s
 71850K .......... .......... .......... .......... .......... 53%  693K 1m40s
 71900K .......... .......... .......... .......... .......... 53%  691K 99s
 71950K .......... .......... .......... .......... .......... 53%  586K 99s
 72000K .......... .......... .......... .......... .......... 53%  679K 99s
 72050K .......... .......... .......... .......... .......... 53%  582K 99s
 72100K .......... .......... .......... .......... .......... 53%  671K 99s
 72150K .......... .......... .......... .......... .......... 53%  675K 99s
 72200K .......... .......... .......... .......... .......... 53%  569K 99s
 72250K .......... .......... .......... .......... .......... 53%  669K 99s
 72300K .......... .......... .......... .......... .......... 53%  570K 99s
 72350K .......... .......... .......... .......... .......... 53%  659K 99s
 72400K .......... .......... .......... .......... .......... 53%  660K 99s
 72450K .......... .......... .......... .......... .......... 53%  559K 99s
 72500K .......... .......... .......... .......... .......... 53%  650K 99s
 72550K .......... .......... .......... .......... .......... 53%  556K 98s
 72600K .......... .......... .......... .......... .......... 53%  639K 98s
 72650K .......... .......... .......... .......... .......... 53%  647K 98s
 72700K .......... .......... .......... .......... .......... 53%  549K 98s
 72750K .......... .......... .......... .......... .......... 53%  637K 98s
 72800K .......... .......... .......... .......... .......... 53%  542K 98s
 72850K .......... .......... .......... .......... .......... 53%  630K 98s
 72900K .......... .......... .......... .......... .......... 53%  629K 98s
 72950K .......... .......... .......... .......... .......... 53%  534K 98s
 73000K .......... .......... .......... .......... .......... 53%  625K 98s
 73050K .......... .......... .......... .......... .......... 53%  532K 98s
 73100K .......... .......... .......... .......... .......... 53%  612K 98s
 73150K .......... .......... .......... .......... .......... 54%  620K 98s
 73200K .......... .......... .......... .......... .......... 54%  523K 98s
 73250K .......... .......... .......... .......... .......... 54%  613K 97s
 73300K .......... .......... .......... .......... .......... 54%  519K 97s
 73350K .......... .......... .......... .......... .......... 54%  603K 97s
 73400K .......... .......... .......... .......... .......... 54%  600K 97s
 73450K .......... .......... .......... .......... .......... 54%  512K 97s
 73500K .......... .......... .......... .......... .......... 54%  596K 97s
 73550K .......... .......... .......... .......... .......... 54%  514K 97s
 73600K .......... .......... .......... .......... .......... 54%  593K 97s
 73650K .......... .......... .......... .......... .......... 54%  586K 97s
 73700K .......... .......... .......... .......... .......... 54%  506K 97s
 73750K .......... .......... .......... .......... .......... 54%  585K 97s
 73800K .......... .......... .......... .......... .......... 54%  500K 97s
 73850K .......... .......... .......... .......... .......... 54%  580K 97s
 73900K .......... .......... .......... .......... .......... 54%  578K 97s
 73950K .......... .......... .......... .......... .......... 54%  489K 96s
 74000K .......... .......... .......... .......... .......... 54%  575K 96s
 74050K .......... .......... .......... .......... .......... 54%  491K 96s
 74100K .......... .......... .......... .......... .......... 54%  568K 96s
 74150K .......... .......... .......... .......... .......... 54%  564K 96s
 74200K .......... .......... .......... .......... .......... 54%  483K 96s
 74250K .......... .......... .......... .......... .......... 54%  563K 96s
 74300K .......... .......... .......... .......... .......... 54%  480K 96s
 74350K .......... .......... .......... .......... .......... 54%  558K 96s
 74400K .......... .......... .......... .......... .......... 54%  556K 96s
 74450K .......... .......... .......... .......... .......... 54%  475K 96s
 74500K .......... .......... .......... .......... .......... 55%  551K 96s
 74550K .......... .......... .......... .......... .......... 55%  471K 96s
 74600K .......... .......... .......... .......... .......... 55%  545K 96s
 74650K .......... .......... .......... .......... .......... 55%  549K 96s
 74700K .......... .......... .......... .......... .......... 55%  466K 96s
 74750K .......... .......... .......... .......... .......... 55%  542K 95s
 74800K .......... .......... .......... .......... .......... 55%  456K 95s
 74850K .......... .......... .......... .......... .......... 55%  543K 95s
 74900K .......... .......... .......... .......... .......... 55%  533K 95s
 74950K .......... .......... .......... .......... .......... 55%  457K 95s
 75000K .......... .......... .......... .......... .......... 55%  530K 95s
 75050K .......... .......... .......... .......... .......... 55%  455K 95s
 75100K .......... .......... .......... .......... .......... 55%  528K 95s
 75150K .......... .......... .......... .......... .......... 55%  525K 95s
 75200K .......... .......... .......... .......... .......... 55%  450K 95s
 75250K .......... .......... .......... .......... .......... 55%  519K 95s
 75300K .......... .......... .......... .......... .......... 55%  444K 95s
 75350K .......... .......... .......... .......... .......... 55%  521K 95s
 75400K .......... .......... .......... .......... .......... 55%  515K 95s
 75450K .......... .......... .......... .......... .......... 55%  442K 95s
 75500K .......... .......... .......... .......... .......... 55%  513K 95s
 75550K .......... .......... .......... .......... .......... 55%  438K 95s
 75600K .......... .......... .......... .......... .......... 55%  508K 94s
 75650K .......... .......... .......... .......... .......... 55%  506K 94s
 75700K .......... .......... .......... .......... .......... 55%  432K 94s
 75750K .......... .......... .......... .......... .......... 55%  507K 94s
 75800K .......... .......... .......... .......... .......... 55%  429K 94s
 75850K .......... .......... .......... .......... .......... 55%  501K 94s
 75900K .......... .......... .......... .......... .......... 56%  499K 94s
 75950K .......... .......... .......... .......... .......... 56%  424K 94s
 76000K .......... .......... .......... .......... .......... 56%  498K 94s
 76050K .......... .......... .......... .......... .......... 56%  423K 94s
 76100K .......... .......... .......... .......... .......... 56%  491K 94s
 76150K .......... .......... .......... .......... .......... 56%  490K 94s
 76200K .......... .......... .......... .......... .......... 56%  419K 94s
 76250K .......... .......... .......... .......... .......... 56%  485K 94s
 76300K .......... .......... .......... .......... .......... 56%  415K 94s
 76350K .......... .......... .......... .......... .......... 56%  484K 94s
 76400K .......... .......... .......... .......... .......... 56%  484K 94s
 76450K .......... .......... .......... .......... .......... 56%  411K 93s
 76500K .......... .......... .......... .......... .......... 56%  479K 93s
 76550K .......... .......... .......... .......... .......... 56%  408K 93s
 76600K .......... .......... .......... .......... .......... 56%  476K 93s
 76650K .......... .......... .......... .......... .......... 56%  475K 93s
 76700K .......... .......... .......... .......... .......... 56%  405K 93s
 76750K .......... .......... .......... .......... .......... 56%  472K 93s
 76800K .......... .......... .......... .......... .......... 56%  402K 93s
 76850K .......... .......... .......... .......... .......... 56%  467K 93s
 76900K .......... .......... .......... .......... .......... 56%  468K 93s
 76950K .......... .......... .......... .......... .......... 56%  399K 93s
 77000K .......... .......... .......... .......... .......... 56%  463K 93s
 77050K .......... .......... .......... .......... .......... 56%  397K 93s
 77100K .......... .......... .......... .......... .......... 56%  457K 93s
 77150K .......... .......... .......... .......... .......... 56%  459K 93s
 77200K .......... .......... .......... .......... .......... 56%  396K 93s
 77250K .......... .......... .......... .......... .......... 57%  457K 93s
 77300K .......... .......... .......... .......... .......... 57%  389K 93s
 77350K .......... .......... .......... .......... .......... 57%  454K 93s
 77400K .......... .......... .......... .......... .......... 57%  452K 92s
 77450K .......... .......... .......... .......... .......... 57%  385K 92s
 77500K .......... .......... .......... .......... .......... 57%  452K 92s
 77550K .......... .......... .......... .......... .......... 57%  384K 92s
 77600K .......... .......... .......... .......... .......... 57%  444K 92s
 77650K .......... .......... .......... .......... .......... 57%  446K 92s
 77700K .......... .......... .......... .......... .......... 57%  380K 92s
 77750K .......... .......... .......... .......... .......... 57%  443K 92s
 77800K .......... .......... .......... .......... .......... 57%  376K 92s
 77850K .......... .......... .......... .......... .......... 57%  441K 92s
 77900K .......... .......... .......... .......... .......... 57%  440K 92s
 77950K .......... .......... .......... .......... .......... 57%  375K 92s
 78000K .......... .......... .......... .......... .......... 57%  437K 92s
 78050K .......... .......... .......... .......... .......... 57%  372K 92s
 78100K .......... .......... .......... .......... .......... 57%  433K 92s
 78150K .......... .......... .......... .......... .......... 57%  453K 92s
 78200K .......... .......... .......... .......... .......... 57% 1.61M 92s
 78250K .......... .......... .......... .......... .......... 57% 3.23M 91s
 78300K .......... .......... .......... .......... .......... 57% 2.69M 91s
 78350K .......... .......... .......... .......... .......... 57% 3.16M 91s
 78400K .......... .......... .......... .......... .......... 57% 3.14M 91s
 78450K .......... .......... .......... .......... .......... 57% 2.55M 91s
 78500K .......... .......... .......... .......... .......... 57% 2.78M 91s
 78550K .......... .......... .......... .......... .......... 57% 2.52M 91s
 78600K .......... .......... .......... .......... .......... 58% 2.67M 91s
 78650K .......... .......... .......... .......... .......... 58% 2.69M 90s
 78700K .......... .......... .......... .......... .......... 58% 2.19M 90s
 78750K .......... .......... .......... .......... .......... 58% 2.75M 90s
 78800K .......... .......... .......... .......... .......... 58% 2.30M 90s
 78850K .......... .......... .......... .......... .......... 58% 2.69M 90s
 78900K .......... .......... .......... .......... .......... 58% 2.65M 90s
 78950K .......... .......... .......... .......... .......... 58% 2.20M 90s
 79000K .......... .......... .......... .......... .......... 58% 2.54M 90s
 79050K .......... .......... .......... .......... .......... 58% 2.13M 90s
 79100K .......... .......... .......... .......... .......... 58% 2.44M 89s
 79150K .......... .......... .......... .......... .......... 58% 2.40M 89s
 79200K .......... .......... .......... .......... .......... 58% 2.02M 89s
 79250K .......... .......... .......... .......... .......... 58% 2.34M 89s
 79300K .......... .......... .......... .......... .......... 58% 1.94M 89s
 79350K .......... .......... .......... .......... .......... 58% 2.27M 89s
 79400K .......... .......... .......... .......... .......... 58% 2.22M 89s
 79450K .......... .......... .......... .......... .......... 58% 1.86M 89s
 79500K .......... .......... .......... .......... .......... 58% 2.15M 88s
 79550K .......... .......... .......... .......... .......... 58% 1.82M 88s
 79600K .......... .......... .......... .......... .......... 58% 2.08M 88s
 79650K .......... .......... .......... .......... .......... 58% 2.04M 88s
 79700K .......... .......... .......... .......... .......... 58% 1.76M 88s
 79750K .......... .......... .......... .......... .......... 58% 2.00M 88s
 79800K .......... .......... .......... .......... .......... 58% 1.68M 88s
 79850K .......... .......... .......... .......... .......... 58% 1.93M 88s
 79900K .......... .......... .......... .......... .......... 58% 1.94M 88s
 79950K .......... .......... .......... .......... .......... 59% 1.61M 87s
 80000K .......... .......... .......... .......... .......... 59% 1.87M 87s
 80050K .......... .......... .......... .......... .......... 59% 1.57M 87s
 80100K .......... .......... .......... .......... .......... 59% 1.82M 87s
 80150K .......... .......... .......... .......... .......... 59% 1.78M 87s
 80200K .......... .......... .......... .......... .......... 59% 1.52M 87s
 80250K .......... .......... .......... .......... .......... 59% 1.76M 87s
 80300K .......... .......... .......... .......... .......... 59% 1.47M 87s
 80350K .......... .......... .......... .......... .......... 59% 1.70M 87s
 80400K .......... .......... .......... .......... .......... 59% 1.70M 86s
 80450K .......... .......... .......... .......... .......... 59% 1.42M 86s
 80500K .......... .......... .......... .......... .......... 59% 1.62M 86s
 80550K .......... .......... .......... .......... .......... 59% 1.41M 86s
 80600K .......... .......... .......... .......... .......... 59% 1.61M 86s
 80650K .......... .......... .......... .......... .......... 59% 1.59M 86s
 80700K .......... .......... .......... .......... .......... 59% 1.35M 86s
 80750K .......... .......... .......... .......... .......... 59% 1.54M 86s
 80800K .......... .......... .......... .......... .......... 59% 1.32M 86s
 80850K .......... .......... .......... .......... .......... 59% 1.51M 85s
 80900K .......... .......... .......... .......... .......... 59% 1.52M 85s
 80950K .......... .......... .......... .......... .......... 59% 1.27M 85s
 81000K .......... .......... .......... .......... .......... 59% 1.48M 85s
 81050K .......... .......... .......... .......... .......... 59% 1.26M 85s
 81100K .......... .......... .......... .......... .......... 59% 1.44M 85s
 81150K .......... .......... .......... .......... .......... 59% 1.43M 85s
 81200K .......... .......... .......... .......... .......... 59% 1.21M 85s
 81250K .......... .......... .......... .......... .......... 59% 1.41M 85s
 81300K .......... .......... .......... .......... .......... 60% 1.19M 84s
 81350K .......... .......... .......... .......... .......... 60% 1.37M 84s
 81400K .......... .......... .......... .......... .......... 60% 1.36M 84s
 81450K .......... .......... .......... .......... .......... 60% 1.15M 84s
 81500K .......... .......... .......... .......... .......... 60% 1.33M 84s
 81550K .......... .......... .......... .......... .......... 60% 1.14M 84s
 81600K .......... .......... .......... .......... .......... 60% 1.31M 84s
 81650K .......... .......... .......... .......... .......... 60% 1.29M 84s
 81700K .......... .......... .......... .......... .......... 60% 1.12M 84s
 81750K .......... .......... .......... .......... .......... 60% 1.27M 84s
 81800K .......... .......... .......... .......... .......... 60% 1.07M 83s
 81850K .......... .......... .......... .......... .......... 60% 1.26M 83s
 81900K .......... .......... .......... .......... .......... 60% 1.24M 83s
 81950K .......... .......... .......... .......... .......... 60% 1.05M 83s
 82000K .......... .......... .......... .......... .......... 60% 1.23M 83s
 82050K .......... .......... .......... .......... .......... 60% 1.04M 83s
 82100K .......... .......... .......... .......... .......... 60% 1.19M 83s
 82150K .......... .......... .......... .......... .......... 60% 1.15M 83s
 82200K .......... .......... .......... .......... .......... 60% 1.01M 83s
 82250K .......... .......... .......... .......... .......... 60% 1.17M 83s
 82300K .......... .......... .......... .......... .......... 60% 1019K 82s
 82350K .......... .......... .......... .......... .......... 60% 1.15M 82s
 82400K .......... .......... .......... .......... .......... 60% 1.13M 82s
 82450K .......... .......... .......... .......... .......... 60% 1000K 82s
 82500K .......... .......... .......... .......... .......... 60% 1.13M 82s
 82550K .......... .......... .......... .......... .......... 60%  976K 82s
 82600K .......... .......... .......... .......... .......... 60% 1.10M 82s
 82650K .......... .......... .......... .......... .......... 61% 1.10M 82s
 82700K .......... .......... .......... .......... .......... 61%  958K 82s
 82750K .......... .......... .......... .......... .......... 61% 1.08M 82s
 82800K .......... .......... .......... .......... .......... 61%  942K 81s
 82850K .......... .......... .......... .......... .......... 61% 1.07M 81s
 82900K .......... .......... .......... .......... .......... 61% 1.05M 81s
 82950K .......... .......... .......... .......... .......... 61%  916K 81s
 83000K .......... .......... .......... .......... .......... 61% 1.04M 81s
 83050K .......... .......... .......... .......... .......... 61%  911K 81s
 83100K .......... .......... .......... .......... .......... 61% 1.02M 81s
 83150K .......... .......... .......... .......... .......... 61% 1.02M 81s
 83200K .......... .......... .......... .......... .......... 61%  889K 81s
 83250K .......... .......... .......... .......... .......... 61% 1023K 81s
 83300K .......... .......... .......... .......... .......... 61%  875K 81s
 83350K .......... .......... .......... .......... .......... 61% 1015K 80s
 83400K .......... .......... .......... .......... .......... 61% 1003K 80s
 83450K .......... .......... .......... .......... .......... 61%  856K 80s
 83500K .......... .......... .......... .......... .......... 61%  985K 80s
 83550K .......... .......... .......... .......... .......... 61%  850K 80s
 83600K .......... .......... .......... .......... .......... 61%  973K 80s
 83650K .......... .......... .......... .......... .......... 61%  977K 80s
 83700K .......... .......... .......... .......... .......... 61%  830K 80s
 83750K .......... .......... .......... .......... .......... 61%  957K 80s
 83800K .......... .......... .......... .......... .......... 61%  818K 80s
 83850K .......... .......... .......... .......... .......... 61%  947K 80s
 83900K .......... .......... .......... .......... .......... 61%  943K 79s
 83950K .......... .......... .......... .......... .......... 61%  799K 79s
 84000K .......... .......... .......... .......... .......... 62%  935K 79s
 84050K .......... .......... .......... .......... .......... 62%  793K 79s
 84100K .......... .......... .......... .......... .......... 62%  916K 79s
 84150K .......... .......... .......... .......... .......... 62%  910K 79s
 84200K .......... .......... .......... .......... .......... 62%  778K 79s
 84250K .......... .......... .......... .......... .......... 62%  897K 79s
 84300K .......... .......... .......... .......... .......... 62%  763K 79s
 84350K .......... .......... .......... .......... .......... 62%  886K 79s
 84400K .......... .......... .......... .......... .......... 62%  886K 79s
 84450K .......... .......... .......... .......... .......... 62%  751K 78s
 84500K .......... .......... .......... .......... .......... 62%  874K 78s
 84550K .......... .......... .......... .......... .......... 62%  745K 78s
 84600K .......... .......... .......... .......... .......... 62%  858K 78s
 84650K .......... .......... .......... .......... .......... 62%  706K 78s
 84700K .......... .......... .......... .......... .......... 62%  650K 78s
 84750K .......... .......... .......... .......... .......... 62%  848K 78s
 84800K .......... .......... .......... .......... .......... 62%  720K 78s
 84850K .......... .......... .......... .......... .......... 62%  839K 78s
 84900K .......... .......... .......... .......... .......... 62%  833K 78s
 84950K .......... .......... .......... .......... .......... 62%  709K 78s
 85000K .......... .......... .......... .......... .......... 62%  823K 78s
 85050K .......... .......... .......... .......... .......... 62%  703K 77s
 85100K .......... .......... .......... .......... .......... 62%  809K 77s
 85150K .......... .......... .......... .......... .......... 62%  807K 77s
 85200K .......... .......... .......... .......... .......... 62%  691K 77s
 85250K .......... .......... .......... .......... .......... 62%  805K 77s
 85300K .......... .......... .......... .......... .......... 62%  682K 77s
 85350K .......... .......... .......... .......... .......... 63%  790K 77s
 85400K .......... .......... .......... .......... .......... 63%  788K 77s
 85450K .......... .......... .......... .......... .......... 63%  669K 77s
 85500K .......... .......... .......... .......... .......... 63%  781K 77s
 85550K .......... .......... .......... .......... .......... 63%  663K 77s
 85600K .......... .......... .......... .......... .......... 63%  772K 77s
 85650K .......... .......... .......... .......... .......... 63%  767K 76s
 85700K .......... .......... .......... .......... .......... 63%  650K 76s
 85750K .......... .......... .......... .......... .......... 63%  763K 76s
 85800K .......... .......... .......... .......... .......... 63%  644K 76s
 85850K .......... .......... .......... .......... .......... 63%  754K 76s
 85900K .......... .......... .......... .......... .......... 63%  748K 76s
 85950K .......... .......... .......... .......... .......... 63%  637K 76s
 86000K .......... .......... .......... .......... .......... 63%  739K 76s
 86050K .......... .......... .......... .......... .......... 63%  629K 76s
 86100K .......... .......... .......... .......... .......... 63%  673K 76s
 86150K .......... .......... .......... .......... .......... 63% 4.33M 76s
 86200K .......... .......... .......... .......... .......... 63% 3.66M 76s
 86250K .......... .......... .......... .......... .......... 63% 4.09M 75s
 86300K .......... .......... .......... .......... .......... 63% 3.81M 75s
 86350K .......... .......... .......... .......... .......... 63% 4.44M 75s
 86400K .......... .......... .......... .......... .......... 63% 4.35M 75s
 86450K .......... .......... .......... .......... .......... 63% 3.83M 75s
 86500K .......... .......... .......... .......... .......... 63% 4.40M 75s
 86550K .......... .......... .......... .......... .......... 63% 3.98M 75s
 86600K .......... .......... .......... .......... .......... 63% 4.26M 75s
 86650K .......... .......... .......... .......... .......... 63% 4.71M 75s
 86700K .......... .......... .......... .......... .......... 64% 4.58M 74s
 86750K .......... .......... .......... .......... .......... 64% 4.35M 74s
 86800K .......... .......... .......... .......... .......... 64% 4.12M 74s
 86850K .......... .......... .......... .......... .......... 64% 5.34M 74s
 86900K .......... .......... .......... .......... .......... 64% 4.81M 74s
 86950K .......... .......... .......... .......... .......... 64% 4.41M 74s
 87000K .......... .......... .......... .......... .......... 64% 4.99M 74s
 87050K .......... .......... .......... .......... .......... 64% 4.46M 74s
 87100K .......... .......... .......... .......... .......... 64% 4.74M 73s
 87150K .......... .......... .......... .......... .......... 64% 4.90M 73s
 87200K .......... .......... .......... .......... .......... 64% 4.15M 73s
 87250K .......... .......... .......... .......... .......... 64% 4.46M 73s
 87300K .......... .......... .......... .......... .......... 64% 3.83M 73s
 87350K .......... .......... .......... .......... .......... 64% 4.38M 73s
 87400K .......... .......... .......... .......... .......... 64% 4.17M 73s
 87450K .......... .......... .......... .......... .......... 64% 3.45M 73s
 87500K .......... .......... .......... .......... .......... 64% 4.03M 73s
 87550K .......... .......... .......... .......... .......... 64% 3.30M 72s
 87600K .......... .......... .......... .......... .......... 64% 3.71M 72s
 87650K .......... .......... .......... .......... .......... 64% 3.60M 72s
 87700K .......... .......... .......... .......... .......... 64% 3.01M 72s
 87750K .......... .......... .......... .......... .......... 64% 3.46M 72s
 87800K .......... .......... .......... .......... .......... 64% 2.93M 72s
 87850K .......... .......... .......... .......... .......... 64% 3.34M 72s
 87900K .......... .......... .......... .......... .......... 64% 3.22M 72s
 87950K .......... .......... .......... .......... .......... 64% 2.72M 72s
 88000K .......... .......... .......... .......... .......... 64% 3.11M 72s
 88050K .......... .......... .......... .......... .......... 64% 2.52M 71s
 88100K .......... .......... .......... .......... .......... 65% 2.93M 71s
 88150K .......... .......... .......... .......... .......... 65% 2.91M 71s
 88200K .......... .......... .......... .......... .......... 65% 2.48M 71s
 88250K .......... .......... .......... .......... .......... 65% 2.74M 71s
 88300K .......... .......... .......... .......... .......... 65% 2.35M 71s
 88350K .......... .......... .......... .......... .......... 65% 2.68M 71s
 88400K .......... .......... .......... .......... .......... 65% 2.64M 71s
 88450K .......... .......... .......... .......... .......... 65% 2.21M 71s
 88500K .......... .......... .......... .......... .......... 65% 2.54M 70s
 88550K .......... .......... .......... .......... .......... 65% 2.13M 70s
 88600K .......... .......... .......... .......... .......... 65% 65.6K 71s
 88650K .......... .......... .......... .......... .......... 65% 2.40M 71s
 88700K .......... .......... .......... .......... .......... 65% 2.05M 70s
 88750K .......... .......... .......... .......... .......... 65% 2.32M 70s
 88800K .......... .......... .......... .......... .......... 65% 1.97M 70s
 88850K .......... .......... .......... .......... .......... 65% 2.25M 70s
 88900K .......... .......... .......... .......... .......... 65% 2.24M 70s
 88950K .......... .......... .......... .......... .......... 65% 1.86M 70s
 89000K .......... .......... .......... .......... .......... 65% 2.17M 70s
 89050K .......... .......... .......... .......... .......... 65% 1.82M 70s
 89100K .......... .......... .......... .......... .......... 65% 2.08M 70s
 89150K .......... .......... .......... .......... .......... 65% 2.07M 70s
 89200K .......... .......... .......... .......... .......... 65% 1.74M 69s
 89250K .......... .......... .......... .......... .......... 65% 2.00M 69s
 89300K .......... .......... .......... .......... .......... 65% 1.69M 69s
 89350K .......... .......... .......... .......... .......... 65% 1.97M 69s
 89400K .......... .......... .......... .......... .......... 65% 1.88M 69s
 89450K .......... .......... .......... .......... .......... 66% 1.63M 69s
 89500K .......... .......... .......... .......... .......... 66% 1.88M 69s
 89550K .......... .......... .......... .......... .......... 66% 1.58M 69s
 89600K .......... .......... .......... .......... .......... 66% 1.82M 69s
 89650K .......... .......... .......... .......... .......... 66% 1.76M 69s
 89700K .......... .......... .......... .......... .......... 66% 1.53M 68s
 89750K .......... .......... .......... .......... .......... 66% 1.72M 68s
 89800K .......... .......... .......... .......... .......... 66% 1.49M 68s
 89850K .......... .......... .......... .......... .......... 66% 1.72M 68s
 89900K .......... .......... .......... .......... .......... 66% 1.66M 68s
 89950K .......... .......... .......... .......... .......... 66% 1.44M 68s
 90000K .......... .......... .......... .......... .......... 66% 1.66M 68s
 90050K .......... .......... .......... .......... .......... 66% 1.40M 68s
 90100K .......... .......... .......... .......... .......... 66% 1.61M 68s
 90150K .......... .......... .......... .......... .......... 66% 1.60M 68s
 90200K .......... .......... .......... .......... .......... 66% 1.36M 67s
 90250K .......... .......... .......... .......... .......... 66% 1.24M 67s
 90300K .......... .......... .......... .......... .......... 66%  612K 67s
 90350K .......... .......... .......... .......... .......... 66%  684K 67s
 90400K .......... .......... .......... .......... .......... 66%  853K 67s
 90450K .......... .......... .......... .......... .......... 66%  234K 67s
 90500K .......... .......... .......... .......... .......... 66% 1.40M 67s
 90550K .......... .......... .......... .......... .......... 66%  802K 67s
 90600K .......... .......... .......... .......... .......... 66%  992K 67s
 90650K .......... .......... .......... .......... .......... 66% 1.06M 67s
 90700K .......... .......... .......... .......... .......... 66%  904K 67s
 90750K .......... .......... .......... .......... .......... 66% 1.20M 67s
 90800K .......... .......... .......... .......... .......... 67%  996K 67s
 90850K .......... .......... .......... .......... .......... 67%  808K 66s
 90900K .......... .......... .......... .......... .......... 67% 1.02M 66s
 90950K .......... .......... .......... .......... .......... 67%  532K 66s
 91000K .......... .......... .......... .......... .......... 67% 1.13M 66s
 91050K .......... .......... .......... .......... .......... 67% 1.14M 66s
 91100K .......... .......... .......... .......... .......... 67% 1.28M 66s
 91150K .......... .......... .......... .......... .......... 67% 1.31M 66s
 91200K .......... .......... .......... .......... .......... 67% 1.11M 66s
 91250K .......... .......... .......... .......... .......... 67% 1.27M 66s
 91300K .......... .......... .......... .......... .......... 67% 1.07M 66s
 91350K .......... .......... .......... .......... .......... 67% 1.28M 66s
 91400K .......... .......... .......... .......... .......... 67% 1.24M 65s
 91450K .......... .......... .......... .......... .......... 67% 1.06M 65s
 91500K .......... .......... .......... .......... .......... 67% 1.23M 65s
 91550K .......... .......... .......... .......... .......... 67% 1.04M 65s
 91600K .......... .......... .......... .......... .......... 67% 1.19M 65s
 91650K .......... .......... .......... .......... .......... 67% 1.20M 65s
 91700K .......... .......... .......... .......... .......... 67% 1.01M 65s
 91750K .......... .......... .......... .......... .......... 67% 1.17M 65s
 91800K .......... .......... .......... .......... .......... 67% 1013K 65s
 91850K .......... .......... .......... .......... .......... 67% 1.16M 65s
 91900K .......... .......... .......... .......... .......... 67% 1.14M 65s
 91950K .......... .......... .......... .......... .......... 67%  997K 65s
 92000K .......... .......... .......... .......... .......... 67% 1.13M 64s
 92050K .......... .......... .......... .......... .......... 67%  981K 64s
 92100K .......... .......... .......... .......... .......... 67% 1.11M 64s
 92150K .......... .......... .......... .......... .......... 68% 1.10M 64s
 92200K .......... .......... .......... .......... .......... 68%  958K 64s
 92250K .......... .......... .......... .......... .......... 68% 1.07M 64s
 92300K .......... .......... .......... .......... .......... 68%  945K 64s
 92350K .......... .......... .......... .......... .......... 68% 1.07M 64s
 92400K .......... .......... .......... .......... .......... 68% 1.05M 64s
 92450K .......... .......... .......... .......... .......... 68%  925K 64s
 92500K .......... .......... .......... .......... .......... 68% 1.05M 64s
 92550K .......... .......... .......... .......... .......... 68%  908K 63s
 92600K .......... .......... .......... .......... .......... 68% 1.03M 63s
 92650K .......... .......... .......... .......... .......... 68% 1.01M 63s
 92700K .......... .......... .......... .......... .......... 68%  888K 63s
 92750K .......... .......... .......... .......... .......... 68% 1.00M 63s
 92800K .......... .......... .......... .......... .......... 68%  876K 63s
 92850K .......... .......... .......... .......... .......... 68% 1014K 63s
 92900K .......... .......... .......... .......... .......... 68% 1009K 63s
 92950K .......... .......... .......... .......... .......... 68%  855K 63s
 93000K .......... .......... .......... .......... .......... 68%  994K 63s
 93050K .......... .......... .......... .......... .......... 68%  848K 63s
 93100K .......... .......... .......... .......... .......... 68%  977K 63s
 93150K .......... .......... .......... .......... .......... 68%  975K 62s
 93200K .......... .......... .......... .......... .......... 68%  828K 62s
 93250K .......... .......... .......... .......... .......... 68%  956K 62s
 93300K .......... .......... .......... .......... .......... 68%  819K 62s
 93350K .......... .......... .......... .......... .......... 68%  948K 62s
 93400K .......... .......... .......... .......... .......... 68%  940K 62s
 93450K .......... .......... .......... .......... .......... 68%  804K 62s
 93500K .......... .......... .......... .......... .......... 69%  931K 62s
 93550K .......... .......... .......... .......... .......... 69%  787K 62s
 93600K .......... .......... .......... .......... .......... 69%  919K 62s
 93650K .......... .......... .......... .......... .......... 69%  917K 62s
 93700K .......... .......... .......... .......... .......... 69%  775K 62s
 93750K .......... .......... .......... .......... .......... 69%  899K 62s
 93800K .......... .......... .......... .......... .......... 69%  769K 61s
 93850K .......... .......... .......... .......... .......... 69%  877K 61s
 93900K .......... .......... .......... .......... .......... 69%  884K 61s
 93950K .......... .......... .......... .......... .......... 69%  752K 61s
 94000K .......... .......... .......... .......... .......... 69%  874K 61s
 94050K .......... .......... .......... .......... .......... 69%  737K 61s
 94100K .......... .......... .......... .......... .......... 69%  862K 61s
 94150K .......... .......... .......... .......... .......... 69%  859K 61s
 94200K .......... .......... .......... .......... .......... 69%  732K 61s
 94250K .......... .......... .......... .......... .......... 69%  842K 61s
 94300K .......... .......... .......... .......... .......... 69%  727K 61s
 94350K .......... .......... .......... .......... .......... 69%  820K 61s
 94400K .......... .......... .......... .......... .......... 69%  852K 60s
 94450K .......... .......... .......... .......... .......... 69%  704K 60s
 94500K .......... .......... .......... .......... .......... 69%  825K 60s
 94550K .......... .......... .......... .......... .......... 69%  702K 60s
 94600K .......... .......... .......... .......... .......... 69%  801K 60s
 94650K .......... .......... .......... .......... .......... 69%  823K 60s
 94700K .......... .......... .......... .......... .......... 69%  691K 60s
 94750K .......... .......... .......... .......... .......... 69%  792K 60s
 94800K .......... .......... .......... .......... .......... 69%  681K 60s
 94850K .......... .......... .......... .......... .......... 70%  805K 60s
 94900K .......... .......... .......... .......... .......... 70%  776K 60s
 94950K .......... .......... .......... .......... .......... 70%  679K 60s
 95000K .......... .......... .......... .......... .......... 70%  783K 60s
 95050K .......... .......... .......... .......... .......... 70%  665K 59s
 95100K .......... .......... .......... .......... .......... 70%  769K 59s
 95150K .......... .......... .......... .......... .......... 70%  758K 59s
 95200K .......... .......... .......... .......... .......... 70%  657K 59s
 95250K .......... .......... .......... .......... .......... 70%  754K 59s
 95300K .......... .......... .......... .......... .......... 70%  650K 59s
 95350K .......... .......... .......... .......... .......... 70%  749K 59s
 95400K .......... .......... .......... .......... .......... 70%  750K 59s
 95450K .......... .......... .......... .......... .......... 70%  637K 59s
 95500K .......... .......... .......... .......... .......... 70%  739K 59s
 95550K .......... .......... .......... .......... .......... 70%  633K 59s
 95600K .......... .......... .......... .......... .......... 70%  730K 59s
 95650K .......... .......... .......... .......... .......... 70%  730K 59s
 95700K .......... .......... .......... .......... .......... 70%  621K 59s
 95750K .......... .......... .......... .......... .......... 70%  719K 58s
 95800K .......... .......... .......... .......... .......... 70%  617K 58s
 95850K .......... .......... .......... .......... .......... 70%  715K 58s
 95900K .......... .......... .......... .......... .......... 70%  712K 58s
 95950K .......... .......... .......... .......... .......... 70%  603K 58s
 96000K .......... .......... .......... .......... .......... 70%  695K 58s
 96050K .......... .......... .......... .......... .......... 70%  609K 58s
 96100K .......... .......... .......... .......... .......... 70%  696K 58s
 96150K .......... .......... .......... .......... .......... 70%  684K 58s
 96200K .......... .......... .......... .......... .......... 71%  591K 58s
 96250K .......... .......... .......... .......... .......... 71%  687K 58s
 96300K .......... .......... .......... .......... .......... 71%  586K 58s
 96350K .......... .......... .......... .......... .......... 71%  682K 58s
 96400K .......... .......... .......... .......... .......... 71%  672K 58s
 96450K .......... .......... .......... .......... .......... 71%  579K 57s
 96500K .......... .......... .......... .......... .......... 71%  672K 57s
 96550K .......... .......... .......... .......... .......... 71%  572K 57s
 96600K .......... .......... .......... .......... .......... 71%  665K 57s
 96650K .......... .......... .......... .......... .......... 71%  662K 57s
 96700K .......... .......... .......... .......... .......... 71%  566K 57s
 96750K .......... .......... .......... .......... .......... 71%  655K 57s
 96800K .......... .......... .......... .......... .......... 71%  559K 57s
 96850K .......... .......... .......... .......... .......... 71%  650K 57s
 96900K .......... .......... .......... .......... .......... 71%  647K 57s
 96950K .......... .......... .......... .......... .......... 71%  551K 57s
 97000K .......... .......... .......... .......... .......... 71%  644K 57s
 97050K .......... .......... .......... .......... .......... 71%  547K 57s
 97100K .......... .......... .......... .......... .......... 71%  626K 57s
 97150K .......... .......... .......... .......... .......... 71%  636K 56s
 97200K .......... .......... .......... .......... .......... 71%  541K 56s
 97250K .......... .......... .......... .......... .......... 71%  626K 56s
 97300K .......... .......... .......... .......... .......... 71%  535K 56s
 97350K .......... .......... .......... .......... .......... 71%  621K 56s
 97400K .......... .......... .......... .......... .......... 71%  618K 56s
 97450K .......... .......... .......... .......... .......... 71%  532K 56s
 97500K .......... .......... .......... .......... .......... 71%  615K 56s
 97550K .......... .......... .......... .......... .......... 72%  524K 56s
 97600K .......... .......... .......... .......... .......... 72%  608K 56s
 97650K .......... .......... .......... .......... .......... 72%  607K 56s
 97700K .......... .......... .......... .......... .......... 72%  519K 56s
 97750K .......... .......... .......... .......... .......... 72%  599K 56s
 97800K .......... .......... .......... .......... .......... 72%  513K 56s
 97850K .......... .......... .......... .......... .......... 72%  598K 55s
 97900K .......... .......... .......... .......... .......... 72%  590K 55s
 97950K .......... .......... .......... .......... .......... 72%  505K 55s
 98000K .......... .......... .......... .......... .......... 72%  590K 55s
 98050K .......... .......... .......... .......... .......... 72%  504K 55s
 98100K .......... .......... .......... .......... .......... 72%  584K 55s
 98150K .......... .......... .......... .......... .......... 72%  582K 55s
 98200K .......... .......... .......... .......... .......... 72%  497K 55s
 98250K .......... .......... .......... .......... .......... 72%  579K 55s
 98300K .......... .......... .......... .......... .......... 72%  492K 55s
 98350K .......... .......... .......... .......... .......... 72%  575K 55s
 98400K .......... .......... .......... .......... .......... 72%  569K 55s
 98450K .......... .......... .......... .......... .......... 72%  488K 55s
 98500K .......... .......... .......... .......... .......... 72%  567K 55s
 98550K .......... .......... .......... .......... .......... 72%  480K 55s
 98600K .......... .......... .......... .......... .......... 72%  563K 54s
 98650K .......... .......... .......... .......... .......... 72%  559K 54s
 98700K .......... .......... .......... .......... .......... 72%  478K 54s
 98750K .......... .......... .......... .......... .......... 72%  551K 54s
 98800K .......... .......... .......... .......... .......... 72%  471K 54s
 98850K .......... .......... .......... .......... .......... 72%  552K 54s
 98900K .......... .......... .......... .......... .......... 73%  552K 54s
 98950K .......... .......... .......... .......... .......... 73%  470K 54s
 99000K .......... .......... .......... .......... .......... 73%  545K 54s
 99050K .......... .......... .......... .......... .......... 73%  464K 54s
 99100K .......... .......... .......... .......... .......... 73%  540K 54s
 99150K .......... .......... .......... .......... .......... 73%  540K 54s
 99200K .......... .......... .......... .......... .......... 73%  461K 54s
 99250K .......... .......... .......... .......... .......... 73%  534K 54s
 99300K .......... .......... .......... .......... .......... 73%  457K 54s
 99350K .......... .......... .......... .......... .......... 73%  531K 54s
 99400K .......... .......... .......... .......... .......... 73%  528K 53s
 99450K .......... .......... .......... .......... .......... 73%  448K 53s
 99500K .......... .......... .......... .......... .......... 73%  526K 53s
 99550K .......... .......... .......... .......... .......... 73%  448K 53s
 99600K .......... .......... .......... .......... .......... 73%  521K 53s
 99650K .......... .......... .......... .......... .......... 73%  518K 53s
 99700K .......... .......... .......... .......... .......... 73%  445K 53s
 99750K .......... .......... .......... .......... .......... 73%  514K 53s
 99800K .......... .......... .......... .......... .......... 73%  440K 53s
 99850K .......... .......... .......... .......... .......... 73%  511K 53s
 99900K .......... .......... .......... .......... .......... 73%  508K 53s
 99950K .......... .......... .......... .......... .......... 73%  437K 53s
100000K .......... .......... .......... .......... .......... 73%  509K 53s
100050K .......... .......... .......... .......... .......... 73%  432K 53s
100100K .......... .......... .......... .......... .......... 73%  505K 53s
100150K .......... .......... .......... .......... .......... 73%  502K 52s
100200K .......... .......... .......... .......... .......... 73%  427K 52s
100250K .......... .......... .......... .......... .......... 73%  497K 52s
100300K .......... .......... .......... .......... .......... 74%  426K 52s
100350K .......... .......... .......... .......... .......... 74%  492K 52s
100400K .......... .......... .......... .......... .......... 74%  495K 52s
100450K .......... .......... .......... .......... .......... 74%  420K 52s
100500K .......... .......... .......... .......... .......... 74%  490K 52s
100550K .......... .......... .......... .......... .......... 74%  418K 52s
100600K .......... .......... .......... .......... .......... 74%  487K 52s
100650K .......... .......... .......... .......... .......... 74%  483K 52s
100700K .......... .......... .......... .......... .......... 74%  415K 52s
100750K .......... .......... .......... .......... .......... 74%  481K 52s
100800K .......... .......... .......... .......... .......... 74%  411K 52s
100850K .......... .......... .......... .......... .......... 74%  471K 52s
100900K .......... .......... .......... .......... .......... 74%  458K 52s
100950K .......... .......... .......... .......... .......... 74%  406K 52s
101000K .......... .......... .......... .......... .......... 74%  476K 51s
101050K .......... .......... .......... .......... .......... 74%  404K 51s
101100K .......... .......... .......... .......... .......... 74%  470K 51s
101150K .......... .......... .......... .......... .......... 74%  468K 51s
101200K .......... .......... .......... .......... .......... 74%  402K 51s
101250K .......... .......... .......... .......... .......... 74%  465K 51s
101300K .......... .......... .......... .......... .......... 74%  399K 51s
101350K .......... .......... .......... .......... .......... 74%  465K 51s
101400K .......... .......... .......... .......... .......... 74%  460K 51s
101450K .......... .......... .......... .......... .......... 74%  394K 51s
101500K .......... .......... .......... .......... .......... 74%  456K 51s
101550K .......... .......... .......... .......... .......... 74%  390K 51s
101600K .......... .......... .......... .......... .......... 74%  454K 51s
101650K .......... .......... .......... .......... .......... 75%  455K 51s
101700K .......... .......... .......... .......... .......... 75%  389K 51s
101750K .......... .......... .......... .......... .......... 75%  450K 51s
101800K .......... .......... .......... .......... .......... 75%  384K 50s
101850K .......... .......... .......... .......... .......... 75%  451K 50s
101900K .......... .......... .......... .......... .......... 75%  447K 50s
101950K .......... .......... .......... .......... .......... 75%  381K 50s
102000K .......... .......... .......... .......... .......... 75%  445K 50s
102050K .......... .......... .......... .......... .......... 75%  380K 50s
102100K .......... .......... .......... .......... .......... 75%  442K 50s
102150K .......... .......... .......... .......... .......... 75%  437K 50s
102200K .......... .......... .......... .......... .......... 75%  376K 50s
102250K .......... .......... .......... .......... .......... 75%  436K 50s
102300K .......... .......... .......... .......... .......... 75%  342K 50s
102350K .......... .......... .......... .......... .......... 75%  435K 50s
102400K .......... .......... .......... .......... .......... 75%  433K 50s
102450K .......... .......... .......... .......... .......... 75%  370K 50s
102500K .......... .......... .......... .......... .......... 75%  527K 50s
102550K .......... .......... .......... .......... .......... 75% 1.21M 50s
102600K .......... .......... .......... .......... .......... 75% 1.39M 49s
102650K .......... .......... .......... .......... .......... 75% 1.35M 49s
102700K .......... .......... .......... .......... .......... 75% 1.22M 49s
102750K .......... .......... .......... .......... .......... 75% 1.40M 49s
102800K .......... .......... .......... .......... .......... 75% 1.19M 49s
102850K .......... .......... .......... .......... .......... 75% 1.39M 49s
102900K .......... .......... .......... .......... .......... 75% 1.26M 49s
102950K .......... .......... .......... .......... .......... 75% 1.18M 49s
103000K .......... .......... .......... .......... .......... 76% 1.34M 49s
103050K .......... .......... .......... .......... .......... 76% 1.13M 49s
103100K .......... .......... .......... .......... .......... 76% 1.31M 49s
103150K .......... .......... .......... .......... .......... 76% 1.31M 48s
103200K .......... .......... .......... .......... .......... 76% 1.09M 48s
103250K .......... .......... .......... .......... .......... 76% 1.27M 48s
103300K .......... .......... .......... .......... .......... 76% 1.09M 48s
103350K .......... .......... .......... .......... .......... 76% 1.26M 48s
103400K .......... .......... .......... .......... .......... 76% 1.25M 48s
103450K .......... .......... .......... .......... .......... 76% 1.05M 48s
103500K .......... .......... .......... .......... .......... 76% 1.23M 48s
103550K .......... .......... .......... .......... .......... 76% 1.04M 48s
103600K .......... .......... .......... .......... .......... 76% 1.19M 48s
103650K .......... .......... .......... .......... .......... 76% 1.20M 48s
103700K .......... .......... .......... .......... .......... 76% 1.02M 48s
103750K .......... .......... .......... .......... .......... 76% 1.17M 47s
103800K .......... .......... .......... .......... .......... 76% 1020K 47s
103850K .......... .......... .......... .......... .......... 76% 1.15M 47s
103900K .......... .......... .......... .......... .......... 76% 1.13M 47s
103950K .......... .......... .......... .......... .......... 76% 1009K 47s
104000K .......... .......... .......... .......... .......... 76% 1.12M 47s
104050K .......... .......... .......... .......... .......... 76%  974K 47s
104100K .......... .......... .......... .......... .......... 76%  969K 47s
104150K .......... .......... .......... .......... .......... 76% 1.03M 47s
104200K .......... .......... .......... .......... .......... 76%  962K 47s
104250K .......... .......... .......... .......... .......... 76% 1.07M 47s
104300K .......... .......... .......... .......... .......... 76%  944K 47s
104350K .......... .......... .......... .......... .......... 77% 1.07M 46s
104400K .......... .......... .......... .......... .......... 77% 1.06M 46s
104450K .......... .......... .......... .......... .......... 77%  915K 46s
104500K .......... .......... .......... .......... .......... 77% 1.05M 46s
104550K .......... .......... .......... .......... .......... 77%  913K 46s
104600K .......... .......... .......... .......... .......... 77% 1.02M 46s
104650K .......... .......... .......... .......... .......... 77% 1.02M 46s
104700K .......... .......... .......... .......... .......... 77%  890K 46s
104750K .......... .......... .......... .......... .......... 77% 1011K 46s
104800K .......... .......... .......... .......... .......... 77%  874K 46s
104850K .......... .......... .......... .......... .......... 77% 1019K 46s
104900K .......... .......... .......... .......... .......... 77% 1006K 46s
104950K .......... .......... .......... .......... .......... 77%  856K 46s
105000K .......... .......... .......... .......... .......... 77%  998K 45s
105050K .......... .......... .......... .......... .......... 77%  847K 45s
105100K .......... .......... .......... .......... .......... 77%  977K 45s
105150K .......... .......... .......... .......... .......... 77%  974K 45s
105200K .......... .......... .......... .......... .......... 77%  800K 45s
105250K .......... .......... .......... .......... .......... 77%  971K 45s
105300K .......... .......... .......... .......... .......... 77%  820K 45s
105350K .......... .......... .......... .......... .......... 77%  951K 45s
105400K .......... .......... .......... .......... .......... 77%  942K 45s
105450K .......... .......... .......... .......... .......... 77%  804K 45s
105500K .......... .......... .......... .......... .......... 77%  934K 45s
105550K .......... .......... .......... .......... .......... 77%  788K 45s
105600K .......... .......... .......... .......... .......... 77%  921K 44s
105650K .......... .......... .......... .......... .......... 77%  913K 44s
105700K .......... .......... .......... .......... .......... 78%  782K 44s
105750K .......... .......... .......... .......... .......... 78%  898K 44s
105800K .......... .......... .......... .......... .......... 78%  768K 44s
105850K .......... .......... .......... .......... .......... 78%  891K 44s
105900K .......... .......... .......... .......... .......... 78%  886K 44s
105950K .......... .......... .......... .......... .......... 78%  751K 44s
106000K .......... .......... .......... .......... .......... 78%  879K 44s
106050K .......... .......... .......... .......... .......... 78%  738K 44s
106100K .......... .......... .......... .......... .......... 78%  860K 44s
106150K .......... .......... .......... .......... .......... 78%  861K 44s
106200K .......... .......... .......... .......... .......... 78%  734K 44s
106250K .......... .......... .......... .......... .......... 78%  847K 43s
106300K .......... .......... .......... .......... .......... 78%  723K 43s
106350K .......... .......... .......... .......... .......... 78%  835K 43s
106400K .......... .......... .......... .......... .......... 78%  840K 43s
106450K .......... .......... .......... .......... .......... 78%  709K 43s
106500K .......... .......... .......... .......... .......... 78%  826K 43s
106550K .......... .......... .......... .......... .......... 78%  702K 43s
106600K .......... .......... .......... .......... .......... 78%  614K 43s
106650K .......... .......... .......... .......... .......... 78%  809K 43s
106700K .......... .......... .......... .......... .......... 78%  696K 43s
106750K .......... .......... .......... .......... .......... 78%  790K 43s
106800K .......... .......... .......... .......... .......... 78%  681K 43s
106850K .......... .......... .......... .......... .......... 78%  799K 43s
106900K .......... .......... .......... .......... .......... 78%  787K 42s
106950K .......... .......... .......... .......... .......... 78%  669K 42s
107000K .......... .......... .......... .......... .......... 78%  782K 42s
107050K .......... .......... .......... .......... .......... 79%  664K 42s
107100K .......... .......... .......... .......... .......... 79%  771K 42s
107150K .......... .......... .......... .......... .......... 79%  767K 42s
107200K .......... .......... .......... .......... .......... 79%  649K 42s
107250K .......... .......... .......... .......... .......... 79%  750K 42s
107300K .......... .......... .......... .......... .......... 79%  655K 42s
107350K .......... .......... .......... .......... .......... 79%  753K 42s
107400K .......... .......... .......... .......... .......... 79%  747K 42s
107450K .......... .......... .......... .......... .......... 79%  637K 42s
107500K .......... .......... .......... .......... .......... 79%  745K 42s
107550K .......... .......... .......... .......... .......... 79%  631K 41s
107600K .......... .......... .......... .......... .......... 79%  730K 41s
107650K .......... .......... .......... .......... .......... 79%  731K 41s
107700K .......... .......... .......... .......... .......... 79%  622K 41s
107750K .......... .......... .......... .......... .......... 79%  717K 41s
107800K .......... .......... .......... .......... .......... 79%  620K 41s
107850K .......... .......... .......... .......... .......... 79%  715K 41s
107900K .......... .......... .......... .......... .......... 79%  711K 41s
107950K .......... .......... .......... .......... .......... 79%  602K 41s
108000K .......... .......... .......... .......... .......... 79%  710K 41s
108050K .......... .......... .......... .......... .......... 79%  600K 41s
108100K .......... .......... .......... .......... .......... 79%  697K 41s
108150K .......... .......... .......... .......... .......... 79%  694K 41s
108200K .......... .......... .......... .......... .......... 79%  591K 41s
108250K .......... .......... .......... .......... .......... 79%  686K 40s
108300K .......... .......... .......... .......... .......... 79%  585K 40s
108350K .......... .......... .......... .......... .......... 79%  681K 40s
108400K .......... .......... .......... .......... .......... 80%  680K 40s
108450K .......... .......... .......... .......... .......... 80%  578K 40s
108500K .......... .......... .......... .......... .......... 80%  672K 40s
108550K .......... .......... .......... .......... .......... 80%  573K 40s
108600K .......... .......... .......... .......... .......... 80%  665K 40s
108650K .......... .......... .......... .......... .......... 80%  660K 40s
108700K .......... .......... .......... .......... .......... 80%  568K 40s
108750K .......... .......... .......... .......... .......... 80%  653K 40s
108800K .......... .......... .......... .......... .......... 80%  560K 40s
108850K .......... .......... .......... .......... .......... 80%  653K 40s
108900K .......... .......... .......... .......... .......... 80%  646K 40s
108950K .......... .......... .......... .......... .......... 80%  551K 39s
109000K .......... .......... .......... .......... .......... 80%  643K 39s
109050K .......... .......... .......... .......... .......... 80%  546K 39s
109100K .......... .......... .......... .......... .......... 80%  633K 39s
109150K .......... .......... .......... .......... .......... 80%  634K 39s
109200K .......... .......... .......... .......... .......... 80%  539K 39s
109250K .......... .......... .......... .......... .......... 80%  628K 39s
109300K .......... .......... .......... .......... .......... 80%  536K 39s
109350K .......... .......... .......... .......... .......... 80%  623K 39s
109400K .......... .......... .......... .......... .......... 80%  619K 39s
109450K .......... .......... .......... .......... .......... 80%  528K 39s
109500K .......... .......... .......... .......... .......... 80%  617K 39s
109550K .......... .......... .......... .......... .......... 80%  524K 39s
109600K .......... .......... .......... .......... .......... 80%  582K 39s
109650K .......... .......... .......... .......... .......... 80%  628K 38s
109700K .......... .......... .......... .......... .......... 80%  513K 38s
109750K .......... .......... .......... .......... .......... 81%  612K 38s
109800K .......... .......... .......... .......... .......... 81%  513K 38s
109850K .......... .......... .......... .......... .......... 81%  598K 38s
109900K .......... .......... .......... .......... .......... 81%  593K 38s
109950K .......... .......... .......... .......... .......... 81%  504K 38s
110000K .......... .......... .......... .......... .......... 81%  591K 38s
110050K .......... .......... .......... .......... .......... 81%  503K 38s
110100K .......... .......... .......... .......... .......... 81%  585K 38s
110150K .......... .......... .......... .......... .......... 81%  581K 38s
110200K .......... .......... .......... .......... .......... 81%  498K 38s
110250K .......... .......... .......... .......... .......... 81%  579K 38s
110300K .......... .......... .......... .......... .......... 81%  492K 38s
110350K .......... .......... .......... .......... .......... 81%  572K 37s
110400K .......... .......... .......... .......... .......... 81%  574K 37s
110450K .......... .......... .......... .......... .......... 81%  486K 37s
110500K .......... .......... .......... .......... .......... 81%  566K 37s
110550K .......... .......... .......... .......... .......... 81%  484K 37s
110600K .......... .......... .......... .......... .......... 81%  562K 37s
110650K .......... .......... .......... .......... .......... 81%  562K 37s
110700K .......... .......... .......... .......... .......... 81%  479K 37s
110750K .......... .......... .......... .......... .......... 81%  548K 37s
110800K .......... .......... .......... .......... .......... 81%  473K 37s
110850K .......... .......... .......... .......... .......... 81%  552K 37s
110900K .......... .......... .......... .......... .......... 81%  549K 37s
110950K .......... .......... .......... .......... .......... 81%  469K 37s
111000K .......... .......... .......... .......... .......... 81%  546K 37s
111050K .......... .......... .......... .......... .......... 81%  466K 36s
111100K .......... .......... .......... .......... .......... 82%  541K 36s
111150K .......... .......... .......... .......... .......... 82%  541K 36s
111200K .......... .......... .......... .......... .......... 82%  459K 36s
111250K .......... .......... .......... .......... .......... 82%  537K 36s
111300K .......... .......... .......... .......... .......... 82%  458K 36s
111350K .......... .......... .......... .......... .......... 82%  532K 36s
111400K .......... .......... .......... .......... .......... 82%  529K 36s
111450K .......... .......... .......... .......... .......... 82%  452K 36s
111500K .......... .......... .......... .......... .......... 82%  523K 36s
111550K .......... .......... .......... .......... .......... 82%  449K 36s
111600K .......... .......... .......... .......... .......... 82%  522K 36s
111650K .......... .......... .......... .......... .......... 82%  520K 36s
111700K .......... .......... .......... .......... .......... 82%  444K 36s
111750K .......... .......... .......... .......... .......... 82%  517K 35s
111800K .......... .......... .......... .......... .......... 82%  441K 35s
111850K .......... .......... .......... .......... .......... 82%  513K 35s
111900K .......... .......... .......... .......... .......... 82%  509K 35s
111950K .......... .......... .......... .......... .......... 82%  438K 35s
112000K .......... .......... .......... .......... .......... 82%  508K 35s
112050K .......... .......... .......... .......... .......... 82%  433K 35s
112100K .......... .......... .......... .......... .......... 82%  504K 35s
112150K .......... .......... .......... .......... .......... 82%  503K 35s
112200K .......... .......... .......... .......... .......... 82%  424K 35s
112250K .......... .......... .......... .......... .......... 82%  499K 35s
112300K .......... .......... .......... .......... .......... 82%  428K 35s
112350K .......... .......... .......... .......... .......... 82%  494K 35s
112400K .......... .......... .......... .......... .......... 82%  493K 35s
112450K .......... .......... .......... .......... .......... 82%  422K 35s
112500K .......... .......... .......... .......... .......... 83%  492K 34s
112550K .......... .......... .......... .......... .......... 83%  419K 34s
112600K .......... .......... .......... .......... .......... 83%  487K 34s
112650K .......... .......... .......... .......... .......... 83%  486K 34s
112700K .......... .......... .......... .......... .......... 83%  414K 34s
112750K .......... .......... .......... .......... .......... 83%  483K 34s
112800K .......... .......... .......... .......... .......... 83%  412K 34s
112850K .......... .......... .......... .......... .......... 83%  480K 34s
112900K .......... .......... .......... .......... .......... 83%  474K 34s
112950K .......... .......... .......... .......... .......... 83%  406K 34s
113000K .......... .......... .......... .......... .......... 83%  478K 34s
113050K .......... .......... .......... .......... .......... 83%  405K 34s
113100K .......... .......... .......... .......... .......... 83%  470K 34s
113150K .......... .......... .......... .......... .......... 83%  470K 34s
113200K .......... .......... .......... .......... .......... 83%  402K 34s
113250K .......... .......... .......... .......... .......... 83%  466K 33s
113300K .......... .......... .......... .......... .......... 83%  399K 33s
113350K .......... .......... .......... .......... .......... 83%  465K 33s
113400K .......... .......... .......... .......... .......... 83%  462K 33s
113450K .......... .......... .......... .......... .......... 83%  394K 33s
113500K .......... .......... .......... .......... .......... 83%  460K 33s
113550K .......... .......... .......... .......... .......... 83%  390K 33s
113600K .......... .......... .......... .......... .......... 83%  456K 33s
113650K .......... .......... .......... .......... .......... 83%  455K 33s
113700K .......... .......... .......... .......... .......... 83%  388K 33s
113750K .......... .......... .......... .......... .......... 83%  451K 33s
113800K .......... .......... .......... .......... .......... 83%  386K 33s
113850K .......... .......... .......... .......... .......... 84%  450K 33s
113900K .......... .......... .......... .......... .......... 84%  447K 33s
113950K .......... .......... .......... .......... .......... 84%  383K 33s
114000K .......... .......... .......... .......... .......... 84%  445K 32s
114050K .......... .......... .......... .......... .......... 84%  381K 32s
114100K .......... .......... .......... .......... .......... 84%  443K 32s
114150K .......... .......... .......... .......... .......... 84%  439K 32s
114200K .......... .......... .......... .......... .......... 84%  377K 32s
114250K .......... .......... .......... .......... .......... 84%  437K 32s
114300K .......... .......... .......... .......... .......... 84%  375K 32s
114350K .......... .......... .......... .......... .......... 84%  436K 32s
114400K .......... .......... .......... .......... .......... 84%  434K 32s
114450K .......... .......... .......... .......... .......... 84%  371K 32s
114500K .......... .......... .......... .......... .......... 84%  467K 32s
114550K .......... .......... .......... .......... .......... 84% 2.84M 32s
114600K .......... .......... .......... .......... .......... 84% 3.31M 32s
114650K .......... .......... .......... .......... .......... 84% 3.21M 32s
114700K .......... .......... .......... .......... .......... 84% 2.70M 31s
114750K .......... .......... .......... .......... .......... 84% 3.07M 31s
114800K .......... .......... .......... .......... .......... 84% 2.48M 31s
114850K .......... .......... .......... .......... .......... 84% 2.91M 31s
114900K .......... .......... .......... .......... .......... 84% 2.88M 31s
114950K .......... .......... .......... .......... .......... 84% 2.41M 31s
115000K .......... .......... .......... .......... .......... 84% 2.84M 31s
115050K .......... .......... .......... .......... .......... 84% 2.44M 31s
115100K .......... .......... .......... .......... .......... 84% 2.75M 31s
115150K .......... .......... .......... .......... .......... 84% 2.75M 31s
115200K .......... .......... .......... .......... .......... 85% 2.32M 31s
115250K .......... .......... .......... .......... .......... 85% 2.60M 30s
115300K .......... .......... .......... .......... .......... 85% 2.20M 30s
115350K .......... .......... .......... .......... .......... 85% 2.54M 30s
115400K .......... .......... .......... .......... .......... 85% 2.48M 30s
115450K .......... .......... .......... .......... .......... 85% 2.09M 30s
115500K .......... .......... .......... .......... .......... 85% 2.42M 30s
115550K .......... .......... .......... .......... .......... 85% 2.04M 30s
115600K .......... .......... .......... .......... .......... 85% 2.30M 30s
115650K .......... .......... .......... .......... .......... 85% 2.30M 30s
115700K .......... .......... .......... .......... .......... 85% 1.93M 30s
115750K .......... .......... .......... .......... .......... 85% 2.21M 30s
115800K .......... .......... .......... .......... .......... 85% 1.85M 30s
115850K .......... .......... .......... .......... .......... 85% 2.15M 29s
115900K .......... .......... .......... .......... .......... 85% 2.14M 29s
115950K .......... .......... .......... .......... .......... 85% 1.74M 29s
116000K .......... .......... .......... .......... .......... 85% 2.07M 29s
116050K .......... .......... .......... .......... .......... 85% 1.73M 29s
116100K .......... .......... .......... .......... .......... 85% 1.92M 29s
116150K .......... .......... .......... .......... .......... 85% 2.00M 29s
116200K .......... .......... .......... .......... .......... 85% 1.63M 29s
116250K .......... .......... .......... .......... .......... 85% 1.95M 29s
116300K .......... .......... .......... .......... .......... 85% 1.60M 29s
116350K .......... .......... .......... .......... .......... 85% 1.91M 29s
116400K .......... .......... .......... .......... .......... 85% 1.83M 29s
116450K .......... .......... .......... .......... .......... 85% 1.56M 28s
116500K .......... .......... .......... .......... .......... 85% 1.80M 28s
116550K .......... .......... .......... .......... .......... 86% 1.51M 28s
116600K .......... .......... .......... .......... .......... 86% 1.75M 28s
116650K .......... .......... .......... .......... .......... 86% 1.72M 28s
116700K .......... .......... .......... .......... .......... 86% 1.46M 28s
116750K .......... .......... .......... .......... .......... 86% 1.70M 28s
116800K .......... .......... .......... .......... .......... 86% 1.43M 28s
116850K .......... .......... .......... .......... .......... 86% 1.65M 28s
116900K .......... .......... .......... .......... .......... 86% 1.63M 28s
116950K .......... .......... .......... .......... .......... 86% 1.38M 28s
117000K .......... .......... .......... .......... .......... 86% 1.60M 28s
117050K .......... .......... .......... .......... .......... 86% 1.35M 28s
117100K .......... .......... .......... .......... .......... 86% 1.56M 27s
117150K .......... .......... .......... .......... .......... 86% 1.54M 27s
117200K .......... .......... .......... .......... .......... 86% 1.31M 27s
117250K .......... .......... .......... .......... .......... 86% 1.51M 27s
117300K .......... .......... .......... .......... .......... 86% 1.28M 27s
117350K .......... .......... .......... .......... .......... 86% 1.48M 27s
117400K .......... .......... .......... .......... .......... 86% 1.46M 27s
117450K .......... .......... .......... .......... .......... 86% 1.23M 27s
117500K .......... .......... .......... .......... .......... 86% 1.45M 27s
117550K .......... .......... .......... .......... .......... 86% 1.21M 27s
117600K .......... .......... .......... .......... .......... 86% 1.40M 27s
117650K .......... .......... .......... .......... .......... 86% 1.40M 27s
117700K .......... .......... .......... .......... .......... 86% 1.18M 26s
117750K .......... .......... .......... .......... .......... 86% 1.36M 26s
117800K .......... .......... .......... .......... .......... 86% 1.15M 26s
117850K .......... .......... .......... .......... .......... 86% 1.34M 26s
117900K .......... .......... .......... .......... .......... 87% 1.33M 26s
117950K .......... .......... .......... .......... .......... 87% 1.12M 26s
118000K .......... .......... .......... .......... .......... 87% 1.30M 26s
118050K .......... .......... .......... .......... .......... 87% 1.10M 26s
118100K .......... .......... .......... .......... .......... 87% 1.27M 26s
118150K .......... .......... .......... .......... .......... 87% 1.26M 26s
118200K .......... .......... .......... .......... .......... 87% 1.04M 26s
118250K .......... .......... .......... .......... .......... 87% 1.24M 26s
118300K .......... .......... .......... .......... .......... 87% 1.06M 26s
118350K .......... .......... .......... .......... .......... 87% 1.23M 25s
118400K .......... .......... .......... .......... .......... 87% 1.21M 25s
118450K .......... .......... .......... .......... .......... 87% 1.03M 25s
118500K .......... .......... .......... .......... .......... 87% 1.19M 25s
118550K .......... .......... .......... .......... .......... 87% 1.01M 25s
118600K .......... .......... .......... .......... .......... 87% 1.17M 25s
118650K .......... .......... .......... .......... .......... 87% 1.16M 25s
118700K .......... .......... .......... .......... .......... 87% 1010K 25s
118750K .......... .......... .......... .......... .......... 87% 1.13M 25s
118800K .......... .......... .......... .......... .......... 87%  997K 25s
118850K .......... .......... .......... .......... .......... 87% 1.13M 25s
118900K .......... .......... .......... .......... .......... 87% 1.11M 25s
118950K .......... .......... .......... .......... .......... 87%  969K 24s
119000K .......... .......... .......... .......... .......... 87% 1.09M 24s
119050K .......... .......... .......... .......... .......... 87%  952K 24s
119100K .......... .......... .......... .......... .......... 87% 1.08M 24s
119150K .......... .......... .......... .......... .......... 87% 1.07M 24s
119200K .......... .......... .......... .......... .......... 87%  937K 24s
119250K .......... .......... .......... .......... .......... 88% 1.05M 24s
119300K .......... .......... .......... .......... .......... 88%  921K 24s
119350K .......... .......... .......... .......... .......... 88% 1.04M 24s
119400K .......... .......... .......... .......... .......... 88% 1.04M 24s
119450K .......... .......... .......... .......... .......... 88%  896K 24s
119500K .......... .......... .......... .......... .......... 88% 1.02M 24s
119550K .......... .......... .......... .......... .......... 88%  886K 24s
119600K .......... .......... .......... .......... .......... 88% 1.01M 23s
119650K .......... .......... .......... .......... .......... 88% 1021K 23s
119700K .......... .......... .......... .......... .......... 88%  871K 23s
119750K .......... .......... .......... .......... .......... 88%  967K 23s
119800K .......... .......... .......... .......... .......... 88%  817K 23s
119850K .......... .......... .......... .......... .......... 88%  991K 23s
119900K .......... .......... .......... .......... .......... 88%  980K 23s
119950K .......... .......... .......... .......... .......... 88%  840K 23s
120000K .......... .......... .......... .......... .......... 88%  977K 23s
120050K .......... .......... .......... .......... .......... 88%  814K 23s
120100K .......... .......... .......... .......... .......... 88%  976K 23s
120150K .......... .......... .......... .......... .......... 88%  952K 23s
120200K .......... .......... .......... .......... .......... 88%  813K 23s
120250K .......... .......... .......... .......... .......... 88%  936K 22s
120300K .......... .......... .......... .......... .......... 88%  793K 22s
120350K .......... .......... .......... .......... .......... 88%  940K 22s
120400K .......... .......... .......... .......... .......... 88%  920K 22s
120450K .......... .......... .......... .......... .......... 88%  778K 22s
120500K .......... .......... .......... .......... .......... 88%  924K 22s
120550K .......... .......... .......... .......... .......... 88%  780K 22s
120600K .......... .......... .......... .......... .......... 89%  883K 22s
120650K .......... .......... .......... .......... .......... 89%  902K 22s
120700K .......... .......... .......... .......... .......... 89%  755K 22s
120750K .......... .......... .......... .......... .......... 89%  872K 22s
120800K .......... .......... .......... .......... .......... 89%  755K 22s
120850K .......... .......... .......... .......... .......... 89%  876K 22s
120900K .......... .......... .......... .......... .......... 89%  877K 22s
120950K .......... .......... .......... .......... .......... 89%  739K 21s
121000K .......... .......... .......... .......... .......... 89%  852K 21s
121050K .......... .......... .......... .......... .......... 89%  733K 21s
121100K .......... .......... .......... .......... .......... 89%  844K 21s
121150K .......... .......... .......... .......... .......... 89%  845K 21s
121200K .......... .......... .......... .......... .......... 89%  718K 21s
121250K .......... .......... .......... .......... .......... 89%  832K 21s
121300K .......... .......... .......... .......... .......... 89%  710K 21s
121350K .......... .......... .......... .......... .......... 89%  824K 21s
121400K .......... .......... .......... .......... .......... 89%  818K 21s
121450K .......... .......... .......... .......... .......... 89%  697K 21s
121500K .......... .......... .......... .......... .......... 89%  811K 21s
121550K .......... .......... .......... .......... .......... 89%  691K 21s
121600K .......... .......... .......... .......... .......... 89%  800K 20s
121650K .......... .......... .......... .......... .......... 89%  798K 20s
121700K .......... .......... .......... .......... .......... 89%  681K 20s
121750K .......... .......... .......... .......... .......... 89%  785K 20s
121800K .......... .......... .......... .......... .......... 89%  669K 20s
121850K .......... .......... .......... .......... .......... 89%  783K 20s
121900K .......... .......... .......... .......... .......... 89%  775K 20s
121950K .......... .......... .......... .......... .......... 90%  659K 20s
122000K .......... .......... .......... .......... .......... 90%  769K 20s
122050K .......... .......... .......... .......... .......... 90%  653K 20s
122100K .......... .......... .......... .......... .......... 90%  750K 20s
122150K .......... .......... .......... .......... .......... 90%  756K 20s
122200K .......... .......... .......... .......... .......... 90%  644K 20s
122250K .......... .......... .......... .......... .......... 90%  745K 20s
122300K .......... .......... .......... .......... .......... 90% 66.1K 20s
122350K .......... .......... .......... .......... .......... 90% 2.33M 19s
122400K .......... .......... .......... .......... .......... 90% 2.28M 19s
122450K .......... .......... .......... .......... .......... 90% 1.92M 19s
122500K .......... .......... .......... .......... .......... 90% 2.22M 19s
122550K .......... .......... .......... .......... .......... 90% 1.86M 19s
122600K .......... .......... .......... .......... .......... 90%  465K 19s
122650K .......... .......... .......... .......... .......... 90%  127K 19s
122700K .......... .......... .......... .......... .......... 90%  239K 19s
122750K .......... .......... .......... .......... .......... 90%  304K 19s
122800K .......... .......... .......... .......... .......... 90%  356K 19s
122850K .......... .......... .......... .......... .......... 90%  301K 19s
122900K .......... .......... .......... .......... .......... 90%  380K 19s
122950K .......... .......... .......... .......... .......... 90%  262K 19s
123000K .......... .......... .......... .......... .......... 90%  226K 19s
123050K .......... .......... .......... .......... .......... 90%  616K 18s
123100K .......... .......... .......... .......... .......... 90%  279K 18s
123150K .......... .......... .......... .......... .......... 90%  461K 18s
123200K .......... .......... .......... .......... .......... 90%  328K 18s
123250K .......... .......... .......... .......... .......... 90%  383K 18s
123300K .......... .......... .......... .......... .......... 91% 31.8K 18s
123350K .......... .......... .......... .......... .......... 91% 1.28M 18s
123400K .......... .......... .......... .......... .......... 91% 1.02M 18s
123450K .......... .......... .......... .......... .......... 91%  801K 18s
123500K .......... .......... .......... .......... .......... 91% 1.43M 18s
123550K .......... .......... .......... .......... .......... 91% 1.63M 18s
123600K .......... .......... .......... .......... .......... 91% 2.40M 18s
123650K .......... .......... .......... .......... .......... 91%  620K 18s
123700K .......... .......... .......... .......... .......... 91% 2.30M 18s
123750K .......... .......... .......... .......... .......... 91% 2.24M 18s
123800K .......... .......... .......... .......... .......... 91% 1.92M 17s
123850K .......... .......... .......... .......... .......... 91% 2.22M 17s
123900K .......... .......... .......... .......... .......... 91% 1.85M 17s
123950K .......... .......... .......... .......... .......... 91%  118K 17s
124000K .......... .......... .......... .......... .......... 91%  895K 17s
124050K .......... .......... .......... .......... .......... 91% 2.92M 17s
124100K .......... .......... .......... .......... .......... 91% 3.34M 17s
124150K .......... .......... .......... .......... .......... 91% 2.82M 17s
124200K .......... .......... .......... .......... .......... 91% 3.02M 17s
124250K .......... .......... .......... .......... .......... 91%  378K 17s
124300K .......... .......... .......... .......... .......... 91%  368K 17s
124350K .......... .......... .......... .......... .......... 91%  604K 17s
124400K .......... .......... .......... .......... .......... 91%  193K 17s
124450K .......... .......... .......... .......... .......... 91%  694K 17s
124500K .......... .......... .......... .......... .......... 91%  824K 16s
124550K .......... .......... .......... .......... .......... 91%  970K 16s
124600K .......... .......... .......... .......... .......... 91%  708K 16s
124650K .......... .......... .......... .......... .......... 91%  378K 16s
124700K .......... .......... .......... .......... .......... 92%  660K 16s
124750K .......... .......... .......... .......... .......... 92%  973K 16s
124800K .......... .......... .......... .......... .......... 92%  839K 16s
124850K .......... .......... .......... .......... .......... 92%  728K 16s
124900K .......... .......... .......... .......... .......... 92%  441K 16s
124950K .......... .......... .......... .......... .......... 92%  930K 16s
125000K .......... .......... .......... .......... .......... 92% 2.44M 16s
125050K .......... .......... .......... .......... .......... 92% 1.11M 16s
125100K .......... .......... .......... .......... .......... 92%  861K 16s
125150K .......... .......... .......... .......... .......... 92%  436K 15s
125200K .......... .......... .......... .......... .......... 92%  653K 15s
125250K .......... .......... .......... .......... .......... 92%  869K 15s
125300K .......... .......... .......... .......... .......... 92%  865K 15s
125350K .......... .......... .......... .......... .......... 92%  574K 15s
125400K .......... .......... .......... .......... .......... 92%  560K 15s
125450K .......... .......... .......... .......... .......... 92%  867K 15s
125500K .......... .......... .......... .......... .......... 92% 1.05M 15s
125550K .......... .......... .......... .......... .......... 92% 1.10M 15s
125600K .......... .......... .......... .......... .......... 92%  226K 15s
125650K .......... .......... .......... .......... .......... 92%  968K 15s
125700K .......... .......... .......... .......... .......... 92%  350K 15s
125750K .......... .......... .......... .......... .......... 92%  781K 15s
125800K .......... .......... .......... .......... .......... 92% 1003K 15s
125850K .......... .......... .......... .......... .......... 92%  688K 14s
125900K .......... .......... .......... .......... .......... 92% 1.07M 14s
125950K .......... .......... .......... .......... .......... 92% 1.45M 14s
126000K .......... .......... .......... .......... .......... 92% 1.10M 14s
126050K .......... .......... .......... .......... .......... 93%  366K 14s
126100K .......... .......... .......... .......... .......... 93%  356K 14s
126150K .......... .......... .......... .......... .......... 93%  689K 14s
126200K .......... .......... .......... .......... .......... 93%  950K 14s
126250K .......... .......... .......... .......... .......... 93%  958K 14s
126300K .......... .......... .......... .......... .......... 93%  645K 14s
126350K .......... .......... .......... .......... .......... 93%  362K 14s
126400K .......... .......... .......... .......... .......... 93%  769K 14s
126450K .......... .......... .......... .......... .......... 93% 1.23M 14s
126500K .......... .......... .......... .......... .......... 93% 1.16M 13s
126550K .......... .......... .......... .......... .......... 93%  787K 13s
126600K .......... .......... .......... .......... .......... 93%  636K 13s
126650K .......... .......... .......... .......... .......... 93%  425K 13s
126700K .......... .......... .......... .......... .......... 93%  814K 13s
126750K .......... .......... .......... .......... .......... 93%  663K 13s
126800K .......... .......... .......... .......... .......... 93%  439K 13s
126850K .......... .......... .......... .......... .......... 93% 1009K 13s
126900K .......... .......... .......... .......... .......... 93%  435K 13s
126950K .......... .......... .......... .......... .......... 93%  603K 13s
127000K .......... .......... .......... .......... .......... 93%  506K 13s
127050K .......... .......... .......... .......... .......... 93% 1.03M 13s
127100K .......... .......... .......... .......... .......... 93% 1.27M 13s
127150K .......... .......... .......... .......... .......... 93%  894K 13s
127200K .......... .......... .......... .......... .......... 93%  934K 12s
127250K .......... .......... .......... .......... .......... 93%  983K 12s
127300K .......... .......... .......... .......... .......... 93% 1.14M 12s
127350K .......... .......... .......... .......... .......... 93%  881K 12s
127400K .......... .......... .......... .......... .......... 94%  661K 12s
127450K .......... .......... .......... .......... .......... 94% 1.30M 12s
127500K .......... .......... .......... .......... .......... 94%  682K 12s
127550K .......... .......... .......... .......... .......... 94% 1.12M 12s
127600K .......... .......... .......... .......... .......... 94% 1.27M 12s
127650K .......... .......... .......... .......... .......... 94% 1.07M 12s
127700K .......... .......... .......... .......... .......... 94%  915K 12s
127750K .......... .......... .......... .......... .......... 94%  384K 12s
127800K .......... .......... .......... .......... .......... 94%  663K 12s
127850K .......... .......... .......... .......... .......... 94%  341K 11s
127900K .......... .......... .......... .......... .......... 94%  638K 11s
127950K .......... .......... .......... .......... .......... 94% 1.10M 11s
128000K .......... .......... .......... .......... .......... 94% 1.23M 11s
128050K .......... .......... .......... .......... .......... 94% 1007K 11s
128100K .......... .......... .......... .......... .......... 94% 1.16M 11s
128150K .......... .......... .......... .......... .......... 94% 1007K 11s
128200K .......... .......... .......... .......... .......... 94% 1.14M 11s
128250K .......... .......... .......... .......... .......... 94% 1.13M 11s
128300K .......... .......... .......... .......... .......... 94%  653K 11s
128350K .......... .......... .......... .......... .......... 94% 1.16M 11s
128400K .......... .......... .......... .......... .......... 94%  505K 11s
128450K .......... .......... .......... .......... .......... 94%  860K 11s
128500K .......... .......... .......... .......... .......... 94% 1.12M 10s
128550K .......... .......... .......... .......... .......... 94%  943K 10s
128600K .......... .......... .......... .......... .......... 94%  343K 10s
128650K .......... .......... .......... .......... .......... 94%  452K 10s
128700K .......... .......... .......... .......... .......... 94%  392K 10s
128750K .......... .......... .......... .......... .......... 95% 1.04M 10s
128800K .......... .......... .......... .......... .......... 95%  868K 10s
128850K .......... .......... .......... .......... .......... 95%  949K 10s
128900K .......... .......... .......... .......... .......... 95%  918K 10s
128950K .......... .......... .......... .......... .......... 95%  640K 10s
129000K .......... .......... .......... .......... .......... 95% 1.01M 10s
129050K .......... .......... .......... .......... .......... 95%  876K 10s
129100K .......... .......... .......... .......... .......... 95% 1018K 10s
129150K .......... .......... .......... .......... .......... 95%  866K 9s
129200K .......... .......... .......... .......... .......... 95%  994K 9s
129250K .......... .......... .......... .......... .......... 95%  994K 9s
129300K .......... .......... .......... .......... .......... 95%  851K 9s
129350K .......... .......... .......... .......... .......... 95%  984K 9s
129400K .......... .......... .......... .......... .......... 95%  837K 9s
129450K .......... .......... .......... .......... .......... 95%  973K 9s
129500K .......... .......... .......... .......... .......... 95%  965K 9s
129550K .......... .......... .......... .......... .......... 95%  820K 9s
129600K .......... .......... .......... .......... .......... 95%  951K 9s
129650K .......... .......... .......... .......... .......... 95%  814K 9s
129700K .......... .......... .......... .......... .......... 95%  938K 9s
129750K .......... .......... .......... .......... .......... 95%  936K 9s
129800K .......... .......... .......... .......... .......... 95%  797K 9s
129850K .......... .......... .......... .......... .......... 95%  924K 8s
129900K .......... .......... .......... .......... .......... 95%  782K 8s
129950K .......... .......... .......... .......... .......... 95%  912K 8s
130000K .......... .......... .......... .......... .......... 95%  902K 8s
130050K .......... .......... .......... .......... .......... 95%  766K 8s
130100K .......... .......... .......... .......... .......... 96%  901K 8s
130150K .......... .......... .......... .......... .......... 96%  660K 8s
130200K .......... .......... .......... .......... .......... 96%  629K 8s
130250K .......... .......... .......... .......... .......... 96%  617K 8s
130300K .......... .......... .......... .......... .......... 96%  583K 8s
130350K .......... .......... .......... .......... .......... 96%  866K 8s
130400K .......... .......... .......... .......... .......... 96%  729K 8s
130450K .......... .......... .......... .......... .......... 96%  858K 8s
130500K .......... .......... .......... .......... .......... 96%  854K 7s
130550K .......... .......... .......... .......... .......... 96%  606K 7s
130600K .......... .......... .......... .......... .......... 96%  876K 7s
130650K .......... .......... .......... .......... .......... 96%  720K 7s
130700K .......... .......... .......... .......... .......... 96%  829K 7s
130750K .......... .......... .......... .......... .......... 96%  826K 7s
130800K .......... .......... .......... .......... .......... 96%  673K 7s
130850K .......... .......... .......... .......... .......... 96%  626K 7s
130900K .......... .......... .......... .......... .......... 96%  695K 7s
130950K .......... .......... .......... .......... .......... 96%  803K 7s
131000K .......... .......... .......... .......... .......... 96%  812K 7s
131050K .......... .......... .......... .......... .......... 96%  684K 7s
131100K .......... .......... .......... .......... .......... 96%  796K 7s
131150K .......... .......... .......... .......... .......... 96%  678K 6s
131200K .......... .......... .......... .......... .......... 96%  784K 6s
131250K .......... .......... .......... .......... .......... 96%  782K 6s
131300K .......... .......... .......... .......... .......... 96%  664K 6s
131350K .......... .......... .......... .......... .......... 96%  771K 6s
131400K .......... .......... .......... .......... .......... 96%  659K 6s
131450K .......... .......... .......... .......... .......... 97%  759K 6s
131500K .......... .......... .......... .......... .......... 97%  763K 6s
131550K .......... .......... .......... .......... .......... 97%  649K 6s
131600K .......... .......... .......... .......... .......... 97%  753K 6s
131650K .......... .......... .......... .......... .......... 97%  645K 6s
131700K .......... .......... .......... .......... .......... 97%  744K 6s
131750K .......... .......... .......... .......... .......... 97%  743K 6s
131800K .......... .......... .......... .......... .......... 97%  634K 6s
131850K .......... .......... .......... .......... .......... 97%  735K 5s
131900K .......... .......... .......... .......... .......... 97%  624K 5s
131950K .......... .......... .......... .......... .......... 97%  730K 5s
132000K .......... .......... .......... .......... .......... 97%  726K 5s
132050K .......... .......... .......... .......... .......... 97%  616K 5s
132100K .......... .......... .......... .......... .......... 97%  717K 5s
132150K .......... .......... .......... .......... .......... 97%  611K 5s
132200K .......... .......... .......... .......... .......... 97%  709K 5s
132250K .......... .......... .......... .......... .......... 97%  703K 5s
132300K .......... .......... .......... .......... .......... 97%  604K 5s
132350K .......... .......... .......... .......... .......... 97%  699K 5s
132400K .......... .......... .......... .......... .......... 97%  592K 5s
132450K .......... .......... .......... .......... .......... 97%  698K 5s
132500K .......... .......... .......... .......... .......... 97%  686K 4s
132550K .......... .......... .......... .......... .......... 97%  585K 4s
132600K .......... .......... .......... .......... .......... 97%  685K 4s
132650K .......... .......... .......... .......... .......... 97%  583K 4s
132700K .......... .......... .......... .......... .......... 97%  675K 4s
132750K .......... .......... .......... .......... .......... 97%  669K 4s
132800K .......... .......... .......... .......... .......... 98%  576K 4s
132850K .......... .......... .......... .......... .......... 98%  667K 4s
132900K .......... .......... .......... .......... .......... 98%  569K 4s
132950K .......... .......... .......... .......... .......... 98%  661K 4s
133000K .......... .......... .......... .......... .......... 98%  658K 4s
133050K .......... .......... .......... .......... .......... 98%  561K 4s
133100K .......... .......... .......... .......... .......... 98%  653K 4s
133150K .......... .......... .......... .......... .......... 98%  553K 3s
133200K .......... .......... .......... .......... .......... 98%  650K 3s
133250K .......... .......... .......... .......... .......... 98%  644K 3s
133300K .......... .......... .......... .......... .......... 98%  549K 3s
133350K .......... .......... .......... .......... .......... 98%  638K 3s
133400K .......... .......... .......... .......... .......... 98%  537K 3s
133450K .......... .......... .......... .......... .......... 98%  633K 3s
133500K .......... .......... .......... .......... .......... 98%  630K 3s
133550K .......... .......... .......... .......... .......... 98%  534K 3s
133600K .......... .......... .......... .......... .......... 98%  627K 3s
133650K .......... .......... .......... .......... .......... 98%  534K 3s
133700K .......... .......... .......... .......... .......... 98%  617K 3s
133750K .......... .......... .......... .......... .......... 98%  616K 3s
133800K .......... .......... .......... .......... .......... 98%  526K 3s
133850K .......... .......... .......... .......... .......... 98%  611K 2s
133900K .......... .......... .......... .......... .......... 98%  521K 2s
133950K .......... .......... .......... .......... .......... 98%  606K 2s
134000K .......... .......... .......... .......... .......... 98%  605K 2s
134050K .......... .......... .......... .......... .......... 98%  514K 2s
134100K .......... .......... .......... .......... .......... 98%  599K 2s
134150K .......... .......... .......... .......... .......... 99%  511K 2s
134200K .......... .......... .......... .......... .......... 99%  591K 2s
134250K .......... .......... .......... .......... .......... 99%  586K 2s
134300K .......... .......... .......... .......... .......... 99%  504K 2s
134350K .......... .......... .......... .......... .......... 99%  587K 2s
134400K .......... .......... .......... .......... .......... 99%  500K 2s
134450K .......... .......... .......... .......... .......... 99%  582K 2s
134500K .......... .......... .......... .......... .......... 99%  581K 1s
134550K .......... .......... .......... .......... .......... 99%  482K 1s
134600K .......... .......... .......... .......... .......... 99%  589K 1s
134650K .......... .......... .......... .......... .......... 99%  492K 1s
134700K .......... .......... .......... .......... .......... 99%  567K 1s
134750K .......... .......... .......... .......... .......... 99%  564K 1s
134800K .......... .......... .......... .......... .......... 99%  485K 1s
134850K .......... .......... .......... .......... .......... 99%  565K 1s
134900K .......... .......... .......... .......... .......... 99%  481K 1s
134950K .......... .......... .......... .......... .......... 99%  557K 1s
135000K .......... .......... .......... .......... .......... 99%  561K 1s
135050K .......... .......... .......... .......... .......... 99%  472K 1s
135100K .......... .......... .......... .......... .......... 99%  551K 1s
135150K .......... .......... .......... .......... .......... 99%  468K 1s
135200K .......... .......... .......... .......... .......... 99%  552K 0s
135250K .......... .......... .......... .......... .......... 99%  546K 0s
135300K .......... .......... .......... .......... .......... 99%  466K 0s
135350K .......... .......... .......... .......... .......... 99%  544K 0s
135400K .......... .......... .......... .......... .......... 99%  457K 0s
135450K .......... .......... .......... .......... .......... 99%  537K 0s
135500K .......... .......... .......... .......... ....      100%  480K=3m23s

2026-05-31 19:27:18 (668 KB/s) - ‘data/expression_raw/GSE73461/GSE73461_GEOupload_Discovery_Dataset_Raw_Sept_15_n_459.txt.gz’ saved [138797790/138797790]

